n:final sigma_1 z2:180.0 z1:1008.0 data:pos,3.960806567415978,1.089001531863636,"(3.6462176541637903, 4.001578304855183, 2.9038476716779646, 5.006256469274536, 4.61403801971574, 3.154341212255344, 3.896379643445016, 3.7433479399806444, 2.9263206392579026, 4.971088619782583, 2.8947894580790283, 5.039906820188208, 4.316777586466465, 3.3710010146603246, 3.0578667409400357, 4.743188774008174, 2.457489727423329, 5.933995703434268, 2.530216896910762, 5.752957411665824, 4.1874146740731435, 3.48032269855234, 3.1763602760345764, 4.590957267207144, 3.546643105646062, 4.119599043667066, 5.134844293691273, 2.8409731614294333, 3.436446360441471, 4.2513408732008235, 4.872320351007197, 2.999445840785777, 2.7414424102688093, 5.309688324085327, 5.825015294714897, 2.502298974918145, 4.974362085342357, 2.922050974315049, 2.1828572008577356, 6.663871637773566, 4.117124495054416, 3.5537555074503206, 6.13083623489481, 2.385724920748006, 3.147925903444899, 4.637023114450757, 4.446459291663828, 3.2787511678911945, 3.8296152199684124, 3.7932513590349615)"
n:final sigma_2 z2:180.0 z1:1008.0 data:pos,6.99185930404219,1.216700430467918,"(5.138708989358069, 9.245252130494338, 7.95514342868596, 5.968742081889236, 6.829631425666168, 6.95326441209738, 5.1717884538586665, 9.183894058675799, 5.437819989092442, 8.721931700857557, 7.563719450115232, 6.279335526039752, 7.120552540665219, 6.661872293923814, 6.646375449542326, 7.089319153717292, 6.172649708469022, 7.693317506574483, 7.767956041244439, 6.11478688586486, 8.31068714377004, 5.708267159618037, 7.024631066747191, 6.760432154435803, 6.434186773387864, 7.38765923965618, 7.234439315050971, 6.565349529205969, 5.997977312304233, 7.921755957637164, 7.4418428029616885, 6.387218419603481, 6.540816454220071, 7.248116095730057, 7.531200081965908, 6.304940361666773, 5.041673908445967, 9.397979638263822, 9.147768153718632, 5.186206129261378, 6.029770812652634, 7.88695417673759, 7.750900626153612, 6.136785843356575, 4.8461715718937315, 9.798251457767051, 6.721678967546436, 7.062972092802944, 5.590403251754223, 8.479867476961333)"
n:final sigma_3 z2:180.0 z1:1008.0 data:pos,8.93140730403567,1.1873197625844283,"(8.814402826295881, 8.901326973613543, 8.201467203165363, 9.561146536537187, 9.31053718145511, 8.4210109803273, 9.496524710239107, 8.261634493911366, 9.300455939120852, 8.42982932316283, 10.215983787423363, 7.6785477102144775, 8.440062567520636, 9.287854747419168, 8.675052689480461, 9.021602305915273, 6.9195612813221254, 11.337234832920249, 9.965712312175073, 7.873998342386121, 7.567186853124006, 10.365893983602325, 9.415601739717797, 8.33257877215275, 7.967611996670019, 9.850664947390896, 7.547689087006794, 10.394354487497129, 8.687668097544524, 9.031306540436411, 8.308049394044971, 9.445974635341642, 8.193085961753503, 9.561691367411722, 10.7208597910931, 7.316123816152593, 8.599522370019649, 9.113629551904591, 6.019489329076463, 13.003991306011972, 8.545185702770091, 9.186903531473137, 7.5599049901299615, 10.384793708471255, 9.59957352413914, 8.172925062881854, 8.021048194561645, 9.78043312730843, 8.147393030174285, 9.615283557315239)"
n:final sigma_4 z2:180.0 z1:1008.0 data:pos,40.00469008501046,0.9966222290962328,"(39.362335276333376, 40.632956159123886, 39.85564734023799, 40.1294140838464, 39.81088718928143, 40.17498336681523, 39.921601283540895, 40.06387480169993, 42.33729165199197, 37.77757786240178, 39.93365795758917, 40.0514397237365, 40.138005800936774, 39.847026250400084, 40.153358675006736, 39.83204247996927, 40.24725657929693, 39.739442892645314, 40.14587431503893, 39.840079571568744, 41.52235621802809, 38.519384378207846, 39.673094819836656, 40.31462565214702, 38.95186466751438, 41.06156179218469, 39.95394245888043, 40.0314711869062, 41.79764173388581, 38.26544800778615, 39.55295298641984, 40.43748369958352, 39.49016573463, 40.501066947309596, 41.50757510101276, 38.5330835065875, 40.36355331891681, 39.62478063129872, 39.78989951830129, 40.195130999369816, 41.193762706253274, 38.82658699004787, 40.26687505073655, 39.720192432840705, 39.16982907216274, 40.83270785471726, 38.347964045801696, 41.708027133028146, 38.01615919634614, 42.070563148320524)"
n:final sigma_5 z2:180.0 z1:1008.0 data:pos,19.99664030221574,1.7977396902204048,"(21.274048631105632, 18.64944942149201, 19.55723245870964, 20.28448672476732, 19.557558941133557, 20.285615348594376, 15.427436401330468, 25.717512301967016, 20.39418215206791, 19.45362168480778, 19.190938912120412, 20.67346858387934, 21.030318411791253, 18.86402549919072, 18.63983716255305, 21.282634002531157, 18.714296758057866, 21.199922173721827, 21.027038084094677, 18.868905549992512, 20.880665055206617, 19.001092390070973, 22.799041568625455, 17.401830580815034, 19.322291548918102, 20.53410616282785, 17.86587096511521, 22.20734278277379, 17.589001119972743, 22.555682965419415, 19.905182331244518, 19.932579073851546, 16.825025280163523, 23.57969743350113, 20.43202873339595, 19.41825899500761, 20.07245868777125, 19.76515983128734, 18.66255209438152, 21.254158939677346, 19.537381906810033, 20.307305409741318, 18.297038778482737, 21.683358474243946, 20.267251314726625, 19.575694159196885, 22.792618893265853, 17.40723287017028, 20.76224854714312, 19.105329013070605)"
n:final sigma_6 z2:180.0 z1:1008.0 data:pos,7.705610126814324,2.418454743036649,"(7.794607606830309, 6.945595444782276, 7.940147345161141, 6.8144360354400195, 5.937323422343479, 9.11370112096562, 11.70428412561775, 4.624584380376642, 9.986696783497095, 5.416268190801155, 6.882896654226149, 7.864428506818232, 4.759203420430927, 11.361004107841008, 6.268706500053689, 8.605542493900685, 6.778653502244832, 7.9850066196271525, 6.754240656682082, 8.015125675341672, 9.23233854425702, 5.860487874747233, 7.321767453397608, 7.393277697115664, 11.407284920287855, 4.747503024519918, 8.329539210807816, 6.499194520260418, 8.32679416640766, 6.501495491175686, 5.665226883446514, 9.55995101424726, 5.822106651185952, 9.287369739041395, 4.954949371247112, 10.920310131871426, 8.796854047357353, 6.146516801553063, 3.3665596291809923, 16.01773092300622, 4.842530089309843, 11.187383785158111, 5.22362671499582, 10.373599676772855, 8.221874405260188, 6.584869777377516, 5.606885178199328, 9.652085292039203, 4.944021180430799, 10.933919553076588)"
n:final sigma_7 z2:180.0 z1:1008.0 data:pos,10.478923244873043,1.8836437588751898,"(8.292087643871293, 12.830994682651548, 12.03861093930526, 8.834158260795027, 12.813478204063346, 8.302755724977814, 13.859267514641553, 7.676248880428664, 7.852408369559577, 13.545158127129318, 11.947568752314833, 8.904295455520211, 12.65364087004933, 8.40526395243329, 12.337209280211201, 8.615818580555711, 12.838831817449542, 8.286307702108177, 8.977215186321299, 11.852400891020412, 8.734240618209022, 12.180796341043152, 10.683185966546898, 9.958776500271123, 8.62016252418395, 12.344725069267822, 11.097985814375514, 9.586758695809388, 9.173041821288317, 11.597439144603442, 10.41351187053462, 10.217838520365305, 13.367181213177885, 7.956446301585004, 10.548174994121393, 10.085443110580803, 10.572743578966852, 10.059122156083795, 14.494147373213384, 7.337257903850876, 9.479001019732852, 11.226653441660659, 11.51349080215966, 9.2432244322085, 11.665752171819415, 9.119697390334077, 12.983219675113862, 8.194674935450259, 10.57292000432794, 10.054828017358927)"
n:final sigma_8 z2:180.0 z1:1008.0 data:pos,14.007541668871937,2.0043835857284753,"(15.142900325898028, 12.702923806056836, 14.567134959824516, 13.197192187709504, 17.98778075655143, 10.693352156774056, 11.745078549583452, 16.379175093627484, 12.742622035540688, 15.093450125278524, 11.493201240357173, 16.73520932319486, 16.947851374263966, 11.346358475566003, 12.359737141957709, 15.550846929392858, 14.497985749597063, 13.2669639377643, 12.197685735890683, 15.772130318163157, 16.037839738823436, 11.994453753817444, 14.300085307419604, 13.451221072295953, 15.37637259311254, 12.511885790963992, 16.003269420315057, 12.020078884502992, 14.88008595466227, 12.925039446438756, 10.038817995292037, 19.1638604362073, 11.0320953442637, 17.431494082261796, 15.827259354824326, 12.153487468693307, 14.842028535293503, 12.957316690338052, 13.293706366022137, 14.459927065865172, 15.997132700784517, 12.026638147007887, 13.643536740476518, 14.099924508846136, 13.279877101099839, 14.48408216353872, 13.622816511023956, 14.12122246583601, 15.877783422233353, 12.104164158344243)"
n:final sigma_9 z2:180.0 z1:1008.0 data:pos,18.01688602899947,1.876043751987933,"(17.804929263655406, 18.041880890221055, 14.025937656661949, 22.89293513404509, 17.490974817809303, 18.36358185514952, 17.78354323577302, 18.064823654287398, 18.65756050487294, 17.215953459341726, 17.43783500709528, 18.420611948766926, 21.33293792050917, 15.053663249308174, 16.846255230611153, 19.058845705011393, 18.807077014024838, 17.079257953173716, 16.083679361350832, 19.974717882432966, 17.95358574720096, 17.89359196736735, 19.38409334065899, 16.571521056591806, 19.731151912474115, 16.28353721401321, 19.293459620392085, 16.650757286696987, 19.928581423169728, 16.115150988154646, 19.31650648395133, 16.632453717978834, 16.700836920974886, 19.2305400385783, 17.526985797526713, 18.32876650299055, 18.99078571976444, 16.91276786028391, 19.909633076629163, 16.119837682928104, 16.2981951271905, 19.711110185731712, 16.199949516651905, 19.82828839529702, 15.480775315505324, 20.749883238909312, 14.36852484957782, 22.35881611833209, 16.601544954683558, 19.335667645666295)"
n:final sigma_10 z2:180.0 z1:1008.0 data:pos,18.599273317078488,2.1080577848252045,"(20.043035553637285, 17.05075273042136, 19.02288677073551, 17.940978983662728, 19.99493056824025, 17.087861444930024, 19.386406788441636, 17.632087690623315, 16.56198605657662, 20.62901082414291, 18.510710322748356, 18.45866724048831, 17.31824158727704, 19.70949865939946, 22.93896813585111, 14.867957389839445, 16.62611684454666, 20.550552314900404, 16.540689819646367, 20.667147345634984, 19.011663673380713, 17.97973769644219, 15.026671041208386, 22.735784004270247, 17.10484332975591, 19.990398517052654, 21.261354442689612, 16.07610195180895, 21.13273226068431, 16.159620162054786, 18.705748000022005, 18.277663395742813, 15.719399544693312, 21.72648921235301, 18.68419129288516, 18.29319493499265, 22.607256259821092, 15.10929581658183, 17.8693143861967, 19.078139818200924, 18.405576860706887, 18.571732687527174, 20.342577823150354, 16.79899328880433, 16.662998887949428, 20.507153660402327, 22.139815734259237, 15.440299353200755, 19.680415128843116, 17.326015616499337)"
n:final sigma_11 z2:180.0 z1:1008.0 data:pos,18.770151108953485,2.43502630964057,"(17.113437798428055, 20.271915922901467, 18.643367690261613, 18.562360677767185, 19.756827277043715, 17.55075482740693, 19.353818287540214, 17.931456246956557, 18.020844350512117, 19.242148756808252, 22.315848195006748, 15.542009659358508, 24.10607851519481, 14.365367651017383, 18.334815858313764, 18.874056326620572, 20.79007687092337, 16.67615376491593, 21.963548546350008, 15.802771111947848, 17.955939258668103, 19.328807870648973, 20.385657877177106, 17.012406953706286, 17.865768620113368, 19.440036231163546, 16.00748232657389, 21.67797832725541, 18.051298222765606, 19.196073269968092, 19.984958800283366, 17.373247539153315, 18.83630040950684, 18.394243306144215, 19.07812047445222, 18.18818466472334, 16.419283905555176, 21.111792749361225, 15.72991085526208, 21.945345092427186, 16.928365183830003, 20.500489218554133, 18.272066352719705, 18.98047422793426, 18.07567217503015, 19.1889606781554, 16.290576651583375, 21.308513002083203, 26.994017732973667, 12.767925134626022)"
n:final sigma_12 z2:180.0 z1:1008.0 data:pos,20.46562275432831,3.765785457355104,"(23.694766965231672, 17.141477461446737, 24.397440440652627, 16.536438653670107, 12.823834723530723, 31.595912494682644, 22.40259367410839, 18.141299351545864, 28.20932435149936, 14.36949002267634, 15.018539821799978, 27.004396348755893, 15.936029063390711, 25.31677021076033, 18.899237637620992, 21.321842762290625, 17.53433847387068, 23.133683241798806, 22.290575502357598, 18.23841024144742, 18.369449857348137, 22.13138090890843, 19.138797623231437, 21.197640170034486, 22.263329131540097, 18.285023661943455, 22.27975912770884, 18.24298624302748, 16.988764311718654, 23.843375437476915, 24.000933293784385, 16.956111556741742, 21.936188621945586, 18.45375300099193, 20.834936197658426, 19.50515022737074, 27.158831748963998, 14.924174292154703, 24.041967927457485, 16.72434667114659, 20.525022504980758, 19.80397064458357, 17.375570535915564, 23.34377314625334, 20.620641422264146, 19.68511393501539, 19.139194382360532, 21.24946381901845, 18.51436286155252, 21.740723010180314)"
n:final sigma_13 z2:180.0 z1:1008.0 data:pos,20.067855699803214,4.897986390020316,"(12.88247675585248, 29.504325486931343, 21.94541694993222, 17.27977102546056, 18.830863042369995, 20.175889472251768, 14.22597152379567, 26.72482420154952, 22.604562446283385, 16.805411916843955, 18.496856451939188, 20.541604521892005, 28.283266237726185, 13.416458875764722, 15.454162240903342, 24.52487929406895, 26.999590149650555, 14.06850277680916, 15.363571557965045, 24.74972519325144, 22.307745353934976, 17.044123869176435, 12.24128259483579, 31.029516805548944, 15.142536903128908, 25.124767269680344, 18.101085902586693, 21.00001042647345, 27.66926712074443, 13.72075886645731, 17.39120593230215, 21.869160551980023, 17.953108449134945, 21.148878607942173, 24.58552702386957, 15.462099436387899, 22.866493165238833, 16.61154132168545, 26.27084270486485, 14.420659051134276, 14.932723491712702, 25.456977372179317, 17.606093140904846, 21.5789466806668, 20.687568930373512, 18.369173386087407, 23.272776953676118, 16.337991541240072, 25.426766817503538, 14.885025197467545)"
n:final sigma_14 z2:180.0 z1:1008.0 data:pos,37.33061817131374,4.7959053485202565,"(33.480699269760336, 40.989367378371504, 35.53923023126179, 38.551822151863384, 35.81729470020914, 38.28905642423563, 28.677999963046826, 47.8605264663055, 47.34846914964439, 28.956750713283085, 46.80154991839343, 29.310184838163384, 34.303891398861744, 39.90907741892204, 32.78788599641319, 41.77446791899079, 35.289085915247625, 38.865886557149395, 36.4028736020119, 37.70761172825164, 33.787479686363476, 40.629492584609984, 42.17305800749445, 32.52604155736099, 38.544091553367444, 35.64246263529747, 35.99133066032747, 38.139829375422075, 41.56807572935829, 32.99391873844421, 49.78218727664536, 27.586903417045644, 41.3192156526669, 33.180956549150196, 33.26313076401894, 41.26765271038928, 35.697234069683965, 38.41390994543721, 40.43268359090794, 33.77597923377978, 39.505550821004924, 34.75152038937419, 35.431069232335226, 38.72227530132065, 36.958857329651906, 37.128269719201555, 36.99536391104458, 37.11065991640883, 42.012795258188774, 32.5351812089988)"
n:final sigma_15 z2:180.0 z1:1008.0 data:pos,99.7610144191525,6.65282349616573,"(101.82703843491696, 97.31437903146679, 110.45756585737841, 89.70513267081745, 105.04540288162835, 94.33016632996726, 98.50652028886604, 100.59530825136912, 92.21643852864257, 107.45267086780424, 101.02221239089371, 98.08760439832086, 112.30159287253525, 88.22988478523305, 109.83862904225077, 90.20862236831344, 103.24168316197495, 95.97864320790245, 109.62532806430274, 90.39304972173204, 105.86718558609282, 93.60174734779888, 97.59696160972987, 101.53037363050034, 105.15635733636951, 94.23764424542311, 91.50298801053205, 108.29542047222867, 101.94619422441896, 97.19915400631955, 103.46988074488935, 95.77230066105025, 108.31979845815799, 91.47696644456738, 95.62617436336261, 103.62539316387776, 95.35195398154346, 103.918851600371, 91.9262052646743, 107.77385166197024, 103.64718303557949, 95.60720371086602, 92.97477099879018, 106.58023431842858, 100.06947180675398, 99.02326847844449, 98.12997919125539, 100.98221889459656, 88.45856660415498, 112.00454794856198)"
n:final sigma_1 z2:180.0 z1:1224.0 data:pos,3.916152304422476,1.047573158358911,"(3.5589646396531864, 4.0245260832824945, 2.944799389617482, 4.84201005944382, 4.459775322884519, 3.2096966191604053, 3.836894406374432, 3.7321350988600215, 2.865209798803093, 4.987460546116345, 2.9229436427743662, 4.899722716795418, 4.2846962389685155, 3.3366563294419436, 3.149776506666023, 4.5410983641235, 2.417301285113832, 5.913248540213291, 2.523430252077591, 5.658030359544218, 4.352984122064979, 3.281529875267251, 3.128706168010696, 4.574397894206165, 3.4744035476415704, 4.123537384262182, 4.904650512864043, 2.919269601946934, 3.4371234115918834, 4.165181438578689, 4.792764621052362, 2.9909296468817472, 2.71352264051377, 5.257321747930711, 5.610704341475193, 2.54829594051593, 4.946236398762307, 2.8903860401623986, 2.197172897606823, 6.513469388742866, 4.005101515104782, 3.5785847053704396, 6.036914079337829, 2.3706416604919807, 3.1345887648977655, 4.565035891393363, 4.293110913537005, 3.3338832093498736, 3.75097259532222, 3.8078180663255794)"
n:final sigma_2 z2:180.0 z1:1224.0 data:pos,6.995618498052155,1.2337706842374019,"(5.120287427420399, 9.281960603557367, 8.026056065083102, 5.913407698310753, 6.760614402001206, 7.025937548201922, 5.15309080227814, 9.219168252599532, 5.407503180834634, 8.774729506204265, 7.617677112275252, 6.238421870267561, 7.141430340395554, 6.648468392651318, 6.730545332759224, 7.043736086057253, 6.136467392183132, 7.731695288850628, 7.801271278972845, 6.087629460536829, 8.46127140589089, 5.604408107735325, 7.023930828022503, 6.763001203649411, 6.4043320382450695, 7.420866897498384, 7.12080910253718, 6.671984049703072, 6.016657055710129, 7.895882563365419, 7.407904681137262, 6.416940663128948, 6.518114711584215, 7.268028099896944, 7.433886085227618, 6.385058523267347, 5.050639929455201, 9.381853387913406, 9.219074778337955, 5.152816282774832, 6.0075636583189125, 7.912396134833488, 7.759309019991247, 6.123755828167392, 4.864477714445869, 9.759011359112822, 6.657898202388006, 7.1275102602953115, 5.566221862276893, 8.525222426255773)"
n:final sigma_3 z2:180.0 z1:1224.0 data:pos,8.970705620702892,1.1904252775114965,"(8.850084074196191, 8.944531723039914, 8.256026653771034, 9.579483247981962, 9.318796370118365, 8.490710278531122, 9.519658966406457, 8.31457963440755, 9.319234911418976, 8.489241582350724, 10.281513610754867, 7.698947937322609, 8.49050353372837, 9.317500647598445, 8.738941544783515, 9.051534262283514, 6.928792788178252, 11.417745418064518, 10.025308156294088, 7.893630682229515, 7.641223712512569, 10.351947252922269, 9.471175808617613, 8.355882051428217, 7.996522878110059, 9.898472017384398, 7.540385745607586, 10.493661070433328, 8.736253543646729, 9.059460798280627, 8.32561167720137, 9.508030277670937, 8.213566043558012, 9.615340684347693, 10.711563423449839, 7.381622846590445, 8.646175330252927, 9.14815485295124, 6.0660767641457225, 13.044371351146095, 8.590596369930722, 9.215169607152935, 7.606454574982259, 10.407181928589297, 9.662917533004746, 8.18889787558425, 8.040547243581509, 9.84201054779088, 8.175825532020605, 9.673415668789918)"
n:final sigma_4 z2:180.0 z1:1224.0 data:pos,40.00096834320989,0.9960762472573735,"(39.35843117171477, 40.62936005857725, 39.84828825904872, 40.12973450227211, 39.810687335023744, 40.167830027400164, 39.91743894581643, 40.06043973005869, 42.334132978246856, 37.77335744166231, 39.92908694667332, 40.04864162716611, 40.13144620269177, 39.84651259661706, 40.14551641035896, 39.832785243630916, 40.24643732982083, 39.73279109553643, 40.14118727780433, 39.83713013355603, 41.51756616537667, 38.51628374884812, 39.6729311530433, 40.307336806170845, 38.95237828970852, 41.05290283623545, 39.95248687023249, 40.02524055953369, 41.7946991488666, 38.26097232637807, 39.55018069247243, 40.4324685349415, 39.49091866862308, 40.49281459246925, 41.50641328793644, 38.526760312164036, 40.36222442936764, 39.61870723407478, 39.786848797553475, 40.19174345073843, 41.19137890407146, 38.821517637530505, 40.26422621370617, 39.71542270923785, 39.170003994442936, 40.824827435901184, 38.34856332152872, 41.699273536775415, 38.01322143584919, 42.06686875303958)"
n:final sigma_5 z2:180.0 z1:1224.0 data:pos,19.979490714495082,1.7962224208373758,"(21.255710232490397, 18.63321163482548, 19.527616704741675, 20.281154765557954, 19.55056572962243, 20.258101393705736, 15.413089076101047, 25.69655549818348, 20.379592170068722, 19.43387293939797, 19.170824194437387, 20.659523941945114, 21.006248432721367, 18.853773705032026, 18.611376442353393, 21.279981369804712, 18.705242833482014, 21.173498408770975, 21.00537858228188, 18.85524797487948, 20.85451003289912, 18.99125682663849, 22.789314251013636, 17.379317608712714, 19.31772281371348, 20.502554784412073, 17.859821868564023, 22.17590547530489, 17.575712011609255, 22.534402299321275, 19.891366753161698, 19.911227983950745, 16.819072121125867, 23.54765648248573, 20.42265981933294, 19.39307287066033, 20.060026895372758, 19.742906602056156, 18.64626604068894, 21.24031618355242, 19.52628633987817, 20.283712678545783, 18.284499430817284, 21.661311457599613, 20.25792125779673, 19.550803079643547, 22.788956859903042, 17.37917085449072, 20.747835894126876, 19.08838211697249)"
n:final sigma_6 z2:180.0 z1:1224.0 data:pos,7.620530525847325,2.3947838067796203,"(7.689239605041508, 6.8839525021558625, 7.902295871119329, 6.690613874093048, 5.825901022600325, 9.082099977823528, 11.54406187766336, 4.585044687333906, 9.83535164016168, 5.377931603289989, 6.8393571927932, 7.739192330235399, 4.713048500779377, 11.221334595787301, 6.252356050675131, 8.456296289919704, 6.670932360775735, 7.9267424735961125, 6.69847172510109, 7.897321789879359, 9.245730133425418, 5.718002927136364, 7.241509645640039, 7.306881118280511, 11.238910813699846, 4.709588837603481, 8.138596720787485, 6.502024863101777, 8.254645775406484, 6.410115110593435, 5.580924032738251, 9.485689900282457, 5.7426579856362165, 9.199257181958119, 4.85113164674553, 10.898514038622471, 8.711411537480341, 6.070086700260013, 3.348446855776933, 15.79868698553519, 4.778733938682063, 11.077737639914222, 5.170181645955586, 10.237845309889206, 8.154658576776093, 6.487793666106144, 5.507380325546088, 9.604710585026433, 4.873053674268806, 10.850072148666209)"
n:final sigma_7 z2:180.0 z1:1224.0 data:pos,10.467873001266563,1.8808880528199285,"(8.284143645492698, 12.816713468715045, 12.028310869288035, 8.823549315611299, 12.785258858621171, 8.30324091581614, 13.833068480082026, 7.675198392678189, 7.83735142507711, 13.543620977417998, 11.938369261470646, 8.893507096342365, 12.64919056068005, 8.391593961748887, 12.328022190762672, 8.61013055588084, 12.815253182699387, 8.283137743164643, 8.969611676776214, 11.835506418948011, 8.733872811997168, 12.153270528800713, 10.683158902471801, 9.937449607243893, 8.618152565997407, 12.319795018583253, 11.075900246166158, 9.5849461966871, 9.169648643190268, 11.578033368041927, 10.397399352689767, 10.211518194055454, 13.349188610152039, 7.950466905001871, 10.519718310058861, 10.090771617952734, 10.564011374687125, 10.046497491450355, 14.49319352108044, 7.324933709039112, 9.478490472107923, 11.201890855966376, 11.511702222912005, 9.22342148469737, 11.664599591590699, 9.10085128732659, 12.971830789453525, 8.183615564353595, 10.562205549421474, 10.048336272877691)"
n:final sigma_8 z2:180.0 z1:1224.0 data:pos,13.993476596410206,2.0058320190604713,"(15.129879407295975, 12.687524748852946, 14.520105327086698, 13.212876464159576, 17.983200426952287, 10.673073695860337, 11.72530168060246, 16.37087715426183, 12.72991481748965, 15.076736033645508, 11.47563580317435, 16.72714274126997, 16.926463530134253, 11.337992417843854, 12.323852427019169, 15.572109701131623, 14.48944184564754, 13.245521807151066, 12.179050664602789, 15.760291772709817, 16.000115541227924, 11.994747991195686, 14.30821140404389, 13.415178725760288, 15.394769266017988, 12.468603282078902, 16.009133128138846, 11.988799078788544, 14.871341978642452, 12.907333287631493, 10.030459420311454, 19.137008766619527, 11.030610350165736, 17.396821003706023, 15.816382199836777, 12.135350117424911, 14.833180701598195, 12.936706920169055, 13.282952878891532, 14.449502434173754, 16.007553864447747, 11.991974655034229, 13.64223598515767, 14.071632397678536, 13.282414005553703, 14.450126591320167, 13.64034022164431, 14.071679276326753, 15.87027495475369, 12.091396925278511)"
n:final sigma_9 z2:180.0 z1:1224.0 data:pos,17.974503460411267,1.8734260965670861,"(17.76312291784319, 17.998222437446397, 13.954986613729986, 22.901827876880915, 17.48017081467569, 18.288271635101072, 17.734859321162258, 18.026754422262904, 18.622134594597227, 17.166272090351473, 17.38390120788589, 18.39052291071039, 21.264366290620476, 15.03222248450964, 16.76398728106462, 19.0678809735061, 18.787275891661267, 17.015580995215192, 16.034575821095324, 19.93821778418622, 17.881794616346173, 17.876777608084986, 19.370126965313027, 16.504901651299683, 19.733449842535954, 16.201224333566522, 19.287448097062967, 16.574683514381373, 19.891011185552856, 16.07203052665496, 19.28220200931563, 16.580186557985556, 16.689844271311383, 19.152280342823016, 17.509054024771217, 18.257878908881633, 18.961059842306835, 16.857314387658985, 19.861369462584392, 16.09497676061149, 16.28052828755833, 19.637809073296022, 16.17339221551402, 19.768158756035366, 15.465588665036261, 20.670627721235856, 14.374167097520395, 22.24048689747421, 16.57165254553518, 19.287992487802708)"
n:final sigma_10 z2:180.0 z1:1224.0 data:pos,18.552128377431178,2.094238464564901,"(19.99539983873212, 17.004002193293438, 18.816878940791494, 18.053094124634086, 20.06241103774952, 16.94371501095633, 19.319275268599426, 17.598332327112093, 16.548563852350323, 20.539531750222782, 18.422708519223804, 18.454504905521524, 17.217694536330416, 19.736029838898144, 22.69456852123131, 14.97096297175543, 16.653161001820106, 20.41096423082424, 16.465280438974958, 20.649021279922714, 18.86802073955567, 18.014435881798857, 15.068662733884379, 22.563202954277017, 17.191313084435848, 19.777589046796574, 21.343767860983142, 15.926621965498219, 21.109821373664932, 16.10422678112997, 18.69127251477132, 18.189983845983193, 15.771813851105355, 21.546616197203914, 18.723573932030817, 18.154714312417514, 22.613299778694117, 15.025017041747558, 17.82361236732758, 19.07011244469137, 18.433113861224726, 18.44692529227356, 20.337876789859063, 16.72109208913153, 16.700479662006906, 20.354890237022996, 22.275267401300386, 15.259564749205703, 19.666591033214676, 17.276838459377984)"
n:final sigma_11 z2:180.0 z1:1224.0 data:pos,18.570578967682152,2.3922329073340833,"(16.933340679463925, 20.052444123242, 18.15794896753216, 18.67342439625573, 19.766363209530958, 17.172580643595907, 19.111458038166127, 17.767274447173275, 17.885056723531605, 18.975422825139095, 21.981304298941776, 15.44622724273746, 23.717875231830632, 14.302807298505567, 17.861685240665693, 18.996028801406464, 20.745564743591103, 16.3581982154634, 21.64449913295427, 15.685489844926698, 17.594822546548354, 19.28735871707144, 20.374078747022537, 16.66517656439263, 17.942791144472437, 18.925676843817676, 16.037063813221152, 21.165832450884484, 17.906474200419822, 18.958413209505476, 19.848165435655677, 17.107147796493397, 18.840878108576444, 18.00308140369438, 19.040227442130966, 17.822235401185306, 16.32903501203129, 20.769832661680017, 15.557164026881129, 21.81399745653706, 16.875944528920115, 20.124846014043733, 18.159750499166677, 18.7036157272086, 18.041418484565156, 18.813880089422806, 16.389499507986265, 20.71209163751692, 26.85835130505531, 12.62510350334662)"
n:final sigma_12 z2:180.0 z1:1224.0 data:pos,19.8878164347247,3.688168716371971,"(23.042540482123087, 16.61926532296539, 22.768032709824826, 16.758181957012773, 12.84723709596788, 29.78607755309843, 21.701908944069626, 17.646846045047845, 27.68365402959037, 13.810417578397038, 14.439912688965395, 26.511514610056167, 15.168975522367575, 25.17605084491151, 17.641239925377523, 21.657125100142668, 17.38177079080303, 22.00047988681233, 21.46127272854331, 17.84339135189853, 17.42607359814669, 21.945894615158053, 19.086634681112283, 20.064677431661885, 22.37137042553779, 17.115653945743492, 22.289333841081557, 17.169219252807405, 16.59620470545996, 23.058236245456083, 23.48433694738963, 16.308736821475083, 22.008553058028024, 17.367946768683776, 20.742206091321094, 18.441299781004073, 26.784992727305877, 14.263433343785103, 23.378473395615142, 16.35972644057074, 20.31075397986289, 18.864538380134405, 17.059310915258713, 22.460368513827508, 20.550957479083703, 18.62115611913056, 19.38380192137341, 19.738107376232065, 18.11021330230246, 21.08271446371059)"
n:final sigma_13 z2:180.0 z1:1224.0 data:pos,19.991627526852803,4.87515646537213,"(12.828497734975892, 29.394522972873364, 21.576513426810337, 17.451521980885186, 18.940942103078388, 19.903664196391844, 14.147203550823374, 26.65740901214163, 22.57892614585676, 16.694395534176206, 18.35541080188371, 20.54264365226034, 28.04641748442577, 13.435499106758181, 15.192590342014773, 24.804612474163864, 27.11194790867248, 13.902715238254135, 15.248304864414768, 24.73095081164314, 22.05052845719312, 17.09449635139344, 12.298577174365656, 30.662670451341786, 15.283298085343667, 24.67758494666554, 18.227456020186295, 20.681788397601338, 27.63447854976657, 13.644507331662833, 17.390678049721238, 21.68417387280911, 18.05572575496707, 20.871438374681972, 24.68181278505234, 15.275792683782749, 22.885357668781044, 16.464687972977192, 26.1537661630042, 14.413044652113756, 14.961881375921669, 25.20899942455265, 17.60192046655912, 21.428333761844247, 20.761938531663137, 18.159268333443592, 23.509707989517683, 16.033434394817387, 25.41798197827132, 14.821357000134247)"
n:final sigma_14 z2:180.0 z1:1224.0 data:pos,36.98993041073716,4.826440064008609,"(33.136047804962544, 40.62018671379715, 34.828303488419145, 38.62689359454531, 35.83168711290233, 37.5665280013546, 28.374676915997572, 47.44180349102282, 47.01864728004558, 28.61510609453736, 46.23740059404994, 29.10473260970234, 33.71799110152954, 39.88831876741646, 32.099987299468836, 41.92910397528214, 35.25193727529601, 38.16802933472122, 35.95620077997132, 37.43807686766203, 33.368615970370854, 40.32114452024475, 42.18077529511812, 31.915176310824812, 38.63705006546985, 34.8441244564526, 35.89473013308353, 37.49862700984664, 41.29576362222666, 32.59237377361599, 49.458260123765726, 27.22071806408634, 41.453247562464675, 32.4587318491475, 33.19255775287758, 40.54768050911925, 35.5920780256502, 37.80061281756034, 40.10661959187833, 33.54814390288372, 39.28051764931968, 34.27566860385896, 35.20174649342951, 38.24353191103869, 36.99656711667772, 36.38228523032462, 37.098535125911724, 36.27964938885996, 41.722209303961876, 32.23711925410382)"
n:final sigma_15 z2:180.0 z1:1224.0 data:pos,99.73171065319386,6.6451634173852705,"(101.79448483043281, 97.28733428687909, 110.38104277636603, 89.71824645376275, 105.04991696799836, 94.27245249325703, 98.47185815464587, 100.57040228046809, 92.19566657987933, 107.41413742944354, 100.9896224199295, 98.06187892003229, 112.22999641690498, 88.23849918073059, 109.76608411504891, 90.22223302181257, 103.2360269017853, 95.92592657594497, 109.58591274304817, 90.37034342717483, 105.83407429426155, 93.57176902454951, 97.60769287096825, 101.46073695711665, 105.17006475802587, 94.16524098504034, 91.48934148605787, 108.24502342587799, 101.92651214190637, 97.1611824291934, 103.44078689181131, 95.73961512388749, 108.34125433353, 91.40572080006146, 95.6197392740089, 103.56910063583489, 95.35182071985378, 103.85888516836206, 91.91464428627546, 107.7427038271269, 103.63530727852891, 95.56008600741085, 92.95921831521056, 106.53496688212194, 100.08727434235652, 98.94632049938889, 98.14434134289937, 100.90567547000195, 88.43609654345329, 111.9782705690251)"
n:final sigma_1 z2:180.0 z1:1404.0 data:pos,4.06415365326526,1.1001033856313531,"(3.737805997985439, 4.1198699552582525, 3.031729758025437, 5.067451135345698, 4.52133879523415, 3.4036442699898473, 3.9864322584852596, 3.861334572784814, 3.092307654345168, 4.966689035898611, 2.9545296482017775, 5.223657429930395, 4.446108729000531, 3.463295666383304, 3.2776385575469584, 4.678915127755345, 2.4259764466517417, 6.343591920970604, 2.600664002058317, 5.905777883890471, 4.297190434821586, 3.580682398985413, 3.3869772731825063, 4.540057610753077, 3.569388612054472, 4.307768092732053, 5.250579516275074, 2.932098132823726, 3.502283934761559, 4.403176836610949, 5.153001438137899, 2.990478165017124, 2.8807507312774514, 5.324393102592845, 5.747261347561048, 2.6755355005838926, 5.156136150937165, 2.98227638838388, 2.226209645617225, 6.915733967030148, 3.9910422434612984, 3.8653490618220565, 6.230741067029777, 2.4730855706365484, 3.3577305033939724, 4.592793655992755, 4.540065737338345, 3.3872176296068233, 4.0649465256090025, 3.773972542491178)"
n:final sigma_2 z2:180.0 z1:1404.0 data:pos,7.08973429862084,1.2291866797850581,"(5.200210890774726, 9.393904075577373, 8.09994895353669, 6.027289975978752, 6.789712466990655, 7.190299264903324, 5.231743347530121, 9.332584144170568, 5.5692190760499996, 8.757287746175283, 7.662353005941966, 6.383847959540384, 7.237011205173856, 6.748628486799585, 6.852715081710971, 7.100289072228726, 6.133760149815402, 7.962652907808032, 7.91169693912871, 6.169950382348758, 8.422440100021323, 5.7936394525268025, 7.246181483290968, 6.730379607174008, 6.443048294953964, 7.576272224433041, 7.319292686193093, 6.673175223914137, 6.045358067997448, 8.08561518619935, 7.6033603403495365, 6.427222193809982, 6.671763176069537, 7.2981074403625845, 7.52711643292789, 6.484542635836121, 5.125228761942659, 9.50498742532752, 9.264777690691606, 5.271327878406292, 5.9871902954414535, 8.166024377632638, 7.850280345426084, 6.225864745759704, 4.994905756464727, 9.786968512826398, 6.8088361587203945, 7.155639814369916, 5.7276768147445045, 8.51438667504447)"
n:final sigma_3 z2:180.0 z1:1404.0 data:pos,9.042334189219371,1.2116349163049216,"(8.912741993635139, 9.020153263679155, 8.302001897947806, 9.679671620323754, 9.360922473269323, 8.585106336480939, 9.600143570627777, 8.372114176425741, 9.4390078387717, 8.513299443869672, 10.347151001518386, 7.775857574758842, 8.548905377404926, 9.40067668793752, 8.825665012152156, 9.095968830990467, 6.943752476086269, 11.574474350297338, 10.122951353787618, 7.937895943670144, 7.6590137750104414, 10.493624107662889, 9.597435285349782, 8.372268999123337, 8.016125339769589, 10.02517286084917, 7.632420962350764, 10.531846685441042, 8.774876920161924, 9.1633148219464, 8.416974222889719, 9.552181366037965, 8.302308773915277, 9.658568184268754, 10.814307884399708, 7.427948958300944, 8.713448499040336, 9.220094318898276, 6.097306180911294, 13.181988493357332, 8.605699056844639, 9.344864427874898, 7.658358253102912, 10.499935303678136, 9.776150192611608, 8.226192463301054, 8.12378378276627, 9.891277448553783, 8.260931455350027, 9.719829213565584)"
n:final sigma_4 z2:180.0 z1:1404.0 data:pos,39.99866256708027,0.9973565502522117,"(39.356062875910574, 40.62711335051616, 39.84675923031509, 40.12669433783617, 39.80678537488151, 40.16700470672552, 39.9165358839846, 40.05666153806778, 42.32826141089739, 37.77431278299016, 39.92867771854471, 40.044314209744144, 40.127495329325264, 39.84571817248044, 40.14401924192663, 39.829449773247234, 40.245131272655414, 39.72937797564169, 40.14032670940389, 39.83315715002535, 41.51805045638007, 38.51145166615809, 39.665594012760124, 40.30984611884611, 38.94458771734857, 41.05639443685263, 39.94762356490009, 40.025448539281584, 41.79616666029814, 38.25511690422729, 39.54700247710895, 40.43093084284602, 39.486813418178016, 40.49244578472883, 41.5059841238975, 38.522677896756576, 40.3581459017101, 39.618163305185476, 39.783297215789354, 40.19058818689707, 41.19137185648991, 38.81688885743266, 40.26305016152076, 39.711953766653, 39.16418250035311, 40.82611192961175, 38.34159371820548, 41.70219863050991, 38.00968081180045, 42.06590784616623)"
n:final sigma_5 z2:180.0 z1:1404.0 data:pos,19.98400866427354,1.7946674606416102,"(21.260404942437223, 18.63783715607972, 19.53399496990226, 20.28446320991246, 19.554554305718785, 20.263521198407346, 15.418843812556137, 25.698885104252266, 20.373778897822728, 19.449077227321965, 19.184465874347364, 20.65460908545139, 21.005798004791888, 18.862788346136078, 18.61760824468565, 21.28250786887674, 18.71345722498754, 21.173935563137924, 21.0171618502884, 18.85306758605462, 20.87296835380131, 18.983646146541396, 22.776501591989984, 17.396875314734565, 19.307683977345242, 20.522992764025727, 17.85402738224269, 22.193831469857354, 17.587618326194857, 22.529440432978692, 19.889043366206025, 19.92256110231111, 16.817393939898274, 23.561314734967375, 20.434341079910357, 19.391139307489002, 20.061819658571146, 19.750577088709615, 18.65022211366918, 21.245615574878997, 19.54015072929025, 20.278513752890323, 18.291628132452416, 21.663078354958035, 20.25182377270589, 19.566014915862144, 22.777925205786516, 17.396171602773137, 20.742833879008327, 19.1019186684581)"
n:final sigma_6 z2:180.0 z1:1404.0 data:pos,7.579850306700802,2.3900891569671274,"(7.654806151456399, 6.836945924409191, 7.840170743764912, 6.672232239469083, 5.754593492786461, 9.09149206110949, 11.49054678112338, 4.553420039281244, 9.883615200689471, 5.291883755173149, 6.7541160821469886, 7.755092191562703, 4.690783384639138, 11.153091414126369, 6.2362372800924915, 8.376316849719977, 6.588926302112326, 7.941135964153361, 6.6477399575533775, 7.867145284996623, 9.068052996302233, 5.768414451693241, 7.280359671838556, 7.18436900940671, 11.151902595723906, 4.69132649803391, 8.190281116392185, 6.3890201687451285, 8.176731730031918, 6.402265176270038, 5.609056497982725, 9.331285684039868, 5.757283536206217, 9.07290702868446, 4.820224265069364, 10.84886330292646, 8.660257950634897, 6.038848804701823, 3.3061477111296087, 15.825536767234187, 4.691912701997907, 11.159020370544127, 5.124297438432626, 10.216083740271877, 8.164944759872208, 6.412631358961766, 5.509689441627651, 9.488167862121808, 4.897067440474316, 10.675274157322162)"
n:final sigma_7 z2:180.0 z1:1404.0 data:pos,10.448807797150193,1.8775897786577211,"(8.265404209192267, 12.798224937105326, 12.000398846672764, 8.813252837831284, 12.749612243614132, 8.29621027232315, 13.811783073519415, 7.658267821472826, 7.8309909946673875, 13.506636685636485, 11.916028053543261, 8.87962511204275, 12.624593361994426, 8.377850822647732, 12.317263824415493, 8.583791934001198, 12.778202450825601, 8.277717810144033, 8.960846196768248, 11.802110296505079, 8.707898730427225, 12.14680676471128, 10.671434346407793, 9.911006506125117, 8.587133441826987, 12.316907931054205, 11.06956323280509, 9.555871095882278, 9.149402039498208, 11.562028996854593, 10.389102880081605, 10.181943869261197, 13.333727115585248, 7.930404305117363, 10.511367133314144, 10.061915028978822, 10.543223172386469, 10.03007488857663, 14.45169263037979, 7.318774283598444, 9.444648936484807, 11.201281422599122, 11.48339555097223, 9.21258179078768, 11.646807029914594, 9.083620435030141, 12.951681461588286, 8.165397353884918, 10.543021226960613, 10.028864471491977)"
n:final sigma_8 z2:180.0 z1:1404.0 data:pos,14.004375535073788,2.0061328400589242,"(15.135482653085319, 12.702090284721747, 14.533039568684543, 13.225334388680306, 17.99305742081476, 10.684352079948487, 11.737827890409577, 16.37781780468228, 12.724250792998625, 15.10870167611988, 11.503985019351452, 16.71432980969609, 16.931088412530812, 11.352633354132964, 12.34214068217071, 15.570681269248292, 14.504585823595939, 13.253490539840268, 12.20748113058192, 15.746252303819274, 16.040767559141113, 11.984558144584534, 14.289803428165591, 13.452241743943324, 15.367627737817926, 12.509471614956707, 16.00195695141177, 12.0140962607626, 14.895877369338724, 12.905892642402756, 10.031268471296864, 19.1649703380862, 11.028129995549588, 17.428453831464495, 15.853261502577794, 12.126052702810671, 14.84051382058013, 12.951384078262173, 13.289118983034651, 14.465202954620876, 16.031810821425697, 11.992557136174137, 13.65305301747553, 14.082476811290272, 13.271917271548254, 14.486680823621588, 13.625010908361306, 14.110192944916284, 15.851429816309745, 12.124374166644715)"
n:final sigma_9 z2:180.0 z1:1404.0 data:pos,17.974412335512408,1.8722225931482133,"(17.7607676561238, 18.000368759874508, 13.959415210030977, 22.897615300017563, 17.478976008772015, 18.289908505440202, 17.743306894319527, 18.017498304133095, 18.586220031476564, 17.201344630290027, 17.41755078722927, 18.35578149844264, 21.244798046969155, 15.045317979700778, 16.7714093644236, 19.057881541845546, 18.800962684743915, 17.002982065671876, 16.05667292420475, 19.908980073006873, 17.927029761154873, 17.832837722852442, 19.312379095213952, 16.552808036365956, 19.67704754635696, 16.247363527063328, 19.246698923114607, 16.610807289234337, 19.92127517286473, 16.046610737733364, 19.256509718934435, 16.601701115883266, 16.66801566131974, 19.177883147040774, 17.53361159738434, 18.232679237626048, 18.952044130541672, 16.865972060998857, 19.859752318576266, 16.095793919665805, 16.308798943053848, 19.602763651937718, 16.181206028845605, 19.758720453788047, 15.434208908320816, 20.71406114730623, 14.335029698862199, 22.304167956696972, 16.538050865566152, 19.327030134600612)"
n:final sigma_10 z2:180.0 z1:1404.0 data:pos,18.47495400065419,2.1014064825099013,"(19.901806189988992, 16.937917914952713, 18.7585628710536, 17.962152910444907, 19.970082744713924, 16.878462625051316, 19.26564090737808, 17.495163846612147, 16.373821439897615, 20.590212432775125, 18.454494487234456, 18.267746737760095, 17.099498441965547, 19.70129273753615, 22.63240386785463, 14.881460386197636, 16.623245272538888, 20.27212560455492, 16.463735025746413, 20.469529353931296, 18.938961578608765, 17.797578842457952, 14.860958194233381, 22.677729768917498, 16.96546581827677, 19.871443076587752, 21.110720701456923, 15.967992536887921, 21.125107832097555, 15.952234759659085, 18.53516260518232, 18.185031971509765, 15.636621560350227, 21.550886677748725, 18.722567299620867, 18.002134312551703, 22.47987988944839, 14.987080302947325, 17.740382493757856, 18.99447077224213, 18.456026848291064, 18.263959630551316, 20.284065330203124, 16.621707056943574, 16.518935288318996, 20.40704490927641, 21.99309033620358, 15.329551093818388, 19.460868910814483, 17.310683835556908)"
n:final sigma_11 z2:180.0 z1:1404.0 data:pos,18.528578837678648,2.3841358704617197,"(16.884707360191054, 20.017513418904457, 18.148879141093264, 18.608945565011133, 19.716131063345195, 17.139951896131837, 19.128396043301542, 17.666377154205087, 17.63355442093456, 19.17180587903792, 22.19035361690054, 15.235396044335738, 23.515349750818537, 14.355740298904564, 17.864165569799795, 18.896614853205513, 20.789132240162818, 16.249622587600978, 21.778095436344383, 15.50816818004932, 17.82917013155505, 18.95418094673655, 19.958901938267275, 16.92648676626227, 17.580727137976137, 19.229072050488067, 15.788985522188591, 21.409433603277584, 18.039093092270114, 18.726867789046487, 19.633463292986647, 17.20985687628558, 18.652762584439305, 18.1039905208145, 19.16165954618015, 17.631818652324192, 16.24303943615845, 20.788738011482796, 15.517142909305614, 21.766781290277407, 17.02537965525043, 19.85070574026618, 18.17887856919565, 18.59936514135977, 17.78085079130395, 19.009646735006882, 16.08166381907938, 21.02925774429549, 26.47346444824529, 12.748656621328413)"
n:final sigma_12 z2:180.0 z1:1404.0 data:pos,19.35613836164861,3.4490231664602518,"(22.369385597740113, 16.2551330607064, 22.37325804778379, 16.226031490416226, 12.4601677906264, 29.161945115713685, 21.25805859910715, 17.098447516482555, 26.13274142113084, 13.911504911454319, 14.46013942824278, 25.147865082061774, 14.687713589140111, 24.685336877529164, 17.318374552485697, 20.93270013552632, 17.165221495071396, 21.153904531156776, 21.2793113990508, 17.063169145862208, 17.64502085791487, 20.601087625573864, 17.74492887960627, 20.46905076331198, 20.97768825627819, 17.338792744492274, 21.077141155779053, 17.253621943522894, 16.586454199473003, 21.89692663850221, 22.51534360937103, 16.140380958035102, 20.931199498701588, 17.345725297361266, 20.554681314926604, 17.678232517544416, 25.850266548758572, 14.04178125295411, 22.674359077458355, 16.009896728877607, 20.29628055287233, 17.912114512229305, 16.758836099342204, 21.714910154133676, 19.32760315955228, 18.81469387290237, 18.11350156625535, 20.10032164351917, 17.151280239091413, 21.14438662680074)"
n:final sigma_13 z2:180.0 z1:1404.0 data:pos,19.95944374157707,4.887743545367048,"(12.79914603545123, 29.354479591584877, 21.576615170770086, 17.39984296534267, 18.89697390241577, 19.87881270196927, 14.15873456582581, 26.534191428463384, 22.30900670399892, 16.843046707431657, 18.49733486621444, 20.31189954553568, 27.85254378338414, 13.475786128324247, 15.194333272710828, 24.70249368121139, 27.17232562884437, 13.821588802603388, 15.320642635032241, 24.515803521306758, 22.295876629418366, 16.849119255781876, 12.083788876127828, 31.07770029269356, 15.027842439342392, 25.009201598595354, 17.993394193685006, 20.8816928611927, 27.819360912831428, 13.499417671811747, 17.23849880565143, 21.79132165606732, 17.90352431503069, 20.975264783783377, 24.804749703489286, 15.145029871646914, 22.779803923778147, 16.482669233897905, 26.094067800018326, 14.390063435846054, 15.07498172650758, 24.920666637867598, 17.62189215667493, 21.32624582052309, 20.504806872622524, 18.322965473799307, 23.138434776680704, 16.239012795561916, 25.129501626694758, 14.935689292809933)"
n:final sigma_14 z2:180.0 z1:1404.0 data:pos,36.931539762486494,4.742554341365307,"(33.11634669937529, 40.54325354156392, 34.81774823999072, 38.54358500027057, 35.67560681302265, 37.62379030212175, 28.478751873474774, 47.14306842839025, 46.55154943218466, 28.84070395495948, 46.483974342474994, 28.873187852631744, 33.41268166377997, 40.13957174778216, 32.121014594817666, 41.776830358872374, 35.281787367221625, 38.03208770339653, 36.10544743922011, 37.17213355674316, 33.61494586386167, 39.93420764863209, 41.52970359174877, 32.31214978185679, 37.87730080294454, 35.454665035071436, 35.522486421268304, 37.79266169826724, 41.66654150088545, 32.20993093926794, 49.13944905294498, 27.31816095820002, 41.23237861960457, 32.55456572750092, 33.378541080912534, 40.221076097648655, 35.39927849113051, 37.91251580235794, 39.99004364287616, 33.552680440738925, 39.54987584240814, 33.94213932978456, 35.29279706063314, 38.04648216633463, 36.62805502321837, 36.65051102269289, 36.51927011480073, 36.781868781697625, 41.47941353608126, 32.340171136659954)"
n:final sigma_15 z2:180.0 z1:1404.0 data:pos,99.6965456959776,6.644593814055995,"(101.76376971127945, 97.24830720946088, 110.34398444954014, 89.68564925212023, 104.99389133329468, 94.25537816424826, 98.45873558779508, 100.5125298421953, 92.14022251912075, 107.40424262090141, 100.9767211580083, 98.00549380621679, 112.15228827270718, 88.23651621563177, 109.73976952840901, 90.17752585648928, 103.20020495290119, 95.89255190507086, 109.57202802162269, 90.31571447649242, 105.82013094158481, 93.51951057809777, 97.52765273218193, 101.46952770808133, 105.04792067348055, 94.20785771318398, 91.43180663520855, 108.23702918377094, 101.92737115404069, 97.09111361904624, 103.39048011184694, 95.71847730085643, 108.29315704072688, 91.38254160199469, 95.61545533199856, 103.50106045046627, 95.30447210920124, 103.83790653319599, 91.87114521864036, 107.71726702831492, 103.62262425814936, 95.50354430796456, 92.9366439799849, 106.48546438456195, 100.0240109150592, 98.93975538261013, 98.05682744979586, 100.92435000050777, 88.39606408802278, 111.95059148279917)"
n:final sigma_1 z2:180.0 z1:1008.0 data:neg,3.9229763171509875,1.0593419189888835,"(3.6146194444713693, 3.974830853003626, 2.866911562735028, 4.9888893243202315, 4.481799121879868, 3.1963403634770895, 4.004897094832863, 3.5865093886970163, 2.9485268794673267, 4.855182404321628, 2.8684019210189224, 4.9710377839653015, 4.140027638412181, 3.454608081081285, 3.0651260907688225, 4.650402179748288, 2.4555766189436343, 5.850841338513714, 2.518742844319967, 5.704924136861874, 4.055215714759943, 3.536703366940742, 3.095544904532175, 4.640508012080753, 3.5228566587809516, 4.079713774442628, 5.059900996755097, 2.834677676758789, 3.5291309304400915, 4.071624430961985, 4.799155677819496, 2.9937310663711783, 2.862983312131871, 5.012036569469868, 5.94238825040668, 2.4111170180860033, 4.797069654037603, 2.9821851460757878, 2.188514438853087, 6.557814221692116, 3.996144033935608, 3.5980706415174337, 6.05044369588723, 2.369938914902158, 3.1426437594540095, 4.568352064282539, 4.496063108395256, 3.190978711028581, 3.864105145431741, 3.7010088904779077)"
n:final sigma_2 z2:180.0 z1:1008.0 data:neg,7.039090079298679,1.2109876019063195,"(5.193460020193645, 9.281239403907714, 7.9787816742547655, 6.035715787589344, 6.822464872927384, 7.060147621794761, 5.302895996959176, 9.090968530555006, 5.514340271753955, 8.726164810909316, 7.619219819072582, 6.309405296623717, 7.0667558969135245, 6.811484525532805, 6.725709818386391, 7.085903995126743, 6.2333231498069255, 7.734834548905988, 7.83866871974864, 6.149366680655656, 8.279795775492973, 5.813399365857552, 7.0126358052883155, 6.873794474081834, 6.485470316307097, 7.433407063553589, 7.252018548171077, 6.6407866226206345, 6.132499007501586, 7.860269842298105, 7.45600857692788, 6.466759078046419, 6.735815148170582, 7.149288268660016, 7.693859884899364, 6.257749675155932, 5.014886503842569, 9.574817459994975, 9.257509077489953, 5.2050422901302875, 6.005265720145288, 8.029050356713496, 7.804569608744602, 6.1741570976659075, 4.895766970215, 9.836171209428743, 6.827366764122281, 7.050462363342098, 5.668948566498973, 8.486081081948818)"
n:final sigma_3 z2:180.0 z1:1008.0 data:neg,8.980617252169301,1.1987368582092368,"(8.892498050534181, 8.92032114780259, 8.229918434469996, 9.632710244525356, 9.334198787777956, 8.491663489937027, 9.62597275359462, 8.240597811721871, 9.374045328524984, 8.45347738409664, 10.270661667545141, 7.717260090191902, 8.440528665704974, 9.39108622249396, 8.741184481036768, 9.042609179858198, 6.963973648449999, 11.39091597475579, 10.023133987387132, 7.912984782704557, 7.576323916334148, 10.465198946114487, 9.426562831555609, 8.41555216628606, 8.021514229131517, 9.887804014842915, 7.571807093655002, 10.47206477811405, 8.79117918530921, 9.025906476049515, 8.332507702168593, 9.52140697580873, 8.31073221907334, 9.535525549813375, 10.840586878538957, 7.312320424382778, 8.610271312878707, 9.20158693394555, 6.061126116524832, 13.080664724204132, 8.541305146516361, 9.285924319962936, 7.602795769517334, 10.433270271218502, 9.663409553233333, 8.20586241664471, 8.090688521741205, 9.800391767559475, 8.214535447341605, 9.64229478688429)"
n:final sigma_4 z2:180.0 z1:1008.0 data:neg,40.00439154868318,0.9965890384223649,"(39.36109013044392, 40.63341744979996, 39.854858102426284, 40.13003877411647, 39.81107021832056, 40.17425363814772, 39.91972533902396, 40.06497856621847, 42.33574478290743, 37.77836961317848, 39.93322987097012, 40.05104498506857, 40.139934696841635, 39.84452669842334, 40.154031311565575, 39.8303944161731, 40.24472449214987, 39.74150134902806, 40.14470975101713, 39.84025869109335, 41.522963483768756, 38.51824904147514, 39.67381913695512, 40.3136139620282, 38.95526930665464, 41.057070572886886, 39.95337119396226, 40.03127856429768, 41.79695785058055, 38.265618170615355, 39.553804868302755, 40.43598490002412, 39.488927998138415, 40.50189154103769, 41.5062744061323, 38.5335495867268, 40.36440787237317, 39.62319250818924, 39.78862783303013, 40.19678350966561, 41.19522618795701, 38.82466867350942, 40.26714994799237, 39.719455376215556, 39.16809223917471, 40.83383653131407, 38.347400675831, 41.70778259141259, 38.01491662239038, 42.07148940460265)"
n:final sigma_5 z2:180.0 z1:1008.0 data:neg,19.99635501284632,1.799506759959889,"(21.27160452657336, 18.64999685323073, 19.5563830418098, 20.285786640149915, 19.560230132971757, 20.282054205078495, 15.421740905311637, 25.725124950290898, 20.388898204531788, 19.45751603199954, 19.1892691321568, 20.673339692898246, 21.038994287689576, 18.855267455015746, 18.640472600418263, 21.279496097079996, 18.708303349550082, 21.20591038094599, 21.024103680106425, 18.86988586588115, 20.88536236007988, 18.99580859579027, 22.802796439821854, 17.398690234495348, 19.331249221497472, 20.523036971273136, 17.865401613636795, 22.20647504894325, 17.58503655594486, 22.560481835906423, 19.90803296185977, 19.92872948671807, 16.818393706406503, 23.588452637180435, 20.425846999844534, 19.42282217656577, 20.078418700862358, 19.758078628794806, 18.658789409388913, 21.261717012493744, 19.54225686739417, 20.301253574193257, 18.29821721430007, 21.68156737853464, 20.26260022750189, 19.579122707307913, 22.78894691664351, 17.40853839197747, 20.758382236854096, 19.108866496414574)"
n:final sigma_6 z2:180.0 z1:1008.0 data:neg,7.684869021451032,2.416933833175176,"(7.797402636271921, 6.906013405993548, 7.892260201445275, 6.8161717597252505, 5.8838357271374475, 9.144156259172908, 11.831333094147455, 4.549579609861384, 10.008522475628203, 5.373076606403096, 6.864718572534692, 7.829287737013076, 4.692157363576867, 11.459807575525335, 6.274332671585763, 8.537205383118652, 6.77226246893057, 7.951278190417373, 6.743497567647916, 7.983928910710988, 9.128833458439297, 5.892830424701984, 7.250557138797755, 7.426477908398033, 11.386815193912996, 4.729050528981358, 8.275767677056074, 6.501534910295449, 8.401626507958815, 6.409034653180375, 5.626088346314735, 9.571881105589393, 5.90402528822396, 9.111273206716472, 4.994536000720152, 10.769380105061165, 8.6906508842121, 6.185571335782599, 3.369230620130515, 15.967008905816355, 4.7871732893151036, 11.249479647110347, 5.207742314624945, 10.337110950502419, 8.217822488982216, 6.549107913253017, 5.626799127522785, 9.560577120410791, 4.955412932466976, 10.849222871225788)"
n:final sigma_7 z2:180.0 z1:1008.0 data:neg,10.493110210538756,1.8883510340952778,"(8.317255469419273, 12.825676499388756, 12.045595310975802, 8.853926088758255, 12.81970728698681, 8.320642353933549, 13.919808408491072, 7.663254256103397, 7.8689747728912, 13.552836016638597, 11.960796562513467, 8.91577825205571, 12.64749958434817, 8.431212497631137, 12.362948728148483, 8.616911461503102, 12.857987370679313, 8.297009151948814, 8.99030803877917, 11.866262393083993, 8.734460524676324, 12.211932906132548, 10.67982261632531, 9.98979329258001, 8.639842738975046, 12.347750813567608, 11.10120964368646, 9.608055817720771, 9.2056557110935, 11.589765195971934, 10.41645839320938, 10.242817569402566, 13.425262212421172, 7.944994070572716, 10.583033422201003, 10.077910748870927, 10.574763724310852, 10.083335636012826, 14.517681580507846, 7.347798127997772, 9.469018288606884, 11.265607440511415, 11.532637450040822, 9.250695483185742, 11.685800728563569, 9.127814052408343, 13.013801024256846, 8.195887554733053, 10.597941305100003, 10.059571949016592)"
n:final sigma_8 z2:180.0 z1:1008.0 data:neg,14.026847687381224,2.008804969475855,"(15.176313469357597, 12.708407033952847, 14.581775190174914, 13.224209419323154, 18.017020662415693, 10.705018736644234, 11.766676164080124, 16.3931560483282, 12.755085065163373, 15.118962571430844, 11.503374022626057, 16.760790281616327, 16.978560805501555, 11.355725502494964, 12.38056083684302, 15.56177330684762, 14.507971430766254, 13.2950338425552, 12.212004534311848, 15.794349263505385, 16.06525657464798, 12.005911730108279, 14.315606927448005, 13.475122889714948, 15.423114845879518, 12.506661665274816, 16.01686286371531, 12.041380082752427, 14.90301039689877, 12.944243402740035, 10.05093522775599, 19.193607278413143, 11.046161293293784, 17.458116658568745, 15.847511102628147, 12.169788667163813, 14.873279137864348, 12.964617031625622, 13.305014612344364, 14.495230873522665, 16.011218934092433, 12.046633108487562, 13.667928899363226, 14.113118331836969, 13.294110720619194, 14.507988840872963, 13.640456275360219, 14.139472559932875, 15.90072226234996, 12.122532985845853)"
n:final sigma_9 z2:180.0 z1:1008.0 data:neg,18.022458288265234,1.881512458616535,"(17.80774398093518, 18.046683904746263, 14.027148767874127, 22.908989490305466, 17.506525890814085, 18.358042348946363, 17.76850380056561, 18.08810528175629, 18.646561726820053, 17.234891370768366, 17.43778276853337, 18.427872022568966, 21.371921227757362, 15.033723053139065, 16.85431235824897, 19.054994725915158, 18.792043583787706, 17.10329026743325, 16.081561913447633, 19.98510858312106, 17.975228957038702, 17.88133689441732, 19.400759288244263, 16.568517964514815, 19.77356401177609, 16.255650023792484, 19.29691253887384, 16.655451785920643, 19.921202053006862, 16.133863971270625, 19.331646157786846, 16.62843921830117, 16.68310875762637, 19.26337605335118, 17.51466753496537, 18.350362796472, 19.01989465598261, 16.895301841822835, 19.901374238726184, 16.148303431997018, 16.315530827920654, 19.70000078257499, 16.21028593009154, 19.82866278972459, 15.47406091261376, 20.770420537445904, 14.365343622367314, 22.37226936154382, 16.59694525267091, 19.354625152936762)"
n:final sigma_10 z2:180.0 z1:1008.0 data:neg,18.642515920332922,2.1208669331963677,"(20.07696619871984, 17.09158409987597, 19.057962335370064, 18.004708215835418, 20.080989311773752, 17.092329083161463, 19.35709927072372, 17.732686487062004, 16.554607309932468, 20.729355688794346, 18.538558327795435, 18.505449004225905, 17.443070132855116, 19.658305384808354, 23.006367012855655, 14.87483067349622, 16.602263830388175, 20.675713769871628, 16.55772693937582, 20.728973354062916, 19.112389152284756, 17.963927245357624, 15.092085164748518, 22.753333989859225, 17.241290573731245, 19.91522846852154, 21.30118535509401, 16.11404669823563, 21.131647281789846, 16.24454551666623, 18.777880667545286, 18.289440163737716, 15.687191744042229, 21.875506457480572, 18.66665408102572, 18.389016014020477, 22.750095924642785, 15.079561938781215, 17.872462710042143, 19.201682488155317, 18.50107124375234, 18.557453925211323, 20.412107053369372, 16.822075008118052, 16.664102982822076, 20.59855792771627, 22.15285381381899, 15.494978962842314, 19.687046679616255, 17.406830352632582)"
n:final sigma_11 z2:180.0 z1:1008.0 data:neg,18.83615650350549,2.4430679691754893,"(17.159306699236854, 20.342472440378444, 18.692653936582957, 18.672911478409514, 19.907814846431535, 17.54105244241346, 19.2796103306158, 18.111349952765003, 17.991757651916284, 19.40246982341404, 22.359818131048925, 15.600517773799107, 24.40494475627913, 14.28327481119611, 18.422226144128302, 18.882117820401223, 20.706999268727188, 16.86733355647732, 21.99071962610451, 15.879805562000925, 18.1262381781731, 19.27704743503995, 20.54201424812322, 17.015960944779412, 18.115417685745246, 19.29277951718917, 16.04632997150289, 21.767919195533292, 18.027616410178606, 19.37626386342026, 20.107435975964844, 17.3874562751991, 18.748481104942158, 18.619350527957263, 19.02769758030011, 18.355533604395212, 16.610342442351687, 21.010159770590857, 15.72612836333385, 22.19920432256819, 17.087534103031565, 20.4466905616127, 18.377299849082235, 19.014008449904054, 18.067322263290464, 19.331911190953186, 16.29161540787265, 21.436033223505156, 27.003003854648387, 12.873871801759126)"
n:final sigma_12 z2:180.0 z1:1008.0 data:neg,20.401313931142816,3.7228408597451246,"(23.528981578266293, 17.120874207017877, 24.286426120387862, 16.587834622055748, 12.917030569153155, 31.203044619804682, 21.890451468449445, 18.41916857400855, 27.760932776563568, 14.507558251627902, 14.93077287566521, 26.94926640137779, 16.273076697334798, 24.65880083313463, 18.919643247758973, 21.091576181362534, 17.153753897483938, 23.523949953548332, 22.084301705939048, 18.251727747107488, 18.58365532673199, 21.739236429585816, 19.302637453423568, 20.944485784158946, 22.792506705168858, 17.72368496879189, 22.17354029592996, 18.19697355695021, 16.729875287480724, 24.12235815342137, 24.11648623629216, 16.772856189723566, 21.430953749088854, 18.81661317923914, 20.44490425080337, 19.740196230293325, 27.614330717756605, 14.582535005474769, 23.747780267097287, 16.974370209102695, 20.809638476571294, 19.416592979881614, 17.41415650625143, 23.200686749164714, 20.34122332131086, 19.83575957120822, 18.92210075089934, 21.320741072202903, 18.260461249571094, 21.93518355551644)"
n:final sigma_13 z2:180.0 z1:1008.0 data:neg,20.161482014139796,4.900778535961663,"(12.925832996093941, 29.67253878524559, 22.03820891023614, 17.400561535671223, 18.985020338710374, 20.209237496786315, 14.197920959348703, 27.02691717304295, 22.60812723977404, 16.962910994652834, 18.56490496645869, 20.64910358419433, 28.668169322862255, 13.36252311475894, 15.550449566614729, 24.583463581772968, 26.97235030709424, 14.227574804333656, 15.404694212080482, 24.905484656990687, 22.52958861612572, 17.038439790104047, 12.348348578075113, 31.094219609785398, 15.36466513119683, 24.990899030303723, 18.187363589322167, 21.100424929668176, 27.693271771619877, 13.857815468547269, 17.53315495992767, 21.903378156392634, 17.90731959461586, 21.420843857559454, 24.566086793675627, 15.619426226484135, 23.129185479479077, 16.580064245601353, 26.302954166472517, 14.5830870249309, 15.086139493812835, 25.44040560394853, 17.72387412213345, 21.65828723705384, 20.704835292203388, 18.53182126625238, 23.321142758971217, 16.45202771776107, 25.4668347683148, 15.022200879927649)"
n:final sigma_14 z2:180.0 z1:1008.0 data:neg,37.298258068062,4.802006139913192,"(33.35246459031387, 41.03994164406767, 35.45175573767938, 38.60701934959753, 35.83616260171913, 38.20547536622611, 28.508527777461765, 48.03289265891045, 47.13758241866881, 29.028425621903416, 46.68058067686649, 29.26714216916692, 34.508023534102705, 39.603245253251046, 32.84316359295033, 41.58913941222205, 35.052033336290336, 39.07588458194448, 36.281581425538434, 37.73164575334374, 33.84864196919202, 40.48144329699433, 42.26244464966047, 32.42954801156457, 38.92817714192816, 35.20534565603028, 35.94403891898794, 38.10248007724996, 41.48687008831778, 33.01691591185465, 49.91876601753386, 27.45888815021659, 41.1517275004508, 33.27560601124029, 33.128478845180474, 41.33888915912283, 35.78684480703793, 38.23596723134633, 40.28627003301, 33.97930214613678, 39.665785334045836, 34.55277488791378, 35.45434074367711, 38.64159952860363, 36.76759796086543, 37.24720732250158, 36.922503325370236, 37.083483579178726, 41.86001339106325, 32.61826420460011)"
n:final sigma_15 z2:180.0 z1:1008.0 data:neg,99.7624505003249,6.65716096154159,"(101.82123246479699, 97.31955454384885, 110.44975916709808, 89.716702932199, 105.04730512409195, 94.33112208101886, 98.5021407750361, 100.60015027484442, 92.20933821712809, 107.46272302833928, 101.0198786960175, 98.08591438030909, 112.32028388376821, 88.21745286625732, 109.85442476849448, 90.194497676131, 103.2202756023026, 96.00313431944448, 109.61798379738177, 90.39745529314787, 105.87200923403974, 93.59951417589008, 97.60280186877603, 101.53108084828787, 105.20332909388549, 94.19529757306555, 91.49827495239344, 108.30086535283303, 101.95355133903247, 97.19707885128915, 103.48038439441328, 95.764550473406, 108.32391028065267, 91.47754963329052, 95.6255671497707, 103.62595092888851, 95.358796249134, 103.91239279939165, 91.92035084808302, 107.80187108757809, 103.65851844613611, 95.59838795825578, 92.98076284688598, 106.57492079393012, 100.05631612057235, 99.0376375217129, 98.13267359545914, 100.97764682617364, 88.45429247162306, 112.0149114097397)"
n:final sigma_1 z2:180.0 z1:1224.0 data:neg,3.8293498814255043,1.0104369040542218,"(3.4815248199196143, 3.9413023734153425, 2.883582179512128, 4.748728879449492, 4.29893416181179, 3.1881482423405996, 3.898341824737183, 3.5187440366198204, 2.853056198186, 4.801697052290296, 2.849580427510894, 4.812025101104726, 4.05707135257051, 3.3736433124625997, 3.1078271400842743, 4.412559402208476, 2.420174477235314, 5.661020994820157, 2.4345064050942264, 5.627074670346631, 4.111983502527666, 3.330634274444947, 3.016237495547007, 4.544429544083613, 3.377400747767059, 4.062142955358909, 4.818277212641282, 2.8433254838376127, 3.482506279160167, 3.9377771973888858, 4.752931312427967, 2.888118177901728, 2.8231546779859555, 4.851784011671701, 5.682693356843152, 2.4124344287444317, 4.717803465907261, 2.8997733466808335, 2.1691550361807144, 6.32204397439665, 3.8627901523063284, 3.5504827509297003, 5.903722702536723, 2.3232712920638474, 3.0757111449779795, 4.453577662146259, 4.288442978757536, 3.197369067978593, 3.7383029744183727, 3.659673811942306)"
n:final sigma_2 z2:180.0 z1:1224.0 data:neg,6.963677912870028,1.2131634099252433,"(5.109961990728903, 9.220943475459274, 7.992988914126324, 5.888629982147959, 6.68585807190137, 7.043577118757598, 5.231147234783307, 9.00606305219213, 5.41764570907728, 8.688561643530646, 7.563985468662642, 6.228018673104593, 7.013293395458629, 6.7103319682932, 6.740313980941679, 6.985813206270215, 6.187208232880169, 7.60631219674114, 7.707844064107432, 6.110282748086512, 8.301692203394017, 5.665909722569617, 6.935649216756585, 6.7899626412026635, 6.360382269780165, 7.407839004320325, 7.1169436665557315, 6.615190749740433, 6.095114246878605, 7.727406171307295, 7.431611571906856, 6.340657830465466, 6.667407695421959, 7.055694506221925, 7.529043857971663, 6.25519367288021, 4.960924042552246, 9.465891282535537, 9.216061357827341, 5.111641224256228, 5.911210886857019, 7.969467108769538, 7.717676304097681, 6.104183011730041, 4.843959351487007, 9.712856321154323, 6.683261851649964, 7.043061919785067, 5.587642117766262, 8.421578708408607)"
n:final sigma_3 z2:180.0 z1:1224.0 data:neg,9.002043306133139,1.1911559588446698,"(8.90280348057206, 8.954727689885653, 8.28856684720064, 9.612867608520995, 9.32532303032951, 8.544494286402584, 9.64364837651184, 8.265245779090787, 9.36517554456807, 8.508505540009102, 10.302132192477416, 7.737272708087985, 8.474963948018129, 9.398358854417346, 8.797452149937266, 9.056683664539369, 6.993877131820294, 11.392200621706428, 10.02658240779464, 7.948566873265585, 7.629226280963349, 10.44224593073919, 9.463671807887984, 8.421086162868033, 8.010725074729072, 9.950462424181016, 7.582719635592868, 10.508016795349238, 8.832055474742909, 9.024400129822121, 8.386989157885214, 9.503987376258587, 8.323983328044367, 9.561788183700347, 10.835910648985589, 7.353402882843063, 8.62213133565568, 9.23605415218011, 6.098531800616269, 13.068803574523441, 8.549360011176748, 9.322812166966282, 7.6316405581034035, 10.443829751702452, 9.689337955752112, 8.22237794504357, 8.08711953693821, 9.854390061148761, 8.231059511149974, 9.674596915951177)"
n:final sigma_4 z2:180.0 z1:1224.0 data:neg,40.0043243257769,0.9964429788017565,"(39.35931080444208, 40.635248316864434, 39.855103690259654, 40.12976862551901, 39.812985128619474, 40.172274853689224, 39.92001304379242, 40.064586576637915, 42.334849020519265, 37.779131371817485, 39.93191023784801, 40.052498887571815, 40.13777563495552, 39.84636638452407, 40.149481578691606, 39.83550882660957, 40.25049263869424, 39.73553169393533, 40.142960247916086, 39.84201717172432, 41.52374513800255, 38.517087710360094, 39.677082298902576, 40.30987996274579, 38.95506940236911, 41.05703788866396, 39.95858398929536, 40.02586789274633, 41.798781862869546, 38.263713068894376, 39.55910222970016, 40.430317594077586, 39.48684402399123, 40.503606148387526, 41.508079853336916, 38.53170618580386, 40.36385176937867, 39.62365496191156, 39.7897456681114, 40.195684259209166, 41.1931938851501, 38.82612634294091, 40.26806645432532, 39.71829635144326, 39.16850817932461, 40.8332373274772, 38.35037559410727, 41.704335026706275, 38.01486069702441, 42.07195978695631)"
n:final sigma_5 z2:180.0 z1:1224.0 data:neg,19.987385311981733,1.7988635225215819,"(21.258700371571123, 18.644986344171308, 19.54387860939793, 20.28071374501995, 19.556974639340286, 20.26732808813212, 15.415413504710616, 25.71260166418773, 20.378747849448278, 19.449937870111615, 19.177130822665898, 20.668675457457287, 21.024731790270998, 18.850683980097372, 18.61907953304859, 21.287556276084548, 18.712304554263987, 21.18191054693502, 21.010852397461104, 18.864763832160513, 20.872880440872798, 18.989443701936644, 22.80144272740613, 17.383554082453394, 19.32510198832541, 20.510730483687468, 17.872736168695543, 22.177318448661797, 17.58079374032455, 22.545458243503308, 19.91121690170084, 19.907292865199874, 16.805255980627578, 23.584619112832947, 20.42391884440665, 19.407036319255663, 20.06704774161669, 19.751201420109137, 18.652015279537654, 21.250657080307718, 19.530133499055157, 20.294996518719465, 18.292183113952706, 21.668746860644493, 20.253144646374185, 19.57044465446837, 22.790913170728047, 17.39130771230329, 20.750816602006577, 19.099885372836404)"
n:final sigma_6 z2:180.0 z1:1224.0 data:neg,7.6451435663906295,2.3988051218828272,"(7.732363022325884, 6.892729427033123, 7.925624104265186, 6.718629195618267, 5.813912383932384, 9.161790698539015, 11.769854397231367, 4.527011109461956, 9.908183228042397, 5.375531056538028, 6.8551653336052265, 7.772408946278336, 4.673365620156557, 11.385504190613085, 6.30605218110872, 8.444936241963063, 6.751564144428471, 7.886681050925015, 6.689221666466463, 7.963033154993585, 9.181617259143847, 5.797663175695584, 7.215923508345934, 7.381968159965024, 11.228004064437416, 4.745783512098235, 8.173532530737363, 6.515238006472071, 8.388198256897478, 6.3509335351840095, 5.623992073047927, 9.476297877394222, 5.878032081875542, 9.050855416972531, 4.937360655890365, 10.788213528630259, 8.644458571935616, 6.15654000703089, 3.3740500271551093, 15.790039576429937, 4.744893099118045, 11.229860691481235, 5.18992048740575, 10.266446145273555, 8.186107008645198, 6.504518572436, 5.55691612572923, 9.584009982455088, 4.9177102031650985, 10.824533024956803)"
n:final sigma_7 z2:180.0 z1:1224.0 data:neg,10.495033731190677,1.8918901076422394,"(8.314423569379395, 12.834140682502685, 12.06286457222895, 8.84363040046383, 12.804798367363347, 8.332087053891476, 13.918955414511236, 7.665907764533175, 7.856210600775397, 13.579452544656128, 11.962059429808093, 8.920027809001818, 12.657060656483386, 8.427310905036354, 12.373911180695186, 8.621651202823044, 12.87292924016971, 8.287131743031024, 8.982256623318694, 11.878003460028008, 8.74580572102233, 12.198002963152856, 10.692666974907116, 9.978207517988794, 8.62915097697228, 12.365580406745739, 11.111622473071243, 9.601256581920858, 9.215200287729088, 11.578351821959373, 10.439570102504069, 10.22110664680885, 13.415002599685657, 7.950593152293934, 10.578956980469757, 10.085558158438458, 10.56623246013052, 10.093814461877548, 14.542403162522573, 7.337159228358354, 9.465124713558605, 11.2728617305104, 11.542852936729526, 9.24361628824986, 11.686713687854542, 9.128166942801965, 13.008069479364673, 8.201599131264617, 10.599305561380527, 10.062320188558783)"
n:final sigma_8 z2:180.0 z1:1224.0 data:neg,14.047774437962229,2.0137466347861803,"(15.192081140896219, 12.733966260067547, 14.596495268319323, 13.251067322443891, 18.04577843567911, 10.719022987648259, 11.78254268377435, 16.417991233916304, 12.761661872246231, 15.156757881268105, 11.51461912998621, 16.799238288717362, 17.00192905328586, 11.37360108681216, 12.377805673509199, 15.624078629347224, 14.557717347271518, 13.285551545196746, 12.218526252725129, 15.830958014885725, 16.080775774639132, 12.027977990373659, 14.358388033928952, 13.472229175092064, 15.446145932151893, 12.523873221383244, 16.089760216106438, 12.021705610787295, 14.937109195531834, 12.95037551349312, 10.090310862815715, 19.172594911691615, 11.046779165076993, 17.504123530381232, 15.886021900583074, 12.176554796785442, 14.879564792800478, 12.996453192461482, 13.336541425902983, 14.504511990235281, 16.027124813480796, 12.069476773271317, 13.697663630472231, 14.12193015587836, 13.30929357562207, 14.531838979761554, 13.6801755225711, 14.139745656642996, 15.929839372718519, 12.138446077474184)"
n:final sigma_9 z2:180.0 z1:1224.0 data:neg,18.012642665862405,1.885962002896013,"(17.787478993545943, 18.048250226068724, 14.007466623329165, 22.917684433353816, 17.5125749575773, 18.330836497246104, 17.76052919067381, 18.075590507632946, 18.62970302620747, 17.231179290433722, 17.415131183583174, 18.433309449885538, 21.34497575817742, 15.034932974393994, 16.8010737103281, 19.10425725874561, 18.827716618943303, 17.049310516040723, 16.060251394821197, 19.988201257805716, 17.952323974663685, 17.88120686624924, 19.418424673937697, 16.532265640565203, 19.772181371433973, 16.236841435939983, 19.35178526529354, 16.588718139781697, 19.92649460032295, 16.110163657938124, 19.36602755209592, 16.577413109504366, 16.65101345320325, 19.27452996839623, 17.52819569378152, 18.31465126113023, 18.997235787317603, 16.894745064404688, 19.89776667643321, 16.13354074209289, 16.296412683896516, 19.698434084341457, 16.209068183844142, 19.805260842542406, 15.46167397180116, 20.760780214239617, 14.386778766217683, 22.31384129255717, 16.592673479170816, 19.341230971229418)"
n:final sigma_10 z2:180.0 z1:1224.0 data:neg,18.66237285126376,2.125169002883227,"(20.061598276018806, 17.14628639209267, 19.029458852070256, 18.073333897839298, 20.167268793933303, 17.055202343421936, 19.3867318479211, 17.743662348332844, 16.55694189405151, 20.77192833666748, 18.51508714786086, 18.576316592401525, 17.415415379272115, 19.72120151786021, 22.83631391781139, 15.052423479945263, 16.751959326458348, 20.52820194772315, 16.5367218102302, 20.79817695201154, 19.092622366706966, 18.01396033265724, 15.179958599593945, 22.660728964915933, 17.287320873909323, 19.89979395825244, 21.555354954757313, 15.956704738832636, 21.210488318687865, 16.216110551021924, 18.93809731304526, 18.165329037790666, 15.637652325935068, 21.978679792075983, 18.76814808989487, 18.32685629203525, 22.734256307611595, 15.11872570664985, 17.91372836706749, 19.201120398459754, 18.484355746967474, 18.606822700201892, 20.465328924621815, 16.807389282867934, 16.67283060391528, 20.625184519638616, 22.32168655572194, 15.407519090547616, 19.728215328892574, 17.4194414659877)"
n:final sigma_11 z2:180.0 z1:1224.0 data:neg,18.79852013382139,2.433512183978287,"(17.061185737162816, 20.390988590899013, 18.566389352796502, 18.73047585693246, 19.98838966877642, 17.40176686714099, 19.259744252541065, 18.063300108766022, 17.923377282487714, 19.403292964964113, 22.21529938907284, 15.6560849613636, 24.25472660489954, 14.313306801409212, 18.090087293900112, 19.21307668568558, 20.998230648258883, 16.556245432188533, 21.847346775215595, 15.918484258078717, 18.01536927146474, 19.304395911217085, 20.687489183676114, 16.81602249011899, 18.1462948584476, 19.174741514329753, 16.357562098457056, 21.266511467911656, 18.085573077368963, 19.23216304786916, 20.36906033786823, 17.084417898734188, 18.557558489598303, 18.71579024920834, 19.148028587541273, 18.165127095099223, 16.52017428821678, 21.03571273632769, 15.727543299118931, 22.117189808809087, 16.985557132370314, 20.47446467646391, 18.39554349417295, 18.909654003897547, 18.007203069933112, 19.306650482979645, 16.471152912409107, 21.117966908879186, 27.04164058972241, 12.837648176318558)"
n:final sigma_12 z2:180.0 z1:1224.0 data:neg,20.389500815402837,3.718629351254152,"(23.312840382234373, 17.28317613641703, 23.980019772656192, 16.794538639968007, 13.153771601960981, 30.62758012907946, 21.96544776513515, 18.349905847428513, 27.702457929492414, 14.537266917629958, 14.763707607329003, 27.280977467476948, 15.976326075933072, 25.007740190541917, 18.116532296931535, 22.190214501435587, 17.806648557835434, 22.60007553578311, 21.864715213626365, 18.423979692918124, 18.41712976882449, 21.871515985771623, 19.779193683427902, 20.378976573757257, 22.901967273738222, 17.602117267946763, 23.3201409477857, 17.27660928973981, 16.91382461150551, 23.81834826035672, 24.9646530166013, 16.15635710068423, 21.01342166399874, 19.116658478985126, 20.88705348437171, 19.28933442624223, 27.43967979741322, 14.646596952989858, 23.911259285623142, 16.849042277825827, 20.611529301126172, 19.539257195666714, 17.53245364869523, 22.98505378354931, 20.338119422087885, 19.793355553535154, 19.533691757534182, 20.623072193283377, 18.31000431607372, 21.916701189187478)"
n:final sigma_13 z2:180.0 z1:1224.0 data:neg,20.204356135795642,4.935936070448982,"(12.905619482059429, 29.84048760920021, 21.996600629764792, 17.503347716244797, 19.122667440415945, 20.135842492344633, 14.232712007953193, 27.058375505946152, 22.626196510748983, 17.016737845285387, 18.52700357148174, 20.781809943936377, 28.609144391698106, 13.438593336712126, 15.359918033250516, 25.051937223679456, 27.3940065805345, 14.051334975383702, 15.371675595580447, 25.04607783793953, 22.500765302914232, 17.11112227892412, 12.4641566563032, 30.895949427415083, 15.439171871052586, 24.94885404212371, 18.541021427808424, 20.76980465378122, 27.869539335309447, 13.81584749206795, 17.784277201598847, 21.65987838104753, 17.818106942521712, 21.58650302979697, 24.786888935629598, 15.534583998997494, 23.112003826955124, 16.647842209086875, 26.39276337732053, 14.5891921012981, 15.060107525379825, 25.561826864528477, 17.798683609901545, 21.635273496587878, 20.72712788703492, 18.572013179412274, 23.61621459784829, 16.30170320522221, 25.56531061621679, 15.041184585537115)"
n:final sigma_14 z2:180.0 z1:1224.0 data:neg,37.24841021556672,4.858790449923012,"(33.14258107786998, 41.181837980828305, 35.40550110844763, 38.55591040130388, 35.9889277306208, 37.93255596654399, 28.4953260647916, 47.90945438517146, 47.002692323266565, 29.03911770577108, 46.506735057580826, 29.34432783427979, 34.23846588141569, 39.761767990126344, 32.37296012465645, 42.157898478305924, 35.546656811081604, 38.392616864029506, 36.06048538122439, 37.85083835821863, 33.85982174596859, 40.30741027477958, 42.58869857336762, 32.05499407504237, 38.84520931376956, 35.15178901416561, 36.41592142237283, 37.48505730061731, 41.62131052093878, 32.7941436993393, 50.56266344329203, 27.011632979602783, 40.860747029993654, 33.382458547294966, 33.24998498150829, 41.05300303752828, 35.690451129611645, 38.2194196424723, 40.339166682814756, 33.838874679950884, 39.406272896246364, 34.63294660588034, 35.492584314845, 38.465064340620586, 36.76114635739761, 37.130680548978084, 37.198843283497006, 36.696199007191105, 41.81227220889177, 32.60508559482335)"
n:final sigma_15 z2:180.0 z1:1224.0 data:neg,99.76578723744205,6.650761481185514,"(101.80196462211714, 97.34643457030958, 110.46402400012363, 89.71264730103293, 105.06680042088612, 94.32167072294455, 98.50941236503172, 100.60061891291093, 92.2008133677829, 107.48257507995535, 101.01512317546238, 98.10374277244591, 112.30150255503011, 88.23797604336633, 109.81495380570728, 90.24273062529203, 103.29043121395443, 95.94180452202595, 109.59835298614233, 90.42128435422126, 105.8925450033017, 93.5845647395959, 97.64170619571449, 101.49437905522821, 105.19777445767348, 94.20524564291694, 91.55047020112131, 108.24646140395242, 101.97952650516645, 97.17670985517931, 103.54989987154129, 95.70563436239205, 108.30368926001528, 91.49767553601964, 95.6431325415668, 103.61487184978355, 95.35550099474983, 103.92454529014933, 91.94046559528061, 107.78788090894442, 103.63851085804264, 95.62039242102264, 92.99615532704445, 106.56460206143552, 100.06406520337507, 99.03601774639894, 98.16487160853873, 100.95338300085677, 88.45562544928508, 112.02819550906715)"
n:final sigma_1 z2:180.0 z1:1404.0 data:neg,3.8973048054099833,1.035024441480519,"(3.5996274387036094, 3.945375767956189, 2.8802751634920845, 4.919527105557875, 4.270261177688059, 3.3193022527080474, 3.9928383054606345, 3.555431379230513, 2.9696499868713717, 4.775535026008644, 2.8747532807861442, 4.944788622701001, 4.1478260205492585, 3.4224568407119684, 3.2119833875574706, 4.408047970604905, 2.3786372194022065, 5.972166925309175, 2.48350461915331, 5.710320696635679, 4.020539136290789, 3.5288628499273464, 3.1823588061072803, 4.459161220109938, 3.4337109164431707, 4.129179928737096, 5.061513770113538, 2.8052507619645013, 3.486192735005596, 4.076118736183517, 4.925961676165615, 2.883296940748503, 2.93371510033505, 4.833345330123097, 5.736016652879917, 2.4717437993321396, 4.748701064496608, 2.983072184934037, 2.171346356487247, 6.541851965556543, 3.799943755373956, 3.736458230917832, 5.972717195969097, 2.377135826196182, 3.237464045960629, 4.38699728306568, 4.434167266392615, 3.1955074619713377, 3.9315226153651004, 3.599077470257024)"
n:final sigma_2 z2:180.0 z1:1404.0 data:neg,7.065100364518163,1.2127563303106923,"(5.217070161287471, 9.304962640824954, 8.02888186575627, 6.040355448255685, 6.711816306792577, 7.224046072676166, 5.3368765128775, 9.093817412195706, 5.552520324448283, 8.735446736208631, 7.668209945990094, 6.335342624908065, 7.125227964394732, 6.81138777434047, 6.897056746571853, 7.018470470099393, 6.1793809536727915, 7.855466229808016, 7.862103092407202, 6.172004034717995, 8.288057911686337, 5.852192266314667, 7.1423342076321, 6.790779699186811, 6.429156865243182, 7.542477863308427, 7.30873211108681, 6.640993054337341, 6.135524388357783, 7.914716584378464, 7.55876024154412, 6.42261562161791, 6.839254028663912, 7.089910308762791, 7.637060766919197, 6.349227141354777, 5.007211437335114, 9.64779020192819, 9.31581634632742, 5.21150463730145, 5.8960085337785, 8.227184327098305, 7.81950095591554, 6.208236125176067, 4.993729890187916, 9.721057982789452, 6.839858093061407, 7.076055914675346, 5.745436026801334, 8.43339137490354)"
n:final sigma_3 z2:180.0 z1:1404.0 data:neg,9.077998052679582,1.2133729315504074,"(8.995317586227618, 9.008576823711097, 8.31587941700169, 9.740511120015098, 9.366839203688203, 8.646520152176725, 9.745343405757879, 8.313953691991475, 9.469642826875845, 8.54852431273085, 10.391235323087516, 7.803543827454426, 8.548016434064559, 9.478167011671694, 8.890615028654022, 9.106338874572591, 7.0068810265094985, 11.56613708253541, 10.148497751875977, 7.982185993195416, 7.646847978889512, 10.594521210438375, 9.58217942002958, 8.454590139805244, 8.054926706316852, 10.05407684557127, 7.668232872338492, 10.566418340145125, 8.876342264092415, 9.131277263695175, 8.437639741946251, 9.604143015040917, 8.427059418112314, 9.607675264019134, 10.93021061063335, 7.406625347828379, 8.685730401161866, 9.320782308306784, 6.1466360077130995, 13.183384731743994, 8.5560685529507, 9.463421173553641, 7.686799973658862, 10.542411531533544, 9.830798468692668, 8.243245423900381, 8.180688583319753, 9.899362967274099, 8.328836984852243, 9.716242192617486)"
n:final sigma_4 z2:180.0 z1:1404.0 data:neg,40.001161607778336,0.9970478023424025,"(39.355943715787056, 40.6323797118572, 39.851463237467264, 40.12681414195164, 39.80960346154425, 40.169112102350375, 39.91618090040896, 40.06211161042675, 42.329569993180996, 37.777738389784766, 39.929661025048595, 40.04831518046726, 40.134213247846034, 39.8442664585999, 40.144021414322054, 39.83462447874161, 40.247292686316406, 39.732341575715544, 40.14057230018119, 39.8379969355427, 41.521900500989695, 38.51282939761645, 39.66929560528928, 40.31130945556814, 38.948624211142246, 41.05736656639682, 39.95088562873746, 40.027297440805064, 41.79635803401562, 38.25988520592268, 39.55139812896061, 40.43156495299905, 39.48418863214923, 40.50043071323028, 41.50325267186224, 38.53003384900345, 40.36200780471673, 39.6190002148986, 39.78640219855042, 40.19267962863105, 41.19202355035799, 38.820423631490335, 40.26621736823402, 39.713833057405985, 39.16454685018529, 40.83080707425626, 38.34367179177165, 41.70515899054337, 38.01117490176761, 42.06928976387824)"
n:final sigma_5 z2:180.0 z1:1404.0 data:neg,19.998837005502903,1.7992308024285377,"(21.270992845537695, 18.655802741079647, 19.554920568387374, 20.292279315950577, 19.571367741178637, 20.27524438493367, 15.422822828356416, 25.729970019956735, 20.384824171453893, 19.466059001594463, 19.193654362701544, 20.674927321068683, 21.03323017164044, 18.866264920165, 18.623035716964885, 21.30813812956314, 18.725177149580635, 21.191712732234897, 21.027143211260643, 18.871545524770937, 20.89395761222077, 18.992580362259638, 22.797580641772143, 17.406374421522962, 19.325941779593993, 20.533361246840077, 17.86822861321772, 22.20865020606954, 17.592683431266842, 22.556453892879716, 19.906820908972975, 19.934305676718715, 16.814821484201136, 23.599816655661623, 20.43408286536621, 19.4196896405691, 20.08570653041639, 19.755413279829355, 18.665119989591556, 21.260169921760824, 19.548550290167963, 20.2967497858212, 18.30580078016757, 21.677778937957942, 20.26107305434747, 19.58567314700091, 22.791602307663872, 17.410878201645666, 20.755808021952852, 19.11706372930823)"
n:final sigma_6 z2:180.0 z1:1404.0 data:neg,7.477094668787954,2.352908974292409,"(7.588903982669511, 6.713454190701421, 7.6963183162903315, 6.61548195402442, 5.639692428008938, 9.02707851177982, 11.530340884551272, 4.4177375066716715, 9.753936862963684, 5.21816472869508, 6.68675864717541, 7.6239249874710655, 4.584388907444562, 11.1114778696148, 6.199982764599986, 8.205005589175169, 6.532794562438026, 7.798728448830688, 6.555458305936078, 7.768967482615951, 8.86266935035408, 5.745801741329171, 7.132844712981668, 7.140152235207829, 10.98312911300512, 4.63588974615199, 8.08154566025265, 6.303458068577276, 8.15612679689308, 6.2480313863962715, 5.517331848572685, 9.234094038363246, 5.791217826679834, 8.789256746641295, 4.816497904083727, 10.566809253421397, 8.425247487820164, 6.0397480998510815, 3.2834094475983937, 15.51600985361006, 4.581864977365518, 11.11152811211787, 5.05819038937377, 10.072658345423676, 8.086976885260182, 6.299814258105983, 5.466527416747384, 9.305742476302482, 4.855850418416781, 10.477711910835142)"
n:final sigma_7 z2:180.0 z1:1404.0 data:neg,10.474648455389497,1.8887236428864982,"(8.303774187186098, 12.799873039884567, 12.019469905067664, 8.841340803124845, 12.766451014199921, 8.324037247116543, 13.89873827377689, 7.646798969802079, 7.84782882065665, 13.540627223178467, 11.943019910817739, 8.901712113925365, 12.639534257097111, 8.408521925534705, 12.355245699509254, 8.599640991193771, 12.824900867435217, 8.286911703221934, 8.980426375406157, 11.833312523704189, 8.714056168113398, 12.19617362054294, 10.6780757819504, 9.95263567044222, 8.606335764924797, 12.346122019991544, 11.095602075024408, 9.578804687099314, 9.189326155713848, 11.567287513441139, 10.40407773682088, 10.215829822325198, 13.40577318781373, 7.9268404421911685, 10.557338153179007, 10.064940501807556, 10.548708256259365, 10.070592379486026, 14.512023149925126, 7.323973343359586, 9.42370919573075, 11.274827468314855, 11.512636193695268, 9.232312914862634, 11.684530821754793, 9.096574217182178, 12.994402215547982, 8.17600450726998, 10.586340413090275, 10.034402539775376)"
n:final sigma_8 z2:180.0 z1:1404.0 data:neg,14.020315172422963,2.0110387927255595,"(15.166939436335543, 12.704321448730052, 14.557371579422531, 13.23416095239366, 18.013618847163187, 10.695307785539217, 11.75863210908569, 16.386352785654733, 12.72928451950844, 15.13297709630918, 11.506114391147754, 16.748848113053278, 16.967249158408972, 11.355412014696933, 12.342220546986614, 15.608757375302272, 14.526160752627025, 13.263437189475185, 12.214512935046793, 15.772454726445183, 16.061901360697714, 11.99644051549172, 14.300882637929101, 13.47268631330783, 15.392765527174802, 12.515589520455235, 16.021335151598574, 12.026456707841504, 14.906922099030403, 12.926872695251518, 10.040632870809967, 19.191202635656733, 11.027484725973734, 17.471593092593984, 15.854520956155953, 12.15150121282408, 14.870846941013756, 12.95226811411024, 13.316415938162088, 14.469346663480222, 15.994513576046902, 12.040680104228594, 13.670181376109653, 14.095597054899963, 13.28438167620696, 14.505304443271624, 13.640034192856339, 14.125058167373384, 15.882066983623986, 12.126141603639477)"
n:final sigma_9 z2:180.0 z1:1404.0 data:neg,18.0098441969371,1.8830000798641404,"(17.786137427168683, 18.044452042026425, 14.003658201745331, 22.91541720801307, 17.52069297895361, 18.315397806687677, 17.75220646867354, 18.078902037841804, 18.608466745130144, 17.244283268561485, 17.433640126135174, 18.410220682826782, 21.329819085853906, 15.045294826742866, 16.776025943012343, 19.129428844263263, 18.832296922974884, 17.04085416083272, 16.07329725005289, 19.96460348941312, 17.97911334271865, 17.851175820886144, 19.360908391885893, 16.5760201927212, 19.731156760156352, 16.26444316530585, 19.28825370057886, 16.639319146432914, 19.929866244767403, 16.103979137618655, 19.303118304366706, 16.626852237418692, 16.648106967173142, 19.277304448628612, 17.521913634055714, 18.315430140157282, 19.022291730983966, 16.867053679983037, 19.905248211743746, 16.122851829381535, 16.313514280884363, 19.663910294199834, 16.214892821309647, 19.793355163515105, 15.449940420849092, 20.772902346339436, 14.356590481688402, 22.355696420421708, 16.567867828325777, 19.36403718544753)"
n:final sigma_10 z2:180.0 z1:1404.0 data:neg,18.700654132001247,2.1312106922065936,"(20.105854240381632, 17.17847434683858, 19.061782805273594, 18.112044958988566, 20.248878899664874, 17.051611090672267, 19.40481097123046, 17.79892570559122, 16.536205866652885, 20.87567674629493, 18.622041110147148, 18.54919675064825, 17.416683397816772, 19.825286166264956, 22.782036666729912, 15.153867556173845, 16.808111175195286, 20.54289391873615, 16.617064965444598, 20.77655934666586, 19.232602010388977, 17.95962632349353, 15.072947045610892, 22.912258589703338, 17.21134556561923, 20.066022262218418, 21.38024094832412, 16.15466222340419, 21.276210135927744, 16.23462434441347, 18.789080631144127, 18.383858260525987, 15.667522870980731, 22.043832211481472, 18.79119245944338, 18.377069486556838, 22.886109962963204, 15.07721553320882, 17.97945601623219, 19.20796444752551, 18.599057864699795, 18.542981445828232, 20.54321478380615, 16.813817924350406, 16.67175160227283, 20.716452634484877, 22.225080414825474, 15.538355238515544, 19.682850697041907, 17.527295979659407)"
n:final sigma_11 z2:180.0 z1:1404.0 data:neg,18.812606475957327,2.420191738432316,"(17.080202916460077, 20.402380220903154, 18.568998031942595, 18.752407434412763, 20.08631803978389, 17.33721488130735, 19.236888110612977, 18.114868653520556, 17.824653981633645, 19.530616257991902, 22.394298739855948, 15.565923349893424, 24.17184461627954, 14.409112380199149, 17.9492935737123, 19.407716962174813, 21.065615390275394, 16.533011931403934, 21.989222285084658, 15.834236029081646, 18.218162397881507, 19.13092178490099, 20.344708522195162, 17.12449718905732, 17.93076561577192, 19.432046006590994, 16.049056282137478, 21.71623480266989, 18.137825079364756, 19.215704328399042, 19.992264065729987, 17.432964632286918, 18.56938132223656, 18.76302863319825, 19.137005575798508, 18.202657410995876, 16.68258511133484, 20.860121965945435, 15.793414615254571, 22.060499887971893, 17.13915992755629, 20.26936765223791, 18.477550328024073, 18.861979731814845, 17.95096412752969, 19.412480384807868, 16.27836325979864, 21.41040697966602, 26.829094555800694, 12.95228783437869)"
n:final sigma_12 z2:180.0 z1:1404.0 data:neg,20.116154325923926,3.582245374103523,"(22.99994110581445, 17.08163226140516, 23.673954233166263, 16.558195439652554, 13.083960185667157, 29.95774130438718, 21.54844260214638, 18.23212550557123, 26.887018477172635, 14.5860386410386, 14.822687447252008, 26.494151042107237, 15.6762338544297, 25.022636377999504, 17.517462331178272, 22.40897697885545, 17.724102080149706, 22.129097604147088, 21.816690741257805, 17.971752115543147, 18.64506354210232, 21.07887977810571, 18.644901006527398, 21.060828526643665, 21.974903651171044, 17.87138347689594, 21.929997242322028, 17.917161780480996, 16.81303915654259, 23.37156230190455, 23.535413216268815, 16.697542524032745, 20.72776290961692, 18.950239261076206, 20.504385303589554, 19.147467264463778, 27.64424194793258, 14.164612805835086, 23.734739755731308, 16.543440231411584, 20.770926858162397, 18.783412587921514, 17.475377602980927, 22.487324479469265, 19.82023462086106, 19.81888253421612, 18.66074664336176, 21.059538367454387, 17.729619961976866, 22.051246628196093)"
n:final sigma_13 z2:180.0 z1:1404.0 data:neg,20.26046030963655,4.981546464890944,"(12.934299760369765, 29.917771427992186, 22.042507944252886, 17.54337389489416, 19.230208072985604, 20.11223781751566, 14.239383944774634, 27.177454877742797, 22.556034738377797, 17.143351063203994, 18.678645199635607, 20.7174040409704, 28.57952157818515, 13.5339500089868, 15.284756034381656, 25.31079878129188, 27.520466817946073, 14.05632509345193, 15.471188507376693, 24.999333516884423, 22.748904710485494, 17.012210939112204, 12.31004826333116, 31.42981087319715, 15.312522147982735, 25.276287275122826, 18.281268605690503, 21.169600937749905, 27.99065298361365, 13.825935748863829, 17.547173550264013, 22.055279204447025, 17.858180137739712, 21.667966531695836, 24.811271516860455, 15.593707196015535, 23.33405321786579, 16.566013211697086, 26.523634527951902, 14.586957716570454, 15.205961099809302, 25.387272834983257, 17.89969380711275, 21.620573995919077, 20.700360173281062, 18.693291156227613, 23.419769884896052, 16.518963870939498, 25.452174304055266, 15.174461937126297)"
n:final sigma_14 z2:180.0 z1:1404.0 data:neg,37.36811313889504,4.811794659347892,"(33.25453289996059, 41.33674455265199, 35.454660114226414, 38.73998232410372, 36.15730414561354, 37.9905903555584, 28.56539821638897, 48.12436561891826, 46.92301707856837, 29.27261615352717, 46.83848570712771, 29.33115644956128, 34.177627536749874, 40.19624625327297, 32.24027538777045, 42.62383076697276, 35.62333833743801, 38.56828713161912, 36.30764884897503, 37.84727504416707, 34.15050158725853, 40.254142541692524, 42.18745422901073, 32.57607102342841, 38.450262477833974, 35.762465955607894, 35.98969370659752, 38.19627519416169, 41.83961390788199, 32.85164839760208, 49.9426502445322, 27.5232340251888, 41.07151077301244, 33.47287549267671, 33.269092839595764, 41.30366379952685, 35.99343922042903, 38.14049561565068, 40.55907060760942, 33.88516830091016, 39.84238167698969, 34.43729480957597, 35.78320093368875, 38.4165644840827, 36.84657717374052, 37.28928220042823, 36.894722216312815, 37.26892809462603, 41.83117815493662, 32.80281433699161)"
n:final sigma_15 z2:180.0 z1:1404.0 data:neg,99.74028574264929,6.647241427189757,"(101.78195847030905, 97.31708206036599, 110.41822059446628, 89.70224862517891, 105.03738797415737, 94.29773921020427, 98.48302038187691, 100.57683780640133, 92.16616411685708, 107.4665886338244, 101.00363364540875, 98.06547636673201, 112.25380608201792, 88.23700452353447, 109.76032051551387, 90.24123632609839, 103.24790814700947, 95.93329961769193, 109.59016336465119, 90.38138808661961, 105.87363384539047, 93.55582673473246, 97.57758663035482, 101.50893245813424, 105.11551781275068, 94.2306325392943, 91.48143353465545, 108.27471920620336, 101.95435772850136, 97.15249459232137, 103.46039576489157, 95.73821717576148, 108.29122170521688, 91.46690672808953, 95.60738560386122, 103.59935912482847, 95.34988713366839, 103.87565056130975, 91.920834470976, 107.75649086756165, 103.62918641325541, 95.57329424791025, 92.98557432178683, 106.52309778180265, 100.04549938169419, 99.00430038292714, 98.10149372372987, 100.96688671654822, 88.43108208008672, 112.00090331530215)"
n:finalit20 sigma_1 z2:180.0 z1:1008.0 data:pos,3.947027192564194,0.7130190100170484,"(4.193376614435946, 3.595277358762259, 3.7757337982309926, 4.000101995913378, 2.7540454745263756, 5.47310692325303, 3.767066272095183, 4.013051530278322, 3.2278963636968, 4.668530939820345, 4.666052967091932, 3.2403156717764494, 3.0622950387735854, 4.946638505168627, 3.067669698771812, 4.908224192363285, 2.869713511148379, 5.25097096475649, 4.504407130914073, 3.3501528146253907, 3.5893524115614843, 4.213585569906245, 4.402816367043745, 3.431469743954226, 5.197265883596246, 2.8855936753050937, 3.3356206956928736, 4.531361237028065, 3.452098065186653, 4.377279072832098, 3.3573164517552225, 4.500889959656655, 4.0944573689615185, 3.690860132397426, 4.150336233415465, 3.64418376948081, 4.928016398120771, 3.0547239871416636, 3.529683807866173, 4.263073572654879, 3.201280078513295, 4.716746911554391, 3.7403013703307693, 4.041620833936549, 3.676219927447027, 4.114743157875657, 2.8538948440608283, 5.26551156555525, 3.58185552155167, 4.1945732474243425)"
n:finalit20 sigma_2 z2:180.0 z1:1008.0 data:pos,6.96082054173038,0.8144643633751547,"(7.265676755033484, 6.567666814154104, 6.20487378686327, 7.709150271370474, 6.979671787110815, 6.84779759994225, 6.029504480941766, 7.936689971560488, 8.120603387940951, 5.888026966454931, 7.114354031685525, 6.726548957307187, 7.854555451516286, 6.097606015628365, 6.948354272190474, 6.878573340706504, 7.074932954913359, 6.756801579041853, 6.490009998714784, 7.360364107833844, 5.476462204775319, 8.738450997769059, 8.053332167997924, 5.941208453093935, 7.19830626690206, 6.638747677855729, 6.688107993483819, 7.154717209629812, 7.734026795744005, 6.185013539478419, 8.52601121668769, 5.6094532520337905, 7.072479957463587, 6.764468638644676, 7.551020075195362, 6.335814080460378, 6.558148515013412, 7.281283012047471, 6.359902794318446, 7.510869247987695, 5.680134572692149, 8.417319285822016, 7.16486588497468, 6.677524267466717, 5.579763343420301, 8.57786495109075, 7.657788655962546, 6.235769875241875, 7.2611424399593965, 6.559267182395233)"
n:finalit20 sigma_3 z2:180.0 z1:1008.0 data:pos,8.989663287543994,1.0308099641915516,"(10.73417264226582, 7.428080650055722, 9.378470208931908, 8.510293710119921, 7.263683919604016, 10.986674941930678, 12.342263049891198, 6.468629331257362, 9.00756298504941, 8.859257443862552, 10.24657930268587, 7.791632936160809, 8.86424393676394, 9.007322451013964, 7.271731834911772, 10.953188208735188, 9.496751626455012, 8.400013381672919, 8.421068293650137, 9.47621790448331, 8.933205306233225, 8.937592543571448, 8.683293434668995, 9.193373982680829, 8.724335535701627, 9.145785650457045, 8.956855551460047, 8.913585589999428, 8.522735399256183, 9.364866526352575, 9.61222327977299, 8.301039855482477, 7.825753700389789, 10.196764032865772, 9.202133250524048, 8.672817722513932, 8.19629219122341, 9.73250728667771, 9.006606815303693, 8.853695657665698, 8.241323689722039, 9.6802631044356, 9.587793762509305, 8.326111755213164, 7.931485147369392, 10.067519284805599, 9.417740273471841, 8.46660738797931, 8.481485499450283, 9.399532399940684)"
n:finalit20 sigma_4 z2:180.0 z1:1008.0 data:pos,40.00836501648873,1.2160257104409495,"(41.12876120879345, 38.88323754390133, 41.263224733715745, 38.75669548901276, 40.509301757080195, 39.477753566510074, 39.43515589697855, 40.553343469359945, 40.99266979522207, 39.012503993427984, 38.8686103233723, 41.14445282372609, 39.46371091526653, 40.52420692992734, 39.47066123175247, 40.516768301669046, 41.07030500207441, 38.93819531197575, 38.309333800950775, 41.745051300850555, 39.48938952999155, 40.49769386469931, 40.60885978231631, 39.3812524023681, 38.9856062928054, 41.0207590442056, 41.951647084786075, 38.1207775161294, 39.46610480836265, 40.52146693459667, 40.40946273949968, 39.57533629583252, 39.68567952422235, 40.29717422565602, 42.34531865522458, 37.76570462038612, 39.599294300778624, 40.38493310356755, 41.82658880971632, 38.23417844847557, 37.93804613313426, 42.15360195836015, 41.041307349147175, 38.96630781495564, 40.22437242885615, 39.75782647810296, 39.3139445689389, 40.67818801816774, 42.369117849382576, 37.744366846202865)"
n:finalit20 sigma_5 z2:180.0 z1:1008.0 data:pos,20.041222574836265,2.328671226026008,"(21.142483874030418, 18.7495018076139, 18.600896368894166, 21.311994638101854, 20.86558755990949, 18.99829698302872, 19.623888975090285, 20.201158919076153, 20.506674949596214, 19.33150348348315, 16.273275521716485, 24.360570275033627, 18.26073673202649, 21.709445218885698, 26.903996438693266, 14.734252576143309, 21.218776892430412, 18.68126037510859, 18.980921505533153, 20.885176780597195, 21.50770475318186, 18.43186662080415, 24.803893110880733, 15.98237134732835, 18.12253871588809, 21.874242246320957, 21.12196355183823, 18.768672142880995, 17.24517868121244, 22.987630869788788, 16.879201862770984, 23.484843941177775, 17.153045662085898, 23.110651884672826, 19.23839929771523, 20.604223667569126, 17.794161309738577, 22.277546490932448, 21.713127228521213, 18.256850608128264, 21.42100736088776, 18.50588654758748, 20.392681367687796, 19.439674669952993, 20.815762940733922, 19.04490901315543, 20.33600647809091, 19.49340801945166, 18.589881145679822, 21.32339733015577)"
n:finalit20 sigma_6 z2:180.0 z1:1008.0 data:pos,7.501145009647312,2.080477928551017,"(9.03336519256886, 5.780569875413493, 9.493959380755118, 5.506050400130547, 5.831743363228543, 8.960078619821193, 4.547240047573145, 11.5009256081303, 8.803951369387947, 5.9361163973791875, 6.295122609096133, 8.30757569617347, 7.71896942819485, 6.778326623501002, 7.7735939194678165, 6.719808043581698, 5.653080438197983, 9.241878249604254, 6.603758219175554, 7.9117708695454825, 7.847214809837372, 6.665197418934291, 13.572986171197208, 3.852064459207207, 11.396354426279757, 4.5855487491864055, 7.5299910279962425, 6.9440333485441785, 10.875949308446447, 4.807587390284662, 5.836340606607322, 8.958073044830128, 5.8306571489969645, 8.965346690386536, 6.500830982730185, 8.043117715241038, 6.844410798252253, 7.632455530541265, 5.373949656854592, 9.718816054448201, 6.10938355103753, 8.555717549720743, 9.629676580356785, 5.429484714388356, 5.976215978191612, 8.75241340018833, 11.39245126071613, 4.582920226856935, 7.0702722362324435, 7.379905294948086)"
n:finalit20 sigma_7 z2:180.0 z1:1008.0 data:pos,10.53406356773423,2.211408999487925,"(10.631244189759819, 10.000299993516013, 8.45742619309829, 12.574647469022379, 10.517930850265758, 10.109799215850218, 7.166962114172263, 14.840345986765417, 8.690961183334949, 12.235655765865653, 12.245369692165344, 8.68562950562029, 8.921915285886753, 11.920550967080931, 10.775936618889085, 9.86492940439117, 7.729210010841878, 13.756119276024656, 8.24361505205676, 12.899876021275697, 13.120548268409538, 8.106602080705766, 11.263888167076995, 9.441621828033117, 11.054849260758626, 9.618804977146308, 10.519389329391712, 10.111033933157916, 13.921996027205342, 7.639359741950119, 15.027710367632611, 7.074558262456717, 10.960267536767358, 9.703456372276051, 11.974233679320312, 8.879671846851267, 6.41931424631064, 16.562826567359462, 10.583383815346036, 10.046003924231881, 8.020222683533126, 13.25892503940312, 10.457644600253754, 10.17005640482567, 9.667751458386997, 11.002316638111832, 8.128843212799234, 13.07978581134694, 10.342220910168974, 10.27746659961091)"
n:finalit20 sigma_8 z2:180.0 z1:1008.0 data:pos,13.960831247763991,1.5915068393525678,"(11.427202428334848, 16.83889995065305, 12.950457429046045, 14.859688214976304, 15.516516628163032, 12.40098906713524, 14.461024504373823, 13.308889144879, 16.35610109865905, 11.765841807127149, 15.172106894267515, 12.685166158657921, 14.361611934616386, 13.400720314806502, 14.662790401217258, 13.12234625706369, 11.645423306079538, 16.52136607233116, 12.145633745936966, 15.843865613452861, 12.780214262204245, 15.059545305877492, 12.809178577604534, 15.024897057760596, 12.136794964270466, 15.853999499078153, 15.57827225308897, 12.355257629905282, 14.431733204353456, 13.335830845351966, 11.610849811622247, 16.573169680286366, 13.58348313192416, 14.167207179873287, 12.951636836639395, 14.854644239100637, 13.3257526727769, 14.439088819695197, 15.95419037271625, 12.060660686587397, 14.59641677806949, 13.183206365323011, 12.151579616126556, 15.838135487088849, 14.20971210358083, 13.545608386916463, 16.03267291997441, 12.001952202232989, 16.465754756264314, 11.68347577012819)"
n:finalit20 sigma_9 z2:180.0 z1:1008.0 data:pos,18.060016031901178,2.351387198232123,"(15.631710013482644, 20.521696918417433, 14.31256094071141, 22.415715498535175, 20.33640422772178, 15.774112131654286, 15.87308909542792, 20.212893797805524, 16.623772499802726, 19.29968070101601, 20.189806828501872, 15.891411237881487, 15.32691326127875, 20.933922413085533, 16.082766756149887, 19.945598496651808, 19.24956906119894, 16.6620031799174, 17.164358951563123, 18.69119191759413, 18.082753052492304, 17.743200810285916, 18.697225563437488, 17.159927383161, 18.112802976413814, 17.711800635817834, 16.89252577260162, 18.99440309839759, 20.792929574990453, 15.430395753639003, 15.303843796921463, 20.961415226321574, 14.44194936580328, 22.214881599750534, 18.065049819018693, 17.753296850003903, 17.18837979549557, 18.6628641467751, 17.080892754563877, 18.78110813708987, 16.97900308041857, 18.894081202491545, 15.348298259151132, 20.90422734486048, 15.595566226694762, 20.574328716298425, 24.226972794141325, 13.241931115844787, 19.942226727753933, 16.0833420860251)"
n:finalit20 sigma_10 z2:180.0 z1:1008.0 data:pos,18.653504251833244,2.2978227146637473,"(18.90309034204272, 18.135118991362233, 14.607901631417535, 23.47940539845984, 18.2433094090428, 18.792270105608594, 16.596665228511394, 20.666258663923788, 26.398666402438135, 12.991007647950322, 18.371739223353153, 18.669736033724533, 19.088938914630624, 17.970634978027974, 16.533757214293157, 20.73347331311954, 19.178822307783626, 17.8664693886034, 17.977623506455274, 19.075033802854893, 16.82628184388611, 20.386018532131143, 20.41778353599907, 16.798771017470482, 20.840883739819837, 16.45311626145627, 20.048248621780907, 17.11281675369748, 20.840305822487885, 16.45902626946573, 18.468739080377652, 18.558979154758156, 18.44216441199098, 18.593116808529157, 19.179569476054414, 17.858411022745873, 20.885359982858503, 16.41327163267805, 16.48892839107384, 20.79368982844918, 15.456449017664886, 22.18393349991044, 18.383879065816473, 18.65826074152786, 16.006103039781465, 21.43483888958041, 19.29787574454149, 17.769163991636777, 16.248478855476193, 21.0908250544119)"
n:finalit20 sigma_11 z2:180.0 z1:1008.0 data:pos,18.600447788533295,1.7916944240169093,"(19.361272193617225, 17.70199687157701, 21.649597897738463, 15.837419317425683, 19.531293102169407, 17.54576566453933, 19.614509840545903, 17.48819062666416, 18.075013845053707, 18.976195874271866, 19.532966562036464, 17.56242961693588, 15.255784853531162, 22.490861991555917, 17.326244785299217, 19.77782665390702, 20.85756544526814, 16.414094410419025, 19.264795902897742, 17.797854831137137, 17.71409950715756, 19.3667766454825, 18.163920399496384, 18.885305120833202, 15.91348218397779, 21.54089204516797, 18.85155212587275, 18.20625018836548, 19.63181240847184, 17.47240085203108, 18.44703133387003, 18.575827622725082, 15.869548238274845, 21.607164553257654, 18.194578972726028, 18.815602261310485, 17.898264738700686, 19.146585674856173, 22.33451575979146, 15.346066084196117, 18.399761737960908, 18.63108965931411, 16.967569253240647, 20.218452228869875, 20.406858466681967, 16.818321599361447, 19.990140984378815, 17.1521417685535, 16.03806909114576, 21.356627634001867)"
n:finalit20 sigma_12 z2:180.0 z1:1008.0 data:pos,20.272770481230783,5.05854764589087,"(22.644423587938704, 17.05794174759268, 19.88715992671503, 19.464658909144376, 30.790918099034297, 12.551278025799935, 25.858603223096367, 14.981494522959858, 19.767579738327587, 19.598082834261376, 15.556349733555395, 24.91005365853408, 18.0813483925958, 21.44576810086695, 15.910002370921989, 24.306080814619918, 19.479271913302227, 19.792828407072225, 12.90377215320049, 30.003985682004856, 18.086133942928942, 21.4276860362225, 32.394982234204, 11.953327512366489, 23.058351364901103, 16.777548457994552, 13.994798399348456, 27.719376383198078, 23.34837123190758, 16.59773278130677, 18.158513604494008, 21.298389630891407, 17.889461185224437, 21.641537180884598, 25.11012388576796, 15.328526687857359, 23.003278585228664, 16.80484832013823, 17.585495093122866, 21.991128719893492, 17.732065209154044, 21.816309817590106, 26.251577852987513, 14.76050655728731, 12.59731144454589, 30.797107633623718, 14.54172880720628, 26.618643482865522, 18.51345523432473, 20.848604942528368)"
n:finalit20 sigma_13 z2:180.0 z1:1008.0 data:pos,20.01613918095606,4.598610698755183,"(20.965920704115952, 18.138575055145782, 14.847824835102466, 25.627637046543054, 21.148875969957274, 17.981317022107213, 18.569841126756337, 20.49399010105116, 18.6674802851367, 20.38652431420605, 15.39240783294647, 24.725840006120855, 15.955292336760888, 23.859251956825666, 17.493295271588742, 21.735042435456254, 31.771690348250235, 11.955457344521886, 24.840857342352525, 15.316341502207067, 24.11238957328374, 15.78421442623671, 24.620460269260796, 15.457054149286137, 24.280482089335024, 15.66568039294827, 13.797554034916729, 27.593269172686288, 15.906497932234927, 23.92684254494041, 26.09249162396505, 14.570274377035014, 24.525481824317325, 15.51405064695438, 25.467475222748995, 14.911281632896063, 21.692496133025745, 17.53053121798468, 15.281197520225605, 24.886315638570938, 14.815570756539337, 25.676811844271647, 26.762021649900504, 14.220783434618593, 16.375372233449365, 23.250839759121842, 17.6270320853968, 21.585328193552687, 19.01375643977477, 19.989939391171706)"
n:finalit20 sigma_14 z2:180.0 z1:1008.0 data:pos,37.32315000653413,5.478934048479204,"(32.75380257414679, 41.65020846830058, 38.991723463389334, 34.997881238241256, 35.28930498033193, 38.63813700874016, 26.745137638605694, 51.02636873057316, 35.04755087122387, 38.93925767654918, 32.18850513267391, 42.39955256108156, 32.35842613205746, 42.19996436485495, 36.5698097635967, 37.30571149718817, 42.63018696594404, 31.945009635104853, 36.248092921249054, 37.64368726881964, 40.32872679081018, 33.84482662871178, 44.08864952269122, 30.95417650868387, 37.34464328833067, 36.51992757608126, 42.391196240323524, 32.20006355721035, 33.24147264727393, 41.05989407159963, 38.01053223553827, 35.87835227355225, 42.64990179944219, 31.992357635767743, 31.905107593186493, 42.69561816044102, 38.69310597817923, 35.24630363734014, 34.209838796266325, 39.85823947963484, 40.97872304715769, 33.29574316029416, 38.966269298703054, 35.026527401716315, 31.46405119474196, 43.39299048087322, 26.892959290739586, 50.72694340340867, 48.863896178617935, 27.868143556715896)"
n:finalit20 sigma_15 z2:180.0 z1:1008.0 data:pos,100.0312207924029,10.176608085358428,"(105.0809435733886, 94.26601968468688, 89.64870502890406, 110.4954975776366, 106.61702780510716, 92.90678429818433, 88.66754692957923, 111.71852783201868, 93.74709723687299, 105.66478457800437, 97.7196974062, 101.36979048623475, 95.96372362752501, 103.22666993628614, 103.3516673877278, 95.84466048923908, 122.91538258013138, 80.58364296199863, 104.89561565646275, 94.43390670615186, 123.64178017778053, 80.11763360003903, 90.77246262746317, 109.12736063231117, 119.70787971596671, 82.74575019187563, 109.81644026866246, 90.20430109295411, 99.4697786086308, 99.58602899099392, 91.78967885818703, 107.91339403022943, 96.62937461048978, 102.512079327932, 92.87471082075687, 106.65123964559854, 116.89269620145708, 84.7401405807665, 95.77320099197946, 103.42516054304976, 106.48143470643438, 93.02826606880491, 110.24478412217843, 89.85314831347529, 101.37484470238185, 97.71641837879893, 91.8778939563567, 107.81156846898635, 107.68965067368943, 91.97424692957459)"
n:final sigma_1 z2:108.0 z1:1224.0 data:pos,4.008791799748778,1.0756131599106908,"(3.776861071537469, 3.978379467272434, 2.9210630628138756, 5.120706452816631, 4.332120146014976, 3.4644153615556816, 3.8304283395050396, 3.9185894056995902, 3.0224543896022356, 4.9488528181809475, 2.9682952262094946, 5.056736476990008, 4.305018811095601, 3.477238343984421, 3.259904778674577, 4.5898827997427905, 2.4284062788659355, 6.165385896776083, 2.5661027128476253, 5.826672405023865, 4.484769767887336, 3.3328419986700166, 3.1644646092651243, 4.738695599731643, 3.475360933357889, 4.328346899693625, 4.911544731373592, 3.0550241385795136, 3.54427246917682, 4.23295963386099, 5.057043259820304, 2.9714068576334403, 2.817691415058199, 5.303807551947527, 5.769907737840578, 2.596174570127803, 4.877718711103854, 3.060617472537772, 2.241372325215644, 6.69085584346541, 4.148144850036363, 3.6234865472499362, 6.216892085467796, 2.4111148558486897, 3.22863097799421, 4.6408355838552495, 4.469256612641762, 3.3551578501270236, 3.9169467877158746, 3.816733064945527)"
n:final sigma_2 z2:108.0 z1:1224.0 data:pos,7.105831062372435,1.244722185404368,"(5.227688793583778, 9.39101900972756, 8.043977510431862, 6.094523309340289, 6.7539027973729855, 7.2564525564186315, 5.216566136804963, 9.403304578082665, 5.551765989488622, 8.821182980399682, 7.703238047869207, 6.370462970754695, 7.208173054725736, 6.798299297284443, 6.893827929112789, 7.086584133662613, 6.202923158842679, 7.902112226928161, 7.9276061073693995, 6.184152842389753, 8.552866377852009, 5.711776281929436, 7.112310409596239, 6.8941016436582, 6.440932943300182, 7.6237438774340145, 7.209560095018976, 6.803577989256344, 6.102101264480227, 8.036464809185528, 7.591661632587812, 6.466299794273145, 6.634431626675757, 7.373261679567768, 7.607072610257891, 6.442700070433032, 5.096398215357463, 9.563058649493637, 9.325802595247316, 5.262411416280957, 6.143612050769567, 7.991061147294544, 7.8904946461342185, 6.216505914361282, 4.9370008026811245, 9.924524883146134, 6.781815024006834, 7.224190205230049, 5.69728158216679, 8.596769450354726)"
n:final sigma_3 z2:108.0 z1:1224.0 data:pos,9.019646353134283,1.204125242357407,"(8.88805476937386, 9.003831997634872, 8.262716139211019, 9.678160830043597, 9.327005772867167, 8.5755040195465, 9.572404143209937, 8.357315265614691, 9.399023721110943, 8.509076333538399, 10.32050484587234, 7.752792848625584, 8.516055825696421, 9.387882174938339, 8.820328786642905, 9.060266845566428, 6.958733665541953, 11.491450297996606, 10.08771495432946, 7.929089850022375, 7.660761627539666, 10.43315525279244, 9.505474228792727, 8.414989773709065, 8.008063530988633, 9.993887081630122, 7.5867148340761865, 10.541402338129055, 8.773461155112681, 9.118196905255358, 8.393104810473938, 9.534555588219256, 8.262222391388164, 9.663331487858535, 10.811881974586052, 7.392752342871684, 8.691071979123127, 9.195527209910248, 6.080148908205243, 13.14966409355914, 8.65279435927213, 9.248820751809049, 7.642816230731737, 10.467574585286812, 9.699110605393981, 8.245723628622503, 8.079544923523224, 9.90074024524546, 8.239822207375951, 9.69708951784862)"
n:final sigma_4 z2:108.0 z1:1224.0 data:pos,40.000056903942266,0.9964777810317319,"(39.35688052197485, 40.629137992750636, 39.84863462909847, 40.127708093471306, 39.810547846067166, 40.16604588443391, 39.91775545916403, 40.05829085689765, 42.33132922246402, 37.77417835417446, 39.92759684849819, 40.048381426260015, 40.131192358610704, 39.844817494708494, 40.145060206171095, 39.83133622793251, 40.24513662252333, 39.732263178598956, 40.14210739375878, 39.834420068358675, 41.5151206461024, 38.51689236906942, 39.669589061698105, 40.30882190766639, 38.9484506789458, 41.05522418761739, 39.95365949505404, 40.02225958137666, 41.79383865700631, 38.26005855419118, 39.54983450113628, 40.43098151016648, 39.487328757752024, 40.494769038024614, 41.508038417011996, 38.52348204902915, 40.36152586381313, 39.61725529912688, 39.78381291758933, 40.193038474285416, 41.1896488572106, 38.82138092004016, 40.26102487990925, 39.71674030107699, 39.16699888326659, 40.82609687360215, 38.34569588935895, 41.70048812811217, 38.01079293271877, 42.067174879237676)"
n:final sigma_5 z2:108.0 z1:1224.0 data:pos,19.982484706929817,1.7956661838647345,"(21.253473748526666, 18.64101774337648, 19.536237001697426, 20.27908145479629, 19.560627477184504, 20.253598731398576, 15.41967606105323, 25.693402307447325, 20.37596023828602, 19.443483370131144, 19.173987261883774, 20.66280811511334, 21.01210827266981, 18.85417626349066, 18.614063558019904, 21.283050301981284, 18.708468178313332, 21.176514109363573, 21.01480293590513, 18.852655188939462, 20.853695360728256, 18.99770513701508, 22.78747055980438, 17.386070482769824, 19.31364348174985, 20.513319166221365, 17.867701989058315, 22.17320175475011, 17.577765855328543, 22.53876816085981, 19.892853214555533, 19.915994718037705, 16.815782709021246, 23.559669854925307, 20.431699200014478, 19.390486241337296, 20.06787468949687, 19.741052254687485, 18.64465620909674, 21.24876125424098, 19.525892154384575, 20.290532867583803, 18.281887477627276, 21.670618699219222, 20.256453087081653, 19.558369527555, 22.78516975056249, 17.387656576065673, 20.744484490428462, 19.095806102705577)"
n:final sigma_6 z2:108.0 z1:1224.0 data:pos,7.581094724135769,2.37925898006759,"(7.673631799497981, 6.831694035666621, 7.793432573821195, 6.720259901179864, 5.730031136766826, 9.141449254314344, 11.46009237055438, 4.57216133882668, 9.857373558236437, 5.3127543457645965, 6.775796432633663, 7.735197166311091, 4.673198604050864, 11.204525438329034, 6.258950204011218, 8.357457534188308, 6.625886184244766, 7.903428642279293, 6.6572096802074245, 7.86681348764921, 9.164641624463995, 5.708459610917603, 7.1850763331580625, 7.291212977906322, 11.125594263022991, 4.712565052658702, 8.095937132520648, 6.471603990049891, 8.212724168122707, 6.378708705619231, 5.594890933622036, 9.369717283523695, 5.726929956084088, 9.134649883388759, 4.850926036990348, 10.792415123593488, 8.627116391524497, 6.063501535126384, 3.317787380271292, 15.778226528704066, 4.770895778058251, 10.988670322511709, 5.141453336587638, 10.192033236598217, 8.098645778661313, 6.467368160431084, 5.489170278582178, 9.542198265648459, 4.87646300070379, 10.733809449203246)"
n:final sigma_7 z2:108.0 z1:1224.0 data:pos,10.486235325336565,1.8833844637178474,"(8.289080454782711, 12.855346476095036, 12.035949729672904, 8.850783991408152, 12.796455243291495, 8.325039463246918, 13.865067726606956, 7.684395333528224, 7.856215075360617, 13.55897635967968, 11.955239677662382, 8.91286611747173, 12.66415373851638, 8.41117311944625, 12.368228642924583, 8.610861630378436, 12.836517521139658, 8.298842757549895, 8.991483019614666, 11.848165092805992, 8.739508694123533, 12.18852409425282, 10.69326126191781, 9.96312869323689, 8.620042904174726, 12.361912502501028, 11.104114765645711, 9.594533788049043, 9.181183560858333, 11.604120918248288, 10.42344840794919, 10.222683520799906, 13.371869361414085, 7.965032327215214, 10.55605235018298, 10.0919195470392, 10.589627794039663, 10.055316309822475, 14.500133885946731, 7.348481939052492, 9.498039477566728, 11.21912114912053, 11.525517621671398, 9.244227940602592, 11.674950997627503, 9.124990674221312, 12.985945292441341, 8.203808479526984, 10.587635718191253, 10.057791118205861)"
n:final sigma_8 z2:108.0 z1:1224.0 data:pos,13.982836913278238,2.0051313571276577,"(15.092531520358945, 12.699961137395613, 14.517812780210383, 13.198156020283186, 17.987395607034752, 10.653617614627647, 11.72954974838634, 16.33932972381475, 12.709133518503545, 15.078821319727066, 11.468201105708378, 16.713482869998902, 16.917739524332305, 11.326167272794569, 12.321701645036333, 15.54857820820818, 14.481228912899507, 13.233579816598569, 12.18390337903794, 15.729779884437082, 15.972414718714795, 11.996252534477145, 14.284427417374546, 13.41680967063895, 15.360458156938975, 12.478168273559028, 16.015610662147814, 11.965847762715232, 14.85462339398178, 12.901966793371315, 10.021807992414217, 19.125364762387402, 11.012067316408968, 17.39981937905151, 15.82612754223993, 12.109486300745912, 14.842793978037937, 12.907137466724732, 13.256227001724827, 14.456880003345358, 15.985836080831506, 11.990499669581698, 13.617676715924894, 14.073437606008225, 13.258946112025749, 14.453943671807497, 13.611950179580504, 14.080056349598117, 15.848421702585512, 12.086114839573952)"
n:final sigma_9 z2:108.0 z1:1224.0 data:pos,18.002055690652945,1.8773267174784465,"(17.768924413069907, 18.04785080646836, 13.991431690743276, 22.916223035678687, 17.532456626295875, 18.288367659970778, 17.78233635819385, 18.033416450649096, 18.627045739086693, 17.214687892847273, 17.412233854772175, 18.417969653516227, 21.305925925833595, 15.048289920154936, 16.790189319611002, 19.09460798674628, 18.81814642088829, 17.040173291195874, 16.07809199613143, 19.945577867120665, 17.894975550868175, 17.917502288968457, 19.382805924687883, 16.544547026436412, 19.73494933992071, 16.249997363349937, 19.3387473321738, 16.58201039588081, 19.917498389223866, 16.0997495849051, 19.305053908919945, 16.61178264627512, 16.694555215873873, 19.20582516517966, 17.556414767336516, 18.26456509174913, 19.011242035420896, 16.86337589700507, 19.872371883533315, 16.135071823613394, 16.293930881520655, 19.68239061822575, 16.17978487139759, 19.818880961709013, 15.47587510974902, 20.720693062987895, 14.377723134703226, 22.304128548903915, 16.578656693999374, 19.333732109154077)"
n:final sigma_10 z2:108.0 z1:1224.0 data:pos,18.592374057957485,2.1130428663583802,"(19.964592033207843, 17.102658635815498, 18.922226228831892, 18.036361418379045, 20.19771754062724, 16.898631330070526, 19.429481223306688, 17.5712109112546, 16.5155419235211, 20.66761724838259, 18.466162381120064, 18.491632754751315, 17.278582983710884, 19.74735055951658, 22.74241431700914, 14.995530932141607, 16.693152883611884, 20.449310249663025, 16.561420249444865, 20.616200963731334, 18.862536826296985, 18.09485501227302, 15.057891438428015, 22.67444577571994, 17.1481448812954, 19.911834480364877, 21.464757901253606, 15.904947636655468, 21.14182179096426, 16.147090616080753, 18.709924181398772, 18.249619578329455, 15.740475861300585, 21.68179305623273, 18.831887600336536, 18.126240623227925, 22.736910603516268, 15.002224346941638, 17.807226795337396, 19.16909575916247, 18.430751622358375, 18.528264225602516, 20.30843770420048, 16.810312551179482, 16.689537451207364, 20.455029152163263, 22.232474013190053, 15.355222228097084, 19.636221140807994, 17.36093127585363)"
n:final sigma_11 z2:108.0 z1:1224.0 data:pos,18.676859192570777,2.4136900040329494,"(16.913810728921455, 20.307180326131533, 18.37981412281585, 18.67345104055833, 20.061726013950775, 17.10739336161412, 19.356277073506465, 17.740593146756694, 17.850019595072432, 19.232074778286638, 22.12017405252708, 15.530191624607324, 23.90227750922058, 14.350532872925745, 17.96051836979113, 19.097900281565714, 20.87350659332751, 16.44799782111953, 21.928072910952306, 15.660307073261214, 17.610954084156937, 19.486519408284007, 20.38353015398123, 16.847824202524166, 17.878250518800925, 19.212902827491597, 16.236309217435856, 21.150312427824545, 17.98693920039405, 19.088933731224735, 19.912234625840505, 17.249374465845403, 18.806887935311334, 18.242921350093983, 19.28923221759726, 17.79385758385598, 16.5310081438734, 20.746453999575728, 15.558358100925608, 22.064140134901248, 16.9026693450565, 20.32604672162898, 18.136553195350018, 18.928797878247426, 18.055460339699604, 19.016159737773133, 16.356650206286844, 20.996024905331257, 26.78969361749833, 12.76414005481556)"
n:final sigma_12 z2:108.0 z1:1224.0 data:pos,20.17913382102903,3.6970732566978373,"(23.024088379167644, 17.140726335619807, 23.509274937147808, 16.756974303521023, 13.334946391970407, 29.533033306391566, 22.405438060135232, 17.60470258017093, 27.554941407351293, 14.302578844000784, 14.667307049268613, 26.911942848386296, 15.500781043355659, 25.37291362419625, 17.893618551009624, 21.96613668373624, 17.662357355827066, 22.32006464979613, 22.183846189057608, 17.79162062035137, 17.484407750777955, 22.534842879210576, 19.10522299548422, 20.651591780210254, 22.19810636210471, 17.77881683549203, 23.015553010068803, 17.139539668613914, 16.803106201065567, 23.464439592464853, 23.705795555594136, 16.648742629745108, 21.883867258595867, 17.99230641690778, 21.433847074040923, 18.38674086241192, 27.595548365365428, 14.250380704481532, 23.40026389643698, 16.847308188778346, 20.401877738069953, 19.356098253365094, 17.00907180580602, 23.178583319356985, 20.587823506240603, 19.1557293431304, 19.298375856731752, 20.43933112390233, 18.06572185784457, 21.706357058691303)"
n:final sigma_13 z2:108.0 z1:1224.0 data:pos,20.0562435005694,4.899774469048094,"(12.802823459509318, 29.643106820486313, 21.765432917148743, 17.423663111857408, 19.143255507543305, 19.813887589001112, 14.272285713613035, 26.587793523649427, 22.504657578585245, 16.858663375607772, 18.418611804082737, 20.60744898932857, 28.18809771535766, 13.448526791977633, 15.236657412533107, 24.878287234747273, 27.20809021443119, 13.943769596503687, 15.388137272619307, 24.662648244073512, 22.036760168712153, 17.213869304386737, 12.280958321233948, 30.900423852453933, 15.215736685816442, 24.944125775147114, 18.388075643083976, 20.635495092997495, 27.6999514938722, 13.698555623260143, 17.413449915282612, 21.79567649584565, 17.993380761641237, 21.07787759174222, 24.906770496557264, 15.232844498466097, 23.072278252473428, 16.430710348117664, 26.116525674974724, 14.527055979440508, 14.957574848984962, 25.37858248767004, 17.55286518172259, 21.613958981060424, 20.739607945944424, 18.295441014536323, 23.434715366698732, 16.190250838082303, 25.33581683419327, 14.93699468141508)"
n:final sigma_14 z2:108.0 z1:1224.0 data:pos,36.90244154718209,4.742501862833232,"(33.01475533654874, 40.60304031269149, 34.86616668002618, 38.439905948787775, 35.879992991373406, 37.34784922600435, 28.431883006209898, 47.14895968512248, 46.70714561980502, 28.695789907301958, 46.09232697427806, 29.0839369115649, 33.665556632779634, 39.77244485449447, 32.05953799103835, 41.79849967518356, 35.12608525902656, 38.14941333976669, 36.08912825566789, 37.14787046231237, 33.15950940597244, 40.41516019132121, 41.82855480470486, 32.04634894518221, 38.18314391366583, 35.11064826375189, 36.01238315728646, 37.223006064483464, 41.20246758663039, 32.53266595075237, 49.363341978739896, 27.159303279876248, 41.073024916224526, 32.624774765453225, 33.37361314445179, 40.16107007227311, 35.565405265548456, 37.64643823910261, 39.818295945999246, 33.65197319968087, 39.127385345217036, 34.2670383503746, 34.90811249430997, 38.40076497688622, 36.73775329469606, 36.486370679067505, 36.806747189589295, 36.41495504193168, 41.41483676053216, 32.28669506541521)"
n:final sigma_15 z2:108.0 z1:1224.0 data:pos,99.68576308378026,6.641977077948393,"(101.74552432759786, 97.24517914010949, 110.33531387732468, 89.6740115490398, 105.00406951244545, 94.22597781038836, 98.44102644362324, 100.50957358528727, 92.14238341475286, 107.37872106961831, 100.93680810170301, 98.02398848009227, 112.17118968211712, 88.20138302362463, 109.72560556279733, 90.17187196536284, 103.1781561888471, 95.89251571180894, 109.56081054566562, 90.30821535623309, 105.7668152518317, 93.54689543761312, 97.53527707276093, 101.4418948319444, 105.07063950017755, 94.16813113437999, 91.46504292117814, 108.1744525049632, 101.8790582674104, 97.1175133369548, 103.39981552781933, 95.68992124920722, 108.26516167567185, 91.38646264529619, 95.61131637666641, 103.48348050898399, 95.30987165127574, 103.80474519562149, 91.85055679753579, 107.7191575546538, 103.5832959469054, 95.52029036633671, 92.89281952551744, 106.51292947956978, 100.02080937492674, 98.92116494930819, 98.0782694218917, 100.88009066911589, 88.38403314289732, 111.93591652215794)"
n:finalit20 sigma_1 z2:180.0 z1:1404.0 data:pos,3.925679062819085,0.6811938519963983,"(4.206127780496331, 3.5572773474711354, 3.853763765922364, 3.8812490968189945, 2.8342269325240528, 5.279140510524026, 3.7905937722911225, 3.949242629483558, 3.240861764407901, 4.634678946001902, 4.738304407040393, 3.1555844301759737, 3.0365899768841587, 4.938123315662654, 3.0781124343580415, 4.852090074330125, 3.004641136930557, 4.978609928311629, 4.518269541658952, 3.3119912335946617, 3.5681826795032117, 4.193466673882806, 4.305895147094497, 3.4779678359354436, 5.129644009080827, 2.912893652742166, 3.422919866072362, 4.364874277147994, 3.372374157743909, 4.442840628951666, 3.3063619306920113, 4.526573987063084, 4.113709764870994, 3.6382891720068122, 4.232770956218028, 3.532500402602319, 4.810809459186393, 3.1065353529538964, 3.5208992069610887, 4.247726668791032, 3.237906030433516, 4.624086967274934, 3.7319477483575523, 4.015172368730338, 3.581789078338366, 4.172806848835074, 2.8593637283203055, 5.238860209681805, 3.5258432689288455, 4.229462037664399)"
n:finalit20 sigma_2 z2:180.0 z1:1404.0 data:pos,6.948954716375684,0.811269603583204,"(7.280611860895836, 6.538788716010802, 6.249537490110997, 7.6239022364945175, 7.043824221478779, 6.766092783136299, 6.023739507201797, 7.914017459592257, 8.136178767003788, 5.866298294197635, 7.1504839129480215, 6.664126703656638, 7.8200881570559435, 6.102167928787674, 6.913340003082205, 6.889197220358725, 7.153580895522636, 6.660994963271851, 6.479475088109954, 7.342638437046316, 5.4439431356679915, 8.752620893128856, 8.06226364682536, 5.913990778525304, 7.14901017872667, 6.663482553140964, 6.766812330463436, 7.037541608907013, 7.674016752897149, 6.21447059842683, 8.430929716614273, 5.653502473192284, 7.123571907273433, 6.69105048729101, 7.627528743651828, 6.244942317004842, 6.516204071991893, 7.30781047188645, 6.336268746672562, 7.521648450054638, 5.6844078978657695, 8.38225137945464, 7.144574848916958, 6.675449587820646, 5.542817534928876, 8.588375272596323, 7.607339940980371, 6.270734039977895, 7.20015165975282, 6.6009391481845885)"
n:finalit20 sigma_3 z2:180.0 z1:1404.0 data:pos,8.925594382145944,1.0248859474045504,"(10.694597980567597, 7.3539007726237715, 9.376757113284475, 8.386807059015426, 7.243754157645287, 10.859883457765935, 12.236211047568748, 6.43011625800899, 8.941085483919167, 8.804435788733656, 10.18461341203947, 7.723751484594343, 8.786367511116312, 8.958350898122044, 7.201893475475803, 10.908010311780078, 9.499162779205172, 8.278859421119035, 8.404879491371904, 9.358580137616848, 8.854183675059424, 8.88425969280949, 8.610647361750154, 9.137598432957212, 8.628356274476308, 9.114388782434755, 8.927371944394054, 8.80932454302832, 8.426797894700895, 9.338075029821416, 9.523594851275858, 8.260323161347241, 7.7969558490432265, 10.087536308631574, 9.166304425493642, 8.58022387347857, 8.116285683937939, 9.686772968853722, 8.952242462068128, 8.784410981183722, 8.167950920552533, 9.6277911201108, 9.499954559401942, 8.283529694059261, 7.886151689866576, 9.97515909903372, 9.334721403128597, 8.430341276413769, 8.39140473763698, 9.365042368773265)"
n:finalit20 sigma_4 z2:180.0 z1:1404.0 data:pos,40.00659131350983,1.2148630826702884,"(41.127853685439064, 38.88071440967664, 41.26682687818721, 38.7497770452178, 40.5037076986956, 39.47991938680664, 39.43545180797528, 40.549384989250505, 40.984840465667666, 39.016345292702944, 38.86273430522108, 41.147024807109574, 39.461126411040404, 40.52304401238907, 39.46715789582621, 40.516811285163335, 41.06339378944811, 38.94176169989569, 38.31859302016319, 41.73138096682158, 39.48887596957539, 40.49456642638974, 40.60716746743654, 39.379354283449146, 38.9884648809507, 41.01425921090308, 41.94927985774893, 38.11943122403174, 39.46486438644272, 40.51915602690976, 40.40758954928134, 39.573916723526025, 39.68519319213978, 40.29420113560893, 42.34100955677906, 37.766772054706536, 39.59960815366671, 40.38117507452563, 41.82208196472657, 38.23518541599825, 37.93292222354677, 42.15526866060551, 41.037130625521904, 38.96678631120079, 40.22797194965955, 39.75045434389836, 39.31632556688921, 40.672268497708295, 42.36829652021565, 37.7421385687513)"
n:finalit20 sigma_5 z2:180.0 z1:1404.0 data:pos,20.03468020425071,2.325802747716845,"(21.137676087267742, 18.74206216768771, 18.60622239815872, 21.29203484332357, 20.84744985372625, 19.00328912730911, 19.62072193164866, 20.19149880978703, 20.481635122073044, 19.34269631817502, 16.257479709912616, 24.36855767009759, 18.253656598447314, 21.703822191150476, 26.886323298575974, 14.73472821636343, 21.196131264967555, 18.690415707630752, 19.002573891192576, 20.8486093212271, 21.5038311288914, 18.42324441870547, 24.797360443702253, 15.976349258955905, 18.12690578517837, 21.85505316731215, 21.112190920718987, 18.765281397864154, 17.240382559813263, 22.979275327705256, 16.87457629380037, 23.47750838413422, 17.148987302405207, 23.101554938279577, 19.22317103363196, 20.608894710118918, 17.794593057067914, 22.2630798534824, 21.697798833592927, 18.25822600767113, 21.40145515060766, 18.510401244315908, 20.38003525003738, 19.439267944765536, 20.825698182477343, 19.0232885197154, 20.33808733643509, 19.47939317921228, 18.58694912871412, 21.313584924500528)"
n:finalit20 sigma_6 z2:180.0 z1:1404.0 data:pos,7.5232794689964795,2.0751522931124238,"(9.09914572321816, 5.781878208898846, 9.612756398538037, 5.472778128021899, 5.904000227009569, 8.912933449343495, 4.562523573094406, 11.535943316937628, 8.854804134745208, 5.948921457740865, 6.346191590717515, 8.29148989259225, 7.726618227603868, 6.816445350952295, 7.784731845724523, 6.755895218947169, 5.74715044311689, 9.155145613603198, 6.646453188094707, 7.9130499864435615, 7.854275460416048, 6.6994774552489105, 13.602754945595526, 3.869314943064847, 11.368410752832864, 4.626756643163294, 7.628174181014913, 6.896689300476291, 10.843829315887255, 4.854731959281045, 5.825482023675755, 9.033568647718614, 5.883759868536789, 8.942868578787376, 6.5761455136032465, 7.99943934107278, 6.832364456111245, 7.697205177649203, 5.395969726416142, 9.751807634610248, 6.1383048240099525, 8.571159929298783, 9.648231569481148, 5.456390819036504, 5.980731973917399, 8.793790752134687, 11.402818224125303, 4.616850495857609, 7.054840919937007, 7.448972041519042)"
n:finalit20 sigma_7 z2:180.0 z1:1404.0 data:pos,10.558084150590282,2.213554056087936,"(10.669904481501655, 10.012267496792008, 8.502419322687073, 12.564065929357888, 10.552391389033842, 10.124589410181407, 7.177681599566492, 14.885805711522899, 8.70223095622344, 12.28093772993903, 12.271273915526084, 8.706030644715318, 8.937967187247402, 11.956143723562358, 10.78169039610521, 9.906243461973538, 7.760282852576066, 13.766715492783709, 8.289129241219404, 12.889298398391293, 13.140204269683046, 8.130472241223393, 11.294151804046432, 9.46008887173877, 11.068120417226021, 9.651170976919355, 10.557036432911156, 10.11967821804109, 13.929707245209599, 7.670704489928914, 15.046194325487885, 7.100948210777549, 11.005568990189959, 9.707922156577864, 12.011097831199717, 8.893783701639803, 6.432799884162979, 16.606766338557705, 10.60478101143278, 10.074104231664313, 8.025080711102214, 13.310442357631372, 10.467332450233185, 10.20832884394896, 9.706185614190789, 11.00708449851589, 8.138540451911354, 13.130448143366568, 10.352793894714434, 10.315599574374922)"
n:finalit20 sigma_8 z2:180.0 z1:1404.0 data:pos,13.942686126263894,1.5804636192170363,"(11.422053086688644, 16.80552744650613, 12.972352084393817, 14.796175381692612, 15.481796475193761, 12.39952325179819, 14.439018135061726, 13.295533659504024, 16.283272049439322, 11.791984995079277, 15.124116108111503, 12.692320358443249, 14.340110691736026, 13.38873317233806, 14.614917561822033, 13.132848070066176, 11.615700800642804, 16.52504099178939, 12.195642857852526, 15.741173354265376, 12.761587433549854, 15.042134728909822, 12.797204299080276, 15.001061794921707, 12.129908957510901, 15.823060767003042, 15.55764410590159, 12.339657481746293, 14.401416933377032, 13.330645437786341, 11.590486435955683, 16.562808279995437, 13.579730151196411, 14.135811040567832, 12.918833817261943, 14.85794069562112, 13.321511172359248, 14.408193688706811, 15.914845465942513, 12.061372897786024, 14.537972705845592, 13.202772098202761, 12.118414107793303, 15.842224337787627, 14.23752372541356, 13.483466161807014, 16.01434977950385, 11.989469466607886, 16.442672793549942, 11.671745019078589)"
n:finalit20 sigma_9 z2:180.0 z1:1404.0 data:pos,18.04455362788951,2.3446783645906906,"(15.625027233577779, 20.49720136144147, 14.335057570423515, 22.341441444226497, 20.278812449107424, 15.794355237510795, 15.866437965620008, 20.187161839286873, 16.551105573842918, 19.352011731509926, 20.12396252519651, 15.916436475540447, 15.310787074119046, 20.92063509825898, 16.044775339209355, 19.960254752866, 19.181738317467428, 16.696664033700287, 17.24649145683911, 18.5724367512383, 18.074783743750718, 17.72018383575506, 18.68665761080572, 17.140201340479603, 18.132101805256926, 17.66301041388214, 16.869388267135307, 18.987398434610427, 20.774110936174303, 15.418213590291654, 15.291095869760138, 20.946891583867842, 14.43568915429707, 22.187447941571662, 18.017950793415284, 17.775322622958512, 17.196277851997465, 18.623694309734546, 17.040734362742516, 18.794177298895303, 16.922920666166863, 18.922101155046096, 15.316354150491543, 20.912476038684954, 15.631702193720727, 20.490119545280237, 24.237478904437168, 13.217006264136854, 19.9366960158504, 16.06270046229581)"
n:finalit20 sigma_10 z2:180.0 z1:1404.0 data:pos,18.55831500357249,2.255416633792883,"(18.832875495663274, 18.02568640074443, 14.6459975595037, 23.18112342760818, 18.038583459793458, 18.82373087732414, 16.53814659893608, 20.53251859347623, 25.97169302536414, 13.078313736316643, 18.138075997874733, 18.72042206424436, 18.97858354082827, 17.894699900801406, 16.374922896803746, 20.729666865099666, 18.919368509166585, 17.94385121490274, 18.209281726776005, 18.650699546854607, 16.76447386098225, 20.25421979383822, 20.329594486025698, 16.702967374397748, 20.86677860467149, 16.269704298462333, 19.914406842780107, 17.053364721221914, 20.73663911129142, 16.375717022934786, 18.38516733419189, 18.470713105728176, 18.371013632297267, 18.480844087695786, 18.980350007915696, 17.88645491880948, 20.868368314263556, 16.266035143107334, 16.330430777439766, 20.788737972005304, 15.260955011616826, 22.232488209347675, 18.223022249584385, 18.634977833625335, 16.084758541044913, 21.110769995761693, 19.28648811862603, 17.60873813306719, 16.19476487891124, 20.95456435889647)"
n:finalit20 sigma_11 z2:180.0 z1:1404.0 data:pos,18.56624353629427,1.8014566856749699,"(19.36404632473244, 17.633366179244312, 21.911787967998198, 15.580532860762972, 19.24149945763744, 17.75275919781172, 19.635870761465604, 17.39820068674932, 17.665654468814434, 19.340365560925783, 19.209029002953027, 17.78545853763554, 15.207214588563522, 22.47070201927613, 17.1397917278016, 19.918076268643517, 20.460598546900442, 16.6889748687771, 19.881598629702008, 17.186201761382684, 17.728254597949718, 19.267814638506586, 18.167629432633632, 18.803006419981273, 16.077008193552203, 21.23351302564032, 18.75166056747837, 18.221357126246197, 19.59270291598661, 17.43620851818532, 18.409584680349703, 18.55880969194392, 15.877002010448203, 21.513189880360912, 17.957681671352105, 19.018283189062604, 18.00943360545473, 18.956554341270667, 22.080132092419102, 15.464333543618128, 18.104613611203654, 18.848961575495913, 16.805001664472762, 20.3306983116378, 20.75220913441806, 16.464102610015672, 20.116346550842096, 16.987908151976075, 16.06090501897352, 21.245540625459856)"
n:finalit20 sigma_12 z2:180.0 z1:1404.0 data:pos,20.088902844253028,4.843027439076333,"(22.615224810447287, 16.850581922302936, 20.500155076598105, 18.585307958502074, 29.67087926137988, 12.856774960824369, 25.877443564953968, 14.747599513636553, 18.569546404611568, 20.543041622639905, 14.84079228843445, 25.703976013636325, 17.870957251240007, 21.363422625714122, 15.451756082643826, 24.667084471875828, 18.547078600508474, 20.549980318842618, 13.991131065754187, 27.29586238012646, 18.07706643581174, 21.10514393241085, 32.2035731919985, 11.852658894337347, 23.636600507626763, 16.134898428069715, 13.760275068417668, 27.730534296431536, 23.2197631501461, 16.435844248117046, 18.072426213449585, 21.121992367561518, 17.83113408276186, 21.393059664480603, 24.2698818940989, 15.710637998086197, 23.28311250343966, 16.36537427605504, 17.076433319167208, 22.315758815568348, 16.953227606291957, 22.41996879575741, 25.61082579832307, 14.906163119164342, 13.122261731505548, 29.081724177827407, 14.787260439588984, 25.79817672049521, 18.531910652700265, 20.538857688287948)"
n:finalit20 sigma_13 z2:180.0 z1:1404.0 data:pos,19.965206802036317,4.596064596786843,"(20.946145727586032, 18.059608670972217, 14.987130942724027, 25.24113380228895, 20.869447506244203, 18.131830569992044, 18.570392683048805, 20.378379805685885, 18.284465586381515, 20.696024915355697, 15.151772293103152, 24.974009246019133, 15.891036611015059, 23.818267846227467, 17.321265678199328, 21.835729112574572, 31.2480071741709, 12.107349581324678, 25.500836325044528, 14.840709364769516, 24.10719988270225, 15.696191496545746, 24.57471322236322, 15.39915417147792, 24.480946321124875, 15.455115977407402, 13.715944633414884, 27.589812830471818, 15.872112187405728, 23.84298270550812, 26.046903633871985, 14.531081509329798, 24.49723072927563, 15.445774345684136, 25.17411669916041, 15.028370424673291, 21.778135579960768, 17.368209998373622, 15.124469817947842, 25.00757593203456, 14.596832707151018, 25.89860407347527, 26.53088551484767, 14.265764713833649, 16.59160791050672, 22.810467626342046, 17.717205183582415, 21.359882962087838, 19.018102577565504, 19.881401290961552)"
n:finalit20 sigma_14 z2:180.0 z1:1404.0 data:pos,37.242148712779375,5.428860655114345,"(32.754130660821666, 41.47473914873837, 39.453402121851894, 34.43215895781651, 34.8109494213407, 39.033071513388606, 26.84747080562588, 50.609621484375886, 34.4092865364942, 39.473899832235766, 31.73717453819115, 42.82148909649348, 32.216712023183995, 42.17992572810994, 36.311165052604785, 37.41733022568897, 41.92940647797393, 32.398712270158256, 37.32300150931246, 36.41598167629355, 40.39244027019892, 33.642180989897696, 44.04139537477812, 30.85232993461273, 37.788422432886925, 35.95877156431096, 42.228440180813145, 32.17487524718989, 33.21767683908168, 40.90483214360993, 37.91765984470599, 35.84265630798988, 42.71332625334496, 31.810882521352877, 31.624721699115035, 42.96381697724498, 38.8629454634831, 34.9549796333482, 33.86582432781551, 40.10846118918295, 40.490742535098605, 33.53045374523763, 38.6285846569969, 35.178520816542225, 31.86807152147691, 42.63038595483147, 27.14715481934666, 50.05236271973232, 48.912965303821146, 27.751925290221624)"
n:finalit20 sigma_15 z2:180.0 z1:1404.0 data:pos,100.01601410721742,10.175223514384198,"(105.07825048338839, 94.23999741243055, 89.69282302873107, 110.40515477782974, 106.56126031805655, 92.92888809619855, 88.67395757067366, 111.67438974062648, 93.67060220967409, 105.71736752266573, 97.66211923878896, 101.39721346912557, 95.93876229130507, 103.21890573046385, 103.31173934519393, 95.85162976189523, 122.84023141578493, 80.61312613493526, 105.0157521861616, 94.29848855581118, 123.63744527363399, 80.09422872294549, 90.76241222481872, 109.10516577171921, 119.75017891525681, 82.693900309137, 109.80065120064081, 90.18671430626826, 99.45179996706304, 99.57247012628059, 91.77005015147287, 107.90764090446865, 96.63396685250713, 102.4761093480121, 92.84083190471549, 106.66217353105935, 116.89966153375703, 84.70968120308228, 95.72653031992054, 103.44675857507855, 106.42165665886854, 93.04795037043367, 110.19646690630314, 89.86395896730684, 101.41747674708492, 97.6407096644718, 91.90152847169387, 107.75308000728586, 107.6816718184933, 91.95717531735022)"
n:finalit30 sigma_1 z2:180.0 z1:1404.0 data:pos,3.9206148306667274,1.0002423798085665,"(4.053700242845764, 3.5656567700890798, 4.1230372697642865, 3.496753861720925, 6.269073171316976, 2.3019063523305565, 3.183577198472457, 4.538593568211116, 4.780202282300103, 3.0183437025911464, 4.434984259910864, 3.253736758130889, 4.2653722361288, 3.3850232384285506, 3.4531027496230444, 4.1871534229328935, 2.8173285648262776, 5.126016553539394, 2.824211600510964, 5.087341170757827, 4.985011109757691, 2.8932815946210697, 4.776101102881297, 3.027447279773505, 4.048077667866739, 3.5621865459031397, 2.51155280119753, 5.773167925711919, 3.456615796979512, 4.167574584131585, 2.3117536414889073, 6.184519640931928, 2.711576707210949, 5.311835920526251, 2.455761917363864, 5.874594921952628, 4.708410069430683, 3.0675614033441354, 3.542430120581153, 4.079272430794418, 4.591901931403738, 3.144265702161195, 3.4872861738890206, 4.1553201374873225, 3.1587112217048183, 4.566412482028386, 3.261081605316016, 4.4295174890049065, 4.1635265104535515, 3.4588701230066445)"
n:finalit30 sigma_2 z2:180.0 z1:1404.0 data:pos,7.020533691917399,0.9876609969870147,"(7.1005083252919174, 6.815064340328036, 6.127315756692114, 7.890533423896111, 5.660678780030764, 8.546234031241122, 5.805083474076174, 8.336035765855017, 5.642483833839411, 8.566808203447419, 7.941162899982934, 6.0838599476425115, 6.114238860550124, 7.907751581926713, 9.285088078645003, 5.209118027100969, 8.334377024591605, 5.802747608563365, 8.439078949187657, 5.718238611950496, 7.492930723855189, 6.447613297514574, 7.6817183161971085, 6.299983881972561, 7.093761156811274, 6.811765520030323, 7.087186243097898, 6.836019560747467, 7.40078748987589, 6.5283910430974945, 9.058883425221909, 5.332435560137156, 6.727387382257324, 7.153927421760597, 7.080282473864946, 6.826111940181438, 6.863371760505328, 7.047104048143001, 7.712807214010119, 6.272716800518964, 7.373968624334364, 6.561555696735915, 7.237051432132105, 6.694748893814694, 7.219844794391403, 6.693383260140139, 8.5316677360528, 5.669666504285394, 6.304287538328637, 7.658917331014615)"
n:finalit30 sigma_3 z2:180.0 z1:1404.0 data:pos,8.99683649522896,1.1207392877627127,"(10.246901752106446, 7.785385139052139, 9.500935934308266, 8.392026895251995, 8.703888779505096, 9.16440899059333, 9.790978914481709, 8.146514272423437, 10.549630278479706, 7.5577456729862185, 9.490088628225495, 8.400343057640319, 12.32516059792505, 6.469662719955999, 8.817479299215945, 9.04328197569779, 11.577550261872771, 6.887996600388849, 8.851763556688809, 8.996885223692978, 8.545668426113622, 9.329037440427678, 9.505416165200836, 8.391599033343459, 10.006691769079872, 7.9658336360455, 7.6538824744689, 10.424076826822946, 9.380160335564774, 8.495739632684748, 9.00254418751914, 8.852530330375352, 8.177782356837984, 9.74074002816648, 8.127248934950215, 9.805966149690514, 7.818285854677698, 10.199394135664251, 8.084544727525756, 9.864760271895074, 9.367791106608992, 8.51486183667681, 7.5821067768538635, 10.526713112894466, 9.368814112517608, 8.511191877461656, 7.996924867211645, 9.972524873641042, 9.784912595323014, 8.145452334711624)"
n:finalit30 sigma_4 z2:180.0 z1:1404.0 data:pos,40.00389502906425,1.0460986568078348,"(38.53413973837523, 41.50197575229115, 41.319392042824944, 38.704564028042014, 40.77836841832946, 39.217755681629896, 40.712884116913976, 39.28083262428383, 39.57456766073161, 40.41083870977664, 39.55452235537056, 40.43044415851316, 40.7956225794967, 39.20115368223816, 39.218265764643014, 40.77808337559316, 41.64456000564431, 38.40226224736967, 39.46253924983361, 40.52540369986361, 39.74871612229542, 40.23367063792156, 39.5913259250528, 40.39378005574523, 39.42600823080363, 40.5631657031606, 39.910987634709976, 40.07006635663078, 39.640083077490225, 40.34428507583909, 39.825526987854325, 40.155911386347285, 39.63734103405522, 40.34670350160142, 42.42618608166779, 37.69456761632782, 39.597698859805625, 40.38727666383027, 41.463007558289306, 38.570359943229356, 39.04679801148572, 40.957001118462614, 42.17340970718009, 37.92049786539315, 39.043828136000066, 40.96018533929136, 41.386984494264155, 38.641190485358855, 40.57901819110555, 39.410993760248296)"
n:finalit30 sigma_5 z2:180.0 z1:1404.0 data:pos,20.027514354340134,2.1983889471325346,"(17.150387197241205, 23.11249379157979, 20.82713651766242, 19.032677321516474, 23.360638783444738, 16.967976191445956, 17.807853461722722, 22.25862027139385, 18.50345616520726, 21.422397034925314, 18.207810533976826, 21.768689900901045, 22.106589848624004, 17.930374636669725, 23.984640498999305, 16.52661866922428, 17.75303551908298, 22.328040077387225, 17.022380389841654, 23.2855499653269, 20.6298541049313, 19.213829931136406, 18.35305361701099, 21.597936041401457, 20.546343880007935, 19.29196205595808, 18.353694823311592, 21.596490025588597, 21.61548897427464, 18.338520777755157, 19.19480005180048, 20.650026595785153, 19.796022490194396, 20.02355368291383, 23.78734076632204, 16.663587144903122, 18.992581430885547, 20.8707081161764, 22.712557761204078, 17.45223900525395, 23.272903923342202, 17.031992651867817, 18.364710937478527, 21.58423012578493, 22.197908736308182, 17.856995765108774, 21.217073070826995, 18.682402099819253, 22.550620762979946, 17.5789215905011)"
n:finalit30 sigma_6 z2:180.0 z1:1404.0 data:pos,7.427517592679396,1.4660485870363995,"(7.371535518305123, 7.211240935697899, 6.9215209336449, 7.674052974725402, 5.640971918086639, 9.42190601629987, 7.4849589335151245, 7.10201624771173, 8.045516372523345, 6.6013500712198505, 8.106579900382982, 6.551415187086526, 7.345723187436197, 7.233903590034918, 6.6592774279866624, 7.980759711091489, 10.238594569758439, 5.189684977474841, 8.478058816798853, 6.25972883598895, 8.112328177750527, 6.546016223291398, 8.921716825242383, 5.958052699847829, 6.06022320597831, 8.761596972078955, 4.7606814526567245, 11.168891174456489, 5.868098305700898, 9.049111194139519, 7.376813343005378, 7.194265040325205, 8.42511224238907, 6.296791307497197, 7.0271935162839405, 7.556749236914869, 7.932064311878779, 6.699273647931703, 8.886900705213495, 5.980203586400004, 8.56057324951648, 6.208743014613872, 5.94809474777511, 8.94424770558631, 5.844094104419903, 9.089830443836906, 4.843461421605349, 10.972102695028653, 5.963363116023607, 8.900489840811172)"
n:finalit30 sigma_7 z2:180.0 z1:1404.0 data:pos,10.529975609707781,2.1101884159971216,"(9.013906899863935, 11.834556111334955, 10.25117854619878, 10.40358862217893, 10.847649488710939, 9.833747092640102, 14.210716458720135, 7.506550634796039, 6.66237876411025, 16.009186400329146, 11.211084965964508, 9.512023436134381, 9.857833176439332, 10.820077000824549, 7.086523624298188, 15.051795674038567, 9.659795532557023, 11.041827760484855, 7.5045359524247175, 14.20821799053637, 9.394864310531863, 11.351913185313201, 11.183153196323884, 9.538816594729198, 7.997452801938584, 13.334189386135336, 7.566176837598711, 14.098345838202537, 13.215290677248866, 8.069888700095593, 9.316890918585552, 11.444735119952655, 10.846946047810743, 9.83028241294631, 8.08983018408575, 13.183203249267512, 10.908299231997871, 9.778611270035661, 10.810138667844523, 9.867099050943263, 11.408516223460422, 9.350467384217586, 9.10739925253983, 11.716343071382257, 10.411976956969426, 10.243702023466174, 9.782846902750212, 10.90332992687836, 13.04474256448342, 8.176154365068042)"
n:finalit30 sigma_8 z2:180.0 z1:1404.0 data:pos,14.018952587100538,2.269870337423194,"(12.347344698154293, 15.516352999908738, 17.10372520058141, 11.200944442767756, 14.32639175786371, 13.372451379001372, 16.43021940054364, 11.659849741538487, 13.325882234676827, 14.375180601841638, 13.511451873759631, 14.174216575470522, 13.492295297549227, 14.197841906548797, 17.785400910397616, 10.769877871507623, 15.303603917289333, 12.517912605233642, 13.83946108856047, 13.838657134238337, 12.146558476017725, 15.76989426732761, 14.529109603798368, 13.186157976241363, 14.02811384789667, 13.65374057731262, 16.596995928664246, 11.54375867733071, 11.484061627404255, 16.67974332147733, 13.329372289993278, 14.367627253934236, 11.101626945970704, 17.252766110479786, 10.751614369769825, 17.816663386264867, 16.913320900278954, 11.327245336730842, 14.770565452349572, 12.969534581644147, 10.05017390364216, 19.063107482105377, 14.089896165472146, 13.5998792537406, 14.457873205636226, 13.250214497293696, 11.445819833327212, 16.737423882978085, 18.697593354459286, 10.248115208052063)"
n:finalit30 sigma_9 z2:180.0 z1:1404.0 data:pos,18.04632478271356,2.2361261447501746,"(16.199518282399445, 19.805549627265716, 14.803475210752252, 21.673105969834857, 17.240755491794985, 18.608553393515322, 16.191645060775695, 19.813760066560455, 17.646114499575923, 18.181423296932472, 21.349482825509075, 15.02486026933369, 18.56264141647274, 17.28265649291758, 13.455576568002092, 23.841875930504944, 16.09837217043675, 19.93006202202688, 19.630374733806242, 16.34100014811647, 21.123660457391114, 15.186904481825678, 18.21647087264231, 17.61257596581149, 15.044351835437716, 21.324267182789633, 17.0098055920821, 18.860815990990023, 19.395899451013037, 16.54204991957138, 17.860629331496355, 17.95999919095049, 16.98438871819728, 18.889270115502345, 17.30470022943782, 18.539413115568422, 17.641105184276423, 18.18702823711361, 15.320044937322335, 20.94167975424909, 17.342533918688, 18.500088590598487, 21.016186877937415, 15.26735423576272, 14.850352450505373, 21.60492706894329, 16.542078235798947, 19.394783228446205, 15.586472738040246, 20.585597750755106)"
n:finalit30 sigma_10 z2:180.0 z1:1404.0 data:pos,18.584039141234562,1.966889907360276,"(15.510348619601867, 22.02712552158103, 19.56716842514308, 17.463421069259354, 16.001135115989694, 21.34828821029052, 16.473908884838227, 20.73376631583199, 18.41728974473614, 18.549857168477356, 18.2202468068075, 18.73569595271615, 15.144561256505186, 22.55297589378309, 19.111404624005893, 17.87061696821327, 17.47410971898864, 19.552146223570116, 18.745852773586105, 18.21604457539301, 16.429272910313724, 20.788647774381072, 20.296731686580593, 16.832697353791737, 18.052995072538828, 18.918307977870363, 16.217302112805992, 21.05856754482285, 18.560698351859017, 18.40942602073523, 17.591337305876493, 19.4112511269716, 18.072531728939566, 18.902793073463556, 17.21758666442445, 19.837466506847754, 15.541245998129774, 21.983432578819784, 21.03571848213471, 16.240014329607074, 19.142051240034323, 17.846250697459297, 16.35770275397662, 20.888176547064102, 16.66217037289367, 20.504737163764798, 20.61800582873494, 16.569277979951305, 15.621793199064589, 21.87780280855222)"
n:finalit30 sigma_11 z2:180.0 z1:1404.0 data:pos,18.587750288797853,2.1230804831860475,"(18.44610880017848, 18.5006804104755, 21.060574102265242, 16.20754119478394, 19.940459967466502, 17.106684720541345, 16.662093735924742, 20.466982019945327, 13.967350147011967, 24.429621630796635, 20.467019334653013, 16.64953577589307, 24.056317425766224, 14.175777305301734, 21.258243128975565, 16.045062058600543, 19.312616675498365, 17.669553058969655, 18.573518638107043, 18.353689769746573, 17.481396087944596, 19.50792415310721, 16.58613032742099, 20.574094363658713, 17.395117483575344, 19.604541086138187, 20.490973996037347, 16.64474619776525, 17.45747338860781, 19.550913548350493, 19.461663442703117, 17.513242234908844, 19.64217166078606, 17.370808026247374, 17.662134866644674, 19.31319830836951, 17.990269424511183, 18.96815735301623, 17.9689692264178, 18.98636082278753, 20.752447292642284, 16.440492829917122, 20.197902895570788, 16.900273784478767, 19.79382870302765, 17.23869355270813, 16.822802840614653, 20.28091309529839, 21.686076035511707, 15.754367510223668)"
n:finalit30 sigma_12 z2:180.0 z1:1404.0 data:pos,20.038652186745896,4.57703286828979,"(18.199470515280762, 20.998551743114824, 28.661840959703238, 13.361766581939643, 15.167924073898721, 25.171382061735915, 20.901866856839316, 18.264721837226936, 16.073695414958305, 23.771206308635023, 13.817185468879437, 27.485182958474894, 16.003048877287306, 23.84835342110145, 14.890983508203952, 25.609963507962977, 20.812663997823993, 18.363983734921725, 24.967046125365172, 15.269940917260847, 17.617460573903507, 21.65999642443081, 20.779527749723492, 18.389675610951357, 27.697205393044833, 13.774181069547195, 14.748493393670708, 25.87128532936274, 20.88840825608536, 18.314389410764335, 23.14939258858649, 16.460171755570265, 20.734613042709867, 18.426422176389043, 14.793915622829159, 25.81031819775431, 22.09593170069734, 17.297158067732166, 22.796390947912112, 16.757227980150486, 17.650825742031884, 21.64840165265584, 20.225140038592, 18.89787931588766, 18.351906139207436, 20.82431500792816, 11.202774282790173, 34.100289636043826, 21.35052566348145, 17.977607696246654)"
n:finalit30 sigma_13 z2:180.0 z1:1404.0 data:pos,20.242028092158645,5.41821121997171,"(16.50941518193549, 23.136002445215563, 17.215572533743515, 22.18985392053077, 16.730626427657707, 22.823774928547607, 30.159733871359094, 12.66031085165022, 16.88926550007807, 22.615919490845236, 20.324643294792185, 18.77060460054688, 14.649269049293775, 26.0629752654117, 13.30934560324573, 28.688837289870328, 13.766371734562147, 27.74950648889535, 17.414540956993708, 21.918834354195965, 15.178468742480014, 25.153500029283514, 20.973957520326646, 18.21141101874203, 27.26687395637475, 13.999606212438849, 15.233589931958527, 25.056152767777032, 26.15909402407665, 14.60666637657455, 11.633225024124318, 32.80725847606632, 24.220298571662568, 15.76939435147639, 12.445574930941849, 30.68274271654061, 14.705797549457914, 25.97329387290152, 18.570053098656597, 20.566154792832428, 15.65480427738915, 24.399928027769345, 22.745073741766323, 16.794698938364252, 18.975859325701478, 20.12951712528762, 24.22233977532552, 15.76750750440974, 25.779971030192847, 14.833187107662022)"
n:finalit30 sigma_14 z2:180.0 z1:1404.0 data:pos,37.21039897333861,4.915149812968205,"(41.22330314760344, 33.02601322923688, 34.439685931624865, 39.556933709400134, 40.11202485370206, 33.926558099606986, 34.94582256322171, 38.9374391663867, 47.99402272369505, 28.367944788981426, 36.40203387034025, 37.34681367096677, 44.733789854291494, 30.41645029906222, 36.15632101915501, 37.661642267593095, 39.89346656704786, 34.13387931793532, 35.64025393089975, 38.17917379532543, 43.027630921053635, 31.62472693392651, 35.42364252844439, 38.43382981335556, 33.59150334278207, 40.52441784664931, 40.267932694838834, 33.79086173670994, 39.96248399639497, 34.08932379222439, 40.26584685681115, 33.786728914085565, 32.22520787786635, 42.23701818650526, 42.15060452780703, 32.29013565459325, 35.386008614007686, 38.47622512261155, 49.12388814799755, 27.71374603035614, 37.05644378591352, 36.73077704624266, 29.377716149166144, 46.32623679374344, 39.83459592856373, 34.17886649389985, 44.14494835022342, 30.838708280965285, 42.367222680491594, 32.179096812623584)"
n:finalit30 sigma_15 z2:180.0 z1:1404.0 data:pos,100.09257047909283,10.800170057164916,"(97.13283359590821, 101.9780758436173, 100.64422467027256, 98.42199791685171, 109.4856575576408, 90.47095453651448, 104.0984963457348, 95.15249311190934, 95.77845416633127, 103.41797191002591, 95.9337633713523, 103.24755142459631, 106.05381043828682, 93.39787686946664, 97.87688237556017, 101.20294519311848, 125.68841748242865, 78.80942191598149, 86.44039924459506, 114.58883133511357, 98.21267198935669, 100.85466327452912, 88.11693550233605, 112.41242340014317, 98.13543998300707, 100.93555923210694, 90.75240247758002, 109.14592064233672, 99.06772220383942, 99.98634332936574, 105.01999717115805, 94.31404329636118, 113.41918413011288, 87.33092946428204, 78.76991115338869, 125.74887914910886, 117.02463153045329, 84.64364944508891, 90.40436895029356, 109.56734043310047, 86.79413094525877, 114.12473136276547, 86.39297059133207, 114.65509531589744, 90.86578937816127, 109.01078498089731, 103.61660360471613, 95.59649075882318, 90.83818742612938, 109.04966352740372)"
n:finalit50 sigma_1 z2:180.0 z1:1404.0 data:pos,3.8530931459170206,1.0405586278358405,"(7.593662874280433, 1.8214412561060978, 3.912229185034135, 3.5401912777376134, 3.448059981786855, 4.020783505978021, 5.183275206015289, 2.6765384529352634, 2.3331135507539402, 5.941293683308561, 3.1851449405822696, 4.357590995366277, 4.283891182513832, 3.2206754371435444, 3.263601252499975, 4.238735158009592, 3.8425411341924587, 3.6072818425934585, 4.222378025615961, 3.288427224450859, 2.6568575059592687, 5.220907497249159, 3.289378296558211, 4.215668631158585, 4.974381193795271, 2.786672284082199, 3.429843011857336, 4.03218116090287, 2.691560806874235, 5.154604702779475, 5.073093526150788, 2.7403261128455147, 4.045105801273887, 3.4274061442102504, 3.3950474797865007, 4.086020083062667, 2.940505655714879, 4.719889973368706, 2.8686667329952273, 4.8385598131229, 5.217055557389158, 2.663643647568356, 3.947636956294276, 3.5145219302608206, 3.9146168510327666, 3.5432303580756535, 2.846367246942119, 4.8747638393440695, 4.423186041351099, 3.1421022869403155)"
n:finalit50 sigma_2 z2:180.0 z1:1404.0 data:pos,6.922679872744892,0.9877156822580737,"(7.372889261713708, 6.37312831819363, 6.900892402684245, 6.801170939676302, 7.475855218427814, 6.282754268853127, 6.84550452427293, 6.86609815751024, 6.507321246279167, 7.218619187238009, 6.079051221665636, 7.733292870041536, 7.856300214313334, 5.974974942230921, 6.091342937884079, 7.699055164659042, 7.0454284619373135, 6.668466354242415, 6.574988290815165, 7.152073394162432, 5.446768824104191, 8.62882253969643, 5.356892972010416, 8.772977728136025, 4.941101275004854, 9.511989038937894, 6.2003463170364554, 7.52232703922876, 5.500215837911997, 8.546944478238537, 7.694645285773291, 6.113544040724094, 5.893034177297514, 7.97025475815606, 6.337139970653787, 7.417264414361426, 7.158395410884582, 6.568046406506786, 7.7230512304034, 6.088623639540145, 6.750766373455903, 6.969415269446728, 7.802535550819095, 6.024804899688214, 5.533526320922107, 8.493989096994843, 7.73958960147761, 6.073449995511407, 6.033478426166633, 7.800845341354324)"
n:finalit50 sigma_3 z2:180.0 z1:1404.0 data:pos,8.981851218946352,1.1791849500179608,"(8.386776755781359, 9.454214158527598, 8.384059353578145, 9.458819118618642, 8.40520098208804, 9.437486620614564, 8.000602672720728, 9.918085613371218, 9.882032108680075, 8.023822808236696, 10.779499603508352, 7.360343075707937, 10.15944125119743, 7.799658634505365, 8.880996301408006, 8.92720864971375, 9.4699958041649, 8.374193297750704, 11.33896181718499, 6.999202650924073, 8.020110506092433, 9.89181987410708, 10.00475143237946, 7.929618632330788, 10.079987135804195, 7.870253454619581, 6.898701395242868, 11.488336121031967, 8.472048158692548, 9.365448200950036, 8.358649070216064, 9.498185622170123, 8.781777850108611, 9.026860726582212, 7.491574414071362, 10.588623477713417, 9.664306394980647, 8.21108078962461, 8.938003791953367, 8.879264515665309, 9.290094696805234, 8.545783387491035, 11.751233979965956, 6.752721162983098, 9.41504366642847, 8.426198609842645, 8.519241881303063, 9.314456383999621, 7.3008374464547865, 10.876946889424376)"
n:finalit50 sigma_4 z2:180.0 z1:1404.0 data:pos,40.0021366773493,0.9538321010126372,"(38.914781942521465, 41.09698411583306, 39.98072940312196, 40.00148200817039, 40.56917963266315, 39.42117665373558, 40.51198716889615, 39.47680172675288, 39.93917880135805, 40.042746139137066, 40.38246230833994, 39.60322671601147, 39.4414490818862, 40.54825883033854, 40.20227931300245, 39.780153296102796, 38.08770101312095, 41.989564230922554, 40.34386837197302, 39.64111161979414, 40.683309692331626, 39.31061067277768, 41.11502343941959, 38.89781997024667, 40.52794894231607, 39.46126414456333, 39.35922999525034, 40.632793463539954, 41.8814546699875, 38.18598836341032, 40.48214202708977, 39.505976604372115, 39.210688630618804, 40.78677819829271, 41.05179967055062, 38.957578116665026, 40.47114472274889, 39.516433559477, 40.38688987182861, 39.59904579456046, 38.24367846886379, 41.818085311358416, 41.18541501124466, 38.83128763897515, 41.77367900956832, 38.28429291211462, 39.87683996981974, 40.10547167918721, 39.4630429799852, 40.52599796261868)"
n:finalit50 sigma_5 z2:180.0 z1:1404.0 data:pos,20.00086706423531,1.9239911790589688,"(18.355472277516547, 21.5967788280869, 19.867581451657504, 19.95352243687666, 19.543703729383193, 20.284451056565043, 22.282942394394393, 17.790777834360853, 18.16788047453585, 21.819524715910365, 18.83432344314175, 21.047890136160934, 19.049181458952383, 20.810775287148704, 19.50221317985439, 20.325525202509738, 18.77577800223551, 21.11379798900191, 18.3509890572611, 21.60230629854006, 17.66751161069539, 22.438529479751917, 19.784299828097026, 20.03758914586158, 23.951120316621424, 16.55166667339607, 18.583970348836402, 21.33065509640488, 20.220131592827357, 19.60580773092001, 18.918630823885433, 20.954747551165482, 22.58990256168242, 17.548723798164165, 21.870457395997295, 18.126022360021913, 22.59395923716047, 17.545544435042565, 23.210015723159522, 17.080014068862464, 20.487940724482034, 19.3490986407364, 20.504741577218415, 19.333575689279968, 23.039338911033926, 17.20622376049664, 23.60468141981851, 16.794410065278512, 17.935691570037786, 22.102935820736107)"
n:finalit50 sigma_6 z2:180.0 z1:1404.0 data:pos,7.617303844875335,2.3514609608065906,"(11.235125547197452, 4.6924821658914615, 8.45275466340189, 6.233879159570157, 6.159176363579921, 8.560455625256742, 9.313951081981354, 5.663354822471388, 9.621418646462793, 5.4792951703775845, 5.0367361709601495, 10.47254042583722, 5.8488724532513405, 9.006514375589578, 8.120367255900527, 6.489579804336182, 9.227260581394143, 5.713982435243307, 8.872309732624768, 5.947074078681261, 12.13022888217934, 4.34850816944685, 10.223944412883357, 5.158181747547525, 5.684540502954388, 9.278115074020741, 4.668547635028781, 11.278155312292297, 5.2077618781587605, 10.129252998618261, 11.495923121132238, 4.59143725955286, 11.131024119149039, 4.737436962396686, 6.523089998982776, 8.084556984693725, 8.883601931458292, 5.938265174685498, 10.03937436644701, 5.255379693352954, 6.057050886876317, 8.714356980171841, 11.202631044245958, 4.708861485621259, 9.726273233855629, 5.420568521672173, 9.426671285268355, 5.595537066238327, 5.528188958625328, 9.550595996200954)"
n:finalit50 sigma_7 z2:180.0 z1:1404.0 data:pos,10.462321546011006,2.0053323532550222,"(10.6609925509658, 9.91107690028436, 9.665955019336897, 10.929654086980277, 10.868927136735943, 9.721023523679955, 10.703060630873244, 9.873064764529524, 6.820047442436847, 15.492267180728021, 12.178258837154685, 8.676766114254068, 9.322535506775042, 11.33002807745267, 10.593026728103787, 9.96996059330984, 12.642391694536487, 8.357290640547339, 8.287656206367359, 12.751556652005158, 9.095676988968924, 11.61713447647545, 10.585301377542342, 9.982156114344653, 6.684558348672283, 15.808393131918676, 9.972105290318492, 10.5898960358574, 9.608745211086339, 10.997626708948415, 11.461468294746274, 9.221552611324078, 11.690407114279466, 9.037996988732907, 11.315565642382712, 9.338130426569775, 7.420099133992224, 14.24197726422215, 11.40628179055026, 9.264912416756557, 11.835826461646619, 8.929969120126216, 9.032654116971885, 11.698819798659573, 12.761859381637112, 8.277965191535484, 14.529903074170743, 7.272694812634935, 11.446733360664371, 9.234126327756558)"
n:finalit50 sigma_8 z2:180.0 z1:1404.0 data:pos,13.955253212620121,1.7031884231512533,"(14.401091118462187, 13.328493779531241, 11.743538144140881, 16.344429821695336, 13.005980548648111, 14.759688729170616, 12.983155641582677, 14.786981275353503, 17.7010897234796, 10.843200150979555, 12.777256028404402, 15.023861041378506, 13.059861175002625, 14.696611294343707, 19.49044413801078, 9.84593325730248, 14.757256158784179, 13.007701891996586, 14.07566513711799, 13.639461723087653, 14.942122814056484, 12.848074457797999, 11.441823451760946, 16.77814242664269, 13.983220981044967, 13.729083863164973, 13.47952610726548, 14.236760389592915, 15.033981510267468, 12.769951151443838, 13.051225595039197, 14.711808620561433, 13.724801632296954, 13.986402193416108, 12.397610198899072, 15.484451265132519, 12.559870395133938, 15.28511892610064, 12.413488142207632, 15.465593523113172, 14.440966555250743, 13.29520947086168, 11.953311581415317, 16.060795868325872, 15.6132670936552, 12.294247256065407, 13.582946832338427, 14.133802245529228, 12.848832557359751, 14.94452274679366)"
n:finalit50 sigma_9 z2:180.0 z1:1404.0 data:pos,17.983142483084205,1.6989503788692166,"(16.78763055893473, 19.09466050902808, 20.010406046976662, 16.02134205800687, 19.231232555310015, 16.67120387638312, 17.038586575545185, 18.816330564421317, 17.069020909635913, 18.779311793873582, 16.165950505222533, 19.83020107649332, 17.798686575852148, 18.011835194746954, 16.9224408356735, 18.937262183569345, 18.466680469125418, 17.360283619714064, 16.473866016681004, 19.46028352785896, 17.086918714944453, 18.763263061606583, 17.00863305938955, 18.84903790659251, 17.958393408174462, 17.85238688178463, 21.98590592359771, 14.577427704983458, 19.66529432027365, 16.303136820603143, 16.763211374395645, 19.126588431735723, 20.561380666826114, 15.59136712118517, 17.39705695864061, 18.427284897104375, 17.84349358805208, 17.966806005288873, 20.832671749312276, 15.389028762193126, 20.869632228180016, 15.361415254793574, 21.008605659489305, 15.26053375747464, 19.716975570118382, 16.25771748235917, 16.958053773391605, 18.90499623626637, 16.550680346554913, 19.372011035845453)"
n:finalit50 sigma_10 z2:180.0 z1:1404.0 data:pos,18.579911405491593,1.9708992812257222,"(14.672822003241597, 23.266923057653777, 14.751773566635427, 23.142915999413994, 17.567732916811085, 19.441046703472896, 15.026241908793846, 22.72857622493654, 18.209537071612818, 18.74429013243297, 18.91515527967816, 18.05130154288346, 20.46080791826089, 16.690330156793895, 20.291385959050466, 16.81058738977037, 21.7328380746348, 15.714141952491905, 15.21691465595101, 22.439173593554635, 17.339896664990636, 19.696809164195713, 17.67939221585155, 19.316726437201865, 17.079959898961878, 19.995024543885645, 18.951079405352328, 18.00170319973928, 17.27663610706334, 19.76893556087247, 18.29430207205929, 18.671602182599262, 19.036297081780262, 17.93730154898047, 19.102252219223953, 17.875371418534534, 19.839326250504293, 17.211794123304106, 17.447389447904374, 19.57254352021772, 18.422436857851746, 18.535738833032198, 16.579176873416568, 20.599042613303073, 18.79235474385489, 18.166113213994993, 18.40447168200253, 18.554271896739007, 18.926839917278357, 18.04628447180883)"
n:finalit50 sigma_11 z2:180.0 z1:1404.0 data:pos,18.709242672972145,2.3237403542896367,"(21.9888915033002, 15.673314478760618, 16.626188644507618, 20.73040559506263, 17.28011541150322, 19.96125495226691, 19.652543645202176, 17.55115706413164, 19.536882079916193, 17.636215730935717, 14.846125776613146, 23.218691236598254, 21.2254385221797, 16.24912747321141, 22.165043912251726, 15.527621141060942, 17.701921110292545, 19.477152976480752, 17.442050227056875, 19.767231589334365, 17.027415554898035, 20.258564200088834, 21.84691804235761, 15.786536259464935, 20.70916089407052, 16.65521112205077, 20.730489452494048, 16.61217882785246, 21.47905652813883, 16.05983047898257, 19.827531982392497, 17.401944220145207, 18.18646495777091, 18.95895859620686, 16.604032399974553, 20.764912189749207, 16.546761019915397, 20.839539212421734, 16.31800417231908, 21.13343422839433, 14.909353193252317, 23.12572373668646, 18.21743266003305, 18.932670726343016, 19.442331590389795, 17.719567084352953, 15.194113385926732, 22.69689555133441, 17.45326594705351, 19.766462362879818)"
n:finalit50 sigma_12 z2:180.0 z1:1404.0 data:pos,20.157759767529324,5.456792758993438,"(19.979633494127697, 18.930463474058072, 16.9821206461564, 22.296089973104447, 23.480401717823337, 16.144491012820726, 24.346042547493962, 15.563674963195965, 17.83570050792656, 21.192234122653918, 25.405656728910053, 14.906243960188236, 15.502976258362176, 24.41296394140521, 11.613545201885211, 32.34664212289576, 14.511749443872414, 26.084228274525998, 27.61142269757844, 13.710856178660372, 13.318210238963143, 28.463248434895753, 22.700045438370502, 16.688053789620067, 22.444859619243864, 16.881109261965996, 15.331709270096772, 24.63410212650292, 20.772847765443988, 18.24490381131512, 21.004048827621663, 18.053459286163644, 15.533466708282793, 24.36686054451123, 13.270256091663112, 28.524665614563897, 20.81807282981025, 18.180207173913292, 13.913218801192393, 27.222778625854097, 24.895527251271638, 15.20180149951645, 18.963987261701355, 19.972474853160534, 25.759988288184818, 14.6785189839617, 21.733878741019335, 17.423820892993454, 35.2911205134077, 10.743608563609387)"
n:finalit50 sigma_13 z2:180.0 z1:1404.0 data:pos,20.07386222749203,4.947084903859008,"(24.10645269941505, 15.755784136689163, 20.64347477504989, 18.4084214294909, 29.2721365929071, 12.984930849103039, 26.614017165116564, 14.279196093854198, 16.324366934481464, 23.25974394920235, 15.992914760914655, 23.750780636230132, 19.257973074917942, 19.73165603715339, 19.428175851449392, 19.52378813973585, 12.395788241372726, 30.65005408367267, 17.32426669826095, 21.92865455027652, 28.93736688658665, 13.133386875773109, 13.357468578916443, 28.449979205647953, 29.787664508489758, 12.758636706193181, 20.88454851076088, 18.176684785665472, 19.383205425355072, 19.607639059920803, 19.868279723881038, 19.13197622591316, 20.541283123885137, 18.4949855208738, 17.628530756678025, 21.55119081919705, 24.063791954696555, 15.785016755485103, 19.436274992222486, 19.549484381571173, 18.980180770086413, 20.014670632788434, 15.933562778115816, 23.84982265656145, 13.727288347572353, 27.66949223053191, 29.3070077830471, 12.964596507335234, 20.912135659779715, 18.174382511776177)"
n:finalit50 sigma_14 z2:180.0 z1:1404.0 data:pos,37.3220338848868,5.3315589076493275,"(40.79157163551933, 33.47398832291212, 32.09858624247702, 42.56672740543825, 40.30929348121479, 33.8893132676305, 35.3874208085362, 38.60060728764544, 28.227405948451423, 48.3594630533128, 32.27323194245965, 42.31098360120763, 32.510566861061996, 42.0181624374932, 45.70926659231144, 29.831112441087846, 37.244393284625396, 36.681695738309976, 40.70358281685078, 33.53848153142861, 32.0358428370092, 42.64497999710667, 31.5421033138236, 43.30839561905509, 34.16696144456498, 39.980398961382164, 35.24949561570295, 38.730243274858786, 43.546049475456805, 31.370937823477853, 40.075500672811415, 34.093247598031, 34.363564812568136, 39.73072065902333, 53.03676987139671, 25.748510426200227, 36.26162412945749, 37.649712026733795, 38.17444652668004, 35.77876645983669, 45.43444227845561, 30.050865783732842, 36.99098013290277, 36.92419769326556, 36.015163173547144, 37.9102452974041, 31.877832759282228, 42.83696813665021, 39.30068710471435, 34.74618563923404)"
n:finalit50 sigma_15 z2:180.0 z1:1404.0 data:pos,100.1676039064794,11.461049022959482,"(93.26752872031786, 106.2110064089459, 97.05201081102075, 102.07027630162588, 95.02078447222237, 104.25159720005448, 88.16345668202098, 112.36079851240225, 99.88580366850763, 99.17186350238501, 91.8484391873131, 107.8512801408437, 94.81208069863212, 104.47942273001213, 115.12458392737065, 86.03996882364923, 93.10923029362513, 106.39256787674083, 108.80308071099601, 91.0443235741965, 111.08698990840405, 89.17469118942603, 106.92959112971953, 92.64137501574781, 93.2365252520872, 106.24725317366918, 86.7025784473019, 114.25158722027919, 119.12382741658674, 83.15840734798519, 94.07611919660735, 105.30049842607366, 92.77192517333795, 106.77714445779455, 84.78983379491437, 116.83062273685586, 90.03122751370243, 110.02762428950518, 77.44402309881876, 127.91331049377473, 103.02350037632294, 96.15366986196938, 85.80104866362105, 115.45422876096117, 105.07212070531534, 94.27878324343608, 102.47038916481654, 96.6718836068376, 124.25655290316382, 79.72275851205059)"
n:finalit5 sigma_1 z2:180.0 z1:1404.0 data:pos,3.985288773120523,1.0500884639252441,"(3.7750557606851802, 3.932573135525777, 4.773437270339345, 3.1096374755560596, 5.748849315191287, 2.577189367433223, 3.8782290078160466, 3.834495962833958, 3.771898632898044, 3.93815645584213, 3.1979623267941713, 4.634680173835124, 5.836075068078391, 2.548322119251937, 4.088499180986216, 3.63626527785268, 2.660230220720998, 5.582482731982998, 2.9255508165059085, 5.074931134121752, 4.53604301407012, 3.2710246699525785, 2.6318857753416345, 5.6448336463417625, 3.434115920424537, 4.334865414738848, 2.715133046506642, 5.45191555814922, 4.916839543156199, 3.0252050055632393, 3.620089225195052, 4.099166937204188, 2.732095855383496, 5.45425852918722, 6.933630034081391, 2.1388046796476905, 4.569322359887305, 3.255193539742719, 3.8967643235096916, 3.8051441660764045, 2.855324226850414, 5.199039737758187, 3.573785841266587, 4.156544647582898, 2.9951018458189074, 4.955506160538469, 4.185030842763722, 3.5519756112242717, 3.2852559222735076, 4.516021141537937)"
n:finalit5 sigma_2 z2:180.0 z1:1404.0 data:pos,7.032033827461161,1.1405709077888695,"(6.929675217360394, 6.953935770539301, 4.752753536796819, 10.138510246603312, 5.447634179365293, 8.818837155453375, 7.667251381306979, 6.293155524561567, 5.946941693818947, 8.105743239205932, 6.168301761045686, 7.805917867291934, 7.763592431302243, 6.2152191844556555, 8.05609575884812, 5.9907184234947515, 7.471471006004382, 6.45367779605052, 5.228844918315467, 9.218642700933415, 8.435911535134581, 5.711116812251809, 6.822327975327976, 7.067183034702021, 6.619989035476077, 7.294600351381069, 5.722716028731637, 8.419426636389632, 8.048482627413062, 5.996956054308413, 6.6754573368011325, 7.2200932984006565, 7.944418662231887, 6.080350790078982, 6.638808717807042, 7.261113901055858, 6.094353003020962, 7.91950702832075, 6.848205700110323, 7.029345551128696, 7.370798202402165, 6.540302778729076, 6.239617848722622, 7.726144045980719, 5.017882983796754, 9.609708514762305, 6.463665837236723, 7.4608459908945, 6.490270842980242, 7.4051704547262585)"
n:finalit5 sigma_3 z2:180.0 z1:1404.0 data:pos,9.039951788321645,0.8495359061642295,"(9.419319071342235, 8.59964130760716, 9.787467887107411, 8.2784408922748, 8.168182416537762, 9.911354240717134, 8.294961938743613, 9.772641321076547, 9.061990675819654, 8.942473037608485, 8.33145569036761, 9.71604568848711, 8.521559198716883, 9.513087631871906, 10.968126183749549, 7.392380218743115, 8.39742622271343, 9.648655764115137, 8.312169315693668, 9.748436540890118, 10.89697410354823, 7.433956096627699, 10.635517182500946, 7.619458933175857, 9.870077669921034, 8.213615813723017, 8.207549027347369, 9.859895440631483, 9.01796741296596, 8.98884461335165, 10.205559419456728, 7.938414330689471, 8.485650567658478, 9.55631402051865, 8.584693520601794, 9.438127862182904, 8.621911762092783, 9.403708983517857, 9.098212497996771, 8.892473043789877, 8.412575167742729, 9.632115660944745, 8.282330681513962, 9.78388785692458, 9.112421606817811, 8.89233370528775, 8.510643031346545, 9.522574014461673, 8.052056866512993, 10.041913278047614)"
n:finalit5 sigma_4 z2:180.0 z1:1404.0 data:pos,39.99689723371759,0.9964113626875741,"(39.154084405570444, 40.833167793301136, 42.27438373793572, 37.818988709068734, 40.40181890668972, 39.5717969169802, 39.79334872313456, 40.17710323660935, 39.987865197564965, 39.981833046044336, 39.960543342074104, 40.00791876100588, 39.898419867218266, 40.071380223716986, 39.98215440717494, 39.987415737971624, 38.32570549419192, 41.715589804434636, 39.66876613881025, 40.303287321317875, 40.800772917930125, 39.18505198866705, 39.21368894703286, 40.77113163115277, 39.59215825551592, 40.38129429950157, 37.98358405008468, 42.091168957471204, 39.32243383856402, 40.658237411640684, 41.26044219934054, 38.74846578496554, 38.91899446184504, 41.079746297405826, 38.97189893168575, 41.023970183937884, 40.74668848618725, 39.23723168318319, 41.18580426724284, 38.81870999683634, 39.24846725209413, 40.734792218114166, 40.893154665980255, 39.096719082779515, 39.75836274511709, 40.21241189824949, 38.53560883958794, 41.48840506428186, 39.833928111373446, 40.13596544729531)"
n:finalit5 sigma_5 z2:180.0 z1:1404.0 data:pos,19.989190364234492,1.947274243065062,"(19.867471329001447, 19.92551965489096, 17.163907348568312, 23.06356534795263, 17.19339626692031, 23.023064136515394, 19.91159363579781, 19.881488620010884, 22.384191810833734, 17.685623545775446, 22.431648771433306, 17.64664301415447, 21.644113794262136, 18.290333590001154, 18.844594242603264, 21.00758081316405, 20.962043463134286, 18.884853393139657, 17.089296119138766, 23.164919326388752, 17.54295283916483, 22.56571518132616, 20.264396990828992, 19.53542261650169, 18.3904717590522, 21.525802991589615, 17.503624182669082, 22.616143493869888, 18.67722971519512, 21.19534271260928, 17.028003537941064, 23.247763806735488, 19.190787070332423, 20.628342940376598, 21.058580032207203, 18.798652084814027, 21.84097100553411, 18.12564481047438, 19.840064625346407, 19.952400961225976, 23.46642439788562, 16.869493752295902, 19.54560837789354, 20.253962768941363, 18.8019930785669, 21.054756615918713, 18.21056613140897, 21.73836918905313, 21.594066350213286, 18.330115968065616)"
n:finalit5 sigma_6 z2:180.0 z1:1404.0 data:pos,7.473065743725243,1.8800005089594178,"(5.7969394306882105, 9.108623825876899, 6.786635736137472, 7.78176390145301, 9.461948757756739, 5.575082719206866, 6.366493259175312, 8.300460673391873, 7.356305043217977, 7.179732768341832, 15.95703132404886, 3.306593498259569, 10.410277246147027, 5.076794013534658, 7.4299175940822995, 7.112731446910234, 10.542042783091738, 5.011014820378327, 6.715026236846307, 7.864980773985034, 6.2170505406302645, 8.492236508231914, 6.83283183427104, 7.731079944839594, 6.712165632569656, 7.875767274680908, 5.798142465645837, 9.10369200000633, 9.497560913549256, 5.564193118652101, 6.864209250286677, 7.693139156279097, 7.427096042289767, 7.119491358018278, 7.507103654866999, 7.035667067321511, 10.135457087498953, 5.2148780606479255, 7.876292602084668, 6.699884785361148, 8.85178847753354, 5.966634396595108, 8.338222031262367, 6.334584110336924, 7.3384994956871745, 7.198395502620341, 7.571167809770376, 6.9776688984111725, 6.997809075850839, 7.5401822379320596)"
n:finalit5 sigma_7 z2:180.0 z1:1404.0 data:pos,10.529593843819498,2.360641316274294,"(14.97445617941584, 7.0525133606879225, 12.136597482248446, 8.7013424848045, 7.46783777648609, 14.134631474449796, 12.722313018478344, 8.30229135525016, 9.094612409204146, 11.612415222074297, 11.75763401990022, 8.978105782492747, 9.376165899190767, 11.26576872737896, 7.189477164090885, 14.691878698814948, 10.236846222457315, 10.316580171583512, 13.770039094629885, 7.669806739151125, 10.027300511431548, 10.530729702361436, 10.700349142277773, 9.86995833029536, 8.422088167931001, 12.540623840607967, 8.110392515299775, 13.02165580012556, 7.638066007752767, 13.82920685532597, 14.99398457767747, 7.042885622479934, 10.539009721896594, 10.02354803550941, 10.008009806898029, 10.552597853321014, 16.742581073618485, 6.309384748414818, 9.147939244867862, 11.541247897647807, 8.65829761594382, 12.197344349767357, 9.435309446415923, 11.19286593985579, 10.682383644996237, 9.886869614340098, 10.76645171702583, 9.809404944615379, 8.760819409136829, 12.047072770347075)"
n:finalit5 sigma_8 z2:180.0 z1:1404.0 data:pos,13.965817349601414,2.1111543302250686,"(14.871484773683932, 12.825695977181272, 16.532013359985143, 11.537388143026263, 15.977715486150279, 11.933085466555482, 15.077876946207653, 12.652238661491166, 14.915752867441608, 12.789313133071136, 11.316007797370652, 16.85204629552072, 15.868054583064913, 12.023003494992262, 13.675690000291302, 13.950828082932333, 17.31979071846447, 11.012963793192242, 15.09394308833055, 12.637881341013934, 14.308128969919553, 13.330602220895987, 15.295181896747208, 12.471812541374215, 13.522672800887102, 14.107021773590073, 14.94295120251715, 12.76461757975228, 12.828672748884113, 14.870728176578236, 11.781114526735145, 16.190035006383848, 11.774170422419107, 16.203198818449742, 15.771394896752085, 12.095006063766643, 19.67718001012052, 9.696027686482694, 12.691611183919294, 15.026465552011992, 14.684316447681748, 12.98997989865087, 17.20673296508038, 11.086553298983896, 15.470421371058443, 12.330763719507084, 12.233015935529183, 15.592938256072255, 10.750282965005997, 17.73449453434636)"
n:finalit5 sigma_9 z2:180.0 z1:1404.0 data:pos,17.997629060814766,2.1705240779531505,"(18.04123451222759, 17.70176262562417, 15.709367893588826, 20.328057875767072, 14.394583980311838, 22.178534672069816, 22.567291340400264, 14.152546132176905, 18.19812911914625, 17.550961948635734, 18.114888318846976, 17.62603602649756, 18.946610452128773, 16.857966240226915, 18.190201590185527, 17.55921048968084, 17.14893515340484, 18.621854695316312, 17.959729951486146, 17.78279482066812, 16.039356749489603, 19.911473344630306, 18.58750755493505, 17.182751396705385, 17.47149713838742, 18.27955398283338, 17.039947405854814, 18.74146335415638, 14.508119077174559, 22.013610580442737, 21.347553011621777, 14.959316888647455, 18.192626775961966, 17.555864268992735, 17.951969924115744, 17.790359888111354, 15.604699980197438, 20.46907021247068, 18.782330066709097, 17.001446300234687, 18.24565158985687, 17.503192157335658, 20.274248453998617, 15.75346704172597, 22.026824354773904, 14.49904595807456, 17.128349414486646, 18.645208480535175, 22.65667492535727, 14.08757492453074)"
n:finalit5 sigma_10 z2:180.0 z1:1404.0 data:pos,18.396713658269384,1.5827364142324019,"(19.19342097515775, 17.507087558553266, 17.338986453026198, 19.37464555602812, 19.963452956177097, 16.81749204310461, 20.623971175409253, 16.29550103706595, 19.857152564901078, 16.92744359790357, 19.12860285958505, 17.553352322293954, 15.72567198793268, 21.375317941283164, 17.123168170426034, 19.63125243686532, 20.107259842193233, 16.709999446880865, 15.853038398948355, 21.198537426520506, 16.46899723250778, 20.40328927667363, 18.0906109546968, 18.577997327411087, 18.097364833150383, 18.56762919138695, 18.597020357207228, 18.066272897869474, 16.749765727051095, 20.063302036579426, 17.346047753347992, 19.36728977277907, 18.96801425757274, 17.719074075541293, 16.15181420286333, 20.806730235802764, 16.992439757124092, 19.78415934934803, 18.099255214778005, 18.558106167169978, 19.430805609821736, 17.292450445265594, 15.428430036580028, 21.78359605271765, 17.511517708143703, 19.19053613827012, 17.612596742774542, 19.077919840413557, 19.734106865852382, 16.993188102513074)"
n:finalit5 sigma_11 z2:180.0 z1:1404.0 data:pos,18.329215912856196,2.0113858728439715,"(22.117897598741678, 15.014654183791643, 20.045240392930786, 16.55966591563334, 18.835205598844567, 17.600653324254992, 17.98684437202763, 18.467431524591735, 18.587109578922327, 17.87619250604616, 16.513431406463198, 20.085525146404333, 20.912342023278285, 15.889981713746794, 14.502992423703676, 22.915796621003267, 18.777833982828703, 17.679564632437792, 18.554501913826297, 17.900780917774586, 16.891860410049926, 19.66032462962441, 17.651886162319038, 18.817213194636174, 18.13954769626526, 18.304771285126293, 17.311267504432568, 19.18115373876341, 18.738250408360592, 17.727850790706327, 18.32233068904207, 18.112429127951877, 15.665329643740588, 21.20962213612842, 18.10974390513845, 18.33885355212767, 16.934846249492956, 19.62704324555847, 22.926229651440043, 14.474047632468709, 18.248443700225508, 18.195389822267718, 19.368961567790013, 17.15294713554154, 17.263804018308694, 19.238007656559542, 14.817025303371812, 22.41055267104983, 15.691171084165651, 21.106245252904422)"
n:finalit5 sigma_12 z2:180.0 z1:1404.0 data:pos,19.581212290213625,4.656767518082082,"(20.02355007978077, 18.148468899579616, 17.757502026910842, 20.436073838002503, 13.750228835695202, 26.29113828169753, 14.981765202928296, 24.262815109819222, 14.494939416829894, 25.097097194258993, 22.075988720146608, 16.399646330774807, 16.41721396840315, 22.167575865565937, 18.66468307399862, 19.499367409303307, 15.629509723536136, 23.223706882681224, 31.51951557386714, 11.53094081121045, 20.710469218972452, 17.54312871141978, 20.41843432517093, 17.812208960671718, 24.50428419244733, 14.820979538007196, 22.28310121001828, 16.295063512488934, 14.158643607538552, 25.669898135885806, 20.911989559116712, 17.35818059979332, 20.369877306450846, 17.85275491848809, 15.760154493234056, 23.06399105420345, 30.63649079718572, 11.88308425955303, 18.957606057905412, 19.11827605048488, 16.735352920799293, 21.70395401969468, 15.111124032135288, 24.066151594877205, 12.02755910931898, 30.222185613474842, 18.991777262119147, 19.130678553974384, 15.806937029956709, 22.764550620304075)"
n:finalit5 sigma_13 z2:180.0 z1:1404.0 data:pos,19.830852048055398,4.490643554964105,"(15.117325683588637, 24.7541252115449, 21.72296323294152, 17.21468528048029, 20.70778568803715, 18.04835984416855, 20.779545134884092, 18.010370597254756, 14.423738581781654, 25.94877577855151, 29.047358608915196, 12.866387061370604, 23.104172281176094, 16.202417643234405, 23.75019785988558, 15.761924489181885, 12.470527935467496, 30.001010392026092, 20.61411339236613, 18.153641855801435, 18.468208298456823, 20.26081200879977, 19.264274581813964, 19.427674914083365, 17.83818566631892, 20.977237519096334, 23.955838936570476, 15.614447724707997, 16.912949800678735, 22.125186259040436, 20.56386985274395, 18.1880091929032, 27.76456735031347, 13.478932314939714, 13.260565091885333, 28.222025910277278, 17.882475119928866, 20.938100493878476, 18.057598621670195, 20.70797892958629, 26.95109650247692, 13.88201128675849, 25.888495943257542, 14.460191886936771, 16.848453474930757, 22.209605776523414, 21.058839750162438, 17.767409617630406, 14.996865017374551, 24.87126800636721)"
n:finalit5 sigma_14 z2:180.0 z1:1404.0 data:pos,36.564841230152524,5.038256245535724,"(34.80898237297748, 37.71270145463455, 42.369654866477944, 30.96185615594126, 35.023761395108885, 37.44691191909926, 27.890394617617925, 47.06070819766491, 29.307659462616602, 44.8017576922196, 44.48568005595825, 29.479289168700866, 31.838150350484767, 41.230891554626275, 32.65857939199895, 40.19535385678323, 37.49186340681438, 35.00355165279364, 42.481738261459434, 30.894107842946422, 35.42782855077255, 37.0404200933237, 29.178589222499035, 44.99571958230755, 38.813986101490876, 33.8133929859946, 33.325030254773864, 39.368718676223004, 31.027492292760506, 42.2954937737672, 37.07249289366606, 35.389432942580285, 42.85505731822952, 30.622784878408087, 32.57963493569174, 40.28746157839886, 32.35729935094326, 40.57714671642215, 35.71868636292253, 36.738858516500486, 38.903926379748526, 33.72762629769966, 39.043131397072756, 33.63131093658327, 45.43651630179145, 28.88367579517474, 32.89739957008644, 39.89357436697047, 31.290624026405816, 41.905155731492925)"
n:finalit5 sigma_15 z2:180.0 z1:1404.0 data:pos,100.20972439491821,12.381865428013883,"(122.87663253205217, 80.51143326778146, 97.43535650984495, 101.53184022030409, 100.31941042091256, 98.61123365704084, 109.94627255196906, 89.98029961092665, 103.92939263980203, 95.1904448041828, 93.31411085957097, 106.01478512306406, 84.65301848769202, 116.8657086744256, 118.90847525734038, 83.19864932253618, 99.82039345860464, 99.10730120415836, 123.21189501285293, 80.29160338475026, 82.0463745565767, 120.5760582431734, 118.81116675786129, 83.2673976358673, 98.10965632287446, 100.83718004119964, 82.2335513830226, 120.30079321367384, 96.64652499592283, 102.36280720805036, 89.7548986492301, 110.22133150201545, 94.14328717337824, 105.08493222136072, 98.10089536397675, 100.84514210372225, 117.00966899923682, 84.54936887242481, 101.16960769704565, 97.7849933664923, 117.1806660794919, 84.42387400160786, 94.23475983612461, 104.98346884444817, 93.16121230161646, 106.19063045087196, 112.25814340979471, 88.1268496115736, 112.10935900921594, 88.24336289424593)"
n:it5samp10 sigma_1 z2:180.0 z1:1404.0 data:pos,3.952594442541038,0.9403622090105818,"(3.2799767041206542, 4.533387227192996, 3.4734236569457373, 4.280419892206427, 3.6102051724279174, 4.083913974759796, 5.13410873717434, 2.890174696235047, 3.0147621181864532, 4.906127279740949, 5.662073871368127, 2.621520214058358, 3.355855349028497, 4.418317531141841, 3.8274532567233304, 3.872094449690003, 2.559811385077885, 5.746260089560562, 4.512575092853675, 3.2694281523281643)"
n:it5samp10 sigma_2 z2:180.0 z1:1404.0 data:pos,6.985289579036219,0.9323258542511964,"(6.58996897094507, 7.296749339122412, 7.015058870166049, 6.854238802234923, 6.945821658360687, 6.890586168503938, 5.328708673028119, 9.015854675554001, 5.705618437975021, 8.38704391203442, 7.042421838610009, 6.823580744033333, 8.340812127365579, 5.757614912942759, 7.671971743890604, 6.255052543420903, 7.407710694423338, 6.471224421047178, 7.638432852152605, 6.267320194913395)"
n:it5samp10 sigma_3 z2:180.0 z1:1404.0 data:pos,9.055540969217223,0.8136068488906693,"(8.005347428586402, 10.178606369882967, 9.859398175660928, 8.265882058899152, 9.218553906849401, 8.797714961398565, 7.600896845691954, 10.71598908773741, 8.800339204277691, 9.245807886415323, 8.99347129845799, 9.056826786822702, 9.898972210524535, 8.222158341262453, 9.075408551592211, 8.97236931631382, 10.166919809075674, 7.997626937224193, 9.244803704251467, 8.793726503419608)"
n:it5samp10 sigma_4 z2:180.0 z1:1404.0 data:pos,40.008253128887226,1.4171261817874192,"(37.406650183342535, 42.74011052170932, 38.00160205087794, 42.07101080722725, 39.34177185078312, 40.6373774200328, 38.33481644047881, 41.70530837056036, 41.42511077904011, 38.593958103658586, 38.624151777650084, 41.39302633697679, 40.252613482311276, 39.71822518017709, 40.58558130114085, 39.39203494263909, 40.38464693201306, 39.58766000112171, 39.754797276800936, 40.214608819202795)"
n:it5samp10 sigma_5 z2:180.0 z1:1404.0 data:pos,20.01840931419011,2.158667448776839,"(22.337051448804168, 17.7438055918726, 20.648065592363366, 19.19526035756566, 24.034071865784522, 16.48988531349326, 22.669435501449012, 17.48379168859653, 18.279928972041528, 21.68160539114495, 20.82885306328386, 19.02888772282474, 18.733692364329936, 21.156234346556182, 18.17247379553128, 21.809370267394836, 18.84773241750628, 21.026779532687595, 22.884454724372265, 17.316806326199472)"
n:it5samp10 sigma_6 z2:180.0 z1:1404.0 data:pos,7.374299116376509,1.2563668091127815,"(7.153873067054722, 7.4073735408353025, 10.413916529987585, 5.088621998506675, 7.152773157573608, 7.3842314422318704, 8.851977006482569, 5.983284812387199, 7.1508203317549315, 7.395119580346304, 5.842195013082056, 9.066198940569024, 6.747988251744916, 7.843503131174203, 7.253822725216846, 7.298097996788944, 7.837476856214558, 6.744954326904699, 5.885867113038827, 8.983886505635315)"
n:it5samp10 sigma_7 z2:180.0 z1:1404.0 data:pos,10.513654109922868,2.2542007051507977,"(17.66774927795522, 6.008970731328091, 10.958392006337194, 9.687953150416678, 10.105858693263801, 10.494699650040118, 8.723752737237405, 12.16787247000604, 10.267012249933751, 10.334838124082511, 9.894723823278548, 10.728060698942294, 10.100823380406364, 10.506657286502058, 10.208079443899432, 10.396448606954799, 9.334140783658599, 11.365333433449253, 7.910590624710217, 13.411125026055016)"
n:it5samp10 sigma_8 z2:180.0 z1:1404.0 data:pos,14.004166592485525,2.406495194525153,"(18.898642339046763, 10.097023735248646, 13.206499301953162, 14.449122821191263, 13.04271826921064, 14.619888664279017, 13.600363281701412, 14.030603441435751, 13.06607716333083, 14.599801887953415, 15.24306361816569, 12.518230792455252, 17.125188914168344, 11.140134610308845, 9.979071816762511, 19.11719690039673, 14.55506984287802, 13.101415867199687, 14.865505983102985, 12.82771259892154)"
n:it5samp10 sigma_9 z2:180.0 z1:1404.0 data:pos,18.02000232932566,2.182351131372012,"(17.580665199577318, 18.217749787311757, 17.902589698376765, 17.890334063790682, 17.079180832578974, 18.746451568920843, 20.264049113224633, 15.806092388857705, 15.954101651691882, 20.072949233379198, 15.197627685600096, 21.075137414385615, 14.655006334385483, 21.851744949970026, 14.788591002604823, 21.653787877057027, 17.80729565339599, 17.97851095164562, 19.23978740091087, 16.638393778847817)"
n:it5samp10 sigma_10 z2:180.0 z1:1404.0 data:pos,18.37446212124436,1.6853470875493235,"(19.119955944208286, 17.525768280707442, 18.6815513851961, 17.936594448121458, 16.793228855891545, 19.936785092499356, 17.162511292099396, 19.52912239515437, 17.070637235687634, 19.623599154035297, 21.134837396959796, 15.856737902925987, 17.29923564893707, 19.362857885668845, 15.615353992952192, 21.44731267596302, 17.56497679285636, 19.05346319906804, 16.498106194554577, 20.276606651400343)"
n:it5samp10 sigma_11 z2:180.0 z1:1404.0 data:pos,18.379792264252924,1.635585794668423,"(17.967847452308607, 18.677603524267525, 21.07314855031672, 15.926117126547808, 18.078290127436336, 18.52909110872227, 22.54926619075731, 14.884580622369324, 18.33149652075784, 18.29730331454193, 19.046635389458004, 17.624287360585672, 19.036589911211156, 17.61725146298203, 17.24429592566432, 19.446271519481485, 17.498989235320938, 19.132621879898213, 17.3774599619195, 19.256698100511404)"
n:it5samp10 sigma_12 z2:180.0 z1:1404.0 data:pos,19.546087322660114,4.525461696664376,"(15.731198468727975, 23.129882213541716, 15.992093728041466, 22.752925721009348, 18.25687185029969, 19.85418788200715, 22.641029958502195, 16.077802091564703, 15.538452899392254, 23.396831496976695, 24.568460435881924, 14.825957043456084, 20.449495793919088, 17.776142058684457, 19.583301626243504, 18.534411704810346, 28.584118700371498, 12.630122692433249, 13.178065467943343, 27.420394619395598)"
n:it5samp10 sigma_13 z2:180.0 z1:1404.0 data:pos,19.994180761471924,4.8476412463229455,"(24.879359698489022, 15.194579488330149, 17.889761569009632, 21.132137580432836, 14.238807341263534, 26.50747483109336, 26.417234505573333, 14.310082047702135, 28.22177345937679, 13.386034772885704, 21.984842788981574, 17.200663555633817, 16.440034285090075, 22.983355418329896, 24.578919005903817, 15.370644520041642, 15.736804158526672, 23.980442432796625, 23.142711445214545, 16.28795232476323)"
n:it5samp10 sigma_14 z2:180.0 z1:1404.0 data:pos,36.79468182616918,5.238927350465114,"(30.06744036596403, 44.18948392447439, 32.36726691096623, 41.054932072052836, 34.82656790035852, 38.114583180539476, 40.29211010505377, 32.97972234755037, 29.347919112870905, 45.25943654311033, 32.606002070823564, 40.766677099393206, 38.12053879706741, 34.850872723858814, 40.36446823086501, 32.91213616786488, 29.57725277231786, 44.83708220212998, 32.16245189265522, 41.19669210346679)"
n:it5samp10 sigma_15 z2:180.0 z1:1404.0 data:pos,100.27706792985327,12.938818427873825,"(92.74217420952486, 106.72739271194665, 94.5344966537119, 104.70439053858951, 95.84312775009849, 103.26610844233755, 114.65176889655727, 86.33165958890959, 112.84046660564097, 87.71500694680417, 80.64886780568901, 122.7325481893798, 123.52533154296441, 80.12892256538764, 89.14578156209488, 111.03144221227947, 99.63399828126569, 99.33496811303294, 110.18927245458723, 89.81363352626366)"
n:it10samp10 sigma_1 z2:180.0 z1:1404.0 data:pos,4.110609422541646,1.3199903261542032,"(3.2811185447230313, 4.679509136995152, 4.892173096212894, 3.139638304901836, 3.6535940067517005, 4.215306934022213, 7.566490607846606, 2.0304410459803646, 5.694408279383981, 2.6978015654651872, 5.495295039892049, 2.7866248487572616, 5.084832926961797, 3.0218015415416124, 4.690809155479161, 3.276821484894319, 3.8695804925618917, 3.9734143066992917, 2.934545639670156, 5.227981492092409)"
n:it10samp10 sigma_2 z2:180.0 z1:1404.0 data:pos,6.912932667822357,0.9160570520632442,"(8.375182459639216, 5.611369360195764, 6.720256854937857, 6.9942176022028155, 6.521794981588027, 7.215964068631498, 8.90098990256107, 5.280485788980346, 7.922061906058769, 5.9343179296558635, 6.8434940405827085, 6.860861564901694, 7.6207487679002135, 6.1675723999729, 7.221428152685415, 6.506808522994624, 7.220588658135666, 6.51219618829873, 6.0057167924893005, 7.8225974140346475)"
n:it10samp10 sigma_3 z2:180.0 z1:1404.0 data:pos,8.940571322800364,1.158531701004623,"(10.26999166606272, 7.660726686424467, 11.031157323930625, 7.130679820986955, 10.597373860691082, 7.428713849267196, 8.89637316138587, 8.84001077748329, 8.942453679381828, 8.799026022124416, 8.86622288375827, 8.865738326061726, 9.1230115511616, 8.625223510388295, 9.831437088222675, 8.002297970491277, 9.898098521368807, 7.9498471952257495, 10.708226646034586, 7.344815915555844)"
n:it10samp10 sigma_4 z2:180.0 z1:1404.0 data:pos,40.01308483521179,1.3962563764354385,"(40.00391877366284, 39.97601148736122, 41.09150431701911, 38.917992987335396, 40.66569241090813, 39.325449310155804, 42.08038052956801, 38.00339019047343, 42.32756574930263, 37.78151164898179, 37.868548308923394, 42.230325048507936, 39.58666311647094, 40.39723281166566, 40.71040984357983, 39.28216335397004, 40.91512271594596, 39.08577162785526, 38.86791278317866, 41.144129689369805)"
n:it10samp10 sigma_5 z2:180.0 z1:1404.0 data:pos,19.948751867644752,1.3541463348994511,"(20.811255171837864, 19.038625960638825, 18.336665482624596, 21.607895788498972, 17.67867619591004, 22.412432998599954, 19.369667871295658, 20.455408084877718, 19.1755853880064, 20.662832564004358, 19.662876943665488, 20.150521751637967, 20.18465079989847, 19.629538966870463, 19.891129846505056, 19.919123803368457, 21.27762850927999, 18.621495281710786, 17.68189108870425, 22.407134854959683)"
n:it10samp10 sigma_6 z2:180.0 z1:1404.0 data:pos,8.046382304238007,3.5809834135036542,"(4.9960389013879745, 10.737772988181208, 7.545910372528876, 7.108433902367781, 6.688537886930379, 8.030597701237781, 3.552936027732661, 15.099951399354753, 5.185715577458028, 10.350119038080429, 14.403018678013657, 3.7246889148641333, 11.333382515580167, 4.735686853571599, 3.80066614865324, 14.119632317465264, 6.439101040522854, 8.336179507907133, 6.549335423269487, 8.189940889652734)"
n:it10samp10 sigma_7 z2:180.0 z1:1404.0 data:pos,10.58890861847375,2.411352383212041,"(9.479043954680568, 11.272758468313993, 9.980729715877896, 10.706085682406428, 12.44720193512448, 8.587184120335772, 6.626366598176544, 16.125256781580042, 12.219620405066513, 8.745061070066663, 10.980145628685353, 9.729063036486709, 8.684115501513165, 12.306158351613602, 10.527584532434254, 10.149918635195089, 9.227710693257833, 11.581154385682773, 15.518256547051804, 6.884756325925507)"
n:it10samp10 sigma_8 z2:180.0 z1:1404.0 data:pos,13.954862751860276,2.098839226481738,"(15.32097419586149, 12.442659600593924, 16.070584050869762, 11.861851250937976, 12.815306818888025, 14.878230746428082, 15.14222960965711, 12.588581730469036, 14.450740925424581, 13.192445951615086, 13.722189186809583, 13.888710283202128, 10.788480282549656, 17.67091057795497, 10.259056491591172, 18.582190397661595, 13.145140546561851, 14.503042363705042, 15.387373281456297, 12.386556744968132)"
n:it10samp10 sigma_9 z2:180.0 z1:1404.0 data:pos,17.961310540264893,1.7745984693419699,"(21.666266786012226, 14.753142568751025, 15.986819243899184, 19.993421769938163, 19.28031369435545, 16.579850570024583, 19.736787760903407, 16.19464735004195, 18.898768180505034, 16.914245473220006, 17.591137821984262, 18.169370765307963, 20.663040411007092, 15.469366696926631, 17.086248618879132, 18.70696399714634, 17.2503831043095, 18.53051070224822, 18.012043097266606, 17.742882192571084)"
n:it10samp10 sigma_10 z2:180.0 z1:1404.0 data:pos,18.73949629615039,2.516461591511108,"(20.539846867906437, 16.807355689976177, 16.096695139950953, 21.44597643046909, 20.278788421993656, 17.027958912081846, 20.297752691479097, 17.002684921263853, 18.47039701107375, 18.69381015074066, 15.358512089896502, 22.476805945025532, 17.43509618454203, 19.800259491948037, 19.716734451705072, 17.50707848881283, 21.514541023649613, 16.048234248840124, 14.538939296820494, 23.73245846483193)"
n:it10samp10 sigma_11 z2:180.0 z1:1404.0 data:pos,18.49128702850504,1.7267118760694888,"(17.82548975090936, 19.026361727377687, 17.913862985806247, 18.93140861887827, 18.22196836823575, 18.620694539253336, 19.43006393827853, 17.450713364447022, 16.149096077242735, 21.007367196071982, 19.170805685231212, 17.686474903969188, 17.404555525699013, 19.485880154985605, 17.971864223886907, 18.86794768323934, 21.411915443985365, 15.843704187035081, 22.034596913207046, 15.370969282361187)"
n:it10samp10 sigma_12 z2:180.0 z1:1404.0 data:pos,20.35200664407675,4.919631749075959,"(14.638522745228727, 26.76744567360905, 17.860125975201274, 21.9365068511353, 25.632660104976164, 15.29922888667539, 22.60186498321741, 17.309868159264123, 14.63231036897561, 26.781521045856785, 28.851589743747972, 13.541295102140946, 15.508813789389292, 25.255567340499336, 18.458704446566628, 21.219378694319822, 25.62107265881862, 15.299125842795675, 22.299367166937756, 17.525163302179138)"
n:it10samp10 sigma_13 z2:180.0 z1:1404.0 data:pos,20.048779047083134,4.881259093458279,"(28.688097153340046, 13.238691549129282, 16.975618411524817, 22.368440086783487, 18.468710043080392, 20.5687495977324, 17.38248664070711, 21.84628618808127, 25.000822909205734, 15.195233365984233, 17.459807617964124, 21.75038066736771, 13.670322602279624, 27.775503770915726, 25.611678142573286, 14.824036591131657, 24.390623615270947, 15.573606089066883, 15.16534476973514, 25.021141129788827)"
n:it10samp10 sigma_14 z2:180.0 z1:1404.0 data:pos,37.377964727244354,5.980703013219687,"(42.1605075075949, 32.34985989558879, 34.191842712007336, 39.894398758274484, 31.202844224320664, 43.7094754308262, 29.524662864446867, 46.192224271172286, 37.06199821763133, 36.8072629309595, 34.72398785114898, 39.2912525570745, 39.47485617002154, 34.53778421095125, 42.802464991328634, 31.856384211079412, 34.494835027551694, 39.54385965600636, 26.69514861791958, 51.04364443898259)"
n:it10samp10 sigma_15 z2:180.0 z1:1404.0 data:pos,99.80075661690758,7.644368636208976,"(107.1639307301514, 92.42708262977003, 113.42582753733544, 87.32444870162668, 90.10137677604641, 109.9309399123919, 90.06733692006804, 109.97117300108532, 96.09247469051587, 103.07685379685972, 103.49665459191682, 95.70137054356107, 101.20195426234712, 97.87111667383323, 91.73877435852157, 107.96668718278319, 99.86738551600733, 99.18047203413045, 105.73813127011168, 93.67114120908832)"
n:it30samp10 sigma_1 z2:180.0 z1:1404.0 data:pos,4.0114365342451945,1.103177142426459,"(2.639012851043921, 5.665413371717206, 4.320955145379241, 3.459983381848, 3.4054562850608225, 4.3935136959145, 5.454727114578943, 2.7421597784432903, 4.57546030397673, 3.268692741642264, 5.109337245850532, 2.9256483791487122, 3.0227507573053845, 4.948231209839435, 2.5722580522700587, 5.822607085204385, 5.335930421198516, 2.80799321249923, 3.564410003711747, 4.194189648270973)"
n:it30samp10 sigma_2 z2:180.0 z1:1404.0 data:pos,7.011902172293363,0.968281544235097,"(6.503582818817986, 7.420398335967617, 5.847519015469459, 8.255190206803276, 8.598454518427467, 5.616011798505618, 6.1631752682406225, 7.831981666512395, 6.597275699147061, 7.318980571958449, 6.056628771570789, 7.972226854075942, 8.577368267009156, 5.626153871435515, 6.829165651807962, 7.074533185099192, 7.830908130799241, 6.170502048178602, 6.366705547658591, 7.581281218382303)"
n:it30samp10 sigma_3 z2:180.0 z1:1404.0 data:pos,8.952192181599393,1.4183902456523811,"(9.26093843195902, 8.446153498795171, 10.22028094654996, 7.655724782817496, 8.312996308339528, 9.414094604055903, 10.346753116730381, 7.559213836680761, 6.675005017458702, 11.724381713149066, 10.511373562164572, 7.445467693658155, 7.850366165006831, 9.965014969500919, 9.185205177075686, 8.5224186982963, 10.570600980136213, 7.406094080279349, 7.402411024858904, 10.569349024474942)"
n:it30samp10 sigma_4 z2:180.0 z1:1404.0 data:pos,39.993889983715405,0.6693178304376162,"(39.27800001956688, 40.71200064251895, 40.446298706646665, 39.536105748672206, 40.046617218215594, 39.93073110690352, 39.71711595462472, 40.26181492774122, 40.10017256514854, 39.877107890825314, 39.45516079981852, 40.52913967197505, 40.01557076211855, 39.96154551845594, 39.068257821253674, 40.93056290758733, 41.47814295643029, 38.55250584217337, 39.605622786457566, 40.375325827173974)"
n:it30samp10 sigma_5 z2:180.0 z1:1404.0 data:pos,20.114630058736864,2.867405323367526,"(22.017386414890908, 18.026535106716082, 20.397728912751052, 19.45808704771424, 17.269898789195988, 22.982544892676867, 16.525646652466843, 24.016042784425974, 21.081097429840884, 18.826959238136354, 19.892431793582137, 19.952228629929134, 20.428480628736878, 19.428225627727418, 22.794489352966462, 17.412179723893967, 17.074295712695335, 23.245616422747737, 26.46622637855068, 14.996499635092237)"
n:it30samp10 sigma_6 z2:180.0 z1:1404.0 data:pos,7.390780810459653,1.9842457889210987,"(6.515990210629917, 7.8310611827475975, 4.8772609839128345, 10.464073694152146, 7.902189407375733, 6.460044969612135, 7.789335451704148, 6.551477758214982, 10.814810440615432, 4.720289469229447, 5.827469570555607, 8.760955540399273, 4.445897796472724, 11.477044007119549, 7.3082061558899865, 6.98810964786007, 7.1368342475388316, 7.157576252965237, 9.298716301842177, 5.488273120355238)"
n:it30samp10 sigma_7 z2:180.0 z1:1404.0 data:pos,10.504636593226419,2.1190745837391267,"(12.126300664328909, 8.759107963570546, 9.061369093013786, 11.722384409121561, 11.098224635494274, 9.571695055344954, 8.230331515846203, 12.90315207406476, 9.931016588810804, 10.696724022283211, 9.902363832837983, 10.727474754406202, 14.07234971530279, 7.547656687630635, 11.562963550744975, 9.188325384090156, 10.794665258667788, 9.843089110756269, 6.852433420218741, 15.50110412799388)"
n:it30samp10 sigma_8 z2:180.0 z1:1404.0 data:pos,14.055466673779888,2.594966779767392,"(17.06772594741773, 11.208360578080885, 16.87189918346933, 11.33907153766462, 13.081704842456427, 14.625243603606005, 15.13581585585663, 12.635618836025639, 13.524824068095162, 14.14523606489273, 11.700100013067582, 16.35123183145203, 14.429914445482188, 13.255793685109971, 9.536300857393586, 20.063296344542934, 16.889865770847376, 11.32897670365348, 12.074262710500877, 15.844090595982573)"
n:it30samp10 sigma_9 z2:180.0 z1:1404.0 data:pos,18.028513364040972,2.083583316011691,"(15.144802789511878, 21.190361625717117, 19.544428494116424, 16.421136766067583, 19.064150828652583, 16.835678826391227, 16.854340393250457, 19.037812091468563, 17.554853301974454, 18.28107579964911, 20.89449067224581, 15.359822903955505, 16.675907888679642, 19.243248092810788, 18.83615164004689, 17.039183930610477, 21.940290678680178, 14.628800726452575, 19.879607116226676, 16.14412271431147)"
n:it30samp10 sigma_10 z2:180.0 z1:1404.0 data:pos,18.588414059696287,1.9523227436326966,"(18.89737794741045, 18.09433095401459, 21.267678061321043, 16.079261989353434, 17.973273825888228, 19.029829312035936, 15.116098583519248, 22.607392207140503, 19.081089776154542, 17.918158296390118, 17.395623592584407, 19.657238999195812, 18.55124051520183, 18.426142239581768, 16.35679196478102, 20.908781645833564, 20.964449956410775, 16.31509056609553, 20.201233079711287, 16.92719768130159)"
n:it30samp10 sigma_11 z2:180.0 z1:1404.0 data:pos,18.668437411779994,1.231488443795808,"(20.78039982007779, 16.702596698912075, 17.518498097085946, 19.815026307640093, 19.768534052982883, 17.565328756729095, 20.21034786128018, 17.15600091993409, 19.717157425744816, 17.599649425564373, 17.975931062760854, 19.31018511712804, 19.33344084171447, 17.94161091628302, 19.96854446865051, 17.38678265155437, 19.25703584350099, 18.030329317501522, 17.53206025984023, 19.79928839071449)"
n:it30samp10 sigma_12 z2:180.0 z1:1404.0 data:pos,20.48763855964456,4.689789960319821,"(17.71650631067279, 22.539405843715254, 20.62843628045491, 19.371070702190966, 16.409777165448215, 24.370353907200858, 13.80973502211798, 28.842618872611148, 26.045674286482985, 15.32015564077433, 15.493944831636938, 25.77700605885881, 23.03255597933562, 17.317391018236634, 28.917786412970973, 13.817676358326509, 22.93048922702984, 17.428489503838748, 20.32279965945562, 19.660898111532006)"
n:it30samp10 sigma_13 z2:180.0 z1:1404.0 data:pos,20.214125463032108,5.19902028039408,"(23.536533775343926, 16.326533316819745, 18.822150109321154, 20.418865334183483, 16.57029933588494, 23.200617465721123, 20.00330794858612, 19.195166972280823, 14.624351480059058, 26.267970335300237, 33.27415817483031, 11.54911693066729, 21.21244368026456, 18.10746742683504, 14.955600844525131, 25.70087586359449, 14.207534252175428, 27.052952227654206, 18.656657777174892, 20.59990600942017)"
n:it30samp10 sigma_14 z2:180.0 z1:1404.0 data:pos,37.516473494577184,6.482982633368341,"(51.30864103126142, 26.667606961832938, 45.601121626558125, 30.01229370425956, 34.65961632466576, 39.49226236599099, 42.36162809004933, 32.29006724802396, 32.332769506681345, 42.30365432832843, 35.44122049253463, 38.60818732074576, 47.958500860824, 28.527314513182638, 32.46486320881695, 42.147062994522265, 36.247698024543794, 37.749870267521786, 39.52314667214183, 34.631944349058195)"
n:it30samp10 sigma_15 z2:180.0 z1:1404.0 data:pos,99.96376800309838,9.548005029959253,"(105.92003546265029, 93.53320814709518, 99.85756031625897, 99.2128433789775, 94.53726964713059, 104.79689105555704, 95.41807739266338, 103.82601594819701, 107.60587854442306, 92.06693846833285, 110.82640249885469, 89.39237779137888, 96.24801151859884, 102.93206533526039, 123.95896332478877, 79.92278505791307, 90.5182539466185, 109.44949697928601, 103.89037135818216, 95.36191388980038)"
n:it50samp10 sigma_1 z2:180.0 z1:1404.0 data:pos,3.9262259549579044,1.2643708711229755,"(2.7819400776481458, 5.039621235146882, 4.573755019893421, 3.059024997254582, 2.095577982144968, 6.669041111468046, 2.9973763262243107, 4.666183736459568, 3.4942084677053984, 4.003442976670502, 3.9247096405323694, 3.5650855652450986, 3.518079849508863, 3.9797872993606362, 4.697190544106046, 2.980336013805292, 2.204350046348643, 6.336467969680356, 5.3126133522222725, 2.6257268877326787)"
n:it50samp10 sigma_2 z2:180.0 z1:1404.0 data:pos,7.006440619347218,1.067231454633074,"(7.051479386865168, 6.8193344492525725, 6.693841916243441, 7.174959005067437, 8.009052293078154, 5.992578318584296, 6.461082981597862, 7.433561134568153, 6.173445896598069, 7.777938519969581, 6.766885710695603, 7.097457745664021, 8.545518553504051, 5.621850397490891, 6.900089886036952, 6.962418969510387, 8.497712785165051, 5.650595763344313, 5.112882936174447, 9.386125737533904)"
n:it50samp10 sigma_3 z2:180.0 z1:1404.0 data:pos,8.875954318024268,0.9755915603441255,"(8.694190109131508, 8.964365806194344, 6.968756816400352, 11.177894375936145, 8.67549192760708, 8.972671041874085, 9.03962932581271, 8.617071979498165, 7.87149329696038, 9.89445912753476, 9.965056775321804, 7.816807712017887, 9.591811879012303, 8.121907930469542, 10.118757850495683, 7.698743724268498, 8.776430833245978, 8.87345976156934, 9.38093187518765, 8.299154211947158)"
n:it50samp10 sigma_4 z2:180.0 z1:1404.0 data:pos,40.00472979521089,1.169476661328006,"(39.14126149850928, 40.85388172513257, 41.57283214585587, 38.464645613248756, 39.389575263623115, 40.59647835368751, 38.79604969005995, 41.21758344867818, 39.530275355074025, 40.452078823240036, 40.816800341643756, 39.17705889766542, 39.734042666316704, 40.24452506456826, 38.8201525975147, 41.19206228888997, 41.86856273085495, 38.19282611374109, 41.52646250997358, 38.50744077594)"
n:it50samp10 sigma_5 z2:180.0 z1:1404.0 data:pos,20.035266755864065,2.2920451618989195,"(20.060643793653036, 19.763318637720634, 19.268896979017885, 20.57573697560257, 21.73266513619262, 18.2425488622882, 20.22457045107022, 19.603202362249952, 20.64772445766807, 19.201326607023002, 23.618390991020394, 16.786480028241275, 20.813046801819166, 19.048925891040778, 23.58692280938397, 16.80881277989114, 18.015734335112295, 22.006581534784655, 16.147773102573616, 24.55203258092782)"
n:it50samp10 sigma_6 z2:180.0 z1:1404.0 data:pos,7.414498735515494,2.3769758042978872,"(7.773119227506067, 6.468768952447078, 9.188337108762859, 5.46764911090739, 6.449974857496855, 7.784611388353983, 5.337454963061473, 9.413212859164815, 3.4248284906896673, 14.662322175741778, 8.331718167082949, 6.030426439992978, 7.445574931098395, 6.749042207736999, 8.142896929258153, 6.170788589820149, 8.254223353057329, 6.085983296337264, 10.179251901303031, 4.929789760490659)"
n:it50samp10 sigma_7 z2:180.0 z1:1404.0 data:pos,10.693103183895632,3.0501509814084966,"(9.633517266780498, 11.025556089050852, 11.426444292323982, 9.293177866689911, 6.738733656702948, 15.755134760002504, 18.88556006070239, 5.622371854297708, 12.723117530902657, 8.345521780250273, 11.441904364798738, 9.280807439978911, 8.6521898787961, 12.273710594691385, 11.77131715553075, 9.021015864868565, 10.858001020069405, 9.77862986470504, 13.430836556346543, 7.904515780423522)"
n:it50samp10 sigma_8 z2:180.0 z1:1404.0 data:pos,13.96018945133898,1.7375363693395842,"(12.831943777259879, 14.968466380438484, 14.885239493641938, 12.90181366253877, 15.363428066280363, 12.498018622335278, 13.315647171062524, 14.42246131908068, 17.329201472269162, 11.081334717969122, 14.942934786316913, 12.85189266252653, 12.446129437412067, 15.430359715569992, 14.846518276692212, 12.93521386796231, 11.738281281221743, 16.359212428617994, 16.211489637397772, 11.844202250185829)"
n:it50samp10 sigma_9 z2:180.0 z1:1404.0 data:pos,17.92925595142772,1.0524459363681768,"(17.04948718630049, 18.794383557711303, 17.777039535909715, 18.02484264212715, 19.961847164770983, 16.04990084110523, 19.163638723343034, 16.719979038756918, 18.358983119381243, 17.452117050786143, 17.694802459909152, 18.10799380904682, 16.06604893776749, 19.943672190771842, 17.652319638063652, 18.151454328056968, 17.660235823885664, 18.14174529745194, 17.374491743496637, 18.440135939911933)"
n:it50samp10 sigma_10 z2:180.0 z1:1404.0 data:pos,18.43863111526089,1.5215807783837731,"(16.850172343731757, 20.048740576825857, 18.813077112538174, 17.958544372536057, 18.18576250379317, 18.570232120905942, 16.359481304309256, 20.649055195861482, 16.717170095683446, 20.203990008051328, 18.598509284753842, 18.163410842272956, 18.547155829452013, 18.21302148318307, 16.014355355310606, 21.094803328684545, 18.306353364866634, 18.45190976462122, 20.75033075126316, 16.276546666573235)"
n:it50samp10 sigma_11 z2:180.0 z1:1404.0 data:pos,18.927270810016676,2.4715003368336905,"(22.5839830196092, 15.60929856227663, 14.989966879976459, 23.524481449589697, 20.2725885258107, 17.378044831046072, 17.042766034645158, 20.68562835006234, 18.09294665110517, 19.48143969691706, 18.988051905504538, 18.56888337739914, 17.926972715123956, 19.665533611284026, 23.299823679181824, 15.131303106378406, 20.19578220549924, 17.452539593040314, 17.382998476528446, 20.272383529355086)"
n:it50samp10 sigma_12 z2:180.0 z1:1404.0 data:pos,19.47840660951411,3.4115620248804364,"(24.917727266456676, 14.781479391659493, 15.36503032947907, 24.00167441081826, 19.372687109622134, 19.00254039106663, 20.797378669865967, 17.72228466991075, 15.35618981915925, 23.98078610846953, 22.89808817112548, 16.10368776727814, 24.111059861110828, 15.28386282417774, 19.43124074342108, 18.96937716284379, 17.9134344151519, 20.5659329571939, 16.050725336287613, 22.94294478518387)"
n:it50samp10 sigma_13 z2:180.0 z1:1404.0 data:pos,19.97338539978662,3.883675846747687,"(19.781884988725814, 19.45947363410254, 20.123413192934517, 19.134237294674115, 17.89537254199971, 21.50211039524554, 24.021061253197264, 16.025231135238705, 16.67869230609855, 23.077436251078826, 25.970118290940768, 14.824235638463957, 23.356928314178756, 16.48099535453924, 16.284248135311035, 23.640158742514064, 20.68924417735727, 18.6036830998156, 28.339398214818907, 13.57978503449712)"
n:it50samp10 sigma_14 z2:180.0 z1:1404.0 data:pos,37.255979117400265,5.374635641975714,"(43.180696969276866, 31.50227522252724, 49.55761781231414, 27.47242116784707, 39.761889443597305, 34.22489292980433, 40.54121754851351, 33.570780813914574, 30.46666320192739, 44.67726414653992, 34.44598027149026, 39.5196719058006, 41.54785836621522, 32.75634553582605, 37.14143239987041, 36.65147260631348, 41.227432119779664, 33.008284269169295, 38.734172796083485, 35.13121282119458)"
n:it50samp10 sigma_15 z2:180.0 z1:1404.0 data:pos,99.7496411318415,6.874421596513719,"(105.12531679764452, 94.22246935129479, 104.8198781439777, 94.49839012719104, 96.5346124697718, 102.60718125508062, 96.68411649981016, 102.44918560059328, 102.47237532489086, 96.66290505844998, 107.9998565611637, 91.71555717238716, 101.56736811775268, 97.52325206324198, 108.34922786763484, 91.42007653319214, 107.87127463670936, 91.82292722832898, 87.68663540307152, 112.96021642464287)"
n:it100samp10 sigma_1 z2:180.0 z1:1404.0 data:pos,3.844749193807268,0.8126047755360933,"(3.0085395176076597, 4.710501872151819, 3.484735096266169, 4.0784573462540195, 5.728884822344321, 2.467824892148159, 3.268733512834052, 4.340049660851568, 4.8597106000879, 2.917950329514563, 3.1954804637928174, 4.4289313643558765, 4.735505355706859, 2.981246391672381, 3.8124460446429547, 3.7215937006741293, 4.365733786155152, 3.2505747860364944, 3.92241842178292, 3.615665911265556)"
n:it100samp10 sigma_2 z2:180.0 z1:1404.0 data:pos,7.04714901583473,1.1409066054824273,"(7.686128715480196, 6.3041407296373455, 6.60780540863522, 7.343823465032168, 7.465619977534611, 6.487322543252166, 7.453446012219688, 6.499587051094813, 6.411671591045546, 7.558666216240723, 9.335991206291546, 5.185065687350171, 5.935431532530629, 8.158655089614482, 7.181042531355992, 6.751757265906409, 6.519891270767568, 7.43532291315394, 5.072393052089224, 9.549218057462168)"
n:it100samp10 sigma_3 z2:180.0 z1:1404.0 data:pos,8.911671454585154,0.8600606450660563,"(9.293316610327386, 8.471372838579644, 8.360158471626322, 9.425101900666913, 10.012334138008153, 7.862343273330253, 9.627429557229942, 8.179374475266169, 7.074144651081307, 11.126980804967154, 9.501684736411294, 8.275349206577603, 8.83374857119261, 8.907101599516682, 8.60863456661366, 9.147613904819837, 8.560961162029187, 9.198269662461236, 9.32452777822036, 8.442981182777352)"
n:it100samp10 sigma_4 z2:180.0 z1:1404.0 data:pos,40.00006854735199,0.9759761357386761,"(41.71448688356329, 38.334378754782314, 39.15025150959693, 40.84523247944161, 40.23684384537919, 39.74218604657126, 41.5425905970376, 38.49311690285014, 39.55627227381142, 40.425896356578455, 39.97652231410279, 40.00079399201162, 40.464099114997644, 39.5190761536342, 41.23098305278156, 38.784068532789, 40.76485161175158, 39.22751809766485, 39.22997822657949, 40.76222420111484)"
n:it100samp10 sigma_5 z2:180.0 z1:1404.0 data:pos,19.98437732408539,1.7497561410723264,"(18.442641667002675, 21.497860191960484, 19.49527878894033, 20.33731357941887, 21.999623354559315, 18.02204325934035, 19.478355244019948, 20.355106024934802, 21.28139435775361, 18.62995067457481, 18.20830459784906, 21.77418596120644, 16.971425416830673, 23.361444045840727, 21.063018913707435, 18.82370770670589, 19.795151485262757, 20.029117492632558, 22.501847210582387, 17.619776508584685)"
n:it100samp10 sigma_6 z2:180.0 z1:1404.0 data:pos,7.469244439621871,2.2234765005912736,"(7.991831596532335, 6.418451269118325, 4.42467198345808, 11.605096210354677, 7.770609128280501, 6.599600879435445, 7.829443075886908, 6.552234670450399, 10.045218911655384, 5.107101535544259, 4.996688648974462, 10.258231385260817, 5.503009544393541, 9.317441296468612, 7.824776104656806, 6.558492652866549, 8.320064490320377, 6.168147967251579, 4.377135164214168, 11.716642277314179)"
n:it100samp10 sigma_7 z2:180.0 z1:1404.0 data:pos,10.325527262069329,1.0682843309695724,"(10.359014237014248, 10.18835000319502, 10.41859928968959, 10.133556505742702, 9.43465421174634, 11.18598682238109, 12.78046563923421, 8.259130059722986, 11.119423456103725, 9.491815109844316, 10.140390954186136, 10.40454386490463, 11.387854888215557, 9.26642203108062, 8.68555712054358, 12.1531953749267, 10.319705548913868, 10.228246755750268, 10.528760819966381, 10.024872548224595)"
n:it100samp10 sigma_8 z2:180.0 z1:1404.0 data:pos,13.995523769873982,1.8062380435334708,"(13.711101476204725, 14.061781967407299, 14.026003552286031, 13.749090485753815, 13.714678451536301, 14.057938537937366, 12.58738161405928, 15.318257753469144, 16.288855712189942, 11.836027150493393, 12.300666525705557, 15.672019897442459, 15.574890008103907, 12.377890227892708, 17.72824126288548, 10.87678434498398, 11.618673989543039, 16.594673162658413, 13.124180878782829, 14.691338398143943)"
n:it100samp10 sigma_9 z2:180.0 z1:1404.0 data:pos,18.016342641999305,2.212088870244586,"(18.504174956816975, 17.29200317252155, 18.305253071797992, 17.481524596876135, 18.069478397076274, 17.708447209236912, 20.99459195246742, 15.242295726637614, 17.771823750111388, 18.00384039556642, 21.90761339028601, 14.604647921707747, 16.3940692767274, 19.517065496901925, 15.394514834802035, 20.78669714996485, 21.912163769385792, 14.603126405801904, 18.930824313638205, 16.902697051661587)"
n:it100samp10 sigma_10 z2:180.0 z1:1404.0 data:pos,18.68595080544237,2.8077626957277477,"(17.055232299121773, 20.03650255920909, 23.208035302212018, 14.728400736254034, 15.099253253016185, 22.63371549647038, 18.764310691089815, 18.215891556638056, 14.826515001471725, 23.044492158671286, 19.717229180480643, 17.32704540924875, 21.993893957648414, 15.538051871097052, 18.6232363895541, 18.353881597488453, 22.075920725684593, 15.480210944282206, 17.82444724707761, 19.172749732131336)"
n:it100samp10 sigma_11 z2:180.0 z1:1404.0 data:pos,18.61764562371638,1.9268283822875252,"(18.539552792531936, 18.507486627258988, 20.95924199397029, 16.375081637002868, 19.670443476854594, 17.44399545100058, 15.03271602648907, 22.831640524618347, 17.824156479372963, 19.243532375071208, 19.820296356368885, 17.303748184786134, 17.391904243680592, 19.726941289070083, 19.15132686771979, 17.923328432236143, 15.715570423580154, 21.83597522331058, 18.066855519782575, 18.9891185496218)"
n:it100samp10 sigma_12 z2:180.0 z1:1404.0 data:pos,20.67162143861258,5.339944939454089,"(13.736888826840083, 29.246674109477894, 15.857976042409247, 25.358003561391012, 19.34837614216749, 20.77741228184246, 17.345381330078965, 23.19422579394023, 34.858590978793835, 11.518973018203475, 21.42677167400368, 18.741025996746313, 23.82012868253043, 16.876523623850822, 21.039452914630004, 19.123509346744374, 18.352312365329755, 21.908982268785135, 16.410439499462402, 24.490780315023972)"
n:it100samp10 sigma_13 z2:180.0 z1:1404.0 data:pos,19.726541034410502,4.296221652989819,"(20.480894349475395, 18.151829016368154, 22.82586922249273, 16.290542148388692, 14.412769161856959, 25.79472734258755, 15.610615330892596, 23.819953274438667, 14.286594805551612, 26.01380875238132, 24.84121297222966, 14.958727587249495, 24.153832638208772, 15.393483435582198, 16.69488655829752, 22.27420260220245, 25.069925895560058, 14.830769172406999, 18.18579678058633, 20.440379641452964)"
n:it100samp10 sigma_14 z2:180.0 z1:1404.0 data:pos,37.18160379315298,5.0742740119171,"(50.120482387788144, 27.104553205157696, 38.524118422851565, 35.26273187468399, 37.99764124662583, 35.75240354176217, 30.952336658924455, 43.90099623011623, 38.49962071112129, 35.274425547393434, 33.20009211369838, 40.90068416741789, 34.42536698915435, 39.47041237085733, 42.26058577704294, 32.154768599925596, 33.28670157477806, 40.81996157602697, 37.38036904348675, 36.34382382424662)"
n:it100samp10 sigma_15 z2:180.0 z1:1404.0 data:pos,99.78186920120771,7.318253295344485,"(114.52601174130614, 86.49256151514037, 96.04636098221074, 103.13608973386195, 112.10650765663719, 88.3596390019771, 101.88037704926384, 97.22974459634055, 102.38884464211256, 96.74560143294305, 102.9622734568726, 96.2044711050694, 102.69689108071672, 96.45642508220061, 107.38068494562839, 92.24999570624014, 106.84527033244618, 92.7117958480681, 103.62177158596516, 95.59606652915299)"
n:last sigma_1 z2:180.0 z1:1008.0 data:pos,3.9967655612796302,0.8755500972243406,"(4.082996703429839, 3.7425542052823633, 4.4318056187758454, 3.44527365916132, 2.7777894560970706, 5.490337803928929, 3.6881438801737163, 4.140731850553402, 4.548695981757188, 3.3589985125487525, 4.161881953120303, 3.6673249702181194, 3.988496997580348, 3.823270389307275, 5.27737829327397, 2.896350288655641, 6.514486510555903, 2.338029201353078, 3.8033918699837845, 4.011626173588504, 4.19138300585526, 3.6401132639988885, 2.5750068320526447, 5.9214811208687586, 3.132444232631101, 4.87793192413394, 4.059228880340684, 3.764871911576628, 4.074915979328872, 3.7423211441923074, 4.867902005567531, 3.131221353972803, 5.261630278542137, 2.8991097347630035, 3.445354924860176, 4.436657972518507, 4.235193509373485, 3.609299043895008, 3.725305252401873, 4.089685760966203)"
n:last sigma_2 z2:180.0 z1:1008.0 data:pos,6.89843916604399,0.9562526969993292,"(7.894660057319897, 5.922837781621768, 7.927342082233117, 5.895455109424075, 7.27646681065741, 6.42002944575647, 7.490687423505682, 6.2395379597713765, 7.518320727099534, 6.219287768961455, 7.456888280121105, 6.264453799934899, 7.312215697777406, 6.384984365941575, 6.855474212628076, 6.822350706631809, 7.7077792089057455, 6.033292411826624, 7.353241564167946, 6.352510514514129, 6.857563710278281, 6.814630054356857, 7.412029356521581, 6.3042120157173365, 9.59721290880844, 4.871046805596069, 6.23003118110958, 7.504739272131038, 7.176588331369777, 6.504820060480464, 6.339591189061213, 7.366255955084199, 5.581558788561031, 8.369522806117647, 6.4842449661931845, 7.21137080147558, 9.156583859715717, 5.106706714016214, 7.354326273942959, 6.346715662422287)"
n:last sigma_3 z2:180.0 z1:1008.0 data:pos,8.910697728760494,0.9784760020504216,"(7.8859982161433235, 9.955030550582832, 8.951479623405554, 8.76499184097015, 10.028928218632682, 7.824730164084562, 9.013975426033674, 8.707822630341177, 9.73986646413223, 8.060208119863473, 9.734703507547302, 8.0601662761152, 9.909221341436742, 7.9182900069455044, 10.556376310251922, 7.4373341695092705, 7.921499115705787, 9.89689672274543, 7.529714629234087, 10.42048657029652, 8.410759982664791, 9.33075759495867, 8.3068775653032, 9.447082564446903, 8.882504589594127, 8.836362088237598, 10.297817435062834, 7.622488514489332, 10.942830277637007, 7.168365321557648, 8.794772451471378, 8.922659796092141, 8.868479968839036, 8.846550190223073, 9.369130509264236, 8.378475824052684, 8.507372601591488, 9.227689715560496, 7.514458494003664, 10.4347537613921)"
n:last sigma_4 z2:180.0 z1:1008.0 data:pos,39.998075428104,0.8213539758566116,"(41.45102079337887, 38.58035595738189, 39.82279263265382, 40.157686004539855, 39.902573589164405, 40.07723903269654, 38.62181741048258, 41.406451201680035, 38.669749188949936, 41.355143652517704, 40.87947731053549, 39.119612799037895, 38.81068127768472, 41.20477077485088, 39.652643873658455, 40.330046679560326, 39.95544157842836, 40.02409417202194, 38.78042483116175, 41.2368904113293, 40.31773803174377, 39.66473358986217, 39.49098928526697, 40.49511363209229, 39.6990590812361, 40.28286927654489, 40.12078277534249, 39.85951637780179, 39.227043816404, 40.76716074678846, 39.68367935514802, 40.29844878601256, 39.92318679606122, 40.05634826370772, 39.80268745336734, 40.17794129458802, 39.71160518851301, 40.270197009812904, 41.50685694206765, 38.5281462500839)"
n:last sigma_5 z2:180.0 z1:1008.0 data:pos,19.98231756855533,1.7699611489746228,"(22.1332397273691, 17.904096054424024, 19.086565728137646, 20.761442777899564, 19.585614146044854, 20.23248401713498, 16.96229796304104, 23.36184050254754, 19.072648353174216, 20.777072647278704, 18.438926374813686, 21.49062465099261, 22.343593587751815, 17.73496090178553, 18.785251089666552, 21.094792325216297, 18.519139158776124, 21.396378560567456, 20.55270676413198, 19.28044944736189, 19.975696755720374, 19.837786868357135, 19.07461017356665, 20.774868182633863, 21.01664654861886, 18.854857053499433, 19.79516904782818, 20.01874014297106, 18.38189971563339, 21.556700221954884, 20.07148191516658, 19.74307151913974, 18.28818642816237, 21.667627608837165, 19.18857757179084, 20.651133734952943, 24.976754443726406, 15.865686929202676, 17.892016109856225, 22.147066992479015)"
n:last sigma_6 z2:180.0 z1:1008.0 data:pos,7.445427570255998,1.983667305357485,"(5.715721857549798, 9.079953494440414, 5.79818634692566, 8.948507034505422, 5.451710829600138, 9.51431190392854, 6.101801577273693, 8.50327236484757, 3.6196723844170418, 14.336754701381064, 5.588296396579278, 9.282721267557832, 6.994405920092526, 7.41396090924018, 6.78977578074632, 7.644797202507993, 6.494022395632486, 7.972389231656829, 5.683129987738309, 9.126803987236785, 10.441324480262365, 4.969338127018608, 5.756747556385458, 9.01023570330146, 7.3957927567031865, 7.0157205583027755, 8.985188668183111, 5.775051876619514, 8.547376002884638, 6.066110868774452, 6.301646073659079, 8.229779075597621, 8.951066520853978, 5.792999401103228, 5.917136865457651, 8.770044385344743, 9.653030937623976, 5.376375184057937, 9.113351140184973, 5.688591054063311)"
n:last sigma_7 z2:180.0 z1:1008.0 data:pos,10.610731318656793,2.640876026894845,"(8.894973020166208, 11.928159307175068, 15.350003538210824, 6.911130840266141, 13.08476456884033, 8.107247946381202, 12.019149659359448, 8.826657018153039, 11.878511741470538, 8.932270186423304, 9.381450087540868, 11.307498411636386, 15.295718462270056, 6.93477519873003, 11.81942038629482, 8.97699253469698, 10.057241475103543, 10.542928841043684, 13.397602982145566, 7.917625597619924, 10.853353255912397, 9.774974858282231, 17.59984734917381, 6.027935033727119, 10.998824336644672, 9.645184122705562, 13.15613459676404, 8.064167649024872, 8.990190643747486, 11.79827495008308, 9.241255654671987, 11.479312788075681, 12.181501265479382, 8.707482934574358, 7.04665471003923, 15.054331517935722, 7.500279452277315, 14.146125843609973, 10.44749947511656, 10.15180050489828)"
n:last sigma_8 z2:180.0 z1:1008.0 data:pos,14.015861527108875,2.0782875090282715,"(13.372741521019003, 14.383134400130189, 15.128587785598384, 12.71182392758917, 14.620101924673452, 13.15420571515187, 16.548451643475016, 11.62218525116679, 12.282012319800113, 15.660661573959443, 13.510341094152622, 14.23432492019175, 17.148434720112785, 11.21413681328433, 14.592638425122978, 13.180403617118893, 12.451878414962826, 15.440004195020899, 14.368262519720487, 13.384642106205481, 16.168714507556942, 11.895642729064226, 9.717922234258392, 19.791119124207466, 14.194981773621612, 13.547189613630543, 17.369730208949846, 11.072925806778418, 14.738370352080858, 13.046070715404067, 14.08438523511584, 13.65553855925936, 16.408288178361644, 11.719713214178698, 15.4244793781818, 12.468470887212373, 11.155471525455566, 17.24170260205097, 15.594270607534934, 12.330500942994934)"
n:last sigma_9 z2:180.0 z1:1008.0 data:pos,18.016862220900304,2.041468096225656,"(17.582290979298172, 18.23617054413365, 17.641328902990477, 18.17292264384294, 21.293099615206764, 15.056372206370947, 17.713150256135336, 18.100354870132396, 17.004240406578486, 18.85591930017453, 23.13179809943488, 13.858710034834587, 14.066526192458308, 22.79075402609102, 19.906079486471814, 16.106646976835915, 17.50612877800745, 18.307101357939594, 16.587317082454003, 19.327428177322783, 19.628413230751924, 16.33488683650839, 16.621333110497, 19.28958415045305, 16.134839140310945, 19.86945015705826, 15.588898245015322, 20.567479384706825, 18.517133518648624, 17.310880070894218, 16.681131200732334, 19.220471060233734, 16.822911268410863, 19.05617745418668, 16.348788903774054, 19.609962596096043, 16.21443884154605, 19.774057035434318, 17.176916058105743, 18.662396635933717)"
n:last sigma_10 z2:180.0 z1:1008.0 data:pos,18.464405741589932,1.694694780272118,"(19.401065729919583, 17.43478966849429, 19.06223081220707, 17.73867234506841, 22.112857957498417, 15.292344773370793, 16.26441947867971, 20.793437431791155, 18.627905874297273, 18.157906297789374, 21.06662134156879, 16.048906492010286, 16.532963895922407, 20.451023008378517, 16.97412295802734, 19.924493829775244, 16.77877949455175, 20.133261641522726, 17.95013421514253, 18.838571540437883, 17.728867726642264, 19.07869039029462, 16.63341720761069, 20.333397100120276, 20.29174824838014, 16.663791470759687, 19.1274376266974, 17.682972451726464, 19.76571876574496, 17.101594782682902, 18.09140798843115, 18.695298167379015, 19.764342044549387, 17.106737812057624, 20.207880667829517, 16.732936313360245, 21.400296263055978, 15.804854270604459, 17.973202312111017, 18.807129267105907)"
n:last sigma_11 z2:180.0 z1:1008.0 data:pos,18.474757963130788,1.711629406066831,"(15.721833426581808, 21.5430407062974, 18.546536794341893, 18.250189288951383, 18.0010561917902, 18.802458080032643, 16.210505232503312, 20.883118624760275, 19.59921888630178, 17.279026141103294, 17.4995042062175, 19.339269634742006, 17.42999484341755, 19.416319725857367, 17.129787156191245, 19.765160655248575, 15.560632045124127, 21.71602537175598, 20.025885682690863, 16.902064911721666, 17.742327237439966, 19.087086631716474, 20.168791328734308, 16.787822948308595, 20.43439054242319, 16.56225100252503, 20.174412749953884, 16.78482496311657, 16.0727595084829, 21.0444609150892, 19.60816589232383, 17.26956706720403, 18.533447289419083, 18.25792879591262, 21.489440015138236, 15.750366772431624, 17.97173797100161, 18.841822653669777, 18.015200537120425, 18.771886097589274)"
n:last sigma_12 z2:180.0 z1:1008.0 data:pos,20.042470289917016,3.8658537579363608,"(16.272799421805374, 23.847694538371215, 27.374375299447887, 14.155481070014673, 19.847552270178607, 19.518481109320074, 21.067261522553192, 18.400740329333374, 15.370881718869553, 25.239031548778176, 23.36983390778574, 16.567722799037824, 28.22284607081316, 13.717139367196193, 18.874881967249145, 20.54105388318515, 20.133564907404914, 19.122220162818248, 25.991451128833617, 14.904280174002468, 16.379661350704062, 23.684809751459326, 22.90282341598605, 16.934151454530017, 21.294009234535164, 18.1938038413859, 15.8795241769879, 24.42921368468638, 20.550446664875597, 18.827720168699138, 18.697308969505368, 20.742894888583695, 17.543035052622926, 22.06564578506472, 14.753251324989725, 26.263400323340072, 16.242375102256, 23.88071006641876, 23.279192425121987, 16.615540717929317)"
n:last sigma_13 z2:180.0 z1:1008.0 data:pos,20.177830570462806,5.281128825006972,"(22.502904512013064, 16.95002298638359, 21.845547466232023, 17.45063978683132, 18.045848006457216, 21.124406525309478, 23.738956746547267, 16.06306416483973, 15.282617846347145, 24.956804738122518, 27.327318082260675, 13.945668080991537, 32.33787728983237, 11.785500169035153, 18.752512092018634, 20.335595707085584, 28.27719042972118, 13.46521269063841, 18.856998752237246, 20.218344214868576, 18.795247962918793, 20.292207420894577, 16.294535969834993, 23.40436478239297, 24.786617547878667, 15.38152968110243, 23.323488681155336, 16.35248412778619, 17.248709834711768, 22.088117357742753, 20.258124205549397, 18.826408642977047, 14.26175881644875, 26.718443096721032, 22.920909756667903, 16.634431314290712, 13.818656634382444, 27.600761889618127, 11.390168903033706, 33.45322590463194)"
n:last sigma_14 z2:180.0 z1:1008.0 data:pos,37.2065628201868,4.4242008522443514,"(38.844469661699776, 35.16805619040923, 37.68578161752398, 36.238135441602644, 32.92885485070921, 41.45728183234016, 40.43222691055325, 33.77932846620966, 45.755761096726516, 29.85076159573328, 38.20792385064754, 35.73084604313664, 35.1262227549083, 38.86355323847969, 34.842936526244884, 39.201369399870394, 42.88822383152166, 31.814271278222584, 37.957270561884776, 35.973839478407804, 34.014762073456076, 40.152939261163034, 33.05505939125533, 41.318694982753634, 37.81068128433594, 36.12107444034688, 37.906669210671566, 36.03785545883884, 36.79364068957978, 37.09655913998772, 30.84701604877544, 44.27177891746088, 35.08044839081332, 38.910359236472466, 29.282100374311163, 46.62941286691704, 37.64025926329186, 36.29051449008514, 47.55369449210912, 28.701878168014954)"
n:last sigma_15 z2:180.0 z1:1008.0 data:pos,99.91968466677304,8.80491365787003,"(102.44891863704954, 96.72068219362428, 98.56677983699, 100.52916819744708, 81.72418568216938, 121.24425859619977, 93.05596982593318, 106.48285028718219, 110.95738307770046, 89.30344116968303, 89.40659275013905, 110.82765255795957, 105.56963673109935, 93.85853942229178, 107.72890637170588, 91.97989165491217, 100.41717530610721, 98.67414485450384, 99.89841679349738, 99.18804362685978, 107.56846983555722, 92.11669955475263, 101.65082418351884, 97.47871140601801, 95.06811989896684, 104.2289656694576, 101.8857732332092, 97.25501620362684, 99.10454356714548, 99.98157652471829, 111.75186248462423, 88.66750304271633, 87.78330919825841, 112.87421377110796, 110.38262006657773, 89.7675744646975, 87.90457273720492, 112.72333188671575, 109.62267403374919, 90.38838733524332)"
n:last sigma_1 z2:180.0 z1:1224.0 data:pos,3.9319182417831513,0.8407333748626845,"(4.002544291120376, 3.697606968953014, 4.417985577483845, 3.3467003993462097, 2.7577050329727664, 5.365966747224634, 3.597108738888041, 4.117697903015841, 4.271681000998875, 3.454269029561338, 4.071919851014108, 3.6327429790428925, 4.051142259663787, 3.653959347187578, 5.054063871323755, 2.931593183807251, 6.427324019752651, 2.3016804128857715, 3.6941567226445478, 4.011965915454016, 4.082098833348649, 3.627474978827166, 2.6253040271530534, 5.646139594592681, 3.1009943171511716, 4.779880854956736, 3.961107470582598, 3.7413321467833174, 3.9134094600163496, 3.785317799936496, 4.831919924840451, 3.066824096773916, 5.310521095438497, 2.788301587833754, 3.3992574821618664, 4.3545717330285925, 4.0078560675814785, 3.697540976508068, 3.673920209617042, 4.023142761852863)"
n:last sigma_2 z2:180.0 z1:1224.0 data:pos,6.953602831711051,0.945873927507173,"(7.923923538434154, 5.9946012711358, 8.007591400568488, 5.928417987890473, 7.374653629313179, 6.440686102260096, 7.521604659137569, 6.3175982419645855, 7.430937987814592, 6.3814971999492345, 7.45569710629005, 6.366109198597821, 7.4507971372608885, 6.369268521665737, 6.86305214210559, 6.925787895507649, 7.783035629532867, 6.09142547131149, 7.360093261990416, 6.4588797923846135, 6.858108629577678, 6.928375658949411, 7.5577699505997815, 6.2900294511090555, 9.703405932787042, 4.898152964017733, 6.276226727039374, 7.574412744591975, 7.135870132664334, 6.658339247277803, 6.408216477437131, 7.416374747018929, 5.671760988526998, 8.377842005398, 6.558165154703625, 7.246482426077801, 9.09277604072492, 5.227229185071227, 7.438047619035036, 6.380869010718864)"
n:last sigma_3 z2:180.0 z1:1224.0 data:pos,8.93496212192124,0.9765748678818761,"(7.883999775619971, 10.009180104300752, 8.96698718507972, 8.79283696624189, 10.091679291112696, 7.81850965750653, 9.02595011792803, 8.744476373685778, 9.689391972480257, 8.136839864313885, 9.690044230917751, 8.140488706368886, 9.960975307045443, 7.922361655520884, 10.585832687778002, 7.456826791056032, 7.9610847454398375, 9.908558223301563, 7.521135653586838, 10.496024770271012, 8.395160966788279, 9.400367364853048, 8.363688989923707, 9.438786309536539, 8.915605868392184, 8.852867971985173, 10.34277632858114, 7.632847908980416, 10.891005779685308, 7.246507718771563, 8.821558854821088, 8.948280908352558, 8.905923185416, 8.86093631736412, 9.424038508980038, 8.374920289266779, 8.48582029252786, 9.301755162338026, 7.548493418189356, 10.443958652540623)"
n:last sigma_4 z2:180.0 z1:1224.0 data:pos,39.99764728711489,0.8208403054354577,"(41.443763154902385, 38.58624782584998, 39.82128568442126, 40.158309074997646, 39.90314553661263, 40.07601921882546, 38.62396338487381, 41.403191529589435, 38.66902422396184, 41.35482838294378, 40.877117416620116, 39.12109760211124, 38.80699496890193, 41.20789964695749, 39.65433172112027, 40.327405114092066, 39.95419520002282, 40.024644552062504, 38.77571663903365, 41.24111582130431, 40.31750038508409, 39.66407379248892, 39.48936785584395, 40.4958199651897, 39.697264348429016, 40.28372131642387, 40.12193145016283, 39.85745107990652, 39.23043036730231, 40.7630852552924, 39.681865287982205, 40.29938587342387, 39.922428033620506, 40.05657501245753, 39.802757036374054, 40.17702181224592, 39.71480542436459, 40.26601745214006, 41.506174875601786, 38.527918161056974)"
n:last sigma_5 z2:180.0 z1:1224.0 data:pos,19.982458175267663,1.7686037107119423,"(22.117118346430168, 17.91744558086468, 19.082240955629143, 20.766717844336725, 19.58889442104062, 20.229883969264815, 16.969298897050873, 23.35270645808566, 19.075497494223377, 20.773319270005327, 18.434124777876896, 21.497005552135477, 22.329970276188085, 17.74638604567866, 18.794093119480063, 21.085386141587044, 18.519084308965205, 21.39781067094778, 20.542508942116374, 19.290627395235507, 19.976769822440946, 19.83705752831352, 19.070530403572143, 20.779693576398582, 21.01192459019562, 18.859340453295893, 19.801291402420357, 20.013046522426393, 18.39174193551691, 21.546249490922776, 20.06793519296165, 19.746783700106658, 18.2858425002464, 21.671440470677396, 19.191023740069085, 20.64941064725455, 24.992300419854892, 15.856143030149227, 17.891196962849747, 22.148484153891083)"
n:last sigma_6 z2:180.0 z1:1224.0 data:pos,7.472161009218322,2.002374465233161,"(5.713908356227828, 9.138502999779426, 5.8238627606402575, 8.963412551741543, 5.493479463424048, 9.504307335935993, 6.102699833097596, 8.558815394763752, 3.5781651123490406, 14.57509116673946, 5.565798492381282, 9.379549599366214, 7.072402210264297, 7.383750719537615, 6.78099099972462, 7.703953853365405, 6.52688912381081, 7.994493785678517, 5.6680853569575005, 9.217247541607243, 10.406450457193579, 5.01851987039898, 5.824302249499523, 8.970377057067996, 7.4361512442264095, 7.024790861971506, 9.014637741546158, 5.795765426860956, 8.477541230796117, 6.161062976022255, 6.33148013381337, 8.251535986593971, 9.029037894109615, 5.7837306400451665, 5.954039178877578, 8.772153681732304, 9.575117551125222, 5.455702935265059, 9.16522569242012, 5.693410901774612)"
n:last sigma_7 z2:180.0 z1:1224.0 data:pos,10.620496299300532,2.6446346499158717,"(8.883004121181294, 11.963196199338455, 15.355190111037244, 6.920338072641988, 13.115188538857904, 8.102313313311216, 12.02456748168058, 8.83828637325044, 11.845389174649302, 8.968781783183, 9.36263092236749, 11.349231449325616, 15.312768124336987, 6.9398553221187, 11.839018994754671, 8.977352405847123, 10.071204087776007, 10.550079883307372, 13.375564607962918, 7.946422940594954, 10.835559084357072, 9.808026586464615, 17.626472090928033, 6.029945843145264, 11.010556035113023, 9.652044866743424, 13.185611973756057, 8.060965271126966, 8.973941588472318, 11.843020867975502, 9.250857097625182, 11.488880681103495, 12.200185222938298, 8.710934958525439, 7.061488427631866, 15.050946577795356, 7.49761730872623, 14.175232791291302, 10.463203381346391, 10.153977409432237)"
n:last sigma_8 z2:180.0 z1:1224.0 data:pos,14.011997198826954,2.0782826858212893,"(13.329746856794802, 14.419450504762109, 15.106805196348631, 12.72220922558414, 14.633321798438137, 13.134535308226072, 16.554978666093028, 11.610890669823574, 12.262414987933793, 15.671188288431228, 13.478337981585785, 14.259688850471997, 17.111172545248337, 11.232969993131489, 14.617239486290435, 13.1505008123592, 12.4538703300152, 15.431940456909368, 14.327138788716782, 13.416999982242523, 16.14331653905249, 11.906980993202028, 9.709740937963376, 19.797117327022384, 14.182094334462862, 13.551797148787, 17.39364828897752, 11.052025147479057, 14.734059591254724, 13.045242086487368, 14.074245932394248, 13.657671065294235, 16.399240785366448, 11.72138629975053, 15.434612767286422, 12.453789545998541, 11.16574515083945, 17.21508074351673, 15.591978189250252, 12.324714349285925)"
n:last sigma_9 z2:180.0 z1:1224.0 data:pos,18.02379190081371,2.0477495112183166,"(17.537495109363892, 18.294520484436752, 17.629093989073844, 18.197927645916284, 21.316265931712678, 15.050999557462614, 17.74413863130203, 18.080862934797533, 17.01426519359316, 18.853787603055963, 23.11322733045477, 13.880912580182216, 14.037177583897439, 22.854533196303016, 19.95069716889058, 16.081550397176933, 17.513486115153736, 18.3159085158783, 16.55887408569553, 19.375224073450216, 19.63313056705431, 16.34151570991381, 16.612534018556612, 19.312894431171355, 16.1256775010255, 19.893632576379662, 15.61454862818234, 20.548044957316748, 18.555028064358307, 17.28978007776258, 16.675301543946492, 19.239424182750355, 16.819589069532544, 19.07500539666946, 16.363355010904122, 19.607535793006356, 16.25593841981904, 19.736336391882563, 17.179946970292715, 18.671508594226147)"
n:last sigma_10 z2:180.0 z1:1224.0 data:pos,18.57396446385841,1.7162486917619542,"(19.351250559182226, 17.68312215339307, 19.115615344700313, 17.897273392602393, 22.296364656292727, 15.346925500550325, 16.44008644842589, 20.812557238969923, 18.76289707665396, 18.226356274196338, 21.10233210117365, 16.21410752636128, 16.500281377530982, 20.734094661622038, 17.177174452965325, 19.920565415776117, 16.882237914749965, 20.257536059908528, 17.94595115223737, 19.0652441262194, 17.830614858310497, 19.190205232951886, 16.691522718722304, 20.500328054339516, 20.352027056635446, 16.80773789002443, 19.315870688847546, 17.717181314331047, 19.99072751808809, 17.114013184752856, 18.15945630068972, 18.841639231252604, 19.846520342164737, 17.2417997194277, 20.363422629278666, 16.804078597774502, 21.682701410469967, 15.781063020544442, 18.067265819562806, 18.928429532655596)"
n:last sigma_11 z2:180.0 z1:1224.0 data:pos,18.57103832920473,1.719276295124512,"(15.52877515248094, 22.035801460793493, 18.53040293850003, 18.456060719823174, 18.166004760105945, 18.83037067530232, 16.432719476422164, 20.815487276367783, 19.73844959977433, 17.30898118225614, 17.475590009369512, 19.571681153316884, 17.27262936011598, 19.800614453892223, 17.407967350036962, 19.65227014306015, 15.643653146982812, 21.849107299735394, 19.88008415738426, 17.20617040835124, 17.832403039368522, 19.183782605922186, 20.16222458187564, 16.96856722624505, 20.428387273346807, 16.736318984577643, 20.429164579814465, 16.749890185170017, 16.328884491730186, 20.9420247054664, 19.62716043420057, 17.428716071697515, 18.568998642603837, 18.42383006671665, 21.66317481165052, 15.79204981106973, 18.306725155749106, 18.68698611307837, 18.09045471252936, 18.888968951304992)"
n:last sigma_12 z2:180.0 z1:1224.0 data:pos,19.79742519699408,3.6606063746763184,"(15.323900985978925, 24.77156939417867, 26.667967529974607, 14.21327171862901, 19.778753739915494, 19.176151756825615, 21.258526314069425, 17.836205198053634, 15.277258495182421, 24.77611544238479, 22.874156019469233, 16.578009185000298, 26.981649292803056, 14.048184670307238, 19.144264570395183, 19.81172526652801, 19.882126091944254, 19.01374803225834, 24.868654581820742, 15.247833068823782, 16.232327744778527, 23.362784927021536, 22.276791995801187, 17.0259449381077, 20.76179133267056, 18.24181647979797, 15.983870170184906, 23.741347189133087, 20.942821494369078, 18.097426179539887, 18.27133875050223, 20.748942467625447, 17.197247777661484, 22.052471672723065, 14.66525424034252, 25.87898880035812, 16.604099963792535, 22.840521318117016, 22.971476406257434, 16.469672676436048)"
n:last sigma_13 z2:180.0 z1:1224.0 data:pos,20.26065317739966,5.250109039675401,"(22.287280866688135, 17.272389994669414, 21.844987637494555, 17.61746775017683, 18.191247623702804, 21.16142960908648, 24.04526468724451, 16.007679237908093, 15.39595082986946, 24.98364608407847, 27.30740780956244, 14.097873432149054, 32.087537785966646, 11.994224811237025, 19.018472692900225, 20.24075958890654, 28.410949253342345, 13.540469316482938, 18.757457244963557, 20.51835758932621, 18.895502085994398, 20.37176639464863, 16.30297086762377, 23.611469860059408, 24.786026954998746, 15.524373426445806, 23.574863809275385, 16.331743110494777, 17.50648361227605, 21.979866128929604, 20.28018013742514, 18.979407867477164, 14.289476671261442, 26.936503413276426, 23.085868434550928, 16.674018507219838, 14.053672966575357, 27.39009231567115, 11.431136143975769, 33.63985054205058)"
n:last sigma_14 z2:180.0 z1:1224.0 data:pos,37.32374743369659,4.43789393118274,"(38.29325922218815, 35.89577231999775, 37.68405067932726, 36.465316874022285, 33.14274782517868, 41.47347010950638, 40.904826910763305, 33.593139859462674, 45.92220737937514, 29.90780649722618, 38.078988013744244, 36.09442577154726, 34.86105899371963, 39.415788306981476, 35.194978522513104, 39.047257537825985, 42.9439654212305, 31.98956723584194, 37.62220412929049, 36.51755319582844, 34.156971253075355, 40.234326149485824, 33.0663532865177, 41.55380757058259, 37.78049672113015, 36.366427606497496, 38.204064922691245, 35.97533910311474, 37.31315665967483, 36.823076231192154, 30.819763519275195, 44.58407493672878, 35.14529665318718, 39.10386996672869, 29.43518411279863, 46.688379339004776, 38.190709919521645, 35.985589997187155, 47.65869568839905, 28.815928905499373)"
n:last sigma_15 z2:180.0 z1:1224.0 data:pos,99.92675366117311,8.800122333801541,"(102.37995276706474, 96.79930308239585, 98.56206727994146, 100.5484071680883, 81.74567049949835, 121.2339175168787, 93.09029645601635, 106.45861432042109, 110.9487651645636, 89.32078486598547, 89.38256869566142, 110.8750926256097, 105.54010908545028, 93.90038249187135, 107.76305099268221, 91.96385360137053, 100.42114858026808, 98.68671281910892, 99.85014680270517, 99.25099126296382, 107.57229610937912, 92.12674834219122, 101.65489582053772, 97.48951455928616, 95.06101961252398, 104.25134582773342, 101.91317369300067, 97.24306854645192, 99.14164288865634, 99.96079758071441, 111.7445196430404, 88.68706752554854, 87.78938429687581, 112.88700707635545, 110.40342870637413, 89.76418946009903, 87.94046285793723, 112.69350038230681, 109.62956564225611, 90.39468179710948)"
n:last sigma_1 z2:180.0 z1:1404.0 data:pos,3.877251488715734,0.8294577735241351,"(3.942220596054001, 3.6509696010808086, 4.304317514475062, 3.3406855171622163, 2.705289576583783, 5.3237553124023425, 3.686766640539702, 3.8991465422562714, 4.16001948284759, 3.453039579093363, 3.9893211148199126, 3.606595300113326, 3.9503312265970245, 3.6460828175926197, 4.917127663854857, 2.9273770426572105, 6.284411051764862, 2.291058003253238, 3.684845337083711, 3.9074000054576445, 3.9742809318255357, 3.62260289106255, 2.561199760956592, 5.626281008854728, 3.066702465687244, 4.699044061644019, 3.9445286846729335, 3.6545621930238408, 4.0040815509474585, 3.5984213038395287, 4.776821029744755, 3.0161837044949924, 5.339117393228289, 2.6975475631650827, 3.3682575479523353, 4.270222051748316, 4.10848642311219, 3.5069949563679352, 3.6834957408444438, 3.900468359767026)"
n:last sigma_2 z2:180.0 z1:1404.0 data:pos,6.92355155933095,0.9494663169103275,"(7.910320403244626, 5.95099704441676, 7.927651197740883, 5.935007654126673, 7.329437809471025, 6.426013490355727, 7.595219864149455, 6.194003905736472, 7.358666970550202, 6.389784758950162, 7.411424325799518, 6.350166874486708, 7.368948258109072, 6.386203652686964, 6.793001416900223, 6.930874208781808, 7.723751547041, 6.083806247642967, 7.376671754756098, 6.383379850773759, 6.800622321269894, 6.9265626717660735, 7.494737593177243, 6.285988100661975, 9.648546609674987, 4.88281483476133, 6.262250489225226, 7.524510962788796, 7.228764412228187, 6.516868885844261, 6.384759869683974, 7.376971115979883, 5.69760467541325, 8.267652627768593, 6.568413948974666, 7.168237955915546, 9.19703087646546, 5.12325165828799, 7.459126995411762, 6.302014532218918)"
n:last sigma_3 z2:180.0 z1:1404.0 data:pos,8.95820923731862,0.9798052740204833,"(7.916657397382846, 10.017922093737788, 8.977848858609109, 8.828098808332847, 10.097341772552873, 7.856109329555486, 9.087220182112485, 8.728051583244499, 9.68318832962185, 8.186406802835327, 9.740485606683807, 8.142472337296793, 9.960065979675736, 7.965910316144558, 10.579893694164497, 7.497562327098279, 7.956841601445256, 9.967742730701492, 7.562760254686898, 10.48947768937859, 8.405783663261913, 9.437204251559747, 8.355806336616421, 9.495415467447181, 8.926565170797142, 8.88906949427781, 10.369512454892773, 7.65252120764993, 11.01514460851406, 7.203650158258603, 8.852868498924893, 8.962946318753207, 8.973940838083706, 8.839282403087516, 9.469284146971331, 8.376489569655712, 8.560332120000304, 9.269851638247792, 7.586267184211513, 10.444376266272242)"
n:last sigma_4 z2:180.0 z1:1404.0 data:pos,39.998787593447595,0.8212402146154448,"(41.44769084805065, 38.58480114384002, 39.82358093068903, 40.15836785849396, 39.90171855846131, 40.07962179258106, 38.61932686171403, 41.41041318165721, 38.670233002378545, 41.35600051817172, 40.87706543478851, 39.12330435469965, 38.81161344218336, 41.20533665980498, 39.65474403856786, 40.329268745015085, 39.9552913651773, 40.025810818860165, 38.78136523411852, 41.23752986078527, 40.319108469254566, 39.664749667950176, 39.48580105059781, 40.50168699201818, 39.69954243453942, 40.283699230096644, 40.12257358649809, 39.85903052057012, 39.23080508460407, 40.76507042998079, 39.683129024914294, 40.30039989740073, 39.922384297356935, 40.05894770585457, 39.80170462349403, 40.18035559222899, 39.711704258074214, 40.27137323894762, 41.50773189707687, 38.528621086407355)"
n:last sigma_5 z2:180.0 z1:1404.0 data:pos,19.982915301061638,1.770603919390662,"(22.119874116782377, 17.915434123567866, 19.086485399145285, 20.762777587267017, 19.581791326079752, 20.237553147179902, 16.953778500024335, 23.37468018187301, 19.075735822502505, 20.773621540567934, 18.43626382156604, 21.495003174595148, 22.34138274063747, 17.73799255185174, 18.791309829786634, 21.089096675730715, 18.51868994221577, 21.398941800267714, 20.551670406726988, 19.28273562374512, 19.98011765366356, 19.834421624438278, 19.058524606195963, 20.793020684622466, 21.01473533625617, 18.857535314271583, 19.798846725529913, 20.01598497344632, 18.38837107331875, 21.551303099103784, 20.067950234050286, 19.747438862465945, 18.28274734602542, 21.6756927633193, 19.184506675248212, 20.6570521877519, 24.97653612347422, 15.866514887583559, 17.889846565976452, 22.150646993610085)"
n:last sigma_6 z2:180.0 z1:1404.0 data:pos,7.4873606335376515,2.0207153446572765,"(5.735380126879823, 9.131602127442633, 5.81180018537566, 9.010677038181452, 5.492221955298823, 9.537881292604903, 6.176888650644554, 8.477539605375465, 3.567824860682084, 14.662581525282327, 5.574965282267819, 9.395275615504113, 7.047194375451651, 7.435505161594444, 6.760765641791371, 7.748054236035967, 6.514925425462537, 8.036649762727171, 5.705758069403174, 9.182644522275558, 10.391975068140521, 5.043788776084312, 5.812434513594504, 9.014746062341372, 7.438909142190748, 7.044980415381338, 9.04205115742688, 5.796330953520524, 8.608618741439976, 6.087920697745488, 6.3483025373058535, 8.255566485029671, 9.111163983848586, 5.749805139658427, 5.98881503742412, 8.74584784252904, 9.706872359583993, 5.399327216758916, 9.230089811141236, 5.670743940078984)"
n:last sigma_7 z2:180.0 z1:1404.0 data:pos,10.6218645853126,2.638392876755983,"(8.892951124342536, 11.954722750002638, 15.354068947079972, 6.924449571448208, 13.104298938787398, 8.113940472149265, 12.036634085268123, 8.833386951583252, 11.835225054445683, 8.982140485970485, 9.375836706055832, 11.34020175984723, 15.304747530692444, 6.94822401568211, 11.82589477335624, 8.991123120509103, 10.062455174651552, 10.565960935563918, 13.400916585065113, 7.93475783922229, 10.83853305553531, 9.811448681135765, 17.59923974969254, 6.04251961575954, 11.006069393057608, 9.661839261546266, 13.18448410550262, 8.065946052762794, 9.00544585162416, 11.80905153771536, 9.256183480699645, 11.488473166694124, 12.22467725147557, 8.69820835745623, 7.069725110523052, 15.040446230131032, 7.5124161974698, 14.155594847730354, 10.47300714821092, 10.149337496058036)"
n:last sigma_8 z2:180.0 z1:1404.0 data:pos,13.99731757905824,2.0808813457398685,"(13.321868925303415, 14.394194666720242, 15.097497854372705, 12.702083900142842, 14.594170314910494, 13.140972470235221, 16.501341075178583, 11.622880678071812, 12.243527553203355, 15.66120224429558, 13.47789132246837, 14.229380806885654, 17.105785624206042, 11.212856718814312, 14.585145896944391, 13.149530116508156, 12.431709516793696, 15.426631987147832, 14.336421486449169, 13.378522439158234, 16.13782641350449, 11.885856501351638, 9.674777507020028, 19.82343114054241, 14.164342879775758, 13.539922740252766, 17.363062997027818, 11.047248610907136, 14.731103784114733, 13.020913212197962, 14.060421864553236, 13.641395422903747, 16.386456378324535, 11.705137547536294, 15.411254018111357, 12.444713492176028, 11.14285672406752, 17.213558171531734, 15.570966855208894, 12.313841303411232)"
n:last sigma_9 z2:180.0 z1:1404.0 data:pos,18.031409014669226,2.0480200919393314,"(17.551724923796574, 18.293551188628502, 17.650516409759625, 18.19145159792334, 21.293302083243493, 15.07934940592045, 17.691228103696172, 18.150011134742503, 17.020956584784276, 18.862887157789583, 23.134354934014418, 13.879616934862844, 14.067161626525714, 22.826356851428066, 19.944993146995444, 16.099642103722925, 17.516973853695383, 18.328423801245126, 16.593411609752263, 19.351302020660103, 19.655363793738964, 16.33767570942391, 16.57788504268307, 19.36808126224845, 16.13817128047485, 19.89605302736663, 15.612061727783939, 20.568470474011797, 18.55294229924143, 17.30808391336718, 16.681757722747356, 19.248677658196844, 16.81743100045386, 19.09395287989469, 16.35032082186788, 19.639844647485177, 16.22622970387257, 19.789496379440706, 17.180151833553193, 18.68649393572965)"
n:last sigma_10 z2:180.0 z1:1404.0 data:pos,18.5672276443668,1.7086586312455183,"(19.3641303766555, 17.654931895611877, 19.15701257362191, 17.847609712749325, 22.182846437262885, 15.413445475961922, 16.253406681671194, 21.03690977691806, 18.75251494014247, 18.225562496593536, 21.133205287166472, 16.17826907483653, 16.589417650046116, 20.61186931425416, 17.131658984797767, 19.959485690623147, 16.864715130492776, 20.26682846940182, 18.031626932745304, 18.964312734814733, 17.862847786996237, 19.14567085638215, 16.552874687043623, 20.653849581809855, 20.370048905824277, 16.78371798853967, 19.27406452835782, 17.742767246176747, 19.94482142985638, 17.14622693666687, 18.15035193496745, 18.839426322487355, 19.8030030262063, 17.268979820849466, 20.274266410134143, 16.86638910048271, 21.514348386772127, 15.893549292265782, 18.039726623914287, 18.942415272571356)"
n:last sigma_11 z2:180.0 z1:1404.0 data:pos,18.6490564507159,1.737096880074096,"(15.647965214076121, 22.03822745224555, 18.70181075202752, 18.44107846056424, 18.08641959719157, 19.065628816913904, 16.169671930846192, 21.329936305891955, 19.834620198292242, 17.369757142556242, 17.570097554821295, 19.62642892019102, 17.519700196510996, 19.68823420008611, 17.41906021957345, 19.801421423712252, 15.696895630307377, 21.95885234754368, 20.18367996059135, 17.091389031391554, 17.979443306005454, 19.189908200009793, 19.954983244186057, 17.278782592662534, 20.559967861095156, 16.770301383436305, 20.4477447776738, 16.87222858318929, 16.333271150722176, 21.12252025380689, 19.706688583764514, 17.504086090945762, 18.576382560156034, 18.57062551845097, 21.599058219990805, 15.970497306293762, 18.134837422589435, 19.021304104456203, 18.119479031304138, 19.009272482562487)"
n:last sigma_12 z2:180.0 z1:1404.0 data:pos,20.138158246952468,3.8601497683104777,"(15.65416969004478, 25.00092754688009, 27.434840972351065, 14.271037856155587, 19.66184028804095, 19.895361705129005, 20.504547347653965, 19.087227320184823, 15.509552666237406, 25.189421298426275, 23.399473552909807, 16.720465430925543, 28.17019581747529, 13.896314567985938, 19.25912521514246, 20.323075924776266, 20.144699660661896, 19.379576046795428, 25.89168465965148, 15.12283016663458, 16.647294410085568, 23.530486778431808, 21.819434675704727, 17.929382221485927, 21.228057390344496, 18.426105734614996, 16.106508309953558, 24.311543358662135, 21.058184353863602, 18.597517140576024, 18.549539332232413, 21.100697764651297, 17.307275954368105, 22.62029428432565, 14.606664279617533, 26.817752792858524, 16.285464230244372, 24.038610195403948, 23.214711884227082, 16.814437052384264)"
n:last sigma_13 z2:180.0 z1:1404.0 data:pos,20.2208155372701,5.286244089873714,"(22.28163448580036, 17.183120095809603, 21.884299286685717, 17.500270552555456, 18.008278228121835, 21.261775968482603, 23.544576300755693, 16.265130882125376, 15.355772990124231, 24.921440337499114, 27.290489905181428, 14.032516158029365, 32.321937454910355, 11.849373961842755, 18.908534036943475, 20.255505384219067, 28.319047882595157, 13.517385118455556, 18.873008976524456, 20.29448424070653, 18.90714620456987, 20.259412697957437, 16.052592854775177, 23.85127320520009, 24.781490331615633, 15.451059320669094, 23.44993233516929, 16.334490308822815, 17.395022223975918, 22.019439632716256, 20.22360070980014, 18.93785479070055, 14.203164697977668, 26.965649831660528, 22.8694767356973, 16.748655989606384, 13.84165748482621, 27.669652391397197, 11.381234407118745, 33.62123308917949)"
n:last sigma_14 z2:180.0 z1:1404.0 data:pos,37.261254133594946,4.471615096167935,"(38.39749111194218, 35.672232093663055, 37.74568287844563, 36.285663543225674, 32.80734685252675, 41.735926945708094, 40.087599422409355, 34.14705817825857, 45.77875012811577, 29.89624844169757, 38.03469691248756, 35.99944835453959, 35.213579769467486, 38.88230838720952, 35.02028687940348, 39.10448871963969, 42.81580025708057, 31.971753618405646, 37.97366502819161, 36.063059676287764, 34.1301516709998, 40.12205436460024, 32.51546505088332, 42.09433848753959, 37.82870424651454, 36.19113017839672, 38.06773429393676, 35.97032334464861, 37.1663962370261, 36.84368616804126, 30.769140799990854, 44.49972189973745, 34.96857543364418, 39.161247516560266, 29.15341736654667, 46.96519685261619, 37.622113288120026, 36.39136404490082, 47.626834381970724, 28.729482518418052)"
n:last sigma_15 z2:180.0 z1:1404.0 data:pos,99.90921210283878,8.80620461123258,"(102.38134794162903, 96.76289447479837, 98.55306687488752, 100.52149220190206, 81.70132371012774, 121.25425955643632, 93.01570099092731, 106.50373658784979, 110.91769614890973, 89.31517848519118, 89.3688037677701, 110.85127599636363, 105.56354204622565, 93.84557826018863, 107.72310194824853, 91.96437249032944, 100.39409956511372, 98.6772797588336, 99.8819845616485, 99.18423752877943, 107.55573595255578, 92.10785589980435, 101.57172612257585, 97.53182807995506, 95.05425956941484, 104.22083021259738, 101.8882720812365, 97.23096194910777, 99.12868371178723, 99.93819494608428, 111.72560833358523, 88.6696559140384, 87.76990063113267, 112.8719555389768, 110.35472154091441, 89.77089780076926, 87.88969347726864, 112.71685240395162, 109.61870561344845, 90.37117143818578)"
n:last sigma_1 z2:108.0 z1:1224.0 data:pos,3.9213239063274123,0.8512845964147042,"(3.969963294719411, 3.704393791010741, 4.1725932967941315, 3.521175064263608, 2.779524981584071, 5.289687752996857, 3.6021649599836927, 4.089241172921123, 4.380369859822451, 3.3405178172035073, 3.9657145849320172, 3.7055037602374856, 4.117754364700835, 3.5702606423286, 5.104472911579882, 2.8827613115728132, 6.400153877425485, 2.2956641891588667, 3.573677585059231, 4.124802496807797, 4.053220495380114, 3.6273811644467533, 2.490470620628805, 5.909865025185556, 3.144847961042262, 4.683934402320464, 4.01543552956386, 3.6668730957513094, 3.890580616488037, 3.784555863667659, 4.627725555938877, 3.1821447089159935, 5.222064736112983, 2.8188319205944405, 3.2017300267394173, 4.579819669222522, 4.1293853158076255, 3.571346188376621, 3.7130503019519634, 3.949295339858563)"
n:last sigma_2 z2:108.0 z1:1224.0 data:pos,6.906828081012448,0.9498346896642844,"(7.855389310160943, 5.965213693287434, 7.83697012241356, 5.977084591934618, 7.335051920731476, 6.387380880134819, 7.469969369796431, 6.276376627673147, 7.41528146266845, 6.30524488015258, 7.359815642458855, 6.3618539093964275, 7.436342730354745, 6.293968743950548, 6.830458350658578, 6.862698945253135, 7.70775033403095, 6.0561808006593605, 7.25763550895297, 6.462163138583026, 6.786983624238851, 6.904253906805362, 7.37474898107487, 6.356943279315721, 9.737770165800432, 4.813882752658623, 6.249704823140121, 7.502458737512319, 7.138304205984871, 6.56488959696696, 6.343060806011796, 7.390020488954255, 5.647008363117783, 8.299517169821943, 6.4038840115653946, 7.317300657993196, 9.128830278228538, 5.137513791333158, 7.395666603162696, 6.3275500335589525)"
n:last sigma_3 z2:108.0 z1:1224.0 data:pos,8.971356128685608,0.9862158455051557,"(7.922454631068658, 10.041557585887961, 8.962408428044775, 8.87147207032192, 10.129442799658255, 7.852209830234268, 9.055787942748323, 8.78694802736704, 9.732062978819233, 8.165424987800787, 9.710616184803806, 8.189190061646185, 10.032911852838634, 7.928559138899716, 10.627103122160856, 7.4872695966045, 7.984416740169316, 9.956209465241558, 7.552185226572513, 10.53841020679559, 8.417898248430937, 9.44852491433072, 8.337824507190234, 9.543767886968809, 8.996143349786383, 8.844346486980067, 10.376969466304454, 7.6687760748018, 10.989122142865778, 7.23874857133565, 8.873414502929121, 8.967140583066273, 8.960008295488565, 8.87853137676462, 9.418604216980357, 8.444691541071101, 8.544823552309914, 9.312882611693206, 7.5739330281071835, 10.491452912335163)"
n:last sigma_4 z2:108.0 z1:1224.0 data:pos,39.997451047896334,0.8208546847232051,"(41.4517055162519, 38.5784940461272, 39.824935893929755, 40.154337136443615, 39.90219373338244, 40.07657835417999, 38.624385351838214, 41.40235721484589, 38.66674151302893, 41.35676869838722, 40.87916772764609, 39.11876570305557, 38.81196423902208, 41.20222862390637, 39.65215640254352, 40.329240304678656, 39.95521715552848, 40.023230566152634, 38.78189381137318, 41.23413719102047, 40.31806705015035, 39.663130477876884, 39.48816431304492, 40.496670002439586, 39.696224109368394, 40.28440782618979, 40.122069013871275, 39.85693185307894, 39.229985400668305, 40.7630168392188, 39.68442134734674, 40.29645627516084, 39.9226995377664, 40.05593339083244, 39.80679384479607, 40.1724289935742, 39.7113066678384, 40.26910857528076, 41.505347209700034, 38.52838000430803)"
n:last sigma_5 z2:108.0 z1:1224.0 data:pos,19.981773852433676,1.7686121509318726,"(22.13840944988266, 17.899028891027996, 19.09509323126376, 20.751707138367735, 19.5845075540998, 20.233023242898206, 16.96931766813533, 23.35101390670952, 19.066601019059885, 20.781492571478008, 18.441432890872814, 21.487063521897696, 22.34314446575166, 17.734753036385765, 18.787132821889493, 21.09184294423099, 18.520320415044246, 21.394584647605416, 20.561752478043584, 19.271289881452642, 19.978427738247337, 19.83410390749363, 19.07050240609592, 20.778173999356092, 21.006942868590656, 18.86254245220035, 19.79930857151115, 20.013571566080216, 18.39164435876808, 21.544525399637383, 20.077836656424903, 19.735941462782787, 18.28720399322597, 21.668353631531804, 19.205059777002145, 20.632644394628063, 24.97721130726494, 15.864412620200959, 17.888201049628677, 22.150834160578928)"
n:last sigma_6 z2:108.0 z1:1224.0 data:pos,7.480510467258616,2.0166487189516094,"(5.712458652612882, 9.152460801176876, 5.75672630184114, 9.079994815166549, 5.50570865687117, 9.494402036161212, 6.103415015546602, 8.569995175781779, 3.5953722473902414, 14.522527773553822, 5.533087617984352, 9.445964054009702, 7.105806622105354, 7.35672695369265, 6.796924716145271, 7.694322975226061, 6.526389402715801, 7.999306405023923, 5.646293566259628, 9.266398680596513, 10.389318765870705, 5.031764481078564, 5.751761902433535, 9.094289858911656, 7.505981836496498, 6.96769701897019, 9.031580700061157, 5.791668660260461, 8.528422690657319, 6.131223900843308, 6.321041633241644, 8.274059015981495, 9.04613149541517, 5.780845354794542, 5.88582307658133, 8.88235511068642, 9.65261600640161, 5.4203892425309945, 9.180536346719137, 5.6886291225473276)"
n:last sigma_7 z2:108.0 z1:1224.0 data:pos,10.59995678454262,2.6360790011004456,"(8.877156237890189, 11.927065842877711, 15.31240043602729, 6.914570561442869, 13.084711590939031, 8.09117953980745, 11.99748225234321, 8.825710015919631, 11.817259678116388, 8.956151656293429, 9.34349936253486, 11.330275041301785, 15.311959252036974, 6.914532005924313, 11.811068092334724, 8.96513715550638, 10.047999064631298, 10.533783882308104, 13.367540946427884, 7.92195703851982, 10.811672795417083, 9.792774658811883, 17.550275919754963, 6.033252319199139, 11.008884535933015, 9.617702905404329, 13.151357998090218, 8.051799814701289, 8.97771420687291, 11.793317376064854, 9.24903822363084, 11.448426325808786, 12.190089674740223, 8.68652853900093, 7.043871302840084, 15.03198184458284, 7.486421250755179, 14.143389787477943, 10.437652320730074, 10.14067992870488)"
n:last sigma_8 z2:108.0 z1:1224.0 data:pos,13.999225534082605,2.0836797634422513,"(13.357541966816047, 14.361599570210677, 15.11738181853627, 12.68953140485829, 14.605199799804236, 13.134120896808996, 16.535093740752874, 11.602095727220437, 12.229885293635572, 15.681795552404973, 13.482887087558584, 14.226971957277962, 17.135053940855205, 11.195238390126068, 14.584371771319164, 13.154486119242899, 12.439576880203505, 15.418265606039965, 14.36124665155438, 13.35933768545555, 16.13052337552504, 11.892707671592936, 9.692938283660494, 19.791967725669117, 14.169229236261282, 13.537141002362103, 17.361967004783494, 11.050159134817774, 14.73938522262171, 13.013587083757242, 14.095932972237883, 13.610260113811227, 16.3966626925689, 11.700686081178935, 15.451845007503945, 12.414660191569618, 11.137678059081642, 17.223292251075087, 15.564935359685663, 12.321781032858294)"
n:last sigma_9 z2:108.0 z1:1224.0 data:pos,18.06553034305975,2.0458253681920544,"(17.647173306797846, 18.26706854151362, 17.718288595918935, 18.193300307096226, 21.349682316691958, 15.098566889994803, 17.78825882855833, 18.12108090923315, 17.025118082516762, 18.930512316503155, 23.205172103649627, 13.891631895044236, 14.103975305526346, 22.85425408649008, 19.97164659486734, 16.140888159351018, 17.560123865027315, 18.35180252144567, 16.662226680785853, 19.34621106998411, 19.687797387627977, 16.37302147143274, 16.65339488421181, 19.356005211036777, 16.152401905495648, 19.954572962443265, 15.645110872300172, 20.604336772230493, 18.605353338954355, 17.32306836795365, 16.75224279108184, 19.24262949365716, 16.8677936837956, 19.110363451070537, 16.45138793992653, 19.593931912860434, 16.259538004054463, 19.82385360671453, 17.210262606749975, 18.72716468179542)"
n:last sigma_10 z2:108.0 z1:1224.0 data:pos,18.631839413495282,1.7196020205804883,"(19.652099981507842, 17.522423494652195, 19.341760897344226, 17.803420673680748, 22.311459453360463, 15.432950817139808, 16.49854616918845, 20.868292779618468, 18.720004680679818, 18.381902329797924, 21.278647708429705, 16.18162082411185, 16.677956502802992, 20.643031600594252, 17.15974037033776, 20.067202970022514, 16.952555151037654, 20.29437723188507, 18.22247319839529, 18.895110796133533, 17.91121547401375, 19.223761981431565, 16.749819699902652, 20.555067117659867, 20.36813308548606, 16.89978501933265, 19.354976301397713, 17.791118586574406, 20.0710152901451, 17.14845102917618, 18.342124560931506, 18.77374275084972, 19.938838095521334, 17.269415364198316, 20.622609647426245, 16.694637163412366, 21.602172936930028, 15.93609713307779, 18.091230534904188, 19.023787136719502)"
n:last sigma_11 z2:108.0 z1:1224.0 data:pos,18.678210608180603,1.7261718570890308,"(15.992777355955985, 21.64671784877653, 18.944713941819415, 18.27010439273712, 18.190546025346432, 19.024138449761033, 16.547623098546477, 20.910194739141293, 19.655981560702948, 17.58263823136463, 17.74014014094831, 19.50543220392189, 17.617447040735872, 19.640571950110992, 17.376720868809322, 19.91900047426719, 15.765690072649848, 21.922240079490795, 20.46430155828234, 16.91128343332782, 17.982537511173934, 19.245839486514253, 20.29978726101546, 17.046572958866808, 20.454773344591867, 16.907224434068937, 20.506772656919576, 16.87836069801219, 16.451839097413973, 21.01951404398104, 20.00068561897477, 17.306245612151468, 18.73159210190735, 18.476268536657805, 22.188431121519407, 15.593360255112595, 18.182516988434053, 19.02666145332863, 18.131940319962812, 19.069237359920848)"
n:last sigma_12 z2:108.0 z1:1224.0 data:pos,20.64368015116853,3.9779405064357762,"(17.14860410956087, 24.011287980889794, 29.082745236815864, 14.153565555788154, 20.438473308272147, 20.129188597228644, 22.35397570060466, 18.39280236834954, 15.567359996674451, 26.355087649198115, 24.218568615746996, 16.988126103198134, 29.043258875464236, 14.154195629937616, 19.616038860451805, 20.975532990920435, 20.87384634702949, 19.60582193319711, 27.653992790385075, 14.871997528854495, 17.02957819729419, 24.154343906239298, 23.38369697917145, 17.584609324289794, 21.349300895476315, 19.239888995560644, 16.602189515296647, 24.78168691413703, 21.861160847650282, 18.78265859557601, 19.693284869745554, 20.89264134017889, 18.04336914809927, 22.79518685232834, 16.094384241628415, 25.547124877997415, 16.78998679534009, 24.473268728524282, 23.686657849115765, 17.327716994524064)"
n:last sigma_13 z2:108.0 z1:1224.0 data:pos,20.286411535324206,5.346176397131734,"(22.732133407164568, 16.94026447333245, 22.159548646130375, 17.38091875077977, 18.122650627023127, 21.247929070127157, 24.061039047348345, 16.00148658986121, 15.26347682095756, 25.204838123146335, 27.557282654933335, 13.976052197034754, 32.496727390582166, 11.846573258901289, 18.892022066564866, 20.38430163229136, 28.46944680649744, 13.513509821478563, 19.12482195197208, 20.132384555776838, 18.94252769190771, 20.328846409224553, 16.3127913315817, 23.600762436506976, 24.691427277027127, 15.588552776055542, 23.545200814753542, 16.356003400527214, 17.521952583883266, 21.960131025616068, 20.49800098781702, 18.787621449892306, 14.322595057462626, 26.881322413118877, 23.442098041953756, 16.422566831322953, 13.89713321351904, 27.697325072836676, 11.40220726088616, 33.7499874451717)"
n:last sigma_14 z2:108.0 z1:1224.0 data:pos,37.195733738464085,4.353566729759673,"(39.043824001620315, 34.9805778615084, 38.01412292500582, 35.92752617116229, 32.95306190336695, 41.443041701125075, 40.84209629079167, 33.43009344098178, 45.46445691237254, 30.00752956378896, 38.23402045558315, 35.719314080832234, 35.29323195501565, 38.6834831710031, 34.86675737302024, 39.162667815159004, 42.952505255822665, 31.776322917363494, 38.23256627954717, 35.707696509838314, 34.12181170096993, 40.01569585502137, 32.868441641195005, 41.53473585912834, 37.550701760371126, 36.355674666435455, 38.113456544891775, 35.82933838782053, 37.168600970922725, 36.7216955317306, 30.976311288485686, 44.081194547458544, 35.08277707683933, 38.922621888628235, 29.71641144753708, 45.92201173349528, 37.68149525946889, 36.229766151164796, 47.42000489152566, 28.78170575056406)"
n:last sigma_15 z2:108.0 z1:1224.0 data:pos,99.91584078510024,8.805973783575537,"(102.46148780792713, 96.70021926899645, 98.58266457217852, 100.50487286807164, 81.72923224609559, 121.23037761253977, 93.08498564544432, 106.44070926848228, 110.91069703607474, 89.32935771463562, 89.39232871803742, 110.83761412953963, 105.5998499823552, 93.82570822955987, 107.72643068206764, 91.97395871138173, 100.42126869335465, 98.66413592962529, 99.91145868291649, 99.16794467952187, 107.56793267978597, 92.10921970710976, 101.6176543939797, 97.50234184945101, 95.04735879306136, 104.24286732721473, 101.90591033156883, 97.2275807585618, 99.13285522845922, 99.94610237668559, 111.76411812322858, 88.6514801802727, 87.78434116176788, 112.8679624186399, 110.43298470788794, 89.7180684331196, 87.90158405367832, 112.71699612241477, 109.6103106008535, 90.39065967746222)"
n:last sigma_1 z2:180.0 z1:1008.0 data:neg,3.948714561194126,0.9172645552281661,"(4.068342874141771, 3.653507354113639, 4.496245592197697, 3.2879427226705795, 2.7776024308995466, 5.334661367713046, 3.6235963807754903, 4.091839525181628, 4.472792174288335, 3.3168596076710855, 4.1710966512368985, 3.552152121517094, 3.9247615516141567, 3.773209444475168, 5.28162428915709, 2.8045553783145443, 6.5938336230986465, 2.2436529993789533, 3.8000022537803018, 3.9007683118671186, 4.1152229172731625, 3.6023932559799703, 2.4787040201116204, 5.981417254527628, 3.040337880072473, 4.8618703042860405, 4.045714731546971, 3.663610148147194, 4.139159668885875, 3.5725268403088184, 4.817660313228395, 3.076845745031139, 5.422285776854701, 2.736064599097465, 3.3214627811232615, 4.457538269533935, 4.252057735124296, 3.4880363191127652, 3.597143029006005, 4.109484204420526)"
n:last sigma_2 z2:180.0 z1:1008.0 data:neg,6.853334634167723,0.9520585467436032,"(7.882780117683897, 5.858240803164044, 7.9672434998972195, 5.7813627454067005, 7.27487124783132, 6.340230620352631, 7.446491547095598, 6.194467255378096, 7.446796725266543, 6.19770963064609, 7.459105991478819, 6.179746143727952, 7.264235485270276, 6.344683532205661, 6.857540483537618, 6.725454288674849, 7.7361808926334446, 5.941862568323193, 7.350695022124265, 6.271959386879189, 6.803638555235889, 6.779910674842304, 7.272754865308326, 6.344293526840944, 9.461618283181194, 4.869056322590674, 6.219719337798832, 7.417585559260094, 7.200396610385519, 6.386907727904837, 6.316372026944243, 7.303671391247282, 5.652430603116359, 8.162371125790058, 6.365562545185751, 7.245448215423073, 9.179345462557013, 5.026583959742254, 7.25411898380213, 6.349941601974751)"
n:last sigma_3 z2:180.0 z1:1008.0 data:neg,8.944031657674417,0.9870762895110896,"(7.935515761136084, 9.96836974753295, 9.026722411515518, 8.751058308105552, 10.094953434833632, 7.833192394484697, 9.059349565541176, 8.729108828458552, 9.751642733117317, 8.111288722221895, 9.794833021154218, 8.070394528142115, 9.947436735698405, 7.947482565993154, 10.625316086442066, 7.441357629277973, 7.981832528160478, 9.899180272137686, 7.577503432213573, 10.43181360008654, 8.441173771036437, 9.365453209241869, 8.285650896817309, 9.544788364689405, 8.881219647079018, 8.896900110743045, 10.355572235887877, 7.63670962581091, 11.016499436432248, 7.167677178636595, 8.837662510793015, 8.947877510939223, 8.96566016271714, 8.817871951939567, 9.346505086542567, 8.459668406057983, 8.57657539116059, 9.220879594230201, 7.5250605658103895, 10.493508344157663)"
n:last sigma_4 z2:180.0 z1:1008.0 data:neg,39.99766024361858,0.8214953048255256,"(41.449374088363506, 38.58109934871602, 39.82214387446348, 40.15750877569769, 39.90254208713577, 40.07683591337381, 38.62156422125772, 41.405981016985294, 38.66717356161645, 41.35713898585311, 40.87557138546896, 39.12261171965318, 38.81096504241459, 41.203793858842324, 39.6533315230041, 40.32860575138111, 39.95492981145107, 40.0239009462662, 38.778439532756714, 41.23755104926646, 40.317621922222116, 39.664147318863876, 39.488630286586705, 40.49685829587708, 39.697710407943944, 40.28331976567102, 40.11975590143228, 39.85985633493492, 39.22583222771792, 40.76593660155317, 39.683083642405784, 40.29826912718929, 39.92216823164401, 40.05696274443816, 39.80280047714461, 40.17705527432191, 39.7109675990072, 40.27011208569516, 41.50794351482188, 38.52631549130464)"
n:last sigma_5 z2:180.0 z1:1008.0 data:neg,19.984727354366406,1.7705665589415545,"(22.132446375091277, 17.908790222011415, 19.08627359379923, 20.766859668458668, 19.587496247921262, 20.2362130709722, 16.965234532526278, 23.363624118221647, 19.068763584001868, 20.78620689051345, 18.4316907103789, 21.504309761672108, 22.348518890438367, 17.735573522008977, 18.788290759091662, 21.096574255432454, 18.51827198543391, 21.403057747918808, 20.550016531043042, 19.28663900966985, 19.979320417461967, 19.838909731528997, 19.07395596418523, 20.78060455582525, 21.017881977719043, 18.85808912505273, 19.794805228241806, 20.024229821463567, 18.381140433990854, 21.56048600456223, 20.07310952414003, 19.74604493269313, 18.28471588210833, 21.6773285720723, 19.193207465498148, 20.651296241322623, 24.977568941205327, 15.869070717358037, 17.89919188220976, 22.143285279411497)"
n:last sigma_6 z2:180.0 z1:1008.0 data:neg,7.487861959321312,1.9986134076005595,"(5.7751491264982695, 9.091603343963246, 5.883526378991269, 8.90678910475018, 5.512253151640406, 9.518826628950992, 6.141343738414429, 8.544193084850555, 3.6355044661981526, 14.431601828722282, 5.645423970474987, 9.292066480118612, 7.030103374617742, 7.46043799443824, 6.868758046632156, 7.637508307503222, 6.591663444576696, 7.946839228605996, 5.748464226926732, 9.125850350863464, 10.497653256427975, 4.99813914094157, 5.732671204543901, 9.154169829659384, 7.389716759671628, 7.09307850372718, 9.070090343445253, 5.785472204435817, 8.663502278778518, 6.048191436632151, 6.346639568625452, 8.267583777146811, 9.126852852902068, 5.748628716246676, 5.895939690302602, 8.897946947235319, 9.77844867427874, 5.3668667263172285, 9.11441746133206, 5.750562722464491)"
n:last sigma_7 z2:180.0 z1:1008.0 data:neg,10.64073423953041,2.648706713467215,"(8.931592678786055, 11.946741418850321, 15.424516217434292, 6.914743282673971, 13.138882534372456, 8.120595869577391, 12.064358571724949, 8.843497956728699, 11.896569202845825, 8.96966870001005, 9.411622094891609, 11.334866168333303, 15.340507642655188, 6.954096550541631, 11.866566316743489, 8.99032365637059, 10.101795401800423, 10.557256806027594, 13.448351771714712, 7.930994059548871, 10.887203037379617, 9.79904470309592, 17.59741498271187, 6.0633695356046715, 11.009481114517271, 9.687583557781991, 13.201056480942366, 8.082482908209283, 9.023573829848992, 11.817440786978011, 9.271038055843517, 11.50819262252792, 12.243820624671313, 8.713334687282089, 7.046740574899467, 15.14003722737815, 7.536295292109744, 14.157519786098222, 10.471085714441013, 10.185107157263523)"
n:last sigma_8 z2:180.0 z1:1008.0 data:neg,14.054469205297963,2.0882862672149693,"(13.413807150311776, 14.416645848503133, 15.177541638849796, 12.738721681111137, 14.666428853560571, 13.18649466540168, 16.606475846497464, 11.645234470799046, 12.295809581775723, 15.728407495338917, 13.530524295157434, 14.290810523742019, 17.200673891210165, 11.241777949162808, 14.638445790267554, 13.210037495316971, 12.486583192912237, 15.482809592085813, 14.403716958786791, 13.422341164396215, 16.219069924899436, 11.92255118140202, 9.727910792736843, 19.878930477933977, 14.219361628065954, 13.596392817846883, 17.413517187629893, 11.106089279648236, 14.771612569965281, 13.081708988588007, 14.12326539025455, 13.692218744925409, 16.448593641158762, 11.75611946340757, 15.449335134277282, 12.5169679819587, 11.194298366437652, 17.27535099717206, 15.647361375830313, 12.354824182592454)"
n:last sigma_9 z2:180.0 z1:1008.0 data:neg,18.032746724745575,2.0412750856008053,"(17.590654712900754, 18.25921008469025, 17.65032816276299, 18.19631212394693, 21.311306458394878, 15.073177843527207, 17.73493386326228, 18.111292720696266, 16.997120048259315, 18.89822910441424, 23.108083737603216, 13.89817350270427, 14.084616858968127, 22.803663755805825, 19.927136854293526, 16.11855612189247, 17.511494344392663, 18.336970441099105, 16.587436842193586, 19.35816070894181, 19.651316339484897, 16.344670631370565, 16.623712195211464, 19.32151970906624, 16.14375366402374, 19.893356517745403, 15.595064153418214, 20.597657316338953, 18.52029117435404, 17.330971618080465, 16.69407997166439, 19.239588183495325, 16.818415867605047, 19.09694171284177, 16.367053172197597, 19.624131243469435, 16.22637276214128, 19.795093265537943, 17.210830221619794, 18.658190979406786)"
n:last sigma_10 z2:180.0 z1:1008.0 data:neg,18.547749463929243,1.6870555810419017,"(19.464475214567727, 17.53529532280751, 19.124742618243342, 17.84397335062205, 22.211410986577388, 15.372312886036386, 16.35521874050225, 20.87111096618588, 18.639170453967196, 18.315153131598056, 21.033623319706955, 16.223461422276948, 16.62854510285388, 20.524507778854936, 17.060927247300835, 20.00690221497446, 16.82449585514454, 20.271692693074236, 17.985190074187905, 18.9656515393288, 17.82421628725936, 19.1501708656448, 16.67531886180817, 20.470288626819137, 20.365510305877873, 16.753878341496712, 19.184493494616994, 17.796486363377326, 19.81450124430116, 17.194762721111445, 18.167665621613015, 18.78561064876838, 19.78292353275252, 17.252489058506498, 20.320261623853888, 16.79653666101038, 21.48447872572346, 15.88872817966124, 18.116506502051706, 18.82728997210438)"
n:last sigma_11 z2:180.0 z1:1008.0 data:neg,18.59916147132696,1.7244881771029426,"(15.80253333490126, 21.716028487473, 18.624959942555645, 18.41980230792725, 18.12325713564782, 18.947508188989342, 16.35682081266518, 20.982079267770075, 19.5829986054326, 17.528675096936293, 17.38957803962834, 19.72727454015233, 17.58511246666101, 19.5120823323042, 17.266908177633677, 19.876609429376227, 15.611487076143144, 21.952682089798472, 20.065220032635068, 17.079025251477795, 17.887906886692555, 19.186236833580335, 20.234324666934555, 16.961921684638956, 20.535349295368018, 16.698658666932825, 20.246085037941803, 16.959568720338915, 16.11252006889903, 21.227031442199458, 19.729242683258175, 17.39092518098, 18.525380669532645, 18.521799266156254, 21.68502424538365, 15.824531382244642, 18.070404575714893, 18.995467309548, 18.256534991875274, 18.766902628749826)"
n:last sigma_12 z2:180.0 z1:1008.0 data:neg,20.496718245498617,3.953794471351252,"(16.54760110144689, 24.505325220774562, 27.77545877505894, 14.588379681168913, 20.28883481636568, 20.021884381059163, 21.637554825071465, 18.7490560681669, 15.425800529094108, 26.30646356484241, 23.090169616384724, 17.54447680264063, 29.02206126263646, 13.966037916919753, 19.37030803700578, 20.94477667299173, 20.396487442217666, 19.79233367694601, 26.21390334630445, 15.403331631930731, 16.80374810319723, 24.144858213610455, 23.24541268092848, 17.45820383750149, 21.704668743921168, 18.65824659459857, 16.106078701525067, 25.215663339003772, 20.798313902157734, 19.34444636482352, 19.092527115381767, 21.23229636801795, 17.610116101453823, 23.02116828276722, 15.221164484594146, 26.630299294566466, 16.529873754115684, 24.548444150842187, 24.21679214527849, 16.696162272632296)"
n:last sigma_13 z2:180.0 z1:1008.0 data:neg,20.271928502729164,5.292739051182107,"(22.55153542597892, 17.0725314674852, 21.894674688728603, 17.581833941741884, 18.12630905677101, 21.25293607359226, 23.881779251172237, 16.124356205956282, 15.258125047142093, 25.23729621578575, 27.17265462490158, 14.162416634888011, 32.5575941804663, 11.823585116266901, 18.85991999058046, 20.41792207404118, 28.325475040395837, 13.581635467869145, 18.860801274049575, 20.392956990216387, 18.90866034227743, 20.364845691245794, 16.325323865696788, 23.58903024968244, 24.874674526233647, 15.470899461797508, 23.371313506311516, 16.482264623813585, 17.27425477052278, 22.222973058730346, 20.3422269038514, 18.924351207365042, 14.243849613144056, 27.026839855534195, 23.085666199898757, 16.678337244482194, 13.863274102834472, 27.777976309278646, 11.50952127923641, 33.404518529199905)"
n:last sigma_14 z2:180.0 z1:1008.0 data:neg,37.17456024111359,4.4057884760518995,"(38.66409445871997, 35.27233105277266, 37.61285912273424, 36.248622401839015, 32.92644371714012, 41.43464099476867, 40.408115319498805, 33.750913973449535, 45.41807602258978, 30.023377969125264, 37.80748511724646, 36.056600919892034, 35.169912357848716, 38.76754061211169, 34.910229678264194, 39.06670168597007, 42.81812263105979, 31.82768010978872, 37.76694411857146, 36.06442969171466, 34.01302547685996, 40.10086579581299, 32.85041261335071, 41.52088396029935, 37.68621311572739, 36.170871413582894, 37.80265011128252, 36.089664551009065, 36.74417833241739, 36.99089488998699, 30.80131824353581, 44.26126892075459, 34.970768657483134, 38.99820424339379, 29.310270451072007, 46.5079282906804, 37.57084666191613, 36.30534289293908, 47.72201465409288, 28.549664413240098)"
n:last sigma_15 z2:180.0 z1:1008.0 data:neg,99.91835128552249,8.805458002485716,"(102.4357908650509, 96.73064242520688, 98.57031944281219, 100.5214836796922, 81.729848788247, 121.23828984854286, 93.05717948320772, 106.47947302141542, 110.92469285460885, 89.32770019514781, 89.37505223248544, 110.86450479580434, 105.57654124914065, 93.85153078138701, 107.74475319212176, 91.96395403700376, 100.4218678547964, 98.66623638455258, 99.88502339293053, 99.19494290340965, 107.5706905256663, 92.11308290081236, 101.6155398625646, 97.51146774029286, 95.05068381833728, 104.2436198752865, 101.88025608908069, 97.25918529327501, 99.10875721895557, 99.96394106776745, 111.74841232257371, 88.66861194049049, 87.78420217246871, 112.87439209814504, 110.37740126056138, 89.76986801756685, 87.90680058956511, 112.7186162568926, 109.63526856119574, 90.37342638183644)"
n:last sigma_1 z2:180.0 z1:1224.0 data:neg,3.895948468500899,0.8678757208856048,"(3.967092012091761, 3.6504206277450644, 4.435769031131514, 3.2581860467572255, 2.7538144825663666, 5.251466896191359, 3.6185390905662356, 4.0051630440395805, 4.241114164035975, 3.413953091858029, 4.13137453414294, 3.5023941616294922, 3.9570196136650972, 3.6577097101526377, 4.9989701755409905, 2.900541707549967, 6.414838759126973, 2.253408654290979, 3.7514821195756776, 3.8671086823526744, 3.99199870113233, 3.624456071792557, 2.5251204776264746, 5.741814281946039, 3.056786994932472, 4.739888492489055, 3.9408737648260295, 3.67666155458971, 3.978921992886611, 3.642403201497855, 4.754140910547637, 3.0481399949642793, 5.498341005289151, 2.6348602528784335, 3.274901684079749, 4.424297461848893, 4.086730536317762, 3.5458791359567656, 3.5576899921990073, 4.063665627224628)"
n:last sigma_2 z2:180.0 z1:1224.0 data:neg,6.974947715269266,0.9568205576370434,"(7.965579933195758, 5.999113656926667, 8.088151554032342, 5.901705595837218, 7.419681122265445, 6.435717807187007, 7.5870690844500634, 6.300682696142406, 7.456364907555745, 6.407260576268147, 7.5989908454010875, 6.279119583261621, 7.43984588658958, 6.412056808430913, 6.878653351490012, 6.949112030836951, 7.838437222764112, 6.088552543668857, 7.482091363960527, 6.392208737063082, 6.848570784334691, 6.974238340649474, 7.478415625000761, 6.392116678794066, 9.704334177547974, 4.925575382627325, 6.3074903475893915, 7.579679613087872, 7.236834943735168, 6.604042880071873, 6.409237258380215, 7.457699011000948, 5.811188778553844, 8.225005593491431, 6.492001699177838, 7.364902370669358, 9.242064389772626, 5.172758744451984, 7.394518620583759, 6.4568380639225005)"
n:last sigma_3 z2:180.0 z1:1224.0 data:neg,8.992297619933723,0.9847033200719926,"(7.95090616820216, 10.05346756799921, 9.054852355881621, 8.817150522725735, 10.16509474638833, 7.860628390704001, 9.09712076627272, 8.787879007216995, 9.747290685092567, 8.198932837256185, 9.851091282451726, 8.108801478051651, 10.017686395205725, 7.976319136558378, 10.642818183773604, 7.5113670044726275, 8.027948278955321, 9.953272505290936, 7.6272918965612995, 10.485151169499792, 8.437989990456522, 9.465795440699104, 8.36657289963852, 9.554199084105987, 8.955123074705465, 8.927538713329, 10.413229738669402, 7.678854968311924, 11.001801239244298, 7.266049313651394, 8.866359520718037, 9.017432934958526, 9.044613266635913, 8.837065327389915, 9.424259184453325, 8.484507886955491, 8.588608035288201, 9.309430251254492, 7.570172808618085, 10.547230739704744)"
n:last sigma_4 z2:180.0 z1:1224.0 data:neg,39.99788499557917,0.82122820366995,"(41.44479724562781, 38.585782098312535, 39.820835438252715, 40.15915743848952, 39.900667467252426, 40.0789178203513, 38.6199048423121, 41.40803740217924, 38.66935695139743, 41.35492913512449, 40.88169269992349, 39.11726242119599, 38.80983201712451, 41.204939383722454, 39.65177931158216, 40.330538240595665, 39.95443730629562, 40.02471779725168, 38.77947942280701, 41.23759970990651, 40.31834163916087, 39.66355625627274, 39.491438348434166, 40.4939709072249, 39.696912393162656, 40.28469138666387, 40.12104490787178, 39.858895092231144, 39.230144538130055, 40.76394303228569, 39.683610040219726, 40.29827043598835, 39.92176238654943, 40.05785631337519, 39.80354238878131, 40.17676232937786, 39.71170247277621, 40.269671233713616, 41.50769197584021, 38.52692759540215)"
n:last sigma_5 z2:180.0 z1:1224.0 data:neg,19.98750454852229,1.7696260343206642,"(22.125352413072264, 17.919818410929942, 19.084583827484384, 20.774481643341662, 19.58570484144955, 20.24332313373321, 16.962636222742397, 23.37344310961535, 19.079421062220685, 20.779301095846737, 18.44758949221145, 21.492072084017362, 22.344772289008944, 17.742628681354127, 18.79120431636096, 21.09917963492695, 18.52287128980554, 21.404151083769737, 20.555560506803122, 19.28816857532635, 19.98443362199545, 19.838935930103457, 19.082530401241687, 20.776541605903198, 21.016041847913208, 18.865504973621505, 19.802649633865663, 20.02201672181393, 18.39246190405456, 21.55645777117964, 20.077174591816192, 19.748032744750013, 18.283996670695693, 21.684586423193473, 19.199168908553972, 20.651171312562866, 24.984950531667327, 15.86874869292891, 17.90009764753455, 22.14841629147557)"
n:last sigma_6 z2:180.0 z1:1224.0 data:neg,7.476559464064081,2.003688855317868,"(5.730358774280493, 9.123792495265844, 5.859924509288166, 8.916359084499641, 5.512231668980728, 9.479175794901279, 6.131688166240871, 8.528964687330724, 3.5828040256964626, 14.57871709033343, 5.643095191396967, 9.26060742918865, 7.055146104409862, 7.408086716905785, 6.781901119535403, 7.711364359716363, 6.55841900845628, 7.966649114381111, 5.736839720784496, 9.12056141541011, 10.383713077395011, 5.034302227937975, 5.767888342106103, 9.066451287594647, 7.421514362186377, 7.0458228709678385, 9.032542239249967, 5.791021658681482, 8.550717360360522, 6.1159111419716625, 6.318927397681902, 8.27678833260351, 9.18401944086104, 5.69355818674765, 5.897622737111183, 8.869134700486615, 9.6781932323937, 5.403755437134789, 9.108078017052046, 5.735730035036541)"
n:last sigma_7 z2:180.0 z1:1224.0 data:neg,10.633367296984474,2.648459584938084,"(8.903052396460234, 11.964899389374056, 15.39495297222883, 6.918919656738346, 13.130919696095837, 8.111596839701905, 12.038813981898256, 8.849142927902038, 11.855112906579995, 8.985082184940408, 9.417878718320265, 11.308921742427307, 15.333809166000352, 6.945266125800561, 11.843645516082082, 8.99474696092471, 10.091310811707913, 10.5546458316422, 13.436268682790102, 7.929835009798413, 10.84592551403615, 9.820064770194262, 17.613257916241047, 6.048447313863969, 11.013790776798302, 9.672576680748147, 13.200189403391661, 8.07168855669495, 8.992656775024034, 11.846370132367127, 9.257630848985821, 11.507901222612052, 12.25096094069621, 8.695980318970584, 7.052925826470023, 15.106798756526803, 7.519571836939448, 14.16771612455933, 10.464493615621896, 10.176923031223307)"
n:last sigma_8 z2:180.0 z1:1224.0 data:neg,14.05093727363283,2.0828385680378814,"(13.379165545203925, 14.446587373806278, 15.154539423510448, 12.752911625968258, 14.657380681488025, 13.186121888426797, 16.573348385076997, 11.662806121861884, 12.29063151535233, 15.723820130538474, 13.563416147821096, 14.24886006666009, 17.181871868896135, 11.247069526137325, 14.636104728198372, 13.206373004604727, 12.490769361440698, 15.472361073256641, 14.402009719520871, 13.423014014422835, 16.194407359704087, 11.934337476615797, 9.739253598807426, 19.845002867034687, 14.21377724746666, 13.598213215307718, 17.43177509341502, 11.090475592899596, 14.767787580615675, 13.088396639650245, 14.117396191194548, 13.692725862939318, 16.444762873848923, 11.754720609603256, 15.468438369297015, 12.49741388245643, 11.189996870139003, 17.273961159759843, 15.639782892069361, 12.35570336029631)"
n:last sigma_9 z2:180.0 z1:1224.0 data:neg,18.054671458490855,2.0496001180582843,"(17.57782293986619, 18.315710009458673, 17.653161109076215, 18.235504305600752, 21.31946458672654, 15.100144270043833, 17.732331141721602, 18.15489795673439, 17.039432647199263, 18.891213994909997, 23.202468945248558, 13.875275982570384, 14.084035763992354, 22.853107084343357, 19.953323558361696, 16.134724363449862, 17.541548882167188, 18.350567298311443, 16.61460596279568, 19.37741135438141, 19.677453663819655, 16.360236793089854, 16.663384835708857, 19.318495803306657, 16.14927705623584, 19.934797821306738, 15.63033889597725, 20.59952996719633, 18.571357300232012, 17.33472262640219, 16.716065175158995, 19.260335596114192, 16.82741142474272, 19.13204527271022, 16.39984006095554, 19.632310741066902, 16.253296832054552, 19.807701634097175, 17.224719511672657, 18.686785170826397)"
n:last sigma_10 z2:180.0 z1:1224.0 data:neg,18.631154905893272,1.7057033829228787,"(19.4461072524606, 17.708703166832333, 19.15093772784942, 17.975882336802343, 22.254963757986662, 15.472209153392361, 16.365937066652872, 21.03792756397951, 18.80887973570293, 18.297114629848984, 21.304835022315757, 16.161307448614345, 16.637153261493882, 20.682357031962095, 17.145386055042895, 20.083165767268536, 16.927891242374738, 20.33301248028012, 18.093864975797644, 19.031886515475907, 17.916827637767152, 19.21504624226248, 16.818031823351646, 20.468543800223912, 20.400510325256874, 16.878055814591765, 19.33337162230799, 17.816847637968504, 20.00042140054234, 17.215154305006592, 18.260044942602242, 18.860711634806286, 19.827095288372433, 17.36812557790878, 20.464622112366136, 16.82939444854662, 21.61573989077499, 15.929820987538912, 18.17672381830442, 18.931584733096894)"
n:last sigma_11 z2:180.0 z1:1224.0 data:neg,18.646020875206798,1.7583169190345873,"(15.643869558060718, 22.043279800074984, 18.558072864367208, 18.569182971793182, 18.068162131305147, 19.079842880145417, 16.26529922456128, 21.193781087667535, 19.7912752611853, 17.39843891861517, 17.75056759677082, 19.41705311984908, 17.504327354493473, 19.672087840970633, 17.31469278966976, 19.91060126305602, 15.691623830633606, 21.954982240447496, 20.14988322691804, 17.112193355121782, 17.95713470939966, 19.1895697425978, 20.411395017396018, 16.882357382299183, 20.477565045414696, 16.83292315923388, 20.422437744744666, 16.892453441556587, 16.311070716852488, 21.133301171520046, 19.792472433437197, 17.424568916759426, 18.497847369091158, 18.639551701375225, 21.823103064065695, 15.803331443455262, 18.169022051995267, 18.976417678566705, 18.258561903235282, 18.85653299956907)"
n:last sigma_12 z2:180.0 z1:1224.0 data:neg,19.931844595900262,3.8013750969179014,"(15.563546905229128, 24.668082785376676, 26.63296310946908, 14.386726969955971, 19.43840479972286, 19.734808681749104, 20.6420107521898, 18.58025414320049, 15.3460717234985, 24.94288819673915, 23.610036234305337, 16.247870116913354, 27.72955169639146, 13.774837706000586, 18.82878314414189, 20.372404951411227, 19.956058976406094, 19.181385448354842, 25.61891855926206, 14.976457490875875, 16.453581572142625, 23.289268965056507, 22.923247961735772, 16.71070717163495, 20.812722688602157, 18.430526754314208, 15.911603820413095, 24.145908970106216, 20.80663017106586, 18.433396443139614, 18.60468961795387, 20.637856737303995, 16.951309634212564, 22.63517639460734, 14.911861984414449, 25.753572192619654, 16.21986044331149, 23.653495922672114, 23.4224870874942, 16.333816912015994)"
n:last sigma_13 z2:180.0 z1:1224.0 data:neg,20.361318231412326,5.303955078187627,"(22.45138356050377, 17.30716475642862, 21.891046885654067, 17.742310679814842, 18.12516834156366, 21.434958826760006, 23.85106985129948, 16.288817850264618, 15.455608905209019, 25.11530752048649, 27.69772830820872, 14.029697754692336, 32.48613722291549, 11.938959837284623, 18.95368054274539, 20.499405629247136, 28.508393011050632, 13.615186138518444, 18.995497380506265, 20.455013474445327, 19.03463624451849, 20.40200585103327, 16.505380858131108, 23.528846056555818, 24.873035950123555, 15.620259835612588, 23.598323233441416, 16.473069057099504, 17.51313525953344, 22.18212899464348, 20.45983506561769, 18.995840225884702, 14.254999901711493, 27.257079786219876, 23.274749492228903, 16.696411179968113, 13.969305860111447, 27.81159616666093, 11.541508308252308, 33.6180454515462)"
n:last sigma_14 z2:180.0 z1:1224.0 data:neg,37.34895260618958,4.426738367989648,"(38.407490472416455, 35.84612967886506, 37.62505370391595, 36.56667167407956, 32.898238255074325, 41.835877105096735, 40.39467363806244, 34.070195658958745, 45.97104848935282, 29.912832221669603, 38.56200552722987, 35.70184109017031, 35.168358441585845, 39.08041711438829, 34.93126732265251, 39.409086351206305, 42.96538115313844, 32.00383640886456, 38.05112359529394, 36.16878720541974, 34.247002430890056, 40.17378166827023, 33.29297117299151, 41.310249766145624, 37.74563652181481, 36.46709634209709, 38.10365882806542, 36.13198782838517, 37.272629274373664, 36.92855452943223, 30.985514059777614, 44.4336881665174, 35.055463193476214, 39.27519769775235, 29.51870811844776, 46.63136152025985, 37.82524153457149, 36.38830860000678, 47.88002636405533, 28.72071152281105)"
n:last sigma_15 z2:180.0 z1:1224.0 data:neg,99.93737455673954,8.80620437760035,"(102.40045766061482, 96.80070217703155, 98.56939141425725, 100.56013014159518, 81.7292065231717, 121.28136709753562, 93.05444980586502, 106.5216941672551, 110.96106326511686, 89.3288524044951, 89.4490884883445, 110.81608516996796, 105.58231801139223, 93.87674735641168, 107.73653272618265, 92.00636514126577, 100.4360494323119, 98.69055394254731, 99.91427774258732, 99.20919797786614, 107.58824242070261, 92.13016161075403, 101.67815507123984, 97.48508008927362, 95.06179387069146, 104.27336939725433, 101.9107093381114, 97.26645889526465, 99.15157457987833, 99.97231162651731, 111.77198049947333, 88.68489038307877, 87.800064169532, 112.89831955574691, 110.41113236697535, 89.77718302627652, 87.92226352865684, 112.74092055899071, 109.65068327355124, 90.39515736179658)"
n:last sigma_1 z2:180.0 z1:1404.0 data:neg,3.85574255167927,0.8548294539983394,"(3.962604456213247, 3.579351556414314, 4.341281101148936, 3.2599340438114552, 2.7043570173809277, 5.246724326247873, 3.680238457110008, 3.8538092365089054, 4.206279776884249, 3.3665497706824667, 4.064028400571279, 3.4898947514242713, 3.9207135892810916, 3.6202948605622267, 4.941503439194739, 2.8713651272072322, 6.262484891845939, 2.2667268898638353, 3.7338202645633745, 3.8018726357324955, 3.90936629594476, 3.627689866557469, 2.504704465248912, 5.675276624980545, 2.9924101172692317, 4.745791620475352, 3.9264806248643565, 3.618344284165238, 4.062466904735516, 3.4951396727100286, 4.740520332840376, 2.9951372642135206, 5.400775708163342, 2.625737037891916, 3.2419268599322817, 4.374658951161011, 4.176310737176576, 3.400633165790529, 3.5586921460407046, 3.983804794360215)"
n:last sigma_2 z2:180.0 z1:1404.0 data:neg,6.937606631692363,0.9614189770889491,"(7.995709566533555, 5.910477951702849, 8.008758048331309, 5.890820097630488, 7.368089826707953, 6.414037698858623, 7.641207499238937, 6.180482887615701, 7.426841240913041, 6.3565179206450395, 7.539315687881273, 6.263387152328399, 7.390566412348155, 6.391966925514783, 6.840563557638528, 6.906420982583888, 7.745896035651742, 6.094426986836853, 7.457783341902731, 6.337277437237552, 6.7849263229500325, 6.963452980906005, 7.454740808796795, 6.34531558759673, 9.565224989394155, 4.943022072417954, 6.282068408886312, 7.528411241575094, 7.309165840066407, 6.4676080397767315, 6.398820522536272, 7.387712362782009, 5.76139016692219, 8.200184265535116, 6.462767792706233, 7.311733528796816, 9.328204077373018, 5.068625141578469, 7.385121032811861, 6.39522282618486)"
n:last sigma_3 z2:180.0 z1:1404.0 data:neg,9.00588090296942,0.9902672610458999,"(8.0096776323554, 10.009670650717844, 9.054952278098558, 8.83716915070017, 10.170893921919683, 7.881781119314154, 9.165211299825419, 8.746013750486043, 9.766043656227076, 8.205318309691938, 9.861540024938158, 8.125955968522488, 10.021044286954178, 8.000899403743535, 10.653918253958956, 7.523229538623777, 8.006654782361034, 10.012997944710264, 7.633079262007315, 10.503082897475423, 8.441378852025442, 9.491049241054213, 8.380467761777663, 9.570633281665403, 8.924761107885917, 8.98480466525463, 10.42932965924382, 7.68995148351894, 11.106445843439724, 7.219933905067296, 8.89875678841884, 9.010429229462188, 9.051135854704007, 8.854649970702852, 9.437987432097405, 8.49389321274484, 8.656998700443484, 9.262662487624334, 7.59246424167744, 10.548368267336866)"
n:last sigma_4 z2:180.0 z1:1404.0 data:neg,39.999406665717096,0.8213657039274924,"(41.452424127176705, 38.58157426912425, 39.82353489514955, 40.159583500386226, 39.9018950050475, 40.08078129642331, 38.62009356388044, 41.41087491965508, 38.675009067422835, 41.35227579961004, 40.874964785098804, 39.126447868566835, 38.813165701195, 41.204994638492686, 39.65499851830875, 40.33012771227272, 39.95540515149097, 40.02692588793428, 38.78058322590972, 41.23963706431612, 40.320101129123074, 39.66489432760154, 39.4891282244335, 40.499621708315985, 39.701759597793014, 40.28273774394731, 40.12298891245241, 39.85985404487669, 39.231382215926224, 40.76557246095638, 39.684011419171526, 40.300753185890905, 39.92273868175983, 40.05981010145845, 39.8015892513825, 40.18160398037169, 39.710964551466716, 40.273432193311194, 41.511842499425796, 38.526183401557056)"
n:last sigma_5 z2:180.0 z1:1404.0 data:neg,19.98998240468282,1.7712412241148847,"(22.139333721769162, 17.91271404836918, 19.09079987921003, 20.772308473770387, 19.58726074552613, 20.246357644267015, 16.96051779642784, 23.38166323705096, 19.09046827382703, 20.773389944906604, 18.43617181360979, 21.510006849524334, 22.351900302740972, 17.742162136757266, 18.795334743848137, 21.099039148623973, 18.523999195430097, 21.408317735056333, 20.55376834743148, 19.294253207707413, 19.989131411551348, 19.83895869236313, 19.07291267305579, 20.79235467086512, 21.027095322877692, 18.85988824709141, 19.805135541174433, 20.023867979706957, 18.392440599445674, 21.561364649458884, 20.075221227064883, 19.75418593880104, 18.286414047903243, 21.686536098373505, 19.19154795119442, 20.663791492892862, 24.980414026642713, 15.875328387914745, 17.904919371080787, 22.14802061199996)"
n:last sigma_6 z2:180.0 z1:1404.0 data:neg,7.515798754891067,2.016148311792783,"(5.805243980861304, 9.098902823702797, 5.873180563590092, 8.986766925199545, 5.533954789178978, 9.54479889437975, 6.2286969039837325, 8.47890211388423, 3.6052037719860155, 14.647671119266265, 5.660668761867163, 9.327766586800053, 7.079883011254842, 7.461834598872898, 6.815913146509487, 7.74737566913426, 6.556481971755549, 8.054987445293879, 5.775688934324017, 9.147387623151777, 10.405761566608518, 5.076093096552206, 5.808232123827207, 9.100919410521687, 7.40465548764427, 7.136114035332941, 9.088300417990903, 5.815327022219707, 8.703961175654428, 6.071048174656123, 6.372823120650575, 8.291216073239092, 9.210905255119602, 5.733493186445826, 5.933522271488141, 8.901907672596346, 9.844338309067547, 5.367899117572342, 9.186450463795369, 5.747672579663151)"
n:last sigma_7 z2:180.0 z1:1404.0 data:neg,10.649406381428278,2.6483546780488383,"(8.946594729589847, 11.945606505545648, 15.417413219571841, 6.929897882691317, 13.148458443401879, 8.127550692443906, 12.086919221753321, 8.840525680173512, 11.882278328400217, 8.992820665769283, 9.426433756442277, 11.335038832867607, 15.351408392064254, 6.961913206668228, 11.860438686777885, 9.009219007414393, 10.092523057916148, 10.589043858750687, 13.453356078551849, 7.943817988007461, 10.863800394659176, 9.835887065272217, 17.633186778947618, 6.0618009704271945, 11.009320885005106, 9.707936309495768, 13.219785636645158, 8.085528868542704, 9.035288012766163, 11.82900007635011, 9.278520401985684, 11.518515995766863, 12.267921651386315, 8.710853430575463, 7.061946216143481, 15.133829820825254, 7.549989653521004, 14.156435591342948, 10.486179552173095, 10.189269710498204)"
n:last sigma_8 z2:180.0 z1:1404.0 data:neg,14.049158094254015,2.086345256140455,"(13.415644149704548, 14.403754525329132, 15.160384613726151, 12.741749391892313, 14.651493086275357, 13.187542829234308, 16.581509819054798, 11.652376666843669, 12.306916863778056, 15.700071767827101, 13.535947138518472, 14.272450443213826, 17.18020540522008, 11.247356315076084, 14.633387397024356, 13.201822873782712, 12.47918506165697, 15.4846150605036, 14.387638437931443, 13.430061348533316, 16.203091785894305, 11.924102725399234, 9.718641218389493, 19.883906144946597, 14.210453239359994, 13.597502786567603, 17.427129807819696, 11.0893564091298, 14.781221190062867, 13.072673408435707, 14.111222022053063, 13.69338191617596, 16.443040514101938, 11.750918924163653, 15.443131555313443, 12.51211122772506, 11.192180765095653, 17.265517114168937, 15.641239875268223, 12.35138794496307)"
n:last sigma_9 z2:180.0 z1:1404.0 data:neg,18.073529010229347,2.047489319234079,"(17.63545382630865, 18.29544393064836, 17.686273947580826, 18.238924660449218, 21.339274460461706, 15.118717521815425, 17.7398609267052, 18.18550297204018, 17.088629465478565, 18.87985311423036, 23.163922599770647, 13.926968946447392, 14.107329616180545, 22.869120070748696, 19.981032281538177, 16.145204020708896, 17.55480006674986, 18.377478431679357, 16.61851238956412, 19.413127410206634, 19.709779580401175, 16.3679728957791, 16.64182956638421, 19.3868385083092, 16.18775237635036, 19.929880732722896, 15.647110724270277, 20.62017164563759, 18.58642499375062, 17.357424871310826, 16.721161917492182, 19.29412944565764, 16.84661396196813, 19.15030657107787, 16.385678074686723, 19.689486904662736, 16.255805847073034, 19.847187992795977, 17.251076271018835, 18.699096868511567)"
n:last sigma_10 z2:180.0 z1:1404.0 data:neg,18.643518935673697,1.7022195848994055,"(19.585704077508606, 17.60771007763565, 19.214348073265803, 17.938648931563407, 22.259455634187944, 15.490151656108448, 16.336678748240626, 21.101121836469627, 18.92657883163012, 18.217966293550077, 21.140115843533568, 16.305617650883445, 16.683175648646163, 20.66718807380798, 17.173846437661357, 20.071499042356947, 16.92332810382958, 20.37144053240084, 18.057091241951923, 19.094290659309785, 17.95933152491466, 19.195445398054225, 16.70135300916282, 20.645783394237654, 20.50480067094435, 16.814377214701068, 19.347067310854545, 17.825147242226212, 19.993279038036334, 17.24342084870777, 18.22653209063338, 18.916840964445136, 19.846582714427544, 17.372355227340595, 20.352067535893166, 16.94146589361831, 21.562646666158685, 15.991264210713142, 18.216776432671335, 18.91826264466525)"
n:last sigma_11 z2:180.0 z1:1404.0 data:neg,18.85604544460296,1.7546181642571022,"(16.063443697937362, 21.964074633771403, 18.86736018297316, 18.67906582608289, 18.263404922352105, 19.306482874515122, 16.377006693384736, 21.517087269913265, 20.271731302370434, 17.394184289156847, 17.60408337054622, 20.018688557010307, 17.762199098202466, 19.853178812442483, 17.560041926965155, 20.069819078942572, 15.853455234449916, 22.238897628472237, 20.308608223671815, 17.362751626430082, 18.224742821896772, 19.341024798475576, 20.37450543999334, 17.30934962986586, 20.895331349916898, 16.8730640958474, 20.660028237508627, 17.07507506190589, 16.455620518719638, 21.42469823564527, 19.92910110731575, 17.693832002571884, 18.70653719795624, 18.84876833015101, 21.832018354327, 16.15161182600832, 18.2633774278066, 19.309757135384217, 18.52532165068081, 19.012487312550828)"
n:last sigma_12 z2:180.0 z1:1404.0 data:neg,20.260091424963896,3.8384303075753436,"(16.298252475152808, 24.361797903937116, 27.458450398807162, 14.435906406480813, 19.7181208975392, 20.10833481839328, 20.702791895564733, 19.130862001632106, 16.013706670456333, 24.77488794265629, 23.034251361235793, 17.194061086689274, 28.539975385727168, 13.89398368016652, 19.24532638926989, 20.574314190735254, 20.20450554625764, 19.603103758750642, 25.735383515830012, 15.406839536584924, 16.85005964404443, 23.513876018367533, 22.479469689193003, 17.640592132590957, 21.650001122703156, 18.309275936621923, 16.18208631364119, 24.51838741289151, 21.021110998422163, 18.850834670761994, 18.68165809416415, 21.220881342727473, 17.255419546179624, 22.971721834995797, 14.704966759959984, 26.950787247769306, 16.213691370333258, 24.45879936950687, 24.014503576867156, 16.48067805494753)"
n:last sigma_13 z2:180.0 z1:1404.0 data:neg,20.40422319159615,5.312057093322705,"(22.740502531741512, 17.159768551868687, 22.03688263870335, 17.69905326173815, 18.150381970335523, 21.495308551976624, 23.78582759361996, 16.396510918062326, 15.63523844571339, 24.9599025851622, 27.338418038688367, 14.267855779850477, 32.7010316996518, 11.93091542764861, 19.03424876175848, 20.49010061552226, 28.5413771591427, 13.665256333286122, 18.957696030965764, 20.579208509048826, 19.12137959383748, 20.396443839808597, 16.336462274500374, 23.88248353865328, 25.13271934503343, 15.521818494566581, 23.652181655466403, 16.499825839198557, 17.5088055380752, 22.278000093275626, 20.416343206476405, 19.108984796569185, 14.288661526893742, 27.301934861273843, 23.09007445125909, 16.897105023199753, 13.913382632884302, 28.042795593500184, 11.598893056992832, 33.61514689789597)"
n:last sigma_14 z2:180.0 z1:1404.0 data:neg,37.28756103474309,4.5415590190322686,"(38.81869236015766, 35.31743006289119, 37.685456017961826, 36.372861758720894, 32.779446619392125, 41.82263996285956, 40.11664310693856, 34.15295101986371, 46.33238392696114, 29.59137229931675, 37.76260615023517, 36.29154262843455, 35.323723301101595, 38.80235210706507, 34.99759651697436, 39.1577794774744, 42.77238697689865, 32.03517202843207, 37.83138550039896, 36.23297267657096, 34.18463897621518, 40.08764775787909, 32.784540634227774, 41.80288351081777, 38.02853658927933, 36.040504840162875, 38.063938004781534, 36.00950063371659, 37.1761608533617, 36.85870019680625, 30.80783320368098, 44.48712136532124, 34.95539095203736, 39.21528175175466, 29.126096230969132, 47.038173339204086, 37.48564752896673, 36.565797444111084, 48.0994754640633, 28.48717761371786)"
n:last sigma_15 z2:180.0 z1:1404.0 data:neg,99.92265766623086,8.813414541509554,"(102.44544389678678, 96.72742009338516, 98.56448580027107, 100.53412346175259, 81.71024334325465, 121.27359860765353, 93.03459026316075, 106.5098053191189, 110.98966953238765, 89.28113744159884, 89.3668560671457, 110.88133682817795, 105.58994310244245, 93.84669293480324, 107.73495214912559, 91.97675555033204, 100.40394280409608, 98.69333239166089, 99.88513574821053, 99.20678522921855, 107.57146744724135, 92.11668640576384, 101.60952068757855, 97.52310289047776, 95.07464151845036, 104.22619065637791, 101.89972985874049, 97.24549203495499, 99.14708330635756, 99.9442702863638, 111.74158039276236, 88.67987568514428, 87.78217357278874, 112.88442280456326, 110.34541350346255, 89.80086787666981, 87.89679009649156, 112.73778674084647, 109.66327089511621, 90.35968942449819)"
