4.022565600521926,3.8930862701788693,0.6867527446450433,"(2.4934164926758737, 5.904772301559741, 3.9819120699532364, 3.6958961484751174, 3.983615775801745, 3.702514107809446, 3.7906182575169365, 3.8853180083972694, 4.531829084466117, 3.2560883476194302, 3.4714447079084074, 4.238480012590408, 4.266860797067105, 3.4597028038401727, 4.486597480508375, 3.2908375463426967, 4.184801802871117, 3.5034920289146134, 4.347160283676577, 3.3863673455830146)",0.18853849708307954
7.042188535257581,7.008911295987218,0.8920573042722406,"(6.447057664307298, 7.501983461403725, 8.921690187004133, 5.419703024404844, 7.405434144611119, 6.537167748702879, 6.284762629082737, 7.69747426863647, 6.002479048030498, 8.068418995452388, 6.624739111556535, 7.298355115172023, 8.355363178712253, 5.797698711423636, 6.668913207492567, 7.264714165681667, 6.302065839777701, 7.6541575685936065, 7.316686744100684, 6.609361105597602)",0.037303925556117626
8.992936707093431,9.048813647428426,1.173712069756051,"(9.303674564901423, 8.66176173659288, 10.085872726611685, 7.988759420607068, 6.831032262966991, 11.801947413237663, 9.043109757555142, 8.912776730299239, 8.889293937092287, 9.072453092172424, 7.2472352717974, 11.117932686634125, 10.048470791790901, 8.026873137028918, 8.340487224688065, 9.67142975946136, 8.445882507548232, 9.525802311723178, 8.700308591586337, 9.261169024273237)",-0.04760702541519312
39.64090323488768,39.99971086376951,1.0318504186508173,"(39.683039339239855, 40.2934710178286, 39.206153247270514, 40.78359609356291, 39.23785438940959, 40.750500429219805, 41.464443630326556, 38.56240812350956, 39.99649773034126, 39.977671461869875, 41.167832016663695, 38.840251218773666, 42.24127167336449, 37.85317039500603, 39.87704692424941, 40.097417682352884, 40.57327459788877, 39.409239047402814, 40.4364174082877, 39.542660848822045)",-0.3477322123404102
23.120279634603133,20.00167792441066,2.0691724706435703,"(18.565742346216766, 21.331055055380627, 22.669837202348457, 17.46932930391853, 20.76603271271394, 19.070151778828567, 20.474364016986897, 19.342887163050186, 19.858056232418686, 19.94312400376453, 21.186787093969965, 18.69237897941212, 22.393328724759336, 17.685186390433987, 21.856342155879112, 18.119818509016422, 22.25937407689856, 17.789944155475524, 16.37326768653657, 24.186550900204423)",1.5071734011725468
6.842310580703273,7.344254647270072,1.1934680106782645,"(6.5632626747473, 8.018125132613939, 7.092685652718131, 7.4181334061197655, 10.12179787933409, 5.202718630234866, 5.217495923463228, 10.08805925084089, 7.409242019833533, 7.109797606609638, 7.769808203754523, 6.771373400637226, 6.765635142056767, 7.78751216982599, 7.4870570942392565, 7.037797262814339, 7.011835249039044, 7.489963462221454, 7.591649631590857, 6.9311431527066025)",-0.42057605405069587
8.771820188874868,10.445313545913141,1.682728729830775,"(11.45276337554466, 9.295521983353465, 11.998928727034988, 8.871843159935873, 11.690937824306781, 9.107234892371622, 14.160570860662128, 7.518607762568683, 9.283412232084162, 11.471241911481286, 9.717409621045546, 10.955052145459986, 9.900732598068487, 10.75649719545644, 9.012058562293952, 11.81764987894679, 8.06658910403781, 13.188068601438383, 10.068231927682978, 10.572918554488801)",-0.9945116686791041
12.607354740113463,13.994285098933828,2.027183410784685,"(11.038675896556713, 17.39227924019485, 13.179917311807461, 14.566147616929575, 15.244989355323234, 12.592818481240093, 12.937204191346847, 14.841274344811278, 14.030580253668747, 13.686207012844232, 14.36410278770496, 13.365973903841349, 15.598700071670672, 12.310532715401678, 14.839270001704259, 12.94107681092443, 10.828037814345329, 17.71962557136397, 17.334083223282434, 11.074205373714431)",-0.6841661940611038
17.6138805130704,18.04652126005459,2.3395193807286154,"(18.89835931861621, 16.96279049628011, 18.017992548657062, 17.79146001623557, 16.425885949783865, 19.513317920769314, 20.977242112480365, 15.282837152223651, 17.870672420449107, 17.939676872845546, 18.210715517341413, 17.60404330188732, 23.497289539969707, 13.643747196161105, 14.87996002203192, 21.54583021435953, 19.98784766440659, 16.031695593104708, 18.799740556954553, 17.049320786534178)",-0.1849271908358589
20.792885942801508,18.551730166342548,2.029472958129791,"(17.641834098060183, 19.289895426139797, 20.07495710557405, 16.951637949351365, 18.219758934510935, 18.66939913116171, 16.976828123661427, 20.04988434143349, 15.616328432392661, 21.796589979256993, 20.606261557572175, 16.517087684964714, 17.184132697662047, 19.8072633142259, 21.26122108153432, 16.010509155346256, 17.325510828926273, 19.618314338480985, 21.84797937517274, 15.569209771423075)",1.1043043305806057
17.44041133428051,18.63684291004504,2.6921534254435757,"(17.446590002661527, 19.525204981431532, 14.212027033750598, 23.96823415742965, 19.482718583857103, 17.4690718584344, 16.322892124440045, 20.878140541471762, 18.556567729916008, 18.36493792441746, 19.290209794579003, 17.66375712657487, 21.35408357743819, 15.957927847727913, 17.92010065314005, 19.019386861949208, 13.923092631132974, 24.40938179591158, 17.307428163007003, 19.66510481162993)",-0.4444143355490225
17.69189396420101,20.898729934645093,8.533637402358915,"(14.892309197370194, 25.384137265317783, 19.043843008935745, 19.849983352963797, 9.593503204050537, 39.31425747322134, 19.466964000576507, 19.438129032398365, 25.137431814640916, 15.050477507284262, 19.146682064672383, 19.757217092771054, 22.2773148115295, 16.979200188941448, 27.366587115278175, 13.827501651788213, 16.914335877233285, 22.232406222721835, 43.66267915367126, 8.639638657535244)",-0.37578769980988774
22.60005391781276,20.23501682253352,6.039840896917823,"(22.290511765619083, 16.904192981154214, 21.084971850375688, 17.870567844608335, 25.57950584284296, 14.719322310900733, 16.875783580118433, 22.335411006528176, 27.373388970756583, 13.768972834350635, 13.541898156266775, 27.831323365020175, 34.70947415234197, 10.858039732500384, 13.660832550477421, 27.592051825943287, 18.068371575378013, 20.817638826190624, 19.82694511345146, 18.991132165845368)",0.3915727476341534
35.17253356050881,36.73751811668803,2.666126970332275,"(36.67518220263613, 36.620887640729315, 31.654572142570995, 42.43097161747749, 37.22237715027768, 36.066748848058225, 36.02391334289184, 37.28744657211149, 33.74897363374634, 39.79454973716888, 33.936781013163184, 39.5810178720681, 40.814209342762624, 32.903666264161444, 38.50626081460026, 34.87747838075634, 36.23270415316553, 37.05017339312746, 35.47509761870809, 37.847350593579144)",-0.5869880067955568
82.4805802104148,99.78056920972801,7.6410500463173685,"(87.0340170347645, 113.76075488464487, 84.69509271435683, 116.90237216139265, 101.83237163040125, 97.22881330669688, 105.77496302119503, 93.60494082686377, 98.15710530147504, 100.86944705877102, 100.62400440544774, 98.39659958933248, 96.83255863551321, 102.24918829237569, 104.47535617098265, 94.76925746892626, 103.88943097927447, 95.30365272171132, 95.10500522945262, 104.10645276098204)",-2.2640852885986535
5.271882885275514,4.039749334963632,1.0298867625584058,"(4.275886334378678, 3.589866010255847, 2.9900002640088315, 5.123688304193097, 6.307519700716899, 2.4363128231280906, 4.015454251241425, 3.8326205163571596, 4.510239883412647, 3.3847207037050993, 3.413349970034932, 4.502942449651687, 2.8591101798171357, 5.349434564699167, 5.197622279852948, 2.9545844731621558, 3.295030762596995, 4.639793604705205, 3.043468263808464, 5.073341359546176)",1.1963776942341329
7.477066083061772,6.978327928771761,1.0074806109861054,"(6.867245315128027, 6.954392388237519, 8.0643395346178, 5.915710382706134, 5.824515747737188, 8.204079698569249, 8.149756285325408, 5.867697619083325, 7.743435659899794, 6.1489439166614765, 6.8937945926249435, 6.9322866421465985, 7.12924335824199, 6.6858646751794515, 6.732671395972645, 7.094689780295177, 5.172749169067206, 9.211846559059397, 7.938160810100747, 6.035135044781165)",0.49503499010452884
8.287615064698521,8.948026279404605,1.032747528063082,"(9.19078585639399, 8.603381397648915, 9.465626184312015, 8.348736896825994, 9.069362513557433, 8.720945046471016, 7.637713394643175, 10.359270846310423, 7.639183903367926, 10.33397511034482, 10.631960815758605, 7.439606028534017, 10.035679453647138, 7.8710916120301775, 9.111002083349609, 8.679113785621627, 10.49875181976419, 7.522206766237944, 9.069185828346107, 8.732946244926941)",-0.6394701480861301
38.350629155806615,39.99798404253022,0.9441659980900392,"(40.22290071175554, 39.75330249040788, 41.376481599401224, 38.64501055123505, 39.093672970713314, 40.90154591212418, 40.4388214520649, 39.5409304436064, 40.26325422038141, 39.71349905620009, 40.204354275181466, 39.77160589771516, 39.02263911048991, 40.97611160695695, 41.17160794736711, 38.837201936411006, 39.71809057366453, 40.258556246530645, 38.288214534680215, 41.76187931371741)",-1.7447725188749137
19.45223726731401,19.953648915545426,1.4907327877399976,"(19.305085217133563, 20.515201432840236, 19.980935457545, 19.821166161650815, 21.29076893665376, 18.6017127669085, 21.19170823537739, 18.688341833444127, 21.41938048808994, 18.489577120698396, 22.76017499867061, 17.40080358480143, 21.705978998634237, 18.245965958237562, 18.088512563790687, 21.89441855691982, 19.274937855381744, 20.54653932184368, 20.92296997120084, 18.92879885108619)",-0.33635246528089835
5.2539720331781385,7.3279198917614,1.1191763192997595,"(9.561098047489772, 5.4951485044208015, 7.2091945329563005, 7.2817754158305235, 9.05949797495099, 5.801932768519033, 6.355615674346525, 8.274954964521417, 6.8394438612998405, 7.663858311013559, 5.651887905779092, 9.300752786748236, 6.952824792868754, 7.545257326045725, 6.636152599932163, 7.918216170714084, 7.261306901193964, 7.222889317415828, 6.966997203356764, 7.559592775824613)",-1.8531019847532861
10.67393877575225,10.416191009712861,1.4218744924391122,"(10.520896166616193, 10.13478372300179, 10.050807483219964, 10.606073031818394, 11.91219170464824, 8.952028819734688, 9.50070306374478, 11.225731550421363, 10.43607256516833, 10.209725707215751, 10.806154991821403, 9.868515009966687, 11.486609366969585, 9.27867434598149, 14.110560805464873, 7.556494201081193, 8.986864434207419, 11.858027804408676, 9.108589071326334, 11.714316347440093)",0.1812732188459495
10.751561122135055,13.967353451801381,1.8574184231231965,"(13.166890054243371, 14.571480407707453, 12.739115686033372, 15.058385063284767, 16.28578886512763, 11.781262596016992, 13.659591147671835, 14.046631459235718, 12.848694027467754, 14.925172935906133, 15.80055714001183, 12.143239950450177, 17.498833135894298, 10.96155334671495, 13.0485654778947, 14.702503715794535, 13.156451344023056, 14.577070133823756, 17.246748973488355, 11.128533575236993)",-1.7313235884992801
18.30490445088134,17.95804023000997,1.659966338470345,"(20.698797758573605, 15.455125629609128, 16.159686419474593, 19.79530733966235, 16.805089825684018, 19.035688788633482, 17.253952203029126, 18.539487273046518, 18.700660287082815, 17.103062117043, 20.378708578354196, 15.697698595652561, 16.750054421551784, 19.09747743591319, 18.855137824560856, 16.964624977122522, 18.768130152241095, 17.041528086665515, 15.756888831341476, 20.303698054957515)",0.20895858719099425
17.132653626902968,18.512624392388144,2.3266460080212474,"(19.517966204686623, 17.301599667514385, 17.493332239234448, 19.301414321526316, 14.31355587889063, 23.590823503262445, 15.798492569604436, 21.369577757984665, 20.514152887643903, 16.4522153619934, 20.863246117882984, 16.185202712020512, 17.27185098127309, 19.548831078750617, 20.600744862533137, 16.38700776917902, 18.099940668712684, 18.646178951515612, 16.389751031183653, 20.606603282370248)",-0.593115910511374
17.174408391626706,18.41128634200349,1.8010925723486086,"(17.5420943392557, 19.15705179104638, 19.44328499210741, 17.279279594337954, 17.303911958797972, 19.417998430575267, 16.48357125386658, 20.376897797477604, 17.689769262047626, 18.97630764588455, 18.753944885277416, 17.917386180539495, 18.575609588307458, 18.08631794076708, 17.546452500759283, 19.14012720505908, 21.40923807102659, 15.678658474270998, 14.923005271012206, 22.52481965765314)",-0.6867375777159003
27.247169144998747,19.828149582466633,4.356241378189887,"(14.882159065417719, 25.257192340791125, 18.290118891213197, 20.542444502834588, 18.808398173610094, 19.976283338185436, 18.315079242552667, 20.493552326971503, 14.95203301500255, 25.08671889570337, 15.642971173152615, 24.020755508151467, 20.281501304417347, 18.52778176979169, 24.774113315401493, 15.148657338385602, 24.080760886634774, 15.572496745766314, 13.003928706326809, 28.906045109022198)",1.7030781626740061
19.451887103899384,20.071397776989336,5.5431523100745155,"(26.219106822150728, 14.363804261884829, 16.80164318598179, 22.41165828994763, 23.13576812620985, 16.27583852988341, 24.220767667874554, 15.541590678433408, 17.813656414889863, 21.126707700140884, 16.62123883835302, 22.65567245342615, 23.25237345309199, 16.194796394139953, 10.193910101352163, 36.92525669260804, 19.93341434472027, 18.878442210081122, 18.453154137223564, 20.409155237393477)",-0.11176143797528519
40.02360044451407,37.29456613870821,7.251171609871175,"(49.12287592349464, 27.31109927238138, 45.803606850427, 29.293569559951248, 27.660353416689787, 48.4965937316586, 45.101516104815154, 29.73492938501554, 36.16172105584983, 37.10415102988304, 41.73256719881329, 32.14376323871652, 30.31237905351189, 44.26942214917964, 32.52002071473764, 41.243691874149086, 30.19105029693268, 44.43562370015262, 37.30673631201364, 35.945651905790854)",0.37635770502118043
105.03949514344744,99.87213568331343,8.803905161079168,"(97.3761270858875, 101.67760833716187, 87.41294395794593, 113.26671648845894, 92.60690234764168, 106.91392231047155, 93.74585575365624, 105.61488571366739, 107.79908360748455, 91.8465996081058, 92.71517894231101, 106.7890657919633, 88.0232655103675, 112.4814198299509, 88.35907208024157, 112.05372056015347, 91.26710073666372, 108.48349066472734, 100.02176971029164, 98.98798462911637)",0.5869394735166141
3.2138495725179665,3.925596561937677,0.6198998495145153,"(4.212301152692952, 3.58924237187719, 3.9965391853340293, 3.711261382377066, 4.636349924495484, 3.2247734396506176, 4.041033528567309, 3.7449692298754473, 3.8159967660623875, 3.9610873444889108, 4.8057963013925455, 3.139332304039834, 3.2132458264132526, 4.6888362865256825, 4.6621059180411715, 3.2092393750772232, 4.926205759360304, 3.0683399310721393, 4.534561818344305, 3.330713393065678)",-1.1481644816934973
6.619093755965922,7.014068812525672,1.2401803971624559,"(5.42647313396519, 8.823447584975538, 7.751761780977579, 6.120863833561115, 9.931363812470039, 4.79548479325337, 8.014530747095131, 5.976954358882038, 6.859306253374431, 6.979529391404209, 6.444268709633729, 7.422295960886137, 5.4812776304928414, 8.720794485558779, 6.706821458151327, 7.103531684265416, 7.112937747715395, 6.730860969689304, 7.484859613969084, 6.394012300192773)",-0.3184819381627511
9.539254865566102,8.998700650520624,0.992537419377226,"(10.927519811072315, 7.334274379363743, 8.144145458037631, 9.791868560845666, 8.488916285810234, 9.413241618547541, 8.418539010733248, 9.522619260138873, 9.571201809671036, 8.373034456278486, 8.141835459665579, 9.837961860628718, 8.668718239558135, 9.236947988915553, 7.4874114283162125, 10.674435934693907, 9.22663598986323, 8.686160906180378, 10.077049703236886, 7.95149484885505)",0.5446184743187342
39.39099026405373,39.99559559009829,0.8090960841098438,"(41.32507108573229, 38.69380908136984, 41.34588954350522, 38.674531172369406, 40.814655594093146, 39.17780527934917, 40.43436548761752, 39.54614172407328, 40.875377950925376, 39.11948899008219, 39.74803603708011, 40.22898204107993, 40.01066137449556, 39.964966184588135, 40.522128151623164, 39.46061235279799, 40.82015504251157, 39.172424350852445, 40.20486611808334, 39.771944239736044)",-0.7472602301737025
20.01917978159335,19.984836443514197,1.8780545744997508,"(18.288200129844075, 21.65718892797748, 19.386107237313617, 20.429486191619457, 21.13511939118949, 18.739128202417845, 16.86423517494373, 23.48583400856809, 19.206552110729756, 20.621549598450077, 17.698655074427354, 22.378067144799527, 20.284278061920986, 19.525654111788057, 20.583321736158055, 19.24151091020255, 20.598018158785024, 19.228666768968544, 23.4678980557854, 16.87725787439485)",0.01828665606711758
7.86604253609014,7.396913564742862,1.5700850571483997,"(9.107665818086746, 5.762330449143904, 9.303784560102853, 5.601132853921246, 9.409098402930441, 5.554595774417225, 7.672568710724145, 6.842621491424864, 9.099177690527117, 5.767188404375802, 6.642233520116383, 7.894857572566764, 5.4361945100804885, 9.641646385668947, 9.398016687371737, 5.562645322513371, 8.359243700815602, 6.277870680215494, 6.371860714536443, 8.233538045317681)",0.29879207448755246
10.764068421893704,10.491758457271313,1.9906743195825762,"(12.210684077559351, 8.716743388198006, 9.349580628636684, 11.359946805340671, 8.447431783845213, 12.583854361993518, 12.571189113090162, 8.467736639221009, 10.041744501960867, 10.59915433315233, 10.33397532615314, 10.297101297037763, 8.682710331299742, 12.2537475024986, 7.207424676407944, 14.750117187747469, 8.14485590594233, 13.068093876626133, 9.277983952166668, 11.471093456548624)",0.1367928253977232
10.698485857422776,14.041719589140328,2.332282346728094,"(11.549093404426989, 16.63450066488705, 10.963140030120107, 17.500873420874974, 11.56076073958823, 16.604259325593713, 13.65223165779534, 14.07285034492102, 15.815751544500966, 12.146596388813581, 16.517562678547304, 11.628580405257571, 13.391463745554006, 14.342326519154636, 10.594634042554947, 18.11936143160404, 14.008114158020064, 13.714720383052835, 11.974942065938814, 16.04262883160039)",-1.4334601196153196
18.17224988703685,18.02838264571947,2.269525731434923,"(19.79407298015874, 16.17683431793605, 14.829395576476317, 21.58296109676173, 15.14367362715771, 21.138034668271615, 17.997420157208932, 17.79193245929609, 16.453941225040996, 19.46025358382786, 14.749686339386033, 21.706800096087758, 17.732681994085375, 18.05538617697165, 18.581691424086973, 17.227299960070255, 18.22229620874935, 17.57248513031973, 21.358715152605065, 14.992090739891205)",0.06339088353336972
17.275436186800658,18.458141241415944,1.5549975841826902,"(19.035165879872732, 17.785375920250562, 16.61453310584062, 20.352141841225013, 18.41610995698304, 18.36783347407065, 20.03599881209223, 16.897307381699633, 18.324738938338744, 18.47355513823263, 17.825883279666563, 18.98540673427651, 18.00580878114856, 18.796320628708642, 14.949005860203611, 22.628729448186437, 19.522344869322392, 17.34244998914297, 18.655717057273094, 18.148397731784286)",-0.7605832103185671
17.995023770189732,18.50293721527517,1.8030982086109288,"(16.94907216396833, 20.031620484316587, 18.796994848110025, 18.020701525586823, 18.160985317480844, 18.664728794693843, 15.433106745825285, 22.00009689711574, 17.256272497314992, 19.672232913719228, 18.04893535234803, 18.798408665154227, 16.194794283519055, 20.9520723792375, 18.71169155899138, 18.116727491230098, 15.607371393204875, 21.755870536399208, 17.669478420845085, 19.217582036442245)",-0.2816892849539934
17.055394872957315,20.123084465978543,5.627772836127443,"(15.205429308569762, 24.7586084352437, 21.1554157317266, 17.721352289509884, 16.875545485346198, 22.240652632089073, 25.51619259352181, 14.75392336107784, 19.38788953381288, 19.41123547423742, 30.070795118561417, 12.501034285824192, 31.771323984083214, 11.834995289628667, 25.09286321395588, 14.959022799970189, 15.759322369987672, 23.893766191698937, 15.96998043579648, 23.582340784929)",-0.5450983332746161
17.243028029145925,20.118726973377637,5.4564221373848945,"(19.692134394294484, 19.205986158607715, 32.67128059295564, 11.560489706817249, 28.064318325441345, 13.463047324289187, 17.96550363780602, 21.051739847227854, 16.33993300715474, 23.14364350643418, 15.054078245828464, 25.110977413601685, 19.492061197112946, 19.395434323418225, 19.855433219123945, 19.02977582004168, 12.782642056587845, 29.58974421016747, 19.864204517981516, 19.042111962660545)",-0.5270301438975451
41.00574446905358,36.917194854277525,4.454445769587669,"(41.81821644057431, 32.139659759953254, 33.26310895665527, 40.431816797842174, 35.79908445250875, 37.555227889183726, 30.862848344159364, 43.54391300211548, 33.282586378270395, 40.38043660002195, 37.13318870458357, 36.19031606257829, 29.48284746209511, 45.58738687865493, 37.174539082718276, 36.16389400902843, 31.959860541393752, 42.053662421347916, 39.44037050339498, 34.080932798470435)",0.9178582086890055
98.99974949794844,99.72847900146404,6.874676002951144,"(109.2536456717339, 90.62421712434966, 93.66639070710703, 105.70556393088718, 104.37516411129282, 94.86014675570574, 102.91355959371576, 96.20716477222594, 102.20049799933265, 96.87843895305747, 94.47039668803369, 104.80556048748107, 94.63887916173674, 104.61903584219262, 102.50763638750712, 96.58832677639126, 114.73217090368293, 86.29685752393755, 104.27263633636477, 94.95329030254494)",-0.10600201423350973
4.1072923315767875,3.901383366834109,0.9486873083652616,"(2.8079222364483942, 5.144478326638218, 2.2529363329337877, 6.196790804000304, 3.9332529281002055, 3.7046263906388295, 4.378960416584467, 3.2461784720082716, 4.218077460653233, 3.4274281350873466, 4.859270722455623, 2.9829475625720585, 3.545216951268145, 4.092225447315758, 4.474955611284277, 3.2347295332187094, 2.87369788023833, 5.047176448485888, 3.4394221600572106, 4.167373516693129)",0.21704618890442665
7.319383683872223,6.980904478874064,1.337448769896157,"(7.974835745967705, 5.916056204500404, 7.8220572942137245, 5.90818666799495, 8.965153154718049, 5.287052208976534, 4.919349572320753, 9.492179600882134, 7.9388029269379095, 5.943180996645703, 7.577271788153244, 6.237406510498355, 6.442139259201425, 7.338226209487407, 7.383434879244098, 6.394905379543674, 5.112517526728707, 9.24779806943505, 7.139744982803428, 6.577790599228012)",0.25307825811110485
7.403436505049175,8.916603749182874,0.8734616270575699,"(8.798279409907229, 8.971140077950722, 7.007527580262667, 11.110874666029845, 9.193965198643102, 8.607496476629686, 9.719557743247668, 8.062243353905249, 8.780496857578456, 8.986578719687575, 9.646136589201713, 8.19014708783072, 9.812077533934099, 8.051138085941336, 8.82838472696393, 8.941994406549384, 8.669383512622193, 9.114935510207223, 7.9900552217841625, 9.849662224780538)",-1.7323797603234221
39.56975453963736,39.994874306298954,0.8327930046749923,"(40.810577233519744, 39.17969067667993, 39.656757973691874, 40.3181822315963, 40.86556488670543, 39.126921519445396, 40.85900814319992, 39.132209822509246, 39.966315398439974, 40.00706790877679, 39.07988904891107, 40.914723031563696, 39.782601500242784, 40.19185364932862, 38.857317398296466, 41.14891922381313, 38.83638594756416, 41.17127803535319, 39.12829565377382, 40.86392684256739)",-0.5104747089314269
19.904785206950425,20.00081974058588,2.11986869679898,"(19.055574156999384, 20.776274946447515, 20.014749413794647, 19.76319950416365, 17.767625994521556, 22.283021914802664, 15.482368211584731, 25.556112085411552, 21.193219244741712, 18.678467680123468, 19.45135426445026, 20.353281954298055, 19.866077129185488, 19.927026077437503, 18.162798278209152, 21.795472122749135, 20.725668067502653, 19.10209833254339, 17.706775435596505, 22.355229997154453)",-0.0453021141264393
5.66767248568835,7.3039480403012895,1.4443215093599773,"(7.301573863125703, 7.056637759757436, 6.336712074581889, 7.9871134257895555, 7.463503798854425, 6.930636866697719, 9.411625520874976, 5.425485473379018, 5.038839370214567, 10.225165067613705, 8.329893616230047, 6.194584766466379, 7.931830579651455, 6.5065094964936145, 6.9364989655030955, 7.432486259994773, 6.2625643380855305, 8.242007471251211, 5.204787574591907, 9.860504516868751)",-1.1329025732906404
9.245007992858179,10.415724618873986,1.7002548231962014,"(7.839354742114579, 13.506991306932594, 10.514212377994022, 10.003199783186696, 11.163580316654595, 9.495546129689123, 11.202137017120378, 9.417175265731466, 9.515939219136824, 11.124179828331412, 10.931429965243458, 9.689909574241804, 12.770295960696156, 8.29367158350567, 12.240870139791431, 8.64975757208932, 13.315682302454267, 7.955709558724147, 11.45103783213924, 9.233811901702483)",-0.6885536273998334
15.113267025771616,13.956848365114489,1.9600370243187963,"(15.804447954730026, 12.110786800176154, 18.285855271261706, 10.403656588886392, 14.129515858099328, 13.555110446133344, 12.004005829388806, 15.885849820616084, 15.03741750855903, 12.721946717007407, 13.351643010621268, 14.337565810646556, 17.172368871375152, 11.14447135629799, 13.254012891578158, 14.436463703683211, 12.630750378951682, 15.157212138986752, 14.77455477697394, 12.939331568316732)",0.5899983756985594
18.521293971750232,18.0217879761251,2.564637225168218,"(17.438623101117756, 18.28759814904515, 20.364407212082252, 15.59584196930356, 19.10115538692679, 16.699628060043995, 16.693598163509165, 19.052201150016945, 16.03903402028688, 19.873460411741146, 13.510391109547538, 23.604396490235196, 14.139533411808852, 22.54769969884188, 20.506081673188284, 15.546078683014324, 17.579651295186437, 18.14160029607755, 17.38390460332315, 18.330874637205138)",0.19476672596155134
18.542908697890965,18.329681519577118,1.2503939011916452,"(17.766325929061367, 18.875316508928584, 20.529972120900798, 16.136971446390213, 18.948087701688806, 17.70888285063823, 16.802452405949047, 19.798429431153696, 16.370837116309573, 20.453265225072624, 19.16450637545177, 17.496782118841846, 17.847606522868556, 18.771552480006758, 17.471302902884563, 19.171699539887378, 18.609653301820597, 18.02151668494143, 17.22874251686315, 19.419727211883345)",0.17052800570335333
20.836700344406058,18.326129470510647,1.8914274942763671,"(20.391879202979357, 16.383698189380723, 19.54242340664042, 16.702781130695325, 20.736053838777245, 16.13060855219574, 16.487113497548627, 19.95507871093499, 18.59647339018898, 17.913498586937752, 17.363846162391333, 19.23778429229115, 16.18894342587714, 20.599876770002894, 22.061415024962017, 15.11016221502195, 19.50632643137028, 17.13036657301911, 17.86504081209009, 18.619219196907828)",1.3273418523800824
16.524013559363105,19.677063228331765,5.338769053279912,"(30.098694758953915, 12.142205151254645, 17.617516068501217, 19.659772444048425, 14.892151160994029, 24.59664503505022, 21.14915079367478, 16.671682441335125, 16.68635643835176, 21.74934386778012, 13.722194788822714, 26.61753828594506, 20.196025252636755, 18.012877887063816, 19.44911781979696, 18.688524465901807, 26.074651042162586, 14.018388667950678, 12.4595510725905, 29.038877123820157)",-0.5905948801122162
20.05626888717216,19.847361534273347,5.030638171199905,"(14.350441987869472, 25.981749660546072, 16.19873434123778, 22.605297583186584, 14.522822858539188, 25.692322913880638, 18.539871684669446, 19.869165240727476, 11.098810761131618, 33.51409487237971, 22.7198754208876, 16.407271726125693, 18.480303282821993, 20.143826492904225, 20.59849090304845, 18.067270867113667, 21.189843106329157, 17.596401627564273, 23.675036776542488, 15.695598577961418)",0.04152700826205195
37.67459044034261,36.91879563589382,4.859466319597181,"(39.79455079708932, 33.731615926991815, 42.56856475040765, 31.37540066772709, 39.743043039115896, 33.77017768814901, 44.208711602398004, 30.251511800152326, 40.97934861205482, 32.726313914897915, 31.226887811535853, 42.97595706518851, 39.150866984861295, 34.25918311731701, 31.961386151389426, 41.96571522822563, 35.18918870382082, 38.13955567227106, 43.59140583676489, 30.76652734751806)",0.15553041316509025
81.41552591043536,99.96929509953077,9.909128028335886,"(99.65888685680594, 99.34784750888934, 95.75696232551321, 103.39464391747933, 89.67145501760595, 110.41292564831159, 108.58898397859589, 91.17674383665506, 114.80289601771632, 86.24231630151925, 97.42432092885359, 101.62644153567133, 113.21547732832099, 87.45156116720892, 105.4892817306585, 93.85665646233873, 114.42110272021286, 86.53027105645398, 111.59821536386282, 88.71891228794158)",-1.8723917115652888
3.5607426312488903,4.047223630138235,1.053323088943914,"(4.915221576636019, 3.1178773991666002, 4.666265003090207, 3.314376320105336, 3.1312849560036167, 4.916279648782571, 4.9241790039820375, 3.1274760394454226, 5.909824817577019, 2.5868147094702616, 3.660589731797399, 4.211887444722814, 4.964673403400221, 3.0750898229644297, 4.804169732844932, 3.201029366514126, 6.077619193267318, 2.541766381470145, 4.051419591021427, 3.7466284605027966)",-0.46185354142108614
6.237774528268447,6.955095189253905,0.9213272947663387,"(7.382717195381421, 6.437287412914453, 6.321043382244765, 7.554834028342502, 6.9604524984364415, 6.844804523798106, 6.065357599539399, 7.855377713486303, 6.800513220041528, 6.980769992235119, 7.7634269515259104, 6.141196947859899, 6.550951965537066, 7.241229221747809, 6.517742412680824, 7.304967898001783, 8.876530186096984, 5.376575584705084, 8.674704371608055, 5.4514206788946415)",-0.7785731140933806
10.112911463575683,9.01228696115251,0.885789439114959,"(7.097842197596781, 11.332728778942244, 8.971286197181577, 8.988036309388681, 10.341900419825675, 7.788228096596651, 8.994933109092647, 8.953841198980731, 8.861306162550347, 9.073701962305353, 9.29437002030428, 8.668495275692718, 8.356033170426524, 9.61844064843417, 9.53230459120168, 8.446303134109568, 9.570752156179456, 8.422480303976768, 9.359417123458133, 8.573338366806173)",1.2425351373830644
39.02883375930221,40.00095499030074,1.0627018844244758,"(40.37226272592041, 39.60644861935573, 40.26155483558097, 39.71534667522153, 41.365516713504746, 38.65551215877525, 39.16194293559476, 40.83048696485475, 40.866860119096245, 39.12728107514696, 40.23754436656929, 39.73907195456495, 41.55852303798026, 38.47605149473405, 41.756958325420314, 38.29306081869802, 40.64155981567332, 39.34399019670014, 38.83867018477052, 41.17045678785241)",-0.9147638159360192
19.660820606667816,19.981460749970363,1.8239411412273305,"(19.36640227615168, 20.454125657453403, 21.565301357143774, 18.369504383553046, 20.46676821485341, 19.355621428528984, 22.230953377848092, 17.818895283846967, 18.86129739782551, 21.003053140448337, 19.359015106852368, 20.462794817612597, 19.647879210528437, 20.161796937442297, 16.016346426189077, 24.732908251457715, 21.210014301884154, 18.677027796789094, 18.80322409735174, 21.066285535646447)",-0.17579522499656364
4.512522846714192,7.4070871497346475,1.704170614627881,"(7.042526325526211, 7.404079743812457, 7.414207843833377, 7.057134843496072, 6.151087911275773, 8.492265388558863, 6.359127557832548, 8.214613522469124, 10.163226637915637, 5.1267407965435225, 7.873381044245175, 6.637854881587831, 5.266002198806328, 9.88907486963946, 10.833646921746768, 4.819400582871872, 5.648774993883418, 9.258705106713972, 7.972528495587558, 6.517363328346982)",-1.6985179055282011
10.702999296498765,10.509253369905437,2.0353421182308455,"(11.532578842465938, 9.250420182540038, 12.373120312419344, 8.63106575076204, 16.372581991839443, 6.519806485478621, 11.177460905969935, 9.549383761274674, 10.51580784563543, 10.1437239028084, 9.40884339681112, 11.346339327415684, 12.17032979423229, 8.763061651617626, 10.692092661638721, 9.981582616105356, 11.431297500071805, 9.340937917738742, 8.617092069355024, 12.367540481928527)",0.0951908403299468
12.897285750626917,14.080662991653426,2.5509810994443263,"(11.254713862980037, 17.082836956472754, 10.900673672789893, 17.6499901909026, 13.275950170012706, 14.48919944097335, 14.051733547455783, 13.68699708329696, 12.412204024555088, 15.491475970419293, 12.76029777110746, 15.074498409708177, 13.53942571898238, 14.199471507637016, 12.100130071827259, 15.893546539376235, 13.90822739907417, 13.832013010848408, 20.74947323631253, 9.260401248336416)",-0.4638910265874887
17.754462511804313,17.925362565584226,1.3796205346173684,"(15.457261507576437, 20.667900689449016, 18.1933535214814, 17.565150006347086, 19.07332377469561, 16.75455817691651, 18.682773838986556, 17.101926253003622, 16.126792167927256, 19.8139460644223, 16.69740538181695, 19.13732857841528, 17.906355378003397, 17.843004608330883, 18.969190099269376, 16.843486527846988, 19.71037109599653, 16.21242846279754, 18.220206284430834, 17.530488893970837)",-0.12387468111099972
17.15086739914611,18.49046590526743,1.6360185797921996,"(21.448348477015887, 15.815382470478353, 16.560876823148487, 20.500958958515184, 17.87625557436202, 18.992466071740182, 19.499519756991308, 17.402409734864747, 19.879266335651558, 17.074937197778063, 18.159881796600256, 18.691801339541506, 19.599023352724803, 17.313920253898694, 20.847050816318603, 16.277042068921265, 16.651164712499426, 20.386820454796005, 18.743410504958632, 18.08878140454356)",-0.8188161935737123
19.447905373164048,18.522880019466058,1.6177668250832333,"(18.69966840951839, 18.201221062252294, 18.620806251255335, 18.31002708459798, 17.722130504178985, 19.23847265969338, 19.04227993125246, 17.886654808696825, 16.553682244947208, 20.587186716921998, 18.481708804855113, 18.440040198961057, 17.70434619321703, 19.237921679490615, 17.308930762399772, 19.676672155716155, 23.121505019400068, 14.741689503457827, 18.683060227546665, 18.199596170962018)",0.5717915210990915
18.124171556823157,19.872622640901017,5.052023604936549,"(13.749868468929874, 26.945293233420365, 19.241722660414514, 19.3217076542783, 15.921679697972598, 23.358729385117382, 18.58451548644453, 19.963229709332516, 23.78592347291873, 15.627304164186219, 16.830496403689647, 22.073071039338725, 23.181563642942212, 16.01389112040501, 13.99405481361153, 26.510111393022775, 26.450945544730494, 14.046911496322418, 12.68022925446824, 29.171204176474237)",-0.3460892546838803
20.329129599118392,19.86711316942285,4.036793901512236,"(21.56622469731272, 17.584400599735933, 24.43545054597103, 15.537608629989977, 15.580810707195038, 24.37039079491771, 22.139913355076956, 17.13666555534275, 18.103411840028038, 20.970678070165455, 19.110759723955987, 19.861691209841144, 17.69158740827028, 21.449563608183738, 14.747943357937288, 25.725364753163866, 24.713824277445624, 15.359447934659293, 27.44744330377203, 13.80908301549209)",0.1144513296857846
37.35396799640163,36.806745431385615,3.59865691144672,"(34.732339194937374, 38.649263277084415, 35.62596697689312, 37.67970218943636, 33.688778505290536, 39.85791801777631, 35.788772165958534, 37.50652455359273, 34.76674952945127, 38.633832450008725, 32.29060048173862, 41.57498409638561, 36.14598927139652, 37.15564473331151, 33.95154431493201, 39.53782497669951, 29.051217403489435, 46.20528604767243, 36.25140898437799, 37.040561457279196)",0.15206299974732004
98.08456265137193,99.89882040977749,9.13161891148975,"(92.61564259814351, 106.90243984391904, 94.79025596002688, 104.44991224896955, 108.81252640874091, 90.9899389216497, 108.10185598657435, 91.58801647154402, 94.49533487458118, 104.77615660639925, 116.81107328095423, 84.75941335328189, 107.05211715627149, 92.48630928239487, 114.1072798809324, 86.7677881518268, 93.87362891892845, 105.46980027972307, 103.03196073263892, 96.09495723804893)",-0.19867865446320718
3.3762183022370023,4.00533087282934,0.6972989670763956,"(3.061657257711846, 5.098348262725395, 4.6036997118570415, 3.3615992792063984, 3.4736081216559933, 4.440400154542192, 4.963259074868633, 3.145530776224219, 3.939236220202273, 3.958689509628447, 3.633990306595675, 4.3228034591426265, 2.901415068190407, 5.383589459353129, 4.028626856563966, 3.856520487994118, 4.3647858071186025, 3.575982705888994, 3.4711256278006934, 4.521749309316131)",-0.9022135415316237
5.550682730890299,7.001221624893137,0.6717511569474544,"(5.968623708119258, 8.147144215948636, 6.793991612609445, 7.123187982929504, 7.6898865656879165, 6.281893534411327, 6.837596311936181, 7.112521585002617, 7.4703904934983925, 6.5055883558786665, 7.383272440538815, 6.610612607574361, 7.02841434109951, 6.921353214117408, 7.676818762042353, 6.317609763411641, 7.105258439793761, 6.843705092006949, 5.808287592601091, 8.39827587865492)",-2.1593396289696343
10.17551520935791,9.064812213940606,1.3591055830107046,"(9.266530080926438, 8.683163112882223, 9.809504428921855, 8.178328505796795, 10.881380638346885, 7.3647522189502155, 11.51110000314093, 6.990572787345091, 10.031047234961324, 8.018285767665436, 7.853028768178428, 10.27110076021382, 10.063248422281696, 7.997690058864206, 10.526758438014348, 7.631004383382068, 10.75934884896327, 7.478422218989771, 9.444513629672633, 8.53646397131468)",0.8172308386496826
39.994595171060574,39.99924970358842,0.9420195680695316,"(39.955870593028784, 40.021568554104654, 39.30530179570825, 40.68371790566092, 41.18817042114285, 38.82389645927466, 40.70641117430089, 39.283686837945645, 41.49487031633836, 38.53713641767105, 40.42532965495175, 39.55730333056371, 41.36070072921243, 38.66226562953427, 40.29846688153114, 39.681162209860204, 38.861175531007255, 41.149001212050514, 39.323438548464416, 40.66551986941655)",-0.00494101469397594
26.398061496583352,20.03832508164391,2.3366151385191283,"(20.255622031228004, 19.56924062423863, 20.177986985845873, 19.641421097989447, 23.815808658375474, 16.640647967011063, 21.764959565165945, 18.21237177924988, 22.703652071209394, 17.458588451023385, 16.231642841656218, 24.42579386820479, 17.833771917434873, 22.227191227711025, 20.088451830474895, 19.730201455556646, 22.19515183840576, 17.85938966135444, 18.46659363122643, 21.468014129515957)",2.7217731795446802
7.518892574593262,7.419285611667506,1.410813580250153,"(5.8475351463267256, 9.10145332105754, 5.2111811926776594, 10.176159480413634, 6.738973773608685, 7.8584349832519065, 6.648944573518, 8.005111021180639, 8.588250979281412, 6.194254475035588, 7.977820501342725, 6.689912744846764, 7.408164367167728, 7.186217658493452, 5.359318586456466, 9.910853226525767, 7.4609767976743155, 7.133168220445718, 6.004485759072321, 8.884495424973096)",0.07060249796297981
10.221591071737434,10.415022608527654,1.2961604525870334,"(12.17768570532056, 8.778481859996639, 11.749425676631617, 9.086670133501528, 12.447927591920664, 8.572861348700213, 10.021035397232872, 10.66814455020279, 9.91427586549037, 10.780642277988598, 8.882220472919407, 12.049082059784917, 9.528725264746926, 11.220137187736524, 9.088393635910341, 11.753782573190161, 11.065980299080664, 9.660454807331845, 11.742789126930802, 9.111736335935618)",-0.14923425290761322
14.251530934952944,14.018474714023478,1.9336998656108801,"(13.763065722092742, 14.027224146405738, 13.985649706634172, 13.788338946837534, 11.829248084845082, 16.29618893301628, 18.1549232675916, 10.634431456443883, 12.558526675693356, 15.369707589367227, 13.282245850064385, 14.552065432836148, 14.085450266094835, 13.707685981503793, 13.720393240557327, 14.06150768413109, 13.009658296526815, 14.84001713131731, 10.781405608259378, 17.92176026025081)",0.12052347164839917
17.780769145932428,18.165997869943645,3.0903966540978685,"(17.533874168988596, 18.320891030918563, 17.710522170512185, 18.12452528890149, 19.976205665935364, 16.065857003444393, 19.00631437764242, 16.90233561687427, 25.01451147153619, 12.8400648724082, 16.733642091346834, 19.214893148261382, 17.99471387288896, 17.85320660492006, 12.880309850922265, 24.928853709444095, 19.535294323333176, 16.444619473280095, 15.495401389901987, 20.743921267412347)",-0.12465348857416192
15.861113886447205,18.62578247135595,2.1198203187018123,"(21.61970418380756, 15.853504823504009, 17.53450110327645, 19.502916819691247, 16.466933953235408, 20.756012840053177, 15.202329989190984, 22.5490250509476, 18.315247755776916, 18.705189699977474, 22.565691116749246, 15.232371815509271, 18.14030457136395, 18.899175173793488, 18.4919550694869, 18.50980208733623, 17.36130654671624, 19.744906960088322, 18.300032251634022, 18.76473761498044)",-1.3041994930031813
19.802720188136167,18.75857664357491,2.4160032694333715,"(24.038399337087277, 14.414667338469515, 18.10359841708083, 19.05667786747065, 16.650741171906756, 20.69770196131425, 21.642456228681034, 16.014938111955086, 16.26887892746864, 21.27970452959706, 18.19995131970877, 19.14431565283652, 21.751363134409754, 15.938263211167031, 20.070175694595278, 17.219390867863936, 17.661200864336426, 19.625053377100187, 20.04136427647677, 17.35269058197243)",0.4321780345960139
18.031985059769006,20.347557550423687,4.571351392527755,"(22.890963808340093, 17.26879621053202, 13.275906880179663, 29.48578532550994, 18.712123201879276, 20.873923483813996, 19.160522527813786, 20.644880992640488, 23.387616396448248, 16.86700947153662, 30.282030528123638, 13.223797078490243, 20.23141232235086, 19.561639296012796, 19.966318586941114, 19.68170905877769, 21.025411406504848, 18.81455497642447, 26.625111456158844, 14.971637999995082)",-0.5065400341876304
24.557510041377952,19.93034601437768,3.9469057212944945,"(19.512752176768274, 19.626381817315046, 22.183769943616127, 17.207033354630966, 15.234750858352353, 25.037229747303517, 18.02009788180974, 21.256839717849708, 17.849424682197363, 21.440508173221716, 17.713503534352537, 21.71288410633964, 17.89611023157825, 21.40759674195995, 19.062562225005205, 20.050359827047345, 27.90760121229966, 13.725833954790302, 28.090370224192075, 13.671309876923852)",1.1723523067793646
33.63308650051444,37.1040121819518,4.6573563121267645,"(31.624690681188177, 42.88768201622793, 36.494495587431864, 37.130989975468566, 36.39236837411789, 37.23293890028175, 29.5875665609574, 45.845331388722975, 33.19465863445214, 40.84874065032732, 40.97262452038729, 33.15820692608859, 35.5480349892328, 38.15986198403276, 35.363005759822244, 38.3325663681403, 37.84465323451702, 35.84441059967806, 29.32916149400613, 46.2882549939546)",-0.7452566324804939
122.1805709934827,99.71876846941473,6.713005852060171,"(92.50207713075066, 107.03775827451933, 95.54770240091393, 103.62562209261463, 85.91988231375969, 115.23748340936893, 99.50260487289685, 99.50712946271697, 102.391785191571, 96.69923062403619, 90.76606713500269, 109.08557867603977, 99.12731230618246, 99.88387090814858, 97.48386229534668, 101.56757818143468, 104.60416204931263, 94.65417679096164, 104.31173446816705, 94.91975080455006)",3.3460126535082075
1.9289106641382183,4.02275528798173,1.0216933998330593,"(5.035844427958744, 3.0395538481715905, 5.55469153535787, 2.683767937709044, 4.364105585637356, 3.497886193621621, 2.934040823290555, 5.185315274034317, 4.492819118549922, 3.40125081102413, 3.739445410936496, 4.087040645869926, 5.4244268155365, 2.799028739053307, 6.046741799260555, 2.526741700674634, 4.122509457398995, 3.701451833749023, 3.6405878282575395, 4.177855973542489)",-2.0493864638703134
8.992117387323708,6.975099883743063,0.8312651722441814,"(6.53219579963041, 7.371077642053082, 6.104877754870009, 7.768723722155857, 7.390775748250908, 6.505312573228703, 6.517593560340434, 7.364379815022422, 7.887209044053016, 6.099101256018455, 8.290908612957447, 5.802882496061805, 6.176878263673711, 7.761834850521384, 7.960525105411222, 6.042278099254097, 6.0693110630642755, 7.920613021091208, 6.220109786986021, 7.715409460216773)",2.426442934130473
9.419218552322999,8.997543603963422,0.9786974276174122,"(8.635434376040308, 9.287022392398217, 10.583280299376682, 7.508577418107551, 9.17050468475202, 8.738094444151564, 9.522433780167392, 8.407982651400552, 11.01311351864917, 7.278094639745779, 8.343181889448363, 9.608326886209525, 7.745121882543078, 10.330577610786513, 8.523625718388796, 9.40311678768566, 9.254618352573972, 8.658485866269212, 8.339244231126639, 9.600034649447473)",0.43085323048832636
40.02671204769026,40.00319443306366,1.1247583852966898,"(38.670573538387266, 41.35073142417314, 39.691608997581625, 40.2862097328432, 40.01961551677641, 39.95681656837808, 40.492869242248055, 39.48993813711488, 39.04121197103728, 40.95816653752121, 40.46451813894102, 39.517526656497175, 40.137509374403635, 39.83953929977283, 39.70957856887067, 40.26874331382117, 37.84265656469475, 42.25545744152771, 41.97588806404278, 38.09472957264024)",0.02090903693987133
19.815974370544243,20.050621709150874,2.505944770662343,"(16.39434021016891, 24.163448725911586, 18.927779597834352, 20.918503490681644, 20.104011161370533, 19.704348519488104, 18.810462274694775, 21.05981463576863, 24.955486201706382, 15.873782207340902, 17.73409526497015, 22.33800470674319, 19.669464366575983, 20.139583864181873, 16.84562624667201, 23.515432012145673, 19.067303989167595, 20.77614196372039, 22.045690781344682, 17.969113962530173)",-0.09363627696575777
6.6094759950005795,7.684136844988072,2.8637492335375967,"(4.076779489930937, 12.80818930750597, 6.715259664309373, 7.683746573769822, 5.838383857170858, 8.93347198478128, 8.491199707172324, 6.1344854884364635, 15.265234110094452, 3.418120097289539, 9.785692051590932, 5.33269842407468, 8.619653256833507, 6.037722995142531, 5.327211185787099, 9.793855743278908, 5.765942449573739, 9.044821493672401, 6.172830164358347, 8.437438854988297)",-0.37526360108701323
10.01458175464922,10.64377250500399,2.767381313905323,"(6.934669706676272, 15.330043961797845, 10.221085925642967, 10.356344714191364, 11.811424327852684, 8.997369166939034, 15.742539260472133, 6.7483953413547, 12.52738677411189, 8.48407965970708, 7.537922705569539, 14.100803697115138, 7.568766284572433, 14.032029543125555, 8.329449991265113, 12.759440315583777, 9.961636346415737, 10.668256602417761, 9.136211826985761, 11.627593948283016)",-0.22735961509650393
11.111071124670781,13.97946459776584,1.822543526807585,"(11.957332461991452, 16.09051164056414, 16.90979839867556, 11.33562358171767, 12.009561440279324, 16.016814862339878, 15.124692450389947, 12.716573823084854, 13.339884740303082, 14.420403190678034, 16.84869662724751, 11.418305080616438, 15.98802612367759, 12.027126788648543, 14.957598952457756, 12.860050925385188, 14.766433954124508, 13.027445358466265, 14.614395095616171, 13.16001645905293)",-1.5738408608102834
15.48331906524769,17.968424321933767,1.6082805613370577,"(17.10403796692044, 18.73951354269002, 18.79618193671953, 17.01097903491526, 19.225492582083408, 16.669910620356728, 16.920762593306822, 18.94143437315141, 21.47186400400938, 14.926263043293988, 19.387144991757697, 16.532482876456097, 15.947317537254138, 20.09504890379409, 19.551962119383266, 16.39097693348369, 18.321461923739424, 17.49396902528571, 17.10558277803498, 18.736099652039247)",-1.5451938650679606
17.716471421858557,18.518102148342077,2.0473255713496203,"(21.25930790297942, 15.958249598232461, 16.876949989956927, 19.957279393284935, 18.479965496645512, 18.352784886222558, 20.679443361400693, 16.40385183605464, 20.9051849316782, 16.224723943157965, 20.973109198873686, 16.175672040166422, 18.507199505308982, 18.322318465604397, 21.93448452696542, 15.460536903972136, 17.13546213042291, 19.79814137730569, 16.969800564024613, 19.987576914583908)",-0.3915501948989362
18.95753050775881,18.60736456558227,2.151378899418128,"(18.18396227055402, 18.834601735671445, 18.369814554370688, 18.39031786029037, 20.266605136728707, 16.889383296473227, 20.823736520347598, 16.44322568538601, 20.054271685785398, 17.070323795485635, 22.18746582237306, 15.435420418552058, 18.518924269356628, 18.4764789836218, 23.535601850596237, 14.540311470319526, 19.0230148549984, 18.002643337170117, 19.887141997950224, 17.214045765614213)",0.16276349194986026
19.09735103350659,19.814246717880067,3.365871179661976,"(25.140125140759498, 15.252198042218438, 19.179346529265768, 19.369783168529988, 21.320174598060216, 17.96320292697763, 24.970190813738036, 15.354845474694361, 18.901894201262074, 20.266501195881265, 18.580599901584904, 20.637045649412784, 16.004497839228673, 23.918471735157645, 21.443216429987412, 17.84921981715248, 16.07853795920234, 23.84975659505397, 24.67397680918048, 15.531349530253369)",-0.21298963807803
14.750686649641723,19.942707864788858,4.394715334775701,"(24.983287189066132, 15.213067531433007, 16.134898107246634, 23.30927063347003, 16.165712369778028, 23.501617198083682, 18.006620222016657, 21.10702751117861, 21.814419877220377, 17.41747156531166, 16.264734879077587, 23.368067999158594, 25.158206386535042, 15.099060843486413, 26.14139983340236, 14.530301791862033, 13.795450502918928, 27.55132841461993, 22.088896880429733, 17.203317559481675)",-1.1814237828016514
39.60412796458993,37.0297004473137,4.8929481367388865,"(33.130938907779225, 40.71318612660387, 30.460599681057865, 44.15789802708945, 43.57230799960333, 30.95654400863472, 39.6600939937309, 34.0227875814203, 35.379837562902615, 38.12489349782792, 43.92107125448309, 30.714065502509005, 29.63989490164395, 45.52042563263548, 34.84680049778315, 38.70272719906947, 37.80227823988881, 35.68871373409184, 34.73767155666942, 38.841273040849465)",0.5261505835195842
98.9343159929816,99.72041226669775,6.741820226794118,"(90.02543771895937, 109.9810170618107, 94.1913145900505, 105.11598723709704, 102.43157871027653, 96.66052393150404, 109.29100065326989, 90.59395222415898, 102.00801715106874, 97.06188084338557, 97.43437606194965, 101.61806780511876, 111.5757027298984, 88.73887020323612, 98.22552382933351, 100.79951698945146, 107.77823973349626, 91.86545020950875, 100.07282547760988, 98.93896217277074)",-0.11660000523181559
4.6940333336748825,4.097274947035752,1.2468812276046355,"(3.2945320443541526, 4.633209953594384, 4.699943548095127, 3.24921485508407, 5.472507413407528, 2.8082620383846715, 6.094695988277711, 2.5910817674682405, 4.3083178150117, 3.5856970645899433, 2.382296158002341, 6.432112270859701, 3.7934066041258268, 4.040478201865193, 4.723930975658178, 3.241898044184817, 2.6373430210136304, 5.832387651490428, 2.9107692552100577, 5.2134142700373305)",0.4786008269492951
6.089016950892699,6.9893614682657175,1.297257718567854,"(8.94096285079016, 5.270515274334996, 7.660703760871724, 6.1526002468561165, 10.067069249680063, 4.697919433238688, 6.510122534626325, 7.376960163753291, 6.775622418858697, 7.001108456414336, 7.879664098218934, 5.992535851720282, 5.516007158365165, 8.561734653529692, 6.278442893351327, 7.518267407427348, 6.786772280174075, 6.9725493639607885, 6.0070289232034515, 7.820642345938863)",-0.6940367395670466
8.658008288921538,8.969724866965448,0.6718575419744583,"(9.011017695197125, 8.85933064041727, 9.660821605096505, 8.264263759361933, 9.138414876702944, 8.756328514535655, 7.935418160865401, 10.193444157319028, 8.633724749526051, 9.288625785774547, 7.944850863080797, 10.061159179495872, 9.486705321652732, 8.426969640223476, 8.525349386413161, 9.373612961328542, 8.174817687184795, 9.792983887732403, 9.290459576683247, 8.576198890717476)",-0.4639623113075964
39.01331372168099,39.996493387079546,0.8476487513093328,"(39.35605153935107, 40.6297440347773, 40.01973811156433, 39.95588733152116, 39.526449348242636, 40.4546703551758, 38.90160805579677, 41.10623639071117, 39.66224518553782, 40.31664674653372, 40.74424840212744, 39.245469264395645, 40.401284924899784, 39.578634649279586, 40.69896623384911, 39.289066048939134, 41.5724002350387, 38.46390381347635, 38.890891601290164, 41.115725469083294)",-1.1598904190914887
19.115957615381422,20.12682691184589,3.087875546227158,"(23.57026724853108, 16.804128503335242, 15.719168173488205, 25.196773520313272, 18.257011647475693, 21.696444982065607, 22.816919294506683, 17.374790433239003, 18.131701599105515, 21.85090258705154, 18.098454595784833, 21.88547093777654, 22.04036520256864, 17.97143336761577, 19.074061667357565, 20.765463099167977, 18.155032277420872, 21.81977709596877, 15.128291289658177, 26.180080714486692)",-0.3273672404639402
6.925793414546178,7.55763107688519,2.388858406041562,"(10.015541556637835, 5.184679900195262, 9.033349223072053, 5.7493498944875965, 9.439835637423307, 5.517151607518842, 9.09065377939745, 5.802051575030223, 6.141488852802551, 8.501402088741397, 5.265817903964447, 9.877520733776553, 7.780213628314383, 6.686201489482399, 5.430263345525817, 9.575657920591155, 13.895783907310529, 3.749762536502435, 6.811833418163647, 7.6040625387659295)",-0.26449355924196166
7.9735804979789195,10.561516602868124,2.323104964079301,"(10.833446755331847, 9.830526548751052, 8.649137057867444, 12.313546856432739, 10.15907001639325, 10.49361626339065, 14.458327297720583, 7.410117578550666, 11.443535510696496, 9.325509932051723, 6.621119998789293, 16.093364161173724, 10.7289106743255, 9.932268414460623, 8.798838885353954, 12.108676669834622, 8.546869787201828, 12.475973875497202, 8.524808027233847, 12.482667746305433)",-1.1139987839141234
14.952475833753596,13.929462806343516,1.3658829007298754,"(13.996843002860109, 13.723017836407715, 13.716562714249676, 14.003152340292191, 15.938840728452693, 12.060418320610118, 12.631909300423223, 15.292731947013236, 13.35062768956, 14.41457681165033, 14.267391065019106, 13.468129900863158, 11.46770329832771, 16.757230769948386, 13.466029545266755, 14.267497831315263, 12.063083666333943, 15.940124990108497, 13.026584453140806, 14.736799915027433)",0.748975645616049
18.491566584838623,17.981681329960423,1.744237620732548,"(17.50861608296272, 18.29134375640537, 20.55079411257756, 15.582875586288523, 17.700754503325847, 18.100806506141573, 14.926829770882055, 21.543844587463013, 20.889603260429574, 15.351460594875311, 17.37779682052948, 18.43285301432078, 17.75920773720097, 18.03777151167639, 18.39684966629254, 17.409635076345303, 19.58033848781303, 16.367800736351573, 18.73438288127312, 17.090061906053748)",0.2923255689577757
14.969963388882153,18.53784038609402,1.6733926462382314,"(19.172914695804675, 17.749478338763492, 15.118924665804167, 22.505266298244088, 16.82881649902177, 20.247978439591787, 17.874989071826942, 19.276357264205906, 17.813688638628893, 19.180871417517494, 16.478116519562693, 20.664537636785674, 18.51319234058104, 18.395403994022534, 17.252731511362946, 19.729230283819813, 17.65119256117839, 19.32116844790236, 17.126959089328285, 19.854990007927505)",-2.132121833589037
19.290695370932063,18.555529731377213,2.229624755415312,"(17.756318109755835, 19.05482432761546, 20.238554638564825, 16.712813815093043, 18.156318443542357, 18.6807954830624, 14.76942174735106, 23.452979289987326, 17.229903695506287, 19.787075747782954, 19.1423863468879, 17.695172097706113, 22.0770824813938, 15.346797433087756, 19.52507642906744, 17.335891734629364, 16.357294425658925, 20.768900304389167, 20.70510316602368, 16.317884910438558)",0.32972617377398605
44.79686196192826,20.117922008153215,4.67339576965343,"(23.822849081797095, 16.00038634693898, 15.8218896900197, 24.072807423328328, 16.05965947631995, 23.8668329740397, 13.241866851966712, 30.43502522377732, 20.256741733855307, 19.158691589215948, 15.916166083274646, 24.009307370277078, 15.043568493698633, 25.41684364293934, 19.3685945734934, 19.69537427804862, 25.376960261582983, 15.164091096077945, 16.261374395367383, 23.369409577045193)",5.280729724203346
24.743143810100438,20.085142130790242,5.356165883971136,"(13.115760445078777, 28.729671849594627, 19.3347658276374, 19.4836123834671, 33.051322263006995, 11.421569927735668, 18.04338021699791, 21.27443075475807, 29.567323422659815, 12.82060634329144, 21.899493706280577, 17.220570971574013, 18.073251833080374, 20.870346754802405, 20.23741799682041, 18.624030680046992, 17.379989069236895, 21.749253020606645, 19.591836601847533, 19.214208547281142)",0.8696522438279467
30.60361937021194,37.05570448177388,5.175480423960704,"(32.71073801321288, 41.16532521449999, 30.03816389176656, 44.81988314461163, 43.18834027254891, 31.187828151490407, 43.59030636242052, 31.084776918003627, 43.862328344377715, 30.759115362544584, 32.90650311309368, 40.924001212105075, 31.02818662273949, 43.40349779640276, 39.28444109115287, 34.27176038171255, 38.36546664947866, 35.13015168068147, 36.86276140212671, 36.53051401050745)",-1.2466639969675068
90.44275568489148,99.86580921434985,8.724775179024878,"(92.90810984599898, 106.56949056866529, 93.46577879712966, 105.93356672095871, 86.77693183073534, 114.09915702308584, 95.49696627792042, 103.68244933521007, 90.99602783027633, 108.80945164161439, 93.0144604784475, 106.44764384338113, 104.36036032140288, 94.87482867797645, 103.69282470372586, 95.48551214199486, 84.51375466283642, 117.15484628762472, 97.94889263791956, 101.08513066009287)",-1.08003396489943
3.116426847590941,4.084184713994133,0.8705100142100114,"(3.6046722898360257, 4.435805892186655, 3.757431891676576, 4.362390775348498, 4.073223233667308, 3.9688838851607517, 4.630956442287378, 3.431937697334177, 3.5327581277954674, 4.485677014602154, 3.7643179400984215, 4.210893251796071, 6.072177601640448, 2.6182650637963594, 5.218633910926032, 3.048237223160537, 3.817974706908268, 4.179021195192982, 5.6409404966047, 2.8294956398638273)",-1.1117136513144341
7.2627080377359725,7.1133276293525185,1.1428844919189958,"(6.059924527803575, 8.150661753211947, 9.629391110486289, 5.20998096251937, 7.191206958283694, 6.915740994525829, 6.687379329324236, 7.357572412320334, 8.383172525640301, 5.859163787855634, 5.488593014045347, 8.950969135909626, 7.081002681602991, 6.951390040470936, 6.896044820949157, 7.139743996318162, 6.63312063983214, 7.436942180254214, 8.301154881766974, 5.943396833929608)",0.13070472951525677
7.21651719519578,9.062183189958647,0.8315611203618829,"(8.914184234151863, 9.139895400628, 8.316691878393517, 9.890031624963274, 8.747646531347376, 9.352628686404973, 9.686327347951007, 8.391394776883141, 10.387944321393869, 7.817137726695346, 9.589927532509062, 8.468859245004996, 10.949310790308592, 7.42638251691506, 8.988780250770496, 9.046986804094201, 8.781553449173476, 9.271431685589105, 8.517782827826434, 9.558766168169143)",-2.2195193468877683
40.080656604323316,40.008777877152625,1.2937150075494055,"(39.13158731702369, 40.865053009286385, 40.06792680311428, 39.911780061683615, 36.80011396026142, 43.45479005630686, 40.900564361207806, 39.0971086814544, 40.18514374200429, 39.79317540859505, 38.855486046162575, 41.15497093041145, 39.90772530220316, 40.070116968929476, 41.18658775490859, 38.82581648495613, 40.10478584193351, 39.87338214791663, 40.679470897612624, 39.30997176708041)",0.05555993920704872
20.394485023266547,20.03029329273842,2.235023384923363,"(17.613370623139307, 22.51156684105662, 19.951927238399637, 19.8872977472957, 19.004509257044933, 20.8698994075445, 15.87331951964518, 24.974278305912847, 19.013291548182462, 20.849383391443503, 22.412020578666763, 17.687952177292164, 17.918600455880274, 22.125897952397914, 18.274648069123145, 21.69423135330808, 19.60684027051947, 20.2222819000081, 17.646668158603106, 22.46788105930468)",0.16294761521728537
8.388210677412108,7.503767457171626,1.5903285345705922,"(7.204144033808671, 7.4882773151385695, 9.1541921035428, 5.952553483187595, 5.086835449442634, 10.65204421037115, 6.239554410582543, 8.624526246225827, 8.830888414440071, 6.087066576816888, 9.439097177454567, 5.695594109887018, 6.602416579503222, 8.152777583743788, 9.142830814152617, 5.888430765372314, 6.310633874966368, 8.541651614254663, 8.976204390714173, 6.005629989827022)",0.5561386851926745
10.302012060726849,10.465327036928649,1.5013475247319052,"(9.675132813555319, 11.100245117693822, 8.99726817745027, 11.984467709176561, 9.754874963810838, 11.028665749838337, 12.837149987578362, 8.357596571279295, 12.878813981000677, 8.327471148683735, 10.48810709318061, 10.226373760202263, 12.01869007968691, 8.928693186968347, 11.228515616353505, 9.557161975879415, 8.716963191998028, 12.317027198737563, 11.731062336846039, 9.152260078653065)",-0.10877892926953277
13.627816138545374,14.069476947245159,2.0482105269907427,"(12.723699867304976, 15.24814739466272, 13.412142095436854, 14.52514267823316, 11.424425292727427, 17.012040602149618, 14.792532503957656, 13.10138881054427, 16.884819542222868, 11.474748898289562, 12.372444844470769, 15.661118005934725, 18.374342591437806, 10.551497152052677, 14.277890122618894, 13.578006940458264, 12.292396256154905, 15.779772307312237, 14.781273017838329, 13.121710021095408)",-0.21563252550443573
18.856190283253213,18.05816288937835,2.119457429304857,"(18.689289315171397, 17.222196776686623, 22.80937021230226, 14.156549684593283, 17.631532022494152, 18.27970911300728, 19.06662393040085, 16.866513137493566, 19.58925521010033, 16.414302110705826, 20.035702671707924, 16.049822273956913, 18.844603961581548, 17.072239334596834, 21.36594911258138, 15.056082909118317, 19.84564096483877, 16.216717437156863, 16.82376841275766, 19.127389196315182)",0.37652437970249736
15.339579723051331,18.59444986218341,1.414712472695575,"(18.06235280163234, 19.035578626655965, 19.709010962147946, 17.62010952580626, 20.67849898604156, 16.696243094072123, 15.834882907895706, 21.653424048288073, 18.469912148390364, 18.556972581795236, 17.96487571357364, 19.0834381582578, 16.641560144645673, 20.631121023724017, 19.385655502261393, 17.704852483792497, 18.722807232161127, 18.35737140710873, 18.94535989945978, 18.134969995958)",-2.3007290894454973
18.23138522117435,18.778577732919626,2.028064770746852,"(17.745265380851563, 19.649505469973892, 21.37879715087134, 16.63506077735512, 21.150700574721018, 16.62124882071313, 16.951727056801214, 20.45714824508139, 18.769300092648024, 18.462098210997834, 19.481498777568458, 17.796014556085225, 21.921669273308787, 15.861033575750943, 22.501073752744272, 15.44234641775457, 17.885686307004914, 19.481249795198515, 19.758911492388016, 17.621218930574358)",-0.2698101755121795
23.395726189321973,20.44141790152287,4.424451598744529,"(19.300959013994795, 20.705074352932037, 17.737138051990367, 23.568769633095474, 15.543267480413107, 26.192052226211395, 30.996524483524663, 12.730624028260715, 16.451655761999902, 23.95205706070978, 22.980480613980557, 17.16720259124815, 18.440251528832473, 21.538045981033914, 23.175435955725007, 17.107831356152946, 19.827139759597387, 20.125948705925012, 25.925229510476917, 15.36266993435273)",0.6677230436055424
20.818592158352043,20.113588864168243,4.702342244834892,"(18.561863334280602, 20.683445354592244, 25.905198088367023, 15.038997682516127, 17.13737277513188, 22.538586351744353, 22.888005795644116, 16.70551757442834, 24.658937202414407, 15.498041073670375, 29.45178638433128, 12.980829944071106, 23.53473418624523, 16.279739091054513, 26.459612274063424, 14.472416334995824, 24.843626383879723, 15.445872772357374, 20.23001968581939, 18.957174993757533)",0.1499259852806725
39.17208401613798,37.015290742702106,4.358707481965361,"(35.7053338774627, 37.8679360541789, 36.665004196561675, 37.08443314350637, 43.9123457065463, 30.859228555205014, 34.57498261235491, 39.0398041709797, 39.255527417056626, 34.38629617415088, 39.61496683472536, 34.07970248514925, 45.20489158208493, 29.892115538687978, 42.33538036924845, 31.9071253089595, 39.453852397147436, 34.26719161306673, 32.107229136815654, 42.09246768015362)",0.4948240464311603
95.54925297053695,100.33610751573983,13.277456655850992,"(100.68063276131157, 98.34260199295667, 104.4586163538741, 94.78751024980036, 119.75237096785544, 82.68115354611074, 91.20675687350844, 108.55709214516159, 89.07442582355372, 111.15586253369926, 120.69180532992378, 82.03663612450438, 98.36227025929243, 100.66032921927678, 83.47370230339351, 118.61419149499342, 81.13295636920549, 122.0366479701347, 98.65968852474388, 100.35689947149609)",-0.360524961163661
3.1558256814368595,3.884648826498056,0.9597043710495416,"(5.145337312203098, 2.7872660324006273, 2.729229462803567, 5.106445720678508, 4.7816776145276885, 2.9923585712960046, 4.256716384386508, 3.3751136440511607, 3.4717040126448784, 4.111958978907002, 3.0928082831987127, 4.629889358303033, 3.401573814954043, 4.19592877572508, 2.3577246792163713, 5.983275734680365, 3.2720886719549944, 4.3649450423240985, 4.4485849190943085, 3.188349516611066)",-0.7594246385104496
7.240555916018004,6.895438629096195,0.8835740278623034,"(7.958283130472802, 5.913063672925806, 7.2588431225096155, 6.357759864084385, 5.844661662196691, 8.035592314773146, 6.466251646016428, 7.284072383065113, 9.227905776915488, 5.0842109005726455, 7.3379235071618885, 6.4045198878395775, 7.011580915547426, 6.690624229758014, 7.114283929155058, 6.5426947679083245, 7.140063837479693, 6.569014704751241, 6.93030450212544, 6.737117826665099)",0.3905923850622648
9.752104501646077,8.994522210853091,1.3435721614778646,"(10.028988900938943, 7.923381479222284, 7.072202026452293, 11.09756236923693, 8.364540336216004, 9.485927572704895, 8.792832880486245, 9.040984574763932, 9.38409472188507, 8.4523546996984, 8.633628998365133, 9.194804940284705, 9.948488841801792, 7.972478616579755, 7.096018449048872, 11.122699807088967, 9.585766209288044, 8.270031144437487, 6.802603410290748, 11.621054238271348)",0.5638567934897382
40.58913388259789,40.00409757161174,1.2090330103535987,"(40.63338096842925, 39.35090300936048, 38.74827983413678, 41.263437276188746, 39.71932841553955, 40.25611896907858, 38.71818155161368, 41.29737014412176, 42.42245664207203, 37.69117141293792, 39.43580239847853, 40.5456725822659, 38.93773672631084, 41.06434682566888, 40.28017430972512, 39.69512439042627, 39.5870002386684, 40.39051832001173, 41.71743444296423, 38.32751297423587)",0.4838877896436034
21.12379256008906,20.043382506201663,2.534595746814588,"(18.081477514878536, 21.890155051222802, 20.299554852982343, 19.478394773998648, 22.134792224356502, 17.878372048768135, 25.499622139855422, 15.52193943043253, 17.812417756516396, 22.21804297357451, 16.868321944668587, 23.461690127810858, 22.491461392591805, 17.595972483448794, 17.75521092171667, 22.281371107157423, 19.08671612510821, 20.731666910869357, 19.936747448132362, 19.843722895943298)",0.426265235884353
7.453422307444603,7.375171563321998,1.6307891036617939,"(8.539121450045194, 6.114883319590171, 7.136806813524184, 7.207284822455929, 7.191977600906241, 7.248957913516438, 7.779227959754149, 6.716700248531084, 6.923842062145915, 7.524076284037857, 7.28032596272189, 7.164683022415892, 4.419656376481319, 11.786344215550574, 5.0863349843044245, 10.180059504121983, 6.401214176416102, 8.136061067893774, 8.701434927923762, 5.964438554103063)",0.047983362132417884
8.075474473742831,10.484798190513331,2.084155858139732,"(10.714731105240196, 9.897356542425628, 9.160537312439184, 11.504111827373315, 8.964179555478994, 11.820273817225106, 8.901093113204462, 11.915751040499297, 11.418983416229983, 9.278588557604037, 13.869623102658407, 7.641774781190285, 9.502871331724982, 11.149320147441252, 7.89574652733997, 13.385894059946809, 12.61564279781207, 8.395072974170414, 7.43024737145343, 14.234164428808786)",-1.1560189739941065
13.9939266263589,13.994042319809623,2.282317844687525,"(12.284454261926658, 15.569241806430293, 13.380393346865077, 14.203828533707117, 10.823020598239436, 17.653901370861956, 14.651644846591807, 13.054338936270076, 11.033960469235792, 17.319127967646363, 12.258968408456163, 15.591323301002944, 14.622661279070856, 13.068760972798268, 12.118962082979266, 15.730889672965882, 10.974040411264482, 17.402071840160012, 16.759435499103446, 11.379820790616607)",-5.0691208935300925e-05
16.457719042450826,17.911119530625484,1.3236122568462552,"(16.191844759880695, 19.735490364567283, 18.956017454810908, 16.779416399345052, 18.899812666724568, 16.894099978263572, 16.477137856858842, 19.39343856857576, 19.703567620195873, 16.208657120902977, 19.182646853000293, 16.64968978862485, 16.63060496524457, 19.204021714705277, 18.53008462384203, 17.205733778780377, 17.922443888154405, 17.80838790315213, 19.480690328570496, 16.36860397830965)",-1.0980560814974976
18.696199833184856,18.466599244830366,2.7557766091140374,"(17.31582484748605, 19.362022660885962, 23.461826000914865, 14.0945673755502, 18.06734169975001, 18.51194691965065, 19.613506499698232, 17.092751970903, 18.347252086591325, 18.24229741281642, 25.539111764331256, 13.107047918057717, 18.720317810068657, 17.879826269628385, 21.08846956638677, 15.791228468381862, 18.822909624019672, 17.748131808702286, 17.647184544564237, 18.878419648219676)",0.08331611045508693
16.84335539682688,18.300632919639863,2.0054041166510803,"(20.55703353345878, 16.224473372562546, 16.35869749207693, 19.858207224586412, 16.92370594733635, 19.61702448362503, 17.79868695739617, 18.736703821637875, 20.31239715653672, 16.366151653039427, 18.94482290592785, 17.55231101655024, 17.973444559618223, 18.49804021296704, 20.90257998402375, 15.751326488044175, 22.672250284009507, 14.61047959770799, 19.12667614808972, 17.227645553602546)",-0.7266752425174835
15.23903580563536,19.508945295642132,5.444145599394053,"(10.999931798140617, 32.748622557173576, 16.267371826909425, 20.803853578205654, 26.40187900741589, 13.493797475089803, 22.148900561382877, 16.2581556772806, 25.832584191992748, 13.838216459364457, 19.95227482209383, 17.924899879657467, 13.603013483313672, 26.287139362734052, 14.798408754996425, 23.612939342685657, 19.096035061249193, 18.557145633119756, 17.168803360383425, 20.38493307965342)",-0.7843121408218808
18.793180463362717,19.88612690652552,5.32127976683161,"(21.424595496154495, 17.349958834364738, 20.221910911046724, 18.00471910999866, 12.222755127207035, 30.29996295448337, 26.373295801508476, 14.092645061715931, 20.992852624369647, 17.66175109883227, 24.198269419891155, 15.324469837261033, 22.337668295003507, 16.60011488495606, 25.514548543521787, 14.422428278078225, 20.00768496454467, 18.477601038593146, 12.326094477576083, 29.869211371403377)",-0.20539165220654482
29.84601008002786,36.85972816560423,5.05501979745997,"(35.67091844020865, 37.47868872204452, 45.04416319130518, 29.490419553928398, 35.86024539241541, 37.23461011897425, 42.209580096849564, 31.669779753594227, 31.695255712529143, 42.149482536094666, 32.22873330575243, 41.4486500352331, 29.88857158373648, 44.699743209442374, 36.77363347540905, 36.24722683271055, 37.7890426270557, 35.31388750221845, 30.269784141157306, 44.032147081425094)",-1.3874758886405554
74.2234236149719,99.93348349964681,9.546917065996062,"(92.58922845666449, 106.93289603418094, 98.64163354270941, 100.36990611256957, 110.30161049580578, 89.76113696543932, 104.439760146417, 94.79944249751233, 94.01827948084413, 105.30733578497463, 81.41362058101345, 121.61123797131346, 105.09833147917522, 94.20526654638483, 94.77842018670506, 104.46208363068426, 94.90324381541515, 104.32500475065355, 87.29794337089795, 113.41328814357573)",-2.693022229788532
4.66942761915577,3.9414527677033386,0.7235914817668474,"(5.489322579211096, 2.739857559520693, 4.248964464377012, 3.5349723035119585, 3.6161525916242994, 4.1696109621297355, 4.861589323683264, 3.0907535490986193, 2.9909254950753597, 5.033024292717796, 3.6251418063734406, 4.152932716473722, 4.165473646274851, 3.616718312164553, 4.8315680572353, 3.115926679682334, 3.834532221267306, 3.925064418339766, 3.5506392900344887, 4.235885085271162)",1.0060577961405526
5.806108330203391,7.042600177665091,1.2364192744535167,"(7.484552538670923, 6.439242234023641, 10.474560947764246, 4.598308221067688, 5.552187675690304, 8.69043539904411, 6.060488903607303, 7.948462701735516, 7.811392569122223, 6.17185526332266, 7.088088299277256, 6.80207255531626, 7.382028335144188, 6.533391069965765, 7.5867544094914035, 6.354956681758915, 6.233975655909797, 7.732849191239109, 7.348733969899756, 6.557666931250745)",-1.0000586961152116
10.329004771712455,8.987350256408703,0.9880856148562002,"(9.516427403009788, 8.390457439347388, 9.821015993390095, 8.127512416233225, 8.630153858964936, 9.257976944611896, 8.66337935525947, 9.213696662063159, 8.417121149892896, 9.48718828109844, 9.65582083808644, 8.270498573831357, 7.560629495819337, 10.564462456876463, 7.304838117509827, 10.932257415102907, 10.31498107695071, 7.741161815422052, 8.683728312748137, 9.193697521955526)",1.3578322517113133
40.27058168722334,40.00306623031983,1.1162600437861274,"(39.84912071808609, 40.128042927807776, 40.348777461385446, 39.63118886971282, 39.36775748799295, 40.618564945992716, 40.404508900311335, 39.57639669854548, 41.2381490644277, 38.77624685583052, 40.73698347591655, 39.25330582248689, 37.35666395170933, 42.80525011640848, 39.46842258933052, 40.514938194654206, 39.024091036717344, 40.97624089863368, 39.35637995874764, 40.63029463169902)",0.23965334815367212
22.16970487374529,20.039480631439215,2.39293761320229,"(22.12996673653282, 17.903274069182768, 19.62191013400221, 20.191898962013187, 19.601589165397222, 20.212122257003493, 22.00988165240671, 18.000493655941575, 17.3511886889922, 22.832979597585634, 20.977036450696573, 18.88645134962143, 16.30037988209079, 24.30518093434703, 20.048090040639767, 19.76151099192966, 21.893533064778303, 18.095670605375428, 16.17857229881499, 24.48788209143253)",0.8902130296056292
12.040861216168654,7.49894021179468,2.0653228015654923,"(6.041303300122015, 8.672894786771728, 6.89076512008728, 7.599995241977049, 6.1780323698804045, 8.488863935972516, 8.37909099119343, 6.2506522013813575, 7.3727661605072985, 7.108415631622922, 4.583059543316179, 11.435884039770206, 4.295771031091966, 12.203955344096412, 7.999874854846824, 6.551500758181634, 5.317730881650174, 9.854719785359118, 5.953488029523137, 8.800040228541977)",2.1991337145608654
10.088957540883825,10.484113114443801,1.9727893355762565,"(10.770332872884469, 9.87297161127534, 10.11353292532783, 10.512788730261489, 13.03314470408444, 8.160822299375429, 8.359708470582778, 12.718038086999462, 11.108047700573032, 9.57276797843207, 10.336980479939621, 10.287077521236919, 12.157133889758653, 8.747631468492978, 12.59481459714756, 8.442937767198456, 15.33759914266869, 6.932747393385056, 10.242527801367103, 10.38065684788467)",-0.20030297530199775
16.655143867828972,14.08533208500671,2.574770041996668,"(17.333478762892575, 11.093027267323224, 13.917137794392731, 13.815550032606287, 14.547241689270175, 13.218694325544124, 19.033059212794296, 10.100970920384748, 13.888029880012189, 13.84321763016726, 13.288655615831763, 14.468031536206363, 19.42376564117258, 9.898772055273723, 14.447057904226975, 13.307873697881234, 11.48697943075605, 16.73635967028822, 15.264701046509682, 12.59403758660002)",0.9980742904828265
20.030490481297146,17.970271567312924,1.6877446632889554,"(19.15739114956917, 16.71828439802224, 17.990051630228912, 17.803647055155324, 15.260652179153668, 20.985989879863542, 16.166917500015415, 19.80851031661248, 16.604954383525456, 19.284511334431674, 16.311311486032338, 19.632192236150072, 17.57871344561539, 18.217223077594777, 21.15843546911714, 15.134549009420786, 18.26701090775466, 17.529612838944384, 18.237044681382862, 17.558428367668196)",1.220693484504591
22.387854867358925,18.493289001423673,1.824983066329977,"(15.96045644727198, 21.238354413095305, 16.57297171388334, 20.455677845208672, 17.689134347733564, 19.158759958325632, 20.80331896542484, 16.28865899568707, 20.961462681507836, 16.161701680601045, 17.924653787340482, 18.901340456749406, 18.986293187418166, 17.845810731613803, 20.060537168268663, 16.888294231704116, 20.434772939485097, 16.577529308584953, 16.84205659024263, 20.1139945783269)",2.1340284947230694
20.030770857666774,18.453160961115692,1.448595904050258,"(19.37275303185601, 17.487739758509832, 20.080034663098033, 16.87548861626685, 17.137781781043234, 19.759993007292117, 17.547885244000316, 19.29349537514822, 19.82671964960927, 17.067463288378097, 18.96011322001873, 17.85035134975191, 17.87281603712383, 18.939077858044552, 21.539457462759607, 15.711705727052454, 16.885936722434565, 20.038151508327832, 19.107997027271022, 17.708257894327353)",1.0890614091480595
22.655609758467865,19.786720637550914,3.800483056444943,"(21.231649843099362, 17.83933931049642, 20.659643294728056, 18.345393389209296, 14.41997402630065, 26.232947114573793, 26.237364818646473, 14.413544432845912, 19.683932461449867, 19.186383563066165, 24.266282092197912, 15.569057927761914, 20.5188983654916, 18.41809361045529, 14.518408129153947, 26.01771851963359, 21.921680085320578, 17.22466206119774, 21.30170438039778, 17.72773532499183)",0.7548748615131502
31.13692520445325,19.85009935824419,4.055518269577043,"(15.096638312795882, 25.108213863056807, 13.283111016927945, 28.54242035347139, 18.34669780560762, 20.651752494777906, 22.889260425316813, 16.55163491939069, 21.349498019603278, 17.737459121930385, 19.08928621259076, 19.840050098358816, 20.336610849454594, 18.625091999226324, 16.50126789293196, 22.950362288100695, 16.932142008663334, 22.363527988360595, 26.537601967984212, 14.269359526333808)",2.7830785354558847
31.441164212593517,36.862310330815504,3.2345006048980633,"(35.869641361445126, 37.62052204743964, 32.99388986739014, 40.90873718257305, 34.586611409733926, 38.99910319570689, 36.922250622232696, 36.54080417199162, 32.866103627221925, 41.036354403060145, 37.275452143461884, 36.18400511620116, 30.43831689285687, 44.3121024701916, 38.15421485785213, 35.34899778756681, 36.33886959070617, 37.11433859344132, 33.63214418435359, 40.10374709088328)",-1.676038059789708
103.67325422940128,99.8892191368827,9.030352963497124,"(104.65499662907636, 94.60663816784374, 108.96176967817615, 90.8673399930243, 93.45872367697909, 105.94024760181314, 91.56168445281048, 108.13530910808251, 99.37946453747664, 99.62861386292874, 102.62116607342217, 96.4814606182209, 106.05904016605642, 93.35404067271217, 81.16784633387668, 121.982270662562, 106.08753247304601, 93.32895188408231, 106.80691699051704, 92.70036915494707)",0.4190351260703281
4.237726111235554,3.917683888284242,0.700433737359623,"(3.6853802264888946, 4.067342826681598, 3.645603878023505, 4.017153125293706, 3.1464894674152943, 4.728779188614822, 5.801992960997417, 2.5828262832893913, 3.96679375130652, 3.777614228265221, 3.4767367227350015, 4.249873229013331, 3.531024909195776, 4.233719159485643, 3.026550666627455, 4.961569837958799, 4.082908386499177, 3.6458720995969265, 3.79587538964323, 3.9295714285531242)",0.45692005664626273
6.4168892302396285,6.9085970509821415,0.8650778575525282,"(7.669879749879904, 6.1506549779961155, 8.161877189332701, 5.704861233118082, 6.095018667179826, 7.7076998201075, 6.137254882508767, 7.686282641024016, 6.539104976931949, 7.213514112171442, 5.783671675624494, 8.090623945272526, 6.986890478337707, 6.74342499684096, 6.771464896256479, 6.973621417775956, 8.527554144408278, 5.511234729969306, 6.952611344756793, 6.764695140150023)",-0.5683971869695625
11.358388104925815,8.95766972039836,0.8039294643785726,"(8.876281099531148, 8.989367780212598, 8.13375148308219, 9.72888837969154, 9.117155529667198, 8.7286765000915, 7.644561337775165, 10.438426511124396, 8.613461300196674, 9.263611317822043, 8.742379371831257, 9.079825399772607, 10.281916844025442, 7.755844037279347, 8.33634491093742, 9.577568620830634, 10.033459329508187, 7.93445008272008, 8.41096892299834, 9.466455648869424)",2.9862301245335994
39.66646349405844,39.99104316131755,0.626310357546765,"(39.45018809789812, 40.52997062630716, 41.19634347082312, 38.811609617829454, 39.67332502024791, 40.30187000407773, 39.580654647310325, 40.39646159517136, 38.83156819921087, 41.17570888356045, 39.6867882105016, 40.288034425205865, 40.33211900455493, 39.643819780871205, 40.07678959806839, 39.89630195962783, 40.30138656431849, 39.67386851391384, 39.74500667267189, 40.229048334180334)",-0.5182409381356475
21.027026619601834,20.063395288081182,2.7057360742016994,"(26.4684192733584, 14.950531007930316, 21.29374116088348, 18.577302886831184, 20.956080323937336, 18.881086850212498, 20.863621850552022, 18.967495982348566, 18.658768133092185, 21.208577099538555, 18.002467820030507, 21.97635316056864, 17.796808240482754, 22.236025684203813, 22.463624773223273, 17.616257539938502, 17.164398760141292, 23.052871787663577, 17.417645579003302, 22.715827847683318)",0.3561438754905029
9.893440093682704,7.541472508564112,2.316192978212605,"(7.041597330129831, 7.423203600406526, 6.036478375369925, 8.57253896296655, 5.8943915808395415, 8.839535181207536, 7.2648620694878545, 7.194924264339961, 3.8823357571883275, 13.462909124144955, 7.441495663932274, 6.980500359179248, 8.654349695281756, 6.034234057960548, 9.736266081851104, 5.372812126153769, 5.14163874420718, 10.136980136668186, 4.757729620761099, 10.960667439206075)",1.0154454344877575
11.232256772824003,10.466247078614979,1.914075891999492,"(8.660329578398699, 12.2607067081233, 13.59573214014932, 7.782896549673532, 8.120711411885589, 13.06093129900431, 11.101579393821304, 9.565136082526026, 12.640060149353637, 8.400590090457763, 8.227550015358991, 12.877573541234751, 9.362762531404783, 11.338850504223554, 9.520890714300949, 11.155365970543283, 9.850810711181758, 10.76907058080088, 8.39030465493841, 12.643088944918764)",0.40019818305575744
12.975848015392161,13.980586584191833,2.0847769427286824,"(16.362588619491977, 11.705480736139766, 13.38810283495652, 14.266118620883585, 15.743089638806753, 12.155212148662955, 13.864829261422887, 13.816098131974014, 17.15564610486668, 11.165238493051536, 13.974903171744296, 13.681047237846888, 15.02874080221487, 12.744666694766865, 13.805458781467536, 13.876336333229029, 18.758686780976134, 10.203454938652898, 12.093137983479325, 15.822894369202126)",-0.48194056074152913
19.629653339562193,17.89290773347099,1.281464533140137,"(20.465337170593877, 15.573913965538102, 19.187505920091652, 16.58298844587991, 16.679687601962804, 19.09830543242758, 18.349645420246905, 17.372048537273017, 18.584304444495316, 17.151814130118247, 18.679287981124943, 17.044463468329212, 16.307811053294447, 19.546685546729897, 18.66531103408769, 17.077622137428918, 17.030382988627494, 18.70826117934715, 18.907282020226923, 16.845496191595718)",1.3552818366618626
20.999396742326706,18.35411132991575,1.6305976565520603,"(20.886098699677493, 16.02723604359716, 15.702940371359011, 21.210663509566597, 18.378378807930705, 18.18509152438515, 19.054280999288483, 17.575836192089803, 16.743260835221147, 19.99861686272518, 17.695493507036865, 18.855966528430436, 18.52968622914206, 18.072446029565278, 20.978365009521646, 15.961688208106523, 17.795425382405636, 18.79064417493481, 17.061350025563396, 19.57875765776747)",1.622279660332935
16.104431238798508,18.25837009803845,1.6269180781243344,"(19.16128587069618, 17.306071258024957, 17.361903908215385, 18.915543765672744, 18.69404285675151, 17.684079912604922, 17.723550391625405, 18.725947330790046, 20.33216328314671, 16.318443040563388, 17.836610635740378, 18.475720112560754, 20.398980556355287, 16.268236893087597, 15.959483512238332, 20.790446531129, 15.877832458691229, 20.841692892190395, 19.89685152515111, 16.598515225533696)",-1.3239381184596637
14.907572771744338,19.317725247869262,4.720470573759008,"(20.73437644908124, 17.080819288490773, 13.73191883227546, 25.23875301755135, 22.11054494784875, 15.907958379176215, 20.46956244950422, 17.33686931061546, 18.691212810267956, 18.972870975601573, 20.684530689243598, 16.88457079585852, 25.580605657264044, 13.87074043926409, 13.49142202884395, 26.28520848937186, 25.600601720674423, 13.771135489567323, 13.0746516458431, 26.836151541041243)",-0.9342611943480519
18.672970995673683,19.5998734942858,3.891677855706751,"(22.943542518595414, 16.16125477532703, 22.441152511485534, 16.40445412015417, 18.892927266940337, 19.5813670916479, 17.22060778169942, 21.547012111415498, 18.93604638454827, 19.590321093994085, 20.58406819806769, 17.930185348398425, 27.13849496202089, 13.671987393815174, 18.55333486653831, 19.99408622016589, 13.354045366774436, 27.724771808210207, 15.536755849921407, 23.79105421599585)",-0.23817554612155442
37.72118119329326,36.77111895605392,4.403320334670187,"(38.47859447570205, 34.67651317908501, 32.9984695006918, 40.368616480874245, 32.977795107500135, 40.439842301096334, 34.717645909505215, 38.44424668263262, 40.88570292425767, 32.64157344895084, 31.371595222311665, 42.485903947738755, 45.55263454298528, 29.302078857693466, 34.66284788423507, 38.49639696937418, 42.353004100100634, 31.495605606526038, 35.151964836935306, 37.921347142882055)",0.21576041828228795
101.63290287424617,99.82988232943228,8.311805675385036,"(117.66144828524813, 84.1462429182727, 96.31742134422551, 102.79269665703646, 94.29102137497232, 105.00210870306296, 86.68889073270778, 114.21045918108359, 104.11982485979338, 95.09020305843381, 93.78309273061734, 105.57064109050329, 104.89108933373446, 94.39105670291724, 103.28348344052921, 95.86014845772243, 100.85703113948986, 98.16631120214733, 92.89797381675896, 106.57650155938808)",0.21692284627796798
4.256894215780935,4.0385572168160415,1.02288158857174,"(3.3307617018575892, 4.595508198583647, 4.951105225840987, 3.070510712045578, 3.326878075927416, 4.664072661406147, 2.404512975625917, 6.309856837350514, 4.03968349457924, 3.733750790685933, 3.4329852710877145, 4.538227548928394, 4.871503415849413, 3.1911240180443947, 5.367980544254749, 2.824664649378884, 3.0614723022281694, 5.083356163756393, 4.747489773936654, 3.2256999749530957)",0.2134528584777442
6.944882362297293,7.1148818752823,1.2810605049667052,"(6.134997593323137, 7.99036154169996, 7.300663007622948, 6.685200988046312, 6.181749897394301, 8.000606197461114, 7.3991122302916645, 6.58784433318863, 4.957613640452598, 9.795607102341991, 9.62293991276743, 5.15479239908741, 7.84777959605659, 6.30907257598963, 5.7101832048379775, 8.533872930284582, 7.000351672613334, 7.0780391978662704, 6.867913854677918, 7.138935629642226)",-0.13270217318066913
9.943196917668072,9.064802283908042,0.9499343509276938,"(8.040195572377836, 10.102784531464964, 7.739068284229425, 10.467688330195154, 9.329475016222993, 8.754956169349862, 8.021662773894384, 10.091068844089508, 10.345487000045397, 7.806832501277116, 10.212542500765256, 8.014823443737, 9.083944156678772, 8.997006450068426, 8.118746749450485, 9.96947993843705, 8.82697426501254, 9.263394535587532, 9.928971046797862, 8.18094356847926)",0.9246898303047999
42.759434345830684,39.99840651907408,0.8615693426149088,"(41.10772481699648, 38.90163092675836, 40.02143405693205, 39.957171455744295, 39.153391026654944, 40.84430885067445, 39.54238322927234, 40.44115799431985, 40.85905972564783, 39.13773875350149, 39.064595365402354, 40.937965082183865, 38.89643841022069, 41.1140915214663, 40.71496845594895, 39.27659554027088, 40.53034107853922, 39.456779410480145, 38.88085551205808, 41.129499168408955)",3.2046495739701424
22.627557323296962,20.009628755733882,2.031987033554855,"(22.0851177739942, 17.950798151941818, 18.873478138334598, 21.001802350216302, 18.430084249471182, 21.519392585803445, 20.641739563094205, 19.201800462554083, 19.621340566853135, 20.197924326814316, 18.459444102705316, 21.491203769488127, 17.641140487029965, 22.481885603618057, 16.500127117196136, 24.022434048408112, 22.856447582131498, 17.35286587161992, 19.009271066581125, 20.854277296822055)",1.2883588941919335
8.82751169601909,7.431244991025493,1.4431522141573978,"(7.558149483897935, 7.0420536854727525, 7.004457074618621, 7.576095821305349, 5.795734941058313, 9.23914260795335, 8.211448728767047, 6.456895346926449, 8.236854901204067, 6.420713265867221, 7.697719691011982, 6.9705563171193985, 9.331358495518986, 5.742704174840093, 10.047371285825001, 5.276057291033957, 6.749780353704746, 7.943121455384032, 10.003465175804138, 5.321219723196416)",0.9675117366665477
14.359981190158074,10.543652840115264,2.167340005201988,"(6.69540128082972, 15.952045990200876, 11.722436085652133, 9.100908558096284, 11.665808821074707, 9.177017273274444, 8.71806250787332, 12.233242103151543, 12.402126297890804, 8.591371682772342, 11.548493710455455, 9.279467147792747, 10.35316494577583, 10.3428778700023, 12.937634083926763, 8.243350290471783, 10.024736218634303, 10.684012797169723, 8.240691353407644, 12.96020778385259)",1.7608350978078964
16.307177447687312,13.988423206674984,1.595742722131916,"(13.020529225779606, 14.837120130733485, 13.831670608248029, 13.951953939335764, 12.129808755372304, 15.964155001287565, 14.286372919708997, 13.503787823369384, 13.427917382398013, 14.355064604975418, 13.018882979660708, 14.892918897126354, 13.164201132612058, 14.711795188255804, 11.733187290780661, 16.44373054602656, 14.94272768079108, 12.96385890953844, 10.951840687665815, 17.636940429833658)",1.4530877746473236
17.384458189438007,18.08414960990149,2.4137687762744076,"(18.22797455349393, 17.633387485491788, 16.67271030737272, 19.26308223035781, 19.588763139395883, 16.437923880214342, 20.114926933222264, 15.963192898983168, 21.822167566205543, 14.705913020114103, 16.877669458643574, 19.100925660415612, 20.389965955675027, 15.792711347667169, 16.327124637955045, 19.669296836099768, 13.975025674755221, 23.046717739309113, 20.029053446346282, 16.04445942631152)",-0.28987508138349544
19.43661176134117,18.673525193761456,2.502638138899558,"(17.42028602716708, 19.650261617658376, 15.623197804122261, 21.85765430929468, 20.705944853146548, 16.623989290186593, 16.013563902578298, 21.31076148762562, 16.742551841193464, 20.347463331087837, 21.900231977775306, 15.776084122586347, 21.409438645313063, 16.07956390477464, 16.50128103062399, 20.690321173145133, 21.457202165519856, 16.053999450379735, 21.074317950161113, 16.232388990889095)",0.30491286603474016
18.04487217316966,18.75212143452961,1.9668383176798605,"(15.04260457986156, 23.07606340564425, 18.95704175383474, 18.224796158658236, 15.445640290609662, 22.718783998371656, 19.971503865221237, 17.276794489771007, 18.80276643156447, 18.288563199890515, 18.086840900503876, 19.543541818517213, 18.977980194844132, 18.494129742968877, 19.467177987972736, 17.740341070665295, 20.683303578177696, 16.990512972257168, 18.083956568541065, 19.17008568271677)",-0.35958688368154207
23.710002738709136,20.335714481384038,3.648925317501716,"(22.822452616961, 17.467249577747037, 17.192536866597543, 22.938044019596795, 20.017891069989297, 20.420670196653443, 17.298892648034993, 22.73070336395007, 17.658804216575284, 22.099290061836225, 17.80127691387643, 23.375116278983505, 27.740927018473467, 14.739348179250596, 16.53398165921055, 23.838677270223762, 18.177953587492684, 22.560559487879942, 15.254256439344411, 26.04565815500358)",0.9247348092164704
14.697267686599021,20.184474885238544,4.911331590500357,"(19.362316242925036, 19.895704701155317, 17.84760309169638, 21.508150039635048, 24.45106178079524, 15.884254463171175, 20.376212135171127, 18.821064839962933, 18.64571819159044, 20.51650518729408, 33.08817523245585, 11.804867705830414, 21.76583703058602, 17.84585420900422, 19.649559109898373, 19.531487361537938, 27.947386337150842, 13.911969713758614, 14.754896484954825, 26.080873846196987)",-1.1172544751922353
38.94282042595591,37.15301304013198,5.004350308546777,"(32.375094906692276, 41.87496882683037, 32.295804467407734, 41.92731523024544, 46.91950675159567, 28.980991020772912, 33.7048537324396, 40.162433824830465, 41.41931783036943, 32.658122014337835, 29.809932034768917, 45.73516050226748, 38.614115992211396, 35.21046371036753, 38.94140143787221, 34.77752860366653, 36.89270683392513, 36.86868141912375, 40.12703988174565, 33.764821781169424)",0.35765029933399545
93.6723182908577,99.92602243282921,9.454008887523477,"(119.97537115047217, 82.52698751344249, 82.30998954121114, 120.2912243671021, 97.63359109392904, 101.4128425942042, 101.11728350716099, 97.91759007460418, 108.35301945173538, 91.37853533383449, 99.38228969941746, 99.62932275692962, 105.29051569086731, 94.03785730856139, 97.95941012410292, 101.07428662798603, 96.14797691553574, 102.97989371070025, 102.59484817119215, 96.50761302359496)",-0.6614870174518842
4.289770755410748,3.9336548807744904,1.0671711202795453,"(3.2153088645923877, 4.505335889456524, 3.8112689881359865, 3.790120454812182, 4.079283340543065, 3.488606185524563, 5.687164816370784, 2.529267173429542, 4.208124163922765, 3.4288384776859937, 3.2218762505812526, 4.5045590285485675, 4.797118899053512, 3.035520720385836, 2.295458078789943, 6.294652834100662, 3.8316806581560576, 3.78401739827808, 5.5729868635677615, 2.591908529554348)",0.33370081692519293
5.967612817136319,6.998760543144648,1.1614233321038043,"(6.529743477787234, 7.322713457006885, 7.2410822725284385, 6.5921209190587104, 6.198209870933443, 7.628419955825329, 6.670505081914416, 7.136671322484758, 5.9461607818016455, 8.023228309915082, 5.0781843152578565, 9.423751198109702, 8.09054477440232, 5.927527905107489, 9.124562947747531, 5.233050590939641, 7.391016278960271, 6.471513040117941, 6.029732309640054, 7.916472053354232)",-0.8878310754619557
11.705526220876655,8.901256185923094,0.5960091900866009,"(8.864929862417688, 8.910481471443404, 9.233250049348207, 8.546246604509824, 8.767033752176793, 8.946014694027506, 10.317294853848246, 7.634936674671142, 9.237898418008752, 8.539779044294644, 9.629379522875482, 8.205570502128838, 9.453204950738538, 8.369764498812183, 8.858178206663354, 8.910816013017541, 9.424675425387179, 8.381625169391608, 8.401203327165772, 9.392840677535135)",4.705078514890176
39.20876108064578,39.9921887191411,0.6005193528268767,"(40.172324614696905, 39.80450278019392, 40.037492719078095, 39.93845977127278, 40.85432912025111, 39.139131540634274, 41.16434359961561, 38.844936122159126, 39.55496752471679, 40.42571859605674, 40.56020861992228, 39.423684763826785, 39.27782005363959, 40.71098459245742, 39.6444865634449, 40.334509723493504, 39.693596405721536, 40.284433788157315, 40.265953890865504, 39.711889592617815)",-1.3045834989454075
19.104666775150378,20.00640136657276,2.136685537712409,"(16.14043944786908, 24.533884331311455, 19.228612116359972, 20.59247234242176, 17.232899142933796, 22.966607702951308, 19.95591559777324, 19.83929985744159, 17.934274819125722, 22.079023795548466, 21.275099976017337, 18.611630853631958, 18.599816614686386, 21.290544416064076, 21.620595616011236, 18.315303220306554, 17.667037614765977, 22.412733480891113, 20.73702882894183, 19.094807556402316)",-0.42202494260704493
4.2796704505980205,7.420143909853689,1.7683618418306903,"(7.321749788109445, 7.14359557917306, 6.426194022802016, 8.128043621095522, 9.120586914166498, 5.683090069986223, 5.894524944341827, 8.841825743839092, 6.4577086414624105, 8.084881369275957, 6.5336752312392665, 8.010310996294178, 7.403811364546539, 7.080975758964344, 4.573218318724735, 11.424505496227908, 10.953273690507016, 4.776270960522503, 6.463633970329851, 8.081001715465371)",-1.7759224299957208
13.153292170502175,10.510269411725256,2.2254946834635656,"(10.679461104387219, 9.935184463464871, 12.035828508119181, 8.8112480432103, 8.201389433312405, 12.891629941206608, 10.521741806061762, 10.070390548660509, 10.77311255606133, 9.84316874278604, 10.803083909293473, 9.822067207387214, 13.782457318271899, 7.703929769395885, 10.900666402092053, 9.730674127050133, 16.77441542732407, 6.324980103705836, 10.107755460637126, 10.492203362077227)",1.1876113559900978
16.701585625043666,13.905076116634257,1.3021146339520726,"(15.132940706464103, 12.67840151826515, 13.34417738740035, 14.371870686165103, 13.091784319416803, 14.605923970231194, 12.062042609771748, 15.885979105403754, 15.115637327276866, 12.687682866730016, 14.970805114683335, 12.813775627342968, 14.574011819503733, 13.170776509007773, 14.027120766898454, 13.675885548668473, 11.574968683660305, 16.572480771952403, 13.059789946879093, 14.685467046963478)",2.147667674943235
20.04865013658357,17.915544445412273,1.2777804259714474,"(18.738144808323778, 17.05407084764784, 19.255577751383115, 16.591239132576888, 16.59611849421846, 19.20924994007542, 17.841793011100894, 17.894936196367762, 16.60112238701193, 19.245232806767977, 17.311986576509902, 18.454782171004812, 17.52519499795327, 18.23797327603591, 17.859130236295112, 17.892989079783877, 18.431446276387245, 17.334131244558137, 15.156796411970463, 21.078973262272633)",1.669383602859294
17.84691697492407,18.478325664755936,2.2599555090388064,"(19.57818619803906, 17.21631195192319, 17.680031708262952, 19.04911420488716, 21.34742243901096, 15.676722904670541, 15.184220909572549, 22.13933761068019, 14.783990950477829, 22.784959168202313, 16.8991424647062, 19.931348175471765, 16.4791211526925, 20.465175528662613, 20.397625166201863, 16.523733483049966, 18.898269131635935, 17.823828621976613, 18.186895133270674, 18.52107639172386)",-0.2793898761752229
16.419324905888068,18.411332740084948,1.8196914295502493,"(16.964415548433518, 19.846006116445444, 18.466819668336576, 18.20305588935674, 19.128232224213175, 17.36251603522237, 18.00887934472128, 18.600532812114103, 20.078047103324288, 16.7483032031426, 20.42112950671961, 16.464206390108185, 15.540686495595864, 21.68673597517856, 17.048580734266494, 19.745853054539257, 21.775653076328577, 15.441529425368802, 18.97089150311114, 17.724580695172293)",-1.0946953982682766
24.16590079248134,19.70888132994925,4.83809736338933,"(19.681987831973043, 18.735436841057563, 16.525277832323297, 22.234704899970705, 27.011595792459378, 13.224553377103373, 22.313009726872572, 16.33296500944928, 21.281856137484205, 17.281465822719134, 23.404094443064793, 15.701977395617602, 28.975849388799617, 12.753327530407171, 15.206961279719803, 24.246460880280214, 25.748498794076113, 14.276575201112871, 23.77540890564653, 15.465619508847807)",0.9212339330454743
20.154159086803276,20.018756255697525,5.2046100722267274,"(18.685854680078137, 20.158212511264182, 17.779854684007805, 21.160113190598008, 27.920163731718898, 13.348390774330424, 27.408382339184204, 13.689021382852982, 23.93699089213753, 15.722276773427211, 12.187326955688794, 30.871327949363682, 20.402183043544188, 18.47540915635234, 17.195327270086867, 21.90498238963624, 14.163146303120755, 26.567375285236135, 19.25528007606821, 19.543505725253773)",0.02601594148777798
36.59034072123714,36.92802055500475,4.517736174240919,"(36.996216712584896, 36.36952501789736, 49.324330216359, 27.270494892982303, 37.704116670091786, 35.571202667168, 41.21793614307529, 32.60629325378406, 38.7782284327758, 34.69351655681881, 39.01322414637844, 34.46967971423913, 33.29334702849033, 40.41280172380088, 34.15806004673332, 39.39641057071232, 35.61872377822827, 37.75845198632857, 41.46384968669814, 32.44400185494817)",-0.07474536377156797
78.84853489828782,99.9961208290203,10.205078268851459,"(94.44180409113267, 104.83666547174286, 116.62331112876262, 84.89687771226484, 91.20464186443736, 108.55666071057196, 90.75432447524187, 109.0959677451827, 82.02502060345117, 120.70659987073783, 99.21886987950187, 99.7889352950039, 89.73273829576866, 110.33832201402093, 93.32767126955319, 106.08824473661491, 102.87812708335463, 96.23959207957813, 95.58170489692921, 103.58633735655448)",-2.072261022757697
4.47618377159271,4.127800002058822,0.6994897957866677,"(3.4509611287531663, 4.782431185119291, 3.393167455044504, 4.869941693052125, 3.7528381223062195, 4.429952179733964, 3.3006191163916294, 5.0926061060489864, 5.839980343961817, 2.9135412568418775, 4.140715604070642, 3.9920425791700525, 4.547758964778527, 3.580231027365104, 3.6193021993703964, 4.515007062252597, 3.9450973762866117, 4.3261464704888155, 3.842187469999019, 4.221472700141106)",0.49805411262945615
9.168704406665421,7.249415514694338,1.3082886678218104,"(7.625439639205949, 6.661927378699327, 8.336901792444259, 6.097211027280874, 7.671608542643672, 6.651657827798996, 7.447200780587801, 6.901736148010649, 5.34051790841057, 9.69476103222079, 7.7621911784256925, 6.550223097097814, 5.032416357091528, 10.010071693264274, 5.681835007191861, 8.886728358028982, 7.415877177364669, 6.996433551769471, 6.542115086888019, 7.681456709461518)",1.4670224845458126
7.372084786962859,9.187301600072798,0.7821251541616322,"(10.964581938611719, 7.629616338688892, 9.60770366525066, 8.70949140040083, 8.966583773752276, 9.356033687950447, 8.959858329482422, 9.409186389352307, 10.152012449820981, 8.340836789049023, 9.005418151438084, 9.293703591705256, 8.845764856006012, 9.40680064367857, 9.549306739979318, 8.72738672929414, 8.02990752931065, 10.561253506337149, 9.209450211361819, 9.021135279985348)",-2.320877679807764
41.823334244926514,39.999320180781375,0.9212376129391496,"(40.09903430026607, 39.87940890835409, 40.888819598579225, 39.10893527561656, 40.79452690574621, 39.19983948838689, 39.99228596541773, 39.98733797358413, 40.24938932810773, 39.73213513749712, 38.49279100911837, 41.54340844969921, 39.077074771387224, 40.92165397723047, 40.73581801424604, 39.25565571023357, 38.645159184317244, 41.382004133229366, 39.02208676326697, 40.97903872134325)",1.9799604776510795
23.730101836452157,20.00385057636489,1.8867851119391732,"(22.1032232793543, 17.948620342355273, 21.917533104144162, 18.099927383573185, 20.838561981027205, 19.04076971526897, 18.480068909425075, 21.47986007841447, 21.447843815502136, 18.510622701489826, 17.621887815716043, 22.512700916231697, 17.55316280093424, 22.594272778608673, 19.47747364395304, 20.364502296055242, 17.64199899955357, 22.507616251866413, 21.441278869110032, 18.495085844714275)",1.9749208516159815
6.16035158040987,7.57696460925761,1.6473535233632417,"(6.075717629733073, 9.019946857642385, 8.68194095042484, 6.314522355691573, 6.244982049614482, 8.798863471723152, 6.895097163192894, 8.003695250448986, 6.0624047077746885, 9.142313714246207, 4.992224957370297, 10.983138744611212, 7.327308623997068, 7.442029590869166, 5.095551643108743, 10.71644919525948, 6.691831669377545, 8.292941404799338, 7.401718082305831, 7.356614122961235)",-0.8599326184434164
8.231181701303655,10.659000219248647,2.469807718990859,"(10.362904683454389, 10.417199453450767, 9.878956855901917, 10.928153943614705, 12.704107253338597, 8.505907517767191, 9.549173579112502, 11.337123849314683, 6.886803410419026, 15.74351256024276, 7.4858430694692775, 14.42281821982474, 15.17025541944849, 7.102531938836437, 10.386970620719252, 10.379324031851466, 10.897791524383853, 9.955011945391234, 12.336774829491914, 8.728839678939735)",-0.9829989999938038
12.365503788930921,14.108591739003774,2.153785613171832,"(10.670658589392502, 18.23473424253969, 10.850307225709424, 17.931614242656302, 12.739813940589018, 15.287610505596824, 17.98714241331145, 10.850816402881335, 13.769430368663249, 14.192383252308387, 13.891997053317656, 14.006953410305606, 13.149130500174094, 14.770113853436543, 12.930747849504781, 15.029163678902579, 14.674850744613368, 13.326914939577238, 13.503300684192164, 14.374150882403221)",-0.8093135822863291
22.78893488280086,18.050548147030607,1.6909879731117488,"(17.842372009335527, 18.098832048720716, 19.500698526751147, 16.557240662288045, 18.31773471066012, 17.64133899740774, 18.764671793614667, 17.252504405816588, 15.448443958890087, 20.972493971758134, 17.274883248239853, 18.692623543881282, 14.851971618095579, 21.712763923096343, 16.26029423707347, 19.842711549132357, 18.543156591317796, 17.48467595830886, 17.078879466910745, 18.872671719312997)",2.8021410034340417
17.174257679174545,18.702326895736622,0.9547310239310383,"(19.061131419337823, 18.269179477106185, 19.753841731897335, 17.619482084586124, 20.325603890994767, 17.169650818989496, 19.897379313468168, 17.64116087958868, 17.914765344873853, 19.640542445950246, 18.573319699208174, 18.746006889243368, 18.081630758998614, 19.17516757046472, 17.169208410542886, 20.22820859747595, 18.380690992805583, 19.186173016031013, 18.714552131453438, 18.49884244171601)",-1.6005232659878998
21.192031330063227,19.052316239009713,2.1279899162205287,"(21.48308797006284, 16.629572739705466, 23.367304204991353, 15.271793039673794, 19.374192159123382, 18.52195395303261, 18.31338808743909, 19.832807610695138, 17.39802297720438, 20.97860136629144, 16.3896173684597, 21.789758755331707, 16.973904210667435, 20.858915028043118, 20.747559444461984, 17.124793377793594, 20.378684871578013, 17.99534989509056, 17.911381798360264, 19.70563592218837)",1.005509976689086
13.046400494419213,21.101471853180207,4.2360806178079935,"(20.645146221842328, 20.587973131666462, 27.887360321215077, 15.198250933858901, 19.06828459114686, 22.504709203051355, 14.922251199413331, 29.548185360842837, 18.828303506714875, 23.651940171469935, 29.603009224869684, 14.342330993502525, 21.974557669704723, 18.970187527398792, 19.852252184380436, 21.162432605211404, 19.99427875049133, 22.515675521711465, 19.123241952083397, 21.649065993028458)",-1.901538730140877
15.781426208362127,20.55153604170559,5.6434972444396605,"(12.314129187977159, 31.825573140504254, 25.815283600310018, 15.168240694723632, 15.641973686078732, 25.13249229183377, 15.549113655339426, 25.50132397743866, 18.569666714363393, 21.42407733882119, 13.108033694886837, 29.88888671019323, 24.79871042259688, 15.704380027261887, 26.410047949262314, 14.782902227144797, 20.179507114135838, 19.782442046516383, 20.127011325211885, 19.306925029511508)",-0.8452400394176294
33.39308336561491,37.443993161458465,6.2395814384325545,"(31.768751507738134, 42.929481007899184, 45.80102327173139, 29.758985622354476, 38.13338326744667, 35.80327711455084, 43.5411955188089, 31.4748996296573, 35.70519877883742, 38.412652812280164, 30.903305057750202, 44.117656636168064, 35.55856590353627, 38.26762745037543, 31.823949148888694, 42.802973664504904, 29.988850874796398, 45.80894109767476, 47.89169332864241, 28.387451535527667)",-0.6492278105214027
84.17565871746623,99.8496909016914,8.525777421637747,"(95.49775077102288, 103.68228168059981, 105.72760828739334, 93.65010840960805, 95.84654750287858, 103.30531069556548, 94.01442123703855, 105.31981017179812, 86.84331995884465, 114.01681963382609, 119.81550257239438, 82.63882225043095, 97.47229037464281, 101.58124440757489, 97.43132428775638, 101.62430000767186, 92.6916498301937, 106.82358047247746, 99.33471081571003, 99.67641466640029)",-1.8384284985490846
3.0317023362455613,3.9461004052737447,0.8057755795678745,"(2.8121233186615124, 5.307368165571239, 3.641785161865804, 4.119387734691212, 4.904662691755384, 3.065152217336229, 4.052681491768647, 3.682390121786801, 4.56863682247576, 3.2566649307234723, 2.72772857458722, 5.5052506174902565, 2.9571730423474163, 5.0569010626781825, 4.104150076167106, 3.643597708216005, 3.6516129422049404, 4.105653789620843, 4.068186737158338, 3.69090089836851)",-1.1348048913551856
7.426656090239426,6.982124483966217,0.7899600315986378,"(6.416826169457776, 7.494021339603296, 8.407529491929088, 5.734658036795805, 7.424602701010086, 6.5008733885426695, 8.252582098759259, 5.826321541207029, 6.262328700668075, 7.666785589550844, 7.515374405584516, 6.418663825046043, 6.518312593425811, 7.384595038878048, 6.4208561905648995, 7.496670678663188, 7.064953647067074, 6.821988940202067, 6.0770973905980386, 7.937447911770772)",0.5627267057722057
9.110642993212533,9.0767241521174,1.4167532058001715,"(9.730637000483165, 8.266987192292358, 10.589156040844134, 7.60788077778047, 11.34300965069661, 7.106574474473368, 8.810911870951166, 9.128754209386779, 10.024513251824565, 8.017653545793065, 10.695108690596275, 7.534618986138766, 6.678230412165758, 12.052000536501682, 9.167171679764548, 8.779870466443976, 8.456731075950021, 9.52409660414884, 9.786682526347926, 8.233894049764523)",0.023941248875435497
39.84208755407892,39.996545049559785,0.8816592661177568,"(40.96913707817795, 39.0290685951483, 39.75864437359455, 40.217264402953106, 40.9816215873867, 39.01707761738863, 39.718632636164486, 40.25776907593682, 40.1381786967665, 39.83715444637682, 38.78674694571387, 41.224998384355956, 39.46161221116958, 40.5200456099375, 38.722503190348974, 41.29346198430234, 41.17780483823823, 38.83119901446269, 40.72532356472399, 39.262656738048705)",-0.1751895561206892
20.587260056406457,20.005544245128885,2.0852033896102413,"(21.265992266870594, 18.628410827377063, 20.154601942924923, 19.655887277971537, 15.536116686272123, 25.499306656584057, 21.600744782739845, 18.339106922058487, 20.229843694142343, 19.582596031423805, 20.266856703172074, 19.547094898779743, 20.39429341005341, 19.424714008676247, 17.662661077414235, 22.428867727197833, 17.904170689669677, 22.126254461107205, 18.87741416265211, 20.98595067549049)",0.2789731755549776
7.106302512274598,7.532395214685616,2.109885173020282,"(9.2980924277756, 5.653362496258108, 9.248094926333476, 5.695453949833643, 9.903698154652613, 5.322863051918113, 8.286632051398492, 6.342765855382183, 11.751534265813229, 4.46763503634177, 6.435820953117805, 8.187393150617302, 8.87990311340549, 5.9240736376393, 5.37893171326518, 9.779865233554721, 10.583145835561268, 4.975580068644633, 6.932671967805796, 7.600386404393626)",-0.20195065961863223
10.023602864813649,10.676207715630325,2.8335028860718654,"(10.28643656611644, 10.362877129519369, 13.98486750738426, 7.626977333570699, 15.788267487127275, 6.75752008217932, 13.105612993174079, 8.13301768773793, 9.950289648101869, 10.709141449016398, 6.520083473444778, 16.36093901268289, 8.406714009702036, 12.682760108481629, 9.11003000485304, 11.703682690841658, 9.620779291351559, 11.085478508777125, 8.00849313470238, 13.320186193841737)",-0.23031734113438418
12.995335664219969,13.974274270905196,1.8024636462197057,"(13.660495349162153, 14.069374321279735, 13.6333448120048, 14.102558763907783, 11.546429477243596, 16.654174915085797, 17.61303509992326, 10.91057389783839, 12.160324857598054, 15.802053254218826, 14.483763750449835, 13.275480141927785, 17.04197409020885, 11.279123120624199, 13.411688560522649, 14.332261056409763, 13.259574572295326, 14.49876154686484, 14.365881077433606, 13.384612753104731)",-0.543111429036779
17.052671590936445,17.988807681816958,1.8166094934783632,"(19.125734714881744, 16.75546214528749, 15.301984747634458, 20.94482620841509, 16.995533925754007, 18.85892189029569, 20.596827109263035, 15.556596654474914, 19.111108818594875, 16.767792984106503, 16.94842000343328, 18.910682849162054, 17.657871434085017, 18.149000590240618, 16.389111662980213, 19.55406503879051, 17.406105901441688, 18.411914316457956, 15.079998450490478, 21.254194190549594)",-0.5153204881077889
19.523549215242674,18.510981613202233,1.946470324572559,"(17.505552274066044, 19.366508174431978, 15.878655232903782, 21.35715748717281, 16.986026520076432, 19.968245314213075, 15.646946594271153, 21.6576514732105, 18.72390065678201, 18.10539481283915, 19.90871003034927, 17.035179329900576, 16.859546398558052, 20.11056735002123, 15.870902167818347, 21.363501222505967, 20.384052171250033, 16.63397030377069, 19.09219543586264, 17.764969314040783)",0.5202070585190139
21.446779281169686,18.544710829609077,1.9752476907978316,"(17.694425646238415, 19.22206393674537, 19.56982809312713, 17.389994971143896, 15.221609255650746, 22.365039648662083, 20.71816945181362, 16.403001061463943, 20.362719094535336, 16.70160285859492, 20.588645196951877, 16.531859354454312, 16.218999418150087, 20.974675107861035, 17.910709375811972, 18.993889563001233, 20.543924880386097, 16.560217566871152, 19.10091921789302, 17.82192289282523)",1.4692174885613567
16.35969840368512,20.432330669000656,6.310359999405516,"(29.361634540236924, 12.993645975853498, 34.77627206823867, 10.980664348986915, 28.816994618478745, 13.259608122860055, 27.822154379868262, 13.685020221543882, 23.611687891984143, 16.159029915044663, 25.06659595677865, 15.238198380110047, 22.32505220875417, 17.094368757821677, 18.23732608969603, 20.926547086661557, 18.490441976241975, 20.637905840433646, 20.74041707520102, 18.42304792521858)",-0.6453882608439472
13.333694743823404,20.361753292279502,6.259340719831077,"(27.711624430522303, 13.653772797837599, 24.148824439764862, 15.673102159826017, 29.901408832853864, 12.66045872697036, 15.42257633504966, 24.517025696655836, 26.97199373003104, 14.028443979888433, 16.852001452741266, 22.46151123914167, 25.842525472308083, 14.642841666423395, 11.795215578354576, 32.08181232567741, 21.529064010973475, 17.57625081430702, 15.79067320296755, 23.973938953295637)",-1.122811309214969
45.13447890650141,37.34590623349742,7.101795689520025,"(42.05185419231903, 32.047730932920366, 44.867259407538334, 30.02903824677803, 36.08631201036037, 37.33387006831673, 49.43138878969608, 27.25495129485689, 40.01643873441732, 33.68728035378421, 37.06715152031448, 36.34722141183093, 47.09411293789167, 28.614398868449058, 48.90398652362566, 27.555183871529472, 31.376841950941337, 42.93844182199902, 42.54566867211388, 31.668993060265503)",1.0967046946306018
99.49649215400571,100.00250931769028,10.279386755150806,"(82.68965005785553, 119.73845804197892, 100.72785309577222, 98.29573960335678, 99.17078382486797, 99.83903589895746, 116.30915479258343, 85.12761393516381, 103.98673991507863, 95.21544100060724, 99.1924223301693, 99.81727618802026, 104.25419502045177, 94.97102530275575, 82.49041208793997, 120.02761387872363, 103.81476060189694, 95.37293460372588, 99.68693692041087, 99.32213925348887)",-0.049226396062101614
3.400130444579868,3.9434214799259912,0.5435592564951773,"(3.8393423817356047, 3.953087223197475, 3.7762023366599515, 4.049042194867343, 3.4680415365981614, 4.410952972739921, 3.266648800684622, 4.692386442332939, 3.1927823775877346, 4.7985877657919005, 5.094857891829444, 2.9952546640920765, 4.363356937397475, 3.489752828718446, 3.882725476132892, 3.9305297108388095, 3.9440548474666595, 3.8820937434872134, 4.227233596954714, 3.6114958694064456)",-0.9995065466260598
7.06202196167231,6.937774046014535,0.9947266616136857,"(5.3761516579703805, 8.750092619600707, 7.8060692183007205, 6.049959874651657, 7.666173115067712, 6.160878014567823, 6.727114708188461, 7.029814707265545, 6.963471354493746, 6.789191029297352, 7.260741418821155, 6.497717903351285, 8.424442447483262, 5.593761722075151, 6.01614892101626, 7.842243019050087, 7.947273528158704, 5.9464999522171125, 8.035743816448093, 5.8719918922654655)",0.12490659037550572
8.175380924831247,8.981144466169237,0.8563258304718642,"(8.382278728803202, 9.522038742557633, 8.567918084245886, 9.336755443314743, 8.10859792792867, 9.864601903730659, 9.253517962017014, 8.651937496804782, 8.670200710514717, 9.232146511682283, 9.45067333443626, 8.459706773400661, 10.236400176278059, 7.805309847670871, 8.95665076604078, 8.926630640803976, 10.734899220330568, 7.45455343913021, 7.9460397459925, 10.062031867701247)",-0.9409543805235766
38.65831248081092,40.00249462983097,1.06982334769444,"(39.793256432175994, 40.185533093293124, 41.212447545484295, 38.801727716109134, 39.781793200027444, 40.19687872190325, 40.822060810510685, 39.17285100027819, 38.84454903998038, 41.16700631192188, 40.16092120131651, 39.8176833192766, 39.23315557337434, 40.75930950999327, 39.61076695726323, 40.37069632123164, 37.71763509354779, 42.39692434315885, 41.039793274351275, 38.964903131421494)",-1.2564524338685223
17.66247731098403,20.015789946341123,2.1520849996848783,"(16.95703985348965, 23.367225482714918, 19.850718906244353, 19.962321001695077, 20.28646337532533, 19.531898657205456, 18.222499810933304, 21.74685627552117, 21.86405128424, 18.124355685763422, 20.521176765955136, 19.30988701514109, 16.531161139596527, 23.970393941840342, 20.66766851543271, 19.173011096183924, 21.771003089462397, 18.201359715093293, 23.111432611985165, 17.145274702999107)",-1.0935035724433184
4.444432810526738,7.361532474219345,1.3729897595745733,"(5.936572658616114, 8.81005035265966, 8.047899790885483, 6.518784496491736, 6.054753557094535, 8.66500299819861, 7.308196735956621, 7.186249683253146, 6.7482176106063765, 7.780717661112959, 8.971238424801374, 5.84318038832108, 7.998062599004316, 6.548290171843933, 5.006849405863961, 10.470120112582523, 6.498447858351449, 8.077311040299147, 8.809659414121839, 5.951044524322079)",-2.124633227123619
13.061807981710256,10.553183529918535,2.244434531689553,"(12.618361826866641, 8.446681724055692, 7.9628618299198575, 13.398466354635651, 12.712754666449507, 8.391378174704968, 10.924231423136032, 9.769976546401917, 9.76832421676728, 10.924919963072577, 9.064255034688331, 11.767409167138496, 10.40554048639083, 10.24770639353973, 7.120334844010037, 14.98031396461309, 13.509290297922002, 7.89856473940842, 12.854874271358417, 8.297424673291207)",1.1177089001136038
15.225687195137333,13.945437690479714,1.4779604712641716,"(13.314485624683376, 14.44297749339535, 14.423600420466455, 13.342144195280174, 12.857905910818088, 14.962472661519623, 13.145879871727512, 14.64340973057119, 13.03107160198203, 14.770578906928026, 16.798250948968224, 11.454047714896491, 15.374007835062171, 12.512909523636699, 15.613270966040748, 12.323562328383785, 16.475795368979973, 11.680701681056847, 13.797604236368, 13.944076788829497)",0.8662271620583726
17.59051728987638,17.94181859632958,1.1645663099181387,"(17.02927697284768, 18.822471252538904, 18.397522718160054, 17.42916134315239, 15.761343062826908, 20.337531768875937, 16.706510660508332, 19.196978950283622, 17.53117920183641, 18.291953677708204, 17.179563372059217, 18.663396340430257, 18.687175630984967, 17.15661611381807, 16.75121368142759, 19.14070562928, 17.855440746646938, 17.95775363379467, 16.443076647587834, 19.497500521823596)",-0.30165848304326476
18.611247090437974,18.538754456666254,1.9728193844220325,"(20.61766997176714, 16.477989938160352, 20.618505771567296, 16.49515960803232, 22.05789553252923, 15.402765680350232, 17.06289928635078, 19.943721948147214, 22.14308164329589, 15.362983995462566, 18.634097098576007, 18.247902047719695, 18.610699086880594, 18.267745369010576, 20.270709292202252, 16.774709200277375, 17.71127121067059, 19.20068311630801, 18.477147557431596, 18.397451778585374)",0.03674570228990213
18.307867814766954,18.622220951144424,2.5724839068725074,"(22.475907341577685, 15.127231901022144, 20.921837058972493, 16.28524612798631, 22.607176697833822, 15.040477226457766, 17.24095448186285, 19.78394652493795, 20.507583262451643, 16.62166084136096, 19.51007678650992, 17.456420793155054, 20.25171846686338, 16.811614650836024, 22.202501171985215, 15.339711951459044, 15.808753351273657, 21.547786398060563, 18.760462700449317, 18.14335128783267)",-0.12219829074058003
30.391756816809362,19.97579272016527,4.1846010900775275,"(15.400745378046292, 24.797658922185196, 21.219223469315043, 18.077979740066397, 12.229265706787212, 31.208631763090395, 22.13276196531903, 17.374719733353828, 20.813170833181616, 18.447160309580244, 23.62763780698305, 16.222197500650914, 20.576652646181298, 18.61707922903397, 21.979167760627078, 17.438672929319356, 20.21523866102453, 18.963311903921998, 24.64501964061729, 15.529558504020592)",2.489117569973944
33.27431917551003,19.810296922460335,3.8046410202465375,"(18.76842330244186, 20.191159110463545, 24.358902907301474, 15.58009274701472, 19.142062693637957, 19.79321927309775, 23.50265958106187, 16.160887765537552, 20.99108965308957, 18.085145346824817, 24.099308489893136, 15.743695864435775, 20.143403966711894, 18.83199341222499, 12.473865970023864, 30.416470846789505, 20.06254333215421, 18.912500620423412, 19.608487186065954, 19.34002638001284)",3.538841688716597
35.253780606573045,36.91408900778701,3.9153367725051167,"(42.28304446437788, 31.883525931518953, 35.84204696858041, 37.617287282377134, 31.03911806056816, 43.400999820463575, 40.42375733852282, 33.360502451176295, 33.86396869007176, 39.81370691957528, 36.02984354568273, 37.42297217184219, 32.362830680780874, 41.66807649219214, 36.92100258398714, 36.5179868160178, 31.70699826705478, 42.51461791234072, 39.376082229462455, 34.233411529147084)",-0.424052513917383
100.353642606837,100.11190100774778,11.368631876613808,"(124.3997427057382, 79.59040594303063, 100.49868043194321, 98.51894837607071, 88.0715555808097, 112.41989120803821, 96.36105872947911, 102.74928247220303, 92.75636540882849, 106.74223782073747, 103.70176854058325, 95.47597641053535, 101.11725876744303, 97.91635544155602, 121.17861917184406, 81.70604239032947, 104.14112006900811, 95.07307670342537, 90.91239748733787, 108.90723649601412)",0.02126391299436001
4.314047111018994,3.925222821505743,0.741275822936645,"(4.13534714327565, 3.606852624560173, 5.523254640762565, 2.6958409084952564, 5.212949279688674, 2.858887484795087, 3.4017984491247666, 4.390457815999526, 3.2648592164210917, 4.557712726823456, 4.057904869662478, 3.689397639275856, 4.3121902434436095, 3.4475366645392884, 4.638603996204345, 3.214551220975297, 3.552265870546385, 4.154664372868932, 3.420801674850284, 4.36857958780214)",0.5245338880376287
6.598343755242521,7.118379563944405,1.260161339340297,"(7.467520679535274, 6.59138613078292, 8.82826645875651, 5.5704356798654455, 5.858469494154266, 8.397724687327528, 6.403508897330625, 7.6921680843400955, 7.926470825554034, 6.201575896403108, 7.069212635220864, 6.975133730049207, 7.549557904500129, 6.508381402279803, 6.787570654598251, 7.250137572351055, 5.145951744236726, 9.51464589388662, 5.255934693016504, 9.373538214699089)",-0.4126739905972091
8.829009966238655,8.98590946987555,1.2589374931271806,"(7.789858573827796, 10.181333025380937, 8.717008056596647, 9.093544988252036, 9.015374186898082, 8.794411192694298, 9.681472697910225, 8.19585483965614, 6.40237558801332, 12.376974514139109, 9.81352378037832, 8.089331485836288, 9.961425359017863, 7.953193533567095, 9.931559721941746, 7.9843496713990385, 8.460837372521016, 9.345838877670085, 9.974946438192257, 7.954975493618709)",-0.12462850975004257
39.61404259105265,40.00423030529835,1.1909521408697052,"(39.98079336020813, 39.99403193205079, 40.84444507876058, 39.14834382155439, 39.16831514068698, 40.82355280745283, 41.58656856279138, 38.449807378581184, 39.59445021228411, 40.38415880872251, 38.51944836999781, 41.51114277737027, 39.65827916488485, 40.31918064067197, 38.61097653392762, 41.41283995574701, 41.07358602044137, 38.93007763607531, 38.03875519925919, 42.03585270449853)",-0.32762669536053696
18.120322130092894,19.942772109864716,1.3241345347538773,"(21.55709154338917, 18.372733588692043, 19.13832450097225, 20.69428707304395, 19.22881314910706, 20.596597371519753, 19.435559083998793, 20.37893256149119, 20.292933091750594, 19.51597161203715, 20.852753754574305, 18.992753507311964, 18.408530598974806, 21.51381818505426, 20.94013532800401, 18.913478199995765, 21.385046806316502, 18.519707626615084, 22.569137909815407, 17.548836704630183)",-1.3763329419624029
5.614000359586922,7.424498042019462,1.5509976610615843,"(5.12159551098331, 10.330094086111048, 5.6122746175711145, 9.420125334083096, 8.902582302695217, 5.940483726873703, 6.696981144066523, 7.904724717908646, 8.881953367925117, 5.950199188193668, 5.387831524526942, 9.833423256972239, 7.62918796320088, 6.92492265070876, 6.293931604978002, 8.404423216784759, 6.72068530198841, 7.83897131978125, 6.325694331997487, 8.369875673039076)",-1.1673116780803787
12.455408280377167,10.670346470085605,2.796356297143414,"(10.003809244536273, 10.664126418952375, 13.421382526173554, 7.9466997745966355, 11.172202470617123, 9.547237290543055, 10.137030419709918, 10.526343623102347, 11.807979259157271, 9.030833223889793, 7.7144195488886185, 13.833926395812634, 8.312104336679834, 12.827964682789897, 6.713779452229781, 15.8883602568484, 6.745063586897131, 15.79583760221412, 8.030419698740602, 13.287409589332745)",0.6383527779042578
12.700038474022392,13.989036246384245,1.914175211262746,"(13.828564126147468, 13.905414232200073, 12.677839168336405, 15.164599238872205, 10.891257638495855, 17.65223021176727, 15.978587387965662, 12.036927671788638, 13.44834758289948, 14.292474813023698, 10.863544202887605, 17.70286216635463, 14.689903248791836, 13.084167052795834, 15.722305954048828, 12.22881932524758, 12.92818643803531, 14.861479944210211, 12.806548389035502, 15.016666134780868)",-0.6733959173525839
15.065386935491324,17.98843493245699,1.9083189691974336,"(17.147280029078697, 18.673124271177276, 17.85645129482988, 17.92950674381142, 19.021357840862407, 16.830668704179892, 15.058436255113767, 21.266643932555255, 16.656982144896336, 19.21687302062078, 16.672977632456107, 19.20299610157454, 14.586468006974282, 21.94484180846956, 20.405546560759962, 15.689489413721924, 18.52674300356376, 17.27727339236352, 18.45206276036353, 17.352975731766975)",-1.5317397375109618
16.68601636315404,18.628009503347,3.0144447450914513,"(14.287873510840418, 23.69886457956616, 14.56182258648919, 23.245393242319228, 17.49408776952355, 19.34609317655328, 19.82893700004481, 17.084223804760274, 16.264870242055135, 20.799156968391195, 20.976052537563795, 16.138437250915125, 14.118971546485806, 23.961103185078496, 18.77997723739626, 18.023177826490652, 17.336341516489835, 19.51456450424004, 16.20694449198798, 20.893297089748692)",-0.6442291381705336
17.19827852886641,18.496392545670457,1.8799395977872777,"(16.266043864929443, 20.84135137464182, 18.412435853743663, 18.40018755929112, 20.775530291236155, 16.302370831155816, 19.33781049886869, 17.54625359372906, 21.598182653591547, 15.668354524564398, 19.390641036522993, 17.474518598952642, 16.14643990289241, 20.959924763984247, 17.065027413127567, 19.85072798755234, 20.65987007513251, 16.381352362003312, 17.740018840662664, 19.11080888682678)",-0.690508364381467
20.760680503864556,20.531780383220426,7.204873491205969,"(20.299846326809355, 18.54805461582082, 22.818910192718498, 16.4773292450669, 34.48825563843093, 10.892939096154572, 14.711827243507269, 25.646223837689128, 18.624342813852294, 20.133385127725568, 10.325272944048033, 36.40913954648859, 18.980358995019174, 19.7596831088086, 23.219889130259094, 16.186012102412743, 28.855966727100558, 13.006733247350654, 27.618729351472602, 13.63270837367305)",0.0317701790216745
22.298696535584522,20.10601656478947,5.492203469994951,"(16.71410670312919, 22.547619321693908, 16.241416138438503, 23.19314610154486, 17.81879699845003, 21.134067897476793, 29.019060066422853, 12.99562598283961, 26.776162032278336, 14.055417791995042, 25.36574651161439, 14.849350192594626, 25.026609535278865, 15.039011381846896, 11.902625550861645, 31.6431142032933, 21.278212275691914, 17.692893939935722, 19.23953584944547, 19.58781282095746)",0.3992350215672303
35.211896053186585,36.94505430415305,4.652456851751513,"(37.42214367083967, 35.933345958009994, 32.370213759083946, 41.538385835049546, 38.351365423194224, 35.05260373984427, 31.093517947868374, 43.256238343885144, 41.01561872152631, 32.77194524783585, 34.13403084537776, 39.37262910265788, 29.394768765506303, 45.730822850330306, 42.09562807922036, 31.935954757552206, 41.68475379843506, 32.27048819621377, 34.46290641157838, 39.01372462905157)",-0.3725253787821758
118.03283541350471,100.2275447093805,12.462006300908424,"(133.26911902171145, 74.29380525848224, 101.70739365311694, 97.34856620399039, 104.2822642555365, 94.94481919832394, 115.18403047217922, 85.9587578460892, 94.08414579412319, 105.23620805081332, 87.24740670988066, 113.48243045461562, 107.67083558650623, 91.9567585539782, 96.41386921392754, 102.69333458213949, 101.42696359220405, 97.61793043488854, 91.37030241246073, 108.36195289264258)",1.4287659847216008
5.906572846618749,3.9889027894767475,0.7908346760617163,"(4.1342085648186115, 3.6863584147495465, 5.234812545760636, 2.914112335525679, 4.597495834584529, 3.327169594484744, 5.047850881160656, 3.0257179868708337, 3.9875409761442033, 3.8583569520154866, 3.7651559287608816, 4.084552740256147, 4.558881018980746, 3.374106377130067, 4.5835821770556935, 3.338369524054548, 4.972704961231963, 3.0985704274821897, 2.8970102493840573, 5.291498299083727)",2.4248684525213555
7.382297979568006,6.981975492519637,0.9000591231593073,"(5.819390580510408, 8.221755439437684, 7.018969485851937, 6.8201123201914875, 8.149027979839046, 5.882325052951288, 8.083010184243728, 5.926356201673862, 6.648626843164162, 7.233095607874278, 7.063048019463834, 6.807009026534802, 7.449003151842963, 6.4552779374425615, 6.508065027860078, 7.367702241759177, 8.923582591479928, 5.393489925052824, 6.618521142117668, 7.2511410911010366)",0.44477354514578166
7.909311127910521,9.014784482736838,1.077949712215798,"(8.68132100287829, 9.219829296069264, 7.570439318855881, 10.575765072387524, 10.549957987360104, 7.593995286808947, 8.932825297897315, 8.966498722183273, 9.879676228591237, 8.12487757750824, 8.930638242461725, 8.986827177060528, 9.868325391964039, 8.133865797369944, 7.101408696339531, 11.284892722071092, 8.57808873854869, 9.362105127658431, 9.623746561560699, 8.33060540916198)",-1.0255333271103548
41.29926541955534,39.99170233594306,0.6218652754212013,"(40.64197807548453, 39.342897966375986, 39.41023039207025, 40.57253650080324, 39.29396072522172, 40.69237769636661, 40.151296897901275, 39.82368260523689, 40.40323637199285, 39.5752501097141, 40.7694032697961, 39.2197604617319, 39.45486724252044, 40.52651713513637, 39.05580486854465, 40.94066649292517, 40.607960644453804, 39.37570512190432, 39.72016838768229, 40.2557457529987)",2.102646883967982
19.485248380375236,19.940869548571197,1.307544421085814,"(19.576955102698857, 20.228657206165053, 20.63122988553103, 19.19503494434174, 18.268671662170647, 21.67632185331459, 22.547378379063012, 17.563942137094426, 21.40880397100978, 18.498347791598807, 18.406122759964084, 21.515685056560272, 19.198419564000943, 20.628162830666845, 19.701382761681245, 20.101119776626366, 20.820606430697758, 19.021032654526554, 20.684404248991473, 19.145111954720374)",-0.34845559420275984
4.889059571301578,7.402082468581643,1.7041999510486934,"(6.516741263925556, 7.999046559065772, 7.063822169027955, 7.382383564061796, 8.363868114098318, 6.241168563372507, 7.2419321585217515, 7.204558798329824, 4.162733803225978, 12.570705317050123, 5.972259856387101, 8.760254173297476, 6.1953065281951805, 8.445863492537738, 6.311682909994839, 8.272448143599826, 5.8539053553316185, 8.944576521767344, 8.040044533589437, 6.498347546252711)",-1.4746056621663763
9.005890943316466,10.562128910417387,2.432741675931298,"(8.24401380305383, 12.867149797104542, 11.942606319044485, 8.883236170722732, 10.562790759766788, 10.045845837196506, 10.631284736007242, 9.980683896726521, 6.483941969238385, 16.378808448948696, 12.53394320612914, 8.472284037237074, 9.351104138068813, 11.356715104624868, 12.822501563627128, 8.276785945741501, 7.535512904423625, 14.095873473044751, 11.724234310385157, 9.053261787255952)",-0.6397053918621117
13.650912804028653,14.016900127852736,2.2657929304408975,"(12.405682847353527, 15.44378954461046, 14.931375446411591, 12.832315628384372, 10.490988753950408, 18.263454435573315, 13.633013623913614, 14.056199006849262, 11.042794320488015, 17.362060448176983, 17.165878297048867, 11.168034310118248, 14.086111735530029, 13.610973764424639, 13.196600442432354, 14.522510214305536, 11.199382556902814, 17.121392794857066, 12.62037064569955, 15.185073740024134)",-0.1615272600187987
15.13080547195971,17.922138099853093,1.3784968546599272,"(17.69542051336708, 18.048234004518484, 16.281927948536136, 19.615602145446463, 16.10871814008332, 19.823278233955797, 16.94102258638673, 18.853530170250675, 17.552799905751442, 18.199272941939604, 16.32643568924753, 19.56483080123214, 15.751819746941738, 20.280197452526046, 18.153085407662928, 17.5949100018588, 17.627811506973597, 18.122581527522428, 16.258156562461632, 19.643126710399244)",-2.0249104076352795
19.100158088986095,18.538042880438184,2.4318462699743124,"(15.770867446155648, 21.433906114084945, 18.476625125572816, 18.296467632446184, 19.469554433268982, 17.35391678687416, 19.11772897865164, 17.685754617338564, 20.780062839242976, 16.277620689122198, 17.66758146514894, 19.140741368027783, 23.946537428400962, 14.125476243302103, 21.824778338932735, 15.492358707225955, 16.154193449553762, 20.941141352866826, 17.574150432114276, 19.23139416043221)",0.23114750939986406
19.269445077137295,18.5191491188476,2.3714930404293417,"(17.81187276262115, 18.94757545823489, 19.897524445678528, 16.96399213094149, 16.119603827053304, 20.91744234209828, 17.29987949484291, 19.517298561377743, 15.825991237903756, 21.35179237875453, 15.80357691919936, 21.37227763367775, 19.1513807946928, 17.644970357851303, 16.423568075027326, 20.559313405956026, 21.133528683668878, 15.992836452015247, 22.944237094853605, 14.704320320503042)",0.3163812608760001
16.291178589805103,20.25961728584855,6.026849768220129,"(26.1884073044555, 14.396552228006772, 22.380490574222783, 16.850702535461966, 11.210037719693295, 33.543444204769926, 26.39052476576664, 14.29888552984655, 20.4682123526026, 18.45833769250049, 26.205317912604862, 14.40135061160861, 26.87934937480565, 14.05707139312075, 20.31789792054894, 18.5705445299559, 14.171897632267088, 26.668152811760905, 15.597182312225266, 24.13798631074642)",-0.6584598668726099
22.199655981344154,19.942592501921673,4.752962695100551,"(15.002466572480106, 25.09690355664524, 19.50410061865422, 19.30622514163132, 21.76803961626322, 17.281905112992543, 15.348878182683578, 24.537762365501486, 25.17520978760245, 14.966486764048906, 20.222891694188945, 18.62483094429111, 16.907043481827447, 22.28633647069221, 27.28405673863563, 13.803522212405195, 26.834185012926746, 14.042864908052087, 14.025945735368495, 26.83219512154246)",0.474875067239452
27.55513405192165,37.074622207510345,5.955838140933471,"(47.21679220290116, 28.414779974395863, 37.35664728924573, 35.91428004967934, 47.63034306620645, 28.14815857183235, 31.47751212600754, 42.620567811350625, 35.34079571367508, 37.948596842990355, 41.81552144257707, 32.06730591075346, 40.29022806331508, 33.287307080207846, 40.34858714395335, 33.24504880257937, 32.21912886633432, 41.621815894428636, 44.184882221418114, 30.344145076355197)",-1.5983456786984953
100.05517045119024,100.24766428465227,12.557756031741038,"(83.01989435318129, 119.2612542952893, 96.24483335566684, 102.87363505251554, 108.43061235538198, 91.31213142482865, 106.39085809051292, 93.06300840243206, 102.3954985735651, 96.69406761998013, 115.55423175953595, 85.68298629176732, 111.68523216762152, 88.65127019122342, 79.07317575521814, 125.21372908893507, 110.34080665071171, 89.73138148102659, 93.96221400500797, 105.37246477864372)",-0.015328680775091474
3.8790448985534365,3.9860090344185375,0.9538798310312714,"(4.853617901714939, 3.079306936587097, 4.262203210814368, 3.5354028826703425, 4.034077167026781, 3.73292962278917, 3.377786649056354, 4.4696722737155286, 5.934008832357699, 2.5327335749362145, 2.9948496318093807, 5.047177645535226, 5.500931831076358, 2.7447256236567967, 3.934862688878205, 3.818402776226417, 5.246425472523173, 2.8716053443268725, 3.7597138581967093, 3.9897467644731197)",-0.1121358607084275
6.153601930869059,7.043034401254484,1.0220444280181038,"(8.399369590295523, 5.76589838684795, 8.359304867975263, 5.819351417790373, 8.007213350195666, 6.073162035300504, 8.136267406085821, 5.985308193052139, 5.937578861736937, 8.182111041735041, 7.058960755947241, 6.903090595560648, 5.792706105035327, 8.406843206221602, 7.682103096846687, 6.322573215852213, 7.283589115088314, 6.678691512054774, 8.003091622169205, 6.063473649298453)",-0.8702483434210067
9.05214846739209,8.997902296889944,0.7912717428123585,"(9.157911277478412, 8.757174840882922, 8.153830840819484, 9.859989896943981, 8.443799384972852, 9.5196352074152, 9.200030612918843, 8.744225472647859, 10.725116007218778, 7.491324357547373, 8.516255443681596, 9.44947852392824, 8.586337590838255, 9.369009669457286, 8.039260987780438, 9.992188843560925, 9.183191866708887, 8.7553465841161, 8.091688682660061, 9.922249846221364)",0.0685556776099997
41.134723117094325,39.9926983701615,0.7085835444460264,"(40.35282704624664, 39.623992567284354, 39.27345693151693, 40.712955983324704, 39.91003617738911, 40.063556576263416, 41.32240881489125, 38.69421940689658, 39.54689657919579, 40.431568512531214, 40.00186554122581, 39.97153157404466, 40.56384233898949, 39.4177959743939, 39.83386714641904, 40.140199720534625, 39.51258451847665, 40.466625532613, 38.73783779665192, 41.27589866434093)",1.6117009149932569
18.180246833352108,19.946703290221894,1.4489373241246368,"(20.46200054216649, 19.346390039109387, 19.251449307124197, 20.56391639313859, 20.54222225109455, 19.271656848309473, 17.177575189868204, 23.047030137433627, 20.404719936776484, 19.402113563378165, 22.10515567983657, 17.90933459209435, 20.65218591809941, 19.169308008379325, 21.60727735167581, 18.321653456532783, 21.39525457606498, 18.50389610989336, 19.508324007581038, 20.292601895881077)",-1.2191393150404044
7.204711860089681,7.498708344595123,1.8482634668625437,"(6.525274321707678, 8.126630123364796, 12.448429808123315, 4.273417496622937, 6.653725474832328, 7.993175720349983, 9.272945543173002, 5.741268492738694, 6.776024704758351, 7.843561093584594, 6.596686592447732, 8.074094991070652, 6.105923462446928, 8.719159640377796, 5.262744439993646, 10.097178193727038, 8.289838129058605, 6.41716302706997, 8.534963017253514, 6.2219626192009105)",-0.15906632889547156
13.260877473932394,10.471386806305544,1.8370417435269883,"(12.34542779506702, 8.61597444567945, 9.873613314735465, 10.783727400830466, 8.88383733924476, 11.984302811305135, 11.753323689900624, 9.061460828834731, 8.89912435661851, 11.961943762228145, 7.984807688980781, 13.339814581316134, 8.494325015932501, 12.537827515897176, 12.80627902505216, 8.311527196763757, 11.371939663069288, 9.363422930748671, 12.628063695341913, 8.426993068564174)",1.5184688521400873
13.64897236849693,14.070502189034208,2.5044336808615637,"(14.980966427234106, 12.815334651468488, 15.788691433308587, 12.167950950338877, 17.436389782041502, 11.017539738746649, 13.745305635788142, 13.979597141796335, 18.797787007608655, 10.219643120490277, 11.799775716669295, 16.285399304716478, 17.318927347272055, 11.094593179912687, 11.007081610148616, 17.45040056058421, 12.979514119367689, 14.803129474380368, 14.145502594401126, 13.576513984410004)",-0.16831342900334492
19.91351860989573,17.983862796154202,2.1170568545781423,"(15.056976935281543, 21.194456908277434, 15.761532646986929, 20.253070181079437, 17.36148538503037, 18.386082674480814, 18.831230553613963, 16.953263188483838, 13.939352889162505, 22.90218780397085, 17.557038776740402, 18.183337779569165, 16.990155192024613, 18.789571524297088, 19.055247825668598, 16.751082857599158, 19.517901238781384, 16.357015120754713, 16.54299652803277, 19.293269913248434)",0.9114803929656585
20.26710508329818,18.580688176000514,2.9201488570071086,"(15.818617083053761, 21.3006324995164, 15.148561937473506, 22.26156597653349, 21.188256761378785, 15.91446797300354, 14.394263114373235, 23.434782881424812, 18.679586301378677, 18.057897986592607, 16.852930089278086, 20.014490359655454, 18.630516307599578, 18.103785210278257, 15.364881124282244, 21.943735617872864, 23.30935955344681, 14.47259462432917, 18.61412890069893, 18.10870921784002)",0.5775105961639546
18.92221844551247,18.544510156965384,2.3164376079992994,"(18.71989403597633, 18.072842919903188, 19.2188697555833, 17.632337595906115, 19.074821098992572, 17.762368216710165, 19.64318072280767, 17.260912617262942, 14.556231368736851, 23.291193031787476, 15.51560593042215, 21.849937388466692, 20.14723924991959, 16.824911180980166, 21.785949211926663, 15.548616978657144, 20.364264921344866, 16.65157512507407, 16.721680642996553, 20.247771145853175)",0.16305567101948082
26.725777557901434,19.634147587725334,4.386989242382984,"(20.490532834972857, 17.909399442254312, 19.526302588417902, 18.85422267968617, 17.55846928076414, 20.958923999763805, 22.299278752161865, 16.528247485820014, 18.491437009383553, 19.93696096524015, 31.36666005319405, 11.744666314593337, 23.448123051227892, 15.708869035219745, 16.156297240318512, 22.770785658214887, 25.041476406392125, 14.725248800675176, 15.58329299661485, 23.583757159591343)",1.6165141007558008
21.338782586271652,20.136755787947727,5.715429277750608,"(25.218333341659193, 14.955995196139192, 21.369386830268407, 17.66870509044609, 15.630364498463413, 24.152965619053127, 23.911461695006096, 15.796225656497617, 23.12745948600785, 16.33296445683724, 19.253891187719425, 19.614328052798246, 20.25887962094165, 18.64047205432036, 25.559133604064975, 14.7688655397927, 19.973477067704767, 18.913495735927114, 10.053136322958581, 37.53557470234844)",0.21031260119047435
30.82076424791828,36.91229762552854,4.343554149458688,"(41.309365391115804, 32.5535986690902, 36.75462113177085, 36.58392474851005, 31.775143080545597, 42.31505975599259, 31.699372528827123, 42.4179545816915, 32.18833293310224, 41.78961315386762, 36.32484249682808, 37.00893787363183, 38.472625215830405, 34.946848731191096, 36.35818628789689, 36.98522023359383, 30.346043697681942, 44.31919537323012, 42.33281142175223, 31.76425520442069)",-1.4024306289284802
89.51580069235573,100.03366827716711,10.628948978935595,"(101.31667930938704, 97.72236762818956, 97.07604025785297, 101.99114751081358, 97.72177275259162, 101.31718783378263, 103.96533905273988, 95.23265034938592, 89.26971305812113, 110.91007870205627, 85.57683292354128, 115.6958727052939, 93.73571786084294, 105.62560240948018, 107.6923814412359, 91.9368689369909, 126.6760986053362, 78.1592059708894, 101.64844908479563, 97.40335915001482)",-0.9895491648003625
5.539221872728548,3.797764376915264,1.2083299979059825,"(4.277442397252648, 3.041337852052823, 4.6453175439200365, 2.8390829961414927, 2.443812716935886, 5.349488568181783, 6.512363701048292, 1.9195720374582492, 4.623145082560358, 2.741393506811079, 2.3420943443551026, 5.687001051726567, 3.335686667167863, 3.975853983269846, 3.6419404838842957, 3.634354727560052, 2.7426002620739873, 4.871128560156338, 3.868218461423594, 3.4634525943249796)",1.4412101816814968
7.334782268332468,6.723949325963844,0.8643812771914897,"(5.144979737186627, 8.615839644985021, 6.076758533739649, 7.356319656202657, 8.35186613261416, 5.321814381833858, 5.877978912337623, 7.359991728007363, 6.09053632534437, 7.166778597490878, 7.18811002745137, 6.25542729660754, 6.5856910279358685, 6.808281467443489, 6.943221865953593, 6.450414928689068, 6.40924566022561, 7.027175437029793, 7.0374149602880705, 6.411140197910261)",0.7066707233101072
8.148007013710709,8.756448471148719,0.7246788458837891,"(7.88603671087563, 9.636000937597988, 7.59446412410288, 10.058828843582464, 8.072587611568991, 9.427197780039672, 8.194135661233238, 9.13404804121896, 8.138016229588766, 9.25127234576783, 8.654217604791343, 8.858231251502364, 9.756557732370103, 7.842520455018869, 9.149629430011625, 8.35724728427578, 8.303117670308099, 9.24124504466993, 9.412952140282673, 8.160662524167149)",-0.8396015157527877
40.26673124429852,40.00040993920041,1.1448889285757384,"(41.06895259030015, 38.92907254729565, 39.95714156338168, 40.01303635716258, 42.31715451949385, 37.78087915379759, 38.53057785848579, 41.491589836907345, 40.18304371891817, 39.78631736610027, 39.45043263307231, 40.52736802450999, 40.3350743920117, 39.63817099311145, 39.16163000079676, 40.82583341470168, 40.079132402591455, 39.891684340036605, 41.69822214038801, 38.34288493094517)",0.23261759149808375
20.6538040187261,19.937520707373807,1.7505097684728583,"(21.00017435673892, 18.786910533934698, 22.21340388834968, 17.76937075567503, 18.010190060519275, 21.907354752754394, 23.676033043935163, 16.641633565569148, 21.34384484535295, 18.471451519363168, 19.85404081506884, 19.886321414372688, 20.591502954682646, 19.170151678271253, 21.635421717691944, 18.244395031475072, 21.02328661583971, 18.78111896920615, 19.757880690468074, 19.98592693820735)",0.40918555511813937
6.394739081050787,7.308093305336441,2.2962112617239434,"(9.601938213344416, 5.0516711124991645, 6.44347408416477, 7.5885881282717405, 7.862929188303246, 6.184450917506304, 5.370486614079307, 8.82442788608594, 9.59929022053274, 4.979515116603844, 5.809626756459925, 8.463414850905615, 8.956062229616977, 5.475062223368118, 13.0364142154451, 3.7573727537104076, 4.925677264268239, 9.997724994929769, 8.266533451301482, 5.967205885331709)",-0.39776576289410254
12.090318221278052,10.248106203381415,1.2813295527263076,"(12.846765889405365, 8.042433664124072, 10.27469838737976, 10.08892501950207, 11.49891997341976, 8.992576420288177, 8.682692017559113, 11.78771284157538, 9.486383148323075, 10.830203820561424, 10.305132182251926, 10.080637982718898, 10.529289383930596, 9.85384047835344, 8.655374651150309, 11.982576893599866, 11.591501305758241, 8.966562533084701, 11.07284763520962, 9.39304983943252)",1.4377347451145024
13.1146857180771,13.857986346380713,2.235147774608385,"(12.646315595633991, 14.79562598709849, 13.423860396734945, 13.98260208209244, 14.406608448694186, 12.995803372534244, 10.260884695315386, 18.0746434356745, 18.095087336268666, 10.288932073928866, 11.005909566020806, 17.08691688621996, 15.632294230424634, 12.014734831822457, 13.520134973880664, 13.887195405817522, 14.191478929631621, 13.256511970895252, 12.345511314903018, 15.248675394022602)",-0.3325510003175719
17.175871374642316,17.82925364466557,1.7986805661942014,"(17.408076882456296, 18.068713199445753, 14.902202314841288, 21.153460192916413, 17.269072197352532, 18.22041807938989, 17.541572004756645, 17.82274565779015, 17.788265495032313, 17.624737911091497, 16.30429871370831, 19.35850282504333, 16.085384031422908, 19.603723167999327, 20.566535102487684, 15.32921641984899, 15.313098569349883, 20.61598731755462, 18.88365109574921, 16.725411715074294)",-0.36325642379387846
20.98257334131764,18.081632856515338,2.1234123237042137,"(17.086761683947998, 18.83613451509352, 18.326873350603595, 17.672494996001685, 14.274251318358026, 22.569446307918657, 19.35339458683818, 16.343580704298308, 20.6316655138443, 15.454480086113989, 18.686022303277014, 17.394760075186525, 20.09467586770242, 16.13220407050744, 17.93776524260418, 18.061460987714717, 15.122973523329396, 21.506129993785514, 17.07105830549215, 19.076523697689066)",1.366169185521971
14.448348712969972,17.681661099791796,1.4732111003617003,"(15.403873742832673, 20.065082798795565, 16.004821879216603, 19.5341706924859, 18.69851960005054, 16.559324792275145, 16.11342827305868, 18.58404196813062, 19.838847935701374, 15.315770106732504, 17.54139590527004, 17.939434203507222, 17.545545323403825, 17.84840988545544, 18.72360081094575, 16.707569778920718, 18.52592349630774, 17.00512646531174, 19.40742270615409, 16.27091163127979)",-2.1947380019251734
28.70700628956145,18.085846294860506,4.510596287820536,"(24.206861787334738, 12.56609736869853, 13.924540105299352, 22.477647919122564, 14.048180145420456, 21.74928871934855, 24.684072550243485, 11.389550207272055, 17.845669130046122, 16.336844485556746, 15.05368444754372, 21.13092295135027, 14.4481965461978, 21.751707825061047, 12.434069516624993, 25.208219186904522, 21.150749998009417, 15.08131819015378, 20.814396256450063, 15.414908560571858)",2.354713061636681
16.005459157638473,19.310506863460258,4.775442445718453,"(16.561335918838733, 21.163402980508334, 13.081189047335299, 27.057314851259743, 28.963550534925663, 12.1188968235392, 23.1521049957751, 14.73632299216501, 16.404619203204277, 21.059889722147854, 16.206817654397984, 21.95943341680045, 20.45459958819239, 17.326571639975374, 13.259040181646915, 26.70566786088783, 18.853135242080803, 18.894323132244107, 22.104524416016567, 16.147397067263498)",-0.6920924591573733
24.205663650442222,36.615511737995774,5.143344876858024,"(34.776561921735265, 37.805378983635194, 49.952173225054786, 26.392108924791817, 40.31279319697204, 32.62278386764637, 33.17373041339603, 39.34180278923912, 36.93248781898359, 35.466592141441595, 43.334788753169185, 30.465496493289407, 33.96581397150193, 38.82134259937227, 38.34597825728127, 34.37938318530404, 35.65100698397588, 37.038186154845334, 42.294303928995326, 31.237521149285044)",-2.4127971941742516
94.08674973721635,99.99288905022061,10.202259473537444,"(85.52719793887258, 115.75770966800152, 103.28253531597008, 95.85852065379326, 95.11019134417883, 104.09441301472361, 102.80234705441364, 96.30347875372453, 85.43957945194903, 115.8752096568562, 89.32231413797376, 110.84073111102231, 99.5765252882924, 99.4261938841873, 98.4605566435067, 100.55304675916199, 120.34856027680043, 82.26566966380898, 100.4930003643622, 98.52000002281261)",-0.5789050286677737
2.9206781542111733,4.188698632456462,1.7032601876971818,"(7.079818134298221, 2.1396995051318757, 2.8571337331249738, 5.229488059574523, 3.7290123038676923, 4.016451971068906, 2.6565747785994858, 5.589648337497719, 2.1625076400379597, 6.8916735434403416, 6.526233294927691, 2.2882601296850367, 4.869266382859033, 3.070518758739304, 4.997310715361291, 2.9850538659589096, 3.8233722934387, 3.89582388976256, 2.196080078475244, 6.770045233279782)",-0.7444666924080813
6.9719358910239775,7.008224620621636,0.9135041691168702,"(6.250621113594884, 7.794430454791978, 7.933460962764039, 6.092092472907741, 5.584922394362547, 8.66416422087727, 6.128860018906862, 7.860094119744069, 5.994895409304575, 8.050998055557919, 6.685325721932741, 7.22721212894985, 7.360084418996504, 6.568742578298832, 7.111828480824865, 6.790047745323251, 6.565969570431714, 7.348566563087397, 5.7088597796463905, 8.443316202129276)",-0.03972475531528304
9.233465135983517,8.975235169197001,0.9564770457413383,"(8.36580322441555, 9.577418087001254, 8.63026402622605, 9.233964118628743, 10.837657508220122, 7.3576905974898485, 7.923928275301273, 10.037717598292307, 8.956835228803214, 8.88986754538617, 8.316688522620986, 9.57997579474859, 8.570312533343836, 9.299961357662866, 7.621806272940623, 10.450339687033999, 10.230930097866345, 7.78132789878855, 8.76176349338644, 9.080451515783226)",0.2699803073542335
40.813938735918086,39.994212118766086,0.7275320450556638,"(40.242066100941265, 39.73625120653791, 40.89000546264952, 39.10570443931337, 38.79267716397947, 41.21976603982682, 40.444556821021216, 39.53644588587936, 39.88032501584413, 40.09573649792389, 39.03456218243777, 40.96445439482966, 39.62950783418856, 40.34944233516471, 39.762172989949136, 40.21489483974445, 40.30300827339088, 39.675239187960486, 38.878043480614146, 41.129382223125084)",1.1267223522632357
19.167179438165544,20.09329482355531,2.8403296538468217,"(23.658300511764732, 16.75154276416775, 16.22075153425361, 24.42200399443226, 22.96972971343643, 17.24562306946102, 22.214953529362855, 17.831629596610757, 21.974588001873432, 18.026769888258, 19.987003696948825, 19.81949661635057, 25.522504805127678, 15.520967360947708, 22.046937449148874, 17.967851735120085, 21.14860112969339, 18.730773603672944, 19.992443283048363, 19.813424187426886)",-0.32605911927704456
7.476853719168982,7.605279467976114,2.3980808857893487,"(6.5539115428000105, 8.093347900010134, 9.213390698256068, 5.72104049736027, 5.313395428358337, 9.929174418508758, 10.415843116645378, 5.0478112034696325, 8.559251180921434, 6.151708259136028, 3.91836313655647, 13.448756768152158, 7.597484316228051, 6.939485077749682, 7.605212752489656, 6.926172100861256, 5.692090579212095, 9.248230357851837, 4.821618371725777, 10.909301653229239)",-0.053553551745549
13.745517293305753,10.39978708377946,1.3734465368844733,"(8.23718215138551, 12.94690423324603, 8.977834306942924, 11.849226037186572, 10.609683533562293, 10.028832902931146, 10.882751507256497, 9.767433283954535, 12.759552696989415, 8.334374409364484, 10.815216735037477, 9.835099205105276, 10.461336625115996, 10.169370800554068, 8.82018842174723, 12.058414839312825, 8.999105618297602, 11.816112617035985, 10.061785047322186, 10.565336703241108)",2.4360105178289273
13.49794883679923,13.910888302791546,1.2468731837961269,"(12.81744564431674, 15.019951650177294, 14.073635595825225, 13.644992204712857, 13.334245787501926, 14.401803745318286, 14.671314545174175, 13.08223614697013, 13.423654598594235, 14.301792023248828, 13.549606084954059, 14.170863833655265, 11.873413815356722, 16.17301960386009, 15.475174576754332, 12.407204301706185, 11.747207297708469, 16.34189025493216, 13.9415482954487, 13.766766049615203)",-0.33118000399616837
16.036041746711273,17.94757071183963,1.2441117185104191,"(19.566588152818024, 16.417851057891724, 16.870196204752663, 19.005572117618126, 19.127083414833738, 16.760875718750125, 18.761508978730543, 17.085797960725774, 18.49079421808563, 17.33713157144505, 19.01479661425308, 16.860056745328336, 17.19179064643201, 18.648532269242946, 20.21645039233839, 15.858299926457459, 17.410712159749114, 18.412245422170386, 16.562338305573597, 19.352792359595988)",-1.5364608633515975
20.2215036445029,18.48659733141168,1.7087399617338643,"(19.095621912292295, 17.852477754929776, 19.1709899803201, 17.679750970441187, 15.029797893373612, 22.541398613535836, 20.571761650521154, 16.465514112858585, 19.349901355153268, 17.50820815736083, 17.735225621526276, 19.10421549162566, 17.29499264890768, 19.592292113225767, 18.38315467312996, 18.43252547548267, 18.752048660604284, 18.065332207656873, 16.187087477471717, 20.91964985781603)",1.0153132436434644
18.982745155240167,18.62317827880594,2.6904445946815754,"(23.092935050512807, 14.88587449492474, 19.203664095458876, 17.7012597436805, 15.022118213011282, 22.60956317484224, 19.56965531231243, 17.34916523049891, 20.022015627847296, 16.962651672612544, 17.97900396442301, 18.893935736220698, 24.111352282122343, 14.091017395239877, 16.76373463891748, 20.26720524126281, 20.645356507103262, 16.448630860609004, 18.64421537046651, 18.200210964052225)",0.1336458952341971
25.15166445571731,19.989885682665868,4.772109221237022,"(24.08164504709043, 16.127969371322088, 19.66857417550888, 19.239918641097205, 12.532746334862622, 30.124781755907875, 24.914332476438084, 15.153025181704393, 16.290560397578965, 23.184401032926015, 29.059741438446004, 13.000691674852149, 18.237942848817074, 20.720845776670657, 23.811692999814014, 15.874460997127443, 18.488356691724007, 20.424223843693664, 20.198599650840187, 18.663203316895558)",1.0816556230692076
24.690712221630857,20.485548495675616,6.5958210754207585,"(16.193694332272575, 23.630396270260434, 18.516169854935786, 20.487873011225965, 29.881807395833334, 12.685578650773394, 12.993824154589953, 29.17171921564265, 13.428366181448254, 28.231983727005197, 25.28541466841354, 14.99474050018116, 29.70127860838817, 12.766658705224076, 23.387830195201584, 16.2141651498331, 20.430823821318054, 18.55446636560713, 30.88854359040501, 12.265635514953033)",0.6375496966747217
35.29877982354485,36.94443469462195,4.431889429666563,"(33.920601442965776, 39.81494463183139, 28.621347406609015, 47.03946516609518, 33.31819342480914, 40.383660013259465, 38.95866646285775, 34.56167765284958, 37.57232520736743, 35.82835131705174, 29.414283942560658, 45.76006870890055, 35.60229815593847, 37.803607451474974, 36.83104552294586, 36.55145708810749, 37.79428336279823, 35.61926563662015, 34.67413879215107, 38.81901250524517)",-0.37132128343754983
114.8915662589916,100.05065099387771,10.737357674427285,"(96.25999912960167, 102.85816288501398, 85.69966034065783, 115.53172536950409, 108.1154960483242, 91.5780512894264, 100.0061002470537, 99.00433757258848, 110.4003758629794, 89.68290706896806, 98.47908554384165, 100.53932974686568, 91.65861130519309, 108.0205907489968, 114.70930510937384, 86.31407701098351, 117.38797266257903, 84.34448988706596, 112.09807909264202, 88.32466295589482)",1.3821757377478334
3.6934836505731523,3.9841305104817764,0.7273766082300228,"(3.785485914983521, 4.066946455899615, 3.1110365291144837, 4.970786408187528, 4.8049812808478976, 3.2055255701841183, 3.692385101984835, 4.178624463560686, 4.2182877991681185, 3.6541452701582617, 4.069718256796531, 3.7793830526861814, 5.890946559797127, 2.6115863571374054, 4.108520153449987, 3.739334459170819, 4.658948711392902, 3.304357345426099, 4.173093549715906, 3.6585169699735207)",-0.3995823575023614
6.359244427625207,7.034500148090458,0.9122205803319996,"(6.357230942716201, 7.661984367274791, 7.73846791179284, 6.309693499590423, 6.266848416746442, 7.774099067022095, 7.1015871332837275, 6.8672426027060025, 8.540632745068443, 5.7066283787695955, 7.9274077309952835, 6.14119700267664, 5.595827383933156, 8.70083183383066, 7.759855749795413, 6.2696884733003335, 7.751687079146591, 6.28391523178148, 6.746790259910341, 7.18838715146868)",-0.7402329381995459
8.788987557395188,8.995064912729827,0.7875964377782,"(7.622097210767797, 10.53973688579864, 7.588803769277944, 10.600619136597773, 8.520092285448124, 9.429634683894259, 8.143724960528512, 9.871713690848319, 8.931450048379881, 8.997175344634947, 9.024104748985241, 8.899541035014375, 8.41596403746871, 9.542843585472072, 9.12226211170949, 8.800321953298884, 9.257462717270533, 8.67848452080314, 8.660761741702185, 9.25450378669567)",-0.26165348832198937
40.70040228688482,39.99858004011672,0.9518535099639074,"(39.26302464055109, 40.72599020844005, 39.78621700302512, 40.19049534668006, 41.05668741177976, 38.946728152396666, 40.643378352386016, 39.34290790563422, 40.37901763899382, 39.60033463860251, 40.52930250366118, 39.45353930514135, 38.31981640434705, 41.72833803929418, 40.132540501564336, 39.84354344165839, 40.69212469844243, 39.2957751114068, 41.64579342188433, 38.3960460764449)",0.7373216985822825
19.042392515670652,20.05628012015103,2.5269135351028185,"(17.480809223875433, 22.665529190473546, 16.374609494210098, 24.198030198512168, 19.74413037395326, 20.067047280874586, 18.6222876006746, 21.27711988686929, 21.600093329521133, 18.342767696832503, 22.37246435138569, 17.709493988155604, 16.804734204976647, 23.576616187954933, 22.00574657948867, 18.004168690013476, 17.306713113285884, 22.89412645854604, 22.35727610092955, 17.721838452487358)",-0.40123557470244936
8.138722776588368,7.446125794087131,1.6664047070276462,"(7.230612979299522, 7.3139894484527055, 5.253212306661025, 10.084896436719053, 6.952974876207059, 7.607140569046335, 8.877136139435237, 5.962699498484093, 6.293224907005522, 8.407008041868453, 5.551513654455916, 9.522556314514203, 8.30494956080494, 6.365835621487514, 6.421966009148577, 8.227888324056913, 8.661551571119578, 6.105906045996846, 10.972907356719102, 4.804546220260031)",0.4156235154523884
7.584459006691418,10.642764849560404,2.6604407549796574,"(7.550943668167674, 14.134783010325359, 10.382131583331764, 10.286398982265286, 6.9061378936624935, 15.454800233831968, 10.36177466091144, 10.303755785681284, 11.672195574586029, 9.144942177283403, 10.064571262622477, 10.603174482489685, 13.90803408735064, 7.672976431615809, 12.421941788951514, 8.589428899199921, 8.192170219788638, 13.029093619555045, 15.126689710371416, 7.049352919216225)",-1.149548561509828
15.543913306601452,14.13013826740926,2.796552809114286,"(11.671065713653636, 16.487126876886382, 18.400591864685342, 10.462352518049013, 12.959534944979202, 14.847527831499685, 11.410477978104058, 16.86850403771749, 9.405517256567668, 20.458688429944175, 15.41046036455318, 12.484970209218423, 15.991966678763065, 12.030472116642596, 12.152697002569916, 15.829198329560668, 14.901443303777127, 12.914281774311068, 15.538834716241093, 12.377053400461397)",0.5055420496922272
19.8079313903175,18.19309743483245,3.363075343150133,"(15.676918793835812, 20.448905351045298, 18.232383097109075, 17.5875947666395, 17.103498352541322, 18.742344805320307, 17.816004923976585, 17.99725214975511, 18.4443147553278, 17.379873945952014, 26.135978688756722, 12.26470264540397, 22.50217017411264, 14.244436670089824, 16.603905668711572, 19.3034783833642, 13.467491589537767, 23.806184762192316, 20.36329720991382, 15.741211963063328)",0.4801658573525932
18.419982445297286,18.497978575780763,1.767847150115668,"(16.796838465306614, 20.19596669775471, 17.008147045737072, 19.9612325064409, 20.074452881600738, 16.895736436619384, 19.802672309846628, 17.14068342696373, 16.298357772908865, 20.81006669758554, 17.796902622463875, 19.056461697352844, 15.133222469861327, 22.406348342340394, 19.34112677062308, 17.528849628847258, 17.64203819931651, 19.234811261520292, 18.66558080937609, 18.170075473149467)",-0.04411927268620135
19.408640182500395,18.535492053333844,1.7717435246315882,"(18.597950242998092, 18.314344873220964, 18.7694827114423, 18.17553593915729, 16.404971222975476, 20.75591401794886, 17.684334723813553, 19.282895644181803, 18.71108775893002, 18.197468299550426, 19.38618265728574, 17.561406805770233, 15.289229445433888, 22.258808516798197, 18.023820729802022, 18.87602121728097, 20.200610442758325, 16.872261257402815, 21.54420597599454, 15.803308583931354)",0.49281858069616025
13.950713113181623,20.149418860102028,4.870349882969265,"(24.31889051080807, 15.784797937064802, 23.155758783580804, 16.63366321082033, 24.24677608185182, 15.81882640678692, 18.009401065708744, 21.370700687914425, 26.051577643268303, 14.721132468707774, 24.638533796880324, 15.563635683014576, 22.00364573649206, 17.41081811633517, 13.04021958005616, 29.36146506763039, 27.088665188840807, 14.193109574598195, 22.574403948874135, 17.002355712806725)",-1.2727434159496755
27.780162907003582,19.994382183802166,4.8690296383077944,"(18.923721589207112, 20.002821299941825, 13.765953439557912, 27.528467260328775, 18.584795225348223, 20.362166562355227, 24.99313922163955, 15.158446574235294, 21.525057898054467, 17.580106339502557, 20.178294955761242, 18.75258487207651, 24.947649925540496, 15.162850424727571, 16.884672911382893, 22.399190105801775, 11.611535480771478, 32.616165321378155, 19.440068339261362, 19.4699559291709)",1.599041554798858
36.308195477540444,37.10611740216729,5.368316279139086,"(45.94697884247563, 29.37254290184547, 40.75601181875481, 33.120406159175865, 32.71817840689504, 41.24201510390652, 40.82922681067075, 33.06324296824253, 31.849193588475654, 42.3637338233772, 41.83099635307423, 32.25947853794656, 40.18005282351151, 33.578868910509804, 29.913555017348276, 45.10443165408871, 31.336033957278698, 43.07895766033104, 35.063436613591584, 38.515006091845954)",-0.1486354162342333
97.63443457418082,100.03922529081356,10.631613224260423,"(97.79590522023648, 101.2415120860582, 119.07851136873248, 83.14690013329825, 86.68111607629665, 114.22325972365006, 94.22144406805675, 105.0823765231483, 96.56829069971509, 102.52843963612848, 90.9893393854645, 108.81497432132869, 96.14906560134516, 102.97547924471186, 90.77744400768451, 109.06892374377583, 110.0336229096947, 89.98171446658033, 116.2724220880314, 85.15376451233362)",-0.22619245695895157
4.020289170718845,4.179314714984015,1.7574158634370636,"(1.662424540288602, 9.002161866503913, 3.8729268053876758, 3.850902293785993, 4.275337674843704, 3.469209007348228, 3.535842903430473, 4.230837594659621, 2.147248430976439, 6.9703545096322115, 3.8788234574826834, 3.8603277178771513, 6.898557247285947, 2.169099451176128, 5.144792131824166, 2.916764941110535, 3.936229709956372, 3.8177354777710173, 4.869982475389335, 3.0767360629500775)",-0.09048828315123751
5.637631298884131,7.0540801825451585,1.0817466206212119,"(7.9668995325580525, 6.108818900277676, 5.874407805830401, 8.26991292132698, 8.569070918784671, 5.653140124509145, 6.516533597811397, 7.466433801768197, 8.432663229953281, 5.771392609006347, 6.880112746712701, 7.075605791718386, 6.111046636707525, 7.962940883525231, 7.9905583682097685, 6.099233615328121, 8.889504006624241, 5.486457070606245, 7.007124619628861, 6.949746470015964)",-1.3094091136125827
9.493232871112744,8.96676171975791,0.7340533599585374,"(9.444149509369238, 8.460835500022215, 8.557306357978156, 9.328736438610717, 8.538277825816886, 9.335647653941894, 8.741799682260263, 9.138822160943711, 8.841984182726941, 9.036575697075842, 8.25185277816349, 9.684462045639785, 7.7152814779286425, 10.355438956746923, 9.86669672022505, 8.104296954185545, 8.482150488642267, 9.43070379846896, 7.890601782726448, 10.12961438368523)",0.7172110095437353
41.211887560923785,39.99631242696409,0.8545252148621417,"(40.290379729488734, 39.687239152644, 40.39816746893545, 39.58133367986933, 41.00816087379758, 38.99269701961097, 40.55630580371341, 39.426911308636576, 39.60005345399478, 40.37897319750906, 40.073983561320404, 39.90149646911381, 39.85992999324778, 40.11570588734172, 40.297526917541795, 39.68010045591005, 41.86749364436384, 38.192138471567645, 41.31088966366824, 38.70676178700637)",1.4225152316374907
21.763860317630716,19.964439843910963,1.6559809328744814,"(21.70444056948631, 18.24471512061619, 22.29744776838777, 17.75898112425069, 18.361784202593974, 21.565403808418168, 20.302215894930836, 19.504104205621196, 20.47105114190853, 19.343284061720542, 21.118137547669967, 18.751017825417133, 21.483364030252492, 18.431727156686907, 17.06441181465667, 23.2054768410525, 21.202565778518714, 18.676467835654293, 19.63938710995796, 20.162813040418303)",1.0866190775495745
10.93272879113144,7.45391050346586,1.674979819992209,"(8.026805823772008, 6.606834898749696, 6.380883492469786, 8.299485397987779, 9.09015848468775, 5.813041345211059, 6.186495275951973, 8.570317373671877, 9.474682945968176, 5.597143749956346, 6.104334071685188, 8.689269608041812, 7.9744552124748305, 6.649452992044222, 6.584687796338027, 8.062456673425475, 7.822869378226037, 6.790168244267302, 4.460812337783034, 11.893854966604803)",2.0769314627813023
15.546791596497705,10.360933196455044,1.0096766145022928,"(10.522433749545938, 10.11103768458447, 9.413507321166934, 11.297175337709794, 9.252775339376768, 11.485889001207488, 11.237183803007404, 9.466806520780938, 9.328636799647565, 11.404377660665872, 12.07750580178411, 8.809532428896075, 10.285052985889504, 10.343475830284321, 10.137604899741284, 10.498113182325046, 11.862345911168553, 8.973204238183458, 11.273407525866098, 9.438597907269235)",5.136157781171315
11.12315787152616,13.95243553199188,1.5980683406014258,"(15.346863866243638, 12.52934033171638, 12.66585382894974, 15.176759892963975, 13.752660284488444, 13.972257674826938, 13.261326518071645, 14.497413141744529, 14.92196068584701, 12.88459048367394, 14.433484239394392, 13.322123087026188, 15.333754974014182, 12.538137312594571, 17.298649786468673, 11.117361081363615, 12.97835391809013, 14.819577541336267, 16.64744796422832, 11.550794026795025)",-1.7704359623324575
20.06378164121803,17.981267165971605,1.8542145098792229,"(15.691989732187851, 20.3997779798811, 16.429526745324864, 19.480980825772914, 16.620800754995294, 19.255219942316355, 17.744989566423914, 18.036838841992694, 14.813565618386914, 21.606456787278443, 16.803756515040313, 19.049319950449103, 17.71077260994478, 18.071570769339523, 17.208046862739426, 18.602578901325803, 17.849508026825433, 17.934576218834586, 21.255423874971243, 15.059642795401551)",1.123124894207667
19.67275264305837,18.57064707918617,2.560421483651242,"(17.388062798407805, 19.488813944743576, 24.891263356875314, 13.607985868922757, 17.46309517105889, 19.392731806239002, 21.09009555926378, 16.06010678233222, 17.024164297584562, 19.896650893120157, 17.10262857047154, 19.81140124575046, 17.950821911119284, 18.86827851566344, 18.950424625214602, 17.881575141675075, 14.741864042603854, 22.98820738334203, 18.300721171883062, 18.514048497451988)",0.4304391175083264
20.688094092232767,18.574969146577484,2.284411325817823,"(17.150642766918267, 19.84239289273062, 18.342310516076584, 18.53701207389544, 16.91378399903932, 20.09547261887342, 20.4980470948429, 16.586440665289622, 14.387359563180317, 23.633118034096075, 18.110899499188985, 18.785379124882617, 19.602539491363675, 17.34335088962451, 15.575588288482294, 21.847691281271057, 16.346799301559383, 20.819998853875322, 20.42042731557603, 16.6601286607833)",0.9250194664040114
19.07765700113383,19.81148554979394,4.780921654855137,"(22.489447031331412, 16.531234111426187, 16.245649182132972, 22.84255481677567, 23.150361606789314, 16.023473654672593, 23.751361355324917, 15.618167026558252, 23.96057100222139, 15.484158964950646, 19.174470520406732, 19.376065193736913, 12.718145689567013, 29.163187842640465, 14.47980460138494, 25.665984364182105, 19.291559775693642, 19.26903210021601, 13.520983815046845, 27.473498340820676)",-0.15349102153031313
27.561153632519613,20.141205102242115,5.882166997901962,"(21.43476207434345, 17.518410360485586, 24.19433749236458, 15.510799086616487, 20.180973989097932, 18.593337159438104, 27.34579547526001, 13.721414092470633, 18.76627491992724, 19.995524421254785, 26.04278494999005, 14.41537591754468, 36.23341729941204, 10.355226939262062, 22.264178440417048, 16.86350125737825, 19.5966319276517, 19.160511375499542, 26.424441147836415, 14.206403718591677)",1.2614311244349283
34.56350636061927,36.90313958779796,4.2425253245671355,"(40.93912024374224, 32.856088656819175, 41.35924718911751, 32.5203409662718, 38.743892993676646, 34.73079097403066, 34.22649878155879, 39.286315178699425, 44.97769374815424, 29.89468651418832, 31.55391979784621, 42.62138993891276, 35.222475341435356, 38.173400381297036, 32.59672959956497, 41.25131120536911, 36.43014362938368, 36.90824384347842, 32.91330665215971, 40.857196120253)",-0.5514718353313307
118.17481022764589,100.19561496875605,12.135019433988617,"(77.31964850683394, 128.05338831115333, 97.36672163140518, 101.68816042499753, 109.43510444746836, 90.47427884692694, 93.14703284328145, 106.29465111347638, 102.64800844091862, 96.45613198917763, 97.31678130351567, 101.74028125923189, 108.67048970261575, 91.11056070331561, 106.39592090791308, 93.05835512996555, 118.6733694586341, 83.43090330058261, 87.57583694516666, 113.05667410854052)",1.481595918052875
3.890587000634452,3.9549042444138838,0.8343751973508838,"(5.066823532186296, 2.8867048374723407, 3.142643505216512, 4.771057381149906, 3.767707702053437, 4.006782793559568, 4.453076960755764, 3.39594161197882, 4.9550490336933155, 3.059812887243301, 3.807425030629731, 3.9706352318448617, 3.5730773918439644, 4.211923114560081, 2.439282579641616, 5.978103706912712, 3.5279377931628018, 4.28465593760268, 4.218251618847174, 3.581192237922789)",-0.07708431888152599
6.466682926690584,6.904251616041816,0.857511094410112,"(6.128076245181927, 7.546568689192569, 6.212036017647408, 7.561107385830922, 7.101132515512189, 6.643372374868748, 7.174481444164933, 6.581109057039103, 5.616270510325659, 8.421103593546864, 6.478431975287227, 7.287538752375526, 5.790264552548581, 8.132812371497131, 6.035752933099922, 7.646090720902455, 6.4055245322216745, 7.37093051517374, 5.763471741583658, 8.188956392836069)",-0.5102775838162635
8.599732572160018,8.956207678837904,1.0694258852617122,"(8.965960359495025, 8.74542561234535, 8.72626118047694, 9.069426150022462, 11.662144027565526, 6.80439102326873, 9.096376131805702, 8.726924167691028, 7.827866271749226, 10.151638406643315, 10.528656924229965, 7.539812691954229, 8.781833871432259, 9.027369720677063, 8.190615034615407, 9.560280778199656, 9.161107899352142, 8.66641605199304, 9.752438236990583, 8.13920903625043)",-0.33333315715529777
39.23120208156977,39.99710612915967,0.927007337203612,"(39.40254348762256, 40.578820977996386, 39.67985024172602, 40.29632717800845, 40.40666060927561, 39.571864189945124, 40.20637432242524, 39.7688912062402, 41.804934159298824, 38.24832061985395, 39.93364623555088, 40.04055980684018, 39.93135638659471, 40.0428480160564, 39.30818801242317, 40.67596986107475, 39.44311161416201, 40.53861027444822, 41.91897268067786, 38.14427270297264)",-0.8262114191030103
16.963158191602204,19.982580901746758,1.9150667257202258,"(20.8426700264251, 18.979800811804783, 20.30407359324588, 19.496110920660424, 21.510009722672184, 18.406984047500657, 16.098020977978116, 24.59445799196273, 20.068115845718335, 19.73054106120005, 19.005451949092095, 20.83258052894028, 18.51333526617435, 21.385640403868862, 20.353696089213916, 19.433121120135176, 17.946079521733566, 22.063198205173123, 17.6331380156182, 22.454591935817213)",-1.5766671049067478
4.893707575583915,7.651914626248976,2.564552151417784,"(10.206888615426415, 5.077634928230628, 9.56313095360252, 5.486695755097198, 9.75732227077292, 5.3962370989194985, 4.23972517068314, 12.427105333351324, 9.283226271152854, 5.683150023867249, 5.5327374800682385, 9.522290537680362, 4.506759580573666, 11.6666987412819, 5.299757299238431, 9.762768599838964, 9.197008432199626, 5.728784699056933, 6.18689302708445, 8.51347770685317)",-1.075512170473982
11.13876910814378,10.405292869018826,1.4831935214766105,"(12.16069499019584, 8.69298993323255, 9.507131098796869, 11.172329103164623, 10.300635713624233, 10.326067912957969, 10.991107994532554, 9.678612403441196, 11.66525150586706, 9.12424658527544, 11.101089887431947, 9.583037296864887, 10.140820969741354, 10.484014555738153, 7.4379678327873995, 14.201986634245321, 11.959703428281019, 8.895946590439818, 9.595104469422656, 11.08711847433563)",0.49452497499768827
12.203262868825654,13.990962862791802,2.2790505178023355,"(15.068470436532678, 12.619759502250046, 20.542556750037313, 9.297901290838263, 13.719689625637443, 13.94065966468524, 12.056841903715792, 15.862880644599995, 13.116049695158821, 14.589600335351399, 11.677738131988487, 16.379423952526015, 12.998987332215936, 14.708558346406171, 12.760995678366646, 14.88980441074453, 15.292398214155156, 12.50998020099, 12.575989491933173, 15.21097164770296)",-0.7844056022461533
17.319799708351823,18.00294603314911,2.1463731847308916,"(17.146918631756378, 18.591875416993364, 22.563898859914495, 14.171879486232152, 19.936559977646603, 16.055160858770197, 19.01216276199777, 16.833921990390742, 20.58424550337189, 15.554183876173983, 18.049201608449106, 17.733962091630755, 21.79665114686599, 14.682237396187213, 18.09110688642929, 17.61074676694624, 16.774948032985105, 19.08419753565693, 17.754341942934154, 18.030719891649742)",-0.3182793792137969
18.173882963848463,18.430655401644028,2.044914663592608,"(20.917589561081353, 15.90351176894599, 16.220666499638533, 20.696449627172985, 17.875686668071, 18.834921523677533, 17.13903943803943, 19.637519254516643, 17.773670398346038, 18.957828531393925, 17.972467143301667, 18.73310379326124, 15.502226499222806, 21.706569434617254, 19.075232018675667, 17.407505586232944, 15.160260528877215, 22.219162740969118, 16.64576876489066, 20.23392825194862)",-0.12556633407110218
19.61397817324673,18.373107585694726,2.158109084013212,"(18.983830517748018, 17.24861790125324, 17.167041621589163, 19.405369214617107, 17.098911296554597, 19.58980071634242, 21.382940101928867, 15.65481934830145, 15.664933004812323, 21.41492787885319, 21.024545674353345, 15.931562600167322, 22.581393404760178, 14.817973268550794, 16.702223563224653, 19.53710822614975, 18.491917853187058, 18.130491026291693, 18.877537780280917, 17.756206714928418)",0.5749804756136258
19.760172946378937,19.55998798865889,4.344998322258317,"(17.311763902173112, 20.2647757454579, 19.381826524619235, 18.843671282073085, 21.157339138677738, 17.485783135912584, 12.637669497817512, 29.225244396189325, 13.81588280841375, 26.867381699512027, 14.21738488845196, 26.017306629455025, 18.663419754994663, 19.774728536617474, 14.868176889333446, 23.403195883145965, 17.195208392167082, 21.56017342127059, 19.684237521683983, 18.824589725211275)",0.04607250518246485
40.1692433118477,19.924101525168485,5.081790737225251,"(26.286697266336184, 13.999529518769497, 15.53984225409985, 24.003063671278866, 24.14005634842665, 15.518678955902168, 20.114821962476434, 18.61313782690292, 12.63007035446094, 29.693585992416377, 19.608381764045646, 19.10387245664969, 15.972234382386455, 23.436032215898912, 12.867651034570565, 28.520009113495238, 17.859849423626184, 20.990386912335424, 23.90316591156865, 15.680963137723053)",3.983859791466625
39.21940169739338,36.98582298515388,5.563669853225613,"(36.18345455701444, 36.855582954551274, 45.54308600611149, 29.3960596445526, 29.902133762013055, 44.83118047230407, 42.73829086242405, 31.35566364148944, 39.54692541678963, 33.90305306184534, 35.00599146513254, 38.2904757234224, 30.977938096971247, 43.26762715902431, 33.17517483666669, 40.1614171461494, 35.642010127288735, 37.618431777480886, 46.46895187025511, 28.853011121591056)",0.40145780953277654
111.73374726337241,100.21955447539096,12.306807353782418,"(113.85918151800554, 86.95618445817043, 83.53748263270293, 118.52009718698207, 119.236731877669, 83.03572422668233, 98.24124977285753, 100.78146134691714, 118.2777742385628, 83.70897333165252, 109.56830918246479, 90.3628448802037, 97.78049448457683, 101.2564406026835, 113.893715109678, 86.92958565228976, 106.20647858082567, 93.22325256916238, 100.42416439376466, 98.59094346196771)",0.9355954356791513
2.1182048741721795,4.070743520737888,1.0741108113598188,"(2.860388637927152, 5.414288420938349, 5.572994189228151, 2.779908024052737, 3.32092013453486, 4.640857725721174, 2.914633107508675, 5.331345601088648, 4.108503286820964, 3.797286362019701, 3.7173848609221367, 4.168021387151504, 3.2503147706799767, 4.757283551712226, 4.9037584622517025, 3.1715530022472405, 6.109748196704048, 2.5242895812196964, 3.1680658201817504, 4.903325291847087)",-1.8178186327850143
6.464040503588562,6.999886107836037,1.0439820558910624,"(6.8730493246576145, 6.977590267172352, 6.844775062661362, 7.008491406044935, 5.118261290128917, 9.345110356016498, 7.0344337461330335, 6.829617208264279, 7.790434753364169, 6.18278042128627, 5.628855722646149, 8.522048546236874, 7.020860275785464, 6.824553651555399, 7.5461897622596235, 6.370569758061551, 8.712351236873381, 5.492093846213388, 7.22757212510409, 6.648083396255346)",-0.5132708950539565
10.372664992005184,8.985292996006786,0.8339540310921028,"(9.226123546349985, 8.676598900457691, 10.627538771671283, 7.534271425689283, 8.653673614708678, 9.237698519152655, 8.719838122171705, 9.188602898901388, 9.16767062714721, 8.75448892627665, 7.998971063182322, 10.009034276815752, 9.434046572893708, 8.481050738963663, 7.780581268022235, 10.302752415325875, 8.252174613555553, 9.689108076509278, 8.214454665990042, 9.75718087635074)",1.6636072784270475
41.6166815034102,40.002421115441116,1.1039496723026236,"(40.34075506757132, 39.63815204266004, 37.75832395380417, 42.349298666429625, 39.24755026264942, 40.7422652828232, 38.63988677123483, 41.38284175097917, 39.638091819016566, 40.34130569849886, 40.433607887059694, 39.547109056338414, 41.70961522918403, 38.33721202145307, 40.15127314559778, 39.82535235225142, 40.67249763729734, 39.314852796846914, 39.68812604253517, 40.29030482459122)",1.462259039945227
21.121612323491693,19.978794857648484,1.7737259782955173,"(20.392768475849536, 19.426724595487112, 16.717934516347746, 23.698174986458657, 21.674364359329598, 18.277492075537033, 18.791012336504075, 21.08248120324579, 21.270407167258057, 18.629215435942722, 18.986009107184945, 20.86613176965888, 20.26581011453387, 19.547777018795678, 18.111085800741193, 21.875940742778702, 19.893565853562148, 19.91364028126682, 22.70305145790446, 17.452309854582662)",0.6443032801162513
14.17463592399903,7.406118702822244,1.431008670165256,"(10.493473690813937, 5.046306586718343, 6.8733845933850715, 7.705796439870109, 7.711239246152308, 6.854321273107343, 6.349948426547719, 8.349498810244858, 8.000243659723408, 6.639432430067061, 8.52261219659125, 6.214364403154499, 8.433117541778396, 6.275224160728919, 7.05469624807255, 7.518941873350741, 7.319070375378881, 7.223528391677531, 10.475025125895957, 5.0621485831859525)",4.729892531255693
10.328767738431974,10.653918007638195,2.751160091098759,"(13.723158693654286, 7.767511048175909, 11.997522581554325, 8.88599536521529, 8.174148185521867, 13.032769852489432, 10.077253653566197, 10.581582681046182, 8.81115254990231, 12.11261272783481, 7.390421396674271, 14.424172012383842, 6.214741881679658, 17.14792028014271, 11.62962398273968, 9.171563678307065, 13.215429310087064, 8.061856426871195, 10.52075410145116, 10.138169743466628)",-0.11818660435582364
8.52337566312123,13.946560425340401,1.4940213219557135,"(13.844976284895454, 13.894326791910114, 12.028488738553888, 15.995988816704328, 16.21191724791256, 11.860952878983172, 11.22901272414247, 17.13432449630958, 13.59350329400881, 14.169107087649616, 13.481885093020177, 14.268990891521517, 14.86836395270161, 12.935201766244228, 14.154677235804272, 13.598008278244977, 13.40737959215754, 14.34276686085835, 15.457316299560155, 12.454020175625178)",-3.6299246085190258
26.17431777227848,17.970479098710687,1.536929465305513,"(16.406278818256034, 19.54471054055249, 20.261611265481378, 15.829062839361638, 17.49939013810698, 18.320554490981944, 18.253036992428125, 17.567431172216825, 17.315999817902345, 18.535784362758843, 19.03194706426108, 16.848404626357603, 21.529836638805165, 14.891300530398315, 18.914247354533885, 16.959624007738842, 18.14572273079214, 17.66824028847451, 16.891027330020325, 18.9953709647852)",5.337810783617857
16.637382910724924,18.514461597173486,1.8220078811120208,"(17.76249908916359, 19.111673786977335, 18.907615477156916, 17.965830307444282, 20.969888128073407, 16.180314553462445, 16.73496558101212, 20.284841857139543, 15.536042294365245, 21.915294755060643, 18.131373230227894, 18.72308479474831, 17.398185699065383, 19.50286726367372, 19.68734504304948, 17.26300923721189, 16.00439052936487, 21.201100286579404, 20.02238657138279, 16.986523458310423)",-1.0302253387087057
17.391512888612805,18.62802670906108,1.9617978788737713,"(17.500539688437417, 19.600446333793066, 17.461426453664984, 19.66940507553713, 18.82714612655407, 18.20155201686665, 15.280772468515455, 22.446738529675912, 16.766504685411327, 20.577593940031406, 18.63875334908204, 18.403904176076388, 16.4038705023752, 20.89194016213372, 20.552374953865307, 16.727649438333188, 15.776637023675537, 21.722282773700815, 18.422450586723063, 18.68854589676886)",-0.6302962368162672
18.862019542136785,20.49417270627622,5.789447190740949,"(19.0789626353293, 20.34095690342381, 28.98018444000244, 13.432463124061949, 19.03424214742233, 20.350298566573528, 29.99238562048595, 12.933260340882745, 20.328798677014397, 19.348328550991347, 27.012394737005213, 14.36677560045149, 23.945872556433994, 16.173482565225903, 23.861711782385015, 16.346410871741547, 28.14350804438998, 13.764321421628816, 28.906501118902366, 13.542594421172234)",-0.2819186548155641
29.82481831804697,19.934886231241432,4.666909154364292,"(17.231283302993635, 21.896778079870117, 18.441663657753967, 20.480091375011195, 19.07071648422002, 19.772026271139314, 16.839563305682415, 22.403161637085432, 27.832188970231105, 13.616518400972346, 26.628328513319598, 14.169493772445458, 12.277753479673228, 30.710355036982513, 19.82310094513017, 19.065704685076714, 18.17680816670485, 20.744912566054342, 16.291792429944252, 23.225483544537916)",2.119161046354823
28.420312359091632,37.24085204146615,6.483833835869277,"(39.00754781459924, 34.5331943860622, 48.93919002568099, 27.53796831244087, 30.79335653620197, 43.748238478018905, 28.156645561634967, 47.823516228336494, 42.325075383508285, 31.879135383434708, 40.85267801739306, 32.97170036936574, 37.56626808466369, 35.850021301112534, 33.287500662493066, 40.487103215236154, 46.391975839055554, 29.03660221391873, 34.2273273629402, 39.40199565322545)",-1.360389532745014
85.987329993065,99.95337360262357,9.72477990248128,"(85.01298929629705, 116.4662037387975, 95.763329850386, 103.39193569786865, 94.60871202382886, 104.6536420791201, 86.44560656495521, 114.53588671697419, 111.49452245169994, 88.8042970587146, 95.35271738260082, 103.83697448609486, 94.83301254503665, 104.4059766838437, 111.66688784010506, 88.6668742746257, 90.65931154797435, 109.21264436431419, 104.58328417340522, 94.67266327582867)",-1.4361295319388285
3.440022897134926,3.973195801226,0.82338922023267,"(4.365301800184429, 3.4573909967625736, 4.71465227864711, 3.2181819335366275, 2.602970004541417, 5.764899333455564, 3.918959405714741, 3.8914803225136865, 3.2280444708500307, 4.702907036886128, 5.332530048192598, 2.843718089489679, 4.178510115727226, 3.55405953143345, 4.063456342430552, 3.7598144080876663, 3.1282419096093377, 4.8550570808474465, 4.308030601900804, 3.5757103137089175)",-0.6475344721423631
6.2213189972200755,7.081658129620505,1.1427229483077648,"(5.840043398971787, 8.35529762470235, 7.411752267835405, 6.606116159231776, 8.239745040429332, 5.899657990147956, 8.074643134817714, 6.084394965021151, 5.813789994597134, 8.425572537873814, 6.628492635854786, 7.38560496950198, 7.8413219472803934, 6.159181407957206, 6.807530453685154, 7.225788221861443, 6.910901465427182, 7.089489983640678, 9.77313014941506, 5.060708244157769)",-0.7528851447977726
9.28377728871554,9.121997527775294,1.07214265965681,"(8.572728586437547, 9.562666484094194, 8.891781334967934, 9.239624914207388, 9.873895713683657, 8.2824207492788, 10.588343088251833, 7.776388040663745, 9.599951641734217, 8.560999408036194, 6.992848803220068, 11.749675499753563, 8.552963965699474, 9.524021681753446, 9.598970167347192, 8.585143305280296, 9.51066687713218, 8.641961618535607, 10.324734835725996, 8.010163839702502)",0.15089387544007477
41.32719910254984,40.02289357506233,1.6823939850457195,"(38.40344023549021, 41.64032841342023, 38.315779566455035, 41.735844030504275, 39.42373914014557, 40.56229089651635, 38.7225907859287, 41.29774019283515, 40.1948356602392, 39.78489176298075, 37.90706218064054, 42.186184821815125, 40.29639485376971, 39.68379690365538, 37.098430501529194, 43.10595523896026, 40.470996076795494, 39.51332256806794, 37.73631613780985, 42.37793153368767)",0.7752675883776828
20.45959048872155,19.979368860546952,1.7059296389459424,"(19.58705857229739, 20.236010432124868, 18.582185703641585, 21.332956767762813, 19.040810117862726, 20.813169930779946, 21.184832825396512, 18.715040758075038, 20.155366852506024, 19.668846871458967, 21.04127687883594, 18.8415117572237, 23.240754356700823, 17.04976647664032, 21.588350787291308, 18.36664105896664, 21.519455902536535, 18.42160968294768, 22.828057808391076, 17.373673669499045)",0.2815014272636213
6.208514665505468,7.520467979521591,1.945925707918562,"(5.6701641308793365, 9.339214951930222, 6.876517104232129, 7.718953222813028, 10.670559690204065, 4.94988040559517, 8.644946170138503, 6.154295373523685, 7.957585684694041, 6.67237628144168, 4.832792277844701, 10.982292544531958, 10.776742998733644, 4.879392293144071, 9.059414678361703, 5.877735019535129, 6.474119453900845, 8.202383481738243, 6.740796373901294, 7.929197453288367)",-0.6742052426140357
9.095639939933664,10.460813726532685,1.6362596038125148,"(8.371755471155737, 12.759866411159834, 9.722310934160813, 10.996957390150923, 10.048988723674725, 10.619704643358656, 13.154389018513163, 8.135186493389424, 12.21235189068592, 8.75614712592436, 12.876095410378033, 8.304245693282382, 10.11807443275514, 10.531279556624392, 9.261547346772806, 11.558755972498071, 11.521362581152646, 9.281344814481153, 8.792086537680916, 12.193824082854599)",-0.8343259122318617
15.17364683626916,14.058883736806118,2.204909767848848,"(15.141884145828124, 12.744371864835825, 12.49199673606777, 15.46034635172187, 15.337823277375653, 12.56942743351587, 10.691914022530213, 18.079805908232395, 15.059564451777922, 12.827270866583362, 11.938380130722702, 16.181933556094982, 13.991702772773555, 13.762382249291294, 12.909135216272949, 14.980495376272126, 14.597389304759497, 13.232594048416418, 10.209535072015731, 18.969721951034092)",0.5055821855923956
19.589628531601946,18.03981124008042,2.0876332063767298,"(19.481850181138885, 16.483175777004, 17.741400835575284, 18.110530067638695, 17.69363785838135, 18.13587901381392, 21.25213680289478, 15.129338875015238, 14.440836069898644, 22.254468811217613, 19.323688952335797, 16.633525424089424, 15.85518713032137, 20.22543065601891, 18.89381634912738, 17.02344492842724, 18.01906099466631, 17.8335172719724, 15.527228370018205, 20.73807043205299)",0.7423800727003035
20.11393111971147,18.623577887479282,1.663331896156299,"(20.983551333451857, 16.370914539382515, 17.651971052624404, 19.494860864077292, 20.870061402559234, 16.422920424634892, 17.310825647738845, 19.922207649107374, 17.79389956864457, 19.35218026309715, 18.285667991472497, 18.84118253229632, 21.066230418986795, 16.238265474213932, 19.10095342440151, 18.073968935273193, 16.17214462605649, 21.286303388732765, 18.972824161481423, 18.26062405135255)",0.8960047214125829
18.74749694629802,18.714134540768793,1.7408343273751845,"(19.342920341504676, 17.885668345731535, 19.971723176609547, 17.383365732987443, 15.006157711611992, 22.95081338043681, 16.246174765077978, 21.462796370738577, 17.250607197785918, 20.15231923131694, 19.01329166203154, 18.302791795360772, 19.138070902795903, 17.926312086898225, 18.98755348410437, 18.402607827961784, 18.891842705641878, 18.39011093811898, 17.737122169732352, 19.840440988928652)",0.01916460688107631
19.173323651921514,20.523941595517492,5.439958660445453,"(16.769515986160222, 23.375518993811358, 21.75034142143229, 18.161195124232005, 11.152478067078242, 34.79742201215721, 20.70816522077149, 19.260946585355473, 19.348151570883974, 20.479389734963448, 19.75997111139972, 20.104620464402746, 17.729986133403727, 21.716849078294672, 18.49410265124954, 21.669678458331298, 23.04653108566592, 17.166710221327083, 12.554553705942583, 32.432704283486885)",-0.2482772439828398
8.918909714014978,20.565980646302556,6.447373065056177,"(12.91937958023783, 29.683268130522986, 24.294910573448103, 15.824800466261197, 11.900350210655867, 32.118698357067906, 16.94865339128531, 22.756362793247895, 27.839224595662618, 13.824039055374815, 17.74402162944368, 21.70699223761261, 20.40220572247454, 18.684928393175106, 29.619780925143345, 13.041667723192484, 14.239612756139623, 27.013467819706854, 25.572329609435066, 15.184918955963202)",-1.8064831699305577
38.439990088905176,37.154458767717855,5.146569503926365,"(38.85626049281944, 34.853642241042465, 33.21736574191029, 40.803390937229246, 50.35323218189823, 26.862482683313292, 37.303899929261036, 36.376570110916774, 32.76842445349324, 41.38223557483305, 44.568865268121606, 30.44318180902042, 38.23039428533835, 35.36925929181643, 35.385795114683035, 38.37331010677892, 41.44949746606507, 32.705443712832945, 36.17567754195657, 37.6102464110268)",0.24978411740219914
85.6372231253819,99.72089281451883,6.737399023976434,"(100.58303222372415, 98.43838293351732, 110.1186410069846, 89.91442900800789, 90.03946297715758, 109.96502780074422, 96.1017033381458, 103.02930699515834, 93.82521274485866, 105.52889582038041, 101.80851224828794, 97.25407863663057, 102.1483016229501, 96.9295702228123, 102.4986383622299, 96.59946090431995, 96.70157078632012, 102.38985902986877, 87.89956317035335, 112.64420645792438)",-2.090371913407129
3.935268931233524,4.121174817359559,0.8329720270085774,"(4.16056477952594, 3.96346031029662, 3.0767456948092513, 5.351359492505847, 5.408347487195184, 3.055934921272653, 3.5084562333777565, 4.602365624335607, 3.2992025386540784, 4.985334838473439, 2.9876622574435037, 5.437617343301057, 3.719960204760718, 4.37253493082556, 4.386146279845051, 3.71135794208323, 5.230354196844533, 3.1322985744008203, 3.9135163017316725, 4.1202763955086334)",-0.22318382862588063
6.8476358351583455,7.037514272337248,1.0276782982963069,"(7.350212029806064, 6.637482666218284, 7.115254378446629, 6.851137113762197, 8.47930565495319, 5.760441604960872, 7.683187579631797, 6.277136231212798, 7.535187333658827, 6.465866275154903, 8.037769402846537, 6.019588370259234, 6.853294518394548, 7.064005304055865, 8.924635846544724, 5.427181779564342, 6.790702422749252, 7.157766255540014, 8.91468856046176, 5.405442118523129)",-0.18476447103503513
9.773901245980722,9.000257925432724,0.6998921736530713,"(8.811428573053668, 9.170890423095067, 9.047057417721447, 8.927827844169242, 8.606275425600115, 9.395979436424295, 9.693709347733778, 8.275857112015137, 10.145740054955017, 7.958605724635384, 8.126920791939813, 9.890385942145029, 8.809477172817683, 9.126515089111813, 8.340947921825153, 9.642715818215391, 8.75599389004658, 9.206166121909723, 7.819612313965725, 10.25305208727442)",1.1053750129966233
40.600707002525844,39.99396098675983,0.6795276182341063,"(40.18184148010324, 39.796436785062355, 40.12577417575986, 39.85207880096756, 40.709885025419304, 39.28023147207714, 39.499953772584966, 40.48274228410159, 38.621622433399395, 41.40421788443562, 41.032964827608886, 38.97033259054442, 40.595286540241325, 39.390342148483924, 39.70657869908306, 40.27212067379261, 39.760154500529566, 40.21806582371374, 39.70089657898247, 40.27769323830553)",0.8928938272483599
20.118897251485556,20.094649058291633,2.8126003872863814,"(21.72824347183322, 18.24589530051941, 23.20044159704352, 17.088020772614474, 20.138431664790833, 19.68658619392885, 19.353289919533232, 20.476589000613153, 16.013512338014177, 24.757374914702215, 22.159466506973853, 17.884653807331592, 20.379343258648046, 19.446158354233187, 25.756589183809737, 15.387165336190423, 17.926139594393263, 22.111355242248393, 17.465969523424356, 22.687755184986663)",0.008621272081000449
7.852196546570389,7.547605793549818,2.114032185120688,"(5.9782703949427685, 8.896576166388789, 7.8511973062416756, 6.7700246572761476, 4.535251050887992, 11.738044274968118, 8.202241229414707, 6.425912351901552, 12.233884782866058, 4.34291810851855, 8.040438766775653, 6.571717999442845, 6.76813153778281, 7.810473973873054, 8.447095996932491, 6.260540625965547, 8.282697038798501, 6.402497331506892, 5.133093487240723, 10.261108789271505)",0.14408047103747504
7.5978205585628436,10.537415218567453,2.1085561338582965,"(7.997660715666941, 13.388753322789471, 10.02989875338292, 10.673870872871648, 12.280133955038599, 8.722169091064295, 10.319913970207327, 10.342207256970017, 9.268551789972287, 11.549253670154346, 13.060684507925396, 8.178610720768829, 15.204132516910862, 7.02616526157169, 9.208097070733114, 11.6035856810743, 10.742511314693573, 9.956179094446957, 12.96830549777925, 8.22761930732722)",-1.394126821098974
13.331759930394618,13.996385716310238,1.6933442071791132,"(12.966121383006058, 14.924773691933638, 13.681986889890634, 14.142153312525162, 15.128471759811596, 12.794019455775606, 10.203495850794774, 18.91126294146889, 13.36779755783294, 14.473739318575419, 13.317700969536578, 14.497946388808145, 13.077621169688191, 14.763407155692096, 14.822748567059673, 13.028385044158231, 14.882194295033683, 12.987955833287531, 12.400259832013056, 15.555672909312802)",-0.39249302244509293
19.068059609670748,18.077930032186895,2.3651113925022043,"(13.694575101848493, 23.504090378413153, 20.41529699449461, 15.765915236559298, 19.476662048978394, 16.527799662456466, 15.953311532998633, 20.13758652351111, 15.75203768292139, 20.433502110868496, 16.466943695052493, 19.515910596793635, 15.895319215268632, 20.215171427009405, 17.68003413660893, 18.178549845196848, 18.68499150339605, 17.211121256247544, 19.955295596484216, 16.094486098630014)",0.4186397226882114
20.55793110345764,18.700168876836067,2.9013716789498245,"(22.15537863033568, 15.47350727290512, 18.441101576074143, 18.58817420239977, 16.325903857257245, 21.003741899878797, 17.249082251487227, 19.760733702397285, 19.406972337077285, 17.663953177925446, 18.388407196036688, 18.55424402763436, 18.831738365246956, 18.10990822398054, 14.682927585615657, 23.24291159377214, 15.11490810749544, 22.619129271992676, 24.477500636339965, 13.913153620868876)",0.6403048048273521
17.16768074120334,18.717266071720402,2.635008049527727,"(20.730201229993128, 16.680377126113864, 14.775235859283235, 23.398570309335348, 19.99290227233795, 17.303758169802965, 15.733013610706765, 21.731215065211842, 17.793173850932753, 19.431914683892124, 20.26539092046988, 16.902884382099543, 20.462309436351426, 16.726396155185064, 20.299004980985096, 16.88369585855968, 15.17682175826054, 22.66164997469247, 21.582199157253388, 15.814606632940906)",-0.5880761278109924
21.54903018982952,20.78634102646612,6.449571577543922,"(29.05067078386773, 13.737013408626957, 19.014858911941314, 20.98116870682691, 13.569784626372137, 29.435938367305653, 12.461397661615239, 31.222668452561276, 19.83292276150713, 20.124055939831166, 16.484908826424792, 23.69611632658018, 12.087111672114366, 32.24713127364275, 16.784824581841722, 23.29708696382747, 16.598037072286427, 23.745825146389002, 27.005180834985318, 14.350118210774685)",0.11825423660990558
19.48499860562027,19.801519515089154,3.268759784546505,"(20.05968812309746, 19.139636610004388, 23.223950473119167, 16.53016499556981, 28.352324964472874, 13.545822992403055, 19.723361954050446, 19.302790076494723, 21.368470985552623, 17.96784850499578, 17.0397996747091, 22.37250979891586, 18.88213001424222, 20.17524996598534, 16.7107141954267, 22.82114500033939, 21.402824779956983, 17.864838914641616, 16.490327594497654, 23.056790683307803)",-0.0968321107489389
38.10017935935163,37.00539350517858,3.9534332180564706,"(39.74537335528395, 34.12834436458529, 32.53271444041098, 41.699287407102915, 31.9828407045294, 42.410541491148855, 39.34940887431437, 34.38887350855312, 42.49774546296176, 31.928049689654703, 35.29933517102792, 38.341299024310295, 39.10738545081428, 34.59056656362912, 42.05627239395433, 32.1810981429297, 36.14283252212533, 37.47375979645228, 42.209883829691286, 32.04225791009178)",0.2769202851771579
98.18470478172291,99.8526355135831,8.558246531821078,"(109.05436847302462, 90.79161405290074, 93.61944406575545, 105.76037557435005, 90.55364152994905, 109.340932865146, 94.38372692527462, 104.90319353060065, 114.2481986255741, 86.66426673929081, 86.93898339328148, 113.88626715987269, 96.8384876840598, 102.24382373968868, 96.95690218475981, 102.11912951637736, 91.42587707822197, 108.29728859067298, 100.82366252925206, 98.20252601360872)",-0.19489164347609284
3.6662861554075747,3.9587674548485916,0.9869431186042577,"(5.311329247680288, 2.760872694681966, 3.655390416523321, 4.014145000867052, 3.136635064848022, 4.666292977223182, 4.501148901909905, 3.3102504594043216, 5.284422322424626, 2.7963093998691257, 3.5436616130104452, 4.180824530915698, 5.35791987164007, 2.772754804239885, 4.586225554727377, 3.228712381236982, 4.0804404033376995, 3.6444627338428472, 5.819620363739176, 2.523930354849835)",-0.2963507155859662
5.620795127898125,6.94389767439903,0.8905253123622124,"(7.890166955689431, 5.993272156937212, 7.079373888474345, 6.678207565903061, 7.876558736325324, 5.999152514863098, 7.0865441524253345, 6.731212316597619, 8.609866536956035, 5.515824822356322, 8.20473647833307, 5.796866013289808, 6.64065560624536, 7.172606976210237, 6.1191072978448675, 7.7698666644599585, 7.82671168397718, 6.088162587001184, 6.347696703627931, 7.4513638304632215)",-1.4857551246816727
9.281689925950927,8.901100297519788,0.7155333145174897,"(8.854383062655248, 8.875547496457212, 8.184707913800619, 9.596892258886733, 8.521544112061026, 9.22019592004763, 9.971972216919525, 7.918031475575644, 9.041212234787757, 8.712843820137582, 9.381481780232487, 8.404099800487856, 8.881891448108885, 8.883508018801722, 10.713583962289457, 7.357361155425805, 8.743828274703143, 9.024949581946963, 8.617626313141773, 9.116345103928726)",0.5318964480190336
40.43380856731575,40.00134370054121,1.0795925111669138,"(40.55227822975994, 39.43054871615487, 38.82081901045463, 41.18878301359769, 40.72599064728282, 39.26250870040871, 41.27093493999579, 38.74412605815451, 40.37415843509822, 39.60467514116899, 41.049834082964956, 38.95287325010631, 39.494691277605526, 40.48667206988774, 41.666621301587156, 38.37620319776556, 40.87193097166274, 39.12233333765472, 41.51811596604358, 38.51277566346995)",0.4005815734189317
19.62569271384786,20.060663561648067,2.672902370837644,"(18.78821867143745, 21.061853065367867, 20.60920889864366, 19.197460009905324, 22.450937998720388, 17.626772830263693, 18.38428202498356, 21.52869926885697, 26.142563115411615, 15.138686074911384, 20.597582457279696, 19.215191548200213, 20.157598597908002, 19.634898334654864, 16.76444711783034, 23.60800017760924, 21.38197144551691, 18.50999399558602, 23.77272203443265, 16.6421835654415)",-0.1627335336097189
6.204802078409188,7.586013602229868,2.3950456647166054,"(5.824589699587964, 8.95797754976575, 9.834712936241974, 5.304005813366656, 4.6660802699146515, 11.175907893280112, 6.2981012877072615, 8.341847418858354, 8.243972926306869, 6.3506351818600555, 10.974711215443492, 4.776192452109342, 9.606807777805141, 5.462518605978784, 4.16732890994135, 12.574446200541106, 6.908319328881302, 7.598580321656026, 6.101985818116063, 8.551550437235123)",-0.576695277325375
8.70165140674071,10.589449550622405,2.650840693325608,"(9.867697115208555, 10.734221885304862, 18.436203591957103, 5.742829572541977, 8.951289248031935, 11.83291835241908, 10.888041241935149, 9.75066583281595, 14.103077719830297, 7.519529283423043, 10.023410581951447, 10.58483247821044, 10.107680475225179, 10.500273668163695, 11.123247758338936, 9.536875783921126, 10.655484079313393, 9.960641254452248, 13.794532305164946, 7.675538784238724)",-0.7121507334012441
12.178430862853114,13.857048029624307,0.9964376777146134,"(14.63882735518785, 13.043616897115717, 13.39929282356721, 14.239379682966092, 13.445093324285162, 14.204168561754875, 14.690039783412765, 13.020715038797391, 15.002693513325852, 12.739735546634387, 12.086375856094667, 15.820024283624736, 12.965606764421022, 14.750542491369728, 12.85772985800123, 14.868571634012742, 13.318651229148506, 14.358305287534561, 12.884771768277112, 14.806818892954531)",-1.6846183201554537
18.142499434266497,17.930539424341557,1.4694646382317411,"(16.243485478154714, 19.660336825228196, 19.347608151681275, 16.493764536434277, 21.49183503803993, 14.862648566804172, 18.76707420711881, 17.03307734537174, 17.2116724366573, 18.565639105582942, 19.065793682563267, 16.764629266554085, 17.85773643388066, 17.90040189991522, 16.994429408524645, 18.80558053184499, 18.954752785532197, 16.862366341315337, 18.088800119510733, 17.639156326116595)",0.1442430150479833
17.103982546355407,18.39169456607829,1.756167247693001,"(17.499529629984973, 19.142951928854067, 19.620515034110248, 17.034787893051615, 17.606583140655438, 19.040112190130483, 21.47309878771473, 15.644453495266347, 18.71193258005939, 17.9345319949701, 19.97522161984655, 16.81360030861924, 16.622569849356758, 20.210005661117275, 19.50478085708502, 17.212501845508164, 17.837445048261237, 18.826434917474277, 15.330413891892881, 21.792420647607074)",-0.7332513582715382
18.163671484204414,18.366253129068607,2.37360413398771,"(18.96204318433292, 17.47634787797155, 21.55539421564308, 15.306955975284056, 18.328311242270473, 18.105229657246316, 15.422835313133664, 21.603385818688338, 18.39963814054948, 18.07233189481078, 18.946046801522254, 17.57782625560373, 23.869324656183142, 13.959224640373463, 16.111217064543446, 20.655453153602586, 17.499149125665408, 19.027060567612207, 16.66624258161143, 19.781044414723887)",-0.08534769634220797
12.737077069717346,20.068555404029997,6.376511137024678,"(17.087856818120308, 21.36171649478367, 17.475750080536848, 20.671319866380916, 26.28437377736996, 13.933844217958887, 13.585337045070682, 27.19195766947599, 14.567394062038174, 25.251740515733086, 20.509621808473437, 17.997851410139518, 21.67510652522755, 17.04752664018462, 17.01211870410862, 21.660604965868522, 12.265374637641647, 30.072719162573406, 35.589401240383694, 10.129492438530418)",-1.1497632759932053
13.42460512128214,19.878025226457435,5.002216181078113,"(30.271974710949973, 12.290548034259302, 20.925483575866178, 17.717132222851827, 20.326951614470616, 18.324665006499362, 18.445359784203813, 20.251451846559632, 14.937624218628816, 24.972096713193626, 14.568901808129388, 25.634027766216192, 19.39714002070835, 19.259749914238352, 19.25658157328291, 19.38251954170521, 17.89662357478988, 20.86184372344887, 12.02111953458782, 30.81870934455853)",-1.2901121965873152
41.08881807615671,36.87246862690855,4.748646972194011,"(36.575758410205694, 36.58896206017741, 41.79072558176129, 31.97772875098974, 37.00058403305265, 36.18759139087915, 37.175293654288375, 36.02471547082358, 37.359644559849116, 35.8433646554222, 40.36971133117637, 33.18131594116411, 39.12866331531116, 34.23291189315636, 46.85186948256761, 28.584865488317483, 35.6754769452874, 37.535740238234425, 46.85187548192535, 28.51257385358133)",0.8879054336818997
99.44232181692568,99.83093887536393,8.311652416312755,"(91.99141430180178, 107.62816708610602, 117.30607372868027, 84.40162364791952, 104.02957861587679, 95.173738322041, 105.58663408433978, 93.77022556207659, 98.38448714725418, 100.63459653054038, 107.17597932238925, 92.3797654141587, 105.80010287241201, 93.58109764812826, 89.06971014613845, 111.15884308818795, 103.08475831767002, 96.0460176072083, 106.1010475840592, 93.31491648028995)",-0.04675569176539776
3.849770845958581,3.9395473856262555,0.9531164658780383,"(2.8651424569285404, 5.14300185873799, 2.593965063584892, 5.675376084362404, 4.346874068239835, 3.3779952680270107, 4.460433112571849, 3.28896317850691, 3.3020510231002698, 4.453898825308113, 3.641464556800866, 4.0352754260545485, 4.821150676427017, 3.05640463373663, 5.853233997856032, 2.507828578504901, 3.3499140886351486, 4.34295012264379, 3.6270018888519653, 4.048022803646392)",-0.09419262270846396
6.1167279018490595,7.091100587883251,1.4786018750213814,"(7.174434232540594, 6.742958277062036, 6.591742146871474, 7.335140068969491, 4.5246121034582885, 10.67179830256355, 5.006342254969377, 9.638777699754375, 8.30205040707723, 5.8209196231545945, 6.5794433505898136, 7.341587688945321, 6.788365701469706, 7.126322451062564, 6.317023753783312, 7.642151400901432, 5.523050024906751, 8.698146601264629, 6.162429771728083, 7.834715896592431)",-0.6589824499039689
9.705945839173754,9.019581541329755,1.1431973625623761,"(8.1145260050417, 9.884150424620508, 11.02652610552438, 7.271661445061185, 9.150193980799036, 8.756809916437199, 7.072556143138011, 11.324112861059426, 8.336594463116484, 9.615337526529025, 8.902269409649877, 9.00227508380204, 8.695648657551137, 9.223398844294126, 8.060201864114898, 9.939650300206837, 9.689861008227822, 8.246295527591766, 7.775534410593071, 10.304026849236582)",0.600390029159597
42.385357165561864,39.99477720476557,0.7732917951264688,"(39.433320761518345, 40.54979988230899, 40.999859256595165, 39.000430973607, 40.60633828436485, 39.378525345141306, 39.048070577789794, 40.94980763937571, 38.96577384939326, 41.036370956823134, 40.47041260465163, 39.51070307229387, 39.53661680236057, 40.443833036877045, 39.14782450830186, 40.845535828348375, 40.91087571049253, 39.08541419500002, 40.15239851408172, 39.82363229598613)",3.0914332414523096
16.893918428853922,19.987856873796403,1.893877490224881,"(19.696364254880052, 20.11176076855378, 22.42441954389616, 17.664776311106486, 19.310856293393737, 20.513454812733993, 19.10762657750034, 20.73027478488163, 23.328013780165225, 16.98065667815623, 22.306334365118943, 17.75840089679769, 21.506729786074466, 18.418671894261518, 20.533536128697392, 19.29139483547413, 18.81415978670615, 21.053756378765605, 17.273118998828235, 22.932830599936135)",-1.633652895137955
8.812482075736119,7.48228202030563,1.7316473175265226,"(7.435531519579979, 7.178709765330523, 12.31325003628683, 4.333260011085312, 7.621455414227196, 6.993850676619, 6.083529545807667, 8.757619152971847, 5.8436530983663335, 9.127090359631005, 9.45781553993999, 5.637423185140938, 8.199167893853494, 6.510018449609524, 6.787465509572179, 7.851957589860341, 8.439396987816696, 6.292205382114781, 6.238031916270252, 8.544208372028711)",0.7681703092582045
9.470073498126531,10.554194191876611,2.429863292641581,"(9.283045357305685, 11.412977906065493, 8.029689602029036, 13.192666372297829, 12.385053206888909, 8.551069995507723, 11.722232890718386, 9.032413957094647, 11.147596590842815, 9.50174304253587, 12.308891178190526, 8.604505275134407, 14.295061606248202, 7.411339373117396, 13.879080093881672, 7.630028089537764, 10.56796715105234, 10.00965000754175, 15.110564571943048, 7.0083075695987676)",-0.4461653036338099
19.49193968030668,13.979546518052501,1.9954025384705028,"(13.856054023423479, 13.841080222742779, 13.946782853194724, 13.749490816680764, 15.163979210264321, 12.64484452009624, 10.47616665225063, 18.29748400737147, 14.815032202663206, 12.943138885310459, 15.486093435938685, 12.381689651428573, 18.30184305863716, 10.47856783624883, 14.808917987431704, 12.946618673657676, 14.619297876316589, 13.105677278813408, 14.561047627135132, 13.167123541444226)",2.7625469327504644
19.18552886388745,18.053955497742333,2.531813318126635,"(19.493559737193454, 16.41396501907014, 20.576206450223932, 15.549172610681548, 16.57949386445073, 19.298795969300862, 21.279951341971866, 15.031782545628085, 17.77150534662176, 18.003380241417737, 14.95932470548228, 21.387588610769306, 17.61847008914527, 18.16027893346839, 19.838647934814478, 16.126429479541667, 16.541471997173097, 19.33634899627283, 13.615774063943425, 23.496962017675695)",0.44694186496435717
18.894245129549184,18.607478340590138,2.8027624037579564,"(17.028555311801785, 19.907950512100495, 24.194231589911794, 14.00865304275324, 18.288453139609828, 18.53685752041685, 17.769217905573527, 19.06217901093964, 19.629326245703474, 17.267369597846294, 17.67810927859421, 19.172790492633744, 15.502771875420734, 21.865088931623607, 16.806694865734993, 20.163667035743558, 23.93380131887233, 14.150369303332909, 21.191495659468778, 15.991984173720937)",0.10231576839140825
16.214968425179876,18.43954992854808,2.324677440045619,"(16.0360580153216, 20.897513622971307, 17.913405352151074, 18.699475924493477, 15.700991451793994, 21.344233702008005, 21.60827370309068, 15.483656722471729, 17.22548171758352, 19.448253899244435, 20.946899311864517, 15.992338912139445, 17.059477682770503, 19.640051448915052, 22.46347569497392, 14.908075357192967, 20.52933918586473, 16.292887036841154, 18.22836616109594, 18.37274366817353)",-0.9569420105546119
17.134682910667376,19.701149580669167,4.018483756269288,"(21.8295137653949, 17.1234810440057, 22.94774723098619, 16.273259415664317, 16.48145449274674, 22.690422888490698, 27.13282366562123, 13.72811717259293, 18.340798960291824, 20.36834234182757, 17.280675533789225, 21.61689234115331, 19.11920424721324, 19.541473928168447, 12.762344126091374, 29.250276040054217, 18.164169700498732, 20.50888386030316, 21.48828048090522, 17.374830377584228)",-0.6386654334480795
15.830564182427416,19.888867497664833,4.7885177299609865,"(22.447550798140362, 16.720936330129025, 25.665452994852057, 14.619780660536792, 17.12850944706264, 21.9165595018058, 21.111946561560426, 17.757920838579164, 17.381858288592564, 21.589611313857006, 11.2110322135283, 33.47249579444787, 21.010093242516902, 17.8621099785071, 22.91714057055162, 16.371016711861543, 16.031313606174997, 23.386188583829117, 16.673797665473582, 22.502034851289835)",-0.8475072128991535
36.64743986627113,37.05517286925449,5.963078248695513,"(32.07056224220689, 41.766847187300414, 30.378228913744284, 44.08946261196426, 32.08943329651678, 41.75736929617515, 38.26386164186746, 34.999186948998975, 29.44718304353261, 45.490052213669806, 34.498711560200114, 38.8306716569608, 40.58409978245769, 33.00259411794164, 44.908136734223746, 29.828417621449546, 28.460039386452507, 47.084212457412825, 33.175760143445494, 40.3786265285688)",-0.06837626238974126
99.87905619102376,100.22702105571922,12.520082094389279,"(103.78148049183146, 95.40261819194866, 96.00213611018263, 103.13335380751545, 110.25258525080334, 89.80324273056723, 103.57177963532094, 95.59573999938583, 112.06284910328192, 88.35245569827927, 111.05949704745187, 89.15067955749151, 97.63069657812967, 101.41300453684441, 100.17834046532431, 98.83402155586917, 99.281156487474, 99.72734614241645, 137.07857045454548, 72.22886726972078)",-0.027792538584981964
4.945491272228096,4.093984378630487,1.3419398022033342,"(5.160887947533316, 2.9380933010906345, 7.304425236188716, 2.0776977820294875, 4.230161394392055, 3.55238129788589, 2.5928940743627615, 5.86406644275449, 3.3588261096877816, 4.5077129597127525, 3.5353607649101026, 4.2830138127753274, 4.1892165657918135, 3.6396040630919373, 3.015313633033747, 5.014098384276641, 2.859327196696797, 5.302135738961426, 2.589312398451215, 5.865158468982844)",0.6345343451319632
5.915176757449621,7.020941125544017,0.9675618708231005,"(6.448279760753172, 7.511429983517132, 5.059437461121451, 9.577708306130134, 6.405546658290117, 7.523159218954438, 7.195004297825385, 6.74362955053742, 7.258348921091724, 6.6678859363063925, 7.885562535314309, 6.137348212102689, 6.11664413173867, 7.943840469702331, 6.2372492999173605, 7.752370665287491, 6.776733430904315, 7.146474416408053, 6.152164342521984, 7.880004912455732)",-1.142835824187374
7.2528281440646,9.007984115024499,0.5603071737828793,"(8.243548943654138, 9.808142937981588, 9.733358406585857, 8.308582720939233, 9.55597137349505, 8.438915539085839, 9.496392822737585, 8.523159916669579, 9.361918945584165, 8.63336560847819, 8.591628273154809, 9.406652980383791, 9.420378257610775, 8.597297979262333, 9.364420944858725, 8.626195493350359, 9.642347596401432, 8.384571623524264, 9.571211869824069, 8.45162006690815)",-3.1324888437713034
41.452877367554144,39.99057011998695,0.6109369367315222,"(40.72939380001267, 39.256420329353304, 39.68843804601574, 40.285993733294305, 41.06266099365563, 38.93796860851986, 39.97976081566325, 39.99267288878265, 39.95777258434259, 40.01458616589048, 39.72986011410016, 40.244055635092245, 39.654956021125656, 40.31997481253064, 39.37453210241558, 40.607196200115055, 41.095320195594375, 38.90684121642109, 39.8117943632246, 40.16120377358902)",2.393548596669333
19.73849865488167,20.016020240190414,2.283460677487294,"(22.633638682587854, 17.483396301473526, 18.542870898849866, 21.34016529167889, 24.057017810669926, 16.448759573353506, 20.169196730739674, 19.62134432356602, 20.12767828538635, 19.66053633192312, 21.636333002668803, 18.289127994458664, 20.6643662289642, 19.14987795126095, 21.85325086158117, 18.1072003968011, 23.428796322300837, 16.88983060687664, 17.16975057327195, 23.04726663539531)",-0.12153552195789369
6.771183253155291,7.390725157193813,1.5392156086875766,"(6.790743674530594, 7.722089800004269, 7.1438701269535345, 7.342671282710359, 5.858182859396574, 8.919761036374084, 8.52715363158237, 6.157206587485047, 6.989763971840722, 7.498174583927702, 4.842449998381193, 10.822822491037636, 5.8963501771675935, 8.913099521468661, 6.278654351906738, 8.341988365272448, 8.521924155472455, 6.152839878343342, 9.666701236273575, 5.428055413747346)",-0.4025049515751592
10.14678891341706,10.464514681798036,1.7077432129838168,"(13.829958201907539, 7.720324310701787, 12.664321929629248, 8.431484546607967, 9.554531928961735, 11.163288895654782, 8.905685876541357, 11.995081481949704, 12.206756247478113, 8.745864962827062, 9.135036128532187, 11.686022539292281, 10.571638535253962, 10.106777003588023, 12.743745046455599, 8.375098720728733, 9.66935749692861, 11.041792381186944, 9.488086337485, 11.255441064250054)",-0.18605008409070858
12.220354255148001,13.982498952702223,1.9097620399200093,"(14.407122879539648, 13.333203156189908, 17.764384938408362, 10.813394570857906, 13.006644078681015, 14.76002872324564, 16.617582100536428, 11.565376234357435, 14.747168820561887, 13.025628707868362, 13.789597002430877, 13.92856714180334, 11.036449545968443, 17.41282622940504, 14.546116134094186, 13.201980430165426, 13.409830317895302, 14.324013652651805, 15.803161975634588, 12.15690241374882)",-0.92270380325919
16.15405624664551,17.96534344627943,1.7974788878730321,"(20.378728122346708, 15.688174712364482, 16.394713937111106, 19.499695561197594, 17.60599183631225, 18.15597789092518, 17.997182605046145, 17.770929606597488, 18.652822408647964, 17.14088034846719, 18.9414256554782, 16.877737395554735, 16.28096307249277, 19.639650546023198, 19.86045197922818, 16.095079319561613, 22.09815555381982, 14.46680361388844, 17.894364622218546, 17.86714013830697)",-1.0076820439194296
19.406590776930464,18.549746995605148,2.871541852261484,"(16.984344519672916, 19.8074286895802, 20.436525682137912, 16.459261921498975, 18.537327898647508, 18.14081026250291, 20.91726510488336, 16.101815011165037, 24.224945477415677, 13.890220387686082, 19.234351415418146, 17.487841793642335, 24.88580965447388, 13.523749608688718, 16.1288258813533, 20.848649287047518, 18.93272658023472, 17.7663980727043, 18.22286625906287, 18.463776404286577)",0.29839153507392174
17.510072403571094,18.430904179818807,1.8104431849925284,"(19.617704497900963, 17.15635614593073, 20.573668692842816, 16.354826275080075, 18.80746245766251, 17.88168357725482, 18.86101150236387, 17.884796096349408, 17.028180482375408, 19.77378174648303, 18.026506322170906, 18.66548846346237, 22.49105887642787, 14.97601741715984, 16.735773383769345, 20.093101818156835, 18.424895076219688, 18.261790058254725, 20.8820619588299, 16.12191874768096)",-0.5086222997113898
18.66335353976579,19.602685840338978,3.7451482861406418,"(17.46612476519431, 21.259162774548326, 17.25945930040364, 21.498503788717024, 18.161124185256078, 20.42276792264347, 19.005102664766788, 19.639612913099313, 16.1275497175901, 23.05009202543242, 20.77296621961261, 17.865062240382784, 14.90195795485493, 24.950963742846817, 12.633585855969018, 29.335895107228506, 23.07182451402734, 16.08294688520424, 19.285276004654232, 19.263738224347552)",-0.25081311307466697
19.02182890270697,19.617886557398325,2.722047963789689,"(15.94599022450658, 23.696393851909313, 23.65349892709698, 15.971137015832726, 25.069114476212984, 15.067281822734243, 21.89609964221256, 17.28699211543453, 19.094367275392102, 19.79679035895843, 17.738986421627807, 21.297343428280715, 19.503850232794953, 19.38242064936794, 18.199125862329502, 20.74969599350866, 21.790242606473004, 17.336978284864063, 19.321439178255158, 19.559982780174206)",-0.21897397203152527
40.78141010286257,37.29585633483543,7.2129724265348285,"(24.562153641398922, 54.66813279208892, 31.009533265233625, 43.294367176383126, 29.563154568550605, 45.44345926308233, 30.319394425086934, 44.31532427236575, 35.25949358060616, 38.09365403488827, 41.79442521656835, 32.12904908259887, 43.45994106901595, 30.888570003841696, 39.464618678132986, 34.02174167048022, 33.86283079338544, 39.64936923258644, 31.521746050190476, 42.59616788022339)",0.48323403472396664
92.97567352301796,99.83801593249967,8.396228973608787,"(89.73879187619575, 110.33003368631317, 100.72793861641969, 98.29326244765856, 101.2626184594817, 97.77455122092185, 93.29371747714545, 106.12615597720843, 97.51033146883022, 101.53688047018429, 92.4004889323456, 107.15188186359248, 99.12836944504465, 99.87928573940859, 86.60907776176994, 114.31691933140046, 109.96846553328271, 90.03381829681834, 113.26196826434365, 87.41576178162778)",-0.8173124424133238
3.650946239843284,4.053873124439106,1.4412234173182985,"(5.285855675214593, 2.7636417371959534, 2.8576088147899856, 5.173843496349241, 5.75933563318544, 2.536110553224177, 3.8547661508475035, 3.8391832858652974, 1.902209528006474, 7.482262665567899, 2.7312538052520368, 5.162714205468075, 5.861355586756505, 2.4354810244263, 3.9425619280603375, 3.7590306756005876, 3.1816181784625615, 4.636454509824287, 4.913257713700932, 2.998917320983938)",-0.2795728127603929
7.361024961414094,6.889516782590627,1.0688454136187302,"(7.351489839537466, 6.320866925863599, 6.998300736684014, 6.685890029902486, 6.782048069597319, 6.854108785380209, 5.191958928818968, 9.017210519485085, 9.141566243441488, 5.013840024173238, 7.251421185235878, 6.275905940463242, 6.61663794346321, 6.930854113746667, 6.1033954323590285, 7.676244165623049, 6.016788849387776, 7.766678217962241, 7.833736956323142, 5.96139274436446)",0.44113786036383634
8.291095045332494,8.919304519409154,1.1766031508270083,"(8.595221013212573, 9.112713480969745, 7.733465047535609, 10.175449971090124, 8.537202778707131, 9.179969723721104, 11.667237383468912, 6.747426294375365, 8.17570850314648, 9.501003662460324, 7.216913908862262, 10.697420172155221, 7.980928835766931, 9.727718943269016, 9.04283135494497, 8.709344420339866, 8.3258582604691, 9.443587787571865, 8.035420599282007, 9.780668246834471)",-0.5339178920565579
39.79174265952181,39.99364817358361,0.7948166956765638,"(39.93388426362024, 40.038493252280624, 38.76229332025096, 41.24917482810854, 40.84909970545161, 39.14170684950021, 41.13769708033045, 38.867409369973906, 40.09514832353067, 39.87726851683172, 39.516803529510014, 40.45924455857182, 40.26812759613341, 39.70525686102488, 39.48717340858678, 40.49200906800862, 41.325727723735845, 38.69043047850194, 40.35245088737095, 39.623563850348766)",-0.25402777163599133
25.425611421433512,19.964583892207617,1.798048567502873,"(20.205657918103356, 19.57561106201816, 18.6410179729533, 21.225153785712656, 18.553832193958055, 21.321158150648927, 20.6545097318046, 19.156785770899067, 20.789555746871745, 19.02108846168295, 17.6951424329914, 22.329365585213885, 18.6306629406, 21.218633166814985, 17.559347823313747, 22.53356969852024, 20.74008816178741, 19.076166798570853, 23.601356464310026, 16.76297397737698)",3.037196896638983
9.552271031386407,7.323356025313206,1.6780529253805625,"(6.465261443616905, 7.8994731570868675, 7.07173037930017, 7.2653505369615505, 9.746422683294155, 5.242150474959348, 10.373880375777336, 4.9551921928842955, 6.748561000293141, 7.479966513605242, 9.8497146691698, 5.091936878562586, 8.943897983354535, 5.6454858300436035, 9.183514694723208, 5.600940219282628, 7.976237046055684, 6.434405396215424, 6.142724465546674, 8.350274565530949)",1.3282745569945058
9.546656121699648,10.401676004990282,1.7625189227260651,"(14.015210157235614, 7.515344084637723, 10.946700308461088, 9.643844794590809, 9.369629614452368, 11.246072539948111, 11.470174485323502, 9.205658478958686, 7.922685050765747, 13.24565724588294, 8.300861900889236, 12.598206772711611, 12.185113502811419, 8.607127784405037, 9.27256003300791, 11.389443442272242, 10.555114222145633, 9.997675468507449, 10.459793054896064, 10.086647157902458)",-0.48511245596625185
14.020522047792088,13.958533627722986,2.1591759745186336,"(12.621985203599204, 15.096756168680852, 13.96225749691388, 13.676016625517319, 15.470146837780952, 12.324964716710898, 13.782951510729804, 13.857034111478123, 12.645747764431865, 15.029282093849089, 12.341145390992287, 15.334341378602643, 16.425287964106097, 11.556127048871991, 10.07849470951315, 18.95215908411803, 17.276005378204964, 11.049097505098947, 14.767452590461222, 12.923418974798459)",0.028709295027665466
15.941737459333154,18.037226266693676,2.787150000924882,"(13.912780335443976, 22.86248527793932, 19.294326240703846, 16.509134000898797, 17.338027452210753, 18.356041088983154, 20.25968965575132, 15.725227700772303, 22.989214140285803, 13.817812064611148, 21.56421701412492, 14.67887206848482, 20.72988066979635, 15.303957416737749, 16.82925843465627, 18.93108125455313, 20.134421128518298, 15.816995959199767, 18.053957911610468, 17.63714551859124)",-0.7518392647202908
21.80792188798814,18.282915907298996,1.557794275666992,"(17.457072528607082, 19.02327051674908, 16.470880317295276, 20.247511696712984, 16.167509862729812, 20.57520027298704, 17.753368220509707, 18.794702085679553, 17.51587455526981, 18.88715133177715, 15.288921100968462, 21.408726771701218, 18.44738536691846, 17.862707840045022, 18.721257337149364, 17.82413562229814, 17.807045655745476, 18.71668952224787, 16.50787484585973, 20.18103269472873)",2.262818676220814
18.78487397014097,18.271831557274524,2.6021313336178338,"(21.586349386083594, 15.180219627901382, 18.13894258415799, 18.208697298993993, 15.254548495264515, 21.54848353558835, 21.03540525511988, 15.71682750131034, 21.60812028347304, 15.055497004833608, 16.365729705712994, 19.487104546020312, 15.187866267933257, 21.263412480803787, 15.888025331982773, 20.811359506432996, 21.1754019444543, 15.579589906071972, 17.39708731422466, 18.947963169126748)",0.19716238232800745
14.538631293586104,19.648847842915313,6.413477403314685,"(18.610185494529354, 18.787749136362248, 15.324555818457016, 23.244669933026454, 10.204754585023656, 34.52595043284958, 17.476388229768567, 20.430684522444704, 21.130980406987955, 16.282757474320064, 11.889132169698096, 27.58003066827629, 11.490350826250625, 29.40497127620936, 22.209662797969294, 16.079807298458505, 22.677907600949688, 15.665444245184215, 13.29932572010008, 26.661648221440505)",-0.7967934129912253
17.552647474254815,19.587758410375095,4.25828356269878,"(24.38336481501678, 15.052912866899327, 15.568193294277195, 23.72443388902051, 24.303016069362535, 15.14190861682279, 13.650650412163515, 27.078625877088445, 18.576386363089515, 19.653369295093594, 20.876766642844526, 17.2052697850026, 22.55951314544369, 16.08363496252296, 19.833776445377843, 18.638084024057996, 21.62177270341413, 17.066800905346298, 27.157479103329283, 13.57920899132821)",-0.47791813442092235
46.155082339531745,36.9060903311297,5.734180268627483,"(34.58974966479638, 38.48995271251314, 42.07480575061739, 31.698458003106015, 38.10093321944118, 34.97597248584926, 28.446899479977926, 46.89668011174757, 30.61319770927875, 43.458355953205874, 30.304147636519215, 43.65487417572677, 34.293184267106845, 38.6993380725457, 35.79710404238001, 37.26522382803356, 27.84282464125222, 47.89094724627119, 36.11392150142567, 36.915236120799236)",1.612958012325598
104.94684436246241,99.85114475540557,8.576122694530213,"(94.47040248531424, 104.80203126953404, 106.97283402034623, 92.5537692394886, 117.65840099883059, 84.14799505101604, 92.22908105895824, 107.34951346532385, 99.13049603173147, 99.87520379636884, 96.075188013467, 103.04961203910679, 106.833916624069, 92.6728381435402, 103.48906680357807, 95.66947329981224, 88.64966885554244, 111.68381768351888, 108.23643996869909, 91.47314625986542)",0.5941728900761696
2.7221220622467515,3.956463318210834,0.9977487383951237,"(5.548915915343265, 2.664635501851425, 3.7234061714491085, 3.9595132884697835, 3.884945726406676, 3.799972150347067, 5.061181479760941, 2.9091931562499758, 4.115936496429496, 3.580575806936887, 4.667355239763318, 3.1445968732639193, 5.52750744108431, 2.6646019804073786, 4.5317346250770205, 3.2608176705537764, 3.6137292673424253, 4.072327087511373, 2.4996220292616007, 5.898698456706941)",-1.2371263510185113
7.381542621465438,7.00866452177727,1.0732792747374096,"(6.378313121262274, 7.544213077346754, 5.972866904195138, 8.043365977765378, 6.741280556293109, 7.132086448870436, 6.283700823145332, 7.640416447930875, 9.01583818324719, 5.327529083521596, 6.264474715330072, 7.650353479024604, 5.863061678592264, 8.19006885717984, 8.520800975991143, 5.645434168416255, 5.850069848456368, 8.203469642855081, 6.406225868263825, 7.499720577857857)",0.3474194540646441
9.313058739684935,8.984975077599522,0.967713359354867,"(8.910467027628798, 8.970034330885095, 8.873365955227364, 8.9992195805279, 10.35254253018982, 7.7170728660226615, 10.026343742904352, 7.961614456027154, 8.912871404273513, 8.95828806085527, 10.117868966874173, 7.881630518124881, 8.079311286182415, 9.88137335352246, 11.149189629018663, 7.167519789374845, 9.06074223964969, 8.807286786160777, 8.884147861215286, 8.988611167325294)",0.33902979525273147
41.39296287713098,39.995542334788695,0.8093857035336554,"(39.2255173719478, 40.764833164075874, 40.38867118564588, 39.59082867944395, 40.84059601482046, 39.15276895448238, 38.63544384649022, 41.38744098013776, 39.24597296925132, 40.743575534405586, 39.18170980523751, 40.81039476451091, 39.62905299752201, 40.349722646951015, 38.947872235553156, 41.05541237015866, 40.27873297314092, 39.69883678597132, 39.42799185356238, 40.555471562464604)",1.726519922752966
18.216168937658257,19.95720033748981,1.5875806890740356,"(18.482615947338086, 21.42084975287126, 22.1608048596347, 17.864972407977234, 20.61911378464851, 19.201214549410007, 22.54892917194801, 17.557529081516638, 19.361321609979164, 20.44808343324507, 20.355437955438592, 19.44888025784358, 17.518162696560587, 22.599537046190466, 18.84891949279941, 21.00435582994687, 21.45925732977376, 18.44833786628047, 19.749222287980384, 20.046461388413302)",-1.0966569521874303
7.239802423925937,7.419617001310183,1.682215161656786,"(8.966815399099957, 5.852686716939816, 8.918566446849665, 5.877177050105329, 8.465754797734167, 6.195216387673157, 10.27261041406649, 5.099966284529054, 5.958702470512524, 8.795182957069414, 6.50372122262519, 8.044626166478048, 10.176830590965265, 5.148685926961751, 7.182814684198613, 7.304511760576503, 6.940912168642696, 7.545595989879168, 9.784874721255084, 5.357087870041732)",-0.10689154484088068
12.424913909928607,10.687426649029705,2.9594220958612483,"(13.305364233213606, 7.99210860665788, 7.035229969498674, 15.109037865743266, 12.443292134004107, 8.544245804180337, 10.535729355858004, 10.08770936470167, 8.533240217472029, 12.456037162369572, 9.946094022892211, 10.681090457333687, 9.820000577755922, 10.823457768510114, 14.479186508351408, 7.3435770032208705, 6.055967499922803, 17.546841279598205, 8.489885679937576, 12.520437469372153)",0.587103564350884
14.415830809138782,13.961824493108473,1.794836298085452,"(15.718826230398136, 12.212559700041894, 13.07515913363163, 14.67755568034185, 13.669141685808988, 14.042369020133574, 12.172108150762835, 15.765554928897153, 13.27122769249918, 14.460286436182656, 12.422376660094129, 15.442986055811911, 10.673426899574928, 17.9796479219409, 14.896065950278768, 12.886203115503495, 13.32859307733623, 14.394577001552673, 11.591528543949764, 16.556295977428718)",0.25295137863803885
16.527489211895062,18.08701068086936,2.803501235244719,"(17.349783299131733, 18.43644297213741, 23.900380326276103, 13.381382685979053, 16.544026184772136, 19.333766029492804, 20.016719331284957, 15.977646155169825, 21.451232455013628, 14.9090531043699, 23.56609955027128, 13.568865879574313, 16.56301012725319, 19.309219533574453, 18.47725765674452, 17.310659559848688, 16.62355969697844, 19.235586632640825, 18.46780234142297, 17.31772009545093)",-0.5562763623459451
18.478718580011723,18.44568254269336,1.520084949226562,"(20.130904150955836, 16.800080839490047, 17.170825506391886, 19.687660442491104, 17.185446012465814, 19.67790556241196, 17.00946261405121, 19.874671933577876, 19.540917999655896, 17.29942409711408, 20.54139208853929, 16.44916817361253, 21.418316538790847, 15.78326792575281, 17.842148047050188, 18.952537767306655, 18.306288445457902, 18.45684978512515, 17.88687709344535, 18.899505830180704)",0.021733020470450424
17.78901328730944,18.56471656961082,2.380962303309198,"(19.899633001928667, 17.065693457950047, 20.16733698880464, 16.82492465286064, 18.436991077451736, 18.416724458881824, 19.064904895566368, 17.798318006638258, 18.811364354046106, 18.037028606930527, 16.328648968309906, 20.760727147224042, 15.06831126592239, 22.518108027915712, 23.37240004904647, 14.5260792031908, 20.198022189195004, 16.78223598350249, 21.246760298478595, 15.970118758372152)",-0.3257940208558791
18.64191963540348,19.721913556509456,3.4166189545367223,"(22.508580679307535, 16.821596727303714, 15.65240868749685, 24.14674062969513, 18.391054319203576, 20.582636059857915, 19.929416637222467, 18.967673132628825, 16.168341900581, 23.374972049543295, 23.974631546028007, 15.734709756955688, 14.641393323608403, 25.814457295091007, 23.18437397536277, 16.32133969783715, 19.308684363534415, 19.53000706473852, 16.553963631025233, 22.831289653167584)",-0.3161001959764692
22.724194203116337,20.44875052261485,6.949180677051259,"(14.290597685225803, 26.18268335108991, 18.090285720469534, 20.670894325093688, 21.778113057576423, 17.17939367707197, 28.522180725137506, 13.111263776463115, 21.74818765947581, 17.193874127175807, 12.25563252799461, 30.49234503808379, 12.121213919782626, 30.8503645782601, 12.161120772550731, 30.761155363327457, 30.701830771043813, 12.170575725862797, 19.940343553675675, 18.75295409693579)",0.32744056979491615
42.93046360349075,36.87690729841409,4.103763573018127,"(33.76109051688354, 39.81284127434965, 37.0510867784273, 36.27504084638989, 42.56862423645892, 31.57736647269272, 35.59076310496358, 37.76716998756426, 38.84607018289405, 34.599699695358865, 40.10423935271784, 33.513188682881704, 34.12004400446213, 39.39231205997222, 35.28962403716985, 38.085998261117744, 29.33596633959296, 45.806388250716964, 42.16732916111072, 31.87330272255691)",1.4751230662697639
94.94961271554844,99.9497804142654,9.699048452644048,"(107.07920985799251, 92.46370780785331, 87.3431631691447, 113.35678399130339, 101.41092513149373, 97.63192161056726, 96.16027294105923, 102.96293456229347, 94.19081342992581, 105.1157835648183, 85.24783157268719, 116.14303756980478, 93.0971668541113, 106.35061664329385, 85.62454956158214, 115.63201172085918, 91.01193699150292, 108.78721559873371, 93.55060398008759, 105.83512172619345)",-0.5155317785172909
3.4375482464029754,3.899411281467623,0.8403023126232677,"(4.303222307862227, 3.390109559088059, 3.174463898833264, 4.54416173362941, 3.150457648484881, 4.616485397858741, 3.6791238636053936, 3.9684146854464832, 3.732570501013584, 3.907076383282898, 3.444183731165965, 4.2264535042722295, 5.606277074929431, 2.6003416969612942, 4.260099560477409, 3.4204981304384505, 5.354766310234191, 2.703237303573682, 2.9365883627885596, 4.969693975406295)",-0.5496391335908587
5.773400204112759,6.9208803188398935,1.1282398324130891,"(6.568895030568234, 7.122972040251785, 7.560759548862089, 6.148897608305833, 6.9502304247223226, 6.721118436160904, 7.763469277225574, 6.0301851987841575, 7.7183041806409465, 6.061542230802015, 7.158755911928234, 6.528392406841567, 4.780525330942498, 9.78423044695237, 7.756987449624288, 6.028357621908936, 6.419555525463294, 7.2556312712615165, 5.413245537853873, 8.645550897697404)",-1.0170533620257796
9.924541243820435,8.995563134590375,1.0333391274880426,"(9.926220732471002, 8.057072314352904, 8.359001982193897, 9.533031364027423, 8.729396166576002, 9.154012547875986, 10.979330623539534, 7.286908591925996, 9.077815821919069, 8.81015240895931, 9.232090304693397, 8.657646682215276, 8.375879650480849, 9.546945233944236, 7.688533728931987, 10.39897472156246, 10.857556450619574, 7.346489083614541, 8.694225380021926, 9.199978901882092)",0.8990060325000228
40.79493561728573,39.998391644615005,0.965774526649238,"(39.01438903509819, 40.9844504953402, 40.0930940847962, 39.88194177779085, 39.64217420292183, 40.33550703130333, 38.380739213503944, 41.66111958377265, 40.23102641084108, 39.745078742385914, 40.70027723671298, 39.286879871403706, 39.892216857780895, 40.0826394680971, 40.561099227564455, 39.42165986978152, 38.762224323064885, 41.251101315123414, 38.39939094102207, 41.640823203994934)",0.8247721913253824
18.791283066133982,19.989755336272392,1.9426754140928495,"(20.683722317911208, 19.14674322071151, 22.511033438913362, 17.59229633753285, 20.552351736595718, 19.269532769719092, 24.074242298263847, 16.450539149798892, 22.671692012703986, 17.468230711403603, 21.192780452346806, 18.687218964531212, 18.825430151870766, 21.037091632932007, 18.035885707206784, 21.958047021183834, 20.260124672115985, 19.5461728077168, 19.127094195490276, 20.704877126499305)",-0.6169184318925701
7.3515380743296825,7.491495975264295,2.116156509288951,"(4.802657679594737, 10.84272082103199, 7.439042942699437, 6.96613623066492, 6.446818280864199, 8.067536958765917, 5.948226996817298, 8.758152601376795, 10.800920827633261, 4.820888465054757, 11.51857083100606, 4.516891188353131, 6.431789083696077, 8.094247244528923, 5.434351094571169, 9.578057092091996, 6.2465556615637245, 8.307717535546134, 5.748653558148755, 9.059984411276613)",-0.06613778343910835
7.114071633491362,10.457465699286374,1.888442529522431,"(8.04574912690335, 13.184564094346607, 9.986516940527087, 10.607481740429545, 9.214581588866258, 11.508793824010278, 11.504495805256042, 9.222222807367425, 10.42308296255273, 10.177688404900561, 8.473708067862386, 12.516098438830952, 8.610047263145235, 12.319951159762205, 11.14649301133062, 9.51597945915805, 11.564527604102148, 9.163208441884565, 14.79266705477633, 7.171456189715064)",-1.7704505239248791
13.726703522036154,13.946956351028598,1.7223395452156864,"(12.573516105587514, 15.250160837093704, 15.540389520597662, 12.329339933796975, 15.545740604145498, 12.333461470214058, 15.27353590100638, 12.556163733507626, 12.20017376178981, 15.718173706150845, 15.355470491063139, 12.486737553157049, 13.271489559798404, 14.448527495415913, 14.072454628867844, 13.625831933035617, 17.702891958963615, 10.824160390081214, 15.289576614321163, 12.54133082197799)",-0.12788002784019153
20.900625248429968,17.967129327164145,1.947708280931362,"(19.64736516246856, 16.249224521030317, 16.938660905909607, 18.84411274699388, 21.903573822879707, 14.576264771497737, 14.621709256941271, 21.836458573337207, 17.010349810384245, 18.769906772600454, 17.851974668300134, 17.88451649546496, 17.833709120593387, 17.902804427816942, 18.333871324975707, 17.414397131703943, 18.16261861464853, 17.572617235893734, 20.125211888944673, 15.863239290897898)",1.5061269441556586
16.547652873004548,18.42058984616765,1.536757643386333,"(18.273467739123593, 18.44683172784338, 21.49396432394513, 15.675709417307752, 17.39393834948701, 19.383565583546176, 17.889661193468633, 18.848232956469783, 18.453605995906564, 18.27179488048995, 16.629452272797064, 20.27486453576456, 18.49272221547421, 18.231627260675058, 18.499031637429134, 18.225495148492307, 18.953907545477357, 17.770623377746258, 21.59289689033641, 15.610403871572633)",-1.2187588467339454
17.580993139819654,18.45655049975822,1.230177066985557,"(17.74688197300396, 19.113539123970575, 19.171199080162907, 17.677604136467064, 18.097005585232893, 18.750947105952875, 19.607517544591868, 17.3096928441167, 17.131520214096216, 19.810499000539796, 16.302204738602608, 20.8157620656604, 18.214374013310476, 18.629770302914586, 16.70938029115648, 20.307891840007287, 17.204768660641204, 19.68593940615993, 18.86907080730587, 17.975441261270603)",-0.7117327931368798
16.25736750417222,19.781881150460535,5.160414088047734,"(17.34476416951367, 21.168846909896196, 18.853327847266275, 19.450718020228884, 27.990912636993293, 13.132630154233851, 17.24156038093235, 21.323571972307146, 14.797688826619158, 24.844474723292162, 18.44932704915712, 19.92466890041483, 19.040560240414575, 19.30176067737589, 19.343584750344288, 19.000537019074066, 29.828376712291607, 12.271755007427718, 12.172759605920248, 30.155797405507386)",-0.6829904705615776
21.418030038158133,20.14035384219106,5.895490780972402,"(23.043361752631775, 16.287992637281036, 18.841964297398317, 19.91214956442562, 18.535605725908354, 20.2570585196929, 26.31011761195817, 14.271819760214408, 26.008144484844863, 14.43741748617621, 19.277542610877557, 19.47744423793137, 36.25949010316964, 10.354495478528895, 17.843147966114095, 21.042064120878457, 12.953019351870944, 28.947300198999873, 19.552932743636052, 19.19400819128268)",0.21672092170693408
36.40092910658021,37.10763516432717,5.928539591230895,"(42.27507814960272, 31.78042807412571, 31.581552067684225, 42.56546509499644, 42.051778282996516, 31.959504482279897, 29.1048124971882, 46.16658960611384, 44.696682766304846, 30.063770952009076, 32.28893438911599, 41.62173854446439, 37.27466386077966, 36.049981040212955, 30.47917253396853, 44.08934752279005, 37.08702345789543, 36.22876327781256, 29.985308507923918, 44.80210817827857)",-0.11920407157139952
94.582763104658,100.1191690342912,11.429656307365422,"(110.78318020547201, 89.37295632619275, 108.22465883763685, 91.48603284716197, 98.66852941408185, 100.34640132376215, 112.23380451331572, 88.21783474326051, 117.44194355504875, 84.3057031846218, 96.14765590132036, 102.97735169210681, 99.6902264324562, 99.3179217803725, 78.90230726838672, 125.48464142002682, 91.55799809400298, 108.1393977477608, 102.31295094814212, 96.77188445069456)",-0.4843895372484185
4.24648459856488,3.824904921378138,0.6580174903798699,"(4.188655373662577, 3.411030119481165, 3.339724024163127, 4.229343907862719, 4.993605540677913, 2.885739729569809, 3.4089013483006694, 4.232633274610249, 4.303663755292523, 3.270616871573391, 3.6078253513105727, 3.8042968181278645, 3.7296944015234432, 3.7718779917184193, 2.6849069642097834, 5.363206924363559, 4.279833160300849, 3.3777803458035027, 3.441561374089553, 4.173201150921065)",0.6406815675117793
8.653059195752817,6.867038830169642,0.8711543090717644,"(5.800565617988718, 8.028441826106365, 6.801390154999662, 6.798641927782995, 6.094745231485442, 7.679769550030166, 6.212065064327884, 7.5404686604933095, 6.832556632932946, 6.750286999580203, 7.164764943430784, 6.338353601743135, 6.492069644092444, 7.1012827863931225, 8.143378378190123, 5.744956815356606, 6.299125665448067, 7.444062809561998, 8.710970154043222, 5.362880139405646)",2.050176813664874
7.899375722270849,8.914586776480911,1.0816396793312328,"(9.213059193428506, 8.525380402091756, 8.481288317793332, 9.216313593783429, 9.015277382744644, 8.741159679738173, 9.360310735265868, 8.423142861170803, 12.186565561043958, 6.401094677686023, 9.843617451829974, 7.842210712804126, 8.49631782644345, 9.178011779526456, 7.980263014837772, 9.871324261102925, 8.609811030192095, 9.163011727076972, 8.842676008930423, 8.900899312127535)",-0.9385852549693416
39.44467167611111,39.99506323453876,0.8610997955662338,"(40.256988072212714, 39.717707528178835, 39.350073655572054, 40.63248201747035, 38.66411237206705, 41.354299708100754, 39.02233856570604, 40.97471250071888, 39.58949276707938, 40.386318727808806, 40.92367178459968, 39.06844755720747, 39.69325138418941, 40.280614395916395, 40.84427089072729, 39.14686234240808, 41.40040338007425, 38.621112290179205, 40.18840012375615, 39.78570462680227)",-0.6391727895670062
19.029847531900607,19.999255119801337,2.1936631859594815,"(20.42714778508457, 19.362146553378434, 18.55016025631274, 21.313772308960107, 19.873454767761764, 19.905446174028548, 18.751734774845165, 21.09680409058309, 18.04195203727432, 21.90919135927797, 19.54409066745203, 20.21039752301472, 21.95991716294726, 17.99919889304311, 16.173252358918287, 24.458748312148483, 17.916744396712147, 22.080379725712277, 16.64330473721462, 23.767258511357117)",-0.4419126847300044
8.221758405075397,7.478442598466362,2.448646033756465,"(6.187028669057624, 8.184769110145663, 6.842441168596579, 7.354785005363726, 10.376036134274418, 4.902029619130091, 6.688520774206179, 7.609668984287785, 3.819892203390814, 13.143825245982425, 10.667604400613126, 4.64306258474629, 5.041175166151841, 9.955703402863096, 9.232395047331464, 5.506857445472078, 8.808006434618633, 5.783741348207819, 9.445191113021936, 5.376118111865621)",0.3035619670470357
10.579654717032575,10.671412211982078,3.0180174571440888,"(14.23739459710552, 7.4094333389841225, 14.102604205326278, 7.462173871714718, 16.109143380738626, 6.5589561072798785, 9.354714774872434, 11.297482032532393, 8.146150510674364, 12.904074951968957, 12.173046706956889, 8.590524823889428, 7.556069109373039, 13.908877157632284, 8.376191515562413, 12.611861062764776, 7.496443335129777, 14.101837924099263, 12.747316632701553, 8.283948200334839)",-0.030403235320027595
15.726437762852484,13.853791613405168,1.4190504194936153,"(13.001731940180003, 14.632024453739604, 16.404863164894074, 11.569772550753825, 12.230116269818497, 15.576997616134447, 16.04361739984989, 11.876954775602837, 13.857807119881628, 13.678726675529692, 14.744847862489355, 12.792747832225885, 12.714079111147024, 14.904976023169947, 15.672285578000345, 12.153383352651073, 14.161766535242798, 13.457709944132429, 14.006831232966492, 13.594592829693456)",1.319647366804321
19.248329927178677,17.982512991576254,2.3721921634070924,"(14.801711925907899, 21.506098025686413, 15.960910528536932, 19.911661905645044, 20.17645524555265, 15.791640073576993, 17.634527626732662, 18.070459940381586, 15.542795154142913, 20.426692099108926, 14.997208556316242, 21.097622219432893, 14.465998599823287, 21.941567881564318, 19.358522012765008, 16.456499027435683, 19.308471505112173, 16.50537757481174, 17.683277238033327, 18.012762690958457)",0.5336064063985343
21.034446209234805,18.400005296618883,2.8405602759940383,"(16.035339504666275, 20.69872762658837, 15.85122893560088, 20.838979996128877, 25.16780739594055, 13.223351040447856, 19.511293172748154, 17.063925528715366, 21.944162981404105, 15.007996991270547, 17.498543235538833, 18.63303799430541, 18.96813703772513, 17.349412014691598, 17.57251427928893, 18.930793971383167, 16.212983898267833, 20.5407812920628, 21.44717475079793, 15.50391428480495)",0.927437074608112
18.893672031809142,18.099098449996,1.663855485078222,"(16.62789825170005, 19.64143425896773, 20.23320559075369, 15.994608998691135, 18.577017431972614, 17.6708734327508, 17.60716295139926, 18.658833766212624, 17.60596907291821, 18.27699031625436, 17.802334537673644, 17.732809610737334, 17.665132213379668, 18.189247359782094, 22.598960603959892, 14.51424034452207, 17.109236387527986, 19.211576504925965, 19.155246767292414, 17.109190598498397)",0.477549636335026
18.704183228720815,19.006673643839292,4.83419478238473,"(18.97684451361728, 18.178342077457994, 19.25122958728994, 17.540719317363997, 19.75038119107398, 17.674533639819135, 16.07308484049524, 21.757569160933087, 24.146189073364198, 13.797892324548164, 19.08609100982419, 16.6945009357094, 9.725630688982635, 34.13699104843374, 21.441424572402717, 16.24972654674011, 21.561111747895897, 16.237763338506255, 15.69205838669458, 22.161388875633346)",-0.06257307136665625
35.00222658331626,19.456324791878743,3.885893584530297,"(18.109570066999005, 20.20765708153948, 17.814161299063112, 20.39565202343831, 17.14303951859752, 21.431940628707256, 27.49309019301813, 13.371782983996942, 14.725936251667198, 24.560794352874474, 24.653535677087444, 14.452062670048162, 18.11743466076574, 19.93937024900404, 21.559855835011472, 17.030430640924227, 18.74727935470508, 19.617112448789673, 14.568718947321868, 25.187070954015724)",4.000598949319043
28.96417206064314,36.97353958917156,6.1281215093673405,"(36.97136813182556, 36.07607013992225, 36.46623029554358, 36.49878381359831, 28.39334508056989, 47.02484024195263, 41.965938912421784, 31.821182910597777, 41.81938572648578, 31.77899392624123, 36.713024032019845, 36.04249730566788, 45.053247100096634, 29.4844600829372, 33.246157851486984, 40.15295881932662, 26.60740654034781, 50.191743354204014, 38.433735710273965, 34.729421807911386)",-1.3069857567748024
102.20751095058351,99.7474328019295,7.1788079264997435,"(91.82554934064515, 107.82157209141317, 95.91503874657957, 103.22380822675466, 97.54419067423439, 101.50070206098782, 103.0453618935529, 96.08203576304919, 91.00644732896109, 108.79088083690641, 111.25309450161046, 88.99123096427843, 113.06428868479705, 87.56661853211578, 104.90410318965112, 94.37951380679104, 100.51542957243291, 98.50038955332667, 100.64283214896372, 98.37556812153883)",0.3426861637533037
3.3674760402485218,4.054332330695593,0.8879904794512511,"(3.636656517247336, 4.323175756472757, 4.063609735452297, 3.872851531685022, 6.17294302415097, 2.524962041159789, 3.186286292741591, 4.845402596273254, 3.0687189716436625, 5.256150553928281, 3.97601019572356, 3.9591569215508104, 3.8269875353221816, 4.043222479232708, 3.217906965117445, 4.855563841047211, 3.4050760912036746, 4.665248419601285, 3.125551105024384, 5.061166039333662)",-0.7734951064695266
7.552097234888371,7.031424856459495,0.8297753476808658,"(6.76869653783711, 7.209738342991063, 6.917755971276526, 7.058986944821704, 7.377606907305619, 6.582341946737351, 8.288744270639185, 5.827194764894315, 8.678983607508307, 5.7082738268768125, 6.446889731442825, 7.575848861548767, 7.031878743658157, 6.878364680729734, 8.419788354233159, 5.77544798705557, 7.690332225768124, 6.3853449492932715, 7.258167902156629, 6.748110572415672)",0.6274859573547228
9.200365038771439,9.121989716036826,1.337228725191743,"(9.74474462364168, 8.368319372314419, 9.141798472204533, 8.924245390900888, 10.283566922304722, 7.907259766329419, 8.377411434749366, 9.67581999522344, 7.771699572412937, 10.590469352396674, 8.023051577642427, 10.169925675841341, 9.148369345287676, 8.868665595938399, 10.81880214528871, 7.5218275862145685, 12.43552180499893, 6.583427310417992, 8.858618584016629, 9.226249792611796)",0.058610259604897026
40.9679417563336,39.99995668602946,0.9483281953097643,"(38.85575977469619, 41.155633154022965, 39.20726562337316, 40.78682383297687, 40.095487115404254, 39.88294207549484, 41.323461257970756, 38.69753710224412, 38.41780845213296, 41.62644610696842, 40.094509327280676, 39.88430566018122, 40.89743448771485, 39.10087924091295, 41.21580468833198, 38.79887441233865, 39.90234717474075, 40.07704084949522, 39.952193053976956, 40.02658033033141)",1.020727924247737
20.03574001665173,19.93976341228383,1.0859160486795838,"(18.999236921939872, 20.866603772875113, 19.011362829613866, 20.854469043581066, 18.404962953025368, 21.537590889358984, 18.637934814882872, 21.265133439923176, 18.873168261529933, 21.020312138627745, 20.99675992867066, 18.882840335989393, 18.674524733393785, 21.225457942091932, 20.963337050969567, 18.909610703987305, 19.725194311745092, 20.10550821704002, 20.480207863535888, 19.361052092894894)",0.08838307941447286
9.121199097179723,7.581937492566363,2.2117815165280037,"(8.419426142689343, 6.289393760398577, 6.626981757285007, 7.9941591254196736, 4.712526478787801, 11.19925949526049, 10.921086251281745, 4.814810396157034, 9.336745585860939, 5.730397289416396, 8.259697461039757, 6.414702716722987, 9.605375823912276, 5.479647272175944, 11.14004058083887, 4.741945152956122, 9.011972441129984, 5.901097164064844, 9.380026576826271, 5.659458379103184)",0.6959374572537582
11.535573147826138,10.550054158924596,2.0820324889461723,"(8.656311203012622, 12.386804224208065, 8.08829529565042, 13.259475590671181, 12.496671112195088, 8.5702167538328, 9.745090216836735, 10.975829054930374, 7.848846703392725, 13.715552027796615, 9.032083710612325, 11.874674368623564, 7.647777176422819, 13.99175643270076, 9.224893970574115, 11.613326283982051, 8.645451334055643, 12.4238075498328, 9.466761565715826, 11.337458603445446)",0.4733446735984252
11.848233945062272,14.028255141040432,1.9740869075274976,"(13.685453726121196, 14.111892510176398, 13.395759272353057, 14.420857820732836, 14.153072541493417, 13.632106249663268, 14.05651421125421, 13.710321965254385, 10.338444940780981, 18.75519941029476, 16.02399212277414, 12.056513745905566, 12.31570976044047, 15.655874752209067, 17.132498681816717, 11.264053738124463, 15.264114805684663, 12.675804305036596, 15.190435650414539, 12.726482610277994)",-1.104318754997768
15.588662233423848,17.98820397394226,1.4140671402202682,"(16.264982117828428, 19.773002072022837, 18.41498105320981, 17.468615780547537, 18.986146230581753, 16.928442668894633, 17.884635817458268, 17.957912670083754, 18.877972509647197, 17.088255305086534, 21.140359088258073, 15.217670080500966, 19.067200317563465, 16.851036279374366, 17.57381741985047, 18.291294866276065, 18.349210256652245, 17.55335881911524, 19.90783406635382, 16.167352059539628)",-1.6969079276848449
19.480805673356333,18.611595429075617,1.397768252694463,"(22.262635056729795, 15.464261596151088, 18.5879763819186, 18.535359018855623, 17.795005120153032, 19.31017225056365, 17.456657385680778, 19.64083438896342, 19.31543312493592, 17.993448845371418, 19.345513397354456, 17.813525178542992, 19.372536917777484, 17.72108605651124, 17.175962708236472, 20.013864841774787, 19.55827508858156, 17.685152790981064, 19.341573664768735, 17.84263476766019)",0.6218557637184476
19.97681355053602,18.701956964080953,1.3218579511000064,"(19.857217476298757, 17.502614797909413, 17.72216730353715, 19.640829033945842, 16.85229149460078, 20.546429256396426, 19.292832442570184, 17.86859907637279, 18.202839817426042, 19.45709980960827, 17.48848796696737, 19.91216571630402, 18.99339519697353, 18.196753235103515, 19.295662257491387, 17.958337273707574, 18.86185648949273, 18.59927385813126, 16.101889373878908, 21.688397404903117)",0.9644429534914642
16.711338637103477,20.28203893865067,3.362206634110603,"(21.517941570188874, 18.547997547651878, 17.865740759689267, 22.419803750724725, 17.852974938078482, 22.178402080650145, 22.4939054544826, 17.436849566238706, 25.056261191041397, 16.62690592759762, 16.221677882967885, 24.71810684915416, 16.117571940052716, 24.47982796334275, 17.11784745749357, 23.166460550663288, 20.30725669881803, 20.082723879636, 15.650432531163876, 25.7820902333774)",-1.0620109618847804
19.223525818981518,20.159884581807788,5.035093243853801,"(23.413640697649075, 16.350539644113294, 13.790829407958677, 27.791153243087038, 27.70750384807449, 13.78005834325872, 18.77197157448824, 20.275702176059205, 23.20303843667838, 16.730131344346255, 16.13579204678808, 23.76036470183032, 22.10793819561492, 17.249092321093723, 19.15285709912229, 19.945383080299752, 12.299340907914603, 31.343041146400576, 21.617021819225506, 17.772291602152567)",-0.1859665188860717
46.9125031991633,37.06573100154634,4.26749876374455,"(37.41391843065328, 36.240940336393066, 40.37132204196813, 33.60372159077563, 38.94858626821055, 34.79081149444482, 39.54013792739145, 34.241753132794535, 36.396231600673694, 37.449591979685295, 31.989436380504397, 42.41491625226952, 40.02973022215435, 33.84926329232695, 37.87604134455568, 35.77876123662959, 34.78553174969839, 39.09001515348348, 27.981750267617947, 48.52215932869594)",2.3073872408053915
103.93503041789224,99.92808568637439,9.43284018704972,"(88.74360245854417, 111.57184759299712, 107.13628198744479, 92.4178541087274, 86.0953092989526, 115.0036247033933, 89.52021347279151, 110.60352498798422, 101.94493311685233, 97.12548509314963, 90.95896978263583, 108.85468723604774, 88.03527179755777, 112.46942020434138, 89.82322027959364, 110.2306678326685, 99.97286709945595, 99.04066485901227, 99.99715860602805, 99.01610920930949)",0.4247866657402883
3.2798427310943863,3.8852326845931295,0.8096628273245571,"(2.927344326534492, 4.9464732924613335, 5.189344904990617, 2.8068336808645826, 3.74787153002476, 3.8786068260730464, 3.535279184438787, 4.066832988051116, 3.4347511347079447, 4.239741993458633, 5.145012401694848, 2.826999046961337, 4.268025503601884, 3.4172091530399626, 3.9014221408600243, 3.7072411022894816, 2.6932499397219147, 5.380931419881443, 4.160942079422776, 3.4305410427835925)",-0.7477062464374074
6.592873840432442,6.991986646875191,1.1591131881927073,"(8.5081511328462, 5.596337032193926, 6.540921613609753, 7.301742476684215, 6.1874309261991876, 7.711556896596966, 6.734593596633547, 7.045631593200695, 5.167781512978741, 9.24181769881413, 7.488757280832863, 6.373431477832933, 8.74003707091859, 5.46892431210281, 7.736067108334747, 6.1519990347208235, 8.377445501319619, 5.6867059140177245, 6.41604932864617, 7.364351429020166)",-0.3443259989691314
10.295304929450412,8.953236424361796,1.0056955219182078,"(8.65602138901061, 9.148476411259164, 7.004564270677978, 11.32751765232865, 8.984486535452112, 8.826639980902335, 8.105871238124722, 9.749811538776877, 9.046757793624309, 8.77134274175173, 7.970698758515154, 9.951217796679291, 8.392265597956856, 9.46052747359668, 8.195654366230814, 9.660701177633026, 10.337081079571519, 7.664139439505711, 8.179017334122857, 9.631935911515553)",1.3344680132698898
40.31439999447718,39.998669446943865,0.9862486566516538,"(40.22192311901731, 39.753668994450045, 39.45587831235711, 40.52546418937062, 42.58520565537933, 37.54754072517042, 40.64401792245903, 39.341032607025795, 39.43063898630896, 40.551492824168854, 39.13159873885275, 40.861354996165886, 40.514475784496675, 39.46663797567912, 40.47017895015366, 39.50992421219879, 40.53118380501226, 39.45042230410178, 39.474149690643976, 40.50659914586476)",0.3201328036331412
17.20203216330281,20.005239228053416,2.103508141799061,"(22.463823319380158, 17.630815643834097, 25.37297025444874, 15.609776477310993, 17.828717227856238, 22.215338453196427, 21.99089037722387, 18.010729542989665, 20.544054044270595, 19.279564757325787, 20.465092574407997, 19.353613596738516, 21.26454855255551, 18.626403629586385, 20.447944001573948, 19.369747360907233, 19.365142754017466, 20.452805243915208, 20.427411299536484, 19.385395449993013)",-1.332634283199453
6.384167027545962,7.512840131875959,2.155268313251496,"(6.467690796416488, 8.072375077331495, 8.217025028884159, 6.369612001541193, 8.788572284108723, 5.950876006350772, 11.112019647229097, 4.685439379192731, 6.826844972494419, 7.666773072426982, 6.088105406218995, 8.592570512025981, 4.285166419582524, 12.222333721520634, 8.499265627746128, 6.140652995065751, 5.448919202600614, 9.586007410633457, 5.137194624009557, 10.099358452139432)",-0.5236810179922566
10.74818864175722,10.721966358711333,3.024184231025599,"(11.27395098238076, 9.443753791870032, 7.502461239874887, 14.201637532218381, 14.049914028016131, 7.582189338506147, 9.711471388745794, 10.955685738543583, 12.877396650124023, 8.274599617971361, 6.896076467530811, 15.448936911617984, 7.241733891985445, 14.717142906679761, 11.63497101020164, 9.150550019926374, 12.334270600365878, 8.633704717508184, 15.77252322861629, 6.7363571115432075)",0.008670861641585566
14.27300769528562,13.953292037210169,1.813670044283162,"(11.88019508012416, 16.124520626902804, 14.05118646658777, 13.63942663644291, 15.646379235700463, 12.248342735302964, 15.452606336930119, 12.39409692771641, 11.412785967115349, 16.795063476046433, 15.061692680070093, 12.724499275094539, 13.194088113465394, 14.529469648302799, 15.760897111231179, 12.155659283044665, 13.030828889760064, 14.704069538814931, 11.234035138826089, 17.025997576724215)",0.176281049071314
17.559271507949866,17.99765508793549,2.155080647526412,"(16.152278356253778, 19.78436356824208, 23.81796618415482, 13.419273487644311, 17.47876902020221, 18.28677768205568, 16.223255913850807, 19.699788997775364, 18.7242759367766, 17.072339300917825, 20.00828098659954, 15.975399636355077, 17.091359520114743, 18.704182718071817, 19.995707529667477, 15.984084617586058, 18.722742991693764, 17.071219264101146, 18.10422065548471, 17.636815391161964)",-0.20341864258713457
18.75245470681241,18.5059608474795,2.698811292114885,"(22.232783944899655, 15.092130475282119, 20.88067673001507, 16.07740287877087, 15.407973267294894, 21.790437209968793, 17.42398001508242, 19.264709646665096, 16.94644180295255, 19.81902016557247, 17.39414591838434, 19.304048093498277, 17.015169486490915, 19.741006078093136, 17.19744026850999, 19.52083837623157, 13.856432375953972, 24.22877618219473, 20.94120959321649, 15.984594440512653)",0.09133423298364451
19.932695068563767,18.4207521946143,1.7358780064845425,"(15.656232366353331, 21.47953327567694, 19.22119266279973, 17.512550836985664, 20.630208649658865, 16.320364158818126, 17.488248082413897, 19.24447289803559, 18.143592023264894, 18.569639573876554, 19.699151429355215, 17.09482109870391, 15.522546049906781, 21.709459594766635, 18.741274540147476, 17.961671442641773, 16.97033627769633, 19.83776117524524, 17.67810248839525, 18.933885267543765)",0.8709960425222613
22.03258591349689,20.64271787517868,7.776734703720716,"(23.41706790746514, 15.955117529175535, 17.137373611404392, 21.840176888604166, 11.370342184071426, 32.93992434431627, 20.090921401408853, 18.64140866285986, 15.499612612906903, 24.199927641669294, 11.409418159835417, 32.83995965898679, 9.442163161930592, 39.736404857593556, 15.284663199203388, 24.503831489865707, 15.970966559810371, 23.45161020991695, 16.001376819271137, 23.12209060327779)",0.17872128743870372
16.20098986638283,19.760763935072717,4.230033740350873,"(23.636605587864782, 15.811832950523456, 14.09729909522545, 26.527526112507207, 19.570612014910065, 19.112762753806415, 19.542962224945185, 19.13860691598441, 20.131701733794795, 18.589231484805197, 19.775173426554616, 18.917537235218084, 14.159361322864168, 26.432829495412584, 14.058087286107881, 26.60658284594257, 26.22018619425155, 14.26553437004725, 18.68861631309145, 19.932229337597242)",-0.8415474407999901
41.265311827372884,36.88972316154209,4.578402501141907,"(41.307304747989555, 32.461615667582336, 43.177471687692154, 31.05289398529724, 33.13421152741843, 40.47186085230786, 30.579914827931077, 43.88012074038523, 33.823670196319945, 39.652127471903015, 29.699869564354934, 45.15339304953261, 40.46705336311051, 33.13962810165212, 38.266445390348345, 35.05493439215871, 36.17498476451185, 37.07753471580425, 36.82434994133852, 36.39507824320328)",0.9557020521326963
85.48331303704812,100.05827905536495,10.81954034757409,"(116.79851873127579, 84.76939038408314, 95.21663814384577, 103.98323089055575, 114.16013428910007, 86.7285174894234, 98.64866567759441, 100.36592523286049, 113.62898316380442, 87.13395634644965, 95.35874013834328, 103.828345166197, 87.63941024948834, 112.97359074781393, 84.95380986728402, 116.54512064361766, 102.03361892406538, 97.03613020618555, 105.63594362967717, 93.72691118563372)",-1.3470966002344789
3.2088081528000014,4.008347587084947,0.9226819320957111,"(3.449237484193371, 4.417391320451457, 3.096989252947513, 4.939026912636845, 3.159471528340953, 4.84008347250406, 4.273915051049586, 3.5790232258028687, 3.499923793714825, 4.342513644961087, 2.632771201165025, 5.808397478468106, 5.035699198580181, 3.035735123587035, 5.1254253510676735, 2.9787695458456707, 2.9948506558942785, 5.0974898433628235, 3.54664823757475, 4.313589419550843)",-0.8665385182832523
5.378280808460254,6.979624690481805,0.9234592509671289,"(5.61434681500295, 8.52151777696492, 6.54849262423097, 7.3218331546250015, 8.210106923919325, 5.839198086579275, 7.994639314487207, 5.9974607534885545, 7.7266715017404515, 6.184063991556665, 7.019853420069836, 6.829302039895829, 6.126189595927594, 7.824267206493589, 5.958013347838464, 8.039260958615715, 6.772739092965435, 7.072032306309753, 6.002922878793758, 7.989582020130797)",-1.7340709731853157
8.569333374523659,8.994509559357803,0.8315617585164478,"(9.660051626175791, 8.300248782036318, 7.462769448129618, 10.757862624664705, 10.47352239792502, 7.664827514082999, 9.106707484844575, 8.815923895824467, 9.103930403748711, 8.801755902910166, 8.339932771365453, 9.625762642780227, 9.61365032999627, 8.349825171725552, 8.899943800897713, 9.015456477103315, 8.271026107578487, 9.70106557790161, 8.806837832497616, 9.119090394967444)",-0.5112983858140407
37.60483669741399,39.996192231581894,0.8478744256144132,"(39.86947441098904, 40.106106054929825, 40.403472994641504, 39.57608459545819, 40.29464689715017, 39.68296960275119, 38.19481955346259, 41.864587766639815, 40.46301813957675, 39.517920286889044, 41.28265735501627, 38.73323559437509, 40.566714466560434, 39.41687735633495, 39.05803374096793, 40.93937332792946, 40.210484630617046, 39.766070612576755, 39.72516471332958, 40.252132531442086)",-2.8204123888216213
23.032770856666232,20.00237548710857,2.0653166083699377,"(20.35219151068126, 19.459924480454788, 18.438318375131487, 21.48094729703588, 17.971467749067358, 22.038939728405403, 20.48867281483007, 19.331200708370922, 21.072573470674197, 18.795143022318047, 20.201847187258537, 19.60570931499168, 22.171031519484846, 17.86461999516863, 16.5589232691623, 23.91863343557991, 16.5908432238359, 23.87290489723098, 19.163370362572227, 20.670247379916926)",1.467278845905093
9.792564019991556,7.340588644526389,1.2047448625894075,"(11.288227485767948, 4.654245739660504, 6.3376599885473395, 8.303834328866873, 6.885200095985189, 7.6426846602813665, 7.226875182351681, 7.282175525908005, 6.920065216335921, 7.584866748757396, 6.987747767941231, 7.530561397928043, 7.6739035247393685, 6.856387476369235, 7.2456240654105, 7.25754507617663, 8.247929969195146, 6.375514070912856, 7.248853941476756, 7.261870627915806)",2.0352652678634673
8.63426882452238,10.433627101572371,1.6171139116248594,"(11.361088267619417, 9.36260838125248, 11.478982716589536, 9.271798958097534, 9.48380107296156, 11.22205671961775, 10.957103234651896, 9.713429873459317, 7.9832554936975475, 13.320959854194172, 12.020892090848145, 8.853593118145877, 10.277149107819724, 10.355568379111213, 13.654582426760978, 7.792552512306252, 8.81193939270681, 12.075151190455204, 10.985941601405692, 9.690087639746276)",-1.1126972961614157
14.06251546735867,13.928450882887288,1.2872746728168534,"(12.691988883985676, 15.15666277324209, 13.981799378316843, 13.76476632889647, 13.736858587147605, 14.009970308863123, 13.056451748402134, 14.740209763035056, 16.773149981231963, 11.468187639048539, 13.694108494522318, 14.053716021609665, 12.852428911207351, 14.974358900232371, 15.878229602231944, 12.118624538977645, 15.049653720649161, 12.786327455044804, 14.541040086738542, 13.240484534362432)",0.1041460593472392
16.870533554623727,17.989054118391223,1.8590097685188867,"(16.654589212204286, 19.2295791747963, 19.611134442017516, 16.334842599170766, 15.571845095628289, 20.571911988447276, 17.160923316506658, 18.66680276986297, 19.72978960482144, 16.233509039123934, 15.103762047523878, 21.20937628807616, 18.602109531582748, 17.221536282070787, 17.438287150467875, 18.368671075100494, 15.245749116855038, 21.0113228405223, 18.367581713702346, 17.447759079343363)",-0.6016754633078912
18.778067174345527,18.502705371155397,1.4384833104564605,"(19.299302279977304, 17.624327780990626, 20.43661190979724, 16.65636456895247, 17.422974853506226, 19.537029611656372, 16.30815175669233, 20.871849583999193, 17.73760199039385, 19.1809263956218, 17.891579661630008, 19.025065141659837, 16.74309684354941, 20.333319553567655, 17.15788330787262, 19.834557177800498, 20.315902877537535, 16.753880035968987, 18.35014757003958, 18.573534521894384)",0.19142509418670398
18.8752786195099,18.57478536709549,2.295492427714546,"(17.066955791770983, 19.895685592188045, 20.613780321165613, 16.49701432523198, 19.73931640016294, 17.227208374381117, 20.96202127561777, 16.22125032988739, 20.013638550367343, 16.974756361145257, 15.07695722503044, 22.553898792751273, 17.800121949774148, 19.109388039045683, 15.239136866862022, 22.30507854193984, 20.636795666610205, 16.4758764182074, 16.82178709758471, 20.26503942218558)",0.13090579118729134
20.440387277138225,19.794911501922236,4.111760441373202,"(22.764693830591067, 16.467696359965313, 24.337124273277766, 15.453743786845662, 14.74776912352836, 25.500284319774014, 13.405157716159149, 28.04823855201289, 19.620000167895842, 19.13566720983041, 25.116373178420623, 14.971958325632501, 21.172285488492733, 17.775950074884324, 19.807597589224844, 18.97012393789959, 21.058678915491924, 17.85635416595324, 23.77035896709967, 15.918174055464737)",0.15698282631475957
18.569765903805997,19.88787958088555,4.541143262289992,"(23.304228328732258, 16.135135388502864, 19.490789609430415, 19.312849066095556, 19.745792085982103, 19.062967112316638, 15.683543100235397, 23.99892503795179, 27.53488660401141, 13.662391613276162, 27.59983452433016, 13.63789766030937, 16.76906708053565, 22.452319010416126, 13.628137171750819, 27.612370775321576, 16.807324318283897, 22.39470652184894, 18.19036877866923, 20.73405782971057)",-0.29026031572825955
34.994347427031805,37.03140026484607,5.048102514101007,"(30.61629699964453, 44.00223182676265, 39.93274972968663, 33.74238893303609, 37.7719158431407, 35.672641124679416, 34.92686436507023, 38.575676752784915, 27.195208463826145, 49.55798550071273, 36.680823638628276, 36.732682852835104, 33.89672071402654, 39.75736875150971, 42.91717925210754, 31.39613842781955, 37.91016795685796, 35.54743558931333, 33.33058130122332, 40.46494727325594)",-0.40352842124820326
108.6309306662048,99.91204772720226,9.291833519944024,"(99.76213709092129, 99.24613671455828, 96.0813357559054, 103.04820908395571, 104.73945632463064, 94.5298926053661, 81.79181267065758, 121.05131768212058, 98.95404052013303, 100.05677534541158, 88.19098666539251, 112.2678033858672, 106.99416267949128, 92.53790449149102, 97.22949981161983, 101.83134959890101, 110.46132203930878, 89.63332672083612, 108.98939895772413, 90.84408639975341)",0.9383382644865838
3.6810163935085964,4.108634176085615,1.369054637335935,"(5.260849278565951, 2.8946331786442654, 3.6304829322147993, 4.200702787954283, 3.616797514950854, 4.203334452311258, 4.64609430794693, 3.2876895589177715, 2.110961726120834, 7.232926615269798, 5.431094260462912, 2.8099827292464115, 4.237534798690148, 3.5869406298268744, 3.259809603008633, 4.680150113564807, 3.1662250454209655, 4.807563109666673, 6.906301044989009, 2.202609833939122)",-0.31234530084871315
6.689161809306889,6.926615709429696,0.7337570419302298,"(5.509389348040301, 8.613259959994341, 7.04592150532223, 6.7407370959533965, 7.537255880260315, 6.289813622716867, 6.86753999544497, 6.92250412905145, 6.774458089482986, 7.0159228326142085, 7.806094596974201, 6.0868875639389906, 6.751130685852378, 7.020796691269112, 6.098429220555718, 7.790038358324443, 7.340850316993249, 6.462685582964991, 6.161851435958754, 7.6967472768810135)",-0.32361379387672773
9.741559869043938,9.021240501556013,0.8569463099470983,"(8.70557010734173, 9.267117102576135, 8.989452817393806, 8.978600167579, 9.64381860707589, 8.361331801205395, 10.07828813361118, 8.012895687494728, 8.753690991113524, 9.224261359522183, 8.343334224807384, 9.676198064923325, 7.228787228555793, 11.152669257868038, 9.617572020018368, 8.393608683265056, 8.724191921716717, 9.245984695612409, 9.784127922341089, 8.24330923709849)",0.8405653412900416
40.06414601655017,39.997559006800145,0.9305288431902633,"(38.41988147186467, 41.618639593536614, 39.867024008043906, 40.107882212989736, 40.188559316521946, 39.78705190088113, 40.547274572538484, 39.43498550575889, 40.27516698593337, 39.70144315604392, 39.42525379788486, 40.5572966113449, 40.09167847535749, 39.883114344772764, 38.27207222582164, 41.779346065876304, 38.99185179889706, 41.00811941216457, 40.88997571155735, 39.104562968213216)",0.07155824372056384
19.503173951224785,20.004987322019552,2.071704424145896,"(21.97330714328844, 18.027844064050832, 18.2313238316304, 21.728038908600954, 22.266134820061996, 17.790763316645247, 20.20026506849539, 19.61032161823218, 21.536100128978553, 18.39404544145881, 20.662971481439364, 19.171127174906474, 17.57054073212165, 22.544444349514034, 22.029612791295204, 17.981884923939482, 23.2692007361809, 17.023708558645158, 17.671473465728056, 22.416637885177792)",-0.24222247389448462
11.73149000205609,7.389598706304539,1.328097655636281,"(6.326409015703132, 8.36799116586605, 8.393515391898282, 6.3111453840496585, 8.752118238179127, 6.044488863788749, 9.58200908488993, 5.532274172894137, 7.732616619320069, 6.854208961832451, 9.829413835310694, 5.390878764511871, 5.890670308828838, 8.979215242574034, 7.84975796784541, 6.74963084054481, 7.185090701939608, 7.366549882151998, 6.450825984459373, 8.203163699502538)",3.2692560500540795
15.012606283503718,10.52422233703866,2.2048803310445044,"(9.658160300144694, 11.006284716161675, 7.30199590004732, 14.560318715716717, 8.730822064453658, 12.173007047858153, 11.556566124971331, 9.201922145952029, 10.186444869200043, 10.439161709171243, 13.58099103995362, 7.829293170590111, 10.857114277454956, 9.787976501565492, 9.712505984053841, 10.947473645044719, 15.453498502234336, 6.87830477935621, 10.490664402457464, 10.131940844385602)",2.035658753569997
12.47462714886875,14.003720836364133,2.0212411373124826,"(16.422216656695227, 11.70762088288215, 13.854143992764525, 13.879060846059648, 12.333492828543804, 15.587416514270084, 17.970569092516328, 10.70133156091704, 14.377865281320814, 13.375235370779832, 10.94731123768869, 17.565446883837556, 14.85633755113592, 12.938439911909969, 14.38479344215425, 13.367949021760305, 15.940280250382463, 12.06094965818348, 12.900644124930151, 14.903311618550457)",-0.7565122534209465
17.962578137996136,18.018056008274858,2.2421087399997006,"(16.02052279516808, 19.968549841722044, 18.18810006940659, 17.589032961650346, 22.4404112588279, 14.25560136263517, 20.269137935900947, 15.783964182698329, 18.300519740880706, 17.482175118800384, 15.976655673721012, 20.024161834185037, 15.834153623060548, 20.200369708816837, 17.525013018737972, 18.255257890564742, 15.183043725091947, 21.069206291375885, 19.997241008735127, 15.998002123517528)",-0.024743612693258206
18.63556197165509,18.483885143280247,1.8049525261237578,"(17.897285232829574, 18.917936992898454, 18.765736358661716, 18.042944485120014, 22.286803233682758, 15.191421710858219, 21.755689923571346, 15.56540359731972, 18.618113529175194, 18.189599801770704, 20.238421641144743, 16.731188661472267, 17.222783609075336, 19.649535325327257, 19.44455280897972, 17.41505785415012, 18.04443319260133, 18.761562628152262, 20.055195069474035, 16.88403720934021)",0.08403369406096103
19.357628745173248,18.49878722749203,1.6428788511781671,"(17.391682096578702, 19.52887076003597, 20.122351292433887, 16.87964315232297, 19.640718797373946, 17.291508586316972, 17.149606605112986, 19.810941584923416, 20.822318787627932, 16.318502515630513, 17.36446912451241, 19.563193322145278, 16.41781504773162, 20.66819084727828, 18.34731347025004, 18.516837648841808, 15.836809462572237, 21.441538103391828, 18.278341168089753, 18.585092176670006)",0.5227661900117048
18.901837310066643,19.83984222658244,3.4686224684117195,"(20.079802937468237, 19.041956071394917, 16.781795610276056, 22.78381643183297, 15.369342096846136, 24.877462031114383, 17.11267108056772, 22.354093738797026, 19.136948018466093, 19.99611750854805, 23.23210024177735, 16.462242437541807, 17.469676015815, 21.841764298800356, 15.624799051545777, 24.482759050636307, 20.631028299547907, 18.523865875269582, 26.62738148547264, 14.367222249930501)",-0.27042577422538283
19.174457132234597,19.62994101562822,3.6456878319194463,"(18.30224532557309, 20.375067221938906, 21.25452063593469, 17.544934195680636, 19.225595964668237, 19.3962981384542, 24.254837302888912, 15.377163191498779, 18.003073985815693, 20.719289701896187, 19.894369969756017, 18.74610225195217, 14.706157568815778, 25.33988671791623, 26.18742314874711, 14.242312805980784, 15.129861459825833, 24.643125117772765, 23.134696602175445, 16.121859005273002)",-0.12493770843616392
37.56669298642392,37.00151663082609,5.591760181222032,"(37.98400710118987, 35.27205636540014, 47.490782849332696, 28.208280417298763, 38.16048343911606, 35.11205400757401, 34.13224646080153, 39.24618564202697, 42.75301531664802, 31.335312660150493, 42.38140344175125, 31.6085617593683, 40.88740123704307, 32.76108927989708, 31.21247385556071, 42.92082677570914, 29.292767379738233, 45.73467490892741, 33.307546747813724, 40.229162971174254)",0.10107306774274308
96.58143785772783,99.86851396936899,8.775350684243818,"(100.73943339293415, 98.2828684169807, 114.23199149107525, 86.67410991548314, 98.38416382668427, 100.63574959355795, 96.2659899408585, 102.84996090164695, 85.12903523203566, 116.30528338665783, 90.86157702727435, 108.96746040520148, 100.60193519054693, 98.41714321221892, 98.78976158351867, 100.22249604190516, 87.25797762198204, 113.46766116022084, 104.90886658316937, 94.37681446342754)",-0.3745805985330154
3.5152802477927887,3.9602409441727513,0.7821239475534049,"(4.138136285786103, 3.660180457582429, 3.8344279959026166, 3.9381244961722364, 5.341470355636884, 2.8399315399392053, 5.461309968369845, 2.7685663418485955, 4.575167673178166, 3.308794808735436, 3.7498778884083284, 4.040236616475518, 4.281215122194083, 3.5000178204712555, 2.928907583548514, 5.162147655117222, 3.29103405784175, 4.5800570752057155, 3.644175716254351, 4.161039424786769)",-0.5689132748995387
6.929772020869541,6.935566160490826,0.8722798769573605,"(7.309399041903558, 6.489720689143069, 5.829498150174124, 8.123456955723888, 6.540772078545453, 7.2589143812211425, 7.1762968787045915, 6.603393444073512, 8.226529032093374, 5.76454162049484, 5.765529389297221, 8.228768715981893, 8.321207262566668, 5.665879812534123, 7.526361157400845, 6.296416273531854, 7.412952502983151, 6.381509986708075, 6.623230022818862, 7.166945813916245)",-0.006642523545878256
9.121077989249196,9.011488208310459,1.0343863251220662,"(8.19650367408019, 9.79019151920456, 8.645302143004617, 9.273734721023581, 10.646280360440992, 7.541332701052085, 8.418736472175217, 9.52635634043819, 7.499016151101597, 10.699209101983815, 8.220244893699638, 9.762720321149342, 9.155489888401467, 8.735936604784404, 9.647214591426057, 8.313699940593253, 10.858681157715807, 7.379088575082488, 8.8925770694409, 9.027447939410942)",0.10594666448805275
39.53641217748795,39.98988552500549,0.40621869111034314,"(40.21796366459701, 39.75914749362679, 40.48510331055044, 39.49689760288067, 40.41720656123011, 39.56315675487941, 39.410965058953, 40.573288306967775, 39.683511884643096, 40.294639412007875, 40.45516703793023, 39.52601847849223, 39.481326882783144, 40.50118043331292, 39.71166564131924, 40.266131955188655, 39.85314687525717, 40.12321865604154, 40.28298061246125, 39.694993876987326)",-1.1163281194128145
19.553096931195302,19.966437614593957,1.653117235751139,"(18.589006802687365, 21.306518948989407, 18.34511073162516, 21.59002819919948, 20.501456797538015, 19.319284476066365, 18.092059741633737, 21.8915304755238, 22.65075687453769, 17.485885317515432, 20.104897515702746, 19.700024348801115, 22.566333166045197, 17.551039557365254, 21.18143852462497, 18.698999575138433, 19.12222541001247, 20.71240424131233, 21.484112063583538, 18.43563952397657)",-0.2500371265023089
6.954105039995227,7.35482644449793,1.2013228968729144,"(7.988705047156343, 6.606262660499925, 7.312872856407943, 7.207886005534717, 6.618786128178894, 7.978911566585677, 5.605914798275876, 9.407243298901797, 8.612757253562574, 6.126300791232081, 8.769484379512125, 6.018755817761289, 8.692280264947764, 6.044459998168017, 7.4886776759923945, 7.042296516529389, 8.729555068199662, 6.0334803954998115, 8.836335349368886, 5.975563017643435)",-0.3335667750492354
8.167229661831684,10.491943873198688,2.023976186689141,"(11.684653472861381, 9.09427411157385, 8.316158363943659, 12.77360517978143, 13.333782185651021, 7.971250969423614, 13.473907456969261, 7.884766540554065, 11.735069711455218, 9.054713090795255, 10.098324522877604, 10.523221200585379, 9.690101963045326, 10.951879616228176, 8.447288281562937, 12.577135048750668, 11.173197949884834, 9.505036483214854, 7.640851941029189, 13.909659373785946)",-1.1485877287765012
14.122290597634215,14.00266067453088,2.048615791350828,"(15.178219669348293, 12.661424511859604, 13.402880986078562, 14.336355173501648, 17.557425488896744, 10.947485685629653, 14.735788615163028, 13.039539885651484, 16.37075812532394, 11.738884367596803, 15.027626479364338, 12.7885281503014, 10.371169179915432, 18.516449090026136, 13.008932974217167, 14.771622296830747, 13.97381380205298, 13.748403072077533, 15.384738096530699, 12.493167840251367)",0.05839549007110479
12.871884946534623,17.961282174879827,1.8227874847621672,"(17.333263258967047, 18.43192226894144, 20.297199242418714, 15.740456981188252, 17.123492279048968, 18.65934307135521, 18.538048616250286, 17.232897922129823, 18.228044793923655, 17.527291317322202, 18.774353439411733, 17.017168726232775, 17.334269495876875, 18.427468554445305, 16.932122058945286, 18.869017242231884, 15.108509238307406, 21.14475435956962, 21.94916171157753, 14.556858919452482)",-2.7920957713889814
15.476109238076113,18.470262321240114,1.8890765517851027,"(16.452414266777087, 20.530386370172394, 17.639544268084567, 19.149717282967785, 15.707017188432607, 21.51011334334489, 16.62247858929941, 20.316584109074743, 19.244030358158344, 17.552761750960386, 17.5424206011635, 19.25484369898985, 15.931891146130631, 21.19160970041249, 20.93433198529622, 16.136437798776985, 19.99738254214563, 16.888646522114737, 17.53267942661221, 19.269955475887777)",-1.5849823980582707
16.095554217849067,18.469551114141403,1.6339265216866365,"(18.083654273751122, 18.724658446824492, 17.985526789594704, 18.828709398750874, 15.879065302197644, 21.334685063573403, 17.457686838769835, 19.38914934775214, 20.72987488541906, 16.33547063081107, 15.633512869258452, 21.659522365912235, 18.70981685800526, 18.082269279365686, 19.99181163430396, 16.94043374693994, 18.39259236788733, 18.405318807512806, 18.959665109229757, 17.86759826696816)",-1.4529398138673673
17.330402633936988,19.725182568870522,3.9576338628536822,"(22.118416939381834, 16.927159360317226, 17.096661305333566, 21.912033510579647, 24.562163391373282, 15.258627380816257, 15.691003702632443, 23.844745859533564, 26.17355338823515, 14.307679331773292, 20.590251694664595, 18.183444049430147, 20.867150592161188, 17.924950378136522, 23.358357717542994, 16.039131611084116, 19.428568570268837, 19.268799502318288, 13.806726014793576, 27.14422707703378)",-0.6051039631055614
15.94588746262175,20.14282931275067,5.434233189935529,"(13.151239619806267, 28.788729566406285, 16.706259244209615, 22.66671632627425, 15.530035666420984, 24.38746354824466, 18.374770751218712, 20.599957109011932, 19.804847187649735, 19.118232229897682, 28.81244173006486, 13.140429610498002, 12.51926168654368, 30.230956019247472, 21.591170431794364, 17.53894076639541, 14.349009267289976, 26.384178469254433, 17.41738616216142, 21.744560862623693)",-0.772315376142096
44.92341103353555,36.89208613685667,3.9507214773445316,"(39.04222007905507, 34.478849112274624, 32.216976793661395, 41.79695021405492, 36.78240173436138, 36.59839854105035, 28.89380316872027, 46.590524403807386, 36.68379035142883, 36.698091666241034, 33.2928773012586, 40.43212465912256, 39.31822236622942, 34.25959571655825, 33.88560859445228, 39.73616006976752, 39.00168288432615, 34.52730598950998, 39.67489138842641, 33.93124770282698)",2.0328754995092995
97.64722403290641,100.0319091679999,10.58191708608644,"(87.60100956426102, 113.02332209744338, 109.80082088538691, 90.17209591886706, 107.24816823101257, 92.31819332114645, 102.18634993684483, 96.89121449511642, 93.3771641795685, 106.03191738896574, 104.27048806989065, 94.95453980796535, 99.51338631559109, 99.49401684724631, 79.99670246439075, 123.76719445770925, 102.08417443951296, 96.98832178701625, 86.63338075764955, 114.2857223944127)",-0.22535473635764713
6.733747450017394,4.142330352715258,0.9510383006193355,"(4.090277704691909, 3.9816087674096394, 3.019603211010533, 5.4409589603704855, 4.3468269819928524, 3.7683194166309075, 4.869174448960622, 3.3342853160118726, 4.698110396390617, 3.5216188285265364, 2.835604359701001, 5.713204880453964, 2.9169774586909947, 5.621483421110852, 5.553738238654673, 2.8954702009465474, 3.5760136842321315, 4.551667365538148, 3.7109677180193583, 4.400695694961515)",2.7248293739742686
6.954236309168329,7.079069350518033,0.7880855569317616,"(7.086313321849922, 6.981282519995982, 6.658329207129931, 7.468897007502827, 6.947893487881506, 7.144309798898335, 7.104294208854552, 6.951977956785893, 7.981140323000499, 6.255821125570848, 5.685648203934784, 8.676340371183738, 6.3313971822993995, 7.844508889573333, 6.663392977522503, 7.374592964037936, 6.794909625000276, 7.278108013521812, 8.57165161774685, 5.780578208069717)",-0.1584003668785835
11.025860453602238,9.085558166373886,0.9531152103313142,"(7.64379405607241, 10.677484892316855, 9.96995247410209, 8.217165986026343, 9.2567183142453, 8.837784122488808, 9.1149283590761, 8.944840425923037, 10.923785481020504, 7.5199612187341165, 9.004412009954923, 9.047712740724657, 9.453468083158947, 8.657030262436505, 9.966255534985049, 8.155715447448237, 9.561170928913448, 8.533884736763147, 7.957085766741397, 10.268012486345881)",2.0357478993057723
39.677495188063894,39.99789734661241,0.8593516158980419,"(41.513793643337394, 38.52016958154451, 40.5501057644471, 39.436384471330314, 41.10094860271561, 38.90748061558852, 40.985140467594455, 39.01705686404762, 40.67859866192504, 39.312170043312214, 39.65081065878892, 40.330024793806494, 39.14649761991091, 40.85000648861699, 40.358326409818, 39.62320395619212, 40.65902327767589, 39.32989775915849, 39.35463406684982, 40.63367318558773)",-0.37284174791908714
20.223014226504027,19.96577669302951,1.4981743569109254,"(19.51551979057917, 20.315922952369657, 16.683486306635857, 23.771857125799663, 20.849456673182544, 19.019287846253743, 20.35926501706033, 19.473636233745975, 22.106931838790988, 17.94284573772091, 19.64963092595515, 20.176360018348394, 20.948800186406523, 18.929291540141207, 19.273879083085948, 20.5697623701798, 19.66478872779715, 20.161121520488344, 21.207399664464727, 18.696290301584128)",0.17170066507139545
8.701130560477818,7.538717253886685,1.8194799544226907,"(6.5693639527958165, 8.182852851988368, 4.673950720745076, 11.541992815664821, 6.734716505572726, 8.000071132256846, 5.197906024829705, 10.330360818059848, 7.256799849878326, 7.45388477366127, 9.17142957987606, 5.850104356761623, 9.75183443536776, 5.527071629637157, 5.556393419852037, 9.631440263889486, 7.147185492032735, 7.519481637812137, 7.127962245067619, 7.5495425719842775)",0.6388711806170786
9.358367208107056,10.519434611968103,1.8799442082757283,"(9.5365728682018, 11.255446440296698, 11.14368988897857, 9.64642480531795, 9.95603223034723, 10.790961754246677, 13.854689012969915, 7.744659459832481, 14.524886252251981, 7.408342967519192, 11.586583568110644, 9.258167441551157, 8.294223464737856, 12.95468383545555, 11.186747032659275, 9.581790176874664, 9.359445023479124, 11.46714932097484, 11.503786931210692, 9.334409764345782)",-0.6176073730006966
13.961721917367557,14.1074798817183,2.4312281686574644,"(17.344655422760734, 11.153592708521055, 13.901598891969812, 13.938582303470849, 12.699990776470381, 15.246938254434943, 9.668389131329189, 20.004041698865013, 12.510099714828641, 15.504094750688848, 16.55103537383501, 11.68285643266303, 13.727761905518197, 14.106827733009757, 13.747353281733217, 14.05956746841633, 16.890005446806448, 11.452217113509425, 15.362572808199156, 12.597416417335998)",-0.05995240028468047
20.941785163996858,18.103774437530692,2.4332728469991642,"(16.178785099521317, 19.906329033443395, 17.15062541421589, 18.80346568768482, 15.036426842983845, 21.43446089554115, 23.518897325636242, 13.692183483476963, 20.046740972345912, 16.098655921831167, 21.681880392680362, 14.85023991708026, 19.227282082445285, 16.76343288620284, 18.12307525370244, 17.76495947234701, 17.53050076902811, 18.369125668216622, 18.10756322496944, 17.79085840726079)",1.1663347700469124
19.856033620497723,18.73674205584039,2.806092594006584,"(20.956735397064527, 16.37549613828873, 20.761199698092376, 16.599084558418543, 18.234606260604558, 18.86335442021607, 18.299960334756722, 18.747120185432586, 16.024464000227276, 21.554081641248125, 20.319912329163554, 16.876596778580346, 22.25531507287314, 15.457935855522786, 15.877306038277116, 21.595510798591533, 14.08967395091997, 24.34703132121575, 15.906593285758383, 21.592863051555632)",0.3988790558971501
16.62352358968346,18.7788644038918,1.7805655126945341,"(18.067741437569232, 19.297651787715616, 18.069220452496, 19.458801184398446, 17.637742465978903, 19.859267708141537, 15.569069672325103, 22.38125550105992, 19.430870044074197, 18.17677658571921, 20.7370521630839, 16.789826219039142, 19.25755888697863, 18.194643292897723, 17.509943201800812, 19.87890012184786, 20.777236822176555, 16.767828263814835, 21.380679264415047, 16.33522300230336)",-1.2104810515770659
18.51114927065544,20.371843388341645,3.891755527960091,"(25.49234186359835, 15.616661132514146, 15.070641212955012, 26.93462256019305, 21.96303431470322, 18.3179700169358, 18.842911606111432, 21.106045164135857, 24.518519858114843, 16.724456597815237, 24.344115638912893, 16.30878025898335, 22.705791598975914, 17.730071011516724, 17.025637122467682, 23.328111093254098, 25.27473378153767, 15.72184217376155, 17.26646299140861, 23.144117768937353)",-0.47811176840840997
16.41979357209052,20.70034479089898,6.93989699619425,"(11.578123452051639, 33.18062971870285, 29.454623669530424, 13.124234714909058, 19.455704098654156, 19.812851707918593, 16.286867430571295, 23.5788501559131, 24.896309324216926, 15.578227814163112, 24.144027079682527, 15.896570806170718, 12.833994265811954, 30.04183641175528, 18.827543223891976, 20.38531478974328, 16.198325140012628, 23.702570059712396, 11.456730483141001, 33.573561471426586)",-0.6168032783708262
31.97036874658473,37.11538613163131,5.395359783565615,"(32.61296963779547, 41.36857250535732, 32.02054049341031, 42.24221433294656, 26.654733868031133, 50.68272527382552, 32.66826401768959, 41.30192695468155, 33.55792380305971, 40.35521641781338, 31.24862850429323, 43.17307024862839, 34.78474467532427, 38.8381511459459, 36.010081211857475, 37.4877027303569, 38.94588016868046, 34.63277962899348, 39.86187257632204, 33.85972443761357)",-0.9536004254467735
110.87738347924555,100.22163166567508,12.3266295784065,"(110.63573513047648, 89.49415412335831, 97.27742828411779, 101.78450890958267, 111.41673249335531, 88.86720625015562, 109.52106466281683, 90.40504776466594, 78.6859644725939, 125.8340387272701, 101.39460719582335, 97.65070098160702, 117.32838800083857, 84.38958587147891, 114.66464897513703, 86.34990919198825, 93.1194667067625, 106.32839044249903, 94.41095247498707, 104.87410265398665)",0.8644497464446381
5.028280211376456,4.1332146193319685,1.3706724887534751,"(5.4996614371111745, 2.8011326713428946, 4.646561388863648, 3.3179662120183364, 4.91387203050848, 3.12361287801824, 4.741413127178779, 3.2471655857047117, 2.9212584844517857, 5.268409314871278, 2.216268245102671, 6.923656538509839, 4.493492244849553, 3.418252554153136, 2.297197765409658, 6.7130503807875845, 4.774510981040897, 3.224131839225677, 5.112142452603201, 3.010536254887835)",0.6530120064337788
8.006933711837924,7.047890658762004,1.1218242794911604,"(8.341439041795624, 5.816429362904812, 6.410683779467907, 7.5718676381045285, 6.44224526772396, 7.5154667503107655, 8.318421261524028, 5.831822139804299, 7.604966663782193, 6.376395838958141, 5.460691292297957, 8.865571326955639, 5.4547715835701025, 8.878953201106192, 7.4537654444841515, 6.514453538743079, 8.331827841296171, 5.820902372797838, 7.342959030158059, 6.604179799454602)",0.8548959677632623
10.515632349536364,9.048581020369198,1.0325304522621626,"(10.46781731713777, 7.727683703460617, 8.409112668536517, 9.62236959636917, 10.373123232761342, 7.789741856133431, 8.224508557950816, 9.836705883571561, 8.071602610990622, 10.019369058596123, 9.329129671107982, 8.661596261788112, 8.129919793646579, 9.94023664355194, 7.332027257526101, 11.039634453587455, 8.567332123939584, 9.440387941890878, 9.158424494125123, 8.830897280712207)",1.4208310524430687
38.381076368113675,40.00136427354616,1.0865324078225482,"(40.60314463467184, 39.380792074181414, 42.188474808111444, 37.901014824324584, 41.097691916516816, 38.90699879633276, 39.296563740721865, 40.69043876814833, 39.82098444699652, 40.154379322441, 39.98341591046756, 39.99138747684667, 40.473472837749284, 39.506944851297995, 39.489230114346334, 40.49190840739748, 39.822128232822315, 40.15321800496476, 42.04163967279803, 38.033456629785924)",-1.4912467348117133
22.023808514506044,20.06230588857784,2.6387826243962573,"(18.61227873605927, 21.273664738324058, 22.81688262679543, 17.353820619861196, 22.40931035434121, 17.66915583092804, 20.319550659671503, 19.487982163118286, 22.949984318584566, 17.253095680485938, 16.34513088562726, 24.22540045222978, 25.7109852695248, 15.399653442610658, 20.42131741629793, 19.39103516929756, 20.380229497275348, 19.428568857271927, 19.819603044820912, 19.978468008431047)",0.7433361913912816
6.959617143526934,7.769816827082218,2.9304648045088837,"(7.8824357842174555, 6.760244207068334, 16.190128339918907, 3.2924701393131395, 6.291397499554038, 8.457525336253745, 8.718039520760255, 6.111949524820937, 12.314769971781669, 4.325547425582043, 4.832651737694252, 11.009858526426848, 8.260843765656134, 6.442638169293478, 8.942999207799343, 5.962135963780272, 7.525948614670078, 7.078602414624645, 9.21598463967261, 5.7801657527562)",-0.2764748043752962
9.018325919543898,10.488223524219887,1.9386788774856385,"(10.661391920330267, 9.988792713897192, 13.536459749399159, 7.868238990559914, 7.853205976509094, 13.555063930525282, 10.037836256927678, 10.610673527906993, 12.859481386653005, 8.280744415680788, 9.522568233881163, 11.179158775221433, 10.889794243846342, 9.775436980313335, 7.889987811405526, 13.501819329977476, 10.609790219240079, 10.036934505452518, 8.342856687129919, 12.764234829540586)",-0.7581955019710982
10.880616032875375,14.014647134468419,2.1456252913555627,"(12.599056149652595, 15.24878925532376, 12.829432922913163, 14.976843458893017, 13.885330833830666, 13.83335165262707, 13.997530449543781, 13.7296384778364, 11.786659601538345, 16.299860912131287, 16.985119528215765, 11.309982244331854, 16.71679105003678, 11.48937798657783, 19.07886192041089, 10.074242230536695, 14.096970206237872, 13.628870083541402, 14.090686852680943, 13.635546872508186)",-1.4606609617343884
16.53386505606791,17.981142346768547,1.9382783556825227,"(18.506852569654384, 17.27768685452064, 22.106995094527747, 14.46540676300258, 14.845698263164827, 21.538111467601507, 18.5119531725063, 17.279171540987367, 17.516686899600707, 18.25539892174173, 18.972104227974558, 16.85588729620819, 17.918786297872476, 17.842047248028166, 15.779505129778942, 20.272380289427772, 19.3941372696816, 16.488336354220937, 17.165920522538524, 18.629780752332014)",-0.7466818614868189
18.01372572680579,18.422526539884792,1.404059923874412,"(20.306103982911, 16.61601519786755, 17.153475359066125, 19.67567689086833, 19.224131561819565, 17.550621032716037, 18.86196924880861, 17.908376117778886, 18.141323660316747, 18.602328404775587, 16.951966304611563, 19.911504591046697, 21.3438411451215, 15.80127210030874, 18.924009780042493, 17.85233450733249, 19.719347877769682, 17.114115376753603, 19.327744220179078, 17.46437343760161)",-0.2911562434963186
19.226233282909217,18.56872556694247,2.6761795420602748,"(18.536073679598278, 18.225894743918467, 17.3898368882886, 19.438611490988443, 21.842208499295104, 15.466232082654415, 19.102705101123213, 17.724901563424787, 20.80621390666718, 16.24346269202298, 23.025130058705084, 14.68406450800066, 16.875193452410606, 20.002545032768676, 23.426317350660966, 14.457808380696312, 15.39015940847055, 21.96087011621521, 18.47527049354052, 18.301011889399334)",0.24568894038423192
20.302698628412948,20.30300788871729,5.958679064066228,"(13.937766442598818, 27.301333098123713, 18.449896891998026, 20.652238661417766, 16.824049039128415, 22.62150964022362, 26.777183282123882, 14.287236578019618, 16.491584460725193, 23.096577595211865, 26.540206204181164, 14.369507171700887, 10.315092537898314, 36.82299423347006, 18.009612812492644, 21.25503142858394, 20.193640220485193, 18.86386793772505, 21.58800981991167, 17.66281971832592)",-5.190081577078046e-05
24.17616038300962,20.181587080788315,5.936915007623522,"(17.62399118499334, 21.285071697738108, 14.813392972462378, 25.334849705311107, 20.966602113812627, 17.892824113407396, 33.39327798493142, 11.253724994769051, 18.78334854787126, 19.977948511679596, 23.458479220607916, 16.003106523064524, 14.402125000414506, 26.031203279246164, 16.425271213145646, 22.88367698880827, 29.274669344431953, 12.818681358657566, 27.217363828672035, 13.79213303174136)",0.6728365316148067
32.20252904741996,36.75017114469273,3.063115197203345,"(38.06808591059771, 35.23099732914867, 37.80864569425192, 35.4789406588159, 40.50150027563639, 33.124717539296, 31.942783696517953, 42.024387299607966, 34.60493436049054, 38.76633747556714, 33.55080507902509, 40.00222474197034, 35.56169697071392, 37.71128921711633, 33.41169167663948, 40.17655474100769, 33.082272770576424, 40.54960616438707, 39.021461133283594, 34.384490159204425)",-1.4846461215121174
84.57558120869435,100.18707470630541,12.022186746734524,"(102.55142050529899, 96.54538808215054, 107.63341484691858, 91.98697584116279, 117.51969640061196, 84.24868480067124, 108.39453454288808, 91.34129470852145, 106.35935487565857, 93.08890417045232, 87.3433095164936, 113.35605704515838, 104.52852585795324, 94.71927292871275, 121.18114856508764, 81.70327068845752, 84.96351248229217, 116.53089938140266, 108.45880724300982, 91.28702164320578)",-1.2985568953877273
3.73213200005088,3.9479853536742997,0.7541505827009396,"(4.073335074650084, 3.7043376472214677, 3.667074492518118, 4.105824657528443, 2.946080390476802, 5.11556978355051, 4.499545373271543, 3.358512671268831, 5.185677376193661, 2.8994849007712724, 5.570905816844007, 2.703323140802108, 3.7429286748638044, 4.009499599926884, 3.6858838148686077, 4.085113850464208, 4.441226778458879, 3.389062076230978, 4.109509646624141, 3.6668113069516295)",-0.28622049571367464
9.681070063269116,7.0846932286488515,1.3463561019679062,"(8.669391243118334, 5.600659852707009, 7.474102032373061, 6.488127928052777, 7.171051538239699, 6.766341931380967, 5.956313471947616, 8.158675567504158, 6.971343117129679, 6.9507315048074965, 5.544903032236288, 8.746808773700323, 6.992871384508397, 6.921849093323375, 8.811237781723602, 5.503492266939449, 8.515771265094983, 5.69347012657933, 4.9444613845749545, 9.812261277035521)",1.9284473333802707
8.734165307361955,9.005950896081462,1.2305399201163933,"(8.60539774118493, 9.26471230890527, 8.092826143934985, 9.845161638207312, 9.615468766720282, 8.288861701265217, 7.901631959296261, 10.09402060150409, 7.333625463625837, 10.860440329116678, 9.142383211390532, 8.715663886469928, 8.404732944914768, 9.47136712300888, 7.080230491541819, 11.252791759618642, 7.219994009973821, 11.034408859728513, 8.343004596840167, 9.552294384381288)",-0.22086694163794293
39.41617637715863,39.99257839316904,0.6852636386639186,"(39.88411706089409, 40.090108111384005, 38.62430908796338, 41.397780029558696, 40.553923318808785, 39.42801158587739, 40.14033534986242, 39.83413799345447, 39.85517166816625, 40.1193273040283, 39.19818546614388, 40.7917057950455, 38.91758397176462, 41.085912275144516, 40.21685278330993, 39.75843714398383, 40.31885170009869, 39.65789285887486, 39.54554817700877, 40.4333761820083)",-0.8411390645711813
23.74264084516315,19.99171214723934,1.990301519567763,"(22.63090749118207, 17.49438980706323, 17.7082243203122, 22.35763776309721, 20.852114924359068, 18.986934180516197, 22.101714753828233, 17.913029204498738, 18.00051205922464, 21.994809519632835, 23.218971694182926, 17.051389496611723, 18.551444502113455, 21.341692813136692, 18.61439890029583, 21.268942073062412, 18.2862353175429, 21.650917125964696, 20.44727352146838, 19.36270347669329)",1.8846032427983106
8.888419318172593,7.476700844219529,1.7723746782452734,"(6.573048526085532, 8.066578408915147, 6.645197159061593, 7.9717620732052845, 8.690199431083833, 6.098450325142377, 10.575505732187755, 5.016703350363248, 5.068356344014165, 10.446223164585684, 8.464509319608032, 6.259039713654735, 5.280284967805171, 10.019225504697804, 8.857581309209644, 5.980569779997234, 6.810619229189091, 7.777150866901373, 5.806255587879479, 9.126756090803394)",0.7965124368345894
7.605345967848752,10.514236333875216,2.098941988675153,"(14.071811167692754, 7.567729818933804, 14.95590743714151, 7.1184946976892025, 9.576861168862807, 11.118362166503092, 8.221237837517881, 12.95526826225463, 10.017678949104278, 10.62612017960046, 9.23459909528011, 11.529216026378776, 12.359225871815669, 8.611127499612104, 8.589426512588062, 12.394362181804098, 11.142320369912106, 9.55456009905727, 10.140416678824078, 10.500000656931599)",-1.3858841176751857
14.501665942795352,13.986097917080395,1.8597461127828012,"(11.7206636936444, 16.412944076941294, 13.434334910851723, 14.31728117341754, 14.464737771092452, 13.298813119014383, 17.31633477421985, 11.109745583572561, 12.240394060431798, 15.713126445088959, 11.855573143324575, 16.224398519306316, 13.740861947433777, 13.99593328914638, 15.791378371949122, 12.179580985509322, 11.68941928377909, 16.454175473997697, 14.456904880040655, 13.305356838845942)",0.27722495139053976
17.81839703343993,17.977134898565907,1.801735323764453,"(22.02145611765977, 14.537309343082061, 17.484311605022224, 18.309209700627157, 15.03093092950989, 21.29880384086624, 18.005898600329502, 17.77872046258, 18.659695316674263, 17.156310012009655, 19.139018741509975, 16.726592472387495, 18.527298208166204, 17.27879304469266, 18.24290720719241, 17.54684686931061, 18.30697524443543, 17.48634723216027, 16.0111184135322, 19.99415460957015)",-0.0881027657238354
18.49540445705373,18.435825868903624,1.615046817327278,"(15.998024091352084, 21.091430626530236, 19.520817909053434, 17.284184490720186, 17.431069153657937, 19.35927585010273, 17.9445215238222, 18.80119238165512, 16.205668334773154, 20.82183164427366, 17.72789627595282, 19.033412475618064, 17.08493027733706, 19.750240306657076, 20.511043539347355, 16.446767300176933, 18.574583492326976, 18.16440631663592, 16.434966535577285, 20.53025485250219)",0.03688969725887106
18.00248848405333,18.48986036313421,2.117805607671956,"(21.197343524709954, 15.930545587782587, 17.963164982002862, 18.79643975826287, 15.643218388776766, 21.590339034663597, 18.820543308418888, 17.938279900687498, 18.51448063888045, 18.239663594714475, 17.06005150293405, 19.793807461019764, 19.233897715656575, 17.557237742891882, 20.83605167101116, 16.199275985517943, 18.80676862109498, 17.952765506169225, 14.608018289949323, 23.115314047539407)",-0.23013060184340192
23.58725559903857,20.57363347692667,6.808550850482929,"(20.4620261138554, 18.79694011874006, 16.751169029218236, 22.959801412269687, 23.913858113013223, 16.09240920446401, 9.26501420443478, 41.48274808738536, 24.885997993506837, 15.462823367554527, 25.55485419634648, 15.054039734249407, 28.132669767309608, 13.680477682335004, 20.34734751825771, 18.886178402759477, 21.51609129183806, 17.87423823052031, 24.917461806994112, 15.436523263481067)",0.442623134980059
16.340945158877055,20.35144059350251,6.490613246777696,"(34.93263803670964, 10.782200485003264, 18.323859426511227, 20.554828057736472, 20.05589256882943, 18.78343901678892, 16.6670386199203, 22.592950803523234, 22.366846863243843, 16.842357922992452, 17.183592028302684, 21.92071671942267, 21.45240039004472, 17.561203964981775, 29.385927310588222, 12.813582983507722, 29.21803896680109, 12.890573322149525, 30.248813278340016, 12.451911104652979)",-0.6178916047133897
38.59165754453854,36.944681868655366,4.789319354922294,"(30.882750324608697, 43.493659311742896, 35.615648198143184, 37.72017196190002, 31.353302865999318, 42.84795058852767, 28.135697783001202, 47.72878652967417, 34.9952429869521, 38.39530275421342, 40.993934193103726, 32.77198250122863, 33.12369238712752, 40.57052599142979, 38.275653429327136, 35.09449013763164, 39.75698307734621, 33.79113170394887, 35.418784160545336, 37.9279464866557)",0.34388512308966673
100.04447564319356,99.8205073127376,8.18026117064165,"(104.49028853020108, 94.75475764843554, 97.72115200356939, 101.31848490777448, 96.9435934083634, 102.13112309649449, 83.566058555084, 118.48043451378165, 98.83323181506036, 100.1785034371995, 94.37466264538277, 104.91120352134111, 93.34262541586793, 106.07127128281529, 102.74413281192761, 96.36516313849313, 110.86641455150448, 89.30530755461494, 89.99502905349969, 110.01670836334075)",0.027379117339158588
5.692179743465789,3.909232304575126,0.8636212141065686,"(3.1328207660643024, 4.6920892009643245, 3.7199423770914546, 3.9310481436906075, 3.7971172925158787, 3.9057567011415433, 4.000086884240801, 3.5777749381508968, 2.622319264257629, 5.399962631181097, 3.632691823521312, 4.066149353640117, 3.945955427138888, 3.766215184353733, 3.204462267895875, 4.633497573687121, 6.145315400868224, 2.30785418264128, 3.539829793894589, 4.163756884562845)",2.06450167013921
7.076910803859603,6.906077522949309,0.9412015067005421,"(6.104312327080826, 7.708243375340176, 5.356034815433773, 8.755349342861924, 7.472952368515643, 6.333099736211325, 5.504072309372539, 8.403050821752052, 5.756947207598768, 7.980578287530889, 7.589105695528822, 6.2204851906240295, 7.1355916223974, 6.640884743388456, 6.843608557733323, 6.919596333184841, 6.360949936420913, 7.23641500455194, 7.578865901648543, 6.221406881810001)",0.18150553276222764
10.122312003807957,8.89738226497182,0.8736707407201165,"(7.8131357338847325, 10.066735850570751, 7.940739004295436, 9.881702136411297, 7.843506059053098, 10.068010161468793, 9.781558319681308, 7.947291419526974, 8.09015640315549, 9.566361744477405, 8.0708840984185, 9.768101542139707, 8.797886481617356, 8.983094960530362, 8.97408262426035, 8.802181726631549, 7.618024358895414, 10.178878033977862, 9.047744049067244, 8.707570591372788)",1.4020496300774563
40.30077556190901,39.991191373111135,0.6131991666114186,"(40.0459271520456, 39.927845456726686, 40.781615287721, 39.207269319359135, 40.42811731553573, 39.550902034664944, 39.12726597392723, 40.86388249823901, 39.778111627214194, 40.194792091045514, 39.36727563211471, 40.61653997275297, 40.37174662925455, 39.606176023985924, 40.67462996696854, 39.31115898503862, 40.914742991732325, 39.07887701063149, 39.64923871322472, 40.32771278004003)",0.5048672693223992
18.205712588976233,20.030554491310397,2.44167587451331,"(20.644515941415047, 19.168459511092287, 18.04062341764982, 21.93140694715191, 19.78570604192174, 20.006395340404254, 17.54496762666434, 22.536593111533804, 15.014804012408883, 26.32681529443059, 23.432900592672897, 16.89089062243649, 19.544494501537876, 20.254069509643333, 20.167385209085403, 19.627531930833488, 21.1280805717446, 18.71563132300631, 18.82847410677087, 21.021344213803946)",-0.7473727046993504
5.58541400931324,7.490253400664329,2.384007023362471,"(8.42392587130411, 6.069309164755311, 7.540583625184868, 6.761416818368038, 12.180689835693093, 4.217421462181063, 9.487712007793363, 5.3134234149778745, 4.271464729699649, 11.738087501579978, 8.60404679107438, 5.958324974623542, 8.241541978798828, 6.239574277166652, 10.837701336975572, 4.742245907763061, 8.22009529195024, 6.10963819134606, 9.398330983960856, 5.4495338480900415)",-0.7990074578993689
9.592585444193132,10.445845707657229,1.9685966255916194,"(11.874987705744092, 8.89623498287297, 12.693261884998446, 8.31336163104122, 10.66774959832876, 9.922041246767042, 9.701977627269848, 10.828471276490843, 12.432368754268579, 8.432886746201202, 10.359564224331141, 10.209347138084578, 11.102974314073743, 9.53657539441093, 13.538890276286967, 7.818690824272888, 14.68856017196468, 7.14576081559834, 8.984352698186862, 11.768856841951441)",-0.43343580516789126
11.64963931102201,13.92279725953529,1.9691220200521335,"(14.04544436314681, 13.558543079031153, 14.44283660442619, 13.171029702721269, 13.02642307115439, 14.646725537558268, 15.179257753932713, 12.479545839969962, 11.599847606634198, 16.299329307354643, 11.618833166580208, 16.409856106034116, 10.25083696377981, 18.618170799671315, 13.412508170082729, 14.2252640262619, 11.861745690979506, 15.965316593847154, 13.17438306789915, 14.470047739640252)",-1.1544017716348003
17.31791977847061,17.946209546093247,1.8875485157610234,"(18.12565247839786, 17.59525736374965, 20.809638276676477, 15.313899798779692, 15.568426241465694, 20.51311414707762, 18.088202333705308, 17.566187255741134, 17.829012278842963, 17.798211412700443, 16.419924470904938, 19.44052460598268, 16.766906205489395, 19.050355345225935, 19.786819299190643, 16.13926281954212, 20.45917665343211, 15.532545594215298, 20.70392465863363, 15.41714968211128)",-0.3328601953149383
18.673304623283354,18.306529852718256,1.3707416143772868,"(19.72507577301331, 16.935850960382325, 17.22835632557672, 19.344866357632075, 18.23379384935874, 18.3954473951109, 18.287941405444016, 18.064242173498577, 16.65598959703286, 19.756594151688436, 20.60047814346073, 16.260097936841337, 20.091406966281458, 16.703686726663673, 17.598152308730416, 19.057466345941474, 16.918968012960327, 19.535457503187338, 16.794362422039658, 19.942362699520878)",0.26757396632458647
19.2256852388314,18.230512288327958,2.00795456638798,"(19.1675996560627, 17.20942200064904, 16.48556831161361, 19.920589314312203, 17.753458447059774, 18.72374835419426, 18.88397427493124, 17.102263186242936, 14.431436709817872, 22.212949739237256, 20.022142982468637, 16.559601820705502, 15.62082428270182, 21.301968427759487, 20.034156917929167, 16.5883121790267, 19.305189974477784, 16.74405873115239, 19.813600918030225, 16.729379538186663)",0.49561527295590846
19.245087799516288,19.408008469562127,4.8079656604648555,"(11.809231572644899, 30.373793786634792, 16.660613438281082, 21.308535279285053, 18.55739686299602, 19.67776900819607, 14.000661013030392, 24.39356868040862, 13.382043621262197, 25.08606084498656, 15.640489025726712, 23.210477291943157, 14.92781893082549, 24.519374511067134, 24.350188631858305, 14.986959967892396, 16.834464209328, 20.34303044088564, 18.902722153794308, 19.19497012019572)",-0.033885572724761746
27.091041437165767,19.84277229044381,5.287899734078788,"(26.75736826747361, 13.829080123508794, 18.024720862336633, 20.45799034786533, 33.788693334391105, 11.017419079504213, 14.501337019287359, 25.099757901109072, 26.655326461323085, 13.576390929579185, 18.34932654850809, 20.247576588701108, 17.336625527225696, 21.48944990981648, 21.27611460606069, 17.492945590835674, 20.85131893694954, 17.47293055738405, 20.588923740375066, 18.042149476641356)",1.3707274175433446
30.974560463710276,36.9816934352868,6.192648673075147,"(36.61052570676188, 36.42737944693719, 24.720502811817976, 53.89217504475975, 30.524971262238186, 43.76990999806873, 32.16776282566322, 41.2563356363682, 44.821530307516646, 29.55941360454046, 35.501438185269045, 37.61445612456296, 35.20248192608385, 37.96080888612562, 35.237520736752415, 37.910922409293626, 40.5540939459776, 32.75287438301898, 38.077005753965786, 35.07175971001383)",-0.9700425922262923
93.53233497188995,99.79115684797762,7.799373822634219,"(95.676320970638, 103.48201828044719, 84.65088610833511, 116.95978333646671, 105.46100959473573, 93.88143897725652, 105.05491907109811, 94.2425202065235, 96.52408001597071, 102.5712241862906, 103.17334558450175, 95.96293401402286, 90.23861856513827, 109.71838876460423, 94.83348327135661, 104.40222392044447, 95.91523372120938, 103.22313100417684, 90.74188800369691, 109.10968936263883)",-0.8024774832466954
5.368558790679854,3.9607233981331618,0.8337446234139062,"(4.538871055320606, 3.309914295729582, 4.205755009379197, 3.5775144099522103, 4.216342399637108, 3.5723947748799083, 3.8847089176723193, 3.870508201074817, 4.460106748544592, 3.3855997308161463, 3.031132008545279, 4.962569327893466, 3.5172322519188697, 4.279305079986478, 2.4227244349726877, 6.224922367398845, 3.621782970552329, 4.162978819152043, 4.884369906982556, 3.0857352522541937)",1.688569080999978
6.8400256905131185,7.072763841363024,1.5404181585306493,"(5.982270630173235, 7.983701783443148, 6.189435851187603, 7.72192855289678, 7.829494917377087, 6.108391425190263, 7.639898872530634, 6.253811987589429, 6.1388732578010545, 7.800449194113975, 9.955585305282371, 4.800272899838128, 7.992029943052389, 5.981504904398816, 9.636689404585114, 4.965578527537676, 8.141044511624571, 5.8774500909732295, 9.328952602324984, 5.12791216533998)",-0.15108764432633415
8.735195359000427,8.948586692267977,1.1027015087333354,"(9.961670928560023, 7.918538739028446, 7.1782344125224, 10.992524226946513, 9.5889879208393, 8.232649137094153, 7.320568561281646, 10.777034192653996, 8.83487267713817, 8.941389860480779, 8.329032061904062, 9.473485434780162, 9.806485396767282, 8.047583304557683, 10.486041185024533, 7.529951242489393, 8.687177943427168, 9.08942480789027, 8.669396356788514, 9.106685455185)",-0.19351685980068267
40.963048479818944,39.99787838055259,0.9402281825330444,"(39.59272724755961, 40.386054026375476, 40.823110794948704, 39.168726815396234, 39.86477936898977, 40.110397604170295, 39.03346307758728, 40.96464848365137, 41.57552290668278, 38.45986908341242, 41.063057340293376, 38.93992367189863, 39.910975088811654, 40.06394730217981, 38.781134025586525, 41.23105877130153, 40.82478318387414, 39.167128421552164, 40.92623617776844, 39.07002421901146)",1.0265275144870816
20.48029735233634,20.018742921718115,2.2280558303542777,"(23.806203437963344, 16.637403060717528, 16.349475404318003, 24.224608582243285, 18.29512672451497, 21.649183846014388, 18.148881148106202, 21.823211470333785, 20.51987822698314, 19.30177357152751, 20.291547936969273, 19.518900701283062, 22.74970935164792, 17.40976741654769, 21.73026970154868, 18.22613533875324, 20.057545048058184, 19.74658325388905, 18.63593092768871, 21.252723285254273)",0.2071556844896631
5.78604554583205,7.522170098352864,2.029156773486473,"(7.494338006315881, 7.057443926023039, 8.159707657489568, 6.485425763758193, 6.602387758243807, 8.019354055179347, 11.86268212463913, 4.459841756501185, 6.188083029604393, 8.564610361420746, 7.516866111374994, 7.039539182481902, 4.284999605568221, 12.351933718968416, 8.59477587740656, 6.162868305447089, 6.794882818205957, 7.795035850200366, 9.336714882829513, 5.671911175398956)",-0.8555891664978772
10.802977111756801,10.520281596319075,2.1500770403840104,"(8.184605400755297, 12.994345493144111, 11.37386451152657, 9.351549415667806, 11.287213723800573, 9.42539443682629, 7.882141614851267, 13.49350641543928, 9.315762402615247, 11.42293653649629, 9.32753499594368, 11.403225525672259, 11.309348319899629, 9.405583672582436, 7.140599375318674, 14.899435261839239, 9.254672035683164, 11.496333815979053, 7.802412507374638, 13.635166464965938)",0.1314815749054445
16.01576400231451,13.947991630374155,1.6999704550386967,"(15.685536138972651, 12.22909073695344, 13.718434398582147, 13.981900237833127, 15.890307853212382, 12.073586532525551, 10.814111634310972, 17.737314519593273, 13.829733171627664, 13.873856742754418, 13.971368537622988, 13.729620299543491, 16.53219421573681, 11.603224787318561, 12.853882981232985, 14.924273316032597, 14.106839776283397, 13.59994042886069, 12.704411823590199, 15.100204474895687)",1.2163578289325532
21.80375436161717,17.94072472389344,1.35985899420254,"(16.850032429024914, 18.998929922599054, 17.086163780073864, 18.734006552881063, 20.486693103020322, 15.62705492101084, 17.674620199577404, 18.111422948612105, 18.970329727245318, 16.875854630983977, 17.170597798377894, 18.64350264661993, 19.258598541417896, 16.622072244477497, 20.554507329174914, 15.5731478759595, 17.53005689493006, 18.261712557686057, 17.718087688675094, 18.067102685521093)",2.8407575007356707
16.877926903107937,18.466283890239065,1.2541181423443828,"(18.84906445402053, 18.015317080416935, 21.985688620921792, 15.438847364336507, 18.32994168583374, 18.5275221603018, 19.720507064736967, 17.215784706985787, 18.55611462272779, 18.300135931207198, 19.68084302298031, 17.251675047127087, 17.911059374811245, 18.95573155978337, 18.971186942573794, 17.892670828569816, 18.43376643464023, 18.419768125993237, 17.843534053453126, 19.02651872336003)",-1.2665130449049535
21.010678687488824,18.511798437901852,1.4571933068917637,"(21.01006587520766, 16.21932448908014, 17.021685158280214, 20.00383128753232, 20.26098575718885, 16.822482203981675, 17.241961931390374, 19.75624418516016, 19.536166069907193, 17.4437045071139, 17.952370334116548, 18.977008007086766, 19.726163914262017, 17.269556044039714, 17.86110683447399, 19.064948260945368, 18.944826699182034, 17.98472033918537, 16.521462858672773, 20.617354001230012)",1.714858445868899
16.799322258389026,19.94035189794602,5.44951749456234,"(15.86220727493921, 23.35066743011694, 13.20781003313305, 27.98658094439975, 23.38142576985232, 15.845744005239546, 21.52570009810876, 17.190257621930463, 18.127846768581037, 20.425752783638007, 24.1386760960387, 15.33392635581185, 22.84462606920709, 16.199176177664686, 13.034519041979882, 28.357665653409743, 29.41849125236275, 12.581945822547981, 14.52400608998211, 25.470012669976462)",-0.5763867429898498
14.477652375793054,19.95497792027127,4.625101275750204,"(22.813930298911405, 16.59043185365678, 14.665043195328956, 25.791798009556064, 15.227112359442277, 24.85880739329735, 12.927312748118048, 29.269079555972393, 26.641344457886188, 14.205470141086538, 15.158414195842074, 24.963515739799824, 20.87649524135248, 18.12475331300479, 19.759818285613576, 19.141543949683275, 17.37375011794698, 21.78042669012504, 20.21460426959541, 18.715906589205915)",-1.1842606719114008
41.00538671087983,37.5391771051386,8.344758519863172,"(23.57239109257957, 57.082859528296396, 37.02255926336798, 36.33026928748057, 42.43587971740299, 31.703778672099716, 36.331500465957596, 37.030067534051, 43.95316489977626, 30.601777346097435, 48.09931778618017, 27.970980613635106, 46.44296935257915, 28.96588173626002, 32.96098995377471, 40.80017468117847, 33.04041857372149, 40.7101746716946, 47.28095562803768, 28.44743129860106)",0.41537566335689113
111.2208329507324,99.76890042880751,7.469537370151015,"(93.65613170796769, 105.71653165836128, 106.39189874938143, 93.06147861809178, 107.41737233081452, 92.17312379806837, 93.46614927630941, 105.93135663764401, 97.54321119541942, 101.50358176754375, 114.5425563802407, 86.43945810228415, 96.32669427642038, 102.78555609303505, 89.54908848858865, 110.56483787132217, 100.27237668126594, 98.74092067737928, 94.28998277460276, 105.00570149140931)",1.5331515131965074
4.566370170509594,3.864491615401237,0.7568422292587225,"(3.154940991897623, 4.617887249771212, 2.7212100117542173, 5.31806594461665, 4.224822821122441, 3.359225303296891, 4.105292718790809, 3.5303569234645913, 4.019868990998775, 3.613374099213664, 4.096007204214708, 3.530602255676046, 2.840173622860916, 4.931527534222284, 3.681343225328068, 3.8608164263534666, 3.1532511367996507, 4.6042839100564725, 5.033727284016612, 2.8930546535696475)",0.9273776329788059
5.173202694375169,6.898688981665633,1.043086701210989,"(6.423891684477554, 7.312686872585109, 6.090665053734389, 7.674282804760584, 6.551417033292782, 7.037357372807559, 6.038050569135973, 7.748800514908305, 6.173864442648824, 7.592413265041525, 6.624087361258667, 7.054152505339332, 5.958547671243419, 7.669662743409764, 7.460014774777412, 6.189374947460331, 8.03930182608705, 5.829052669317969, 9.632058311564563, 4.874097209461564)",-1.6542117594704564
8.557307848810236,8.873653674183634,0.9813343193425227,"(9.088131689837455, 8.609459114445185, 8.801343787214455, 8.860995983594947, 9.788583947540204, 7.899745978689133, 7.781439993429992, 10.028222401126227, 8.381792522601728, 9.322281571359314, 8.792721960288006, 8.869045427044764, 9.501747305641707, 8.095969373195848, 7.846902572317097, 9.866170254236236, 9.72980315078807, 8.029599212422005, 6.987468551438257, 11.19164868646206)",-0.32236294923970915
40.07400483355435,40.006902376157626,1.3248984027823691,"(40.91641940618496, 39.077533185795254, 38.6111783098438, 41.410078623858176, 39.14822258366254, 40.84091606331085, 40.76835434112078, 39.21903125911479, 39.801233784892794, 40.17227305615331, 41.44865207982117, 38.57533490594923, 42.027539660587564, 38.04243666798397, 40.506791493242666, 39.471492289422585, 40.06215481701662, 39.91064542999485, 42.55539167397245, 37.57236789122407)",0.05064724755936173
17.76703741435206,19.951812537205033,1.6631545562521413,"(21.53448187686758, 18.371213780027244, 18.509761035564495, 21.36695353296071, 17.155903913457177, 23.03824722370212, 21.806105039416455, 18.137835359292, 18.868667869950848, 20.96457422517001, 17.875153465575774, 22.12635033718467, 20.125056028904723, 19.633055366218304, 18.326652102495608, 21.570376683529105, 19.582900126790523, 20.199969971171118, 21.054227771750217, 18.78876503407192)",-1.3136332487200013
11.03736335599458,7.554431304721987,2.5897497587660174,"(8.746059067044124, 5.856103812299276, 11.728555476267546, 4.349541718197568, 10.34780339729118, 4.876590005183847, 10.95447379038869, 4.660515536947291, 6.726899875701644, 7.600825533797848, 5.188093220791341, 9.830672240979496, 6.125955721804804, 8.180367300301418, 11.624521712497145, 4.3462530964085655, 5.699569266186044, 8.968918088153803, 4.96375981417606, 10.313147420022055)",1.344891350789107
11.322189926745958,10.414297667404078,1.8422727689250318,"(9.841223980318048, 10.729415171797184, 9.860243877260555, 10.689948203620814, 7.411130873609796, 14.16001631017249, 12.87744703575118, 8.187684473608973, 9.525160864162126, 11.077565862867866, 11.885550537150912, 8.868469098816586, 11.092553596981643, 9.43605476050333, 13.93298979370687, 7.537314200439691, 11.165334553830169, 9.449718666723035, 9.955425508810963, 10.602705977949311)",0.4928109857866683
16.86083634401095,14.029865465761981,2.7167864073492787,"(10.548003845331376, 18.066266929040285, 14.009698248857516, 13.577612576871507, 12.877772601253003, 14.708753747407671, 13.018565569011788, 14.615429290999252, 13.068815782660613, 14.57153064369636, 11.709498534237573, 16.246720323327786, 13.81351281673107, 13.681132440585197, 16.176053720564568, 11.72046537736491, 9.240392673091879, 20.608145027878592, 17.377876585186794, 10.961062581141853)",1.0420292410882226
16.532246669598795,17.907427814228264,1.608849755900469,"(17.443938968332304, 18.27714526663161, 21.396058442380948, 14.881157264942296, 19.106569472625065, 16.614908901965343, 16.296441837295998, 19.54195648035715, 15.942892631735608, 19.988400864718066, 18.27635268734421, 17.42388807184648, 18.62023806847244, 17.023347183226704, 15.92815375899215, 19.94587939766631, 17.652287156300687, 18.052750827897942, 18.613780958714663, 17.122408043119183)",-0.854760452047173
20.970797534963435,18.40660006198101,2.535574423333552,"(21.061747855909186, 15.883715800079496, 21.828429967595653, 15.265662030246112, 17.84512296190654, 18.51186370725087, 17.065789433683985, 19.537865099529434, 15.24642878776452, 21.911486856028677, 16.122009441890892, 20.67820154059862, 15.650723898779844, 21.015737194024485, 21.306223820073036, 15.540443331174346, 18.731915015788317, 17.834349269075226, 15.415672568518346, 21.678612659702548)",1.0112885858862868
15.725893184603645,18.276631851238914,2.8696091143737856,"(21.414302634250745, 15.40249378844288, 12.655560121983514, 25.86965794433612, 15.70288994772717, 20.5105092680665, 19.22506729092855, 17.04922390211948, 17.877974611313523, 18.400563153384752, 16.021359735437816, 20.45199505071278, 18.079796911763093, 17.668018503285168, 19.064729003441585, 16.967124143626865, 17.164444315201386, 19.165398437916828, 21.604762866481863, 15.236765394357738)",-0.8888801801815779
16.177950860405193,19.175005055791697,4.612520462806596,"(27.362988370007567, 13.022931867072874, 23.352427569694694, 14.989384416421148, 14.088125842428811, 23.89302228102413, 14.54685191340328, 24.129865540077642, 22.932532275617202, 15.44149795853027, 21.842243107425816, 16.059975414983096, 12.546029198677013, 26.313186142149085, 16.10595327162868, 21.122801840927053, 21.871938190623553, 16.190733121748316, 18.180699222133576, 19.50691357126014)",-0.6497649646334308
23.24477212592061,19.720594668321457,4.911595814945671,"(21.953483803411068, 16.82574695422505, 20.867157667921973, 17.595720706741268, 25.272534813798604, 14.339049698614776, 14.885478890245615, 24.68959777087879, 14.305389217102885, 25.76690299935384, 12.946765099437291, 28.380805999139415, 13.3608915000794, 26.94682660164084, 15.84389269014434, 22.954341934237885, 16.59902616088746, 22.206739302801488, 21.590084698694888, 17.081456857072222)",0.7175218789126144
40.078437745148314,36.806454780794255,4.483359566030979,"(42.9101885201507, 31.202990846737467, 39.778742697480126, 33.59700158411691, 40.506522171041766, 32.86771422350625, 32.443869143637464, 41.20511461726108, 39.00529817463212, 34.306158256143014, 36.602631460202716, 36.524117423269644, 29.519973859616368, 45.02210567031548, 31.743566230651645, 41.99380281780951, 41.20012535402396, 32.47974668235049, 38.04058582653408, 35.17884005640424)",0.72980605641021
99.23211133392869,99.84859209306951,8.540013250048945,"(91.30333783040683, 108.4382747494819, 85.10292995073252, 116.33821266459871, 88.97333911202618, 111.27619478744548, 95.9239251374516, 103.21441512311395, 110.78699314696352, 89.36752677014407, 94.70881892404918, 104.5386615173315, 95.34546465963916, 103.83888863207851, 102.608866582272, 96.48924999460759, 92.11588365086915, 107.48158245199221, 102.93016779611067, 96.18910838007541)",-0.0721873305216821
3.6507252041067,4.106951281893937,1.2302007301431155,"(3.033232945191937, 5.09762375681071, 4.3053169850701805, 3.600814569326686, 2.64727237183382, 5.864216677570728, 4.738900510409369, 3.2611335153547043, 5.219128012760693, 2.9679068323176296, 4.083899233062662, 3.7703235077074595, 5.355568881380795, 2.892708968982726, 6.576206579709022, 2.361123928694159, 2.6916098947557843, 5.73599072495003, 3.483819231960444, 4.4522285100292045)",-0.3708549886278819
7.577289770632402,7.028424363172173,1.1422517754125616,"(7.454024874885362, 6.460243014258552, 6.0490395489726, 7.9715898113204124, 4.981776006703927, 9.68680799807489, 8.537338936582808, 5.638795623947725, 6.559860015515065, 7.348043920441886, 7.813183086756443, 6.14945337502537, 5.90932397432511, 8.156932595919848, 6.023269131197694, 8.012961714235242, 6.721918595738771, 7.157419110623319, 7.53399054958209, 6.4025153793363385)",0.48051175693028675
7.5907616612712925,9.064932598737446,1.2002981990870256,"(11.448865434226406, 7.057080821831088, 8.215506608570248, 9.84190674345774, 11.250090405173111, 7.190505137696179, 9.530589742882736, 8.475864543208363, 8.476222267641349, 9.53764753024824, 10.791483285134158, 7.477310716353976, 9.058721278745217, 8.923662718233123, 9.45784547115579, 8.554046638871101, 8.327225883951295, 9.696726451699558, 8.891009247996642, 9.096341047672592)",-1.2281705817666326
40.61469629238193,39.999183000069706,0.9775798510699286,"(41.080083805149876, 38.924669357672336, 39.8023716432097, 40.174134018964516, 37.84195212578866, 42.255370834024106, 40.11587002093864, 39.86023974558089, 40.15285486399227, 39.82353099575721, 40.69042038823066, 39.29752056118283, 39.662520667075434, 40.31575611936973, 41.16830379480654, 38.84120177953562, 39.231931477907736, 40.75828723203812, 39.33095644230576, 40.65568412786336)",0.6296296835890833
21.696345791015183,19.956799276595014,1.5337163204542372,"(20.140575193539238, 19.664453941272008, 19.96416279951958, 19.838057675371562, 19.74416938811432, 20.059320433776726, 19.58736705874829, 20.21965298200551, 18.733260328617327, 21.141987046886776, 23.19998056647156, 17.0712877743286, 18.020041009499437, 21.9779985494937, 22.66908573925843, 17.47130851858869, 20.512310972404997, 19.307372440583862, 19.434127302482075, 20.379465810937567)",1.1342035624325704
9.888051657808138,7.5929406080088215,2.341348790617426,"(7.0318665787636325, 7.505630724695734, 10.59249692437236, 4.987697759351514, 7.000353816698599, 7.551441643251013, 10.88992471019917, 4.845444193057382, 7.691694145619959, 6.866841950924375, 10.181516309385923, 5.175055336093065, 13.433519896266475, 3.9317209675951412, 6.108558547722563, 8.654833553661897, 5.852636879887659, 9.01172550276741, 7.049993185187533, 7.495859534675019)",0.9802516647654548
9.650499175098256,10.634983158233343,2.741793476785256,"(12.838976669668222, 8.291112710369458, 9.570094286662213, 11.12618088894334, 13.28094847289697, 8.01889327901157, 9.143133546830422, 11.641598556913554, 13.657830904658846, 7.795852687973339, 9.421720644271684, 11.292737261523172, 12.203900381532064, 8.724092546928544, 10.089322147158587, 10.556139421783689, 5.788692473932775, 18.384314927105184, 11.99971287094904, 8.874408485554174)",-0.3590656960382703
16.236665477915857,13.968920826769466,1.8028528280465648,"(15.120986465718362, 12.702717445854633, 12.533577026415761, 15.326909275150092, 17.65331841367787, 10.88330709217872, 14.451582127864295, 13.290180320297926, 15.29717243789512, 12.55844027869613, 14.671116223201253, 13.08870798786125, 14.363764755910372, 13.372810482166443, 14.285839572818135, 13.44955137014714, 12.785199643483802, 15.019691950194803, 17.619683217299528, 10.90386044855767)",1.2578645443863254
16.333131620919957,17.98821471036079,2.0027367195548544,"(15.734672367007313, 20.325161545572133, 16.983198023289514, 18.830892824163268, 17.331533814570776, 18.453596962301155, 17.680234791429967, 18.087738245072376, 18.34084566649255, 17.438306417396042, 15.755797622102437, 20.296821462576588, 14.05453301530665, 22.753365908160514, 19.760390526950008, 16.1861085961583, 19.281129336781436, 16.583808570989344, 16.487270531602665, 19.39888797929268)",-0.8264107175349069
21.14405004432842,18.451644683820906,1.6629360402854283,"(23.002481068562954, 14.688787730470448, 17.888842373137138, 18.887034049444303, 17.40923732002419, 19.410874272297292, 18.470404496503242, 18.290553852728756, 17.37086822240217, 19.45492793852227, 18.933839064013338, 17.843061769629884, 19.358791201367385, 17.44948254618495, 16.483008845718928, 20.50444966659068, 19.052340195527815, 17.72511187151362, 17.52526556986232, 19.283531621916413)",1.6190672974081353
18.295915330005418,18.498870040548816,2.050699199077701,"(17.34345718529582, 19.50347562765228, 15.256506945869308, 22.169692567887715, 19.923417671512244, 16.98261820411051, 17.33245441009613, 19.51079479338877, 19.97468208584463, 16.941194580018394, 18.305559368160093, 18.474290396507744, 18.005480397107757, 18.777688519149148, 19.79473984267488, 17.09764773580269, 15.023746600478297, 22.492111029754277, 16.272738110420313, 20.79510473924532)",-0.09896854235603009
19.947898110980514,19.799630680615913,3.936836113762063,"(21.805436416647005, 17.329115070496734, 18.339917186908497, 20.594983647505067, 21.980655465866953, 17.196075675409332, 18.937417255166462, 19.942102213569644, 14.619075041943338, 25.868536195297658, 24.570329156383277, 15.377401704720288, 29.270673478427845, 12.892497657700712, 16.408802372706532, 23.049522607256446, 18.413334675743116, 20.47469853739029, 18.67845432278868, 20.24358493039042)",0.03766157037787286
17.921509701592054,19.913118784620888,4.526763974701376,"(21.6046042120155, 17.506999882176405, 18.845956215981026, 20.067066859592728, 13.326537720607147, 28.385013327388105, 31.52951566446105, 11.993834019708428, 19.050426256362982, 19.859631948166, 18.53217175513279, 20.408410204410586, 20.027491711189704, 18.87762116820235, 14.819669672311457, 25.530346359171784, 20.983657622434947, 18.011463488557645, 19.30154472472384, 19.600412879823185)",-0.43996309375953657
43.90173580863329,36.89658115967728,4.549560197943101,"(33.912264288987615, 39.576422922115185, 33.855501306377604, 39.63341080169059, 37.50863907557482, 35.773266055379416, 42.7363842743523, 31.403392726412882, 47.90897710066806, 28.01375830506698, 38.99811620118933, 34.426149878368406, 41.762581729218844, 32.12585471827194, 40.78392259353457, 32.902346321016175, 34.9622627592548, 38.37984641584254, 36.27986975779839, 36.98865596242521)",1.5397432596063032
102.59527178608069,99.83369194643886,8.346786801529268,"(99.76110968693638, 99.2464738194095, 105.83612024937784, 93.54962221481375, 115.04570406942503, 86.06082283015441, 96.70392946940404, 102.38402301141194, 105.43175544174944, 93.90848821810711, 95.76203416950985, 103.39120503128818, 100.44594548036065, 98.56968747321994, 94.40247861751524, 104.87997454688076, 85.09015313972819, 116.35815034054164, 109.07132186286209, 90.77483925608095)",0.3308554423764435
4.336602677069375,4.019296197877945,0.9492473283970968,"(2.796122199117189, 5.488843034727224, 3.1659356150617803, 4.833156078191923, 4.394327191767004, 3.495605521228864, 3.70760072145186, 4.139279446752459, 3.553237749104949, 4.3081155162172236, 2.746473634268022, 5.573754710439841, 4.995754850588966, 3.0666834557391196, 2.7667570287504013, 5.520146993503378, 3.2222055744915292, 4.747185193819142, 3.5153023076991117, 4.3494371346389)",0.33427165892290167
8.511562643550246,7.08352217332307,1.3689147835455868,"(6.513329968588557, 7.454802882287634, 8.28161412598358, 5.8530712908996705, 7.307417421897936, 6.648720493262831, 6.889291414328975, 7.048057731095957, 6.393224354550574, 7.58425005872508, 6.444133270002835, 7.52356863139616, 5.988639366678053, 8.100508580605068, 5.866344106004995, 8.25425706066646, 4.339243076491372, 11.168620281355404, 7.801907439726909, 6.209441911913367)",1.043191648882956
7.86888546975448,9.05695921068122,1.3298549103440163,"(8.45974013572127, 9.50658454256122, 10.095548954121748, 7.958554933559149, 9.75153788286452, 8.250876858336696, 10.557802542879777, 7.617717371760266, 7.677611360221074, 10.467499267310446, 8.849072889942454, 9.080300326747038, 9.026750689909543, 8.90550089817632, 7.333806185220136, 10.949282455120033, 8.210454644547763, 9.784647614863799, 6.7396402817887635, 11.916254377972407)",-0.893385986460282
40.39393373803649,39.99837853071282,0.9878496731516583,"(40.53238294907122, 39.448488164389474, 39.86184630955099, 40.112131897049856, 41.04991569444593, 38.951273574380366, 42.10461729410351, 37.97548725552003, 40.376361598776455, 39.601045137493166, 39.696075046604975, 40.279556900008934, 39.72426284274335, 40.251148719874735, 40.69515364363446, 39.29082248728753, 41.3988113670529, 38.62294409277065, 39.064324539505044, 40.9309210999928)",0.40042044662694376
15.996058048275795,19.95570002188793,1.550795341044436,"(22.034794351412465, 17.969288414910963, 17.659594536244477, 22.421059023038328, 20.37804926903173, 19.431220930425855, 22.07863265448804, 17.933919521002696, 18.7130748744738, 21.159429927069517, 20.95085471312164, 18.898411179854023, 19.46736104958596, 20.33984668064701, 20.480835229987612, 19.332604238082386, 22.11119025146445, 17.907040868484025, 18.915592467370967, 20.931200257062585)",-2.5532975685530372
6.777195272196143,7.666637724039598,2.6292332642422993,"(8.782205519018396, 6.003675527322354, 12.80221870460899, 4.113556934046032, 6.4025353754386645, 8.238693827040619, 12.431277507608879, 4.241409648785556, 8.337896687125053, 6.3174789921103995, 7.216442247810154, 7.298610537693686, 7.146418236933546, 7.373228546044899, 5.136924059905679, 10.244324885924215, 7.589630998278335, 6.937802007291977, 12.510763851885915, 4.207660385918637)",-0.3382896694408654
11.376032733476151,10.429921290134777,1.5523236888665752,"(13.964174642479918, 7.630690618189733, 11.824816763120221, 9.007934948236853, 8.480434285289313, 12.567582058619323, 11.918596057531012, 8.940591478371278, 10.69338329748848, 9.96221091881122, 11.675360861300945, 9.12336564128444, 10.837520145608774, 9.830807229081014, 9.312223508753505, 11.435984150092267, 9.611875744437352, 11.08129490290419, 9.56032270276212, 11.139255848333546)",0.6094807739693614
16.600268706540156,13.991524275974596,1.9225022716677667,"(16.464682526737814, 11.681213453680034, 13.957157047212128, 13.776742232753394, 14.054530353667358, 13.687881550979265, 13.310474557813286, 14.45021112858179, 18.332098528944652, 10.490470580058307, 15.957161279490098, 12.049429360808267, 13.08650623584334, 14.696803120023588, 13.212685487864947, 14.55133918135711, 11.771653974139369, 16.333924342732118, 15.79491863961411, 12.17060193719096)",1.35695258674648
16.595920667443263,17.965593710498183,1.7196603733913662,"(20.31532171145872, 15.750418970304326, 18.273072210383837, 17.509510371449093, 16.90096715748852, 18.936583251085548, 20.244719094133913, 15.806435371761399, 17.520491927505045, 18.263872045072137, 17.909462546080036, 17.863511871293735, 18.615416583351283, 17.19065700321699, 15.002789436490403, 21.325879481111823, 16.453719972238893, 19.445318304769813, 19.948146939409956, 16.03557996135814)",-0.796478807238995
19.532128341791015,18.520747437644413,2.0375954591947596,"(19.938792419126493, 17.011306638236228, 18.379494971565414, 18.45119460628004, 17.91957024982419, 18.941216445910285, 13.857036393198149, 24.4827218784138, 19.220191055243532, 17.65078132130784, 16.787178640142592, 20.195963817200163, 16.647600640976574, 20.382070031024277, 19.047257387831777, 17.803892037981992, 19.280638479141093, 17.5881041584913, 17.943320396363898, 18.8866171846286)",0.49636001080719483
22.73565094954917,18.56624039842527,2.781402056203187,"(16.27073721069466, 20.743255010178277, 19.41815151388185, 17.375048540850592, 16.384355571420897, 20.627447867753897, 18.922184982319866, 17.844249419853593, 22.889722142053543, 14.750824758322812, 24.915914203764203, 13.534017558777519, 19.870781015875096, 16.997930267054077, 19.95528183969461, 16.906675284545706, 19.88682887062118, 16.964233927555057, 15.971541312957616, 21.095626670330265)",1.4990319511072223
27.203606018157913,20.206065622103452,5.3050560147172465,"(14.19663855933958, 27.016579249342982, 21.690823103849123, 17.673180375262913, 11.027398458699825, 34.89287535653753, 21.14499073404062, 18.15775424197409, 20.482894591365802, 18.747874961100933, 19.227967637240756, 19.909998214717962, 13.962045241259593, 27.526008572750538, 22.830629955461696, 16.792588534881432, 16.769547368833223, 22.856414214934734, 21.136885645423096, 18.078217425052646)",1.3190323300342046
18.303278093621397,19.70103520403873,3.2847640416171187,"(18.971173777348493, 19.928608921689328, 15.952224762070644, 23.69585447122834, 18.599264350076265, 20.348575788466725, 19.888288227476718, 19.016151348148114, 21.396729256964235, 17.676412245852113, 25.260319739049443, 14.957641020711254, 20.768842752543637, 18.21563792414905, 14.36049206222402, 26.323080177155678, 15.661646772735947, 24.134344845440268, 19.266071648138148, 19.599343989306195)",-0.4255274024886141
43.815595746277104,37.24739746472743,6.918183179669632,"(40.44826123883532, 33.20868241048919, 25.01696194760887, 53.7029905657935, 39.08120078292536, 34.38567117913227, 40.782237381907485, 32.94260185461312, 36.192805738635926, 37.128138104461506, 41.1830022341331, 32.6133314597243, 38.4340125793131, 34.96633610133872, 32.5471630980088, 41.286109697734545, 32.838897054659434, 40.91245711066414, 26.390776353709402, 50.886312400860355)",0.9494108656809708
108.56547065445783,99.82662538092531,8.253094301711018,"(92.50674456327964, 107.02935487020899, 103.68607719127908, 95.48964030187493, 101.79392189717348, 97.26466585306537, 112.87005675929672, 87.71984065789555, 104.68326710251817, 94.58008901346619, 102.50828032908292, 96.58669669668735, 96.07069626532545, 103.05906084068245, 96.39702495087529, 102.71016799934849, 116.37982682610938, 85.07443196007819, 110.61296039453416, 89.50970314572425)",1.0588568304279276
3.804194374932523,3.9395895662321063,0.8611550614965462,"(3.5688566882525503, 4.166114844748158, 3.5516923451257623, 4.179731101697757, 2.8173407832364648, 5.271909388396016, 3.5702131111388216, 4.166429166468479, 3.5144234599485706, 4.220806267198696, 2.84454977814938, 5.18963163633335, 4.695590660349952, 3.1628738106862486, 5.586281106429872, 2.6605301033003106, 4.927795563848885, 3.0022702597616218, 3.681895340546572, 4.0128559090246565)",-0.15722510074351603
9.051627328547019,6.9982554098578795,0.967797624851078,"(8.582562543633232, 5.610630246747889, 7.818083252359053, 6.154379540539832, 6.058301035301409, 7.943987315211321, 6.46968518730568, 7.444204227037521, 5.754697086497347, 8.357717430273594, 6.481332182228376, 7.402268509096863, 5.985650757133025, 8.039863423742688, 8.358582669238604, 5.759457854383889, 7.226551769533552, 6.646391460193781, 7.263851858281405, 6.60690984841852)",2.1216955548998238
8.942474470447378,9.024789332196736,0.9302969142917453,"(8.845513211340187, 9.122554120811316, 9.737679785645657, 8.283130493545041, 8.180046341100798, 9.86152225907128, 10.953043094965205, 7.367491952732823, 9.371908272349671, 8.604422864440377, 9.388189254155346, 8.57748871023453, 7.4207719600587145, 10.869864743070984, 8.355656456773104, 9.655401843420863, 8.97432866212672, 8.978672194488194, 9.015107583542916, 8.932992840061013)",-0.08848235491786657
37.990379123157226,39.99230973024299,0.6142944777695617,"(40.46415027693581, 39.51709769059791, 40.67137587472011, 39.31578692226406, 39.80982580480672, 40.16661292467709, 41.361320937070026, 38.65989059311595, 39.48084169792116, 40.50135900971402, 39.98093040210834, 39.994813402360116, 40.09442291261722, 39.881489450270685, 39.17056347972971, 40.822099084669375, 40.23529529959877, 39.74193362741484, 40.16161692405224, 39.81476829021537)",-3.258910310173322
23.263142604772742,19.96771288140114,1.6819004455058724,"(20.560932011171285, 19.261682102965654, 21.004568696572008, 18.854877729761345, 19.68866813085861, 20.114883613773717, 17.654665516114516, 22.432112338437072, 22.05813441499778, 17.954282480520803, 22.299067062231018, 17.760033733316224, 19.104078786237398, 20.730247887629528, 23.070164448312287, 17.166368377661787, 20.770259727643968, 19.067326525096693, 19.72265505678193, 20.079248987939195)",1.9593488616862937
7.3999765460073315,7.538535027827727,2.2759892387840543,"(6.485700189283738, 8.074528726151003, 6.816203628993039, 7.67842562726272, 5.272822148430753, 9.927714352511114, 4.822709526691761, 10.86008983374634, 3.8206659973346766, 13.694414776781148, 7.036652403933089, 7.421637601180283, 5.253457984848362, 9.963759095143022, 6.551431636294805, 7.991847534184885, 6.199788207605168, 8.430576350269508, 7.547072066923206, 6.921202868985937)",-0.06087835542422008
14.885980895722627,10.431424917312512,1.5142402478443828,"(9.898966118032652, 10.778359576742625, 11.070844712470917, 9.635801010564332, 10.583419243571543, 10.079954342429556, 10.69871776163876, 9.972565417246987, 10.87744299303112, 9.806208212276372, 8.011048518142333, 13.307465984870811, 8.765014096528525, 12.170754896890942, 11.648982644142446, 9.15819437776089, 8.671440025957581, 12.297058844744486, 8.207311099025826, 12.988948470181514)",2.9417762371271388
13.2326143615914,14.060491699477538,2.4428717077474333,"(17.704951611337375, 10.855499057113521, 12.848232089762082, 14.957634512294149, 13.376274218867959, 14.367107901337926, 9.790190519488952, 19.63029768469731, 12.977261339060028, 14.808075818685465, 17.174778004982105, 11.1852070332818, 13.819867945444322, 13.905366637651698, 12.371815990429056, 15.533226605895072, 15.996880927611612, 12.010492520812628, 15.522794347435354, 12.373879223362358)",-0.3388951352871173
16.612194137099085,17.971404002589136,1.7816034215999135,"(16.156484478507398, 19.80701537447467, 18.347180341989443, 17.441771621514675, 16.012351337082258, 19.98445914429352, 14.410415681745208, 22.205426816667263, 16.901018686745026, 18.933888544913238, 18.59574110721476, 17.20637218893845, 16.391459924258257, 19.521591024093464, 17.397431017248845, 18.392646725820423, 19.490217533858267, 16.41732191559913, 17.029674939295244, 18.785611647523133)",-0.7629138162910885
20.740251486029063,18.51193050464723,2.455456100823481,"(14.05800811838587, 23.98080034629737, 20.89957570249999, 16.130162032452336, 19.46601738211925, 17.31642276616855, 19.179812313787945, 17.573121375529293, 21.48474303526232, 15.690171780825526, 19.602253517836377, 17.191693687416915, 17.12697175142661, 19.67932487866329, 18.152531636553327, 18.56693673776159, 15.293556451767742, 22.03719662886463, 17.023329862358917, 19.78598008696665)",0.9074977885511891
19.01561722628164,18.410857035410114,1.4183310908878595,"(17.665858270171558, 19.088723514281043, 16.323249520760527, 20.65776707912476, 15.737852936147185, 21.422224371643257, 19.31376668609698, 17.45262728820898, 17.828450189946814, 18.912146159831327, 20.097564715507865, 16.76687319420028, 18.474468705685833, 18.245311374462243, 17.387015351886966, 19.38528082988123, 18.741573806884848, 17.98321633251259, 17.532888999435617, 19.200281381532253)",0.42638858779648836
13.652123179687946,19.797246901321547,4.360816776562374,"(18.41788609252733, 20.330064524930968, 14.069527237923314, 26.613304556507682, 16.05896915082847, 23.305318017592107, 17.547221490808315, 21.317425961789553, 17.5186153116905, 21.370919982240352, 26.625626568476523, 14.046293419663991, 15.721546919929867, 23.79465762219134, 23.92305824055811, 15.63434127787366, 14.728584454286292, 25.39887066142034, 15.588388181727174, 23.934318353465006)",-1.409168061052497
17.835081006567215,20.462594064185634,6.8003537870064,"(17.314759349598763, 21.740164293319346, 26.97582032177844, 13.954253747444927, 11.79086198373645, 31.9201960946686, 18.635807479003976, 20.192211866372205, 25.750204184397024, 14.617835986764002, 26.94434406359669, 13.965172754454052, 32.395750150335424, 11.61599621814365, 19.470932144302147, 19.325492806948237, 13.297292459068641, 28.29999266471871, 27.244818661767724, 13.799974053293564)",-0.38637887673415927
32.08681059338283,37.00310305259198,5.120162476089398,"(36.052704499940496, 37.29883720479287, 38.73378101325744, 34.72092215213643, 47.914661421503915, 28.065070468892976, 38.775573397550176, 34.674794720443366, 39.16114688101971, 34.34362550236709, 41.77154255558957, 32.20265205731558, 28.300853269878196, 47.5131501284096, 39.079202292276854, 34.40669900379901, 38.08065221193101, 35.31985636379661, 33.462777368310924, 40.183558538627835)",-0.9601829008684205
89.86808177248226,100.0686348005147,10.937881665726538,"(101.84043679423952, 97.22015629738496, 109.88030506651813, 90.10666454609397, 120.40481064305025, 82.23046813889933, 113.89630192099405, 86.9294143681672, 82.51939012238643, 119.98331482984553, 92.62290651911484, 106.89535079570362, 99.95121536255112, 99.0577506580211, 104.09224153894992, 95.11698849113819, 106.2958512020716, 93.14524463186372, 95.39563528030536, 103.78824880299531)",-0.9325894482837124
3.5203804921436976,4.0914502333962375,0.7829771637534474,"(4.7988856291213615, 3.413891483045757, 3.738940195704831, 4.263016077757661, 3.6378260386121055, 4.54909945243138, 2.7907815175046373, 5.715070761005774, 3.4521315105201915, 4.628508182566579, 4.143456809186556, 3.966321177630578, 3.001327255616025, 5.360779749561968, 4.585906262300659, 3.47646314678113, 4.9832626726856475, 3.1763922047255186, 3.9720519789126065, 4.174892562253793)",-0.7293568288951587
6.437786352849946,7.225381234534956,1.4318095773344417,"(7.869544022882831, 6.447171006207725, 6.76339307339024, 7.3709410990755515, 6.871585363777219, 7.4319117529945125, 9.513025102501969, 5.2421687183403884, 6.164438702470483, 8.099537911252188, 6.473929853902461, 7.852560182683303, 6.564059067061133, 7.639832170708689, 5.561831442524993, 8.96581825543381, 5.63066097733463, 8.813675256969098, 4.994891762864535, 10.236648968323362)",-0.5500695722061402
7.050029650162253,9.149703639736655,0.7605267773010278,"(8.80323209387911, 9.501343648367003, 9.542550419131627, 8.663881498124253, 8.08901348747085, 10.385905923498425, 9.326624354620481, 8.865687689452125, 8.504192862984548, 9.731344426718708, 8.76012296127412, 9.560435003016046, 9.039392225728218, 9.181269228279202, 10.365197388055721, 7.97866099452825, 10.513485456931413, 7.839540838170001, 8.97666003531421, 9.365532259188768)",-2.760815335162512
41.260981091576,40.00051189875518,0.941336466963299,"(42.0362273095868, 38.044183748235696, 40.25399555735234, 39.72687630737758, 40.14042795302377, 39.84169504849907, 39.09080695903688, 40.90889394770594, 40.609112720280585, 39.37954880403555, 39.19912477587474, 40.79784314942513, 40.04154250429703, 39.93809351303443, 41.306832028612455, 38.7145433412497, 39.211696519877044, 40.78226397498136, 39.548867474721405, 40.43766233789591)",1.3390208889782282
23.728007110360927,20.05037397116969,2.369843247159483,"(19.45898318624469, 20.396315207115162, 19.271477933323037, 20.579567317634282, 19.075047844940894, 20.813146042414452, 20.279435416539, 19.556243474552172, 23.00109023794776, 17.243397608794673, 20.94424105884727, 18.951256867760463, 18.448387813222755, 21.50223221585796, 16.11901386475733, 24.60615353560997, 24.92880523797846, 15.905560454754422, 18.728732254391673, 21.198391850707324)",1.551846580401165
6.4864219666060725,7.62317417614409,2.030603122697426,"(5.854032349977784, 9.325898907711792, 5.024377964679168, 10.748031176430583, 9.50416269755385, 5.767613773986361, 6.518915562781445, 8.28554515401788, 6.244794106299307, 8.655764948341051, 7.484001590177383, 7.303736541575766, 11.560099811366873, 4.688569573600341, 8.201701611022305, 6.585460577171144, 10.519815495084389, 5.118906002236206, 8.926924131082803, 6.145131547785366)",-0.5598101356349591
11.59631252183636,10.467367321044406,1.3341657262785378,"(12.249788656628898, 8.825298473463647, 9.46738997236505, 11.370129057920831, 11.552192811657374, 9.373642182548666, 11.820916324618244, 9.10660582793276, 12.377231014770855, 8.700142730348759, 12.53137441383624, 8.631041794469052, 11.265495398714163, 9.56861013612643, 11.513126783951149, 9.35117260395467, 11.314234247036365, 9.503111499972249, 10.755493531387893, 10.07034895918482)",0.8461806345010697
17.477157116938844,13.988330831794569,1.11178214665463,"(13.106589363451215, 14.871516925983109, 12.499580371132742, 15.526746544290718, 12.161692945256531, 16.054361633008106, 14.707746948345783, 13.195060760720057, 12.835635337312365, 15.125120019183461, 13.722831436544386, 14.21006598643004, 12.627618400519816, 15.389609997868003, 13.268491453123097, 14.630770265559873, 13.200224692569305, 14.684336688305608, 13.977318676532457, 13.971298189754695)",3.138048488763926
17.45967467943248,18.039894357284158,1.5153240489653552,"(15.262678162736522, 21.214916324232274, 16.80849834582218, 19.200293912797118, 17.026791244986246, 19.042480328722807, 20.069080651162956, 16.07951876100627, 17.71779729248942, 18.21889288871704, 18.402434950084526, 17.601029030433587, 17.5212164467384, 18.43690868814675, 19.93880816284977, 16.190551543459964, 18.812921515278553, 17.137184746404145, 19.409538677011952, 16.706345472602656)",-0.3829013855141041
18.65486831818357,18.899433628222294,3.04007844773742,"(18.340382737653933, 19.107069046755175, 19.617569530446506, 17.678832749489136, 14.008103766900001, 25.12242913753238, 21.327802631897416, 16.256593719963803, 21.134560937999176, 16.42092090511423, 13.849220198541369, 25.328920275717056, 20.489101797026652, 16.977326864198375, 17.81427179004773, 19.48659763750728, 16.326816762087365, 21.173948533826522, 19.039611192692682, 18.488592349049124)",-0.08044703919424881
21.05202275483542,18.993195476011067,1.5060721445577905,"(21.071779711922783, 17.195859842235517, 18.379744726483615, 19.305329039089653, 16.95451470526469, 21.555694212854398, 18.624136815314536, 19.040756494049248, 16.898903369660072, 21.02538349919877, 19.506103288367335, 18.614034187790953, 16.500143025543633, 21.63398757372222, 18.014652428014397, 19.734365414525698, 18.30670117428015, 19.256414769116052, 19.218330216555096, 19.027075026232485)",1.3670176998253036
15.612371587463732,21.425513153342948,6.351337113991605,"(22.956555200354018, 18.860589169860567, 16.35754821947922, 25.26882223498265, 12.769060527644207, 34.56080207947081, 19.789181109238246, 20.85574462080474, 31.874189666904705, 13.00488535678101, 17.884132130415235, 24.317574632348105, 19.506957813328448, 21.467959408395576, 21.047315803885994, 19.728403924523263, 11.896745596702793, 34.237873010736315, 19.704688518661662, 22.421234042341364)",-0.9152626386455259
20.66285643288558,20.44737665618241,5.49139009321244,"(16.043994242075254, 24.53993857604523, 14.595538267240576, 26.570628788761613, 16.635767234831555, 23.81409628278401, 14.51554105036628, 26.70470767706948, 11.440967585777859, 33.92898106686733, 19.09785421080698, 20.64586556206445, 20.885733389615137, 18.648030709702752, 20.10906168918971, 19.313369745830524, 23.769538180189418, 16.23831266445531, 14.962684261566233, 26.48692193840846)",0.03923956831431634
40.32738508839345,37.24535848462292,4.419242518802484,"(30.313146923583037, 45.284223154729375, 33.80235952027038, 40.37789234795559, 37.77450780692838, 36.42688468333893, 34.19679017930633, 39.89977262104545, 35.01029726490215, 38.994949220420736, 39.170051788249104, 35.06195908881093, 31.08127635665608, 43.97722742918268, 41.68486719978983, 32.768372766229234, 32.57887259546518, 41.81166436671175, 33.03403625759377, 41.6580181212894)",0.6974106061519543
94.09776465711141,100.32870876228034,13.233097675579641,"(102.3242011900363, 96.76638740223537, 89.50615410891332, 110.6221635501804, 78.02907435191675, 126.89652920114084, 114.2876530660584, 86.63536833301515, 98.59395975017395, 100.42573756509556, 101.66305811524488, 97.39582725487782, 79.84934051128825, 124.00112385059353, 103.57699988585345, 95.59450806048108, 112.42119311435059, 88.07325400338651, 109.41863781442767, 90.49300411633672)",-0.47086058441686823
4.612012972794728,3.9607120219501932,0.8942279621223691,"(3.4384965344509855, 4.326914389016244, 3.658537171351136, 4.023582485569973, 2.5244224726065396, 5.87409498263517, 3.2848671951985846, 4.486893786251064, 2.9158071833619883, 5.1958524374844774, 3.104174185227645, 4.822140216126309, 3.602015973438198, 4.209691824645715, 3.352523339965963, 4.52112221946514, 2.786799044874638, 5.280211896650887, 3.6384377334035283, 4.16765536727966)",0.728338833532706
7.462424823117907,6.899844556847492,1.0315840742655111,"(6.584110456392059, 7.055990645675205, 8.69657314148111, 5.315279551169094, 6.7388664688042095, 6.882044745152674, 8.068035749229216, 5.725330433569803, 6.163879135979736, 7.625799887387441, 5.898864286973964, 7.912141401480706, 7.169571611415028, 6.558215992376967, 6.383542744777096, 7.364300969144854, 7.486789795093681, 6.161623500655553, 8.95316937231817, 5.252761247873295)",0.5453557109932818
9.190400524353334,9.026916606414163,1.0859977524441187,"(8.918683210065273, 8.9924720488494, 9.31269290094533, 8.594726584023448, 11.843573073275572, 6.766104545379685, 9.870114613793694, 8.098080350199476, 9.324110282128363, 8.665297501001389, 7.926235857105898, 10.152427597920141, 9.244445799493962, 8.74041212569451, 8.334353081845236, 9.694023308343418, 7.7776790627753325, 10.266315105981281, 9.58261293746852, 8.433972141993326)",0.15053798920968156
40.62012716465893,39.99461472816208,0.8141933288225246,"(39.568160846990885, 40.40929269219002, 40.249678909255564, 39.72567674823885, 39.344191294207185, 40.639461416891905, 40.50145336682087, 39.477840923753185, 40.76723688385381, 39.22173579804014, 40.298282695366396, 39.6779635097211, 39.20695323725825, 40.782505722387064, 40.15099806862407, 39.82360000453557, 38.31985151855776, 41.72509876303611, 41.06420220421401, 38.93810995929856)",0.7682603312427809
18.707856135607177,19.998845213985973,2.120139121204677,"(19.013067902202067, 20.80713536327351, 21.70228128460403, 18.232600815206965, 18.894108612401432, 20.93884109948445, 23.298710318999966, 16.97664647458221, 19.186612522821335, 20.630447869139196, 16.91327805955398, 23.399562671281767, 17.92712910966109, 22.078962521483398, 18.270773802110384, 21.663610636419666, 17.435896928284183, 22.682176500860987, 21.596413991730618, 18.32864779561811)",-0.6089171533447523
7.111751270980748,7.492944486844734,2.2626214140732093,"(5.793341835394259, 8.897329430899484, 10.804551635416978, 4.753652855814508, 6.788664204288391, 7.583310538855039, 7.0517620227329285, 7.278398697128019, 7.4934794987345885, 6.93955937000988, 13.6186831964138, 3.798365634175159, 9.100595950789204, 5.71530037532956, 6.469677710392165, 8.038316174674755, 8.640165124228629, 5.9342214618069145, 5.249230596848201, 9.910283422962245)",-0.16847414838956884
13.911734678620485,10.441998299291049,1.8611368619018576,"(12.624271317646759, 8.368856255224046, 12.723416733925843, 8.29909005893978, 9.221081564311508, 11.454135233460445, 7.775726715758636, 13.566183091078733, 8.151844629339754, 13.006418714510621, 9.78158009171271, 10.820105360762536, 9.309827384630328, 11.388309721419105, 10.269469805987333, 10.323805939864165, 12.307696448292734, 8.566130654106392, 12.165839899675216, 8.716176365174297)",1.8643101699591207
11.604701128979116,13.870477661717807,1.0982065777279102,"(13.459795746534878, 14.190850658822473, 14.15276474919148, 13.501092660305945, 14.349702071685787, 13.31009275674121, 16.551359388328173, 11.52455731869923, 13.463162910293395, 14.23722893771219, 14.043698742359094, 13.629534425511705, 13.44688369605054, 14.252411727020474, 12.577783407454472, 15.236953073036846, 14.447442830372257, 13.193988761946732, 12.480339237144989, 15.359910135144224)",-2.0631605917225313
18.496661156522617,17.900530117764895,1.108647988485101,"(17.56568452103361, 18.15683513707583, 16.359521199283247, 19.510607442212063, 16.682107078188256, 19.12049842747597, 17.540885048899803, 18.166423802916565, 18.96322528768879, 16.861731872202544, 19.67499472758534, 16.2383988438437, 17.410276442254982, 18.362721426261988, 16.470023294807955, 19.41073825619172, 16.84732446798762, 18.903802962842345, 17.976694719836992, 17.788107396708558)",0.5377099358402285
16.920665218034262,18.394063341893503,1.9509593886262135,"(18.70171842773713, 17.844173205313545, 15.379810180977048, 21.752098912936336, 19.188935949487046, 17.39722359755028, 21.067135945933746, 15.798801626638532, 18.402051036875132, 18.275153996764306, 19.2692277115244, 17.41045896186782, 15.109026225700536, 22.246791940064625, 16.692787166285992, 20.135149384008237, 19.181389806826644, 17.32265687357452, 19.051129739113332, 17.65554614869084)",-0.7552172189994932
19.86225123879237,18.389709921491256,2.10333812594591,"(19.76847726012506, 16.79581819595008, 18.423191840890013, 18.108292652060115, 18.31183145226725, 18.144116006443866, 16.41885196944597, 20.119235134085674, 20.89208165808088, 16.131094078914092, 19.948280614199813, 16.815239935073766, 20.008441760114074, 16.82679902829802, 22.55363072949953, 14.926550632625933, 19.413498928076923, 16.960209636013253, 15.553691090293436, 21.67486582736742)",0.700097287800023
17.341593153273593,19.57653159129265,4.552326954249589,"(26.075928334910596, 13.76600647051803, 24.984128223291222, 14.540367702860438, 19.01800085029665, 18.91005763726127, 19.246522616299576, 18.438890827121874, 18.981172509712835, 19.56462633150726, 17.26016140531694, 21.296211465428332, 15.559504195146708, 23.810080338589295, 13.703626299713058, 27.028758520569557, 27.99958867073595, 12.578758587786757, 17.355959180013407, 21.412281658773196)",-0.49094418315730726
18.700143535793067,20.347909537903877,6.7147430620152955,"(25.977043318455948, 14.310917322398494, 16.34994111156863, 22.828898633006197, 24.43596262793325, 15.222988405821372, 12.494874515241582, 29.638747862609687, 33.352659805136476, 11.274002063894333, 18.713808684394635, 20.02412054235942, 21.393225102198947, 17.562394301527007, 26.157376668868665, 14.362627153121196, 17.960532003800775, 20.566729856195288, 32.89911566272108, 11.432225116824556)",-0.24539524251226763
36.056227497266356,36.84805774868894,4.647399753091059,"(38.170176707250455, 34.98451285172861, 38.09888289508672, 35.12266244967, 41.08715109518487, 32.51541940786635, 30.273653340540548, 44.06515905098633, 40.43970950398023, 33.13787181804067, 33.563504617071125, 39.89805929638988, 38.000544578855816, 35.25280989012828, 46.62657475017409, 28.729732447779167, 36.07132450414495, 36.949510230716754, 31.70742451694443, 42.266471021239404)",-0.1703813516140768
116.5026074510991,99.86493461665367,8.732100306058888,"(89.9863833566348, 110.02467202620116, 85.93184623517165, 115.2167691490039, 90.18564833464725, 109.78174505823092, 92.7600579615564, 106.73446677026462, 92.85667445034754, 106.62478253222123, 93.36488786891917, 106.04420950213951, 104.45181116504064, 94.78832306435231, 112.16148610126082, 88.27281847308531, 102.67181368580627, 96.4302508419903, 98.85275150393693, 100.15729425226199)",1.9053460509267337
4.1051569519220665,3.9098077568092613,0.9421234151748287,"(2.8440466593751443, 5.093070895947416, 4.041350748477768, 3.59399580815066, 3.5149372352713293, 4.114408301229008, 4.701108222376277, 3.078044756009436, 3.3187786770003984, 4.373723516851221, 2.405745772533785, 6.0275952513001005, 2.893762079414224, 5.0037122573166295, 3.617325988673444, 3.995442955341664, 4.593842647487017, 3.1202134133357937, 2.9401653545642312, 4.924884595529692)",0.2073498991388029
10.460304408869495,6.97381555636912,1.1501370026375852,"(5.899265639327127, 8.037297225042712, 8.721229381555702, 5.444921322274429, 5.668809484676732, 8.35440240870364, 8.16515395884189, 5.80325190023712, 8.0797104915616, 5.875089261989232, 7.739667025414039, 6.129131969040667, 6.462037028828984, 7.335418717699205, 8.169896634590062, 5.794861138002489, 6.051384436066905, 7.787653286882645, 5.8380385071547, 8.119091309492502)",3.031368301780469
6.989462313229964,8.936306618342739,0.6030342152843019,"(8.207833459586801, 9.692015111572763, 9.267623570881941, 8.591170371293618, 8.699022160732342, 9.136832866264303, 8.71269044692039, 9.1267093132882, 8.59769864912063, 9.258548784589406, 9.668847860148228, 8.229020516100103, 8.541256732013258, 9.311867053643589, 9.944419061174232, 7.991074581034031, 8.340255587295964, 9.503094257855729, 8.160420003689516, 9.745731979649701)",-3.228414334989152
38.73749225307725,39.99871821301177,1.002744300646488,"(39.95176425180402, 40.02190474394426, 38.564866114722605, 41.461210973995904, 39.521048095472516, 40.4578915282119, 40.78665940025033, 39.20262212176179, 39.89090727719999, 40.08296474947614, 39.663011972222385, 40.31317493094786, 38.789832031427125, 41.22069002097494, 39.0651582331329, 40.93003826151831, 41.41200944835732, 38.61048732903375, 38.53683837589799, 41.49128439988313)",-1.2577742492491704
21.633091139823993,19.937225530358337,1.3325094893171436,"(17.724264009283484, 22.33250180162884, 21.86297644675986, 18.105295924382503, 18.010099948052957, 21.976010498953414, 21.212322235593057, 18.659763910786907, 20.02382796795512, 19.768085500680325, 19.161430109318804, 20.65680836014739, 20.74774322084409, 19.077627167405335, 19.384340037940497, 20.417984348587833, 19.884063757164686, 19.903642446473548, 18.96506227213574, 20.870660643072295)",1.2726855778976236
5.519223104596346,7.4239791877047825,1.8216484581262655,"(5.198502306205332, 10.013445788800032, 7.286007232400362, 7.153206906963149, 9.93184364352754, 5.236159801038123, 9.586703468633644, 5.427135215653169, 4.88969016537865, 10.655672845858467, 7.245140843973619, 7.187484979730905, 8.519552007599003, 6.108722589258971, 5.7794209540557215, 8.99582625416969, 8.233617579828897, 6.291262980852448, 8.879120413422061, 5.861067776745863)",-1.0456222080673319
12.656721146297699,10.367210169747969,1.2397512586424126,"(10.589033060347488, 10.016854403516826, 11.283716560169875, 9.403685317527039, 7.885956665022361, 13.44415244442388, 9.622123471419465, 11.02129182921557, 9.55403735436334, 11.105051243776323, 10.987617937467078, 9.653843487527467, 12.35937947395353, 8.581162182966063, 10.933551963053816, 9.695999999823316, 10.85015563399384, 9.759535079636194, 10.381662524500431, 10.21539276225545)",1.846750273967743
13.014556713821442,14.02198900420465,2.28288012883146,"(16.134173892316905, 11.88602140815506, 13.325036279158507, 14.395430067913676, 15.925865888900374, 12.035168643474774, 14.708405261902088, 13.035875316841816, 12.533275111894097, 15.303702088064863, 18.071298661379295, 10.611024436835098, 17.984392294115235, 10.661877707744054, 16.566274358117973, 11.569380983704367, 11.939563168238756, 16.040637274157607, 14.365056594226195, 13.347320646952262)",-0.4412988126971362
20.057517076698595,17.900700140039977,0.9616320092198808,"(17.851501614057575, 17.904420142520536, 18.68996934208893, 17.10324231009201, 17.923449687628654, 17.825132502439956, 18.649007710783593, 17.1366797384738, 18.205995481125868, 17.557218304062996, 20.050780575392338, 15.938514699100798, 18.604554081519275, 17.177922418387045, 18.59267013338604, 17.18324317224752, 18.344894540473355, 17.409348064220218, 16.514566090009357, 19.350892192789633)",2.2428714060884114
17.413208650345354,18.397504613954563,1.6361538116565526,"(18.565655407225027, 18.105729820441386, 16.546253495444418, 20.3224795167724, 18.96442997263903, 17.702525709306343, 15.122166397174825, 22.220507234134903, 18.1963647179009, 18.477463622163484, 19.360020996278998, 17.35573697408401, 16.001451502573257, 21.000444124199575, 17.564319856386977, 19.112744713118616, 17.42304689753183, 19.248731235936106, 18.38181264129029, 18.278207444488892)",-0.6015913397608028
19.80127122582548,18.310377902691584,0.6939801521307116,"(19.165294936918976, 17.489369842008305, 18.852539936850118, 17.791289031942025, 17.364803084976046, 19.255948033600948, 17.742399024429208, 18.87879267366935, 19.031424479588125, 17.620221988422863, 18.880329647903995, 17.73948332963731, 18.133390150709495, 18.473354421905487, 19.221829706354608, 17.39403908549689, 17.45867777171637, 19.114499825856505, 18.279924759241734, 18.31994632260328)",2.1483227129139646
19.387320273629893,19.603261878315177,4.655113498563684,"(22.683880405756927, 16.100375800928692, 15.470714594823452, 23.640268081223756, 14.775757771804994, 24.576067546213423, 23.732385529467454, 15.364335990808653, 18.461534731488985, 19.801096168319656, 12.937011279914916, 28.174938524371925, 12.855716463451941, 28.367748731603797, 17.214132945259458, 21.091176677985064, 18.652153064413252, 19.388100445428226, 15.999335281716762, 22.77850753132217)",-0.04638804290204995
18.68726218962646,19.782203041613524,4.596587299585425,"(13.42723359926876, 27.713197405531258, 27.072805780341067, 13.751180424661968, 18.462534542163972, 20.116697059556095, 21.231692716007707, 17.516920215432418, 25.767785321661947, 14.445363131096263, 18.760272470010094, 19.82206630605225, 20.587291450665234, 18.066098799103926, 24.376256450561677, 15.235481850984186, 19.402437400598775, 19.11622691545305, 13.771819590703405, 27.000699402416398)",-0.23820734397578391
35.11075232871414,37.17197209201173,6.693578281865521,"(28.260507401157334, 47.441695994020144, 53.241343583053016, 25.182986912824344, 30.769412623186035, 43.545510272113745, 33.14697135873762, 40.44191404544034, 35.1881483579503, 38.10225992754703, 40.18875432186566, 33.35013538179603, 40.19391347939665, 33.35057119303748, 37.43067531932692, 35.79641345913803, 32.676814653639845, 41.00123929960765, 31.28448571177845, 42.845688544617765)",-0.30793989051893456
95.73444347037174,100.01891601465326,10.449151707783603,"(115.89450628751224, 85.43040266744508, 103.76712764363582, 95.4147477472839, 101.3214271460088, 97.71768693696599, 99.28512238779196, 99.72199261461529, 98.11067554991413, 100.9157663557055, 81.97401565770873, 120.7810051891172, 101.23397171341347, 97.80223777268404, 93.36969093188968, 106.03972232776289, 109.49494198148308, 90.42333240952239, 117.20435429440332, 84.47559267820162)",-0.4100306574255207
3.0413355633986137,4.08299786670439,1.195641165524858,"(3.253910076383246, 4.700906227104934, 5.601041424159607, 2.7155065296520515, 5.134148950278741, 2.9836940967054772, 4.4174778452425185, 3.4791637330997873, 2.6922095279083913, 5.666768619082453, 4.915002395160295, 3.1334528714556984, 3.3758124294434846, 4.566719583901135, 5.699939166792555, 2.6913247785515595, 5.540478827055076, 2.7671553029262888, 5.565800875535094, 2.759444073649416)",-0.8712164931595603
6.5358367625384695,7.125789199336404,1.6457875475214043,"(9.27478105053457, 5.195818539613168, 7.26648425833794, 6.611541504285419, 6.422211390706714, 7.5100657109226985, 9.515180714899369, 5.078031253377735, 8.585440441902625, 5.605010526647353, 8.42767541478489, 5.740520249994267, 8.211239325291292, 5.896358750362432, 7.5052737116727535, 6.431357978960436, 5.399737787161541, 8.935747244355381, 4.76366465724264, 10.139643475674868)",-0.3584620856357903
9.748419582166541,8.944208730601607,0.45088036040712015,"(8.562572788004793, 9.31357906837627, 8.285582586985596, 9.610276021207866, 9.099144814773354, 8.768526168788984, 8.933543830942241, 8.939344332997013, 9.116676045525034, 8.741276490196464, 8.310661618432697, 9.616456017291632, 9.821114979132153, 8.142047275718442, 9.0779720917317, 8.792577167393464, 8.608944525814186, 9.269379092335056, 9.098921731288861, 8.775577965096321)",1.7836457787577515
40.053159503980794,39.99587170310973,0.84505556877703,"(39.88361669113599, 40.09131130103934, 39.79454406726556, 40.18112330777124, 38.91939637156187, 41.0846549004754, 39.04244775142476, 40.955130551575564, 41.045518131354335, 38.95643109952115, 40.71330142173054, 39.274542677267085, 40.6252621945636, 39.359973314625435, 40.37064546213937, 39.60772319265677, 41.31325398232266, 38.70394776983079, 39.10711985488052, 40.88749001905253)",0.06779175593620818
19.245621798423368,20.002192808491397,2.0818968966647495,"(17.627202823034477, 22.464342477904744, 16.138989635312836, 24.53533505524577, 19.78600023519779, 20.014108583737222, 19.310979360067883, 20.506824619213106, 19.815282023517327, 19.98342965178462, 20.696575404112366, 19.13547432444524, 21.959668817721095, 18.036937349426076, 23.347262281229206, 16.961435397051105, 20.187586041896722, 19.61551480214543, 18.40962397305984, 21.511283313725077)",-0.36340464855876137
6.9132942407603215,7.569160246157995,2.2826184012454562,"(7.098605637524469, 7.437354603796842, 7.6716543982619605, 6.866163933544637, 5.958558315107535, 8.866037981296621, 8.009640659481459, 6.604538224257636, 10.152383260834531, 5.19473937381394, 6.673849458446513, 7.934031832227094, 6.086969170713299, 8.704241471316672, 3.706571496993545, 14.261104766440251, 10.60656303455941, 4.982230945138543, 6.872082690666168, 7.695883668738771)",-0.2873305520711724
10.308437023549345,10.796570712341026,3.4092058323010717,"(13.88558790894186, 7.6382917317411865, 17.399027281554325, 6.091667754599664, 17.4453880761721, 6.081137139218722, 8.780937709695975, 12.08681314756213, 11.697256159134081, 9.064320600729282, 6.872305552913013, 15.44974531672676, 10.761345590084554, 9.869795050856125, 13.318659298232356, 7.96689266627337, 10.283988914146676, 10.316424256367194, 8.643564052234208, 12.278266039636954)",-0.1431810552964504
13.958268675872084,14.004019042424208,2.149155303147573,"(16.90701530070558, 11.340126558538056, 13.984670242983288, 13.703959290444919, 18.301111239858056, 10.478732331921591, 13.149807176429409, 14.587977415212757, 12.213275069539794, 15.69491586228821, 10.723511569887723, 17.89625531734982, 14.329331194936412, 13.39952642185223, 12.175638017765861, 15.752679322992375, 14.430951317789095, 13.288646242907594, 13.314763070242796, 14.407487884838588)",-0.021287603778619178
13.76461247321972,17.97259483244007,1.6376766369337634,"(18.06683823460015, 17.73338776694693, 18.988071386734372, 16.870439803120554, 16.937805292644256, 18.918765077808473, 15.699363271328183, 20.41372277510348, 15.597678576243652, 20.53869550178914, 19.442916879264878, 16.488980101824236, 20.099840527398747, 15.957744661973463, 19.637282765406773, 16.319064084452947, 19.47128397856731, 16.455865475428354, 17.50730780427641, 18.306842683889016)",-2.569483049534731
17.02459010842774,18.43517931939887,1.1494996461605795,"(18.42688781764847, 18.360574984036067, 16.675556647675347, 20.280494484031248, 19.391956531779446, 17.456033467750217, 20.604034524162774, 16.434851879821505, 19.533351252743955, 17.31594542264994, 19.251249213358275, 17.608277553378294, 17.552435285603664, 19.34105202017147, 18.963577516149726, 17.853429437013016, 17.604222166075775, 19.223757838862397, 17.82988149491306, 18.99601685015272)",-1.2271332276461406
18.653420322729932,18.57358170466216,2.589666667717178,"(18.04419632458031, 18.739056365431, 15.131262928462428, 22.328693996661787, 20.16986525921473, 16.781277007474554, 19.16332900123795, 17.674564421806014, 23.044137436384297, 14.66566906858171, 19.79850825406035, 17.14243380607326, 21.623223820237076, 15.740757514312742, 19.58869271120848, 17.284906112093942, 22.762275678942807, 14.862624975330345, 19.891912108629707, 17.03424730251975)",0.030829689034129786
18.24245157594308,20.460890084546577,6.259676451229426,"(14.915820243705495, 25.55838225738664, 16.136970449618875, 23.589285749983038, 19.054939264512555, 20.054473072880707, 28.78681094127729, 13.292488402226184, 26.60570499816511, 14.313598244781845, 26.356770993933164, 14.58848108605825, 24.531646580139125, 15.782957273384033, 33.25827134864461, 11.497707626081663, 13.73528476662289, 27.784888950091336, 17.566589246877896, 21.80673019456077)",-0.354401465616931
19.704803207303605,19.947579557867922,4.7357433170176595,"(11.376059356827465, 33.181399795535185, 17.93156747151017, 21.04050683554452, 16.57325452325722, 22.794224002816108, 19.623472537658348, 19.259672751381004, 25.150932359297776, 15.003104242666506, 15.848584265254237, 23.885557360172392, 25.402064693580755, 14.936966942389455, 21.514127879181878, 17.56327663379358, 20.677818377097214, 18.261488175835556, 20.333662353632583, 18.593850599926487)",-0.05126467680203687
37.62940887311958,37.027742577661265,5.186259873434829,"(39.059985696382235, 34.44627521640734, 37.75716611263952, 35.64293143015352, 42.364392356026464, 31.768881557604544, 35.684511559068675, 37.71194360489567, 28.064152884474943, 47.94386194134902, 35.10541593788429, 38.359209309500805, 27.979740068817467, 48.180633786338056, 40.47611435923942, 33.24951810431319, 37.56762522744695, 35.81362041146736, 36.62965749241599, 36.749214496799766)",0.11601159798030626
102.68966428478466,99.88792142814084,9.04484215873755,"(103.94494426132448, 95.25195060019836, 102.7856110967263, 96.32642738317413, 89.15915594830304, 111.04824935918808, 94.53001186190806, 104.73881631052285, 99.22719055149061, 99.78072685985941, 107.4389487440375, 92.15450509421717, 124.67379533561511, 79.41540832911315, 104.39091298143454, 94.84508613979006, 97.73159471376012, 101.3076258077807, 99.6473514361167, 99.36011574825656)",0.30976138748173254
3.1221401900616144,3.9937156438569135,0.9951211098671628,"(5.409910907847106, 2.7766554503576963, 2.2516168133586496, 6.68508730817842, 4.29240902097154, 3.4967277963839054, 3.31200553015888, 4.575752276575973, 4.6652755115646185, 3.237209184137894, 4.576711746456052, 3.3040155481575044, 4.561355965739721, 3.307901603774379, 3.565662772466057, 4.189167502080811, 3.3556766195763017, 4.496825526239356, 4.3442455637593165, 3.4701002293540832)",-0.8758486229999124
7.04181206734764,7.036433773120734,1.1773547258945254,"(6.770902258150097, 7.109044360493201, 8.158266768769044, 5.906914027546223, 5.976042435508176, 8.048677402421934, 6.903033224210541, 7.009093756347952, 8.582883946080306, 5.625425452988745, 6.701850147138916, 7.2093133286188396, 6.725547886982319, 7.17621001902865, 5.010506259229925, 9.576659200353689, 5.75969540138258, 8.378621114046686, 5.8396412489892455, 8.260347224127623)",0.0045681170751823265
9.375174319494844,9.023701822725034,0.7369367717933152,"(9.985111710999098, 8.096055526172247, 9.260446518227516, 8.734886582907288, 9.747458484463877, 8.28845085388493, 10.138640094275287, 7.996250943876544, 9.852993230715303, 8.218054170643919, 9.048890452582112, 8.95144332793438, 8.059948583065493, 10.04530007194703, 9.159261529647349, 8.811704305679857, 9.90066055989104, 8.176171848582275, 9.287640935061276, 8.714666723943875)",0.4769371134982338
39.603121183352734,40.003179044065405,1.1331886323379954,"(39.13597568998296, 40.8584737133997, 39.47223621147713, 40.51036675673809, 41.263808924208, 38.75130770854524, 39.92724543779719, 40.04877451811271, 39.99781931726657, 39.978050520077794, 40.70794182888181, 39.28063456488213, 42.350238862221424, 37.757491258132134, 39.39113165266739, 40.59384686031191, 39.97283637387574, 40.003047305179805, 41.89048902849072, 38.17186434905941)",-0.3530373049077201
22.145934062774693,19.988392401909024,1.9352637969032023,"(20.574519965971437, 19.246618729337392, 17.924792718643513, 22.091763128305164, 20.01186653884178, 19.785722165077487, 21.622629872828494, 18.315062417619423, 21.128357861497967, 18.74255002907737, 22.2685570310788, 17.782844313421723, 21.583932913834193, 18.347623869512944, 23.920371918789844, 16.5541907777777, 22.041921772878865, 17.965652919595282, 21.012987451255466, 18.845881642835657)",1.1148566228119152
6.806213889944627,7.517458430170676,2.0422468746232583,"(7.762820349789532, 6.777070638889819, 10.173439335519927, 5.175580324025508, 8.059218557692985, 6.524117812400004, 5.847424129890955, 9.03114669187959, 5.289532730509997, 9.968198070763737, 10.125335367626079, 5.21005612452138, 9.28170048361404, 5.679267979050469, 6.823074718906863, 7.692894282774048, 8.562379629757746, 6.155736271613697, 11.710712583418209, 4.499462520768956)",-0.34826570140167584
10.916725172965258,10.643876915213024,2.733153420666061,"(10.500540836490574, 10.1429397213911, 13.565636453604435, 7.853102132486304, 11.364223058295188, 9.36886180907141, 8.925522783908706, 11.947327244971042, 11.822824597814337, 9.014623840105136, 14.641810688410187, 7.280021107264495, 9.690516319673025, 10.998260508223495, 17.430055967839564, 6.106498954677589, 13.010739733158072, 8.19056487098101, 12.494907713966063, 8.52855996192877)",0.09982910424609141
15.33792424905377,14.046670479473542,2.3647742431635455,"(13.377266889530622, 14.35970813935346, 14.103339284010874, 13.622225163018658, 19.90959235056337, 9.643680099738342, 10.97830151502756, 17.51259733577569, 13.621776151537684, 14.107864177831775, 15.871873779483114, 12.108579152689337, 12.086677581939334, 15.901539142996837, 14.83410460581143, 12.944522389989706, 15.70475320293959, 12.235682615715236, 15.993711983153341, 12.015614028364842)",0.5460368038569364
22.932155942515386,18.00938155150105,2.111825061302065,"(18.599293037321722, 17.214181052040104, 17.154862486774924, 18.664134816504497, 17.845120850637688, 17.933861474832533, 18.939679512824306, 16.91187691334029, 13.350058430778288, 23.98661239999733, 16.344543043396953, 19.59207744291196, 19.529930859380705, 16.398919067738206, 16.097075415673444, 19.887364247663886, 18.815178645551654, 17.018840273256863, 16.52815208805866, 19.37586897133703)",2.331052169623915
14.901429331098287,18.51679564301946,2.1217142261594155,"(19.136172341562936, 17.69216897781172, 21.980409580388265, 15.403855894385863, 19.624974324977902, 17.22853830983629, 19.21269421199707, 17.64285356840321, 18.937124104645065, 17.886003559661557, 21.867035175242993, 15.489462012839217, 17.815534025980746, 19.020708962051575, 14.753053559556495, 22.94003550922283, 18.179893731545146, 18.629370710838835, 19.68692631223136, 17.20909798721007)",-1.7039836314174441
21.079155409452497,18.456958612147215,2.0810139503666814,"(16.81649020279313, 20.005236274136628, 16.56630975982264, 20.30996169031182, 22.751243525177085, 14.748501931434998, 20.082423377359444, 16.79089098213977, 17.62968999578304, 19.09873640326316, 21.633341545189566, 15.564069041680284, 17.87007484359336, 18.858577534983166, 17.766514411042632, 18.921989697237613, 20.434039014531415, 16.47486566132907, 16.997725744189026, 19.81849060694641)",1.260057289305169
17.87361293430239,20.535904099770242,6.8842009502599595,"(17.016237958197298, 22.19718519031893, 14.378271324941641, 26.272847618804455, 14.159800130846973, 26.50778292570861, 29.39208681210389, 12.913785628902351, 13.404310124254115, 28.22386383624356, 18.678721599903948, 20.251710040253645, 13.356755987477072, 28.387490917985104, 32.53095106745506, 11.595625383342895, 18.771204748291737, 20.14806856782544, 12.698096984150839, 29.833285148397156)",-0.38672478980546315
16.626340053041066,19.710718561936176,3.5670757945910965,"(18.430174406457567, 20.435171238532497, 27.060738476574226, 13.918299410237788, 19.057479262678036, 19.721754060530117, 15.081535594014987, 25.012821057969628, 22.273895131385437, 16.91778020128119, 18.52971004187382, 20.33547473492048, 17.636489751668407, 21.381817532642298, 18.41894220691723, 20.438723192105954, 26.301673652106516, 14.325548327582254, 18.046728811161938, 20.88961414808312)",-0.8646798348305579
39.12160822778161,36.841596852672915,3.8760173458088,"(35.449322879923805, 37.89386612240409, 35.50609097200337, 37.82878906040649, 36.14364924058652, 37.13501091839993, 38.403466012189575, 34.98300425640248, 44.307085056555124, 30.31511111852616, 33.60233057679085, 39.96917672923173, 45.790570157999234, 29.342851722358315, 35.7207796634378, 37.60967154042633, 35.20985675645487, 38.14889631403677, 39.18747160498058, 34.28493635034424)",0.5882355964103477
94.24085528788876,100.14339538484882,11.694823658574084,"(84.38456404847291, 117.33249465378563, 100.68637758883392, 98.33551181289185, 99.44213916660419, 99.56569117607556, 99.91260552065287, 99.09710876944055, 94.71355345654334, 104.53673279812224, 115.65456119062262, 85.60874733970022, 95.71637573135357, 103.44161247617093, 76.34703504710124, 129.68488923516182, 94.83990429599702, 104.39748149923878, 103.60638895820082, 95.56413293200622)",-0.5047139032859715
2.8119658069913527,4.138476118087463,1.4138211516922174,"(3.0479939659807895, 5.061511065723411, 2.7966004321324505, 5.478962378750216, 4.121344635154806, 3.7318035113812162, 2.5224832861334705, 6.082059118574962, 7.638356226485435, 1.9758131544579192, 5.342640548314265, 2.8940573133682395, 4.329930040433725, 3.5467135810330848, 2.885894809277724, 5.31209863979399, 3.306680208197368, 4.645572297900775, 4.905569006289923, 3.1434381423655062)",-0.9382447769354676
6.041551803830856,7.002289073137174,0.9183239890887841,"(5.450766325983465, 8.87657346638784, 7.704798927042054, 6.254709931325999, 7.083422963322228, 6.81796861942781, 7.314291951060675, 6.5937095358188635, 6.59396630818339, 7.246253268326119, 7.184508558751585, 6.745685648532481, 8.863988482282137, 5.444380025760876, 6.118668241397668, 7.878482896560945, 6.391011421687622, 7.5514225905190315, 7.35350149151234, 6.577670808860325)",-1.0461855300759577
10.287974197636306,8.982153990793242,0.7169758582748756,"(8.537472408073045, 9.407910163863665, 8.367091679628931, 9.577812731826716, 9.216021055010813, 8.70572156954239, 8.031206343162403, 9.982943305644289, 9.316104632366994, 8.562957881908876, 9.580264809150037, 8.394159234795561, 8.117583161478402, 9.880734364117098, 9.788721645852936, 8.18826527640917, 8.915316953249254, 8.995979008383454, 7.859323906980736, 10.217489684420066)",1.8212889482569388
39.30684693337414,40.003869033063125,1.1648653180544049,"(39.67032454483369, 40.307714390257324, 40.93512198127882, 39.06222197125248, 40.04088611551531, 39.934577591941306, 40.286155937613096, 39.69151875926232, 38.588116211989046, 41.43828179048129, 42.06901508662124, 38.00997045853106, 38.17697738550628, 41.884454434512335, 40.50143045755748, 39.48052729929073, 38.65767972254798, 41.36346778539017, 40.36449888531359, 39.61443985156694)",-0.5983714073084216
17.47236267964396,19.98390936018212,1.8599045932443667,"(22.498406447768005, 17.605535849533858, 19.398159483129852, 20.41748621918393, 23.288421528405223, 17.007224372295457, 21.0561830538647, 18.8102809878805, 17.40900215423161, 22.74910974371756, 18.968386568382805, 20.886111630882148, 21.394785525737877, 18.513264939669064, 20.53408340291792, 19.2882465437039, 18.162505297922294, 21.806861365364487, 18.67682472723804, 21.207307361813147)",-1.350363179735519
5.736678876694735,7.4476044206049075,1.813483851266697,"(6.804126425641809, 7.7242220489886195, 8.179058329661476, 6.407373213982842, 6.33630091114096, 8.283454451665122, 9.724487349758979, 5.3920918165060385, 8.725302773650945, 5.969811340570718, 7.905894307145924, 6.6559591407996574, 8.038555514428655, 6.525992789315397, 4.933542294783272, 10.624752311729042, 8.93451922849773, 5.8716764669204276, 4.6746352441424115, 11.240332452768117)",-0.9434468041803136
11.570853779127901,10.609878714710732,2.5587554758853317,"(11.128672696223479, 9.5901161185168, 7.093833457245447, 15.030004654221443, 8.0063929426355, 13.32342586012505, 10.603671838859038, 10.05713610673528, 9.64092755304138, 11.038433750236456, 10.110697804860049, 10.562644451036054, 16.753805178957766, 6.366528210522626, 10.881051032413998, 9.799507229909805, 13.496569501035498, 7.902435747897478, 9.153529574305407, 11.658190585436081)",0.37556346179764266
12.809340214765955,14.046104052016553,2.3603974650862773,"(12.13925854887708, 15.829893725245068, 11.731085136265689, 16.36791202544413, 12.331134555102647, 15.576670485042508, 16.807547783228994, 11.426417742328223, 15.432249555236083, 12.427670782585128, 11.27995195616153, 17.05100771166958, 12.801589799333714, 15.00519712854346, 12.563379418089305, 15.284731512360212, 14.605769092283722, 13.149351265635024, 10.113888830675858, 18.99737398622304)",-0.5239642287132312
18.292694332857597,18.027054906324064,2.2768101746042557,"(17.350986067656432, 18.452930198513315, 15.36321145559586, 20.831120661528544, 22.23579021132876, 14.394850831821508, 16.92059788797894, 18.916285232624197, 17.74220740395599, 18.030255480082396, 17.259699583185935, 18.566076858288305, 18.62451348247523, 17.188502665386476, 22.515999043290076, 14.21436122702051, 20.519781190858833, 15.597757177858321, 18.657558492037396, 17.158612974994167)",0.116671749580399
17.8236861296927,18.520030687940732,2.2500078036212567,"(14.330741216440762, 23.61697482843588, 16.860479036147044, 20.046975082194685, 18.733586549825638, 18.05017434252652, 18.554426817038667, 18.223962859408278, 20.27513484938131, 16.651625170180065, 19.36088564424524, 17.526771680357594, 21.627754596457635, 15.642186436861849, 18.296170920755564, 18.476995236957283, 15.501482251895721, 21.810071416755562, 19.114201174659932, 17.70001364828944)",-0.309485396951649
18.34383185507109,18.525195615148323,1.864597149641646,"(18.2161234959644, 18.681848291939275, 18.76896856790425, 18.084738994925246, 19.632656343307364, 17.303365538473773, 18.135657028889373, 18.73078749688158, 19.65922962775621, 17.227539064967374, 17.31958348932126, 19.750266542382054, 14.890953312126731, 22.834755169101694, 16.20630220505796, 20.951335306483614, 17.72249944762163, 19.1621442792252, 21.13625753633116, 16.08890056430624)",-0.09726699416658899
20.669188899358286,19.873060348552606,3.449035155470354,"(13.63906622745718, 28.21563548477264, 21.3846647406501, 17.896586868532207, 23.529933528868398, 16.290919269215063, 17.935362367608388, 21.375452253539112, 20.39606390682156, 18.69239809763904, 18.96252910683562, 20.54400042983566, 21.266536061143807, 18.06821785653454, 17.278153195668008, 22.166687708039305, 17.7680112989626, 21.55940564045975, 15.173365795090213, 25.318217133378855)",0.2308264528829105
16.62464927349827,20.371536505078463,6.441443840814924,"(18.728715183981016, 20.125145460915125, 14.131355801124696, 26.623537373145957, 24.593094680778496, 15.306259459448299, 18.163822330022345, 20.72483928347979, 12.407982899825994, 30.28191565444113, 13.049241214048283, 29.000512745434573, 25.468155317361095, 14.791975622998908, 23.684193137895658, 15.889066380803026, 12.136995653713422, 31.00803292415685, 13.583400249016856, 27.732488728977717)",-0.5816843745246661
40.24548623653846,36.949233863660446,5.039319553747382,"(34.08783389037338, 39.35561834023251, 30.940824888250514, 43.34523392083366, 36.764093991769585, 36.47728653711513, 39.717582191496625, 33.77238857217342, 31.932801208528378, 42.02540146549516, 34.27084692352534, 39.217285645852975, 37.59156353772064, 35.69199997259864, 49.919344555826065, 26.86839328840094, 33.90636642780434, 39.550915239587916, 33.43380702955736, 40.11508964606639)",0.654106638350971
103.31522067178274,99.9073515547833,9.22046163313124,"(110.85126643903757, 89.31786824564558, 91.52859910984391, 108.17377232223146, 93.162826882544, 106.27617271525324, 96.19932151054869, 102.9217067456308, 88.88734524639568, 111.3884928723604, 94.61665393791375, 104.64395523469626, 113.55530629589246, 87.19105205702448, 116.1016084670794, 85.27871944619261, 97.75465582174301, 101.28406360780826, 98.72091878873373, 100.2927253490904)",0.3695985355824461
3.53762060686659,4.193201033241972,1.0345364996587112,"(3.4023383839634227, 4.890174071166602, 3.3622934784162988, 4.938820102605652, 4.909155116925286, 3.343633858659369, 2.3492153056330642, 7.069933340265811, 4.9461799874181045, 3.322050523744896, 4.248798969357016, 3.9133967044442097, 4.688150413659967, 3.55551187037563, 3.8337283020244097, 4.475590202991117, 3.9147215969764444, 4.20957486822609, 3.0800184116721114, 5.410735156313922)",-0.6336948252590944
7.458143326380901,7.225836915573415,0.8010037050009815,"(7.90907371424086, 6.526311336950748, 5.824329299096117, 8.852637287955606, 6.3513194902157295, 8.06290520882393, 7.287307057500947, 7.078268884026811, 7.736261597875362, 6.622726146986207, 8.262457397121139, 6.245044377775177, 8.116473924246039, 6.3672551387300445, 7.031141947650349, 7.481485539593963, 7.8353131282479564, 6.549636523562963, 7.2461789493444595, 7.1306113615239095)",0.290019146424799
9.67111221001988,9.161473603872343,1.1858317655331465,"(9.436511914786523, 8.756884065986583, 8.884847993305494, 9.294395440574721, 7.95343452182195, 10.336608769581789, 10.470941022021082, 7.8908943507669544, 8.636085050474074, 9.521450639922566, 9.34678306608511, 8.839311720679836, 10.07657662558376, 8.208156668215116, 9.331250855209266, 8.973059576934554, 8.766699649145076, 9.388757763484534, 12.502720735415329, 6.614101647452534)",0.42977311028466536
41.70976339362062,40.00071256110306,0.9889934251780766,"(39.397836179583685, 40.58904468840267, 39.73853515701444, 40.24109715699822, 39.2558627551573, 40.73557092500792, 41.57858216459169, 38.46069276195734, 38.51238590932994, 41.52178963978513, 39.842598159657044, 40.13600102523968, 39.41955878011491, 40.56691008141473, 38.444260751889104, 41.597975100394414, 40.62656869061641, 39.360983997475216, 40.62111159753685, 39.366885699894475)",1.7280709750015102
18.501752965443156,20.004026846213133,1.9334792998014445,"(23.13272528871123, 17.144789547974057, 21.656988226129158, 18.3129764480766, 16.792552277090113, 23.6135081478011, 19.095913710555116, 20.771988724007116, 18.114699784421536, 21.889086883326755, 18.97119900866879, 20.905871357193416, 18.533084498925756, 21.40169355087659, 18.074133730820655, 21.962216103333716, 19.02700952150422, 20.839757640485892, 20.350255308731448, 19.490087165629273)",-0.7769795523149642
9.25990658847171,7.571446355566723,1.919779482781174,"(9.054975284326522, 5.957432164902484, 6.425008293888907, 8.39032937618717, 9.876417819577114, 5.435113846434078, 7.614308263238913, 7.081795729541938, 6.759559114967956, 7.943595743769087, 5.21839358509709, 10.335192514794812, 9.591297931270175, 5.628616243346335, 4.70472090151068, 11.60278206707234, 8.004397042191123, 6.71494662199514, 5.82791642165439, 9.26212814556817)",0.8795073851184845
11.098671804142523,10.563279380960305,2.1231867805977487,"(10.33841707145688, 10.394301068438256, 10.625401480284854, 10.11140520099373, 10.916177137793493, 9.827096156843306, 12.441193228846181, 8.638021663400698, 9.182262271922564, 11.683158292474266, 6.740304753429093, 15.942170275745353, 8.629024930195989, 12.457726253497464, 11.576890792225973, 9.326294451295354, 13.806035290329868, 7.772756705809887, 9.304175899276489, 11.552774694946365)",0.2521645425050579
12.029892100123961,14.056447439725625,1.9418835274321264,"(11.611362462466728, 16.70778452255513, 13.146460905952274, 14.754834454221287, 11.888224965628531, 16.294780589449363, 14.679564940827316, 13.220668937683653, 17.164182096187055, 11.28506794738529, 15.836049001603905, 12.250461187669346, 13.183529377886424, 14.721457648363696, 11.353321515816182, 17.17091731164858, 12.51075724696825, 15.485651910810995, 14.137354231090056, 13.72651754029841)",-1.0436029303371788
16.37059875444004,18.007359339624013,1.4325512662832174,"(17.8979564983255, 18.005983137418102, 14.829053188553505, 21.73140856911521, 17.388786337079633, 18.516169581497376, 16.469872906670783, 19.577541878355987, 18.642000210869554, 17.26870888350753, 17.93823674190238, 17.96607518228718, 16.475246470585258, 19.56800508299746, 17.289162610824985, 18.71154124329375, 18.79620929159237, 17.12829839023092, 18.807733913218428, 17.13919667415427)",-1.1425493968048923
21.622868474710884,18.721232592594443,2.2980884580396967,"(14.193506658646648, 24.32921202971742, 17.282262515702445, 19.978739158338627, 19.02314781651551, 18.101533198850824, 20.797117799697105, 16.632999736062423, 17.778699610259505, 19.3583844670757, 19.745721987035076, 17.490022758817762, 16.768138156223696, 20.617534592441167, 16.625998033043373, 21.02159108054421, 16.462880453439592, 20.909863866559657, 20.19389763024279, 17.113400302675345)",1.2626301968339282
16.466809750562547,18.960150969056183,3.0101093665599166,"(15.067544024808306, 23.262945262297922, 21.76182852704888, 16.103464528743245, 17.18802857189161, 20.278972097466443, 19.89898922309224, 17.677554309323597, 14.48226837744892, 24.041748772014042, 19.743939192257695, 17.756966530952194, 15.597440104557423, 22.525402570840708, 23.57902454820777, 15.231095378166827, 17.046596291545935, 20.4331013812686, 19.75503349178672, 17.771076197404565)",-0.8283224676793505
19.338155448520038,20.718784465041956,5.218536633983014,"(19.42115496028095, 20.76732346216557, 20.102297544874887, 20.058805654823807, 25.82724662025276, 15.433783686183187, 17.365499400942046, 23.431860854664116, 11.575050675918167, 34.34273329262429, 15.130311509187154, 26.673328760442125, 27.134168396311207, 14.94460397176577, 19.454698154879758, 21.895304751099378, 24.011651969260107, 16.565018616071395, 19.903748054494038, 20.33709896459836)",-0.26456248434307966
15.471012826935292,20.246547746379136,4.913172673800849,"(22.018819851464176, 17.589030540256587, 14.419109441501709, 26.856665730580282, 14.865795710180533, 25.95128674966516, 17.2885481570389, 22.4633992739471, 19.17083084552607, 20.10650522443616, 12.853512502714615, 30.13664629686261, 18.372949648369996, 21.115813109910125, 18.349770168227188, 21.48125951101747, 16.54988775314197, 23.2958760226931, 28.38553523025992, 13.659713159789137)",-0.9719859725079583
36.51124892276065,37.15033794619092,4.999850842769274,"(31.846690158019126, 42.57518488540974, 33.76249745067602, 40.16459648597948, 33.98147427216106, 39.86369526121995, 28.194726656997176, 48.17043453829663, 39.65391261741712, 34.14235711784883, 35.81704857811178, 37.861856561959264, 36.57127059532052, 37.10317874760031, 44.20467596285543, 30.8858599231963, 42.20217581452768, 32.077258590385576, 40.08882677777174, 33.83903792806477)",-0.1278216177897619
83.2569488927003,99.79923288858117,7.877257749029975,"(98.11123277961578, 100.9179650920084, 104.52731207602218, 94.72349586901363, 100.81240524041911, 98.21375067678251, 112.2832734281533, 88.18095801916074, 99.43326739135829, 99.57577069648302, 100.18764839107422, 98.82647657865782, 86.89230880714308, 113.94807088316121, 94.27689135865681, 105.02473338996894, 104.53294121804326, 94.71787768447754, 113.77016489470178, 87.02811329672214)",-2.1000054235775054
3.3136035992798876,3.8320346355768926,0.6776627728305163,"(3.2747921861409055, 4.393400300188485, 3.54601177991324, 3.9378526951928094, 3.3310825446103203, 4.28962474096916, 3.465624955174728, 4.079870361151523, 5.24781883658769, 2.716924246688909, 3.1160777946291836, 4.598907616756789, 3.207454023801827, 4.4946480107678255, 4.762144868812444, 2.9823587369222357, 4.138613692757263, 3.4507970488536532, 3.3881108975524996, 4.2185773740663555)",-0.7650280597996857
6.895493557664274,6.888438349254365,1.1699302357716501,"(6.374581502541468, 7.284660469260672, 6.110848454692462, 7.463525083145151, 6.8949911706708615, 6.705646330965693, 8.815337533138527, 5.210044065881547, 7.8198571967645885, 5.90653849907494, 8.518934080540095, 5.4370357182004865, 7.762940897218659, 5.987709945979947, 6.697296636573416, 6.878638099381954, 9.148817611962654, 5.0508134289851405, 6.017316980079065, 7.683233280029979)",0.006030452239107867
9.264417760341217,8.952031947803656,0.9347419742512165,"(9.460238522476546, 8.4156550210412, 7.913715817110809, 9.946984491625466, 8.747628741631019, 9.075018454130696, 7.121617599997405, 11.097933930941453, 9.453395003969813, 8.393847198683723, 9.75644155993138, 8.146019869265842, 9.761449427631769, 8.1597357847964, 8.333884781983265, 9.504162070932528, 9.513988052314426, 8.339579868131679, 8.096889774636084, 9.802452984841604)",0.3341946987967466
39.20753401530477,40.0040892167402,1.2172092505208283,"(39.23058418203311, 40.75742980488058, 41.04393462094177, 38.95573006335724, 39.67655072525967, 40.29894335282184, 38.63690217679111, 41.382748410017186, 38.216556957155355, 41.838607123365186, 37.832486857602646, 42.26339091668557, 39.16142312563262, 40.829360738479856, 41.20042969530803, 38.80823788025217, 39.71789751033816, 40.256844777591034, 39.81334597939473, 40.1603794368959)",-0.654411064568059
20.752345039473308,20.03655296819886,2.490950860208098,"(15.095388387869376, 26.217596932448146, 22.01861467069995, 17.962057791970814, 21.815308062786272, 18.13769470714908, 19.49793315807845, 20.28682559094612, 19.00575521137432, 20.819727297348436, 19.465205357028886, 20.32927072187361, 22.510835295057117, 17.580845019360915, 17.441567321906014, 22.683255716479856, 18.494105609148278, 21.393269890321317, 18.0241230877293, 21.951679534400935)",0.2873569618369154
6.182797892856204,7.317503721692029,1.5055564663106562,"(8.313273972692077, 6.215779735630533, 9.718436718116132, 5.239952569534367, 8.541072112874362, 6.028552277800959, 5.005432218967528, 10.231008143313735, 7.161925232062506, 7.1837531968244965, 7.580988192345183, 6.801878360851135, 8.370225248090323, 6.1782402626242225, 7.223740250996771, 7.10704465589342, 5.982351913438919, 8.602788244436294, 9.367173151669801, 5.496457975677821)",-0.7536786923816979
8.892634882492873,10.355678890233216,1.2613014472229023,"(11.065921658128367, 9.57314616922834, 9.751834201388773, 10.80389349144291, 12.16024391991807, 8.699012009674256, 12.36430625723413, 8.536504907727652, 10.526894999479904, 10.047445507150913, 9.35254697481774, 11.316967103225885, 9.283849391195844, 11.412634858256613, 8.534063074572849, 12.381983908488913, 9.873220409093118, 10.710608433874818, 9.115097582954803, 11.603402946810423)",-1.1599479339071816
13.875386076222092,13.942258416129162,1.9478564730094368,"(15.283592391620957, 12.506506962519099, 16.04684882070651, 11.854610040573895, 10.83409746087185, 17.618248084421868, 16.561089758185144, 11.501316589177994, 11.722642271528482, 16.283793607640785, 12.467040636812406, 15.318931703273273, 14.523944905912527, 13.161045200225484, 13.901592412388766, 13.71814440485087, 15.271633756782169, 12.493776933519802, 12.456745714116755, 15.319566667454572)",-0.03433124608187991
22.142870441403048,17.88276936784224,1.2780971022366956,"(17.233657563946103, 18.4890595598709, 19.64328850566, 16.169653616704842, 18.99531970205088, 16.757678685362098, 16.823209298845168, 18.893021925089837, 19.002191729038376, 16.754013541200123, 17.51605113952448, 18.1800446029571, 16.899921055919723, 18.853398871191743, 17.276228029122382, 18.41447255527449, 16.068867613362222, 19.80293987287254, 16.03406302315654, 19.84830646569535)",3.333159167723286
19.64655782306611,18.380677907263713,2.1507293612210634,"(20.098662348709688, 16.653535228627486, 17.610501995154028, 18.830415189441, 16.7471995898448, 19.92767457473474, 21.778835027137664, 15.256181723618754, 18.12230432395077, 18.42377606460554, 23.21917632754838, 14.389865272387736, 18.692679638144625, 17.9037124273494, 20.749998790572107, 16.056201909607623, 16.940997071605754, 19.680043278162273, 17.912051409581878, 18.619745954490032)",0.5885816870439253
16.27127500509723,18.255108907426262,1.5355093869346,"(16.553630777433288, 20.136728275329986, 17.862513118683214, 18.32970606550351, 21.63947264886781, 15.317322200242511, 19.026384582109934, 17.27356890463492, 18.594178424795277, 17.841085763096423, 17.603488119758627, 18.871290427258334, 19.079030718994776, 17.46683793097002, 17.1102248693112, 19.308652784457923, 19.19467549158522, 17.235163059591628, 20.54432626227208, 16.11389772362853)",-1.2919711980982678
17.378853973183215,19.28311059539787,4.968090730569472,"(11.47488006452516, 30.96934825163375, 20.779495470982507, 16.403284149775967, 22.1428209646085, 15.837302252789838, 12.328824371568583, 27.88197184040661, 17.99134247715232, 19.53412082165603, 18.87194149448703, 18.680425688482394, 14.334920235937217, 24.77292734235034, 24.855377799404806, 14.002422614824715, 17.88260242324683, 19.52057019590928, 18.77050981721922, 18.627123630996316)",-0.38329747290995553
26.204361948304555,19.792661961973415,5.249924287991926,"(21.112347938780392, 17.477834015823735, 15.708097277099773, 23.169591484409306, 12.97209666575059, 28.320578652065656, 18.428192002748123, 19.804156370192786, 11.213637483840744, 32.785999975862595, 19.09652662534824, 19.271604954026444, 15.679618403044115, 23.527774499123527, 24.524629084073602, 14.942578147592988, 14.927188988674306, 24.573673305091898, 19.35476685640642, 18.962346509513043)",1.221293800559472
32.88536641549409,37.057050877768475,6.4053967572021655,"(42.01308786318814, 31.840894743357094, 33.982933913886654, 39.22079706698968, 53.095940343610266, 25.16204661378081, 33.949506529034615, 39.27687166929444, 34.21885437883618, 39.05771428363042, 26.999776729062066, 49.50852628036603, 38.1729047971716, 35.03839183626604, 34.41322846697536, 38.798150363068416, 34.15119460952525, 39.10027841533438, 35.21935283331833, 37.92056581867356)",-0.6512765126662582
105.90795248954592,100.70942969658299,16.28773894016846,"(91.15568776848863, 108.61521122106528, 112.21763833804575, 88.22850865262306, 113.60214548820744, 87.15379210382122, 117.74296420124627, 84.08828280560553, 101.5228149131822, 97.52359769840443, 95.21948076554364, 103.9794914384692, 109.96369599004151, 90.03779623236154, 103.8132254396843, 95.37167658825952, 101.18245097789101, 97.85138386216337, 148.03855327548956, 66.88019617106572)",0.3191678606870627
4.472027028510574,4.036402348868055,1.2462075639839976,"(4.425633467432733, 3.3594295664761646, 3.142847249805374, 4.751624044847401, 5.337378356545173, 2.7955427042897307, 2.4151728176781773, 6.1634473418972355, 5.134779752675375, 2.911254170299107, 3.7769948362028503, 3.9329842355573166, 4.718216469040184, 3.1652469357018687, 3.8664953270695284, 3.839005210593905, 6.728439686168237, 2.2091055820326844, 2.8493795905129318, 5.205069632535111)",0.3495602917461611
7.7779010417573025,6.992948850567441,0.5963029268424573,"(6.770016466688397, 7.168158477194497, 8.122783467285512, 5.988721264837735, 6.187124507547047, 7.85887900062496, 6.327838728327762, 7.673110728096479, 7.6220429730520465, 6.3856575189907225, 6.62291643505705, 7.324303695669552, 6.338503408798058, 7.674660942240408, 6.892685841544883, 7.034310562628938, 7.252365267748873, 6.690633717709844, 7.031859214254585, 6.892404793051433)",1.316364813680087
8.367095720391111,9.021120117551517,0.9850870406501467,"(9.788503388698615, 8.216938725864793, 8.046277250928059, 10.00960838073901, 8.625344508645576, 9.335530638054957, 8.607243159347497, 9.34633415883445, 8.994500160350631, 8.957161733748661, 7.3579182846640245, 10.929151234425436, 7.480768815414405, 10.766297919874269, 9.907991766804301, 8.11368511264322, 9.410389834009656, 8.546700922568585, 9.670595975756447, 8.311460379657754)",-0.6639254910193079
39.5550826520242,40.00478005552766,1.1767217054255992,"(41.31232084399563, 38.70680228684595, 41.780604854997385, 38.272928794257986, 40.66128530814888, 39.32652910887834, 41.268912835562745, 38.74740476971578, 41.10843252273724, 38.89872985511444, 39.570625491007476, 40.41052836848913, 38.54602019143477, 41.48458300418875, 38.578955849095316, 41.44922001779162, 40.11877561982496, 39.85838077034949, 40.84145134133989, 39.15310927677743)",-0.3821612208137322
18.277525990573654,19.949542496127723,1.4142229763536454,"(23.06232678716292, 17.174819609020695, 20.864798306364555, 18.984044491383614, 20.034733974366542, 19.77067993102069, 20.070889386534915, 19.733845322313677, 19.349071955583774, 20.471282342264637, 19.471690581096816, 20.34218583333329, 20.056220770870233, 19.749313614849843, 17.963979651019148, 22.048905768280097, 21.979909152404673, 18.020816841959014, 20.781199068857205, 19.06013653386804)",-1.1822863392200742
7.173689190097076,7.621794060034958,2.498497787868418,"(12.861409764893047, 4.08557410285612, 6.163316139411322, 8.541032326963995, 7.1452969759201945, 7.364847844332753, 4.109715539265524, 12.79068250375019, 9.144295120848371, 5.759089180102847, 8.143669849683251, 6.450418082322331, 6.675519584087729, 7.885775290273827, 4.746116229999662, 11.063977994542356, 6.20118782299331, 8.472862727728037, 5.836206662398299, 8.994887458326005)",-0.17934971650312334
10.296031399598462,10.421657756780753,1.5668620716734012,"(8.828274027491076, 12.038925888323872, 8.954917284464342, 11.875140006804132, 10.171808913964187, 10.45362858430911, 9.908816692815664, 10.726391014344003, 11.69755219172506, 9.092025860357037, 9.234823757867709, 11.508210032265925, 7.853951684094828, 13.539755264071974, 8.736372322452548, 12.162989032098393, 8.59152864266928, 12.370548015589897, 9.484782013597874, 11.202713906308128)",-0.08017703629019686
11.787086361074993,13.929843339351812,1.3869488390100595,"(16.510423950267562, 11.64126168714649, 15.085064734988121, 12.745550594673109, 13.334757410965285, 14.41814197282489, 13.873568877260329, 13.852384035792968, 15.545400083312968, 12.369152075701159, 14.038144149342479, 13.691519628556927, 13.046375513009856, 14.737046399461686, 14.985176953632122, 12.824255301262458, 15.107775729813083, 12.722385944430641, 11.84753479107606, 16.220946953518048)",-1.5449430563035198
19.767275540275254,18.029259496327178,2.3133680614989824,"(13.863448297181131, 23.083734716552495, 18.57211231849192, 17.233381437378952, 19.704901050051348, 16.242875750079506, 21.8568555967142, 14.639415802673351, 17.732073275880126, 18.050404550981227, 16.078980824160357, 19.90395317606447, 19.987777265405803, 16.012540711239243, 16.724961189596126, 19.13289818069317, 16.76456107342094, 19.08990988807732, 16.4145731111006, 19.49583171080119)",0.7512924868608678
16.484194953293834,18.475367901846347,1.766948850315491,"(19.557215759402226, 17.30093272455602, 17.131591225328727, 19.757301251876694, 17.590616831896043, 19.242636513637244, 17.652503724608767, 19.15848464982942, 17.709152165990933, 19.114738252288852, 20.51433255621884, 16.496309154571545, 15.827137125368234, 21.384572877194795, 22.18883121457271, 15.24583940041667, 18.632314993223293, 18.16226193541138, 19.397816699116, 17.442768981418535)",-1.1268990317388006
18.3963531185639,18.51649976975386,2.0657312058761335,"(16.50314223461071, 20.528041121958836, 17.656466521790808, 19.199864703101277, 20.506856155893477, 16.532634666821203, 23.123281239048396, 14.637295630983582, 19.537317836555474, 17.354652910455272, 18.22906035112397, 18.59004591744991, 19.35421114595624, 17.5139159644042, 21.688345234893532, 15.613930060442653, 17.795421856468717, 19.042420200620374, 17.02485022057666, 19.898241421922034)",-0.05816180287551082
18.793259740558106,20.102167421501658,5.286420797503151,"(21.87955177512024, 17.293263792998204, 13.608748339717746, 27.83755571181627, 29.699333054634, 12.759266245928245, 17.936171581702315, 21.046320866969225, 21.769333443600768, 17.40833792686035, 19.171416931403847, 19.751843292002995, 16.319379492409805, 23.207976483067537, 27.272985845774446, 13.861598659386809, 19.12674133822355, 19.795754752713737, 29.447664883864128, 12.850104011838916)",-0.24759808783322107
17.731054702757,20.155215086365104,5.63121495220562,"(28.076418398219946, 13.419159316277204, 14.68356405257961, 25.669153349829728, 24.283878767722857, 15.522655597448926, 16.84255092351078, 22.352389639632186, 12.62772528264186, 29.85165788100687, 22.895181867107265, 16.460313230864905, 13.419639803912721, 28.084466709195464, 27.04931413262434, 13.924787491131442, 20.039489671473945, 18.805255862017777, 17.232441557178287, 21.864258192926062)",-0.43048621020204797
37.36882716647277,36.8185057658381,3.507815765647518,"(37.401437340955916, 35.93821707201317, 37.04732742179134, 36.277006885263496, 39.40377652721288, 34.11067682996171, 28.990714941635165, 46.34657920741936, 38.60016999857345, 34.81686297529092, 35.956269112560605, 37.38908394697316, 35.039170993109224, 38.35436283332995, 40.50316683701662, 33.18531776379169, 36.787250826825364, 36.543136163193445, 40.41936143578403, 33.2602262040606)",0.1568843512319088
93.13204532574134,100.73644530543714,16.18122615098619,"(103.47176535751618, 95.68696117270296, 79.07041200359008, 125.21613997206406, 78.94384646141474, 125.41693395512601, 84.36468830441544, 117.35817536834978, 106.12012096611029, 93.2988984271798, 87.32922500323, 113.37447309406234, 105.89296050381941, 93.49904029019471, 122.42163862324051, 80.87539924368876, 118.81788378363697, 83.32839483699043, 111.22521950363216, 89.01672923777829)",-0.46995202395291513
3.896052260138629,4.138106452815143,1.2032489281473808,"(3.8048725522553486, 4.195884142322202, 3.928215449782281, 4.068787796192743, 3.8777643461670617, 4.110742839688918, 3.11599745946305, 5.091505349365417, 5.224979937147014, 3.0505815032343087, 3.5905986721708554, 4.383231451162874, 4.15691148003564, 3.79933768083842, 5.3582027032049515, 3.007773567332423, 4.977282934470404, 3.134912548028473, 2.051454956823701, 7.833091686616778)",-0.20116717913823573
7.027977033649107,6.9941570231996995,1.0079927546525933,"(6.618994784652932, 7.266682806771655, 6.0686091520366405, 7.929209320499878, 7.827034135511131, 6.137536650786742, 5.470862001212181, 8.752672497033348, 6.908511960893429, 6.953595164088506, 7.068679933323211, 6.739369527724548, 8.757916988305267, 5.451427746638565, 5.975107117314803, 8.099638057424338, 6.927695169331189, 6.839401636985996, 8.197107406149826, 5.893088407309779)",0.0335518388334687
9.434335376639657,9.060699868069904,0.586406490024872,"(8.534471316937054, 9.598116500259518, 9.169032213718225, 8.934019720768006, 8.87228816827676, 9.224333175728566, 9.371432508255433, 8.715982644370538, 7.904383514762549, 10.354358861590045, 9.783509950999525, 8.32444129670669, 9.257565150087117, 8.808009427932106, 9.750195031855323, 8.431586979392858, 9.178098039875238, 8.847194691609854, 9.6035711402521, 8.551407028020607)",0.6371612779283976
41.15261151900594,39.99797125568728,0.8546128921727593,"(39.94886024644637, 40.03018158556519, 41.582386733276394, 38.45729410184262, 39.88264757797745, 40.096236338764726, 39.008885500978714, 40.99397154940647, 40.265707475355825, 39.714878659800256, 40.628977238424454, 39.35910176355515, 41.26294836094681, 38.75440309237945, 40.99789385880179, 39.006393967582426, 39.57608113145381, 40.40610936322917, 40.52411494444192, 39.46235162351661)",1.3510681548263432
19.623144414187955,19.97579009081898,1.575597687174352,"(19.057461102943588, 20.819027224305362, 20.705567097731905, 19.159904412500353, 21.17754957239582, 18.732207686068644, 21.939828321613675, 18.07851461839521, 20.751608369228503, 19.117203956450965, 19.399048727036078, 20.443414768585647, 21.23802327630721, 18.673968088508712, 20.7557749831948, 19.11994944987895, 19.84680835301761, 19.98005674763865, 23.95249509830427, 16.567389962273648)",-0.2238170819249248
5.141726171070443,7.691386463990684,2.4906272068814794,"(8.08379624812909, 6.681395980216428, 5.625163717746668, 9.604102829079038, 9.98241215781959, 5.406296693484018, 15.157049733690261, 3.5533395139657564, 6.582059826342309, 8.199307498095534, 10.136942546888099, 5.295841367661994, 7.599092018794255, 7.07422219442428, 7.360553997149272, 7.3665596148433234, 5.545170641508783, 9.64832699296594, 8.703401466776725, 6.222694240232349)",-1.023702096353744
11.812321473149828,10.470504032652988,1.5092971877131698,"(9.297481178155603, 11.57333430806238, 8.252152997502181, 13.038366720644357, 9.759217330598494, 11.020978672197835, 11.323408614562446, 9.490704187029225, 10.531232761751706, 10.21342687833035, 10.783363058006078, 9.954346739939396, 7.515150446636927, 14.2900127532934, 11.373219577845447, 9.474976841268061, 11.097422222298858, 9.661490182580716, 10.21989205138251, 10.539903130973766)",0.8890346125469901
12.89584895955697,14.079376673870607,2.106554585846038,"(13.439826546385552, 14.452961212379515, 16.334923520037453, 11.887648314020714, 15.70863990214519, 12.357986950754688, 17.642560149732258, 10.993698536278389, 15.761898284748598, 12.317290806953155, 18.605345563860627, 10.414014996935371, 13.517121728956136, 14.339407704825902, 13.841334116844676, 14.05359152576898, 14.6064081004696, 13.252929023866548, 15.575437427050769, 12.484509065397983)",-0.561831021263713
19.130804500063515,18.035594769722902,1.8207671986006373,"(18.569122844007552, 17.361111558808563, 16.32335718461926, 19.74168312632844, 18.53981535358802, 17.37843915832238, 14.875845029659452, 21.64371516057863, 17.78593779458633, 18.116916058909638, 16.02103195713761, 20.08292808468893, 16.534136173756888, 19.463647642883938, 17.171655660209627, 18.79359360950333, 19.3515964673153, 16.61752858035789, 15.430806635266618, 20.90902731392974)",0.6015100289495242
18.267135568682445,18.716230840412035,2.329147711075017,"(14.811743134418272, 23.3606569309848, 19.555976950492706, 17.6701814429404, 18.870477078746543, 18.302251224124873, 24.23706304816834, 14.218829430557333, 17.179435701546875, 20.110564950337274, 19.916764437538546, 17.267366537795237, 19.187022487106066, 17.934840462176226, 18.76398575607127, 18.49975678245987, 17.735971512981187, 19.35935428797075, 17.357635693219226, 19.98473895860491)",-0.19281528157023156
17.490336512064236,18.983893246515795,3.0071802507860665,"(21.909172425706295, 16.13552172657434, 18.266490283876415, 19.302258990506303, 17.456352475580992, 20.17663776176209, 14.034806241864908, 24.987177325372887, 22.52259127100628, 15.64863606562288, 18.032526848609226, 19.36806771721316, 21.617608873013456, 16.175122448413415, 19.03555532268619, 18.690717416890678, 19.271662485624184, 18.065247945940953, 14.531516136017084, 24.45019516803412)",-0.49666352193592267
26.458341128605028,20.804296595207045,5.7466626850339555,"(14.570550485462944, 28.04367981161463, 16.812352336177764, 24.14676176482751, 10.630557060740218, 38.10204993860672, 19.05667501862714, 21.04577218346967, 24.747453947600583, 16.394306360311912, 20.960307272676683, 18.964703278107077, 17.045437764972142, 23.376524832333004, 19.660505648700706, 21.084928249504088, 16.110035794226143, 24.510828817462347, 18.590255694467206, 22.23224564425241)",0.983883141100803
15.551651452092747,20.168706077592653,4.758833118174139,"(12.419664391091697, 31.195655547717674, 20.78422036420592, 18.602200158179418, 18.11104035576283, 21.33182842143439, 14.492421360301075, 26.572269357334704, 16.410166947033147, 23.55533737711912, 16.401045111558354, 23.410936797864363, 19.289272139191965, 19.921663508113944, 22.846248385462385, 17.038845789281027, 21.234128214242094, 18.042282303273062, 27.650391862100896, 14.064503160584977)",-0.9702072989000651
43.70223105722529,37.29360241245379,6.3693847214477595,"(37.753417656046565, 35.90425939250079, 32.947093085855265, 41.094100547871854, 34.984505946722116, 38.6940038057834, 47.902160673542376, 28.22387884588161, 32.152132907955234, 42.115288685418555, 38.80096049188406, 34.81646980575119, 34.90499207452813, 38.70606043260112, 34.22250221750784, 39.67562435854527, 40.50758195136753, 33.33568763170569, 25.143060931270725, 53.98826680633646)",1.0061613366188413
87.6253456460343,100.79583018138158,16.7019029757057,"(95.43152756106733, 103.75308198239826, 90.12243419584684, 109.86469191603904, 103.51901118254756, 95.64686737009596, 82.62892886000287, 119.82762907654052, 76.62080377425961, 129.22443350500825, 98.39479954821681, 100.62734847813915, 139.44913297471567, 71.00228991990592, 96.01206368048183, 103.1262876575194, 116.07121771244664, 85.30279998383615, 104.92678976323222, 94.36446448533167)",-0.788561911448344
3.7711864083019573,4.0064257412158275,1.2145336632271115,"(2.4181261348620637, 6.117231033098937, 6.709867024153792, 2.187983455100255, 5.612833933437437, 2.6389728558554264, 4.708546606587499, 3.1290993817210286, 3.8266098788069893, 3.8618704792066336, 4.515355116243558, 3.250005009153285, 2.8066392834611777, 5.235245810840642, 4.447205835796368, 3.319465913298067, 3.7917463260917663, 3.8781875683788996, 4.060227432126383, 3.6132957460963313)",-0.19368695988946144
5.7939850952537535,6.872476821526078,0.9116822448646518,"(6.336092908592627, 7.348420872111546, 6.87805137806945, 6.741646537574366, 6.391304419373675, 7.2892041227415785, 6.550392955877362, 7.0921285595508685, 6.554098267576535, 7.098784802833371, 6.789538462910462, 6.826646301177671, 8.825490465384064, 5.256790531965526, 5.671433729094965, 8.200290000484275, 8.4066714849006, 5.521492355832965, 6.2313455998550555, 7.439712674614619)",-1.1829688823570732
7.257757732337443,8.942732666454583,0.9917951312768633,"(8.033480231401203, 9.854213257725238, 7.847205716708537, 10.061028223997843, 8.500901107047953, 9.314797421934648, 8.033093953616271, 9.839686767360565, 8.127236146337824, 9.734195526769472, 8.198456693680635, 9.625726634217985, 10.737210673856195, 7.35597465822614, 7.635173476244589, 10.360283736702568, 8.384857377051949, 9.42343144818487, 8.506867352932657, 9.280832925094542)",-1.6989143029446607
41.15313290061602,39.99396760720583,0.7658297844655767,"(40.30889665231916, 39.66778648888281, 40.24226341702943, 39.73330794537675, 38.900072415541345, 41.10431220350291, 41.51295731114261, 38.51712116788214, 40.23336405787398, 39.74209908161497, 39.78312306609191, 40.19169759250741, 40.14154498606365, 39.83308039179944, 41.08140789960831, 38.921812937298625, 40.56251336423227, 39.41976729118274, 40.562684726202406, 39.41953914796391)",1.5136069619166053
22.215427372053018,20.032779649365565,2.390617659238978,"(16.561215596989946, 23.90705437513363, 22.874145609438198, 17.306942604075452, 22.388442669029583, 17.683987812787397, 18.11123636291281, 21.859158201998408, 21.872895411782565, 18.099955336299793, 22.806004069243986, 17.357303248160086, 17.357550325001085, 22.808354344220387, 20.744835421343012, 19.085000384648552, 20.37941055747948, 19.427146880337396, 17.86745858682076, 22.157495189608753)",0.9130057724840324
8.089784076590256,7.42222977935147,1.7526203214586047,"(7.251205273911765, 7.230311684977934, 7.38804921182198, 7.07289724571513, 4.391970751267648, 11.942753368262292, 7.696408740406835, 6.799715205995809, 9.194192440184143, 5.6988150271570115, 10.303628838421364, 5.069643665869843, 5.872669606280549, 8.901834479942632, 6.477259065290546, 8.086777787059999, 8.124007893609694, 6.43765281087001, 7.844278022695439, 6.660524467288756)",0.3808892827872831
10.329059994144815,10.580715549490211,2.551963273131965,"(11.62300322293347, 9.123381008680186, 15.221519021663642, 6.9583355782108445, 10.575354257000217, 10.02786511099678, 13.375051254617107, 7.922839644192312, 7.870136830694101, 13.469215336024758, 12.720820857849372, 8.324111186650297, 9.508102903195992, 11.14179686176998, 15.722266840403726, 6.7423179020722515, 11.448169268659473, 9.255489662139741, 10.388188220493994, 10.196346021555897)",-0.09861253020171598
18.669091689386136,13.896849014288756,1.383233863634773,"(14.013786478112973, 13.659545449651741, 11.891196704388275, 16.082141448869805, 15.871211414130466, 12.060207219385607, 12.59629767447226, 15.187400192015971, 14.31161722642203, 13.369615363292095, 12.347836862214631, 15.481766542531036, 13.095648460379373, 14.606222310229937, 14.932859205945135, 12.815057303935031, 15.935372701884493, 12.00608709142877, 14.266073232937769, 13.407037403547726)",3.4500620614920363
19.452100476670825,18.0239875131524,2.4499929673131655,"(19.602038668999135, 16.29009095435975, 21.44292945835679, 14.882683374835574, 20.402569355770847, 15.649010566402994, 18.51843104998048, 17.23636836884282, 15.864872851106773, 20.12037476933646, 15.906250657618964, 20.056416574010683, 16.536118730045736, 19.302247250767063, 18.623833692543197, 17.14259230822171, 15.280009480013145, 20.89287662212177, 22.618319460666207, 14.111716069047873)",0.5829049236351872
17.084326465174737,18.43317661002167,1.837926093581542,"(17.63259622848103, 19.109447931147425, 16.126305698239843, 20.857701940342455, 15.715380517435454, 21.432425469813364, 20.37989778181423, 16.5137034364789, 19.896899343953695, 16.916831999287787, 17.765518966470083, 18.9140055760734, 20.550400453957153, 16.376109596697805, 18.6544394393851, 18.053005348686746, 15.959377161184893, 21.098824559253284, 17.737537611862702, 18.97312313986808)",-0.73389792416432
23.808355047588982,18.43846515629954,2.4236566527387557,"(21.94592776466673, 15.270505097703737, 16.507628392561664, 20.233072690011163, 16.161355502630403, 20.72085482426937, 19.39929124226178, 17.23574192553387, 15.82680537303511, 21.131658854270253, 18.761621352948794, 17.767815219084255, 18.730352258609006, 17.850083522038098, 22.393647052746626, 14.949857386748223, 16.672217594729144, 20.07512824432128, 15.338971739308091, 21.796767088513178)",2.2156149408462684
15.827112488078797,19.874252734393014,6.146241518726475,"(19.285674492531673, 18.931755875766843, 26.740009833302267, 13.549941618904347, 9.347871833542996, 38.98553729937717, 16.38551686291802, 22.16586561727405, 22.29064039118254, 16.301230143157873, 23.496564698080064, 15.348952793658455, 14.52553381209384, 25.00370653192434, 22.45644071057652, 16.220790449782253, 18.81028728853827, 19.35720049300501, 20.91483737287335, 17.366696569370326)",-0.6584740013849636
21.121916727919658,19.963757517773494,5.477181818591901,"(36.46069792490594, 10.243766492692519, 18.429493360528134, 20.2149301390162, 22.522957879878057, 16.572262952541706, 22.05758172308348, 16.903252296931985, 23.826161384013727, 15.650650940116018, 19.777856171889834, 18.80735176145453, 28.14475100481906, 13.247554457265673, 18.112760803006434, 20.604670560746147, 17.10043413901831, 21.822037017253116, 21.129155058535627, 17.646824287773395)",0.21145166410486405
44.0160067777224,37.0432581293322,5.502284847040347,"(31.36059251908748, 42.86404926385864, 40.71922741606266, 32.992995797518915, 29.158666542204113, 46.085054994023025, 36.70861013223809, 36.60239771707601, 37.15845305269367, 36.155567179104224, 43.13842233343222, 31.12363454644904, 33.0175182943022, 40.700303706395886, 28.595773970397424, 47.00048286097247, 34.78357726599493, 38.64560149207381, 31.823587066861638, 42.23064643589747)",1.267246033643789
96.38815348448487,99.92107561368138,9.37965316501955,"(90.4386519742335, 109.47644654428986, 103.44490307894934, 95.71170151911164, 88.71290714479719, 111.60597850757019, 88.36304650262524, 112.04785833866865, 90.65293124273771, 109.21749035267578, 90.80567881084191, 109.03358614451663, 96.10928022504037, 103.01706436827027, 97.7170911761343, 101.32207376267226, 85.12857129617733, 116.30531168222655, 105.16126429279699, 94.14967530929175)",-0.3766580775472782
3.594028191980823,4.0192848740376155,1.000699986624015,"(3.33634628963353, 4.578690678302365, 3.8285533456467835, 3.9940553406497323, 6.062732291096848, 2.516519825384118, 3.137406053366844, 4.849955392813053, 3.3272054132235893, 4.580379679394982, 5.078354130942494, 2.9957712900308113, 3.313801785513839, 4.61948950057989, 2.6534029576340967, 5.709801275685829, 4.729033444074191, 3.225015161638587, 3.371614089298735, 4.477569535841987)",-0.42495921628963784
6.972888854029738,6.9948364742090705,0.8825010471074418,"(6.6610319979281165, 7.247210877104019, 7.530513969276048, 6.414271963211183, 6.3661724709306915, 7.577814162893814, 8.160882158704245, 5.9022540469657105, 7.8994891187394956, 6.103206511972044, 7.416690722555058, 6.494090041182552, 6.704108908638661, 7.209469271819293, 8.593198431630974, 5.592015606782854, 5.680742566361195, 8.490100049102649, 6.7810414527044305, 7.072425155678394)",-0.024869795057207066
9.463081908528123,9.05329881179876,1.0967358903659943,"(7.276426993612625, 11.118852231683334, 9.589062948649737, 8.440381765586679, 8.539649360179885, 9.470812011351383, 9.48784717740637, 8.516620979059702, 8.445607165270017, 9.573120341773347, 8.092814596411062, 9.984698204307087, 7.237532442644691, 11.186876138153519, 8.503938453669898, 9.489716334410714, 8.970000011106954, 9.014987384045872, 10.30300949845024, 7.8240221982020675)",0.3736388134363083
39.1385105927601,39.99839992010076,1.003158042751223,"(40.006634672712124, 39.96621272679679, 38.38380231065768, 41.655973011886545, 40.76376473598084, 39.22394027868434, 40.62796169615087, 39.355029620162405, 40.76838421912404, 39.21953610578353, 39.270554323787884, 40.71542689808484, 41.586557833006566, 38.44786428104532, 39.02267846810882, 40.97409357035292, 39.664588816258714, 40.3108676466584, 41.11693393772824, 38.88719324904419)",-0.8571823089633619
22.840224687167936,20.06142398123742,2.6052273173036107,"(20.220384076020697, 19.588603114640605, 18.0194891003073, 21.981537596653077, 19.800696490050544, 20.003936414985045, 17.973147542228215, 22.037348929982436, 20.293099005373097, 19.51864084744045, 16.081811653853105, 24.62960036692912, 18.138631311185534, 21.837332195144235, 20.362709359676487, 19.451334143940073, 15.665780807798738, 25.283507437679113, 16.889290239345527, 23.45159899151491)",1.0666250455282922
8.67006590857549,7.630053397738905,2.301526162377526,"(10.460111231419209, 5.108786117650432, 9.677938431237703, 5.524011783977323, 7.572400324439407, 7.053734035046551, 6.630283196419455, 8.047323956576461, 8.73673247794498, 6.1110913093815356, 11.403459001071797, 4.6787533723250885, 6.623975380252964, 8.074402385082433, 8.272006876168376, 6.439514615057781, 10.97197989596867, 4.8673569509328445, 11.863272534117504, 4.483934079707604)",0.451879508405079
11.327364553600534,10.451190418256687,1.6414274730731264,"(8.663022483264122, 12.324689861087684, 8.367766586317753, 12.76152745659128, 14.556754065670763, 7.333782031309997, 10.351879750391541, 10.30900030526849, 9.333756946157873, 11.436265018923304, 10.362679747315306, 10.298404067719188, 9.99700986323548, 10.683322571422119, 10.95357267619353, 9.738065326226435, 11.104298507127131, 9.613249328841842, 9.039105901072498, 11.795655870997358)",0.533787906999905
13.64616092708948,14.069401992056072,2.457480146133402,"(15.00491292625921, 12.822364762388657, 13.369012275374693, 14.39329310602816, 11.216210779218214, 17.152826363733894, 19.12654906889845, 10.056022970594721, 19.126003940364296, 10.058521588803208, 13.992106089887384, 13.746915281774717, 12.268635565349138, 15.685900392157576, 14.473039380331866, 13.28601006488589, 15.155615312341396, 12.693291359476959, 14.530514717820395, 13.230293895432595)",-0.17222562942472533
17.208846031002253,17.999034926498286,2.066613416393729,"(22.011881350353875, 14.536307913734761, 18.298750078661804, 17.487470065855586, 17.922255614225094, 17.853559702713472, 18.667420150993795, 17.138315452118007, 20.181014071317648, 15.855364910419768, 16.99084467862007, 18.830914118689293, 16.818685429662764, 19.02732353963196, 16.70098968086374, 19.15548156156603, 14.278642158024715, 22.40795509638463, 18.818001921212556, 16.999521034916135)",-0.38235931753260594
17.929252708699323,18.49337998303504,2.027539760225618,"(18.218043728419246, 18.561841250009984, 16.949594836288966, 19.956034465533552, 17.52893477915269, 19.292668108989112, 17.03004713774366, 19.84913567011639, 18.86766748279052, 17.924241220670122, 20.631203782612804, 16.388556020898182, 22.746926132328934, 14.8720705107642, 20.72557634437772, 16.30864609958483, 15.834743357640633, 21.352547816831475, 17.348405463543486, 19.480715452404255)",-0.2782324102354193
19.150442508542532,18.592224823184836,2.5227661753863537,"(17.96490769114587, 18.911094038718527, 21.695789542502954, 15.666884763030575, 16.89820199695165, 20.107148977340014, 20.43953917543264, 16.609178076546975, 20.333305829256, 16.711108250613812, 19.609829480736213, 17.320345581195593, 21.424412847752798, 15.869650434198494, 19.88589838913697, 17.069112653179573, 23.643880782233015, 14.364875916980134, 15.68655115318678, 21.632780883558127)",0.22127206667189736
26.160319939952473,19.61974060040678,3.7749124378826324,"(15.591987051637659, 23.840269397414705, 18.45149727118681, 20.16786575663111, 21.84802187761201, 17.020249042193463, 13.76344135449711, 26.968698637434304, 17.679824253149015, 21.037861673366262, 20.041382374107645, 18.5431912531426, 14.119678973842134, 26.369453134958654, 16.382996648910673, 22.657521334537254, 16.589079507567583, 22.39528032247952, 16.68297783816973, 22.24353430529737)",1.7326439876879205
14.82416867291676,19.93871987802745,4.956006656049276,"(26.02065944788408, 14.439398807800993, 22.784325152877987, 16.496442855051615, 14.231581631757383, 26.40393278012628, 19.502905845509478, 19.255705551770905, 22.756515051995052, 16.513883680970565, 20.270086526351168, 18.534333844197636, 22.84221721666053, 16.45759383766689, 11.230897205326354, 33.438665980781074, 19.255378790284805, 19.50910506164963, 18.211679094059924, 20.619089197826565)",-1.03199038259319
36.19043549521596,36.83902032537499,4.148549262145378,"(36.431694140391144, 36.80163693058616, 41.04717151099673, 32.66635317301018, 38.279644497496065, 35.030212033241284, 40.48156212025105, 33.122108391571885, 31.76735721965523, 42.21701646207386, 39.15909604322205, 34.24855501079568, 47.448969728719874, 28.258467145838477, 35.25825128582776, 38.04191887707291, 37.44056347987419, 35.810761060705524, 35.964592764538054, 37.30447463163164)",-0.1563401539128939
105.19941256862128,99.80325730340867,7.977398175586789,"(100.40775844402876, 98.60670793842155, 93.65149426823777, 105.72047602626029, 99.81693448782394, 99.19042576352892, 89.03953405116876, 111.19648644131969, 121.13776517417986, 81.73247730577513, 99.86808968950237, 99.13969073057626, 97.48557013579658, 101.56250666962147, 101.7459647180208, 97.30998039270493, 95.66478352477723, 103.4955575050885, 94.30701673538779, 104.98592606595298)",0.6764304785144677
4.3386255811686105,4.041674123032528,1.247106970291271,"(3.266093001874083, 4.594298101409139, 3.9293627985628232, 3.8227992089007903, 5.346190462357088, 2.8169601776539803, 1.8759186065327753, 7.987781899945436, 3.5257200817232257, 4.272255855130645, 3.8702084840997215, 3.893709292514387, 3.549374223165749, 4.246532454319487, 2.7331342339443214, 5.515362717143651, 4.395928494110228, 3.4231014559441437, 3.989742885150674, 3.779008026168214)",0.2381122591807242
6.0404084563025835,7.015646463435009,1.1900727358744125,"(5.738321979575285, 8.335863784956437, 7.39660558196849, 6.470798239403798, 5.970604917095385, 8.02746573875046, 5.041871120037227, 9.479541387295699, 6.438474647123136, 7.444373690511667, 6.504032033454558, 7.370902104566966, 6.321102261815237, 7.5854752922260085, 7.0487401976869775, 6.8022161216036405, 5.1140872901675545, 9.366334816908804, 7.145510359048766, 6.71060770450407)",-0.8194776484950425
8.80300982306368,8.999094756559039,1.0101884219530968,"(8.029183521322402, 9.958913706059185, 7.840733455080384, 10.201508313505167, 9.173015353318739, 8.726155744027597, 8.419281580817977, 9.492996358560402, 10.551119299379689, 7.586167311141693, 8.870507230937532, 9.024245847608045, 10.55254366343361, 7.586791320284008, 9.821313614749661, 8.150949938220958, 8.96642870659258, 8.923419895876913, 7.671915043202171, 10.434705227062066)",-0.19410728655575754
40.32106923200326,40.002303065261486,1.121243142247428,"(41.022741427779195, 38.97822536096682, 39.716572128699305, 40.26009643116519, 42.09891092742916, 37.98179607341554, 39.71911121802831, 40.257518546360615, 40.75787837935886, 39.231459370596184, 38.837078325335206, 41.17171523119067, 38.758766916158365, 41.25495212953246, 39.17571252894097, 40.81577971509851, 41.499156927843025, 38.530611027389064, 40.35449150395456, 39.6234871359876)",0.28429709376222984
20.23108722662017,20.0448071106084,2.4431181609410695,"(22.149654702852125, 17.88812604763441, 20.051777945199063, 19.75970622645603, 23.545229751818514, 16.828082314308254, 20.662042504879366, 19.175636199123378, 19.085743259294716, 20.759750763840593, 25.996305439894453, 15.241008083604155, 18.480348378260146, 21.439968990465562, 17.573000443544327, 22.54617434694482, 20.83126382168935, 19.019524985730985, 20.961961577391012, 18.9008364292367)",0.07624687130974274
12.328001310624405,7.4164996742613525,1.7855258044787077,"(7.382933730186153, 7.049177628090146, 7.727979975675052, 6.737363783361588, 6.5550424265246425, 7.951090282994966, 5.621360726579351, 9.2525246159991, 5.271159659164353, 9.887875141555108, 5.294119379907641, 9.846499305959092, 6.213562718198515, 8.390561806141609, 6.3453052385636175, 8.216074682006584, 4.483214985688708, 11.620208533343945, 7.798648433008644, 6.6852904322782365)",2.750731254649656
9.773993330983158,10.356500978861948,0.9145776008818108,"(10.228983064498072, 10.405679697844205, 9.72873794204773, 10.942239113565297, 10.604499363139029, 10.041647036592515, 11.178920473787882, 9.519368609685731, 11.100322905453083, 9.592780904383172, 9.592511515959202, 11.100918677223694, 11.456187036414006, 9.295728160324439, 10.17448483831419, 10.465994039442787, 10.758509819873206, 9.895612932741116, 12.58683244755408, 8.460060998395516)",-0.636914404329553
14.945082620943982,13.932133909947854,1.436166988570306,"(14.733360265622139, 13.041252521079604, 15.861875331432865, 12.114464471807041, 13.960022493877938, 13.76743185546152, 14.77084348542275, 13.00585617806138, 14.177861846643722, 13.554977235751883, 13.264849951558881, 14.487639264619682, 12.49327387828182, 15.38390824215258, 11.16950067322898, 17.204776190987364, 12.409745409623634, 15.483075897786053, 14.561122309553493, 13.196840696003733)",0.7053140192315037
16.50437541468469,17.9740196141323,1.788502236744156,"(16.33750454879437, 19.590750848106275, 16.43750210302584, 19.472144889390893, 14.333073270331612, 22.332623295684822, 18.329457002075216, 17.459937025827625, 17.238010899122816, 18.567969967359442, 18.73947978897309, 17.079405748912112, 16.710913456957282, 19.154397787500145, 18.326554498929163, 17.463221768959293, 19.953124030219808, 16.038740990016855, 16.389844656597102, 19.525735705862317)",-0.8217178425915712
15.901165840824882,18.525919408926782,2.0981965112461833,"(18.605731346207378, 18.226040725620173, 23.26416188392669, 14.577583713326355, 19.643231500181468, 17.267917553398846, 19.47208037775437, 17.40991130960301, 18.54453051775023, 18.287449040288315, 15.607325198331996, 21.725609406008804, 16.883176917019068, 20.08925475532325, 21.46673107676125, 15.792657349314027, 17.98910971541823, 18.84282038110511, 18.256608885742875, 18.56645652545422)",-1.2509569785448638
26.6614832907267,18.672968896016723,2.4109679450487853,"(20.222448569647625, 16.97563073279683, 17.618288873117304, 19.487740049413688, 22.091336081347528, 15.547399122725682, 18.92304720334472, 18.13083074069056, 18.09960588588597, 18.96920403778946, 21.48362269139658, 15.976406249610568, 18.294583474628634, 18.771123359860187, 14.294319053918178, 24.00328592797976, 17.616480168864506, 19.471004497398276, 21.61255816077332, 15.870463039144996)",3.313405477296104
19.58289560961718,20.35212353907749,6.098653252619853,"(23.562069515796534, 16.153057422437207, 15.366776348514987, 24.773428920807927, 19.43338103735056, 19.601334481337577, 22.738900044042005, 16.717043508741423, 22.160934775137548, 17.1735531368514, 23.1709911431762, 16.41156330416225, 27.407948095615993, 13.891951468968081, 26.37599608885785, 14.40427042063596, 11.922737280453093, 31.849559493771643, 11.825640960367851, 32.10133333452361)",-0.1261307861911753
14.413449705383082,20.50670773934478,6.571514617473026,"(16.618162033159994, 22.92575702897145, 15.448491803719328, 24.663650929403946, 12.955996409943607, 29.41487353942284, 28.309897094821455, 13.451934864479929, 15.095793294440634, 25.237877477318918, 24.566873962102868, 15.50396598240433, 22.71123232007409, 16.777762046958575, 14.361575561927545, 26.513094326055413, 15.14831643073715, 25.13158121496903, 11.146738278610506, 34.15058018737389)",-0.9272227771905597
34.38891794473059,37.01679741677098,5.0404285878821256,"(43.65170109659017, 30.849752604337915, 34.2563500411987, 39.3088626604935, 32.76470966186871, 41.09605932893401, 39.56737906127525, 34.031699602889724, 34.974119854819705, 38.495943217599674, 43.79636973083533, 30.73650142858075, 32.11801226756392, 41.91943730232819, 29.02494300854407, 46.37171109168104, 41.80972106088897, 32.193424639966736, 36.627179356462534, 36.74207131856057)",-0.5213603220881182
91.41017918886102,99.62472888779664,5.031187653221142,"(107.81005131591982, 91.83823407262659, 94.12370286235509, 105.19223171381083, 101.33801834675774, 97.70350167274965, 97.75814585372028, 101.28141510225772, 101.20453021074911, 97.83234266077964, 96.53997960668339, 102.55927918918752, 101.4408669663842, 97.60440899864811, 105.17530267991758, 94.13869207431871, 108.91890185491158, 90.90311983991539, 96.05698747564311, 103.07486525859646)",-1.6327257628079865
2.3327524314816506,3.947026155928841,1.3674074151757778,"(4.473728481668073, 3.1309680108318316, 3.9624187498398005, 3.541675566125444, 5.070685223907429, 2.7160272551644518, 2.8087384004439526, 4.882069329587648, 2.5318688453162417, 5.495093030766211, 3.957556899745386, 3.545765825104341, 2.7200905388257226, 5.134450897984246, 2.0546707100485784, 6.762253067720267, 6.591992410371418, 2.1043888104073125, 3.7041427309674195, 3.751938333751043)",-1.180536032298522
6.634855625038078,6.870159469789297,0.8183326654366367,"(6.132667839837252, 7.622406657891835, 6.27080090937905, 7.463545764915046, 6.992624347501169, 6.620471931585157, 5.471008086139949, 8.439609750460258, 7.068430468159361, 6.5912560562954, 7.663170052320536, 6.109246685313471, 6.484220203803234, 7.197709516893902, 5.619175547128645, 8.281064797083165, 6.4994042541807, 7.155338556394334, 6.136408175571871, 7.584629794931618)",-0.28754057449933085
8.244065877991675,8.908700560149024,1.1925235964283352,"(12.018944560000973, 6.5093197037425545, 9.333482752214938, 8.389477966478886, 8.5432395314157, 9.100713681996128, 8.919648934932791, 8.701122367669912, 6.9842756055403905, 11.181943279664127, 8.651367268743874, 9.05489124806905, 9.313830082316786, 8.39186718541213, 9.459114699625028, 8.247128777901567, 8.230211657683473, 9.477146232010794, 8.847446271893432, 8.81883939566795)",-0.5573346172335384
40.9476817573355,40.0024733426329,1.1665052816276025,"(39.59527791640602, 40.381383515161765, 40.10153512572899, 39.8717076714981, 41.059960459441136, 38.94031103045497, 38.16248732588072, 41.896554562575325, 39.511671219999705, 40.46694215728665, 39.45278685558457, 40.52758886207524, 39.52261998577071, 40.45556024411302, 40.08756995021128, 39.88525034062107, 38.1325301030905, 41.93025295748745, 41.982080759317235, 38.08539580995355)",0.8102907287172908
20.68407170050847,19.93689358835534,1.4854603156160313,"(17.93043025446178, 22.0540113814153, 20.504437496326847, 19.286846969255567, 18.465018489508747, 21.407095939713816, 19.617753243063714, 20.146148254746574, 19.436120745152465, 20.345753233160032, 19.043971024756882, 20.768260417945406, 17.067055625298508, 23.168634888812516, 19.210500701788643, 20.581150396905308, 19.226819762236346, 20.564586175971094, 21.65527266131642, 18.25800410527088)",0.5029943272791297
7.36827016354247,7.345560489447241,1.9037588335817535,"(8.181990081899635, 6.215679790560118, 4.967341064817082, 10.249013079138418, 4.558873149260485, 11.063461843441608, 6.3219578818292685, 7.960033101618394, 4.4396820024553545, 11.423279174859543, 7.137821591209054, 7.134626942119267, 7.263464849606959, 6.992307250139019, 5.8761885055022995, 8.62109769226304, 6.952950386834178, 7.282700022442754, 6.654136313500664, 7.61460506544769)",0.011928860785640082
8.147044111497546,10.456161378235315,2.07196329129129,"(7.320058737040615, 14.408727386156752, 10.730527993958301, 9.83373872461449, 9.544526903214026, 11.016532880356703, 12.3099339711633, 8.533770111690146, 7.493424921745183, 14.06522039280073, 10.116449770001893, 10.4339384323723, 7.60379846228198, 13.864801685419824, 11.491415828610068, 9.165525622206923, 10.432352554618918, 10.096048297494338, 11.513813846539794, 9.148621042420015)",-1.1144585796685034
15.029140468529098,13.85669916791201,1.601837130703165,"(12.699866126540003, 14.943177504493526, 13.358189476507691, 14.213309575025104, 14.38923447396917, 13.152309894398394, 12.594496155600119, 15.012491027274637, 11.12529371010929, 17.052760467051467, 13.230146295554443, 14.358164607415459, 13.09170004655973, 14.4907249095662, 14.553362747205657, 13.024348899074639, 13.272585149039688, 14.283464198094851, 17.382637438934758, 10.905720655825352)",0.7319353997634057
19.92039376994459,18.064041473652633,2.9874412402899253,"(15.44427745909071, 20.61028873938641, 20.947979898950077, 15.200280275646753, 16.61241130189332, 19.125726772943647, 18.86489673390398, 16.8304982266642, 17.426801716285286, 18.265288743145458, 19.193188505871504, 16.5978564204001, 15.0042371831194, 21.21015830553035, 19.145377739782457, 16.613225333768032, 26.3146252543545, 12.089251054318472, 16.464998456487454, 19.319461351510522)",0.6213853753025784
20.673886759171772,18.275103514503478,1.3906041914597396,"(19.3027219360289, 17.2354999566693, 15.496860858892214, 21.48920677968343, 19.609983400256503, 16.87318989943423, 17.15092215165252, 19.252839628082306, 19.065811161653855, 17.449636360389544, 17.856084432592667, 18.676700355460902, 16.417268693083333, 20.25193683407988, 17.430939371078626, 19.043148275743462, 18.02048335714363, 18.430337931252414, 17.916486340046404, 18.53201256684535)",1.7249935383484305
16.08899053100553,18.111205441165506,2.113276848992786,"(17.477164321117822, 18.585300033301486, 16.13807682376208, 20.163906336364523, 19.692566577204552, 16.327485083888433, 20.07357982735683, 15.956456967387705, 18.820271572777916, 17.25840639984548, 19.470479898264006, 16.757223637188037, 18.0881787410835, 17.936229525105734, 18.67502412368981, 17.319803429091248, 23.514758174346166, 13.769158013871799, 20.100611632716618, 16.099427704946294)",-0.9569096027923604
15.057149532106092,19.315405446443645,6.093618942914227,"(20.34439438436013, 16.87849358970377, 9.696918696447849, 35.56429226973163, 14.903014103008495, 22.49320208134812, 19.241960536360168, 17.26234001740832, 24.525890629409904, 14.004126690387956, 27.216077803197976, 12.753949420632841, 21.148744691585474, 16.191687611767684, 17.123348131362338, 19.855003865869442, 28.01714603208985, 12.16556455756892, 17.814134029511898, 19.107819787120135)",-0.6988057432257283
20.691017591013242,19.441965441269744,3.7949087929733114,"(14.972104562557794, 24.407030505374596, 27.014815345316794, 13.546435735270355, 21.61888965563281, 16.767065430494885, 21.421723642748127, 16.8691043650371, 19.840603597855342, 18.42061762924314, 17.232437201225725, 21.28367249695227, 22.261224176311458, 16.400178434468657, 24.805705326642723, 14.682554792487858, 23.797626123166125, 15.317827632150648, 18.836165958064072, 19.34352621439445)",0.3291389116007887
35.18742308155749,36.73132688389162,4.568093114294865,"(37.61650553644534, 35.37123305921568, 48.817649567448136, 27.26657563118213, 38.2827103245982, 34.679232851006404, 40.059069239142104, 33.109270103146095, 39.494146306916775, 33.70214319925398, 38.47505454011478, 34.62557654412449, 36.93469914625465, 36.01640799169793, 43.48509273180798, 30.571809325503445, 39.446709887613636, 33.71312393876666, 35.38933523972315, 37.570192513870616)",-0.3379755542860572
84.70000672305164,100.10926011131694,11.307103128968242,"(111.28215472426324, 88.96940900623112, 87.03861056013685, 113.75088444914692, 94.08504059530014, 105.23083124637132, 99.42304366449356, 99.58072597532747, 88.92752088535073, 111.33472925408304, 89.34263626005477, 110.81769485120911, 91.45314125562156, 108.25983496535098, 85.55575415138291, 115.72202385543031, 109.45663189248165, 90.45313411639934, 84.9388374019142, 116.56256311578935)",-1.3627940961100415
4.378321848115158,3.890485841053547,0.7945115469158663,"(4.701435683690919, 3.1000767955658617, 3.944607909341295, 3.687687697027149, 2.923335463356491, 4.948944727957856, 4.769021760545259, 3.062780947775362, 3.4466232565346426, 4.231662741544805, 4.631018296826527, 3.1491177792543845, 3.2102627250231808, 4.534606127940417, 3.2179952652857806, 4.491544747728053, 2.8738162650534225, 5.082992255807208, 3.0077312401638965, 4.794455134648446)",0.614007447664282
7.649091710866611,7.031907568857957,1.0101005898731292,"(6.751915242689934, 7.190806671053537, 7.65016292037342, 6.339504969965857, 6.601579528802131, 7.323541981041755, 5.856358777540481, 8.301195966082306, 7.621373688539473, 6.372867625114785, 5.65196114275818, 8.593201294813879, 5.753118563540316, 8.433024215422941, 7.883583419737193, 6.128966444952587, 6.620219892633529, 7.343451979386134, 5.591532720010911, 8.62978433269979)",0.611012554785434
6.332546192120023,8.936685840413878,0.89909958204302,"(7.764357444092621, 10.194976879465969, 7.761422144128996, 10.193030248012102, 8.29292539459953, 9.524062939527115, 9.132557590206815, 8.673915878648073, 8.269528417643617, 9.573908890220023, 9.296949151224924, 8.515875131115934, 7.465135375930596, 10.599164639317369, 8.447189319201057, 9.346807828028142, 9.72435477953185, 8.14586280495984, 8.260780427690362, 9.550911524732664)",-2.896386229405735
41.76267180925781,39.99366524694035,0.7490214950287591,"(41.23558803808366, 38.77619097330555, 40.17520715433441, 39.79968256660892, 40.27209264603679, 39.70403499240348, 39.25210637412893, 40.73560503586557, 39.09833201582889, 40.89580680480983, 40.79211450460985, 39.19773646429204, 38.92730560034383, 41.075483796784866, 40.608670578625194, 39.374942945878814, 39.58201219358936, 40.396059574782555, 40.0770681461979, 39.897264532296695)",2.361756737367778
17.16871353372269,20.01018844038296,2.15038375555867,"(19.181160266899077, 20.647437258648825, 20.477663473566423, 19.3402074075329, 18.29522295067979, 21.647265641283294, 23.88678618094805, 16.5801686425006, 21.34494230477957, 18.55423049957783, 17.21792826411795, 23.001703264689468, 20.800671815575356, 19.039491243424003, 16.84621228668558, 23.508896444687018, 21.201983308395164, 18.67952061777059, 18.240562137029432, 21.711714798868364)",-1.3213803812064486
6.207736083149058,7.7446666629208485,2.9207250302868304,"(9.672401804998145, 5.458888124422264, 5.108925909403011, 10.32673658887567, 7.049874886267711, 7.4666934576993205, 6.923883548613586, 7.633089207993444, 3.3083790326395586, 15.963954419750298, 4.768254424304572, 11.076111308482881, 9.995041712053336, 5.279846661045413, 5.82600889913705, 9.03126357328834, 5.3010964304778145, 9.969779760931763, 8.670709867728366, 6.062393640304398)",-0.5262154307010736
10.666638007556026,10.455062397431613,1.7375082956842427,"(12.415893375933102, 8.577572881391903, 11.847858935024203, 8.986850982986082, 13.67253982976744, 7.782489086162259, 8.807968642088866, 12.09477030447913, 9.404812972131728, 11.324511072302688, 8.569189322165014, 12.428904469090282, 10.825104098815848, 9.836300720758793, 8.290437462275403, 12.832827844554846, 9.366444723634974, 11.373385699597842, 10.951571025952653, 9.71181449951918)",0.12176955393533424
16.217603893953758,14.233733759848707,3.4613056111846663,"(14.569124697463657, 13.172572750616375, 14.596125559708163, 13.146778484050056, 15.552421838005793, 12.33416289943281, 19.26203454771938, 9.965281492128854, 13.892634584178634, 13.814160377448761, 12.499637300909393, 15.354015304648481, 8.215442577077253, 23.35657012659877, 14.104636168675462, 13.598484802494914, 10.427111369578117, 18.408121265672637, 11.048996090705593, 17.356362959861023)",0.5731565937704215
16.978739019030588,18.023163130836945,2.186795505641345,"(20.29994077712708, 15.780825904164754, 18.843761972820772, 17.00002559103911, 20.210894139974123, 15.848927715656336, 22.714194015908564, 14.104689776200951, 16.84370688129288, 19.018549880662533, 17.07985592496613, 18.756111163875346, 18.239860003273296, 17.561550206155747, 20.481691424695395, 15.638233562275921, 17.364709196759968, 18.449083352099912, 20.908078235039124, 15.318572892750916)",-0.4776048373576879
15.485298791514428,18.479993780116473,1.6382139390383876,"(18.1957554576159, 18.631686233008043, 20.794316287704124, 16.302850886663247, 18.944710806166654, 17.891545383431776, 15.892729425058848, 21.336569276688316, 21.78280740970826, 15.562383465721341, 19.046741200021827, 17.79944700938213, 17.209282391262565, 19.694292333572587, 17.53677050063903, 19.323817172144384, 18.37924964850066, 18.447517214323693, 18.892665923779887, 17.934737576936193)",-1.8280243607009572
20.475830037122325,18.472196355210457,1.8474591928845658,"(17.251644779978033, 19.596564967597367, 15.984813584231825, 21.14837814457929, 21.80894381096991, 15.495783420878602, 19.463998797234137, 17.376938440685205, 17.86282413560175, 18.92328779254077, 18.36986846605084, 18.404055049522544, 15.769973614461222, 21.426319449852908, 17.374215871833606, 19.44292422017289, 17.095549687055797, 19.77926185810816, 19.88286644811719, 16.985714564737155)",1.0845347435162864
15.352534767918552,19.56168909809203,2.1812450971423574,"(18.154071714487607, 20.837898967340013, 20.78958171726813, 18.19663269969017, 20.084805346173784, 18.830237546339184, 22.661690748929033, 16.707400062837568, 18.307554107057243, 20.654618583210087, 20.91266945901494, 18.089109015330795, 15.901325046515586, 23.7615761329141, 21.468618355466187, 17.600526012704513, 22.07094226749712, 17.14388559774416, 17.60327637023894, 21.457362211081527)",-1.9297025976988464
22.916737533507007,20.185010091350577,5.814403666099052,"(26.703834745425343, 14.072945370633636, 25.69205494677084, 14.62717962187178, 14.671120990635723, 25.612524397706995, 16.04083327708302, 23.43460168879111, 26.833362822962396, 14.00312129169221, 28.837010075823446, 13.031927562791635, 22.33681632798145, 16.81763877256705, 16.62290934163688, 22.59839579767106, 28.871287717758268, 13.017543515952235, 15.257526223460308, 24.617567337796125)",0.4698207415635413
39.764016446947316,37.27692800057487,7.1325839066720365,"(36.224483242932635, 37.067136153257934, 44.646184707200426, 30.0787323393843, 37.476196770650205, 35.84550849687178, 54.660496854139886, 24.563719403749435, 38.13569530609713, 35.20584511541901, 32.87776768250643, 40.83866042669634, 31.105012366130342, 43.16348386169508, 36.22904448581182, 37.077696991462616, 49.13455314736147, 27.323939376478272, 32.327535157679684, 41.556868125972635)",0.3486938925521715
134.75906422249807,100.0039399295376,10.268636078910793,"(107.86163322559625, 91.79354507553901, 90.94737925744693, 108.86522163048144, 97.27732935872636, 101.78138024641632, 84.48580851115378, 117.19125864704625, 95.38280319216214, 103.80275762985076, 104.20789029190692, 95.01199978580873, 95.12434785192592, 104.08480286647988, 114.50211911843064, 86.47019111476813, 88.95676717549408, 111.3012067358331, 114.73756037968336, 86.29279649600174)",3.3845901272457004
2.841505065609963,3.8527483287699704,0.6587611213138986,"(3.474857637087072, 4.107925874281807, 3.810166644287805, 3.8134906357184732, 3.1102167041515076, 4.681850258040893, 3.8536686901139623, 3.7838514291694407, 4.280129286394386, 3.338840983746918, 5.389968503574763, 2.6886046609188883, 3.327420973159283, 4.371724405445524, 4.909057287144698, 2.9231745376282867, 3.5848949700001866, 3.9854474327468714, 3.870278629142892, 3.7493970326457466)",-1.5350682219118872
7.248700154257482,6.853910652504346,0.9803662459643575,"(8.936908143693211, 5.122308549497656, 5.854881315915331, 7.896554804843397, 8.096158133399806, 5.718071017603674, 7.666161187882302, 6.043777704119265, 5.892801738428792, 7.766005454838737, 7.447406896695349, 6.198861418613165, 6.707632583821754, 6.898199913232141, 6.625269473342572, 6.930672281714675, 6.170791540205075, 7.415546555985781, 7.647794389957128, 6.042409946297096)",0.4026959346859126
8.407757331452705,8.947480657855417,1.2130248436772297,"(7.45042427289024, 10.524225275085646, 9.557587771188562, 8.250142633832255, 9.857057265767347, 8.006108652267766, 8.01860594905665, 9.846682760289426, 6.439888003930113, 12.165145911262226, 9.081053210246766, 8.675911766323754, 9.180019516558062, 8.594440539177473, 8.325254529649598, 9.43535557559816, 8.04625581909088, 9.73629121703265, 8.825127415566845, 8.934035072293941)",-0.4449400432447572
38.405680691439635,40.002302177370915,1.1585306224282448,"(39.58413810473929, 40.39263994089254, 39.85726533836749, 40.11601995678598, 38.17762507942194, 41.88102993283035, 38.55513754737195, 41.471010836305105, 40.34773309533855, 39.62762305736377, 40.996061171331085, 39.00164882514559, 39.46903818574432, 40.5107194800763, 38.61209684436138, 41.40963242457916, 38.12620501331357, 41.93660319452138, 40.165246853527975, 39.80856866540047)",-1.3781435337331094
18.46771547959691,20.01918256449466,2.3465083808264513,"(19.359385796796733, 20.431379928540874, 21.287705364224653, 18.58416925738897, 18.56825454277339, 21.30709622423302, 24.604140526120318, 16.080583544068833, 17.030536401574942, 23.219143820920348, 16.760493432250406, 23.603362321459542, 18.397144945301843, 21.505373964695313, 21.361954156114205, 18.517691155789212, 21.653422559667774, 18.261831603578436, 21.093912533242207, 18.75606921115215)",-0.6611811394218478
4.463923479022932,7.262164793448729,1.3077039864860955,"(6.6483955831081, 7.653266552909318, 7.298677547930345, 7.0283322445112475, 9.414663492852759, 5.454674769954968, 5.33242246490827, 9.637097871724194, 6.410336027591062, 7.934387366184177, 7.390121741632971, 6.932999983565561, 5.359610832766407, 9.57769070745039, 8.388323580496445, 6.081122624777184, 8.096030944605586, 6.281972441690369, 7.257789033952014, 7.065380056363224)",-2.1398124830565775
9.619459498226409,10.371185802239793,1.4836867995637535,"(10.31812162959468, 10.20934720009063, 10.063582873100916, 10.494870659700346, 11.165741197844575, 9.462879672749468, 8.6081285636343, 12.2775647754326, 8.472978589093938, 12.423919608303732, 11.679621544380419, 9.039326359929593, 9.910749382087669, 10.660128452422029, 7.549495599120617, 13.965584368918668, 9.692577601211502, 10.860593148761522, 9.901983621516905, 10.66652119690181)",-0.5066610447935601
16.223001393925543,13.840442098551774,0.9495033821038644,"(14.303583751814323, 13.318322902565418, 15.736153004764237, 12.12855195783002, 13.444655905521426, 14.20106660481579, 14.101957118269498, 13.542239053147197, 13.744138761565974, 13.843984326206295, 13.68944139998779, 13.938174447230555, 14.528760966142398, 13.141022651960565, 13.131508172820084, 14.517300991757152, 13.161008486383125, 14.457171800656175, 12.08962095060627, 15.790178716991198)",2.509268887589012
19.633022331392986,17.897081674162752,1.3873387223016163,"(17.50676287158261, 18.183422350325706, 18.102578717318984, 17.602383808324475, 21.58587056742292, 14.765628685631382, 17.3748391819807, 18.347155227165064, 17.5012641990853, 18.168761003467274, 19.974370365046425, 15.950676117041368, 17.744028038436113, 17.962807072393765, 19.17162927733725, 16.61153419014882, 17.348343208192343, 18.328377037219898, 18.162245035452777, 17.548956529681863)",1.2512738448980085
17.732442873013902,18.390348730783096,2.2163277306997027,"(19.916782263345066, 16.728493470843993, 16.56919995494658, 20.165879894834912, 16.325881609826663, 20.48170560118509, 18.571137545714034, 18.013823809017904, 17.51972778746231, 18.952748448222348, 19.244232068984967, 17.355861963524223, 13.493541285195988, 24.781913250275142, 18.566703709684823, 17.967614898041912, 17.48890621429493, 18.984375830452397, 16.94744660911778, 19.7309984006908)",-0.29684502371023014
16.278854014507555,18.23407159389567,2.0843262724281897,"(18.531417156368736, 17.670413681684707, 14.951853645474792, 22.021050583607163, 20.174872957057765, 16.343304696414553, 16.652740144495617, 19.817513510781428, 18.733361450669996, 17.367483489416546, 20.44852279130197, 16.08947926711122, 17.66117445251144, 18.670862191631766, 19.605477988757233, 16.742723992980913, 21.962370572902724, 14.811429192351538, 16.81069262865174, 19.614687483741555)",-0.9380573498746596
22.544782015021188,19.755236967022466,6.452213655096353,"(37.474549357375004, 9.394718393927032, 18.210418854114057, 19.572051659057923, 19.953671513400497, 17.92107002362349, 26.69518703790761, 13.422909378270225, 19.604065045756144, 17.683667790331935, 22.787555494787334, 15.61431106339596, 26.620774549101146, 13.435779243689547, 22.23751976852076, 15.919726783370608, 28.053535037757726, 12.35197593301371, 21.565272711206187, 16.585979701842323)",0.43233922450713774
12.333007774416155,19.834274138310164,5.449159673337613,"(15.631105048550554, 23.461173383151483, 15.972786764947289, 23.05166601332099, 10.812688014010599, 34.09003324009728, 18.468856927897004, 19.971939325477216, 19.71765519440816, 18.501003526893644, 12.075023368632678, 30.475815388708494, 24.182084448353745, 15.24418805528129, 19.407422238498558, 18.93076880768938, 18.13143984124992, 20.116344040251985, 18.31325323314137, 20.130235905641594)",-1.3765914037346385
36.62076088358065,36.746214318400746,4.355702439908729,"(30.96274356707607, 43.021525839884255, 32.75290696573032, 40.696526542147204, 32.73423032943728, 40.731943239057756, 42.959665512719766, 31.04291798364451, 32.56558564787456, 40.82283725025087, 35.36185742968496, 37.6909165777315, 39.981192154268676, 33.35134579452461, 37.27377274978761, 35.75286889752402, 31.165467734221888, 42.65243602249998, 33.04241822520793, 40.36112790474124)",-0.028802113218441904
79.08277221296026,100.23765140968739,12.52985477872224,"(111.49223129549688, 88.80276967484926, 103.55356589667743, 95.6107271577645, 102.7524085307367, 96.35628064488272, 106.64513355098217, 92.83916817878995, 102.14032373983488, 96.9329060027221, 99.88163941429993, 99.12562834235266, 127.10197236126879, 77.89684359805698, 96.65320627531375, 102.43664471714, 78.68484076777567, 125.82798255350353, 110.06061439797337, 89.9581410933266)",-1.688357891637467
5.329403713043599,3.982676115563832,0.7916375123074624,"(2.7564685071336434, 5.53855699040065, 4.6590305114956445, 3.268618687197415, 4.939324611356825, 3.0591484804063818, 3.9310826309415594, 3.898583525553484, 3.2319906505336906, 4.758090029097134, 3.7046468716953016, 4.154002501771512, 5.334168192841792, 2.8221955457151826, 4.436886640993999, 3.460533177261272, 4.319111225415766, 3.555800401710855, 3.846473843481861, 3.978809286272671)",1.7011922458731528
6.255836639780487,7.031655078399432,1.0007826524893684,"(6.645517899151333, 7.297469761829068, 7.033689758498106, 6.884568064883422, 6.0463993434283765, 7.973599343680753, 7.6726935330475765, 6.3342683898907035, 6.747946226826586, 7.216015154604956, 6.90638325012299, 7.053716010808582, 6.3826204367152695, 7.537692769398951, 7.88511360656014, 6.169548308393105, 9.365387119522646, 5.19537773533776, 8.709499136379074, 5.575595718909221)",-0.7752117172386604
8.321922223374912,9.018745452976873,1.1967418041514581,"(7.869762773043313, 10.161907684158564, 10.927183118498514, 7.311072179238321, 9.484294106432747, 8.399248173980556, 10.23053162087111, 7.828119061370497, 10.670205351106304, 7.514655648603636, 10.517234285161644, 7.626708868805931, 9.301358331488776, 8.55258693425787, 9.100793512296248, 8.804624269465817, 8.923845264258281, 8.980742865027514, 10.665841160535022, 7.504193850936787)",-0.5822669745342761
39.35132016550365,40.00159588956356,1.08368676962633,"(39.188965780734364, 40.802664943690765, 37.96787986556397, 42.114935421621645, 40.4563440203318, 39.524571810181946, 39.57705044375814, 40.4025123079797, 39.30718008131448, 40.67979768881801, 39.71690934046677, 40.26016806559781, 39.23049226915512, 40.75964204500626, 39.763293969674194, 40.21316090341211, 39.59512169456121, 40.38400243215097, 42.15994318089825, 37.927281526353596)",-0.6000587460195104
21.30821097947607,20.015233804665147,2.2047618306016754,"(18.5303086108785, 21.3711563774646, 23.571243349067817, 16.80041186038777, 19.449556877126714, 20.36040675250569, 23.099636893938147, 17.14392644140908, 21.71524604945764, 18.23670458698823, 17.67011481626658, 22.411999201087863, 18.94348217159859, 20.903991677010197, 22.058135449186658, 17.95287801715358, 23.218734396885342, 17.055816920439124, 19.441574748301036, 20.3693508961498)",0.5864475504177568
9.376540287755523,7.420034411157677,1.5910190795112644,"(8.72835906823367, 6.04164540217133, 7.475626074251949, 7.045937761747553, 7.899400473150222, 6.645308082123617, 8.722384204772915, 6.055962796959333, 6.651124734270464, 7.953530697796487, 7.608904800007547, 6.954915086744069, 5.327252763690729, 9.837798944650618, 5.834144446368852, 9.060619473944463, 11.354788019623324, 4.65610272021955, 6.934570741425893, 7.612311931000947)",1.2297186764088668
8.729282946028988,10.519214209963202,2.1369752895807683,"(10.766068021048833, 9.886058330609993, 10.492519597937267, 10.140001846349493, 12.193435979103047, 8.716943333676095, 8.622537758829337, 12.349781810777614, 8.679987765747528, 12.273019392457424, 12.161858547640884, 8.760586944065992, 9.586066007583536, 11.082569574663781, 7.3279916227986766, 14.533734119139114, 9.667121292779127, 11.017873521944225, 7.072049729419335, 15.054079002692754)",-0.8376003562892684
17.795645356880996,14.078957907637744,2.5795961505070264,"(15.669304802940305, 12.266388967877525, 13.407708752982732, 14.331735171673927, 12.007802642686697, 15.993639844614837, 13.798792922813874, 13.933218088788662, 21.382202916832824, 8.993367872881706, 15.081988425062022, 12.75194520987574, 14.079101725161005, 13.636619707052533, 12.824154342046402, 14.992117471980364, 13.385320881495057, 14.364942565196813, 17.998447886155724, 10.680357954636136)",1.4408020606298113
13.802696915589744,17.988859696879654,1.966837935612018,"(18.208570367917815, 17.571341490399952, 15.424952486658178, 20.739902243369162, 19.71127385787181, 16.227350816546025, 18.359527710138167, 17.42849101912536, 19.23883192166988, 16.632003267006876, 17.593503301911497, 18.18915552171734, 20.92708350721194, 15.282866166742943, 20.32180484484734, 15.744065906848267, 15.188545262494356, 21.06678917912031, 19.582430242694524, 16.338704823301374)",-2.1283719952184614
22.61040500381792,18.418843824897966,1.1440973539097352,"(18.25314883322245, 18.51995700025563, 18.600599658526843, 18.168061710908326, 18.849231914738485, 17.921147959476738, 17.51579191493103, 19.304394403690125, 20.750196042292906, 16.29496607710799, 17.703385155852196, 19.10486676490854, 17.093777249124216, 19.755429659995276, 19.90146299877396, 16.984878764933775, 18.595632396482277, 18.182126913367746, 17.04416473373524, 19.83365634563549)",3.663640305255572
22.227657894910383,18.41267804638286,1.936344297342248,"(16.403504939194253, 20.456513986951112, 17.49514069996873, 19.167789949073644, 20.348800872138977, 16.46673659666311, 18.894741843476822, 17.768003616469926, 14.809122081253227, 22.66878503344064, 16.343755793461945, 20.551847778368156, 16.519145105758824, 20.27190684656432, 19.954599553858355, 16.813681707446513, 17.853978949322713, 18.801124785697457, 19.04659354981237, 17.617787238736078)",1.970197063489079
12.668462119669137,19.813344411657535,5.37298141586312,"(22.768485647851914, 16.09394241329139, 22.232883211454137, 16.46143164907253, 18.680866145102215, 19.57037056522774, 22.474482336025368, 16.3169552775547, 23.89684295762309, 15.337991151379205, 32.38308574657046, 11.332784554134532, 14.768662693416353, 24.727698623590218, 13.821814135264749, 26.486503035174852, 25.656320206124814, 14.285438497871947, 15.835459401583618, 23.1348699848369)",-1.3297798259442963
15.574808378768871,19.554562980323496,2.874460576376572,"(19.173715319125254, 19.541183524643383, 22.810029878356854, 16.419093443019353, 15.53119084560885, 24.1045623414029, 14.921824567576413, 25.116146623029714, 17.581363682967876, 21.313663954326532, 17.091861127700653, 21.933253832667248, 18.873516895302302, 19.828425346391665, 21.985317540498762, 17.037382160334584, 17.719285864408683, 21.147256374774603, 17.276589612506047, 21.68559667182833)",-1.384522241933595
39.04197106670671,36.698203254988734,2.7726872862155494,"(36.28410277959923, 36.9210891882389, 34.48410006043281, 38.84968823642583, 36.599324041821, 36.618423281896526, 37.57551812752694, 35.64672014145058, 31.09777234718313, 43.05757168418738, 40.69583521368453, 32.90628795137105, 35.951946724132156, 37.28094156947316, 38.53129579783344, 34.749401245033994, 37.416778645213356, 35.78981584750211, 33.37318896906461, 40.13426324770412)",0.8453054996032355
92.66831772724322,99.94057929995745,9.5974094548026,"(100.668689681016, 98.35156211391607, 99.38869701758956, 99.61823010713495, 89.8931841634838, 110.14120167032453, 94.53644365933006, 104.73120415418094, 109.95621466417093, 90.04404416353267, 112.82922994887932, 87.75124424842566, 102.80857137997661, 96.304695597264, 109.2069372455757, 90.66184280071747, 84.74739595011653, 116.82844962409654, 111.7255955277103, 88.61815228170711)",-0.7577317198939706
3.639421486552187,4.000544578672776,0.9556794030918547,"(5.246643783354597, 2.8945483235641656, 3.8064590633499575, 3.9876663680118347, 4.326362459415065, 3.5015646423107833, 3.339798970862364, 4.554545844866219, 6.454765223766912, 2.358050749907813, 3.8253239853940406, 3.9621148531958617, 3.840052913227074, 3.940090104885709, 3.7363852805007896, 4.068930583933995, 2.8822506008376565, 5.270624566438569, 3.0800318886217064, 4.934681367010384)",-0.377870540007735
5.705935525066436,7.0201741341507145,1.2561523625666642,"(5.1347521722125435, 9.313275043394514, 7.088387285151068, 6.744731493636654, 5.193271645014666, 9.194729163478542, 7.194819145268392, 6.65298467177684, 7.322384493818504, 6.5408753021485735, 7.575862895875875, 6.3052668971963355, 6.45760740409701, 7.389820026580577, 7.5632834328931375, 6.327107677505016, 7.957020640825062, 6.011109421177284, 9.281056798916834, 5.155137072046861)",-1.04624140211696
8.957357255503478,9.00758916238651,0.9728071057252858,"(8.604197272693039, 9.3259676410586, 9.391749038387166, 8.542970542163303, 10.310651816110928, 7.775295764721126, 8.2212792503582, 9.766078372651911, 9.360889801672363, 8.581810678356899, 9.81020289885864, 8.174262506870546, 8.162510772617303, 9.818613368385522, 10.348636847536484, 7.7574061437673505, 10.156748018595998, 7.901429095796359, 10.48704705809967, 7.654036359028783)",-0.05163604026677202
38.50876104180619,39.99912312881916,0.9803166349065765,"(39.807634293712105, 40.1685525220688, 39.47227456132914, 40.509873935665425, 39.65181216484584, 40.3263304972459, 40.09506593343624, 39.880615831436806, 37.95710090195628, 42.12731668194228, 39.18946128081815, 40.80220074904629, 38.427760033657606, 41.61092449865158, 39.104243129078995, 40.891175515616695, 40.12231721947372, 39.85353665031157, 40.58583879994115, 39.398427376148604)",-1.5202864400592355
19.15739856826762,19.990298195057584,1.9124345047491906,"(20.81819484505316, 19.029103908175667, 18.446280880651607, 21.476219639276707, 20.85751248184229, 18.992270582879755, 20.12065344168948, 19.689299254730265, 16.794607703271883, 23.591632696433667, 23.377538476823982, 16.945673704545314, 20.5600150590004, 19.267398257847077, 17.552464573352317, 22.570456989168726, 19.160443334414115, 20.675747857154533, 21.14389145984441, 18.736558754996217)",-0.4355179875293012
5.846765239527974,7.572191741428419,2.2008067327526493,"(10.17971393621983, 5.207785480813576, 6.552138169344728, 8.089586410098153, 4.104272840962466, 12.902460733094324, 7.852452072453402, 6.756048423712184, 11.196820709395977, 4.740264349067549, 8.779717266369351, 6.033207415429588, 5.775901551454405, 9.16410122739998, 8.52932425011077, 6.218637251321236, 7.093038982681105, 7.475135720939835, 6.101865508260701, 8.691362529439203)",-0.7839972843696165
12.221972886689425,10.476689306923348,1.804430398403217,"(13.687657620004558, 7.796208880430376, 10.076278994219262, 10.590051866018518, 8.49646418044532, 12.554399061687802, 11.39691777283287, 9.3656287967268, 11.048362833980043, 9.664151811676247, 10.976548442129223, 9.71926351172089, 11.114087223640716, 9.596618288821224, 9.119377603480684, 11.704128842305769, 7.898094998679885, 13.511911699313952, 13.021136370868456, 8.196497339484381)",0.9672213355031705
12.035962116179613,13.981434678421747,1.8288589898785585,"(18.098161965348332, 10.627393941595622, 12.341534082675796, 15.584712777092568, 14.17467260951032, 13.564039843700206, 11.67851982160143, 16.472769067348473, 13.646489626899351, 14.104330642607755, 13.778042470396539, 13.957253855223552, 14.841733865079973, 12.954388893570162, 16.118873459898783, 11.935006265016206, 15.95808815832586, 12.053384834013078, 13.8470147260043, 13.8922826625266)",-1.0637630200080757
21.186228639851713,18.001781500767255,1.837196482128539,"(16.459108551065633, 19.494165604191682, 16.096697857765395, 19.93392156978925, 17.00999400264984, 18.85827843057589, 20.504849565357706, 15.649826892768132, 18.238145867157098, 17.60396255645594, 18.075654420358987, 17.749627287314492, 17.630201867359595, 18.19586175493966, 14.918338745916342, 21.511256407127703, 20.975584139421457, 15.297490521936927, 18.2265453657947, 17.606118607398606)",1.7333187658812745
18.827288347324018,18.475835847774384,1.3335421574830983,"(18.773115357730877, 18.089812363170115, 18.26932223760515, 18.591258154635977, 20.75434662986009, 16.351141202445763, 18.02329184996142, 18.84945354319181, 18.112196171511524, 18.787388648356377, 15.77974056975671, 21.517688959905435, 19.209339725481726, 17.669489639714428, 19.589341910074875, 17.34524549059439, 17.282143899575978, 19.653698586516384, 18.727199124812515, 18.141502890586136)",0.26354809825656983
18.732310616406306,18.54714504547429,1.7760288578833634,"(20.706668264974418, 16.46188646511541, 18.51203825029881, 18.41847662416453, 18.20649266387073, 18.696397592230735, 22.043807574376455, 15.474513855810963, 19.529447762538915, 17.521824561114553, 17.697239232373942, 19.254858161765526, 16.627749586718423, 20.478822030079534, 20.764188590022826, 16.43311080948723, 17.701969408685947, 19.262234096569692, 20.554104764735374, 16.59707061455177)",0.10425819947131425
16.268362782988916,19.790701746090054,3.7905291120202493,"(15.949306341007148, 23.6897444312915, 19.419713360506154, 19.470236531768197, 17.256725826866987, 21.826345998365557, 14.158736260827624, 26.727683394379724, 23.33001112438095, 16.346601402611213, 18.72656175067392, 20.164606331076747, 26.433562623474725, 14.262747596370259, 22.948401393159337, 16.504159422599372, 16.325117147097956, 23.16188340683393, 17.583017433598908, 21.528873144910932)",-0.9292473053250939
16.76188201359842,20.025980535042944,4.956476859647363,"(19.32259406318804, 19.59436759559695, 12.031887955012692, 31.474918893837383, 17.28413025764124, 21.882459853800185, 13.697004417996135, 27.656633178527134, 13.781562748164975, 27.556884946141324, 17.334830682834554, 21.836827872602306, 16.58242630624404, 22.815605042403373, 23.592610624770938, 16.060749330689006, 17.753782738703322, 21.33114184772468, 19.31385442594352, 19.615337919037025)",-0.6585521558708041
31.544928003414114,36.93769996705393,4.281193571660888,"(34.88991199942639, 38.60450209690082, 32.45035045970029, 41.513088279152804, 34.68917590541254, 38.81753443581346, 46.884545324260635, 28.73059994491038, 39.60801275204056, 34.05199194565061, 31.353583836457766, 42.96266897647575, 37.33112890984901, 36.07813353276969, 34.43784433281644, 39.12288257477321, 39.8869270166314, 33.77161115342683, 39.20223794679024, 34.36726791781983)",-1.2596421706640308
90.35842448184079,100.35369404720382,13.467572795682079,"(96.19770148463228, 102.92367541572976, 99.51785880356577, 99.48994813194363, 123.64480362369, 80.07626639661125, 99.6686569122619, 99.33937568322351, 95.62841754641235, 103.53686325584809, 120.5906488765513, 82.10442678567829, 114.69717794224333, 86.32315227539893, 96.65123759200729, 102.44080285550358, 97.78293474787621, 101.25513648778058, 127.62682223823681, 77.57797388888169)",-0.7421730490714463
6.284116900166626,3.9616422425892233,0.417786206198033,"(3.7782521231880444, 4.1179892843918315, 4.042005069510845, 3.83018791447405, 3.250858971647101, 4.782570653015983, 4.641432524700066, 3.355521850928784, 3.54704193150218, 4.36367857232688, 4.386831885143296, 3.5275796051436874, 4.423194114468682, 3.5175678454877413, 4.073277714471467, 3.8312809713510543, 4.135056553083193, 3.753368637217363, 4.004253463878647, 3.870895165853573)",5.559002722259663
6.552361162796505,7.039711733657841,1.2348499129774073,"(7.041444420631356, 6.850199476748469, 4.4561994368943845, 10.794699984942746, 6.8817360070559035, 7.007011142852593, 6.188608259720874, 7.799310887916428, 6.264106856925644, 7.677938408597779, 5.821738058743363, 8.261021210298214, 6.068104654512203, 7.9491673356543355, 7.250844230880033, 6.664427392940949, 7.314486791853212, 6.584707428429154, 6.412218256274973, 7.506264431284194)",-0.39466380953638425
11.013176172924547,9.04756116218349,1.1001065780076882,"(11.067684754228864, 7.296365137233141, 10.034968866805484, 8.036509811047548, 9.531230361194051, 8.471862193015099, 8.712213612177884, 9.272702600352336, 7.901363983325965, 10.205473762471392, 9.711600121053767, 8.30348684691484, 10.167188957979441, 7.942794676251092, 9.726957023639669, 8.310300767354516, 10.726946548311263, 7.521995092733518, 9.653434098380854, 8.356144029199125)",1.7867496204784266
39.29029792625244,40.007636416063775,1.33232843762613,"(39.477344154905396, 40.50231828146868, 42.627706285022185, 37.50913803737343, 41.01887008524547, 38.980274839555086, 38.6786035903555, 41.33876910839636, 38.85450983700055, 41.15165987853206, 39.753098742797626, 40.221512428385644, 38.92366564404714, 41.07846043360106, 38.04986292286018, 42.021794979024094, 39.67847563828754, 40.29697661635208, 40.808664881220594, 39.18102193684488)",-0.5384096515191458
16.195694162070904,20.035137037956872,2.3948835690677917,"(18.11185578014686, 21.864949311529838, 25.43911220651943, 15.56735537744813, 23.14150231998559, 17.113201710490813, 19.570182382304512, 20.236175220825565, 20.413892772777366, 19.39928688317003, 21.310526818578253, 18.583474031886617, 19.833729084410148, 19.966813513063524, 22.86252552585702, 17.32198088324217, 21.577164034375336, 18.352843533533747, 22.189259783568296, 17.846909585424143)",-1.6031856101382296
8.397750712366774,7.496110263182253,1.841170410600269,"(7.888097719537158, 6.735180473989152, 8.523621607455711, 6.221318137696924, 11.345078130599312, 4.6819459391244305, 9.259606196793632, 5.7402171102606365, 6.170719893085009, 8.592508667367012, 6.9583371498432305, 7.619770603448184, 10.84959380923231, 4.896836555142777, 6.623085718584541, 8.031684854464213, 7.2837408945958195, 7.28651614427916, 5.411775790447488, 9.802569867698345)",0.4897104819811671
10.410790672503095,10.475129925842449,1.766424001194327,"(9.176994185417858, 11.640587640160243, 13.680281565353404, 7.804781801738466, 9.39767852598683, 11.367220950127695, 10.668052829118468, 10.01543750644918, 13.709986340691994, 7.787432433569812, 10.566782161659104, 10.104282574268382, 11.084351290502, 9.63766221633967, 12.512028818473244, 8.54142209227824, 12.07288678340763, 8.845286848051822, 8.92375741724654, 11.965684536008357)",-0.036423448331687015
10.993484338031084,14.003391270434854,1.9493567816985018,"(14.813430087303686, 12.99720138454043, 11.517545356012995, 16.712753195291217, 12.769294526266142, 15.079055122466364, 11.985037742530118, 16.06733379898261, 14.334581246885275, 13.427466515025783, 15.446029791822655, 12.462361744756016, 11.756698937556612, 16.376811086460187, 13.350068283051415, 14.426245951613607, 17.92910256523776, 10.735601338604491, 12.577472541444433, 15.303734192845234)",-1.5440513305015386
18.49463659848655,17.966304578939706,1.809239830368799,"(16.68472270520913, 19.16034515694293, 19.07361607454985, 16.76055674106034, 15.868653314449862, 20.14779335547141, 15.40017501397733, 20.761157363011012, 18.098414486900595, 17.662731471307225, 17.201536684437084, 18.58533665832488, 20.899563411402912, 15.296522972192804, 19.858783003745078, 16.10017255269223, 19.196607957752413, 16.65055031079155, 19.658237905811202, 16.260614438764286)",0.2920187863867382
18.35986421509777,18.49878288447194,2.2653165499979444,"(18.48856237608627, 18.245809059454146, 15.682393564245325, 21.511490178791227, 20.835912267993976, 16.195541882776993, 16.716037310675027, 20.188227465563937, 16.720345883785626, 20.172856364614177, 19.694807443502253, 17.130995756748124, 17.041107486901275, 19.79664592262011, 15.386931827094672, 21.932482039818563, 17.227826631085414, 19.571845464353885, 22.33847087811979, 15.097367885208039)",-0.06132417536714535
18.152657107707114,18.451909313020916,1.803514360818825,"(18.876872965834345, 17.873227407931086, 23.169982622893873, 14.562619910940377, 19.770655606349774, 17.07603079408277, 17.088804990373095, 19.757951737315313, 17.260929780714616, 19.54181366487977, 17.78299534664578, 18.978427332800546, 20.656302264279827, 16.33523508303068, 18.314970783165357, 18.435862150561206, 18.672658904134508, 18.05224148070436, 17.036602151704553, 19.79400128207659)",-0.1659272650193576
23.01287662013666,19.594470351210333,4.697212100335203,"(22.454467431243334, 16.27309092654678, 18.68150095146951, 19.57071316142606, 23.622384582242884, 15.492830987068698, 20.553665404458265, 17.808218253349832, 20.477413508389102, 17.841199670647207, 20.77378655953102, 17.60990548629866, 18.294368720161522, 19.97839836638103, 10.26130384587734, 35.66617418278198, 20.415036568928485, 17.86292304557508, 19.983354256293115, 18.26867111553672)",0.7277521636041049
15.295504679180526,19.650650742751445,3.3028676770512955,"(25.370659900238596, 14.819934398787412, 21.13732090222843, 17.791466648240434, 14.890675194271942, 25.263276907416998, 17.708954445795396, 21.243628386822248, 19.305413586488484, 19.47497778516267, 19.353959602100492, 19.434629129386252, 21.08877353682999, 17.830418961430286, 14.14336592269792, 26.598112229105315, 19.29032790439677, 19.478316302885315, 19.907984269224006, 18.880818841519975)",-1.3185953811686053
38.67735491150231,36.856515388768116,4.5290549313575,"(39.51584837669326, 33.88031212207425, 32.583189799756965, 41.10430396553687, 35.65482411756644, 37.55833457337843, 42.580561913894904, 31.447027184113317, 37.251192560084256, 35.95051570940172, 33.55634165237736, 39.91641509680497, 32.409352988847424, 41.3104311925074, 40.09581466602592, 33.38952244336385, 30.48468478646129, 43.91200111477771, 30.21273512876614, 44.31689838292988)",0.4020352038848939
94.96360007398579,100.65309701877109,15.851692056611624,"(103.15022467937321, 95.98412402301865, 95.01728613108412, 104.19996895124818, 111.77983251265051, 88.57404415143378, 117.75575271590608, 84.0790224827605, 145.16346096693326, 68.20446294178474, 96.93031978343134, 102.14349627590451, 86.80057902287766, 114.06357898014456, 112.24516270467383, 88.20674970520552, 104.20970131543112, 95.00825055401276, 92.43436551301878, 107.1115569645286)",-0.358920481451837
4.583091587491782,4.085310928975759,1.158259564901084,"(4.759231657435574, 3.2498152239514226, 3.218204230870932, 4.8044595612054914, 5.1298968459458765, 2.995779230505411, 3.2970591208830227, 4.674358187167836, 3.336113130680344, 4.6273291677171455, 6.247742211253242, 2.4636320785961043, 4.558198897396637, 3.5333503485743574, 2.279128815765343, 6.761228190228062, 4.3252420192323315, 3.5452102539900077, 4.352574384674498, 3.5476650234415374)",0.4297660676417841
6.573909786213181,7.082763987406207,0.8064101554856096,"(6.776708566413682, 7.307911629535298, 7.9016418471602785, 6.266542451435564, 8.871464196592935, 5.562103938879066, 7.334737726408906, 6.738455141880078, 6.166563986296066, 8.021509278690587, 7.599088422005844, 6.498716960370926, 6.140136304821844, 8.262481825781165, 7.292308576186284, 6.777240420522584, 7.335387336470849, 6.717896921387714, 7.384591240495624, 6.6997929767888555)",-0.6310116480199841
10.559365459945374,9.0198023456172,0.7071242089475493,"(8.781199710711443, 9.206581191188633, 10.210391947491656, 7.917317482960517, 8.829569228242173, 9.135561045046808, 9.84869843948004, 8.198729507089716, 9.14287397861603, 8.835102862222167, 9.149312328951714, 8.82017663184092, 9.798151274470909, 8.383585477217435, 9.913312964960335, 8.145038521196124, 8.344196404638687, 9.658415011162198, 8.08502959751465, 9.992803307341822)",2.1772173754588158
39.30104275368605,40.004288001995306,1.1895107513681558,"(40.364978320624715, 39.61335478362068, 39.800139771014926, 40.17561005307513, 41.77427054615428, 38.276839058080895, 40.63726821598394, 39.34789095565581, 40.421518600621155, 39.55777199749458, 40.28271072345439, 39.694055479480014, 37.36710822616966, 42.794585216517056, 38.76392780365326, 41.24946859613734, 39.28084329781769, 40.70638012656834, 40.29504767954613, 39.68199058823622)",-0.591205457790438
20.931041120520778,20.011483200925937,2.0895317225534207,"(18.667772941554738, 21.229759662174118, 16.619571823326496, 23.846479286054247, 20.621984766043145, 19.215984092837633, 19.222208268022346, 20.61650074650361, 17.658287438695467, 22.441676678500734, 23.828106048844948, 16.630266362293312, 19.070952995909987, 20.80789481893655, 19.209453537418867, 20.630252169790708, 22.408591478262256, 17.682669663239196, 20.286604821102134, 19.534646419008258)",0.44007846814172075
7.112833392864846,7.424371660255857,1.476748996400601,"(7.808737538766797, 6.79459220294263, 6.398333828903372, 8.29144225818585, 9.646630227558445, 5.4855508209771315, 8.38726652413489, 6.316757240559661, 5.623300874650403, 9.427001174462958, 10.031434734951699, 5.278209806773436, 7.452461801867753, 7.24658955831415, 7.710956993700932, 6.870481850058144, 7.917494687572206, 6.677031887669515, 9.600792090737187, 5.522367102329982)",-0.21096223403594547
11.050967419639548,10.40837582796019,1.3050892199559958,"(8.632414059495602, 12.360925789705286, 10.73387553719033, 9.940719071426154, 11.13466183856763, 9.574075135996871, 10.94372407882853, 9.745438310106298, 11.218311897228029, 9.508036711001113, 9.634082872529438, 11.067068468492165, 12.808878536964864, 8.389674874753958, 11.86335458268569, 8.989895736585627, 12.117205131106521, 8.79427782254214, 9.605954470122498, 11.104941633875065)",0.4923736874487584
13.172552912983333,14.03588598622589,2.123484152471348,"(14.873504647324722, 12.958635766113343, 13.250681158806373, 14.545993027015994, 11.947774675466365, 16.118935742648112, 13.474067135603953, 14.298819665364578, 12.947901398133974, 14.879555813017445, 16.96531152786706, 11.352433474779708, 11.477562212601653, 16.9162484078112, 18.825892601792084, 10.233960595951249, 12.557163551809303, 15.330442149813045, 13.988982425325778, 13.773853747271867)",-0.40656440606716826
16.5527054416226,18.028634132575007,2.0754242600986545,"(19.43384783799027, 16.51152907100953, 16.00818763880494, 20.04593498068707, 18.536170022204256, 17.302495114100942, 20.981360574137582, 15.290205884237785, 14.236734496691568, 22.53138833692313, 17.915957010085414, 17.9011245232282, 16.56752356393526, 19.479181503882046, 20.08739442973673, 15.970833266085453, 17.79546488914794, 18.01701907026812, 16.40591722863239, 19.554413209711548)",-0.7111455326643672
17.636322742975786,18.559792412590138,1.9524061880510597,"(22.39182727675426, 15.210449991516855, 18.5369831660585, 18.376677330383803, 18.13912328411884, 18.748461848164382, 19.844761069074483, 17.15114797519514, 19.207977336065326, 17.71309976424166, 17.576331134752433, 19.347197627011205, 15.240936536356424, 22.74337461882207, 18.252376346961775, 18.64807382450011, 19.865985428125146, 17.10223972234123, 16.617214320609506, 20.481609650749633)",-0.47299054636585774
19.630613531296934,18.664024755874348,2.437915687294652,"(22.384964489474598, 15.284098789306054, 18.465755229684238, 18.53442255772321, 18.793945554566346, 18.15099521062927, 21.81232861007526, 15.664643652838608, 18.06427141077091, 18.90052219813527, 18.481590339999528, 18.454580729836916, 15.903605110491826, 22.274953204536434, 21.97343170267347, 15.550832922547798, 22.21847307301558, 15.32411446384989, 17.341173689538085, 19.70179217779374)",0.39648162586590807
20.989475784710507,20.642777268321765,5.884826254894672,"(30.303933297211522, 12.950254268213369, 14.975166298834756, 26.229969879768745, 18.637661814944977, 20.923433992376502, 19.824675100118444, 19.740976810694175, 27.324565525569238, 14.29412364797218, 16.97845350021031, 22.9546523299968, 22.003781149531715, 19.311133026091856, 29.04444788101796, 13.476911521396056, 23.766899406000352, 16.336823313776147, 31.266087098798383, 12.511595503911817)",0.05891397661916983
21.237689133796703,20.348499706969495,5.991753618194625,"(21.842759062239047, 17.438449045227554, 18.697731823332525, 20.37762166124809, 22.14685303341129, 17.162531920652466, 32.88953485985109, 11.570518848008305, 19.412147919671977, 19.591025789421934, 13.197839561700539, 28.794576373492404, 26.65540230389235, 14.671465454825087, 13.558602002481054, 28.068618068280465, 21.426923721719717, 17.713669263528296, 13.437505554502035, 28.316217871903717)",0.14840220134003604
34.975969899015425,36.966654264888746,4.375359264808587,"(41.72952588737829, 32.291378903185546, 32.45936939836275, 41.522732870208586, 36.82234122897687, 36.57766352695803, 37.18806830144539, 36.229919156744124, 30.939096571200494, 43.52741051526117, 31.97624900923246, 42.111253487693986, 35.491830710921974, 38.34976370287724, 41.339781577292236, 32.59304454820095, 35.81289240965693, 37.58903341766634, 30.2429354458187, 44.53879462869278)",-0.45497620775614395
104.68586787636687,100.09074224232782,11.176317034104937,"(96.72062728939571, 102.36738278388118, 89.44096718521897, 110.69922832431337, 106.30706398735077, 93.13611661175696, 103.83035490478485, 95.35781693044262, 77.6897395817481, 127.44306743056278, 92.7486697624209, 106.75104757806653, 92.74402188604434, 106.76005859679626, 85.38236110848305, 115.96116455152807, 101.0053903089224, 98.02457991574737, 106.32335552584334, 93.121830583249)",0.41114846867862265
5.566527283256761,4.27115966074955,1.1283644132780533,"(3.7047775318000244, 4.5961854628306495, 4.626210865722124, 3.813649822438978, 5.260002091055561, 3.2294590289568967, 3.759063617891178, 4.551792120078629, 2.27243132030363, 7.406875504367383, 3.1052838977248705, 5.598261633497956, 3.5445372739551875, 4.721603156978512, 5.004229761332325, 3.4533280142600615, 3.251585612317361, 5.1725920270167185, 4.542813086200377, 3.8085113862625852)",1.14800467585112
7.612791564773539,7.306889700150214,1.2700029853279906,"(6.207223177096499, 8.326838844145332, 7.494072548139208, 7.07769124150126, 5.348018798162615, 9.648571445722203, 6.703076867385467, 7.738172631894883, 7.8960103467074765, 6.493704339937297, 7.795429319515171, 6.729711134629193, 5.265360001317335, 9.69880247969932, 7.16738800129617, 7.2884526820182005, 5.844837134097874, 8.76896482230153, 6.166863317031888, 8.478604870405329)",0.2408670437450368
10.092597396760224,9.18939935461202,1.2001505868879299,"(7.360468823045638, 11.265097778944828, 10.560377765572404, 7.969618577713374, 8.951433342611544, 9.254599942166596, 9.214194190368207, 9.017173691151513, 9.093120014074758, 9.07924396738513, 7.731811733337048, 10.814789768597178, 9.839081078649437, 8.372031010388486, 9.514789129252406, 8.767302815505397, 8.588823610709563, 9.610859499479899, 11.567888806129575, 7.215281547157413)",0.7525705957368709
40.24557411615073,40.002610956181435,0.9383254833977873,"(37.9114166546588, 42.186483763007246, 40.66658971686934, 39.33133141560393, 40.44350403500088, 39.54521391199477, 40.727094177536955, 39.27028871936421, 39.82131761361069, 40.16279210945483, 41.06382050171827, 38.94931931781315, 40.30942529818218, 39.6761407606778, 41.075445188195346, 38.93791615712845, 39.57463695994083, 40.413257583051426, 39.771034134545616, 40.21519110527419)",0.2589327096707363
21.41726369567733,20.162686980938247,3.181754509520549,"(18.816200579172055, 21.097481507665016, 25.877568604334865, 15.357991752339073, 18.915070143856543, 20.986399809729026, 25.553034238170795, 15.537664730653452, 22.45006445415515, 17.679081430170967, 21.28893976949212, 18.657761537949064, 21.01330934600833, 18.88527647188699, 23.211098726796987, 17.10999853821035, 20.017439907927823, 19.828060677456982, 25.228629758177032, 15.742667634612356)",0.3943034294396689
7.050825891027999,7.655959271322303,2.1056925413865746,"(6.938864495541181, 7.855894053561014, 4.5970975285361515, 12.023779143439791, 6.679781918994129, 8.153339643454968, 8.074495246986553, 6.763857206663234, 5.557063280383902, 9.76737404233416, 7.821763961971376, 7.0250307322992205, 4.949797614942735, 10.941953782598821, 7.237261777440454, 7.575144807441831, 4.68044223972832, 11.594243773077826, 8.16098574441122, 6.721014432639186)",-0.28737974248407155
9.783058713130883,10.541873490215727,1.7945902490568073,"(13.212703989883721, 8.181200859086335, 11.908223686440389, 9.128976127851885, 9.733814059239274, 11.10161191661997, 11.44916843650391, 9.448699556363085, 10.22934889785712, 10.550871297233613, 10.090747825975953, 10.746189947641927, 6.9704224881745, 15.47094633303425, 11.386427790364852, 9.514938713662785, 10.848480506479607, 9.948414303531383, 11.461790290650292, 9.454492777719645)",-0.42283455930046326
11.695561459588392,14.129960365192183,2.205200070849436,"(18.244189750038394, 10.682852567321648, 15.229369772091777, 12.876299105057628, 18.042830044102576, 10.798998649026583, 13.995259380855664, 13.9377538446504, 15.695204465374664, 12.400578232872986, 16.998139481950002, 11.503477047174094, 15.98129580254735, 12.168579794469386, 14.185423528108176, 13.7720045400874, 12.694184939826684, 15.332927076441962, 15.222524886665033, 12.83731439518121)",-1.10393561916859
16.428467657698995,18.128816468290733,2.213909133590991,"(21.27468615705802, 15.21750875541311, 14.666236712468963, 22.18520544026421, 21.0429708887522, 15.382221239257406, 19.771150551982373, 16.385724684994404, 20.83625863950017, 15.523214651790218, 19.51912989352773, 16.62889639675164, 17.098628885577916, 18.904749807934873, 18.019086336479468, 18.000624384515376, 17.441306076843098, 18.54659711595774, 19.460654884918437, 16.67147786182732)",-0.7680300807259188
19.084420493261447,18.82695871687453,1.5503486696028002,"(20.13229323688267, 17.443520994586347, 17.583597199929553, 20.297356449797107, 18.70574265532826, 18.76299624150284, 15.960020222735674, 22.051059782712702, 20.20801893387967, 17.327531538754783, 18.180090582887335, 19.47675811328303, 20.087124762259094, 17.397409189795688, 16.990002356382135, 20.79442622805054, 17.686987762162353, 19.80400368334121, 19.714460574514096, 17.935773828705532)",0.16606701539782032
21.189499411695003,19.22378714650971,1.8021785632809553,"(22.16090069601535, 16.440802229417248, 22.162615047170064, 16.994584730631974, 18.81795227714594, 19.338896269389178, 17.67385496338301, 20.70610673880723, 22.167519390649204, 16.33888634512484, 19.95285379066267, 18.57187034609451, 18.760337522552216, 19.22845086079546, 18.25011717912553, 20.211708449801243, 19.792813549615676, 18.31225098431979, 17.607672330056644, 20.985549229436458)",1.0907422301187601
28.792505663680643,21.860832346155448,6.034418467884419,"(15.538864277605013, 28.261052412276225, 25.35820787061158, 18.655220926844198, 16.533273301573296, 26.49800559854509, 12.161264411220671, 36.46654496251862, 21.273145865002856, 20.39012712729892, 18.799589575782353, 24.25134721394795, 23.710860441387585, 18.13329153484492, 15.999187049077802, 28.209271950229233, 19.36817539668883, 22.43721364913198, 30.13475563466861, 15.037247723853225)",1.148689530634315
17.23583499792015,20.51663307864105,5.19818415660361,"(24.587287611292766, 16.05626605515195, 22.785360874927733, 17.73637058955575, 15.994888311970344, 24.662161568290227, 13.379828297436495, 29.597346982979182, 17.388138319627803, 22.612457949747935, 32.61974843322941, 12.246957413015103, 16.166609270208436, 24.252691598915042, 20.333669417659944, 19.583884332938908, 20.292783756485647, 19.386242003424304, 16.530537848394804, 24.119430937569092)",-0.6311431034148869
35.49874263510236,37.505008653988725,6.240279642668942,"(51.253502896903164, 26.68497169911785, 39.30261633783392, 35.14384653351013, 43.13421524384303, 31.701668806794874, 46.47281971486253, 29.466875631461846, 36.761214908236596, 37.161339947434044, 32.76190367348379, 41.945399254324926, 36.532430853003326, 37.354807704292845, 30.436825180156543, 45.0923662033894, 35.26185942805102, 38.75584597313661, 42.75730190842825, 32.11836118150971)",-0.32150258221894246
96.96566842322324,100.33534095530992,13.348712909732939,"(101.34030126191696, 97.7053980413286, 98.23316813804654, 100.79907110523793, 82.06938777234365, 120.64778470402268, 99.12531926457673, 99.88904840406491, 73.69207205690623, 134.36266712968742, 111.44635157167717, 88.84673585945231, 105.81581818783097, 93.57231597931413, 99.51102340330095, 99.50259007606162, 105.3515312094971, 93.98512723319838, 113.80892032226353, 87.00218738547018)",-0.25243426500166577
4.120186247715172,4.043507341676958,0.8108141153816869,"(4.701638271911209, 3.3518344918010374, 4.241520138465892, 3.704246730483241, 3.30251184951395, 4.755258705301869, 4.017425557919398, 3.9035113883894006, 2.981605138406396, 5.261364330755807, 3.0273868706466565, 5.1763307861011505, 4.354188864005527, 3.6411533111843806, 2.876737525087224, 5.489818989646223, 3.8804590562460817, 4.053530152914207, 3.157657698963123, 4.991966975796384)",0.09457026534635284
7.499184893662146,7.0106310827708676,0.9854962341644614,"(7.822390842850078, 6.171991608429714, 6.082687577759421, 7.924084156968579, 5.2677380742358535, 9.147512218615889, 7.6381599973969365, 6.302280492333398, 5.698405539924989, 8.448666864146723, 7.244794372323801, 6.643990172040263, 7.246964515997943, 6.684366816247015, 6.101251659434554, 7.922842097036125, 6.261873964146541, 7.701594505271652, 7.108277651769753, 6.792748528488078)",0.49574396527805237
8.656678989559257,9.065019387721382,0.9406837558763671,"(9.589032915828538, 8.486907543975166, 8.165371352420818, 9.958556490784014, 8.777082405352127, 9.263199127052836, 9.181343863949019, 8.849406604397004, 8.88025165106115, 9.149637525123088, 9.076662101401366, 8.953275969309013, 10.48088954413832, 7.777584784853835, 11.251892081252366, 7.237342923821284, 9.970876789901498, 8.157055720196338, 9.728740570309624, 8.365277789300261)",-0.4340889226706198
39.44600394573924,40.001051880687605,1.1075625029863925,"(39.32441457813514, 40.6597246909178, 39.07132899227787, 40.92315134430205, 40.014736052324075, 39.95832911670273, 38.46893808079107, 41.5638242121457, 39.52492670083168, 40.45328895539796, 39.08307755405002, 40.91093581201897, 40.704244522497625, 39.28127804783811, 42.03225289422108, 38.04031786673349, 38.8224603567716, 41.18542070448019, 41.007363554627716, 38.99102357668721)",-0.5011436676952774
20.130524803540844,20.007871867096718,2.1113129216421846,"(23.883940850915415, 16.58466381816137, 21.092359040980387, 18.779667836659087, 22.06838702285854, 17.949050079407908, 21.656617642577473, 18.28898340843825, 19.739251265514405, 20.064981095595105, 23.13125435585944, 17.12469353691259, 21.90555251582248, 18.082374688946764, 20.930854645572957, 18.924910148950456, 19.214034902565675, 20.615105569539033, 17.54746887838952, 22.573286038267472)",0.05809320597949377
5.4662103245459805,7.542430315464792,2.195122158660519,"(11.069756315178443, 4.741418209624711, 6.626803168537187, 7.91087447130881, 7.008755785740364, 7.47829334083138, 5.454464519259212, 9.601998897240016, 6.174257771812222, 8.48331570090844, 6.69582183337246, 7.821769447596547, 5.491349181122101, 9.581042435144779, 4.662397726401955, 11.267430564873116, 4.783009480731749, 10.964683885358824, 9.514057067941438, 5.517106506312064)",-0.9458334620364531
12.11575447169508,10.53438055342528,2.251006879742034,"(9.525698039232179, 11.164356191838738, 10.747481751899457, 9.891922926596472, 7.428507566161951, 14.310656405325501, 15.688943037184831, 6.773490024898382, 11.907726119787615, 8.924239473776268, 10.285071846255478, 10.334367856283608, 8.408757743679148, 12.655896347175482, 9.710287102055704, 10.95523563530441, 9.524731399261674, 11.162521851882353, 8.008850544886688, 13.278869205019648)",0.7025184740666037
15.311648381527274,14.008555069025517,2.1156465779946827,"(11.01814215108532, 17.43075720721468, 13.109879195667528, 14.647176972198276, 14.64327193915887, 13.112876290123868, 16.045337025436538, 11.962184487908438, 13.930324408465818, 13.777342450756526, 17.20856042931313, 11.158038888451545, 12.775456259149369, 15.038166491568404, 17.253697268740268, 11.133455291774236, 11.8375186250447, 16.221017920158545, 12.483056612819519, 15.384841465474734)",0.6159314727022576
16.894809737732235,18.035079022623922,2.3767269242907916,"(17.613989793021002, 18.16651442696458, 18.547087860457815, 17.25206571334793, 15.885586973421743, 20.142207260916795, 18.874700348875542, 16.94685165278777, 14.158283868884581, 22.590016783622943, 14.283761595578051, 22.402716144308418, 16.28375250523136, 19.651414450729682, 18.814172116618167, 17.00937492589788, 19.359034223243167, 16.527241748872665, 20.835938390359846, 15.356869669338565)",-0.47976453383761797
19.958390042543186,18.470075019653013,2.0475581401425247,"(22.137075863281794, 15.235213127827304, 18.23147727727271, 18.497825558947174, 20.084005386451718, 16.790902053635364, 19.877753028001234, 16.948213132995235, 15.893111288186871, 21.190876579938447, 16.611660007149748, 20.305879416896836, 20.44861746094774, 16.494373406219186, 17.563922203750213, 19.207715000763756, 17.029120115609185, 19.79903705620182, 20.983654978692524, 16.071067450291384)",0.7268731440205043
19.048833433307216,18.482677191543978,1.8779237115963112,"(17.202619681107148, 19.673337987661874, 16.26429843136947, 20.8057918516095, 18.2113970585885, 18.57981173547729, 19.42542718624005, 17.385652321984132, 16.494239295205848, 20.463369823929366, 18.120636118467477, 18.68179368545337, 16.313832293438878, 20.748306997321603, 16.018599694433842, 21.139460702224426, 16.58647678243788, 20.39224542416502, 21.14046788587719, 16.005778873886708)",0.30147989413370924
25.88238192441855,19.973045770241733,5.284667162682441,"(17.398377503244507, 21.487592279011473, 21.03771066588437, 17.769131306977904, 13.763126652608983, 27.1568171539944, 24.342575630053233, 15.286186003143658, 16.672403135206544, 22.286338575101887, 25.856748797783396, 14.473726054768086, 31.92715880905205, 11.707999799203533, 26.498453640738727, 14.125378239590626, 19.68717704197354, 18.96563029111794, 16.876430600758525, 22.141953224621243)",1.1182040367471886
27.151825400265437,20.095070404358623,5.694732176865947,"(21.155574226447744, 17.731445609394026, 23.60827329552308, 15.889015843088606, 25.718089907049688, 14.58478004043372, 14.102705426724881, 26.557577621289116, 19.675344623707627, 19.02638879257873, 26.185297476201722, 14.330808125532508, 35.0813338735748, 10.692229251291215, 24.639200348341074, 15.230583917905436, 17.418081511924512, 21.52717591697018, 19.904343481648464, 18.843158797545183)",1.2391724099991734
40.306246257673536,36.95254432371993,4.802545310381241,"(32.86657841082696, 40.89334832219908, 29.474284082852975, 45.60759665263796, 36.29257476307251, 37.03951002534212, 47.89406238206055, 28.052925953682465, 37.80959124363571, 35.526237266490185, 40.1843876047044, 33.461707727689294, 36.08142138472113, 37.23392019394205, 36.36095242303833, 36.96490922411852, 38.76065542174464, 34.6731957912062, 32.42270850833246, 41.45031909210093)",0.6983176039389374
94.49723083956863,99.85899384062014,8.658092036999022,"(106.79178233689484, 92.71314932542565, 91.90162546316807, 107.73486605189079, 91.83577167192836, 107.8121251533559, 107.48886704416077, 92.11181331878117, 99.8488879603418, 99.15970239577327, 111.1318437925076, 89.09255055750236, 101.22491417769211, 97.81174423100751, 104.86591521215391, 94.41583238469924, 83.26814101227296, 118.90504355128417, 97.13509903017166, 101.93020214139065)",-0.6192776628082546
4.262872626094284,4.003055830893753,1.0904160957928613,"(2.1051478533257444, 7.10698520909858, 2.9983141114859992, 5.025077138548836, 3.2229415360181632, 4.619861357252589, 3.2431462022798754, 4.616029579515929, 4.236453914366542, 3.531781478180583, 3.104950584083014, 4.786567913542993, 3.4189813175625585, 4.388694491092613, 4.355368499322095, 3.4242952646475158, 5.159627175519044, 2.9349773643568655, 3.5678030860832055, 4.2141125415922875)",0.23827307410719534
8.062300521469565,6.97356357163004,0.5562378986026648,"(6.825197233536123, 7.0781655512842425, 7.136297989973395, 6.796746410712147, 6.52371593427226, 7.382133720473957, 7.2268685344040495, 6.685293518948459, 8.123014267151959, 5.946198264377686, 6.788583362373621, 7.0869013045554015, 7.8370161781213605, 6.17334808498895, 6.696447991797526, 7.199922331712718, 6.3072625150626385, 7.7141748172748885, 7.385018252755015, 6.5589651688244155)",1.9573224920030814
10.117703951472114,8.971985257490523,0.9127830236290516,"(8.789899142056298, 9.066991214632267, 11.102634763651464, 7.1944891987143835, 9.676100640586029, 8.219085024952479, 8.50401839988718, 9.369888591407038, 7.996478872913563, 9.963590925922865, 8.336630343514019, 9.53453508513642, 7.828657153501606, 10.186844725302882, 9.207841384235202, 8.644241777292777, 9.542360900799558, 8.387412420574998, 9.37943693998305, 8.508567644746403)",1.2551928161705193
39.66806086250223,39.998273119882526,0.9137360442168434,"(41.17203705315437, 38.838961016529396, 39.8762178999672, 40.10095585006995, 39.8451142311899, 40.13188419616186, 39.505490527532864, 40.476935324125414, 38.964806543856795, 41.03869592726537, 41.34336971724021, 38.67759046247827, 40.96540505084648, 39.03454563713375, 38.70354854113719, 41.315846443142895, 39.59482787364987, 40.38620583520594, 40.80559059188226, 39.18743367508059)",-0.36138692291964764
20.065787254122554,19.983343529097027,1.8450658562639999,"(18.32084337543953, 21.622407267121794, 21.844081186724587, 18.13536760078297, 20.971570399189986, 18.885387312787106, 18.319424770093615, 21.62097891819457, 21.532367259529057, 18.39528897583223, 23.516187307277093, 16.84197014161922, 21.104899175971997, 18.768454569564245, 19.925978320355682, 19.87847730298308, 18.54885836416901, 21.360033616810508, 22.35481577365152, 17.719478943842695)",0.044683350865569765
8.166665765803597,7.373227524032661,1.3643647673476471,"(6.550769397969605, 8.030736046285012, 9.568491415137645, 5.514043555073499, 10.149425722912166, 5.1712551610737, 6.9146066296915105, 7.608370370542829, 6.071478689236274, 8.663316283320068, 6.684232445469513, 7.846325960835603, 8.516296112924092, 6.1837193080042026, 6.557597961305074, 8.01058161855537, 9.02451447859908, 5.859895297390838, 7.63914898970684, 6.899745036620245)",0.5815440714680693
10.72967349846262,10.490361612677994,1.9916886559850555,"(13.600591121721287, 7.817208194558801, 10.466868245218745, 10.166831736300638, 12.780991149749507, 8.310106812294263, 11.963579096529996, 8.885162275751886, 13.5227166818697, 7.860567748059612, 11.993708564334124, 8.853800021669063, 8.981100855115397, 11.840191245814847, 11.101126322860786, 9.571586760300596, 7.965618806857018, 13.371114367839763, 11.524454109112169, 9.229908137601704)",0.12015526877932997
18.1447942326373,13.906973273115895,1.2666090495561266,"(16.023732602620285, 11.977422977847272, 14.307389062096032, 13.42189223896299, 12.415067288684321, 15.44161247337981, 14.999261128734023, 12.789483211972591, 14.94092210495899, 12.840120799786158, 14.39224962485249, 13.3190630330698, 14.505615864845785, 13.229299104331925, 13.460132366831823, 14.249936429154205, 11.804904672547572, 16.280928540635763, 13.20722927530633, 14.533202661699784)",3.3458003170011423
15.291816498592326,18.04519106944448,2.4148472538205707,"(25.39055209873171, 12.618497117624385, 16.91107589134001, 18.949357275321635, 17.0862488266239, 18.734075888283552, 18.20330470732227, 17.59082363322003, 18.68594239817975, 17.138093105703526, 18.149612479636378, 17.636539896910932, 18.134570152714197, 17.661976047118973, 18.942676986572813, 16.90566563856644, 16.279804244295214, 19.6962597283798, 20.75407373762141, 15.434671534722687)",-1.1401858094734543
15.912442886248742,18.426418884798135,1.37100742457179,"(18.719798348511578, 18.05904479687654, 21.42965076302298, 15.783694595310278, 20.473090337218956, 16.46588475021705, 17.764975218500357, 18.996032447857736, 18.328075977142735, 18.4180233822191, 16.937470294037997, 19.903760833616126, 19.222904642350088, 17.568811879283025, 18.31449575962002, 18.432030567921664, 16.91117530948191, 20.038148865339572, 18.431150879429993, 18.33015804800501)",-1.8336705939682192
21.478602995159367,18.57622166947274,2.210331244734077,"(22.77129074826418, 14.97970646970529, 17.278616864662204, 19.761573371932073, 19.043039048903793, 17.813270440968484, 14.499530267738566, 23.443499463571435, 19.830878676896226, 17.151255860272816, 18.18923297363064, 18.650807279247534, 17.060703981771923, 19.954209004020385, 17.43553450581687, 19.50847644756809, 20.59019524117793, 16.643857081623405, 18.185346404193055, 18.733409257489797)",1.3130979044888853
18.692760855556582,20.62538538199738,6.90252519275874,"(21.547467020542033, 17.88074659876522, 22.17518882063308, 17.40436626812, 18.32337461126018, 20.756047288152224, 36.135502259179255, 10.571194260178757, 34.66708027375437, 11.035807150311681, 15.94719852528409, 23.85716401387586, 23.00276903244566, 16.664115159410812, 22.376787692530787, 17.105423535056318, 14.721299510318188, 26.43584415459376, 28.367526148213138, 13.53280531732213)",-0.2799880438637534
26.405420070908995,19.563240837922102,2.6105618319209096,"(15.65605619284447, 24.069720424082846, 18.51202198342005, 20.368212241696853, 17.770808582497207, 21.114208003282485, 22.0655289063352, 17.02965282764892, 16.86195843204571, 22.296225868431417, 16.409190846304945, 22.86883212843803, 21.914546319021927, 17.16674904935965, 23.06615977729279, 16.301604464138617, 20.88599051848045, 18.103162348577335, 19.173777023073008, 19.630410821470097)",2.6209604190651428
36.00733205516898,37.19241562887432,6.45865549162701,"(33.52273927079798, 40.14666440440836, 52.81609094934306, 25.4718095848001, 32.36166093022622, 41.5149138352329, 31.884259680593633, 42.14393183344117, 38.19382742773216, 35.19295308737885, 41.41990110661381, 32.44250545843336, 43.033326842506476, 31.23856041502579, 46.13331169860552, 29.148534950434602, 37.65794842261248, 35.75810467092966, 40.88883885747932, 32.878429150891044)",-0.1834876585756404
100.86530725506712,100.11741671910146,11.404462285933857,"(83.18643895434764, 119.02279574758796, 100.20154336785284, 98.81148330490204, 90.43867796135395, 109.47777999648198, 93.9601154132143, 105.37477882314771, 93.9501877187288, 105.38603801768798, 84.78565430806435, 116.77723221804834, 94.8908742219614, 104.34133058224826, 96.25319969448783, 102.86469617595797, 80.66675215833833, 122.74067453968347, 95.03506472800676, 104.18301644992698)",0.06557876357643856
5.1795966574637085,3.9847505341691605,0.9316581491571791,"(6.518424623054406, 2.3242355086268836, 4.011978847798983, 3.761885542111998, 4.408779601419083, 3.3828594301656323, 2.996352863677815, 5.031491818324522, 4.777768039359404, 3.15884471999089, 3.4252034429862985, 4.416618309739816, 3.8735004957669465, 3.9059713179317717, 3.751384177139533, 4.039707148656894, 4.562552684970246, 3.3108630220399173, 3.025076830399089, 5.011512259223075)",1.2824941469952909
6.434604572670524,6.995810087082671,0.9445564748667973,"(6.346661603150416, 7.592233954603252, 6.8563291836058, 7.014425491499745, 7.0195323647458165, 6.809482330116064, 8.41264284606598, 5.713505381535735, 6.884549894482495, 6.985526724898021, 8.471771424634625, 5.683349211395096, 6.997815524510923, 6.881059789606372, 8.765287027308357, 5.497641904130551, 6.387639939151443, 7.532259024177524, 8.151418410516833, 5.91306971151841)",-0.5941471254974878
8.820953970022677,9.067705154266951,1.0028012762627974,"(9.401035366470095, 8.654371540114443, 9.246542573945357, 8.788896626992413, 9.71964765351588, 8.329031416218148, 8.7733383370648, 9.25953365586815, 10.558281379170497, 7.696820521504856, 8.198733085605598, 9.91860583798589, 7.388326500200542, 11.007427291140244, 8.593837791329447, 9.46690372676637, 7.7577029603406045, 10.47799725432565, 8.231316488924996, 9.885753077855085)",-0.2460618968933285
40.49710709853948,39.99425835245015,0.7346774692725184,"(40.73994412519979, 39.249607266142085, 40.32347670067742, 39.65504773690532, 41.02984347651704, 38.972460364162686, 40.1059914074001, 39.870092935374515, 39.8805373074452, 40.09548123491676, 40.009182705369895, 39.96651478247831, 38.46681840374785, 41.5690116289613, 39.79187037703944, 40.18467846543287, 39.39575345581474, 40.58884229181673, 39.23645265289839, 40.7535597307026)",0.6844483016298988
21.006046514021964,19.992083296712057,1.970586964670033,"(21.70142249807176, 18.24804819745478, 18.00073178748151, 21.999589281425855, 16.969981698312214, 23.334793206749385, 17.767093160406084, 22.288740883827806, 18.232760324193816, 21.719588793638763, 20.8261114711453, 19.014907941976283, 21.609032905024225, 18.326047698220712, 17.488219272105685, 22.643614994390855, 20.73555677776237, 19.09788835989097, 19.050796269467323, 20.786740412695405)",0.5145488301145297
3.8235479740355554,7.560848968793746,2.2405577209263923,"(7.297186067279633, 7.246459469693059, 7.410875408463648, 7.124492376085031, 7.553139146032457, 6.956246198551011, 7.32142034920411, 7.2082388764798715, 6.639373998829673, 7.9522205596566895, 12.890461904909879, 4.099624981943693, 6.256746533386762, 8.446899110613554, 12.335857529071687, 4.286747895125012, 4.9300852183412145, 10.71299500836414, 7.1352971957737905, 7.412611548069936)",-1.668022635548504
12.394228742059608,10.395071752180923,1.3202537394215044,"(9.500026492116247, 11.2053448955247, 9.664342227765323, 11.010204880780297, 11.089447880900371, 9.581193316856504, 12.151372445797346, 8.755481774084915, 9.693971496056264, 10.976436374552483, 11.539706655248331, 9.223012566003147, 12.612944321063802, 8.438538917401912, 9.257808168677647, 11.498017893859279, 11.942452205132104, 8.910577301813774, 8.931840148455146, 11.918715081528877)",1.5142217970574774
13.914068633879495,13.939291848566217,1.4588850038364432,"(12.72735907331803, 15.113845237603531, 14.782882054659982, 13.009510747974337, 14.458532981151077, 13.289322469530441, 13.580474109394116, 14.160018148180797, 14.418572362612093, 13.338059187435746, 12.867882353984056, 14.947033174233257, 13.766216141427549, 13.97214734869173, 11.998986108779084, 16.02951562741942, 14.059068345009193, 13.679440217127809, 17.749801895981932, 10.837169386810169)",-0.01728937827203135
16.921764633375318,18.0484557951112,2.357163611819389,"(21.396991044459632, 14.981506420669437, 17.757807110267727, 18.05100455469443, 17.902650289073232, 17.899128112655976, 19.618216935067156, 16.338556402950555, 19.409597271304374, 16.514700249413973, 17.6786718912214, 18.13180293768201, 20.52804420168243, 15.615366781560596, 16.507566778544824, 19.416528426994862, 23.22576102813045, 13.800959293468395, 20.735297536069144, 15.458958636313431)",-0.47798598115395075
18.84638139182295,18.492285128271757,1.8539105331702146,"(18.93135303752827, 17.89564122385067, 16.24884615429736, 20.8481672938768, 15.890139368295596, 21.299876984492112, 16.93775027820138, 19.997950585389287, 18.77863942039829, 18.03914344230712, 20.54555386669471, 16.487844826888278, 20.264856690320748, 16.717251897587783, 15.586862400884073, 21.727159714767676, 19.152295174337425, 17.68604246082544, 18.324859647895376, 18.48546809659677)",0.19099965031520796
19.144548144531004,18.516109884826037,2.1994996753962837,"(19.466323078513028, 17.385986940146296, 14.97820561835566, 22.591587752536295, 18.7819551528365, 17.985240092890916, 22.614107918257975, 14.96000639007618, 19.229799174814055, 17.59591297039676, 16.719386382539838, 20.23816374207355, 19.762665751960878, 17.1236918888766, 17.24341352196303, 19.61278882148794, 18.90898853853532, 17.892217680616415, 15.753068370894525, 21.478687908749023)",0.2857187326439328
12.833665256995628,19.83122754759833,4.043585064134158,"(18.537030949156197, 20.42543605409741, 18.76023953911697, 20.180312897150127, 17.56142618810394, 21.49099891320722, 21.810700435933413, 17.350399066340486, 16.031958538815644, 23.612122847919345, 17.823685166426646, 21.235186707732908, 17.20489196566015, 22.004524653793172, 30.247276463898345, 12.494767768633745, 24.06769709378508, 15.722451252328549, 24.81736876348312, 15.246075686384144)",-1.7305342115020086
15.827977719400563,20.307597346407558,6.181232248043438,"(30.214274338265096, 12.503632340490007, 14.746978172462237, 25.61712382056493, 14.123010230183796, 26.721380887306154, 24.386109280250704, 15.489195627009584, 27.12294556284612, 13.927775362720636, 18.482079281100656, 20.438320927267032, 19.545199365317746, 19.328248727271802, 23.746264291427885, 15.899699872906869, 11.272420099280966, 33.50781806375464, 21.564308593518035, 17.51516208420625)",-0.7247130421971997
30.931960328296846,37.04041721116629,5.228915626325824,"(40.285109280919436, 33.415876299201095, 43.79567039522361, 30.743847950129556, 36.69059650573885, 36.71025260970702, 30.25521244165935, 44.503626001246964, 33.86861688177802, 39.754793273340525, 32.624627946173625, 41.26469033117197, 32.28524615400553, 41.69865389976696, 33.800222112742446, 39.81576199871734, 28.24074828479926, 47.67194250309046, 36.151500400938104, 37.23134895297583)",-1.1682072000005947
97.81049854829534,100.24135458971269,12.531767498830126,"(106.92564445978803, 92.5973963554446, 82.45222190439213, 120.0822092393952, 91.20046290919815, 108.56373853717903, 93.94866453896574, 105.38783210955383, 106.16921993031974, 93.25720671180069, 95.37394070164251, 103.8128363755274, 128.6037625717255, 76.9887201763686, 88.83219042200061, 111.45764815365995, 89.47871587183967, 110.65246950853215, 97.67200011570901, 101.37021120121051)",-0.19397551396036272
4.643580082131234,4.008900509975944,1.1428680617640818,"(3.66850874555095, 4.0680893427287215, 3.807562753313973, 3.920957288990622, 5.222996390443386, 2.839315417214163, 6.526164945329816, 2.274035969762086, 3.768929612557331, 3.9567003310197566, 5.599594291000079, 2.6568414841173116, 3.9554713961027486, 3.7664320555900717, 3.1746187093411433, 4.691118361237894, 5.08775181774802, 2.926912497221726, 5.625256174633028, 2.640752615616056)",0.5553393198998198
6.261711385893007,6.968739998112589,0.879143777454793,"(6.7870511224443515, 7.057773391717228, 7.039112096827985, 6.8072951806924085, 8.258625084316037, 5.781013112877497, 5.477692765507979, 8.719271382813226, 5.757905998438264, 8.315468110017383, 6.824228317352828, 7.007624097007814, 7.914990124392258, 6.0462130272720245, 6.785110827573505, 7.051826126871939, 7.488506538156691, 6.389491634802197, 6.406769125900106, 7.458831897270032)",-0.8042240988914222
9.16091709238123,9.017684079632609,0.8587153533648835,"(8.687394656003336, 9.287430437886705, 10.505214154793059, 7.682688872403706, 8.564450773289279, 9.403477340054627, 9.606043044109514, 8.385586468836468, 9.438549779795379, 8.545700824956604, 10.403748974629154, 7.747845197063174, 10.573281655971398, 7.6265094822006825, 8.780098780818028, 9.1833708796884, 9.36304735126059, 8.611991331546543, 9.171032483872933, 8.786219103472591)",0.16679917528824953
41.14918946821597,39.994817452270915,0.7778451800179107,"(38.73999035885, 41.27541949333265, 39.39182195053143, 40.59259916382567, 39.99445092075298, 39.980852053404526, 39.39557369148076, 40.5886302018987, 39.224152509720895, 40.76587014422274, 40.66924178770167, 39.31740930506738, 41.11951942452277, 38.88682816306329, 40.32698517507408, 39.65109615702102, 39.99895001280849, 39.97633210989336, 38.994140275175845, 41.006486147069836)",1.4840639829104252
18.173624473392486,19.98491511791265,1.873448710059852,"(17.690912357939403, 22.389731156162057, 22.101482095105315, 17.922814477335695, 16.22689583945675, 24.40917624501568, 21.546923334001132, 18.382534085838365, 18.42553418190656, 21.496416976427042, 20.338430357914742, 19.47467635910424, 19.298231001936593, 20.524328269333672, 18.98335483373439, 20.864965459264912, 19.457728273553403, 20.3566744207033, 19.645528111431506, 20.16196452208815)",-0.9668215813937585
5.781521289927452,7.366045583349643,1.2810985258117524,"(7.333025080852583, 7.196762903622564, 7.365051006485046, 7.167396700757286, 6.186164469663034, 8.50988770731271, 8.190465025211433, 6.429253725561972, 5.527685408986906, 9.54388699569726, 9.475413619076168, 5.562602450713705, 6.779540077814859, 7.778686694243421, 5.63859468915518, 9.35148591616442, 8.230934978239793, 6.40630617587435, 8.303346461706544, 6.344421579853604)",-1.236848112379316
9.866406368099971,10.524799338906096,2.2104714213673,"(10.108961253145905, 10.525411875850871, 10.49421162603782, 10.140849104775176, 11.42349134875935, 9.307190294178659, 10.08907518188391, 10.539079111772793, 9.545226943456546, 11.145380675044263, 8.152244812175807, 13.04644932633594, 14.674147091401526, 7.249056320023757, 6.573382999843042, 16.18210543997045, 10.326050987623896, 10.30161404165842, 11.03479958855703, 9.637258755626766)",-0.297851835785722
18.67571242783154,13.97160683863683,1.8540962636818308,"(12.914989448634442, 14.86697069130573, 12.388742872690466, 15.502775310994227, 14.909769879286301, 12.871769872338508, 14.454703279560212, 13.27773097847297, 15.317181521850513, 12.533350411171828, 15.745329841748514, 12.190947609598828, 11.799262876318842, 16.269200365978786, 12.829151068944821, 14.96333375004992, 12.028143053279283, 15.960974860067243, 10.746877565166885, 17.860931515278384)",2.537142046688225
17.89053163144595,18.034797020320823,2.3269376775143273,"(18.865698473191884, 16.97053864572549, 20.872911270287943, 15.34275099753234, 17.25621140013603, 18.550109637775186, 15.628864424022158, 20.48216407145802, 17.342785636191472, 18.45835027509186, 15.815496758850578, 20.24055067226627, 14.832481981191096, 21.582102014311285, 15.345468043685438, 20.861336381017754, 21.70333907120507, 14.75127416593933, 18.294539801375695, 17.49896668516159)",-0.061997959923439386
22.955390104363705,18.49033446245355,1.808499757351427,"(17.409253138997492, 19.46465865705397, 17.327544335619503, 19.572969990386824, 16.491244326503246, 20.538316513274744, 20.193379976152144, 16.77420653187436, 17.061639539864178, 19.85327957319069, 22.02012166976167, 15.38241194691876, 15.796081152299738, 21.44349229258468, 18.004159045696554, 18.815689634122098, 18.47214856279722, 18.343470222033346, 17.681946962511947, 19.16067517742786)",2.4689279740071908
19.103016427909505,18.491386641891626,1.643963929744366,"(17.02683397024177, 19.939024772273644, 18.258919808599956, 18.62402059756854, 19.538863841380063, 17.3594605452461, 18.428358558154923, 18.40823423731942, 20.425173138358044, 16.608687420012593, 17.335696147734126, 19.56786160388483, 21.916756990181288, 15.477802584617551, 18.32467567994115, 18.51580791991974, 17.310033854451515, 19.61039421213708, 16.191817871942153, 20.959309083868096)",0.3720457456222817
25.92495151376842,19.571558893436496,3.087689297329836,"(20.265598802094324, 18.478533833959307, 19.44219844819536, 19.337365665371955, 20.449767486335567, 18.281131570085407, 18.759626810170047, 19.934270062625068, 14.10334864660435, 26.504232368167635, 21.526627142418427, 17.366547712283044, 17.010261397967714, 21.974923626777553, 20.847001908714766, 17.94066881174194, 18.996292967470634, 19.711202909368414, 26.235089294365217, 14.2664884040131)",2.057652829844698
28.884325493624008,19.991787182757008,5.17665613759729,"(19.436034216277296, 19.33927468737152, 11.131710555803974, 33.81079553749613, 19.51802951649743, 19.24729635942978, 22.8769846454202, 16.422940986747104, 23.56078634984527, 15.943961008063436, 23.802380105420518, 15.782785410447739, 18.872980743077825, 19.90426408647584, 14.84552458517555, 25.308836018756676, 13.859122304779346, 27.12051280118117, 21.858274941050322, 17.193248795822967)",1.717815144467836
32.71703226769406,37.071952106984064,5.487518366028984,"(42.4404721515089, 31.708534715041196, 44.83368715550387, 30.034041099157523, 32.406109803800476, 41.53598345789452, 42.53475101022016, 31.64561244056364, 35.63641424643106, 37.75403697251561, 35.474935798005795, 37.933636616530706, 44.244545903179784, 30.41108657319821, 44.05655809245125, 30.544634910424804, 39.03630206649615, 34.47910028491609, 30.292522731994453, 44.43607610984713)",-0.7936046039043004
109.11999422385553,100.05221138018698,10.776463406053274,"(119.44286761700809, 82.89247536125002, 94.2931435937959, 105.00164584424479, 106.33267046956965, 93.11274430805874, 111.10159827842499, 89.1159728705643, 96.11887058431446, 103.00690924476477, 104.18563065069763, 95.03149644034085, 103.65270163963838, 95.52004945209698, 120.63186192555087, 82.07546134339785, 93.71457364639758, 105.64975651930273, 89.33669132416713, 110.82710649015411)",0.8414432919221965
2.129924456867944,4.062084138698564,1.1816857387401127,"(3.656959453180012, 4.195099443836769, 3.1660499184458146, 4.844514883140973, 4.2499451838652735, 3.6154763450487724, 4.452683804534805, 3.456105147827111, 3.0078205664582933, 5.075781160931524, 2.0316337266963926, 7.546678582202406, 2.646121699310055, 5.770578663534216, 4.3523987752592905, 3.4957750351336965, 4.346995155656313, 3.495372295151207, 3.880421244225747, 3.9552716895326143)",-1.6350875858844216
8.255044775376783,7.022347340750229,0.8997749314844056,"(6.898037021196817, 7.046669818249083, 7.362574031364178, 6.6030006710913645, 8.16921199332767, 5.956066334823424, 7.815642397263303, 6.230738007978024, 8.912170940302513, 5.439468931281704, 8.207478249035697, 5.921533067445722, 6.814657404667206, 7.114686348410543, 6.242415767934373, 7.750994318451247, 7.228490572892647, 6.691284243286533, 7.836446678031751, 6.205380017970749)",1.3700064221537147
9.098882670011173,8.991273719222209,1.026277408818497,"(9.81882721371309, 8.13767835246479, 8.670301361980309, 9.218425951712684, 8.493534509224034, 9.4143693431394, 9.329785352679947, 8.57517697514359, 9.130802154159205, 8.735579750010643, 9.432913902907222, 8.471015050513275, 11.010596767415288, 7.245070017130642, 10.089451626785667, 7.8956426566906455, 10.83972754540658, 7.349829351433093, 9.859154385791463, 8.107592116142559)",0.10485366808653593
39.20526066737364,39.99928544623529,1.0120850718622223,"(41.783085232163266, 38.268334265505295, 40.23775860642819, 39.73821416812897, 38.66847887317282, 41.350863081206114, 40.68604174387253, 39.300357386152605, 39.215904010646156, 40.773350421246654, 39.74792822350574, 40.22786059844732, 39.43930043812627, 40.542417898963876, 40.32374475740817, 39.65302530906012, 41.74704324401814, 38.301404845896336, 40.4909224881408, 39.4896733326163)",-0.7845435141145329
15.00995703128903,20.0301740989891,2.405507256895068,"(21.13786814405966, 18.726119917913206, 19.66560403525956, 20.129686045360746, 18.62456966520512, 21.25465051462455, 26.621187451226977, 14.870396251508465, 20.489884968770767, 19.316618396995946, 21.215873599045622, 18.658211332174556, 17.571840107488775, 22.52467049928009, 18.015312749444675, 21.968265507578046, 17.87130821538846, 22.147863619569044, 20.071853957357405, 19.72169700153036)",-2.086968165783031
7.934599406685407,7.331636212238104,1.3148087134217241,"(7.678233730082932, 6.795365354343979, 9.12958777928634, 5.715987457376251, 5.667856160950078, 9.213291417046715, 6.217523441296734, 8.404541610313847, 6.593163026109182, 7.896308446998522, 8.394182322687561, 6.215193306233378, 9.527886839548392, 5.464786396610937, 7.30132361076468, 7.119290859454344, 8.997109374685996, 5.776136750682277, 6.521991671923928, 8.002964688366047)",0.45859385345729947
14.8881547465747,10.432458289328137,1.5806194450103936,"(9.386736143161247, 11.348890018473865, 11.253930916518375, 9.467953705905115, 13.518194347932978, 7.883315792183821, 10.615611299972949, 10.041237381156071, 11.589098357924861, 9.184942864724482, 9.873971291103443, 10.78970411111725, 9.542150880937255, 11.155983726602663, 10.940283213838041, 9.72407225358409, 8.693487593313886, 12.239232852288122, 13.518211534648339, 7.882157501175878)",2.818955866519322
13.372223141185135,13.950763404135195,1.7215462691436814,"(15.62492000640266, 12.278143021791223, 15.447268656855604, 12.423854506263472, 11.771866166380896, 16.30351923289716, 13.772043802865701, 13.938396014844086, 15.785403310229098, 12.145156715536672, 11.597932351280559, 16.54456710425215, 11.76075226651041, 16.302539953209696, 12.407017873243767, 15.444210457068685, 12.936264656278496, 14.818892346637494, 13.545518338549769, 14.167001301606255)",-0.33605850352069444
16.71109072598726,18.025427595459323,2.351352227095137,"(17.11375490554359, 18.681054860266904, 17.64147055029416, 18.128498424281897, 16.042758228089234, 19.934566175791712, 19.77324192186416, 16.175478650048284, 15.196571198344555, 21.02887083596771, 15.153689812193685, 21.101781938752342, 14.891562851494083, 21.460738440903008, 21.824956181930798, 14.637060163371522, 19.61894792213699, 16.290691189101, 18.835272486264497, 16.9775851725463)",-0.5589706443495275
16.534783259623712,18.483939981622825,2.22008478732649,"(21.40565824454758, 15.744371735836134, 18.986448998961464, 17.769431999685448, 18.92351553130159, 17.826910151149423, 17.758070926874904, 19.003213533431644, 15.33522468365696, 21.948859530715005, 20.85689879568715, 16.16914490059253, 16.170159092532323, 20.81892997380974, 20.402174515815727, 16.48016674681905, 15.59825645769773, 21.587934886000774, 16.708022922393006, 20.185406004948355)",-0.877964991754374
17.71997654812741,18.503725613066603,2.2262979607581226,"(17.709652201904664, 19.074532022733173, 17.265389553643757, 19.605055600650516, 16.867837872038727, 20.0637223633864, 19.901753138367535, 17.015965354810906, 18.525047447104885, 18.19078588844514, 20.052894629255363, 16.866458422308646, 23.873365052693988, 14.119901696503828, 15.09957928504585, 22.27210536295781, 17.502858372722184, 19.26855842764947, 18.93057587461556, 17.86847369449366)",-0.3520414062959943
19.286245943563898,19.99913920592003,5.520455982695742,"(14.534781877449442, 25.650482332494892, 25.190363900794523, 14.87158816577702, 19.287690671090544, 19.41327576453255, 21.40752352258421, 17.515540719933707, 17.73241811961941, 20.91076985273684, 15.768903127679765, 23.71317475402313, 14.213000920898567, 26.10719763234442, 17.53495134252649, 21.048365303356924, 24.99528669410456, 14.867111995707555, 34.32430273540743, 10.89605468533867)",-0.1291366627305329
17.85021794843484,20.06522904496211,5.595338531824397,"(12.302797152071715, 30.393123220948894, 22.468637063154045, 16.669021504132704, 17.480360583602284, 21.422085584557728, 14.208206108370598, 26.367978122138005, 14.67051119662013, 25.44139166180716, 24.64414524235465, 15.188072145820863, 15.936609273759803, 23.42576856915749, 20.978217463336474, 17.76397299774352, 22.440512304936433, 16.644954839774176, 30.64261083626733, 12.215605028688179)",-0.395867217672181
33.189569760631784,37.11073909210162,6.219596553657624,"(37.910022585264564, 35.39650061712368, 38.82978547287423, 34.58010142826754, 34.1517141914148, 39.3114040470142, 27.469880344678195, 48.877978550740025, 24.915464385666358, 53.83281662499343, 32.79001077078992, 40.940766347325216, 35.97771584475064, 37.28313631755358, 36.50226116638369, 36.728130560902855, 34.235766201318356, 39.198653030879086, 37.11497188157985, 36.16770147251202)",-0.6304539687809606
109.66162349225434,100.12906269145049,11.517056322077583,"(81.56918341439474, 121.3811878600457, 86.69940749084769, 114.19898207463869, 95.88257261553537, 103.26151024888279, 91.00302472928276, 108.79837479117732, 96.86371970174925, 102.2152819656527, 91.57762066243983, 108.11569003972787, 80.9353171591613, 122.33169227260818, 102.27302496738972, 96.80890519850801, 106.16522836469707, 93.26001914652805, 104.43901342795706, 94.80149769778541)",0.827690734005567
