0.020117269441194095,0.02532784418781865,0.013244037071554072,"(0.028594772583925013, 0.015753656919586002, 0.04838993545404913, 0.010540499819966803, 0.036947287909309595, 0.014382880760850215, 0.0315319432128304, 0.015933415553625416, 0.014909545101562414, 0.032258077872067525, 0.021598379387902624, 0.024317547166941744, 0.015573235306565418, 0.03570711467014083, 0.02204174182167154, 0.024389134125555073, 0.06192394514496172, 0.0068267524275485774, 0.019794941596736105, 0.02514207692057688)",-0.393427979586072
0.011521440453048117,0.020526442425877967,0.011318039419482999,"(0.006441362377676551, 0.042917596220274, 0.013815496259501063, 0.022860510592378324, 0.01170586599296963, 0.028119793521095143, 0.008072597548253794, 0.038531010412726246, 0.01354623662709578, 0.021862607748554537, 0.014281907499976643, 0.022838902711857848, 0.017728896503310033, 0.019518504964554054, 0.02985974977643212, 0.011199951144897162, 0.006486070702481803, 0.04002747582764353, 0.010021927585635165, 0.030692384500245907)",-0.7956326744478853
0.023998773917253812,0.014771246038505015,0.00668246103356694,"(0.009659339437886985, 0.01667117028621624, 0.010761943688877625, 0.016926363719471742, 0.016485053921947823, 0.011457177750679885, 0.013140706852162311, 0.013678288415126203, 0.006566086851813518, 0.026106391360464557, 0.027292452133563155, 0.006881840955064729, 0.010866254849792152, 0.018223544012746437, 0.008195353331559128, 0.023452419372474418, 0.01977826334213412, 0.007715802082523443, 0.02423051212388178, 0.007335956281714059)",1.3808577158022515
0.0006282714099071218,0.0008319830615763073,0.00028942180192477614,"(0.0007131829329551693, 0.0008679845584384848, 0.0009956527425297615, 0.0006237731575422893, 0.0016106347399937055, 0.0003858836675948361, 0.0006946097847538956, 0.0008939224003440515, 0.0010396150789635885, 0.000595768003381259, 0.0011533724941506507, 0.0005390284770261889, 0.0004754276678215039, 0.0013089480316836892, 0.0007940358283151363, 0.0007833509749999038, 0.000823566357127595, 0.000751213622778371, 0.0006895662789659746, 0.0009001244321600918)",-0.7038573124568285
0.0004831015132078742,0.0005937479505962692,7.515502215959645e-05,"(0.0004838641761434479, 0.0007171990392003542, 0.0006694340314561382, 0.0005188369656872957, 0.0006262195196225633, 0.0005547543134988499, 0.0005866816132484766, 0.0005919766125882367, 0.000572664580079983, 0.0006062061927369681, 0.0005444881190689643, 0.000638049742733468, 0.0007839807566240836, 0.0004432753730612587, 0.000615723326120214, 0.0005643173357838278, 0.0005903689784185423, 0.0005876636137856151, 0.0006094232228321202, 0.0005698314992349765)",-1.4722427618134457
0.0019052777604846082,0.0031119945774563916,0.0005422761929475874,"(0.002959399893357598, 0.003167398100256965, 0.003794271349239382, 0.002481185525834367, 0.003509824038385066, 0.0026858457064695826, 0.003301992395777754, 0.0028496919893840618, 0.0024894508433204905, 0.0037737449099616805, 0.0026409125974249424, 0.0035685446709993016, 0.002690957256330542, 0.003508880733571576, 0.0030499646140988573, 0.0030924516779547405, 0.0023612242200422035, 0.003961806826758376, 0.0023504206207721175, 0.004001923579188221)",-2.2252808304428298
0.001521127199597682,0.0015132620717664077,0.0003533379215536964,"(0.0012405633212864498, 0.0017494906655329868, 0.00149355223150194, 0.0014567712278512855, 0.002215273500892296, 0.0009828559615579974, 0.0012975687750081274, 0.0016763651002015515, 0.0021638807148285128, 0.0010042378603694639, 0.001418109314724719, 0.0015352358705045983, 0.0012036281285061879, 0.001810694418853007, 0.0013013945217551645, 0.0016736980208704978, 0.0019529968102233188, 0.0011101533952611825, 0.0012806232263940529, 0.0016981483692048154)",0.022259506697412564
0.001307422923596362,0.002011119794532615,0.00042717326916682575,"(0.0025949040675653104, 0.0014889788416801001, 0.002718293197944259, 0.0014262206448494874, 0.002055403757326441, 0.0018878499643314086, 0.0016514859679650734, 0.002346756730572735, 0.0019090795571374542, 0.0020271397705328847, 0.0017352569202738976, 0.002236180020694612, 0.0014447566068245493, 0.002689405757839363, 0.0019782508741912974, 0.001962721262741052, 0.001431638286335725, 0.0026955501160958327, 0.002078912141463619, 0.0018636114042871919)",-1.6473335803730624
0.001989817931988356,0.002210478698772151,0.00045635926111904955,"(0.0023031186190232028, 0.002032155948996225, 0.001634487719887813, 0.0028732612289006317, 0.0019871356644695407, 0.0023653087995338523, 0.001796993799172901, 0.0026126460711466495, 0.0023362272073420365, 0.0020063640243463262, 0.002338489212312495, 0.0020101412736377193, 0.0021822749384948006, 0.0021567699613501746, 0.002638504765120855, 0.00178266025879621, 0.00324264068611042, 0.0014418142965057774, 0.00168758511609013, 0.0027809943842052594)",-0.48352424412886336
0.00752499437907191,0.0071605080262985114,0.0016383479730224739,"(0.005417642385377833, 0.00892768246684557, 0.0065967832852869565, 0.007414303091148382, 0.0071453447391379475, 0.0068634978162698925, 0.00577694066001257, 0.008458319987481568, 0.004348056882677324, 0.011178005198301751, 0.00722689355864659, 0.006788621620621413, 0.0064610602929422774, 0.007624697012470589, 0.007458588073011391, 0.00659081966202789, 0.004881698156700946, 0.00987364467522504, 0.008291787788275279, 0.005885773173509014)",0.22247187946342278
0.020712050498209917,0.013791770181724457,0.0038288839981597423,"(0.022523618086484825, 0.007705284355298846, 0.020185470106304355, 0.008792345372455209, 0.01780276471905671, 0.010022805916999198, 0.011519925203254395, 0.015376332670972343, 0.01567167514035068, 0.01118232375158436, 0.013204923276407533, 0.013522995388570984, 0.011891759926639725, 0.015140850373189215, 0.012752129910864071, 0.014058947654964389, 0.009855653357689417, 0.017488055808995335, 0.01629091336306331, 0.010846629251344185)",1.8073883460067008
0.005107310606088841,0.00609475718811756,0.001211143782171487,"(0.0062078879554278025, 0.005723576973147968, 0.009125161842905656, 0.003929887571514024, 0.005399131042778037, 0.006656582735189363, 0.006159450097130136, 0.005817493684787434, 0.005684758452218983, 0.006275001268572076, 0.006763250892773451, 0.005315830308119994, 0.0056740857172829255, 0.006357670271237073, 0.005382819531549926, 0.006689997206003151, 0.007237304489948093, 0.0048957865366220914, 0.008272155809503266, 0.004327311375639749)",-0.8153008722534196
0.0022618212573001146,0.0019835227440623228,0.0002647426547875754,"(0.001982262539834244, 0.0019464870421855068, 0.001835094772531182, 0.0021088847502191573, 0.002349433851711949, 0.0016483763907383024, 0.0018033872990231555, 0.0021454172773021766, 0.0021018950314591117, 0.001838034787732321, 0.0016881502388059074, 0.0022943474490039664, 0.0018030480522007084, 0.0021504866340172095, 0.0017956562018627367, 0.002158124002053204, 0.0024537512012676823, 0.0015710590641167669, 0.001644193926146014, 0.0023523643690351484)",1.0512039076630604
0.0030180767127211557,0.0035096355022999574,0.0006407985835811503,"(0.0027562554322287758, 0.004320302687153306, 0.002595672580201205, 0.004600108706348059, 0.0037583251848316897, 0.0031789823916083654, 0.003791086959640679, 0.0031490032752874296, 0.003096988595334602, 0.003847240227360015, 0.0031498190245679604, 0.0037940011408474053, 0.004805685436860324, 0.002488817702399406, 0.0038221821416245627, 0.003127923083518906, 0.003409749474067158, 0.0034904557851304164, 0.004097501266068981, 0.0029126089509199015)",-0.7671034271513039
9.282989734161058e-05,0.00010016939681365043,2.13645971583516e-05,"(9.717232724687813e-05, 9.892003565374575e-05, 7.92532307079979e-05, 0.0001212889984432154, 0.00010039487342683692, 9.574803469037975e-05, 7.936806400374396e-05, 0.00012111339835002342, 8.696793906719058e-05, 0.00011052513170812535, 0.00014884893250776275, 6.457988114535249e-05, 7.386265735857269e-05, 0.00013014279729678884, 0.00010752045705302612, 8.940316523182589e-05, 8.406658778920063e-05, 0.0001143414995771884, 0.00011928661428718554, 8.058331072796762e-05)",-0.3435355891637198
0.011529970748965833,0.01510921297926583,0.004343818964806467,"(0.01715995669855914, 0.01016398912395044, 0.013384816794697291, 0.016645833689809254, 0.018257041147437158, 0.013041523403383598, 0.019681196942300628, 0.011118654734479289, 0.02528420509053142, 0.004311284731977143, 0.017139904972895127, 0.014517374233422226, 0.01868863313205186, 0.013461997191367535, 0.018725278066536545, 0.013299371406703545, 0.013743490127078178, 0.013641846606210454, 0.01241344890549357, 0.017504412586432205)",-0.8239851290532468
0.004172213693624929,0.017578253466358513,0.009091632673197488,"(0.017526663629276743, 0.014408726322569879, 0.007689070396599306, 0.0321837419853402, 0.015554763446082526, 0.01591744755855444, 0.008757605183754546, 0.02857105267488086, 0.013817212540761055, 0.01775133484013518, 0.015774274169346614, 0.015562399016880463, 0.01953298906258191, 0.01290560764690959, 0.021190584654831854, 0.011746539066485021, 0.005106294340388001, 0.0454394323696297, 0.01863877284038435, 0.013490557581777933)",-1.4745470098297249
0.01648068024138595,0.013124441673216723,0.0064393625244585665,"(0.010251363592909683, 0.013767456893805997, 0.012386213023040413, 0.011062051409441775, 0.023244643539952387, 0.005897770044687765, 0.015613472501260231, 0.008918644147766247, 0.010683491120287, 0.012662725726398587, 0.0061419535885578564, 0.022050835882683105, 0.01235823173431617, 0.01139061563543181, 0.021611330388182404, 0.006395189033070601, 0.027706478115552487, 0.004505743846307029, 0.018084473894968988, 0.007756149345713871)",0.5212066497920035
0.005372554854359518,0.010088244002271244,0.004770577773560899,"(0.012793101590563367, 0.006836059982005772, 0.006545251192234227, 0.013013009843785056, 0.010267221464044919, 0.008297921978987224, 0.00964152163538599, 0.00896284794614161, 0.003234248638282913, 0.026042625493465543, 0.01579447561895851, 0.005337510074827359, 0.012784176752426178, 0.006825007930811343, 0.009918897477300107, 0.008654624989188411, 0.009142688540673126, 0.008580686132548919, 0.011583887905547357, 0.007509114858246927)",-0.9884943442378463
0.0009393661461450231,0.0009145276509399821,0.000502618392202003,"(0.00046261123534453903, 0.0013767825826904753, 0.0005298840579530044, 0.001200880517609394, 0.0019262799938936247, 0.0003303099321343334, 0.00029807776228243867, 0.002135878576644603, 0.0008417474949421426, 0.0007557026870926559, 0.0005748725404357075, 0.001106519561096893, 0.0009367477451570349, 0.0006798933295107303, 0.0008646706650614483, 0.0007361654855623701, 0.0007966200000447893, 0.0007965866749637074, 0.0015218694624892703, 0.000418452713890474)",0.04941819796172206
0.0006114507527744422,0.0005932543385203004,8.508190237147861e-05,"(0.000584799605236544, 0.0005905636070693939, 0.0006501143264702418, 0.0005310903461765328, 0.0006178452243712047, 0.0005588231813302143, 0.0005607074039999626, 0.0006158659987626123, 0.0004838446339513087, 0.0007135221645572758, 0.0005061699249870918, 0.0006820536529798598, 0.0005666541370509963, 0.0006094618436265533, 0.0005684782050469628, 0.0006074097826347968, 0.0008226138833039786, 0.00041938932832304263, 0.0005733326749360159, 0.0006023468455914157)",0.21386938640245587
0.002211594157592589,0.0030745726864280926,0.000636076361741529,"(0.0022166979740244567, 0.004103061117663113, 0.0024239601738585536, 0.0037472303585624226, 0.003491923979641912, 0.0026012434991470983, 0.0027736284777161876, 0.0032772060981031163, 0.003246917249138692, 0.0027958664106637033, 0.0031897429833437924, 0.0028461227420760126, 0.0024788475248758443, 0.0036687135125891427, 0.002857231594235441, 0.0031802409227939575, 0.002995610513305827, 0.00301949731243262, 0.004601807660397846, 0.001975903623992111)",-1.3567215836676174
0.000998617379996985,0.0014899588337473574,0.00028204939344428446,"(0.0020991716901234566, 0.001022949929932366, 0.0012158014685704896, 0.0017648411968294577, 0.0017798357604202205, 0.0012055625601089751, 0.0012258421651592584, 0.0017511250506208464, 0.0012330991993170575, 0.0017395270750647823, 0.0017049885439047027, 0.0012581078289943008, 0.0012891048206005308, 0.0016656547442143216, 0.0012533422878649024, 0.0017123752646938995, 0.0015851712169073697, 0.0013503942202312265, 0.0016024348986857634, 0.001339846752703216)",-1.742040455220589
0.002393447523205055,0.0020165083077217805,0.0005337941379245465,"(0.0013356039869064776, 0.0028544076169821093, 0.0021128600542867746, 0.0018024827265776485, 0.002034300618706355, 0.001872067418625053, 0.001179309742113279, 0.003231197882267642, 0.0022070973825764678, 0.0017247982095416807, 0.001984043741149249, 0.001918751513494976, 0.0013965614260330137, 0.0027295759371651846, 0.002607708760410212, 0.0014609073439452403, 0.0023649258063869155, 0.0016052858338332263, 0.002038168013476056, 0.00187011213995805)",0.7061509085672203
0.0017389754648436905,0.002220287414521473,0.0006032996605211028,"(0.001967292682182059, 0.002340878099859803, 0.001304483396826866, 0.0035266100707780695, 0.002250765164458672, 0.0020438702664208053, 0.0023279643721629936, 0.001977291298777779, 0.003173598897836356, 0.001448995812775534, 0.0030035323184844395, 0.0015310659967728885, 0.0031082728201285823, 0.0014814664210864418, 0.0018846816119255105, 0.00244175643114766, 0.0023367578253448247, 0.001962587253108193, 0.0022177910773111546, 0.0020760864730408257)",-0.7977991389255007
0.007702891781892718,0.006914123175652435,0.0017097038108122202,"(0.005754871088387784, 0.007883614631591117, 0.0038283176423527915, 0.011812587653295325, 0.006689260107292616, 0.006759790220660739, 0.00873628153527632, 0.005185720472477097, 0.006967193102153119, 0.006482548922350424, 0.007851904242628337, 0.005752406016365714, 0.007029142259341503, 0.0064527474535101565, 0.008116542720154342, 0.005577421705602686, 0.005344884519506959, 0.008379202156581604, 0.008034564547371819, 0.005643462516148214)",0.4613481009120328
0.017492200151706452,0.013062878001609827,0.0027254242731997364,"(0.015559088715554897, 0.010591514517299574, 0.014833882640386627, 0.011041183519765097, 0.00876932671540223, 0.018673457555638828, 0.017470178510020678, 0.009407158323539158, 0.013873782323204147, 0.011776963905997292, 0.016919964474028798, 0.00965757868145522, 0.01347047269394853, 0.012227655349305902, 0.014671611217605665, 0.011185353756925271, 0.012823478998876129, 0.012539280359775784, 0.011718952278840664, 0.014046675494626047)",1.6251862851784387
0.005049995550498734,0.005930669660692338,0.0014390527727041408,"(0.008104048463887011, 0.004113524841677809, 0.006140729987637551, 0.005414244015047644, 0.008128459862771154, 0.004089879858355289, 0.004973896625539944, 0.006694310186447726, 0.005241214952289331, 0.006336897829081259, 0.008250926528926004, 0.004025513761005474, 0.0068560865269930785, 0.004861245443528642, 0.007627605387465259, 0.004362586192929363, 0.00555864144016589, 0.005933797108384573, 0.007392380906693687, 0.004507403295020058)",-0.6119818028206978
0.0021817200422530017,0.002005708817511676,0.0005035698614685514,"(0.0018621664415866882, 0.0020440141996483007, 0.0019252898233530235, 0.001975222867427379, 0.001714457930302066, 0.00221805534337069, 0.001891023719621875, 0.002012020537827579, 0.0023027271347183403, 0.0016508908808133425, 0.0019174173135110566, 0.0019826653938807117, 0.0014179548729200857, 0.002684162816537373, 0.0023034258337155653, 0.0016514446622231428, 0.0010764427512163506, 0.003523357693872176, 0.0016378530395798796, 0.002323583094107895)",0.3495269240856221
0.0041577954592886875,0.0034575291671547015,0.0006028276020327371,"(0.004443727060054156, 0.002615729205602153, 0.0033993700996371463, 0.0034166551203093382, 0.004309911395915782, 0.0026946425861008503, 0.00362707480363916, 0.0032035722386334654, 0.0026166060140702624, 0.0044374680242191, 0.00342566692982382, 0.0033894360380694872, 0.0043067568168039215, 0.002698808685861135, 0.003228188142948482, 0.0035988377274396555, 0.0034628495976136387, 0.0033462120589314534, 0.004081605822567657, 0.0028474649748533552)",1.1616360793246447
0.00012218846787691914,9.848592010796934e-05,9.465489298902463e-06,"(0.00010044687281958032, 9.571795851497646e-05, 0.00010977522784636889, 8.75837614215549e-05, 8.995514156476775e-05, 0.00010688117976452517, 0.00010731401630812293, 8.959268586081873e-05, 0.00010861701084252834, 8.851755014246126e-05, 8.739345715894653e-05, 0.00011001406230661644, 8.599989769926041e-05, 0.00011179753074474268, 8.652627914870101e-05, 0.00011111710117525345, 9.813790116684773e-05, 9.796805944470122e-05, 9.318036290200154e-05, 0.00010318234532661015)",2.5041016919958
0.06152781528894298,0.06582421566265281,0.004143806144389508,"(0.0635894005499118, 0.06903018511452826, 0.07097646791437046, 0.06104414715472779, 0.06217522431106819, 0.06767933111149593, 0.0654517754428005, 0.06676662698333047, 0.07059989084899697, 0.06108282574101862, 0.06008268427647833, 0.07127899197720358, 0.06290980035722522, 0.07125221816072372, 0.06318446728738368, 0.0701535973208336, 0.06647958106068086, 0.05936184491087698, 0.06292273636567496, 0.07046251636372625)",-1.0368246544368223
0.01948998262636379,0.021137212094749863,0.010706238212198476,"(0.02032996432879638, 0.017577758241768028, 0.03068982677755986, 0.011668722870966602, 0.011517613024018334, 0.030797041123760575, 0.024145084315706795, 0.014887411847824786, 0.018085403259924106, 0.019900255445794587, 0.030544659569842324, 0.011712249845662293, 0.018019716174126114, 0.019930778259983215, 0.0271020941014971, 0.01316745836125622, 0.006634669583125068, 0.05362302985974953, 0.011573045307104481, 0.03083745959653084)",-0.1538569790563087
0.020958980653761644,0.01584878661073694,0.006000563508469038,"(0.020062524714049103, 0.010882560526849563, 0.018381565485962533, 0.011914551203234662, 0.022427758966633102, 0.009629951901208827, 0.018990921654951268, 0.011595599484319524, 0.019711602121960107, 0.011193831975251162, 0.007601885142047005, 0.028766325086067426, 0.009488922997135324, 0.02318391705158561, 0.010181299635408314, 0.021400940128840522, 0.013226827704257276, 0.016402462344768956, 0.009882343832722011, 0.022049940257486453)",0.851619024748644
0.006537529010529391,0.013338575687449186,0.008422684565504747,"(0.03283702091420184, 0.0036335143453627523, 0.015864417524876495, 0.007539994393815241, 0.025219265879099687, 0.004689360008038266, 0.010486735826884235, 0.011457803199385764, 0.008356933440608434, 0.014404264222889224, 0.007618608929357759, 0.015680961361839305, 0.006236864078991372, 0.01925559060302705, 0.004929190325164829, 0.02416462820400105, 0.006002408042219207, 0.01977841643525656, 0.02355942453520865, 0.0050561114787559544)",-0.8074678119579121
0.00046819463546557535,0.000916250462297355,0.0004922810619115439,"(0.0007109428742971096, 0.0008988398824662735, 0.001590744428015321, 0.0004017964293296204, 0.0005449470187487522, 0.0011720038386500253, 0.001074954207891287, 0.0005947750053927307, 0.0010308529281426772, 0.000620640782540264, 0.0015386187804745579, 0.0004153477444661841, 0.000803651540165636, 0.0007961566074490723, 0.0005020869531868636, 0.00127251662096475, 0.0002981644178910054, 0.002143495647105092, 0.001483905495204372, 0.0004305680435655031)",-0.9101626316721666
0.0005323093644732912,0.0005989955314822633,0.00012014099328168559,"(0.0005938339402233935, 0.000583073431714789, 0.0005508010191752925, 0.0006286473882293153, 0.000500602700395396, 0.0006915950147763435, 0.0005538810351122702, 0.0006251842404511418, 0.0005874295725480392, 0.000589509460975563, 0.0006107915708473527, 0.0005668928682101009, 0.0006229857727288066, 0.0005558562006946221, 0.0006367458214527675, 0.0005437660434944957, 0.0007056580810958713, 0.0004906591255433936, 0.00034851126883393284, 0.0009934860731423793)",-0.5550658870666906
0.0025510545436334027,0.0030872297208763555,0.0005589744789356445,"(0.0030146740926091722, 0.0030691062050331474, 0.00483129648373669, 0.001915294558983451, 0.0028513879209868666, 0.0032436315171320345, 0.003486608528420337, 0.0026544785706578704, 0.0033364934495872176, 0.0027741034850440865, 0.0029885429433152734, 0.0030961132518792676, 0.003059368892248368, 0.0030250737766912093, 0.003399028214398204, 0.0027218655765133223, 0.0025679058105862736, 0.0036022792013056366, 0.002783143345940608, 0.0033241985924580635)",-0.9592122671931207
0.0012932324178010783,0.0014816504885357745,0.00017312013437698672,"(0.0013674780899086906, 0.0015847640793874896, 0.0011727789954876025, 0.001847984514250199, 0.0016448736137161578, 0.0013171960583845046, 0.0014478297140387015, 0.0014970930089819594, 0.0014551434390731716, 0.001489649338320972, 0.001357772472667799, 0.0015961462218558066, 0.001490703654613953, 0.001454027914881293, 0.0014900854615288353, 0.0014542997040670645, 0.0011873815051214522, 0.0018248996355254964, 0.0013629883886940133, 0.0015899139602103317)",-1.0883660148067853
0.00269494115546673,0.0020240697740775476,0.0005119854990110548,"(0.0019101129821740201, 0.0020187810757888794, 0.0017765893311893054, 0.002170728920208136, 0.0014006952865830225, 0.00275204128659351, 0.0015964631320435712, 0.0024160744267773724, 0.0018058884781040538, 0.0021361188011488753, 0.0031127662786236752, 0.001238861478873483, 0.0018296434403998049, 0.0021082277319144746, 0.0016631863299866251, 0.0023183356392715644, 0.0013962930618522937, 0.0027612129908607848, 0.0015016592182194456, 0.0025677155909380376)",1.3103327783404604
0.0023973780553175643,0.0021844109782727977,0.0003630436457468307,"(0.001990224290626438, 0.0023352043802746386, 0.002675375606274949, 0.0017373697852288018, 0.0024908263317692803, 0.0018651794728444394, 0.001792998593607281, 0.002592875508803928, 0.0021250393167598154, 0.002188095499974204, 0.0023480271409421264, 0.0019794561669206467, 0.002886178584302072, 0.001610953606861251, 0.0017891204333257223, 0.002597471651516847, 0.0018227275092896015, 0.0025494301394251395, 0.0021355804136216397, 0.002176085133087142)",0.5866156302134525
0.008947768511690216,0.006945716119462199,0.0011330455233738964,"(0.0054408154091516074, 0.008644654600550259, 0.007568910152552153, 0.00621638672746251, 0.0050406155562382395, 0.00931990683184879, 0.008098969961327465, 0.005813135866878447, 0.00662289934801132, 0.007112595362264565, 0.006711130187142129, 0.007009478592552834, 0.006741402503293719, 0.006986243828491683, 0.008617494254581838, 0.00545649368005681, 0.007645482424934453, 0.00614917510058029, 0.006692753029843289, 0.007025778971481559)",1.7669655375067885
0.012882611488691851,0.013388416750097602,0.0020192467613370734,"(0.015007619052687703, 0.011683872110809217, 0.010999771533960069, 0.01595235485149509, 0.013494312892705284, 0.012964197520334677, 0.010701787156891256, 0.016416245593750066, 0.014929129450041741, 0.011780203655702256, 0.014011158771773426, 0.012518718796995497, 0.010215913578051444, 0.017208782941753903, 0.012897637196329897, 0.013588188265097442, 0.013087987445725537, 0.01338618014589955, 0.015905494380102535, 0.011018779661845461)",-0.2504920503479351
0.005963218367932713,0.006032690553763748,0.001273131898979188,"(0.005308768183121016, 0.0065743553119803535, 0.004998419390438643, 0.006984747198034709, 0.007530117361819965, 0.004630294530887663, 0.006650665659559796, 0.005252265043561124, 0.004394568515330641, 0.007952625827539415, 0.006710907614170161, 0.005201446095586239, 0.005789732546667824, 0.006035381136973801, 0.006523626792387669, 0.0053488077200121355, 0.0038266307363983777, 0.009117633276048894, 0.0056860215304725455, 0.006136796604283977)",-0.05456794059338102
0.002130359910727149,0.001979907422250986,0.000278598189619211,"(0.0016265695696030629, 0.0023649271452746636, 0.0020598640696285857, 0.0018676573443955962, 0.001910492550374698, 0.002012796710111269, 0.0020084210993768148, 0.0019158296991106365, 0.0021756588560946375, 0.001768854982986418, 0.0023122619026952128, 0.0016636915707348406, 0.0018423582832634855, 0.002088756153886036, 0.00217121927635446, 0.001771549186991624, 0.0015986174482861965, 0.0024060046210082724, 0.0024843560262525037, 0.0015482619485906988)",0.5400339775423606
0.0031624831453062525,0.0034637396884864453,0.0005064716445425282,"(0.003042696461372386, 0.0038632530490124227, 0.0036319052370752712, 0.003237022226774193, 0.002951298389320722, 0.003981208332675061, 0.0036245183285836045, 0.0032444064409535836, 0.0035802178696297234, 0.0032861420526904233, 0.002762102988071283, 0.004255914185171805, 0.002835279816432488, 0.004149689839109948, 0.00333655190635551, 0.0035225532604155263, 0.002628820760662683, 0.004471800592278042, 0.0032251452624971234, 0.0036442667706471023)",-0.5948142337806563
7.250033705265984e-05,0.00010248692555798989,3.102080375061896e-05,"(7.276978470124927e-05, 0.000132139316024544, 8.854611797728703e-05, 0.0001085963464770222, 8.314695967779415e-05, 0.0001156467483687075, 0.00011429543702415043, 8.41313942711015e-05, 6.808267958559177e-05, 0.0001412401204399332, 7.29026125383465e-05, 0.0001318986404483074, 6.304054842954659e-05, 0.00015253739955990164, 6.0461303243029065e-05, 0.0001590392020169863, 0.00012606181217113494, 7.627869421746463e-05, 0.00011610225712679222, 8.282113686090729e-05)",-0.9666605915951394
0.17450089916346348,0.1749771361542486,0.00976147439369207,"(0.17119687236482678, 0.17863050048120455, 0.17622555158349537, 0.17544961317669294, 0.16567598179946919, 0.18024106134437057, 0.17506394652446855, 0.1784787847769767, 0.1905786596432154, 0.16375720615655626, 0.17784570265149233, 0.1723452408052973, 0.192776108381239, 0.15938091354340997, 0.1756248630795848, 0.1731522913366106, 0.19054885436493887, 0.15376165638907804, 0.17695950723687487, 0.17184940744517033)",-0.0487874035804324
0.010630815552856943,0.020330005438393348,0.009025912097901066,"(0.026872031120816306, 0.01310785606496651, 0.018052398189698955, 0.01926716460639761, 0.014083884943364232, 0.025557711755887808, 0.021288957311092625, 0.01622575869267231, 0.020835880233269714, 0.017516465388956248, 0.014022927974880695, 0.024674887428516593, 0.021370973925453927, 0.01619375445483551, 0.01891288288153389, 0.018300906824882817, 0.010717434683934352, 0.033482416830861256, 0.0070041970581636625, 0.0491116183976819)",-1.0745938781956348
0.0225213265307617,0.0151159087343272,0.00558987456826889,"(0.012502024000629287, 0.016136051672748924, 0.01973794639799395, 0.010037392748879458, 0.018487041062838785, 0.01125502192503777, 0.019856648241348765, 0.009880893372544684, 0.008151123100071715, 0.026033280131863634, 0.010509593564110948, 0.01871466387754429, 0.011524322282439697, 0.01707005090092371, 0.026811707386980185, 0.00733937807118684, 0.018868194234850512, 0.0109790084273997, 0.016841548548315537, 0.011582284738835656)",1.3247914073907134
0.010778980827181778,0.01116523793431374,0.003865092577301717,"(0.018486160908766047, 0.00605516590523093, 0.009806931255820382, 0.011216911391708445, 0.018731040779355886, 0.006155611632420142, 0.009144004439351774, 0.011920845108264024, 0.011907115358529301, 0.009865442760080662, 0.017489386872619434, 0.0062476189488880375, 0.014125006493514189, 0.00773635495327753, 0.014608285563856746, 0.007483886774559227, 0.011455605496906435, 0.010022115804919962, 0.010901299505893811, 0.009945968732311829)",-0.09993476208055398
0.0005520654797175319,0.0009023593105698586,0.00043640924959309865,"(0.0009046272470064944, 0.0007310960847032719, 0.000616730808456314, 0.001068844029377302, 0.0006601052810066638, 0.0010071608661333304, 0.0004400442236497854, 0.0014961772250480108, 0.0003199669579254425, 0.002083791119327848, 0.0006368080143377199, 0.0010344471442272156, 0.0012373850520082104, 0.0005322677421174205, 0.0015874665377401968, 0.0004150778205875926, 0.0009244099286395258, 0.000718584468182577, 0.0007270700015511727, 0.000905125659371075)",-0.8026727920614317
0.0005968600031747198,0.0005970283916952495,0.0001049392584890198,"(0.0005882807195482243, 0.0005888674020085077, 0.0007688068006379365, 0.00045044753073163836, 0.0005396585965749307, 0.0006422619902275204, 0.0003939875438986655, 0.0008788564227515726, 0.0005382845613259433, 0.0006441004050699746, 0.0005978413826158612, 0.0005792102012711879, 0.0006505797247232926, 0.0005322517638138454, 0.0006570129392182032, 0.0005270557981021582, 0.0006263731145593293, 0.0005533027103202266, 0.0006538754450881381, 0.0005295127814178319)",-0.0016046284579695326
0.003067866671825303,0.003060923422425116,0.00041084240091264067,"(0.00337363821278266, 0.0027308662583792553, 0.002827129608920335, 0.003256452074089055, 0.0029792801229724442, 0.0030960996146995818, 0.003201188943730607, 0.0028748411943912535, 0.0027694555943508516, 0.003333238032767441, 0.0022988496829949422, 0.004003654177970392, 0.0024791832334520223, 0.0037124576410618327, 0.0034670696863204555, 0.00265468620277908, 0.0031633476368781695, 0.002915438498705314, 0.0028272080374987145, 0.0032543839937579123)",0.01690003121577427
0.001800291898109751,0.0014914919409762884,0.0002534261814711438,"(0.0011392676778246434, 0.0018997852079233669, 0.0016068485974042213, 0.001346304396548491, 0.001716771295865142, 0.0012617585879887573, 0.0014215533413818454, 0.0015214107687501468, 0.0017811614436497236, 0.0012167714629888226, 0.001211427840266202, 0.0017854260240746786, 0.001144829662351085, 0.0018892894525636371, 0.0012224235823933565, 0.0017693961060672248, 0.0015099659694103502, 0.0014343970960124487, 0.001596841088554718, 0.0013542092175069062)",1.2185006116608512
0.0018220047740204863,0.001971432058491057,0.00020885461845822795,"(0.0019090085573887849, 0.002014719511718506, 0.002293433155313241, 0.0016756016628378298, 0.001786574466801865, 0.002155806915509208, 0.0023065985706871277, 0.0016653656011884753, 0.002080773651408172, 0.00185257772290455, 0.001961097108356245, 0.0019590071097934435, 0.001961673574291104, 0.0019584088242973786, 0.0016610725199603642, 0.0023129317647549497, 0.002213755099940696, 0.0017394449908195624, 0.0020118691382897576, 0.0019089212235598632)",-0.7154607620058783
0.0019365247680048,0.002186042018872122,0.00037139963871230935,"(0.0025321001849837933, 0.0018367483070240755, 0.0019301995255381, 0.002406826590181411, 0.001909705070397957, 0.0024398143152890984, 0.0024036749181838945, 0.0019317691558664461, 0.002668587130819381, 0.0017478780149541042, 0.001566774717949951, 0.002964135251699593, 0.002085194893981423, 0.002227126461425118, 0.0022587813856543835, 0.0020561600997727955, 0.002612123012829308, 0.0017832337748988536, 0.0025119841738825057, 0.0018480233921102489)",-0.6718295465564557
0.009039036992395917,0.0069417447447312946,0.0009832456167923609,"(0.007482128065130313, 0.006324814481974612, 0.007051703909745821, 0.006686632365422239, 0.006787230371008886, 0.007013770268137962, 0.008433084486081712, 0.005582371786791444, 0.0068039844499091055, 0.007020998096859212, 0.007208520356231787, 0.006534304281251058, 0.0069839851971498544, 0.0067436876999045015, 0.005142817470928913, 0.009160782701625165, 0.007618217544764082, 0.006243045379742916, 0.008438181462291085, 0.005574634519675205)",2.1330298471165454
0.0170301851605682,0.013473470789150023,0.002424235370382906,"(0.01187150771599992, 0.014858879828082214, 0.01116767229287015, 0.015685040334493163, 0.010929428966031128, 0.016325775977405924, 0.010957956798060702, 0.015935696141421242, 0.013662792397080662, 0.01314833684272003, 0.008888301271282322, 0.01966742122013395, 0.012175751023235636, 0.014354345854364153, 0.01451668272931095, 0.012046752148210748, 0.01191439433265133, 0.014949807733854322, 0.013433130690249684, 0.012979741485542205)",1.4671489471983068
0.005937124544004908,0.0059933061685498255,0.0010933717213447037,"(0.006331867513258083, 0.0054995042634831525, 0.0076601198437893205, 0.004531278575091602, 0.007714919318436991, 0.004537376916782551, 0.006553168531623985, 0.00528927117429745, 0.0073122466705952145, 0.0048020083973381355, 0.007471713092493043, 0.004641334018481724, 0.0048923095597626426, 0.007087693800247487, 0.005519813275294043, 0.0062837762806003785, 0.005996286221666313, 0.005833134307418668, 0.006856158717193793, 0.005052142893141935)",-0.05138382806884859
0.0019075417007419998,0.0020137717866192516,0.0004546831920054031,"(0.0016379434888292017, 0.0023598133428546024, 0.001595217666231404, 0.0024204360685641064, 0.002999211404064542, 0.0012909951914045034, 0.0014252574883499602, 0.002707810402430418, 0.001787204588528868, 0.002168705462185165, 0.0021097654663331683, 0.0018295688871001687, 0.0024582679654496695, 0.0015701432359725702, 0.001735890378041206, 0.002223758842585831, 0.0015862918343160068, 0.0024402379902748995, 0.0019894946442427894, 0.0019394213846259467)",-0.23363539216991658
0.0031621355738161855,0.0035102107225807432,0.0006866717146863775,"(0.002301519069494972, 0.005167132025906593, 0.003679723377102513, 0.003223989866748588, 0.004205987856508053, 0.0028383698090892464, 0.004247834903629831, 0.002790263703302881, 0.0039108708124068305, 0.0030590647012607402, 0.003869786391388717, 0.003064077181623671, 0.0030595046598979963, 0.0038750513772381917, 0.0034718767711964488, 0.0034159116837628044, 0.004154058219796977, 0.002872056659948666, 0.004124237010058522, 0.0028728983712526146)",-0.5069018299720319
0.0001532277319812222,9.998362121235653e-05,2.0289447880775837e-05,"(0.0001436624630094452, 6.694872488766358e-05, 0.00010354992902957158, 9.28756330660192e-05, 0.00011015254694045663, 8.732613111939282e-05, 0.00011078108544291457, 8.681090922339128e-05, 0.00011004753168711668, 8.741517238303061e-05, 6.881602886271849e-05, 0.00013975137701712883, 0.00010010610797111278, 9.606890570477754e-05, 8.114826966354235e-05, 0.00011851397788383892, 0.00011655547615225017, 8.252721918598606e-05, 0.00010519450443571424, 9.142043058105896e-05)",2.6242266956566236
0.1839336974874482,0.19246462311217089,0.005490680513657968,"(0.19889896881333344, 0.18587842028523105, 0.19340189155235157, 0.19398175899105216, 0.1818461828055148, 0.19982998086725512, 0.1928517727043613, 0.19306212693829022, 0.19991620741507216, 0.18318872492711968, 0.19379085430928358, 0.1928646463886089, 0.19182710207779627, 0.1943563291997171, 0.18712930341037626, 0.19705633189836447, 0.19970804265526776, 0.18446374991750866, 0.19399608750674482, 0.19124397958016714)",-1.5537100735513862
0.02847235847693088,0.02133584233950421,0.009413351409648071,"(0.0456643349520917, 0.007844511476395241, 0.020932618443098207, 0.0185217742081427, 0.0168711050708846, 0.02346261614596471, 0.02822294448740306, 0.014037978465492852, 0.01670890993641037, 0.0228110538457975, 0.03209060059289959, 0.011075883583055487, 0.01960405409528808, 0.01947221589709199, 0.019053217312433503, 0.020201621247041095, 0.011857459643676765, 0.03204340602639262, 0.03553288430557133, 0.010707657054952724)",0.7581270290315738
0.013419079577334212,0.018846191610714005,0.007152631095491226,"(0.011498497872446339, 0.024186500937877994, 0.01208467839964701, 0.026686540074866816, 0.015389033538132467, 0.021697931065278796, 0.016599213873701037, 0.020157996931866293, 0.014518367590600509, 0.0214591494476569, 0.020276165979056265, 0.013503713635980607, 0.014437899529643349, 0.02153369497475268, 0.03163480544044526, 0.010028918760136715, 0.03380592940454453, 0.009150498772757087, 0.01160624247179403, 0.02666805351309537)",-0.7587574363790214
0.019529625140386014,0.01418265275510134,0.007741935485688882,"(0.011099891112403674, 0.012758102487089544, 0.021270007280190392, 0.007445989738304733, 0.010661518143925849, 0.015213759663106471, 0.010240802759657554, 0.015867318399996336, 0.022966356228283594, 0.00670860052297358, 0.00418489157208563, 0.03342821009795403, 0.0051666773828639954, 0.02968796149897562, 0.01753847458012783, 0.008904700602257377, 0.012120086008404224, 0.012635464959985028, 0.016454184276498397, 0.009300057786942855)",0.6906505996037627
0.0010212823056773702,0.0009623928529167886,0.0005762757197978054,"(0.0003240746351627805, 0.002044544236011975, 0.0018180000945565197, 0.00036551249109833314, 0.0004724548871237527, 0.001406518023591544, 0.000873706819164623, 0.0007606171729652967, 0.0022960642378365265, 0.00028912931213382703, 0.0008504395060508093, 0.0007790534584700862, 0.0007956465059529787, 0.0008335820948013014, 0.000923951024196189, 0.0007187931111476457, 0.0005260130183098615, 0.0012616419002854712, 0.0014508681838267174, 0.00045724634564953213)",0.10218971707023133
0.0007686538175354898,0.0006002372968836311,0.00011938222859468092,"(0.0004594495410164992, 0.0007547991973340157, 0.000694445305605864, 0.0004997636513012808, 0.0006124012745996105, 0.0005667655502722275, 0.0006287735900378855, 0.0005520173289052273, 0.0005992133535554024, 0.0005790565180838766, 0.0008135685156909926, 0.0004262273763539764, 0.0006460255105406536, 0.0005370294610532803, 0.0007798069610611726, 0.00044499384375350475, 0.000501478592756852, 0.0006918685182749798, 0.00045566221978169183, 0.0007613996276936297)",1.4107335960669323
0.00369039259675622,0.00314881333146132,0.000785860956303852,"(0.0033076923465502344, 0.0028185503413469867, 0.0025946585940297725, 0.003607834591790418, 0.0018942170850187613, 0.004946637704541273, 0.004008273516347671, 0.002337802909189752, 0.0041717696955871734, 0.002241763991936625, 0.003239669821815593, 0.0028764856420253285, 0.003118773077983805, 0.0029984480423163916, 0.002326784345820261, 0.004021348179483173, 0.0027887608183021885, 0.0033528365284386796, 0.0023571483592237466, 0.003966811037478553)",0.6891540557532156
0.0014308662275769309,0.0015037855101603242,0.00030741781745266517,"(0.0014918298831001955, 0.0014549501896361492, 0.0016971062678807012, 0.0012819131328178335, 0.0009979755004853668, 0.0021809485217029897, 0.0013514703418516887, 0.0016105574424174693, 0.001241233918606703, 0.0017516946908172559, 0.001595522776307842, 0.0013600451463678328, 0.0011454360547613171, 0.0018979417607063226, 0.0017393137485875924, 0.0012504146657131565, 0.0015218622367703502, 0.0014284944315588444, 0.0019779129969435347, 0.0010990864961733437)",-0.23719927227256815
0.002155171281268109,0.002006164188639046,0.00043842660589910834,"(0.001985584831043223, 0.0019354405359330636, 0.002299853061554146, 0.0016761061119872297, 0.001965659259018228, 0.001962034589785874, 0.0015246759868340328, 0.002529672015156574, 0.001690821656950376, 0.0022779029933228966, 0.0019796514719489715, 0.001940576685908225, 0.0016950859995228027, 0.002271457279393246, 0.0012213190514122165, 0.003154713250786951, 0.0014749518675950108, 0.0026107514074651685, 0.0020346068326844878, 0.0018924188844781972)",0.3398678151009675
0.0022157522797147835,0.0021979515742175356,0.00044322804615208117,"(0.002903893957393085, 0.0015971740674512209, 0.0018547706530314242, 0.0025081829493324164, 0.001555224803817256, 0.002992409734008311, 0.002578270478868053, 0.0018051555108832681, 0.001886503221145138, 0.002463797040256936, 0.0027704012723052895, 0.0016735968673925062, 0.0021152598127460046, 0.002196382836819837, 0.0019586386095592364, 0.002373889182909761, 0.0017691085988099091, 0.002626687900195189, 0.0019638766151397315, 0.002365807372286133)",0.040161505238186485
0.006253029175645396,0.006996253973176044,0.0014749233979546087,"(0.005185484432787264, 0.008997984836818658, 0.007239535876663405, 0.00650688661767081, 0.0058364059582262755, 0.008080600987715519, 0.010536597648618739, 0.00447692965878953, 0.006510293234538954, 0.007215344143248238, 0.00824679944453413, 0.005652147419480044, 0.008410497426734114, 0.005577205863068351, 0.005823459672014035, 0.00807526051136521, 0.006238096636309543, 0.007524683858111013, 0.007690265649024953, 0.006100599587802088)",-0.5039073883846008
0.015026857731652528,0.013455103921045045,0.001285774402344765,"(0.01396373613017745, 0.012699441228694153, 0.01360683375806443, 0.01327907616052973, 0.015635143348416217, 0.011582913693540257, 0.011173029336970985, 0.016215416398314957, 0.013045778002034082, 0.013773722567650516, 0.014820070020956278, 0.01194208998148873, 0.013165133750322267, 0.013610884218614986, 0.01419195761756219, 0.012688798248571762, 0.012880792752309179, 0.013930202878723949, 0.012178307441030071, 0.014718750886928623)",1.2224180289646454
0.005303233429333237,0.005965553537197726,0.0011070217333342656,"(0.006255080064070126, 0.0054781098126563885, 0.005754997965159108, 0.006001852108541312, 0.00442489472609074, 0.007813186186632848, 0.007727497397203085, 0.004474756684635837, 0.005308231290360741, 0.006491515809822202, 0.007098781301811466, 0.004823057153761453, 0.006210290319334244, 0.005541650508342515, 0.005727118733090202, 0.006022283600658137, 0.004623347187114541, 0.007448501663924936, 0.004595105185287214, 0.007490813045457401)",-0.5982900677745785
0.0020752007139232566,0.0020069477914998884,0.0004426838705100342,"(0.0018458016667697978, 0.0020830043798725564, 0.001950056648434345, 0.001976825970715955, 0.003206480903771374, 0.0012025905191238209, 0.001629264890828647, 0.0023669013306545886, 0.0014874166239155799, 0.0025896570831717377, 0.0016348957285569204, 0.00235108283681378, 0.0019530724830858462, 0.0019714053797922192, 0.0017775653509909783, 0.0021676112588846523, 0.001690328428334222, 0.002278319019966128, 0.0016674473283886007, 0.0023092279979260184)",0.15417982666667107
0.006771513622707213,0.003441747226296753,0.0003154464481269915,"(0.0033452596674073153, 0.0035079461573065867, 0.0031991962712536333, 0.003676863727386713, 0.0029999782341428435, 0.003921240971972134, 0.0030601470069682754, 0.003844338765634988, 0.0035168851761154373, 0.003342084259532145, 0.0032290366401472714, 0.0036338641871079907, 0.0036379997551148967, 0.0032285193599262893, 0.0033290995123249714, 0.0035317393630754246, 0.0029546141405134567, 0.0039770630331606134, 0.0030599434774569527, 0.0038391248193871148)",10.555726387732134
0.00013088199506683116,9.99714035867959e-05,2.023924103704676e-05,"(7.539702284768284e-05, 0.00012748808817990943, 0.00012303994345464587, 7.812469601289451e-05, 9.076536524767756e-05, 0.00010590400461153431, 0.00010070277821286286, 9.545335250128135e-05, 9.439511673946115e-05, 0.0001018312266900728, 7.187068123617857e-05, 0.00013374396279132707, 8.378846011372988e-05, 0.0001147199730153816, 8.680307448780601e-05, 0.00011073831277108857, 0.00011128561498635886, 8.63752577816435e-05, 0.00013666836885323832, 7.033277120114243e-05)",1.5272604058351404
0.0063050447181287736,0.012888769742833525,0.0030606350932494454,"(0.01034145573623834, 0.014026321150147222, 0.010808269101495798, 0.016507379522897304, 0.017874400572155957, 0.009152621270037483, 0.013203922995198365, 0.012696113467599305, 0.013920952049787058, 0.0118862599580873, 0.014234885925525144, 0.011135670397274765, 0.015411057512956898, 0.008524847833170921, 0.009053569978908096, 0.01899721713385241, 0.011965205101339008, 0.013059862671704094, 0.016245178775561142, 0.008730203702733894)",-2.1510976722530084
0.01099447880066345,0.019786430278689343,0.008566283670692685,"(0.0318011295343954, 0.010406100913911117, 0.017873775877825765, 0.018279609788110912, 0.013133772482468775, 0.025080916797796657, 0.020320591545938935, 0.016117703202891135, 0.019952057259605995, 0.01656665615715258, 0.020056038205030966, 0.01642098576062328, 0.008594067853438548, 0.03826866490031276, 0.03418919684374305, 0.009613231712996157, 0.03235247198795395, 0.010031705051869925, 0.015778213156230052, 0.020891716541490916)",-1.0263437233704122
0.016719190163151366,0.016442269334056528,0.008165395766615182,"(0.007494044606991564, 0.028472734682846248, 0.029690592432711625, 0.007058336724244588, 0.009311172235462684, 0.022768698417128072, 0.03027388833622754, 0.006946284279463108, 0.011605842411137551, 0.018355394190263125, 0.019430352420989595, 0.010907750820981612, 0.01198218379215212, 0.01765305881430139, 0.016397100520388837, 0.01288829732179263, 0.02444312735065048, 0.008493693609451514, 0.007937932857545456, 0.0267349008564008)",0.033913950653445234
0.007082894829572855,0.011295259746768465,0.005042568257450478,"(0.010336250513179417, 0.010378002907763537, 0.008576180151315761, 0.012311680682237449, 0.016236366744414817, 0.0065697038990339286, 0.009446183082293455, 0.011211972430625241, 0.012403057499274788, 0.008636606580797396, 0.019060003524572246, 0.00559497902187616, 0.01341107107936578, 0.007937633630336272, 0.017284513965272714, 0.006154040123172513, 0.02450929182203922, 0.004273058842208099, 0.013885014845336961, 0.00768958359025345)",-0.8353610109237036
0.000585140270665936,0.0009124855116490806,0.000457860014731418,"(0.000928753730175575, 0.0007065079949302211, 0.001625649264528801, 0.00040341359721749733, 0.0006794014124638012, 0.0009656593178703597, 0.0017628083391022426, 0.00037205733580492886, 0.0006273466015463671, 0.0010459488870732713, 0.00036903823392134125, 0.0017777456118148378, 0.0007469915898752947, 0.0008781811287111486, 0.00041200762103863473, 0.00159214387997174, 0.0011344725668096137, 0.0005779166325334066, 0.0006828922612928316, 0.0009607742262996979)",-0.7149461198859356
0.0005475440390487015,0.0005991876264808647,0.00011889720117317698,"(0.0005327136991746532, 0.0006493923673844898, 0.0005758708440865165, 0.0006006348539377706, 0.0005322977496680224, 0.0006498670368877065, 0.0004896054674113153, 0.000706483937584055, 0.0007778497237680792, 0.0004447346296530681, 0.0008364619929128098, 0.00041355342256750436, 0.0007977527163085425, 0.0004336119198993637, 0.0005588918595211596, 0.0006189262394891547, 0.0005622621190851694, 0.0006151266160034359, 0.0006759542077790147, 0.0005117611264954655)",-0.4343549463115027
0.002518238905488143,0.003085811314179144,0.0005919645116749074,"(0.0030494360389348623, 0.0030194521887720706, 0.0026777572381586905, 0.0034361444140656814, 0.0028112061952671043, 0.003274506074457397, 0.003434157094050004, 0.0026796680022553323, 0.004718283979569242, 0.0019513546107874512, 0.0024338078323189825, 0.0037822241684761604, 0.0025282917032278898, 0.003640598336848012, 0.00284965181919759, 0.003229928131570838, 0.0031468045175426225, 0.0029229030037740016, 0.0026306298025682976, 0.003499421131740655)",-0.9587946532218775
0.0014429339140419476,0.001509535043958445,0.0003653693596818599,"(0.0026061253165679636, 0.0008297038204314471, 0.0017857857639480765, 0.001210343378126802, 0.0011666287631051351, 0.001853198371386796, 0.0015229342501045767, 0.0014193578628656305, 0.0016903552833279387, 0.0012791598379885507, 0.0016043590601848342, 0.0013475658521455247, 0.00134456550508028, 0.0016078634770650628, 0.0011964216023547308, 0.0018069170026247714, 0.0013483696901665084, 0.0016026418897020726, 0.0012822012738696507, 0.0016862028781225486)",-0.18228438743327943
0.001651340341312787,0.0019797778741652366,0.00028978062553065034,"(0.0021666951293089327, 0.0017732017515563851, 0.0020536346772149516, 0.0018697458554695586, 0.0016192433223994522, 0.0023722310202549863, 0.0018651225525045233, 0.0020589593163532673, 0.0024348322907193623, 0.0015778538829458292, 0.0019238432716285243, 0.001996618103965573, 0.0019229331087217243, 0.0019974274414700705, 0.0017151857157335169, 0.0022393016597815037, 0.0021998840538621045, 0.0017449374829139228, 0.0014958031847524093, 0.0025681036617481267)",-1.1334005931245756
0.003250813140483034,0.002196458710711069,0.00044254815333218003,"(0.002501878402509563, 0.0018554829573712893, 0.001574559571218689, 0.0029465191251550073, 0.0017600105968418507, 0.0026370689039085116, 0.0017329012259226573, 0.002677596115120842, 0.0018560269633078482, 0.0025010394523562267, 0.001840602083409488, 0.0025215756516879444, 0.001959812153433121, 0.0023680227319205064, 0.0023416502039932197, 0.001981833426109073, 0.00186509579609943, 0.002486799518817922, 0.0029442315292840136, 0.0015764678057541737)",2.3824626130132294
0.007372367094790036,0.007013013450803265,0.0018276841434187276,"(0.005627435200847537, 0.00822047884831981, 0.0045889982775438685, 0.010062219513861463, 0.006544352573182391, 0.007064344297123274, 0.006946804462803898, 0.006649428796853367, 0.005301090318203701, 0.008725413937722868, 0.006252182271399646, 0.007394206805536855, 0.01181361624061112, 0.003912379944644824, 0.005878336453426418, 0.00786203124059701, 0.005645645417609306, 0.008171536756474397, 0.006805708123611514, 0.006794059535691998)",0.19661692928767874
0.01428213417403052,0.013593711564077196,0.0033891499232919045,"(0.01042479375458665, 0.016738505172368925, 0.01589606742308955, 0.010938444921196994, 0.011368913644702917, 0.015330101793037036, 0.00871436344638131, 0.019967080158878978, 0.01154104180583823, 0.015115768411092497, 0.0153521369195194, 0.01135182082797503, 0.008790274968472386, 0.01981708487393504, 0.01246080525342124, 0.01397748671839495, 0.010805206430058069, 0.016063857746824145, 0.010308390349106123, 0.016912086662664496)",0.20312545196721593
0.008992214800862796,0.005963698188631206,0.0012290669857731866,"(0.0038760145969270053, 0.008823582721630556, 0.005393224339495679, 0.006331703307420796, 0.006407188952406321, 0.005335077742062518, 0.005653076202281638, 0.006042477460996442, 0.0048257261648669125, 0.007086348680985211, 0.004917340904400709, 0.006951281948498046, 0.006080298923140566, 0.00562065090505227, 0.006647915083891895, 0.005140406435058809, 0.0075723918218633425, 0.004506188007285374, 0.004550900911031952, 0.007512168663328073)",2.4640777494534998
0.0021120806215827698,0.0020140018658800474,0.0004863391423438698,"(0.0024395950642005196, 0.001573036388913247, 0.0014511219733045592, 0.002643205754803408, 0.0018458980079794423, 0.0020786165407068796, 0.0018251144996697841, 0.002101786618648748, 0.0016756067939726377, 0.002290178072950498, 0.0014374637261195154, 0.0026691981222775967, 0.0013285868341466863, 0.0028877508852786656, 0.0016980111116169094, 0.0022594334258158474, 0.0013908718245784584, 0.0027570097553100076, 0.001824704731166985, 0.002102847186140561)",0.2016674109964503
0.0035239644759040086,0.0035082822339740586,0.0007552919772268801,"(0.003171345600219061, 0.0037165976089416396, 0.004043786203710913, 0.002913394218632389, 0.0037291577866410716, 0.0031602375902076837, 0.0029363556767523337, 0.004012475865207589, 0.0026280445243443535, 0.004484911900109846, 0.003700914942002408, 0.00318430280749024, 0.002278853729945244, 0.005170996227465283, 0.004825730555539037, 0.0024418436112279684, 0.0037417207158972786, 0.0031478737568589902, 0.003633695361714441, 0.0032434059965733993)",0.020763151738389538
8.435570838074458e-05,9.972410718174015e-05,1.873599803039188e-05,"(0.00011457512889318235, 8.392430342110223e-05, 0.00011288901836734167, 8.517755644670774e-05, 0.00011126361250125411, 8.642212695014244e-05, 0.00010929678910537115, 8.797702354123247e-05, 7.905500050389973e-05, 0.00012163238288911714, 0.00012804309186384663, 7.509685565345018e-05, 0.00010114046788158644, 9.507195991074007e-05, 7.903695744791137e-05, 0.0001216597776905855, 7.190376529512834e-05, 0.00013372866597182936, 0.00010507888549752048, 9.150877380285356e-05)",-0.8202604833789111
0.11288544113964437,0.11670017275179734,0.007040776366680804,"(0.12206097921170618, 0.11163011530270675, 0.10722553251678364, 0.1254528683419469, 0.1262426301438284, 0.10864018406435172, 0.11680596567821394, 0.11437969053440761, 0.124650027955231, 0.11105590082220614, 0.10989261319649378, 0.12432886469164138, 0.12268197050885242, 0.11011786245458584, 0.11340672938177171, 0.11891105770831766, 0.10502224218978325, 0.12654013865331223, 0.12140234176229062, 0.11355573991751569)",-0.5418055358504914
0.02143427512459811,0.020192041385207443,0.00865060584992069,"(0.021488937393789466, 0.016159033010779433, 0.0132471295757252, 0.026261685279131863, 0.0206296133098386, 0.01698646473754657, 0.019642770685121123, 0.017590740501682262, 0.02520744055892135, 0.013955357360704565, 0.015084570048590052, 0.02325467076453193, 0.007577096783887429, 0.046016837161845105, 0.00967890806090275, 0.035995427468347406, 0.016980598466600366, 0.020618067002346665, 0.018153417380999924, 0.019312062152856826)",0.14360077906012267
0.011031004275407354,0.015621333033675548,0.006976047431144072,"(0.024085858740326045, 0.008340098995810867, 0.031980901956988154, 0.00629612550418297, 0.01376079277420357, 0.014766339337041379, 0.007833010679142409, 0.02548306844881629, 0.008401177533996163, 0.02430518548791233, 0.013702323008024625, 0.014848392095313119, 0.019031040771737454, 0.01060981175914644, 0.01419373129124925, 0.014211295121646726, 0.016157829235610745, 0.012561407837540516, 0.00882816994659257, 0.023030100148229305)",-0.6580128365777725
0.008043093776624734,0.01143494369573356,0.003828142717237721,"(0.01506964503840944, 0.007751141971829062, 0.009468312893344618, 0.012363262877099605, 0.006079561337191968, 0.019412675211960825, 0.00704688909570685, 0.01647854163789104, 0.008721173699879736, 0.013592993170478972, 0.013173010833832264, 0.008969457453235357, 0.012976917478755281, 0.009042668207810097, 0.017912182483537497, 0.006545115531885811, 0.009351442382205562, 0.01260760316235194, 0.013170357666669342, 0.00896592178059594)",-0.8860301638796498
0.0011543240189214848,0.000849329382109761,0.0002835651162381417,"(0.0004903967914569114, 0.0013195996041047678, 0.0009703855228779361, 0.0006669251236027446, 0.0010765174059658405, 0.0006013457282537393, 0.0006738910449238224, 0.0009600656409850983, 0.0005048043150093922, 0.0012826191315641162, 0.0007667509648450876, 0.0008443267838142253, 0.0005709983515449007, 0.0011334958751150154, 0.0005220032440161967, 0.001239829194854658, 0.001184123628157723, 0.0005466885293829303, 0.0009513078955718758, 0.0006805128661482389)",1.075571779977285
0.0008768510745114156,0.0005963366745843223,0.00010158411958118193,"(0.0006646058105383635, 0.0005206734108421572, 0.0007273905498557639, 0.00047574136326494087, 0.0005834224183688092, 0.0005931829754339272, 0.0005985070478766969, 0.0005781388422640158, 0.00047926111267645733, 0.0007221360159200522, 0.000557748807145923, 0.0006204939855097303, 0.0006689555753520893, 0.0005173091210792902, 0.0004101133192289405, 0.0008437997527910671, 0.0005240960449939152, 0.000660323856441661, 0.0005402824490576314, 0.0006405510330450116)",2.761400119266846
0.002717587878306066,0.00311897415573242,0.0006953074693968708,"(0.003022931085799338, 0.0030711858882980763, 0.001966323485720626, 0.004721944838768134, 0.0031854573373558417, 0.0029158354457473113, 0.0024762777648263067, 0.003748208625064458, 0.0029061199209954973, 0.0031967362476898638, 0.0024864249002742034, 0.0037357845147633654, 0.002656859985477663, 0.003495067448035144, 0.002118444590185336, 0.004383180733539807, 0.0025905427042235986, 0.0035852886831278766, 0.0033144330209725864, 0.0028024358937833805)",-0.5772788228127735
0.0017323626751826616,0.001484934111296371,0.00021298220071669109,"(0.001751278030604244, 0.001234473968676238, 0.0017864255118847702, 0.0012102549788424906, 0.0016249173863118313, 0.001330833083941477, 0.0016754209348856992, 0.0012901627888865243, 0.0015089609490908718, 0.0014332700810933436, 0.0011700237592397902, 0.001848302226079687, 0.001524829352053676, 0.001417972906968883, 0.0016469126704725518, 0.0013128282815319768, 0.0012246111395305345, 0.0017658139911664176, 0.0014502377831422718, 0.0014911524015241396)",1.1617335300963485
0.0018610097678693485,0.0019889719440583614,0.00033991163826559644,"(0.0018554899770619744, 0.002074102828331463, 0.001979382286804917, 0.0019444367335330393, 0.002116230185779057, 0.001819234452743677, 0.0019166308089535228, 0.002007473640863955, 0.0021088821451690225, 0.0018258770754877296, 0.001414854541860452, 0.0027211782063355826, 0.001899704846659209, 0.0020261585545210646, 0.0014450209611621854, 0.002663607535208406, 0.0015557965726323345, 0.0024744733231306573, 0.0018514431699267143, 0.002079461035002259)",-0.37645717823002944
0.001991083465714017,0.002184654674744761,0.0003573980696051493,"(0.002653356046739246, 0.0017531328866648575, 0.0024718804143939637, 0.0018819936658423199, 0.0024460494056998817, 0.0019024357176115566, 0.0021227788906070244, 0.0021907761903455056, 0.002503559597884024, 0.0018590549922376986, 0.0021185369233309497, 0.0021966275722027006, 0.002818255529009345, 0.0016508221011542557, 0.002772738205346014, 0.001677860643343013, 0.0019149850583666894, 0.0024299321723636794, 0.001990901659760925, 0.0023374158219915714)",-0.5416123518646873
0.007054529219106766,0.006951898269402118,0.0011507408969918225,"(0.008242226964963234, 0.005709143742520745, 0.006295948609075474, 0.007475914785207048, 0.005587397020448224, 0.008431799988559554, 0.006885447921527273, 0.006828824514253139, 0.006320754009592467, 0.007457536130509651, 0.006745946526544836, 0.006984587605338302, 0.009257013438661645, 0.005085849045515235, 0.006132672052971737, 0.007675997843362337, 0.007776684486675545, 0.006057406413657121, 0.0054641159669419175, 0.008622698321716887)",0.08918684473015386
0.013183104355784079,0.01346550005136539,0.0018307689345716577,"(0.009920519638817292, 0.01793742552489474, 0.01290347906738133, 0.013797581035043213, 0.01444268237868247, 0.012349610689737606, 0.011393968761614215, 0.015594049866145777, 0.014551887347388177, 0.012269891316182377, 0.012716601662004222, 0.014029281637653709, 0.012188361545257808, 0.014614280277320625, 0.011233876119899523, 0.015852424052150576, 0.01350991022019023, 0.01319937915342696, 0.014514121511024075, 0.012290669222492832)",-0.15424977464312423
0.00532377020295091,0.006032376224996368,0.0011310426997021997,"(0.005679884302896595, 0.006196943062091121, 0.004655133710581726, 0.00756269742401471, 0.006665596036163657, 0.005285764292941078, 0.004944983745168773, 0.007113235599258391, 0.006958109274909257, 0.005065852214436484, 0.005900940295911799, 0.005971323846306829, 0.005687419724253854, 0.00619132826768772, 0.0058209527615031755, 0.006048713774910621, 0.003927760630665774, 0.008969364367182424, 0.006880567225149391, 0.005120953943893974)",-0.6265068703701743
0.0018263099066107152,0.0020000726499278506,0.00039623303353663843,"(0.0018630706869669264, 0.0020677812197696143, 0.0015042826761366198, 0.00256115033450072, 0.0014343163861482609, 0.002686779999905865, 0.0020703609429274183, 0.0018603429788559, 0.002272739144379745, 0.0016958719461528703, 0.0015110827962520079, 0.0025503736461784544, 0.002057532796139753, 0.0018726121067859178, 0.0015492736206059825, 0.002486866589811751, 0.001684033329955366, 0.002288300277559533, 0.0023324076744216877, 0.0016522738451026217)",-0.4385367412862815
0.002319293428974854,0.0035148587871202705,0.0007838683845812534,"(0.0035001711383340966, 0.0033661969127688177, 0.004031187370511452, 0.0029229601012100855, 0.004650237758989648, 0.0025344591826014927, 0.002952282194010096, 0.003990105224877268, 0.0028280900325097884, 0.004168029494465289, 0.005097134856445388, 0.0023123324756616354, 0.00403279453437242, 0.00292198192920106, 0.0035593590463909616, 0.003310517811989902, 0.004665725644768989, 0.002525999041518748, 0.0039240609749192105, 0.003003550016859053)",-1.5252118616623298
0.00010476412345219846,9.997268021046586e-05,2.0516454055107174e-05,"(9.219139223771962e-05, 0.00010429121658547078, 7.57451054530079e-05, 0.0001269356689558409, 8.683035741749566e-05, 0.00011073055837743674, 0.00010417069188663716, 9.229806114422036e-05, 8.119131911487985e-05, 0.0001184213416071598, 0.00011472752164597418, 8.380534215704249e-05, 0.00010831356360230903, 8.876785830934754e-05, 0.00015679210612064854, 6.132169152150888e-05, 9.01400422467477e-05, 0.00010666487880088798, 9.875495100622219e-05, 9.735993601875988e-05)",0.23354148961915092
0.11224086141688985,0.11439303615722617,0.007103748153398347,"(0.10911324325824999, 0.1184852790299713, 0.118107144570134, 0.1095332845584127, 0.1099494362953682, 0.11903047224172636, 0.1332270337725996, 0.09582960570812854, 0.11339864409123096, 0.11637238651041054, 0.11625804388512573, 0.113467365204798, 0.10862344137307162, 0.11989888882714261, 0.11776244843894385, 0.10995629206884952, 0.11884003747317706, 0.11087523716870258, 0.11479260795792985, 0.11433983071055037)",-0.3029632658509633
0.021792687203504194,0.018793989616949364,0.0087070755065711,"(0.021501841700204614, 0.013973795834592021, 0.017760663479147214, 0.015901640442123516, 0.015345562230270794, 0.018445515781422783, 0.010632165418642413, 0.028773162445442157, 0.024732017116147795, 0.011582069150036716, 0.017093192917375034, 0.017682361100842234, 0.02998955049878497, 0.009849365063288297, 0.045467281898829925, 0.0065866001820133885, 0.015092048537221361, 0.019834772377536627, 0.012903162932905556, 0.022733023232159862)",0.3443977928400596
0.013268557168857283,0.013412024084255703,0.005352766523572427,"(0.01873605290944945, 0.008412218990824177, 0.00810898862581976, 0.01788143233606572, 0.006618335472774973, 0.02197441767575831, 0.009531801142010502, 0.016939645643422842, 0.008140654097328266, 0.018169996787559654, 0.007326369600056114, 0.021717198334679378, 0.011349432594900247, 0.01358509554090561, 0.01538438802211939, 0.010216269747447519, 0.013930011663040478, 0.01125824872347965, 0.0069311931936021825, 0.02202873058386978)",-0.02680238616173955
0.006906614272378766,0.01075608396640091,0.005062372128039282,"(0.011836269709738795, 0.008032256850646317, 0.004477733040762843, 0.019930681708318118, 0.006737398541981407, 0.013275489890695135, 0.008274383907635298, 0.011702008861620641, 0.00414662802007863, 0.021861504135851573, 0.014186710513096832, 0.006756373800899874, 0.006788855529042668, 0.013781605385833486, 0.006176619497538864, 0.015376175626095912, 0.006012191262694714, 0.015754292905753038, 0.007305665411572452, 0.012708834728161547)",-0.7604082822558306
0.0005154859209127482,0.0008644487621097042,0.0003719750720061224,"(0.0008297849305151071, 0.0007613940249493787, 0.0006706598090459226, 0.0009402314056226746, 0.0015937315258384534, 0.000395675770114806, 0.0005279944441811961, 0.00119741468808414, 0.0009711863203939914, 0.0006496851811083926, 0.0016723135477239633, 0.00037801835100768135, 0.0007998811830919358, 0.0007896404443053029, 0.0007947900633013897, 0.0007951613037100976, 0.0008343942454140681, 0.0007571601283688272, 0.0004175013347783521, 0.0015123565406383976)",-0.9381350188735561
0.0006066488702957172,0.0005984502981354088,0.00011832675850711038,"(0.0006701538602732743, 0.0005152901273696097, 0.0007295331796804917, 0.00047307217281605785, 0.0006664601251487569, 0.0005178516025716148, 0.0005620208426599549, 0.0006145397950898235, 0.0008775204062251096, 0.0003933576006009465, 0.000521173340490447, 0.0006626689804324111, 0.0006409145666422802, 0.0005387345838832188, 0.0006423834726480184, 0.0005375862467193347, 0.0004331498371126282, 0.0007972163615000426, 0.000576511055534906, 0.0005988678053092484)",0.06928755814616343
0.002566657736507134,0.0030998729647635855,0.0007011990971576857,"(0.002279799357796843, 0.0040201894126581, 0.0027752625344210488, 0.003292300741201198, 0.0033114880428756826, 0.002759486364424802, 0.003124518039632764, 0.002935945297970571, 0.0026768986652514104, 0.0034158041255879647, 0.0022140858485443877, 0.004140981306645033, 0.003289726474877664, 0.0027837611542733676, 0.0046359237326013105, 0.001976810173717757, 0.0035799903438906286, 0.0025596539884579204, 0.00238259012481741, 0.0038422435656258478)",-0.7604334210038809
0.001368371806677521,0.001529928863873562,0.00044229256331718077,"(0.001019009822758042, 0.002123766546536492, 0.002526426915211454, 0.0008550955163901216, 0.0011079688542910682, 0.001949934101129984, 0.0018973408386954095, 0.001141197249803634, 0.0010329455002268757, 0.002092365621157753, 0.0014470550558347342, 0.001495916939216054, 0.0014945128635110282, 0.0014474315159536415, 0.0011213844256889407, 0.0019298676877393256, 0.001348440019326702, 0.0016047567688079998, 0.0013017216085807544, 0.001661439426611216)",-0.3652719276678947
0.001970460664439183,0.001996246346438115,0.0003978729323420507,"(0.0015440524733868052, 0.0024900470923144733, 0.002057104091948639, 0.001864644150431267, 0.002149375640956204, 0.0017847282262507896, 0.0012390528926476301, 0.0031051040766841348, 0.001702432046448944, 0.0022545222181892225, 0.0017248561819921016, 0.002229913796279903, 0.001580362321074808, 0.0024315429823476443, 0.0020305855264067946, 0.0018935368584750822, 0.0019056977012944746, 0.00201725228790482, 0.0019427315261557688, 0.001977384837572792)",-0.06480883694989276
0.002850220869596071,0.002174931611147677,0.00033732096831982434,"(0.0015914571149302117, 0.0029072342601394463, 0.0022209827346422522, 0.0020784058600889924, 0.002497805964378626, 0.0018481862231594735, 0.0020362763144931065, 0.002273706555677076, 0.002442067853310769, 0.0018914611120676985, 0.0017533296248874405, 0.0026400147393956636, 0.0018189203293787453, 0.002542445809106412, 0.0019568799983936945, 0.0023646277114821863, 0.0019796232443918247, 0.0023369141925867216, 0.001961925896833667, 0.002356366683609536)",2.001919008509817
0.007807023681215544,0.006992752358624022,0.001495791088518437,"(0.005344366191335374, 0.00877380840149518, 0.008981086043277289, 0.005183916405926405, 0.008677985753400707, 0.005366072223920455, 0.005563125414052986, 0.008446674991685561, 0.007703619483036288, 0.006055676183178141, 0.007369362394897656, 0.006371883563399855, 0.009632190632064464, 0.00486088801062496, 0.005710872827096745, 0.008213952884731333, 0.006897593042864184, 0.006795708800294617, 0.00820694708980678, 0.005699316835391474)",0.5443750326110367
0.014446409654476933,0.013299836499814614,0.0036687693616552315,"(0.017947359258977256, 0.009211556226116458, 0.00970033567573594, 0.01681473520125396, 0.022187785986282963, 0.007354116289381464, 0.013140144164009153, 0.012632029179966536, 0.01442754293229186, 0.011348278129488446, 0.011928219532746259, 0.01389684888611793, 0.017920191220046157, 0.009199685306884645, 0.011044002303590924, 0.014980549877537441, 0.013231118934475749, 0.012486745180220315, 0.016681298922531264, 0.009864186788637562)",0.31252254956278364
0.005624942913803362,0.0059715013406102125,0.001535529512453941,"(0.008603937253976056, 0.0038974720782373354, 0.00509190539262224, 0.006546803683586522, 0.003776667026818518, 0.008828220004701594, 0.004372635269030457, 0.007682534885678403, 0.0051845905018184524, 0.006440558275374134, 0.00567680403437868, 0.005914237017090877, 0.007091486291044878, 0.004722993381692628, 0.005383752659399104, 0.006230885972711009, 0.007411198465939343, 0.004523436095470492, 0.004341138688858859, 0.007708769833774663)",-0.22569310716341298
0.0016884356735699607,0.002038929667260349,0.0005966862970631308,"(0.0019877045649833204, 0.001931224396401054, 0.0022989164043150487, 0.001666477396631984, 0.0014841672836717822, 0.0025814510168356477, 0.002501008064547212, 0.0015357731908508994, 0.002101521539767081, 0.0018240355846854792, 0.0022753856340701466, 0.001687739742949684, 0.0014161033555244078, 0.0027096540397860487, 0.0032656011739192366, 0.001175639141210173, 0.0032309863285091374, 0.0011879776149670215, 0.001968717485466185, 0.0019485093861154347)",-0.5874007756094074
0.003935511499808231,0.003451487327487992,0.0005832316769749753,"(0.004284340558686373, 0.002706771762135422, 0.0036386975355476546, 0.0031817898035203887, 0.0027502075221296765, 0.004209859732733273, 0.0038730724925444882, 0.002995901702810707, 0.0026252500499840416, 0.004412381860532869, 0.003547821973827397, 0.0032702515141848497, 0.002953247836081115, 0.003925780700737214, 0.0038080188589975886, 0.003046064808662098, 0.004147716700211973, 0.0027958191383353815, 0.0030244678658061636, 0.003832284132291168)",0.8299003490871899
0.00013018352514396873,9.945232847577429e-05,1.7296230809944984e-05,"(9.085448918704712e-05, 0.0001057840401579959, 9.136472044677802e-05, 0.00010519234694062635, 9.997211052719495e-05, 9.613551070420218e-05, 8.25416140706843e-05, 0.0001164384299919123, 7.648355213984209e-05, 0.00012565979533364155, 0.00012158561128864543, 7.904732340495569e-05, 9.851966910130851e-05, 9.75537461651893e-05, 0.00011430385870086475, 8.408292164225817e-05, 8.579634462598773e-05, 0.00011202069063661486, 7.173912698795303e-05, 0.00013397066746178326)",1.7767568556338078
0.028793099812989997,0.027407577240019677,0.003566615456745163,"(0.022382659485574177, 0.03185908195323, 0.03159023630199056, 0.02211868856381284, 0.02823546510465219, 0.02490474705003457, 0.033529596472808475, 0.022996150699406106, 0.029082824455998704, 0.02498567273794754, 0.025148741680677357, 0.031209018265134114, 0.02378631820379572, 0.031430734173859685, 0.027259124885952803, 0.02866152718733375, 0.026474131936328894, 0.02799509325891445, 0.0309174327669548, 0.023584299615986706)",0.3884698504151963
0.007865774934596797,0.021362562264528963,0.008295392687349402,"(0.02178145332341525, 0.01816007397972106, 0.012243690572994893, 0.03244112992009877, 0.02910954235328732, 0.013656688689837404, 0.01755113088223691, 0.022625854486146808, 0.027563263300209046, 0.014114855109274708, 0.015292555488118526, 0.025742310837747834, 0.010068525453313068, 0.039357501951074556, 0.01773699550272267, 0.022173222792939075, 0.03408621244022097, 0.011614467988620439, 0.014400567556996525, 0.02753120266160337)",-1.627022111986931
0.02122944972904683,0.016677248342036766,0.007705300181528748,"(0.01546601415606484, 0.014666383591731062, 0.02145389719196245, 0.010636274754849894, 0.015685561127412425, 0.014566454689923063, 0.015305604523212649, 0.014904932012018037, 0.03254714185522279, 0.0068034129849490815, 0.02780199261726779, 0.008102459276515574, 0.015593678309810205, 0.014584865739390641, 0.007857388896299021, 0.02862998237376152, 0.008858888540841173, 0.025639448855314387, 0.025523874125078692, 0.008916711219110113)",0.590788324888713
0.014908015051987904,0.012181871322226569,0.004503178995124594,"(0.011840660409884522, 0.011068861615519138, 0.013827891749608563, 0.00952432997874149, 0.011845301432655735, 0.011130734230725815, 0.006928449329574381, 0.019005947468552185, 0.013415193113535596, 0.00957728790310916, 0.019451889830580563, 0.006699520281861181, 0.010720751312648321, 0.012251961360007068, 0.023305334724813408, 0.005585690063649392, 0.008639734594741216, 0.015188343657076029, 0.008957167164804927, 0.014672376222442668)",0.6053820495949236
0.0020340013465141604,0.0008717412685325873,0.00034343102521917814,"(0.0009820325860375515, 0.0006680706935334219, 0.0006305803037017353, 0.0010405346840743452, 0.0008024013078287791, 0.0008177909003598277, 0.0004631289597957754, 0.0014168152519161798, 0.000576405547960186, 0.0011373407178683723, 0.0009891264704080676, 0.0006631110772184823, 0.0006276053365824482, 0.0010453800632819958, 0.0015043213690423465, 0.00043600576314001705, 0.0006542656048716878, 0.0010028135906078358, 0.00042186532812386207, 0.0015552298142988297)",3.3842605723807773
0.0005662524985285441,0.0005977890157772788,0.00010986941889257942,"(0.0006176310638245273, 0.0005604556257531968, 0.0004556996986853149, 0.0007596424847349723, 0.000679286502734693, 0.0005096136187634397, 0.0006668039645099331, 0.0005191480593029726, 0.0005683989249509463, 0.0006088841786609467, 0.0004489716069521682, 0.0007709531298545024, 0.0005701409121753077, 0.0006071507295031722, 0.0008335237226948791, 0.0004152652083935248, 0.0005147968737438995, 0.0006724219310466791, 0.0005756657502605139, 0.0006013263289999866)",-0.2870363524864759
0.003319377946918733,0.0030837897973241134,0.0005326348823374556,"(0.0031185176112336955, 0.002964610968462658, 0.003950529099034891, 0.0023407259613560548, 0.0035543631625008696, 0.0026017376536505384, 0.0034441903723257073, 0.0026848178643183603, 0.002732536159781966, 0.003380545540452324, 0.0033584097672382704, 0.0027521863020248285, 0.0032505141765621793, 0.002844485819085383, 0.0041395110587315355, 0.0022327594753855525, 0.002414615948177625, 0.0038290270394206773, 0.003064146481645502, 0.0030175654850936534)",0.4423070238298077
0.0014150283517323286,0.0015018182559439124,0.000305927046295539,"(0.0020513693454609085, 0.0010571966337912973, 0.0018547673175793927, 0.0011693995803062542, 0.0014912756498034734, 0.0014544774136290026, 0.0014620356342795967, 0.0014835200531894174, 0.0014504099454322324, 0.0014944805996808996, 0.0011418648367153624, 0.0018989895415712442, 0.001521824419748813, 0.0014251454233779586, 0.0014855754959277718, 0.001459590173787298, 0.0020607012739428396, 0.0010524440937346342, 0.0011741829999676603, 0.0018471146869521928)",-0.28369477384402575
0.0025855524460418255,0.0020277925364644155,0.000523473251249743,"(0.0028623910368988283, 0.0013487928952129091, 0.0016019336060011473, 0.0024104654701562057, 0.0015204235874170173, 0.0025398036549832102, 0.0021799750818178535, 0.0017713120080332747, 0.0021514373890906464, 0.0017932396342633797, 0.0027354744815634, 0.0014110893004627293, 0.0020312619203325622, 0.0019008235868250907, 0.002062301088603979, 0.0018716309455471846, 0.00239624487424288, 0.0016112644005927103, 0.001238570883620302, 0.003117414883623003)",1.0654983960418434
0.002470995983541722,0.002203345215195048,0.00043374819046257455,"(0.0022152481663546375, 0.002113055797906769, 0.001648850867814438, 0.002839371107768431, 0.0015187752957576428, 0.0030827069063230077, 0.0020469768968848366, 0.002287150459753377, 0.0028800978547053224, 0.0016240781519208864, 0.0020389272075289782, 0.0022953083513323454, 0.0022441596865209303, 0.00208599391899155, 0.0022372428908222185, 0.002091779321723252, 0.0016494978986295442, 0.002837979816496489, 0.002092745203639532, 0.0022369585030267785)",0.617064864434905
0.007538377534803109,0.007022142835744198,0.0016303788381994298,"(0.005983752389788299, 0.007832810601011302, 0.004437776505865436, 0.010566861640922732, 0.0065455176995246455, 0.007165368709622784, 0.007277420449387603, 0.006443890836171097, 0.006909447297892825, 0.006767674087790083, 0.005057418123485468, 0.00926138327424072, 0.005526841919329734, 0.008482406649433035, 0.005372489788434986, 0.008717386819684085, 0.005049480929182654, 0.009283953541381406, 0.00620398571860924, 0.007556989733125818)",0.3166348133106498
0.011499244361734615,0.013378410284643533,0.0021236649806588783,"(0.015978153600209096, 0.010938958516033482, 0.013533929412920297, 0.012927145158237004, 0.013867383498033821, 0.012620273578757665, 0.014859813556461928, 0.011774443640301719, 0.011527221570307448, 0.015095131220687612, 0.01052382717187712, 0.016587365850706002, 0.012458686124538343, 0.014035641809445196, 0.010518669919777252, 0.016592348730541603, 0.01372408344107348, 0.012740585697153538, 0.016942099789516916, 0.01032244340629113)",-0.8848692896588128
0.006088672165882437,0.006115925864071069,0.0016727260522363529,"(0.009583569509501993, 0.0036367289509373363, 0.0072357366085594125, 0.004818778358819722, 0.007936856885434065, 0.004393714733328964, 0.00574117550772719, 0.006073407133395067, 0.006747940902815803, 0.005154956442782165, 0.005087590556898578, 0.006846779250479696, 0.006957961846513416, 0.005010054729171907, 0.004524186473271738, 0.007698803710136098, 0.003823275554419357, 0.00911753971387053, 0.006811300745862926, 0.005118159667495441)",-0.016292983631238104
0.002130444144212396,0.0019924397889852755,0.0003725531046950119,"(0.0016786553393473758, 0.0022874435886878525, 0.0024205835140889156, 0.0015865432659034416, 0.0019642117633878403, 0.0019552568837541127, 0.0018150747563296917, 0.0021158359374074806, 0.0014373396323898425, 0.0026697685405767542, 0.002315437313373479, 0.0016580570294077602, 0.0016797473828769264, 0.0022861067606889268, 0.002262434692461865, 0.0016968558725862616, 0.001760794061343461, 0.002180862295977556, 0.002601875328875601, 0.001475911820240364)",0.3704286811408988
0.004421504922768686,0.003491897725291739,0.0006136233715834657,"(0.00287457016834891, 0.004118943253450347, 0.003569693099645507, 0.0033172005510363825, 0.003088401327478998, 0.0038344034281633326, 0.0027608846838208514, 0.004289116603069575, 0.0033637039476150125, 0.003517754186841489, 0.003439842869216001, 0.0034413682982297514, 0.00446523901824695, 0.0026517229507113556, 0.003958313357367931, 0.0029905705438311616, 0.002782936837624134, 0.004254793916434822, 0.002649577919022954, 0.004468917545679292)",1.5149475077490604
5.5246562347460765e-05,9.993777508967902e-05,1.9840385251046908e-05,"(0.00012290734119727948, 7.824203598021395e-05, 8.560608866913835e-05, 0.00011233450504588148, 0.00011289174656683922, 8.518364738471756e-05, 7.872575325201387e-05, 0.0001221522293164862, 0.00010935379398683329, 8.793901728022758e-05, 7.290739450979762e-05, 0.00013190005265162916, 0.00012575678910984583, 7.646910097026529e-05, 0.00010627680800086497, 9.048533117514057e-05, 0.00012218660747781028, 7.870353434137506e-05, 8.332745348038087e-05, 0.0001154062713968396)",-2.2525375478714587
0.12941824692730028,0.12829606895823806,0.007624237215605797,"(0.11999338315438196, 0.13830483673329869, 0.1221683215803199, 0.13492861624098432, 0.1365058378971313, 0.12231487475929895, 0.13776752176814097, 0.1204208823842433, 0.11126128399847542, 0.14196408953516926, 0.1244601041501867, 0.13027611333012562, 0.1293479431490084, 0.12686353121243274, 0.12293996117610678, 0.13238041193341113, 0.13372839131887107, 0.12381983401909076, 0.12984754163699921, 0.1266278991870848)",0.1471856052386818
0.02650915307960994,0.018591153585057484,0.004451836703079447,"(0.014630119349941129, 0.021926534477050764, 0.02229138321277561, 0.015118401819394847, 0.022674551344102456, 0.01153758500517417, 0.0190129828253545, 0.018051879480189978, 0.022725132452764054, 0.01468196271038624, 0.014874828463307116, 0.02293339604575628, 0.024733590059609258, 0.01324422959939761, 0.02541115026878709, 0.012771543842107736, 0.016061633643398295, 0.02172421774484336, 0.014893426979569685, 0.02252452237723957)",1.778591629175297
0.012393917256846871,0.012813732188698166,0.005167910866053544,"(0.015940359597769366, 0.008588146683942593, 0.010245329717197629, 0.014243480660147769, 0.003952778839893512, 0.026919623745559274, 0.013754886206749722, 0.010852948783034432, 0.01201534972727284, 0.011985127711373812, 0.014291052188176848, 0.010353179849886674, 0.020607133433125875, 0.0068325599477926805, 0.007834911485771628, 0.01777287490231884, 0.009379114033303288, 0.016240644555142614, 0.010079259582461295, 0.014385882123042665)",-0.08123494052672876
0.021812976710483295,0.012062533479393383,0.005243119091788819,"(0.006143791271401247, 0.01913602787801896, 0.0076167582020915895, 0.01631605612813407, 0.022548162347290773, 0.00422672073762813, 0.011278184954395315, 0.011230311153802469, 0.006544475890610854, 0.018768261706830658, 0.009933867625777531, 0.012642903323454666, 0.009372060873309777, 0.012860772223539148, 0.006359421193748263, 0.01879110675400102, 0.010170472414272281, 0.01266130786302851, 0.0176495345675357, 0.007000472478996665)",1.859664650066781
0.0008633803126349771,0.000880318442160665,0.00044852852896601613,"(0.0003492544061867892, 0.0017527919294399062, 0.0009175218386958775, 0.0006701924100890521, 0.0003799457760046604, 0.0015979088616448615, 0.0019580976136813195, 0.00031416122004716585, 0.0005992461776961363, 0.0010251554850542587, 0.0008560139020682649, 0.0007179573131206488, 0.0005946723058953929, 0.0010311518244691372, 0.0005588992178935903, 0.0010988956975775859, 0.0006648918522457686, 0.0009253013048112713, 0.0009412481517753676, 0.0006530615548162446)",-0.037763772941567464
0.0005122439934538519,0.0005956615742972918,0.00010265678565941674,"(0.0006873410394292888, 0.0005017955355698494, 0.0004154266421607513, 0.0008308097411349379, 0.0005517197893521691, 0.000623922741855636, 0.0006130492441050928, 0.000563080989131612, 0.0004960402723587729, 0.0006956870872494442, 0.000553294739829658, 0.0006238082071648594, 0.000734988355368124, 0.0004694054220277572, 0.0006951484125370148, 0.0004963241794929238, 0.0005819403628817449, 0.0005932525483390161, 0.0006746432452508876, 0.0005115529307062957)",-0.8125871106094589
0.0026243087619846504,0.0030774838287694773,0.0005303203280651724,"(0.0033869987610427726, 0.002716179190126903, 0.003970401773317676, 0.002323190818756739, 0.0031257443144996444, 0.0029129227075431656, 0.004039262610660301, 0.0022857163611941914, 0.00263131388154532, 0.0035035475855309337, 0.003016935976368634, 0.0030591185377119405, 0.003979727526175833, 0.002314334114025493, 0.0027323367414111214, 0.0033693749033905465, 0.002881746662548781, 0.0032064723668135658, 0.0027947167170892795, 0.0032996350256366954)",-0.8545308237347732
0.0016817796591012636,0.0014967303095596838,0.0003150418421656582,"(0.0017026189647034618, 0.0012616716122949634, 0.0011435058325599521, 0.0018815455273779476, 0.0013178014821448526, 0.0016206477374581829, 0.0021571846400374704, 0.0009979162768758126, 0.0021563924975651558, 0.000997420673547685, 0.0015444327408154956, 0.0013934825247213039, 0.0014390240326667644, 0.0014938523691516515, 0.0015906551667462412, 0.0013511555191048103, 0.0014274348950466557, 0.001508762706111398, 0.0016265600301650616, 0.0013225409620988078)",0.587380229462585
0.0012337451511164812,0.0019800272007122295,0.0003280681435198947,"(0.0017557770068305227, 0.0021744911303663334, 0.0017989586510446785, 0.0021271807882026227, 0.002878470746292351, 0.0013161802991015258, 0.0020470581025147133, 0.0018706555237658587, 0.002311830714319415, 0.0016544474648809088, 0.0017447406240548452, 0.00219388615916764, 0.0019586402623633587, 0.0019513025402340956, 0.002363547727193702, 0.0016167338210605565, 0.0020329860594547663, 0.0018846616232546455, 0.0020773242019890992, 0.0018416705681529488)",-2.274777555628446
0.0023568652753491403,0.002181148995063055,0.000434882933296355,"(0.0014145838665320213, 0.0032365482035217547, 0.001677761746325322, 0.0027357880424998663, 0.0017881224847774797, 0.002540901169640476, 0.00268243667322799, 0.0017122495619607068, 0.002636092717025859, 0.0017402472747906597, 0.00222686774248635, 0.0020615293452267334, 0.0022748939847836032, 0.002014827502964164, 0.0022469745183715077, 0.002039894652305489, 0.0020414250669910086, 0.0022510252588182626, 0.002338793082894784, 0.00196201700611706)",0.4040542105301288
0.007527885925035285,0.0068127580344294605,0.0010758910105291863,"(0.007185669133307138, 0.006288332365264847, 0.005988963542176398, 0.007605145789945806, 0.007586684854573188, 0.005816166463725285, 0.007230928159781266, 0.00631160677906898, 0.009525860248398892, 0.004773076960765498, 0.006011353555956891, 0.007580383230988855, 0.008437571836742784, 0.0053741757693128575, 0.0067059517552238625, 0.006762727325193358, 0.006376976180551493, 0.0071677654470515655, 0.006284666104991141, 0.007241155185569116)",0.6646843254634899
0.010118224468241364,0.012954356997645406,0.002388633765085569,"(0.012849016262854574, 0.01256598920661619, 0.014518474967151114, 0.011294178841186237, 0.012875947639648763, 0.011974164526552703, 0.01064385038570671, 0.015465994221956573, 0.013799981129365405, 0.011842099954201931, 0.00967275059027961, 0.016967809645088833, 0.018086140302069863, 0.008988450987966464, 0.016183300419454323, 0.010047552576192928, 0.0130877813386341, 0.01261548226439932, 0.01329482502393148, 0.012313349669650989)",-1.1873450718396092
0.007443705355256737,0.005875549211786965,0.0006675207598680668,"(0.005069031448268954, 0.006706723426345083, 0.006050829139255975, 0.005657198193125374, 0.006654543086444639, 0.005007628810861955, 0.006346678262081308, 0.0054025196215544405, 0.005185124949535764, 0.006591801602063937, 0.006035266387951979, 0.005673643156910084, 0.005775622094694399, 0.005903968363894599, 0.006802713289846558, 0.0050137551657937285, 0.005160815448868874, 0.0066522331386878655, 0.006763358478025988, 0.005057530171527767)",2.3492245301550074
0.0016255272528933622,0.001999303532050057,0.00044706022916537764,"(0.0014998774544944457, 0.0025386710498172256, 0.0015993838589992485, 0.00238615469794785, 0.0021223691212282725, 0.0017822373807672692, 0.002134679366771745, 0.001788788192827743, 0.0025696652926776226, 0.0014844244057469023, 0.001682588081542327, 0.0022684002957953455, 0.0020308507234272004, 0.0018767989131534464, 0.0024155520898694674, 0.0015780290974656784, 0.0015807294005959927, 0.0024166476006394874, 0.0013037922835776893, 0.0029264313336561736)",-0.836075890388421
0.004642804098322354,0.00349587191440825,0.000693185824631179,"(0.003490145366401206, 0.003369784244763641, 0.0037720002492158304, 0.0031287895595780864, 0.0038667087014736348, 0.003021055185482217, 0.004052029905727917, 0.0029136198810679192, 0.0022450787127401865, 0.0052527936457949145, 0.004014040804370156, 0.0029390660760938497, 0.003519082301250104, 0.0033464954695265215, 0.004399089977295176, 0.002680018921531293, 0.0033480531176990217, 0.0035267479962816117, 0.0027635281573974552, 0.004269310014474233)",1.6545811284071605
8.634296800581073e-05,9.972826077083839e-05,1.8744181308245468e-05,"(0.00011624529357521403, 8.271526724025466e-05, 0.00010933292778220374, 8.795239797816513e-05, 0.00013024172103156487, 7.381865618649489e-05, 9.382260161360217e-05, 0.00010249214506360018, 0.0001273550211801294, 7.550480551898734e-05, 0.00012357341107809943, 7.781532716795737e-05, 8.687512880306733e-05, 0.00011068222844433837, 9.066973212175067e-05, 0.00010605531147914884, 8.837782610323107e-05, 0.0001088057607152772, 7.645380682774046e-05, 0.0001257758455059404)",-0.7141038888233296
0.00504484012052498,0.007471216805466422,0.003891058333621025,"(0.012732318050335117, 0.0015724147813965632, 0.007856219664433546, 0.007481477081948747, 0.0005740334540402218, 0.011334968241642925, 0.0057860476967570755, 0.009658521091126825, 0.009484265611966148, 0.005061364281174405, 0.011479265651978494, 0.0038952191816216107, 0.0019134514363210115, 0.014109824648536735, 0.00792541015497016, 0.007040957638951694, 0.012310250881439963, 0.003964503222222945, 0.006025476714256431, 0.009218346624207807)",-0.623577566025193
0.024100895796935223,0.022162749669015706,0.011983517026147333,"(0.013426476710347593, 0.027921917975378574, 0.05664868316870811, 0.006240352750654566, 0.012236721490944161, 0.03141960178826819, 0.019402472230230634, 0.01839196412984888, 0.02715845945513105, 0.014653910312797537, 0.016267068234313696, 0.023945267017951265, 0.009844030670241699, 0.03945312073804767, 0.015109770861980683, 0.025914754830606106, 0.011176486096775115, 0.032717118052332794, 0.013601254216436607, 0.027725562649319125)",0.16173433255784553
0.013046604113217973,0.019309570788613506,0.00776344329651879,"(0.028574428468035627, 0.011015866346967452, 0.017410959961165807, 0.016915245539200263, 0.020889617833230373, 0.01561796840485919, 0.008398923200483148, 0.03532158167917489, 0.017010559558332607, 0.01999076459835778, 0.026037939494510293, 0.012716992578392684, 0.02124880443950942, 0.015540613041897152, 0.014948342047996702, 0.022294653544855474, 0.032319204830356184, 0.009484970284811168, 0.029761198430057218, 0.010692781490076669)",-0.8067253712285003
0.007855321903782752,0.013252391816655018,0.004697772384385709,"(0.014191490877648181, 0.010800879114710272, 0.009150586984251696, 0.01593601039060391, 0.011323860252968157, 0.013985169838300907, 0.02263863309966884, 0.006460077047470948, 0.009019600407666785, 0.018144407331239166, 0.010246259379217672, 0.01562916785165791, 0.016435126959440854, 0.009727716444274927, 0.008630727625231212, 0.018650753658178015, 0.0077286148086907445, 0.019472011549729443, 0.008386336032365986, 0.018490406679784736)",-1.1488572606903769
0.0004525071222281692,0.0009153985149561055,0.0005072891122167741,"(0.0006496630507268162, 0.0010125573359346955, 0.0007510481562768456, 0.0008758204943677929, 0.0011049205320894486, 0.000596456784016455, 0.0002537874054971544, 0.002590221579252008, 0.0009778163774575976, 0.0006743566588599691, 0.0014393283694336375, 0.0004579034424127451, 0.0009483479329140287, 0.0006948079684399237, 0.001609872662521324, 0.00040934835241210256, 0.0007057674812188768, 0.000932550960059242, 0.0008315772764812913, 0.00079181747875015)",-0.9124804407986863
0.0007417264932217827,0.0005951696722114977,8.914588804260596e-05,"(0.0005313343556866352, 0.0006529115707813192, 0.0006161119994133715, 0.0005629546509584939, 0.0005521664854803382, 0.000628502399078906, 0.0005798727621943466, 0.0005980929711596385, 0.0005828915038763977, 0.0005954920551231, 0.0005473362642902276, 0.0006340796027387035, 0.000649810105675181, 0.000534082079478626, 0.0004038951840333247, 0.0008592872212255981, 0.0005231943477865661, 0.0006630619974114653, 0.0005163812412989538, 0.0006719346465387569)",1.6440110051990318
0.002477670238414411,0.003082050054604689,0.00046191770299777447,"(0.0025921002916335593, 0.0035867203067109703, 0.003203570188860988, 0.0028959793597026816, 0.002807562402937363, 0.0033153379872512124, 0.0031017453854671885, 0.002991702720901161, 0.0030624044519487275, 0.0030434862004619077, 0.003180214317840716, 0.002928233770771376, 0.0033056190559099313, 0.0028169067852307217, 0.002877026902738609, 0.0032374884381156624, 0.002364951916093607, 0.00392793423161742, 0.0022284236217412407, 0.004173592756158727)",-1.3084144908669801
0.001395949822847268,0.0014977117464521129,0.0002968545511111293,"(0.0011669122163558985, 0.001852929178881132, 0.0013094754617101652, 0.0016495025115458102, 0.0013719028850586433, 0.0015772744017364764, 0.0022961951541777804, 0.0009406976924110297, 0.0015451855164441686, 0.0014013827352934228, 0.0012491510023363943, 0.0017326695173804664, 0.0016339364517390794, 0.0013245945975890528, 0.0017584493637066068, 0.0012309737059251979, 0.001563387722729079, 0.0013825374343366037, 0.0016785892419389145, 0.0012884881377463347)",-0.34280061809377366
0.0019966642282046834,0.001993485502874101,0.00036833669938365774,"(0.0014203485353123985, 0.002706830269433505, 0.0020596825256028652, 0.0018645023890359064, 0.0015909103008731247, 0.0024194988159638164, 0.0017903407768152003, 0.002144758211157731, 0.0015859993602123053, 0.002429125300111428, 0.0017547299474937241, 0.0021941806932281884, 0.001669083719619733, 0.0023067198267222905, 0.001736834284132164, 0.0022170732845962575, 0.0015503068754053704, 0.0024791929492031903, 0.002205398250660305, 0.0017441937419025101)",0.00862994465634686
0.0016907520836503907,0.002199482965688011,0.0003960539336427075,"(0.0025520945151555224, 0.0018376382939468442, 0.002095595139208532, 0.0022359207335978745, 0.0019536438594369102, 0.0024037616904429003, 0.0019054463155404584, 0.0024584678038303814, 0.0014700749081255728, 0.0031970580230996125, 0.0018153001021930055, 0.0025874945012544217, 0.0023422280385515743, 0.0020053407362323134, 0.0024994857872604275, 0.0018794030040432338, 0.001968299992286376, 0.0023823901462049235, 0.001816296707473169, 0.002583719015876161)",-1.2844990008268977
0.007181018939330693,0.006968345475650998,0.0009423496519218818,"(0.00753631841902498, 0.0063201592702732, 0.008422826033942808, 0.005639158498362856, 0.007646435432779092, 0.006256013349262528, 0.006784277907495381, 0.006995578405056151, 0.0071705218021720675, 0.006688359411466744, 0.00644452744913486, 0.007427596293569719, 0.0075065541936310196, 0.006376216565317863, 0.006852439796397708, 0.00698754057013965, 0.009463145245295687, 0.0050316636850613085, 0.006858338951000194, 0.006959238233636117)",0.22568423859016334
0.012668815120463259,0.013796091611191162,0.002408777051303575,"(0.017290044455449897, 0.010651852366765193, 0.013742564474637774, 0.013328659806977011, 0.013617191625752817, 0.013638349138778755, 0.015677431736933103, 0.011665744314099929, 0.015382991461378538, 0.012133164449358115, 0.00973670587875394, 0.019097993137639185, 0.010763620842858531, 0.01727318698263051, 0.014242777663033513, 0.013063485414085526, 0.014817817152942815, 0.012421099489763759, 0.015260137359050137, 0.01211701447293419)",-0.467987060121586
0.004265817014186173,0.005989703996319231,0.0012778070808169676,"(0.004767297199602219, 0.007197227161441724, 0.0070424966865118115, 0.004861460368521624, 0.005872897500353643, 0.005863368003306208, 0.005875240177964184, 0.005823175850878311, 0.007604151571244767, 0.004537798822386952, 0.005844437932432531, 0.005894922982086813, 0.008991679212875813, 0.0038313068532157195, 0.004710203933430032, 0.007316092008964034, 0.007177931790457636, 0.004779272766858112, 0.005225242047499037, 0.006577877056353452)",-1.3490980039262959
0.0029527750206060485,0.0020538253605468775,0.0005472340800934656,"(0.002421455107252246, 0.0016280008422639065, 0.0016261140172295569, 0.00242252081404677, 0.0019819684349448806, 0.001991380263652253, 0.0024467067709757115, 0.0016096582371438297, 0.001936054744043397, 0.0020400031880805653, 0.00299768190309007, 0.0013168572467126903, 0.0018751158347075525, 0.0021051595746531576, 0.0014401810962158073, 0.002741192223277675, 0.0015986479241743633, 0.0024657768417843053, 0.0012330033571244159, 0.00319902878956439)",1.6427150514924687
0.003973996827810473,0.0034684984836976284,0.00046828885870784493,"(0.0033393476639689847, 0.0035381977777807134, 0.0029277746259200755, 0.004035017300909509, 0.0030537860947602354, 0.003874768684574705, 0.0033206179386281636, 0.0035559351109812967, 0.003478286150359177, 0.0034035199230493785, 0.003320010466322566, 0.0035642769355939403, 0.0028149084972792044, 0.004203179415489069, 0.0033870471349745847, 0.00349350439533764, 0.003951734627811258, 0.0029909776973763066, 0.004474422071473379, 0.0026426571613623676)",1.0794584041731694
5.465103881163336e-05,0.00010011021256354743,2.0906172858275287e-05,"(9.230909365496448e-05, 0.00010420322248263142, 9.181074620508662e-05, 0.00010477007876625377, 9.749010161298618e-05, 9.866782449201628e-05, 7.231334176268515e-05, 0.0001330170876536289, 0.00010377163839280847, 9.269531654943181e-05, 0.00013918671424288637, 6.910948085785114e-05, 0.00010084216786669881, 9.538715469383208e-05, 0.00010569843433078048, 9.100486012024942e-05, 0.00013913101443944727, 6.913656405130233e-05, 7.742880053503288e-05, 0.0001242306085603746)",-2.17443785909959
0.022276134798652217,0.016154356648470144,0.003833103204789496,"(0.008187611063427268, 0.023633704879581042, 0.011967597640668848, 0.021216332737691225, 0.017596508030077885, 0.01601150715871591, 0.01787308262939117, 0.012193677610972163, 0.015449413621664696, 0.01780344334924765, 0.014601046979209737, 0.018637335720843095, 0.014859293085186704, 0.016157441873973912, 0.022883654352566077, 0.010521175645717796, 0.016324486760354095, 0.015837139762854092, 0.017209685015263966, 0.01412299505199548)",1.5970814828395066
0.015933504859848,0.019851571094071183,0.006939090387953815,"(0.018117371832453374, 0.019878485727417163, 0.018201189924750866, 0.02010723858410851, 0.028785385725802054, 0.011884223192764113, 0.020015154117612663, 0.01734736054605303, 0.014971421671332164, 0.023250806982385262, 0.015268811805380318, 0.023692037926163725, 0.02480040168796542, 0.014694818713222332, 0.01668718252109487, 0.02139387486912106, 0.008111085657640817, 0.041714194078554395, 0.02103045915462653, 0.01707991716297503)",-0.564636863791961
0.02475903430102005,0.01734460954066473,0.008936246859956093,"(0.013134136992746626, 0.018833778814402242, 0.01750088571090243, 0.014459531114920297, 0.00810363966987937, 0.028437103408264577, 0.005056293616806068, 0.046528119754881726, 0.015768929798703774, 0.01495998174356396, 0.02086449034941577, 0.011941407780042807, 0.012756467818961002, 0.019726169880595258, 0.014041350848004707, 0.017412146271790177, 0.02584493098106475, 0.008775534764247176, 0.021004982355029195, 0.011742309139072666)",0.8297023209575647
0.011909068608617505,0.012260771176085535,0.005617443117167231,"(0.006843078233863834, 0.01826336247759554, 0.015542929604491953, 0.008207360616990914, 0.02320353319175571, 0.005061876960439804, 0.011014880085210633, 0.01086020648259538, 0.005501572446687235, 0.02178035568415264, 0.008843343640431073, 0.014236115479981246, 0.013225587070816308, 0.009599718487067192, 0.019984333905676447, 0.006192328908089651, 0.011933078416613572, 0.009699380242314481, 0.01846761038989648, 0.006754771197040626)",-0.06260901270067272
0.0006012456522409422,0.0009246654523553945,0.00046664265138943807,"(0.0004517518255216829, 0.0014828920492200727, 0.0003444395439249563, 0.0019461354545124972, 0.0013059593049142397, 0.0005121629576866818, 0.0016397519976144204, 0.0004080912149485062, 0.0009409257279406689, 0.0007111123359489992, 0.0007281343398351959, 0.0009204277017445792, 0.000930017360994189, 0.0007207356034170644, 0.001571112442504659, 0.000426321742926627, 0.0008416813891351474, 0.0007942466005420156, 0.0005140461923654094, 0.001303363261410277)",-0.6930780955222658
0.0006534099436290078,0.0005929667959333343,7.439192559471673e-05,"(0.0007392055680710415, 0.00046866494754445017, 0.0005107422787367481, 0.0006784242516284199, 0.0005173271994280684, 0.0006693654032564998, 0.0004917833134612846, 0.0007042309658185228, 0.000550389635851795, 0.0006292368218951464, 0.00062039530435763, 0.0005584702222533897, 0.0005437954613601328, 0.0006371708595503496, 0.0005498908501698409, 0.0006299795735231237, 0.0006032152358531502, 0.0005739807408863517, 0.0005326483639076006, 0.0006504189211131396)",0.8124960768587246
0.0022102566018900034,0.003137526612809305,0.0007472396473811509,"(0.002574395315183515, 0.0036354827747741825, 0.0024097359574225827, 0.0038871033545965668, 0.0026789428053070477, 0.0034846785351698916, 0.003278469915043646, 0.0028495734596368574, 0.0039195372623191576, 0.002383729714084671, 0.0017592750081579962, 0.00532131882398704, 0.003253055862090505, 0.0028788323717854683, 0.003515787022414531, 0.0026609239323195236, 0.002788579610190142, 0.003345733481255761, 0.0032104462799516006, 0.0029149307704954192)",-1.2409272101247606
0.0008885849573308511,0.0014866190081700497,0.000197619655028054,"(0.001562834799843068, 0.0013914199427018093, 0.0019767486402821853, 0.001100597332881713, 0.001561161727161829, 0.0013909271881901882, 0.0016077161684504367, 0.0013512217576170519, 0.0016997757876895325, 0.0012780751051756493, 0.001261741218570722, 0.0017237778174024933, 0.0014098563767927688, 0.0015429753986710346, 0.0015603671841643476, 0.0013933135245679923, 0.0015321452506247542, 0.001416775358908225, 0.0013061877062433907, 0.0016647618774618012)",-3.026187100439488
0.001419531615949046,0.002009701847561619,0.0004263547370402553,"(0.002055048936545506, 0.0018839470728411324, 0.0019345900492788463, 0.0020025876641234343, 0.002710688227249715, 0.0014255909519278976, 0.001792695462751024, 0.002156817378817209, 0.002450290569551871, 0.0015779846448055353, 0.001453679796615141, 0.002664118412621541, 0.0014290077284748357, 0.0027107536803497303, 0.002377194584002363, 0.001628208760861859, 0.0019431828849343297, 0.001987666777571805, 0.0016197761395024485, 0.0023902072284061513)",-1.3842234654398846
0.0018218567168993348,0.0022046091018521293,0.0004359513506805873,"(0.002655711584400835, 0.001764109708289558, 0.0016647695313777083, 0.0028161013712227367, 0.0019305057989463985, 0.002422366113631443, 0.002707528082043955, 0.0017281391667077616, 0.0024097773985009585, 0.001941609853767007, 0.0019846059771865365, 0.0023614829892950003, 0.002123127072086193, 0.0022078888668824468, 0.002959623064270202, 0.001582584776601531, 0.0028707955824409004, 0.001628096619394148, 0.0022633777324566817, 0.0020699807475405762)",-0.8779704073751786
0.007442723714385617,0.007072709439285428,0.001286880341807852,"(0.005729804412166942, 0.008475437694496296, 0.006203886374584617, 0.007844746433137227, 0.006867332711842348, 0.007030662376888066, 0.0067734785119489185, 0.007140601778408546, 0.0074093403500159445, 0.006527131365671359, 0.005305337881038925, 0.009163893334868792, 0.0072776410527407714, 0.006684952184460404, 0.009388453246257346, 0.005168743052414406, 0.009281384991584395, 0.005193296148552137, 0.006404724465036506, 0.007583340419594604)",0.28752811203905726
0.012782129504943139,0.013835994587962334,0.003189309708654974,"(0.016114482373975246, 0.011325866325449713, 0.01608569720637424, 0.011393940123472468, 0.00992487006175346, 0.01818340675336161, 0.011402238016586757, 0.015881436243192854, 0.018517394665693614, 0.009777182339946958, 0.00942921919184819, 0.019398345452281484, 0.014160516283913183, 0.012934091331454378, 0.016705919709588585, 0.010909129051452922, 0.015516510735640867, 0.011592907700057673, 0.0161924366131107, 0.011274301580091805)",-0.33043673374187327
0.005208509809124591,0.006025780858476911,0.001182528653273264,"(0.0060189663831530455, 0.005826379007322332, 0.00733257119409608, 0.004791202879138125, 0.0071237515732488835, 0.00489940636144727, 0.005031850124969994, 0.006946261277606415, 0.004661454440396665, 0.007497454628629224, 0.006432292899076401, 0.005457224334302856, 0.005906588528697523, 0.005946219943230642, 0.005298776012819076, 0.006614320508591616, 0.006704763287638452, 0.005198298181206119, 0.003951220351793117, 0.008876615252174386)",-0.6911215614861392
0.0022628713307124315,0.002015881579639773,0.00045305693245839286,"(0.0015136018919503418, 0.0025618456312811147, 0.0014848236437833224, 0.002613043430549236, 0.0017290524500144552, 0.002239108950152694, 0.0018644622556160517, 0.002077476681522068, 0.0020656569119963867, 0.00187506918516582, 0.0012507723065221966, 0.0031011555833769812, 0.0023375425246365453, 0.0016596686352331185, 0.002372216667361644, 0.001634273092680503, 0.0019577869437172593, 0.001976596167152754, 0.0023611502342239243, 0.0016423284058590386)",0.5451627232198707
0.0035383901367828604,0.003538462409153964,0.0009112999220993619,"(0.00404922280984759, 0.002905988784511906, 0.0020736767095445212, 0.005677495470032784, 0.003013085027034914, 0.0039002016149380066, 0.0025846020166371193, 0.004548550333305724, 0.0025331996690023564, 0.004640500216216531, 0.003989718014153841, 0.002950392066821094, 0.0027508787312029385, 0.00427964040725546, 0.003545720167119756, 0.003318219103176606, 0.0036927931878345276, 0.0031808917464283696, 0.002588998169267974, 0.004545473938747267)",-7.930689924488118e-05
0.0001422695709130487,0.00010079312099355396,2.4420997378241093e-05,"(9.894877739789313e-05, 9.720199356414634e-05, 0.00012436766506717596, 7.733559241307722e-05, 0.00010730783170470789, 8.962949926171553e-05, 9.711673152407525e-05, 9.90350787645665e-05, 0.0001487114431525509, 6.467526571849468e-05, 0.00011547581789897622, 8.329059619308946e-05, 0.00010625260605446743, 9.052064310397393e-05, 7.487275700486568e-05, 0.00012845810644628884, 9.921642199874348e-05, 9.693874513439147e-05, 6.241924332888849e-05, 0.00015408760413899072)",1.6983929557459403
0.054451321325860946,0.04987316019718366,0.00513307566340163,"(0.05753905115677485, 0.04291143696058707, 0.050010215663595425, 0.05023182738849974, 0.04946987436913647, 0.048983738840887706, 0.05778840525375134, 0.04115168466104666, 0.04978363928641301, 0.047504035309230856, 0.05669707797362192, 0.04524085038093759, 0.0480027300148869, 0.053515237694987054, 0.043572001469853405, 0.05666741651171714, 0.04328820549560755, 0.05420330849559918, 0.047756964015666974, 0.053145503000872396)",0.8918943395514638
0.014569430117208765,0.018164817441129914,0.006718629990823586,"(0.01902422608304822, 0.01563404506104611, 0.01307306908935633, 0.021280723009939623, 0.03287126586676002, 0.00883232868259957, 0.016214446041222914, 0.017156703318831134, 0.02394352108240698, 0.012156870436870873, 0.011504557071340826, 0.025610967903275057, 0.010704027171604891, 0.02720894845739244, 0.028798400637777485, 0.010341166849753185, 0.018054718379114387, 0.01637206382042664, 0.02048028827314943, 0.014034011586682184)",-0.5351369741795258
0.011089184348046415,0.012753759641004659,0.004918151096959106,"(0.012188892881196385, 0.01205370748319553, 0.015113057234760982, 0.008873760038337716, 0.013777477813505449, 0.010318412848460362, 0.005599162241634588, 0.02395119840526416, 0.024250767677244246, 0.005883781851077262, 0.010525116725690965, 0.013781753046553108, 0.014887395528951944, 0.009591476855302442, 0.009673382827426988, 0.015215675969734834, 0.013126670586432335, 0.01109801490922601, 0.008331055418179594, 0.016834432477918226)",-0.338455500886797
0.0056062231579168805,0.012332901168870227,0.008622223175659808,"(0.011697293602103722, 0.008891935904328825, 0.0025987592334150078, 0.03652361419799255, 0.014465814440176248, 0.006956865820382692, 0.029097843987205472, 0.0032621456945443276, 0.007254382311077724, 0.013926657806787757, 0.008666979362616609, 0.011848624029958548, 0.006660960581425027, 0.015177979669690483, 0.00912392101251737, 0.011421129970974666, 0.011638017316953108, 0.008861040346664371, 0.004047070617370224, 0.0245369874712198)",-0.7801558686096749
0.0014789637587467905,0.0008846237147904402,0.00038061391386775016,"(0.0012922955472285723, 0.0005177459629891666, 0.0006530241256553161, 0.0010215426775818843, 0.0009313608014724178, 0.0007176383879737098, 0.0009715148785496828, 0.0006866643556091124, 0.0006853192728703026, 0.0009754499420311064, 0.0009400970898608141, 0.0007114196231235424, 0.0009205416111782678, 0.0007262050955808555, 0.0004947985401176317, 0.0013522977452845551, 0.0006077470330545963, 0.0011006004296561375, 0.002062225330442742, 0.00032398584554838776)",1.5615299974631571
0.0007230767805543276,0.0005984540464842297,0.0001165540211950453,"(0.0006102017385123256, 0.0005668241422440074, 0.0005191115573906946, 0.0006657415807772454, 0.000559256692364284, 0.0006182768411869771, 0.0006122834402539448, 0.0005644372283877948, 0.000507643297776595, 0.0006811687975194891, 0.00047056282364318073, 0.0007349456462111199, 0.0003789449004208002, 0.0009125136103813866, 0.0005229512726461165, 0.0006614060137797891, 0.0006799659314835104, 0.0005086282691167336, 0.0007010332270422337, 0.0004931839185463642)",1.0692272372271925
0.004261746047814911,0.003070795074313352,0.0005745033664656838,"(0.002937162806114655, 0.0031113236869069493, 0.0032978600983276716, 0.0027600203166286796, 0.0031239682276515066, 0.0029210754339135756, 0.0025389233267570986, 0.0035850457412397157, 0.0037046358259310254, 0.0024636224470036524, 0.0026955566016751936, 0.003388306025267375, 0.0028967215897642037, 0.0031508436209836638, 0.0024629314093063217, 0.0037106951243286337, 0.0020472698559082067, 0.004462078668733755, 0.003678800413141505, 0.0024790602666836673)",2.073009564466489
0.0015870920859684232,0.0015095508925967373,0.00037760510108555284,"(0.0018185786466643975, 0.0011849581950924956, 0.0013871015408959539, 0.001549956845711739, 0.0011872703174448825, 0.0018135215205251096, 0.0025835048877904366, 0.0008321848773592108, 0.0014457196170881126, 0.0014894732568597631, 0.0015864711051239667, 0.0013578843213540672, 0.0017843051807139832, 0.0012068547839536503, 0.0014217879200288544, 0.0015157275065023938, 0.0014160251732905815, 0.0015214914713559708, 0.0010626195826665557, 0.0020255811015126206)",0.20534996256344948
0.0022440413139257396,0.001966508762299446,0.00022500558200907653,"(0.0018039668595838125, 0.00211970903113077, 0.0017573816901336327, 0.002169024039942544, 0.001806444809211955, 0.002114393380856604, 0.0020925066963007033, 0.001821661068505087, 0.0019564026506394758, 0.0019526247833647928, 0.0017044225896428128, 0.0022425255132840225, 0.0020315029248884047, 0.0018804795700795808, 0.0019580960282696864, 0.0019529902534624886, 0.00234482607988421, 0.0016302858458982646, 0.002400462230316803, 0.001590469200593252)",1.233447406718551
0.0016839978122758273,0.0022338503535995168,0.0006409884442028069,"(0.001185028733126849, 0.003908606572263611, 0.002006361284815786, 0.0023012072478708428, 0.003119376653103982, 0.0014831499214325368, 0.001821936952601352, 0.0025341811790181, 0.0024776851947887566, 0.0018675813327232013, 0.0026492648548997444, 0.001747569383928565, 0.002432758847626451, 0.0019021064215792075, 0.0030511186558268687, 0.0015181736510197835, 0.0018208072236305716, 0.002543045946977636, 0.002038942777297204, 0.0022681042374592883)",-0.8578197412084977
0.006259668547222763,0.007021039751777584,0.0018828826618542797,"(0.005609433471037954, 0.008236098180684744, 0.007518312528449845, 0.006084077595475426, 0.009953095137129195, 0.00462517871285798, 0.004979431563369251, 0.009186608875234181, 0.00568309261490256, 0.008104590123494649, 0.004236595033306752, 0.01088999159806425, 0.005390966203081133, 0.008544261379594402, 0.005232338644278704, 0.008831557824201279, 0.005865242378244684, 0.0078693730679162, 0.00715609433817995, 0.00642445576604852)",-0.404364658499227
0.015927230559381864,0.013202046783702272,0.001970270901623048,"(0.011316720207787494, 0.01518481394833918, 0.011133964898574052, 0.015140313789796411, 0.01165576152893026, 0.014641699986028676, 0.012695781401773076, 0.0132789517393841, 0.016167889066918947, 0.010566260552843565, 0.016515610114285897, 0.010377327395369385, 0.01444822188772786, 0.011825215534035653, 0.015544757868823549, 0.011059228179570245, 0.013815647316237198, 0.012415355542887009, 0.014590698881873828, 0.011666715832858998)",1.38315181604452
0.00880393342029365,0.005993183452055666,0.0013805897226311576,"(0.0059361305717067145, 0.005781185254381156, 0.004799932490311453, 0.007091277507499932, 0.006373467501356856, 0.005368659702023251, 0.0050854780513248515, 0.006693378187177204, 0.004347288773719734, 0.007874354506386407, 0.005200613082849155, 0.006591364926618259, 0.0047206367910235, 0.007251923390290336, 0.005834579128633904, 0.005882837581186753, 0.009807010365755334, 0.0034965674331160082, 0.006311222175617321, 0.005415761620135202)",2.0359053252121826
0.001709529627559465,0.0020459526528635668,0.0006552040165120544,"(0.0013773012471033725, 0.0027590302232099874, 0.0025436631643542323, 0.0014897909195372352, 0.0018721208689734766, 0.0020277779681756236, 0.0013126315724285894, 0.0028870077911652458, 0.002613500353585288, 0.001452768089146352, 0.002307228323252287, 0.0016463776926213603, 0.0016677732520153509, 0.002276610447250071, 0.0025242601894399103, 0.0015054867302430098, 0.001077801741102807, 0.0035247742294404654, 0.0025852682822829947, 0.0014678799719436638)",-0.5134630082016789
0.0032054065777278404,0.003453606264635386,0.0005582437755190364,"(0.0034181583647981606, 0.0034073585450492424, 0.00406771865075451, 0.0028560062489965433, 0.003498201114892281, 0.0033264134252496093, 0.003269985563002524, 0.00355280530392333, 0.004205254263347657, 0.002767531810405786, 0.0025934893612614743, 0.004489240593040405, 0.0033762520882131067, 0.0034471041804754053, 0.0038720276042053755, 0.003008094406209098, 0.0026026617819708657, 0.00447388864872037, 0.0031682071529482232, 0.0036717261852437467)",-0.4446080687183265
0.00010936710422375561,0.00010052302317917883,2.2945391748631637e-05,"(0.00011140418667751068, 8.63428354095872e-05, 8.969226780269669e-05, 0.00010724204323960612, 0.00012048551437257591, 7.983450531220521e-05, 0.00014804904252798667, 6.497023688440528e-05, 0.00010555313512711006, 9.112856345867558e-05, 0.00013949077604500482, 6.895744386296766e-05, 0.00010910265367834434, 8.816380623263899e-05, 7.790807497950493e-05, 0.00012346540885759582, 7.636978131905946e-05, 0.00012595212876738416, 0.00010256318682342943, 9.378487220528712e-05)",0.3854404030867856
0.07566163637753387,0.07423162649292923,0.005393522097209823,"(0.0781284611519781, 0.07340304494177322, 0.07970022707812881, 0.06308131648039604, 0.06490137474160758, 0.08551830078082509, 0.06460036373716461, 0.07772931077198109, 0.07184247452041626, 0.0774504624997336, 0.07421475402047183, 0.07559476310726736, 0.07827460219801698, 0.07089222706495499, 0.07358112208889821, 0.07732201615656098, 0.07391761125426813, 0.0766955241560402, 0.07306492869247416, 0.07471964441562748)",0.26513470397097444
0.009692030573714849,0.018948878665350513,0.004516388468512311,"(0.020124093259897495, 0.016657927290675535, 0.021276793781407847, 0.016353461048519105, 0.014580116079557968, 0.023446797697183372, 0.025550069019490435, 0.013486584108488615, 0.018674102328245144, 0.01842795890579183, 0.026253314250681708, 0.01285744984695005, 0.019626480560764333, 0.017599846966108574, 0.01717852274109994, 0.01936925590705741, 0.028468522591643092, 0.011757825133371133, 0.021570424323471143, 0.01571802746660549)",-2.0496129055711743
0.010079140699046802,0.01651450001433771,0.008547465153606102,"(0.03787202881510541, 0.005529717946536507, 0.017138238667603865, 0.012799303779008595, 0.016357409484625055, 0.01311882533222017, 0.025865783313034053, 0.008379750420132585, 0.020968990234013756, 0.010318130778673688, 0.019049444464961027, 0.011087054312262826, 0.019067800551514177, 0.011399740792945754, 0.0062987728100569705, 0.03292957050343426, 0.012168119401426768, 0.017178946600922677, 0.02386324921446256, 0.008899122863813483)",-0.7528968179034793
0.010991345456148329,0.010223690318478904,0.004721291606754189,"(0.011807903729934687, 0.00725755644981219, 0.009944014945583333, 0.008989139970985584, 0.004564269970287743, 0.019196808596120156, 0.009409472953397311, 0.009398301513970309, 0.006817580979740027, 0.012948231644977642, 0.006906121462563086, 0.012502917841069376, 0.010425482391321675, 0.008502787806056494, 0.013028325241989113, 0.006517930297449319, 0.0035639664369448336, 0.02400517928292406, 0.008614157895493274, 0.010073656958957804)",0.1625943071534138
0.0015351842139908539,0.0009629992355442976,0.0007833598529849655,"(0.000917240385462297, 0.000668273835503241, 0.00047221437128897736, 0.0012998389580989034, 0.0007024282976672313, 0.0008732588266975891, 0.0007885876991819802, 0.0007781257214395437, 0.0008109170924773682, 0.0007566159611342567, 0.0038149096816363767, 0.0001606997505113453, 0.0007389628333354307, 0.0008303990251014573, 0.0008682365162764694, 0.0007057039766584685, 0.0006351708226487564, 0.0009649923203407641, 0.000279493883137044, 0.0021939147522884485)",0.7304241802362801
0.0005984636387355724,0.0005950684037949324,9.556197105745863e-05,"(0.0005358560177690859, 0.0006446243040589618, 0.0007184661539633054, 0.00048096617031314747, 0.0007106601530504174, 0.0004861612872725011, 0.0005015766236292576, 0.0006888811471343546, 0.0005104168301081673, 0.0006769338761989308, 0.0005023955656222994, 0.0006875986459709883, 0.000459103992708699, 0.000752620021300945, 0.0005260263029970974, 0.0006566044349722851, 0.0005503220638647468, 0.0006276709865432445, 0.0006649615016069967, 0.0005195219968132181)",0.03552914305836697
0.0029343526324025,0.003071580488329345,0.0005135689058800349,"(0.0024535380297782392, 0.0037418544765385003, 0.0033397202531882404, 0.0027541825952662594, 0.0036291799219091165, 0.0025322357333484634, 0.0031924687817318407, 0.0028798115610239004, 0.003915232391671437, 0.0023480156484918537, 0.003215731658315994, 0.0028559451874550093, 0.003169954153643438, 0.002900600511430607, 0.002634167062589175, 0.0034838908011254974, 0.004062413340508246, 0.002259762610935582, 0.003092243365443367, 0.0029706616821921312)",-0.2672043699602405
0.001171435050172358,0.0014881040044748117,0.0002460944837989734,"(0.0014989049404487706, 0.0014395767958903297, 0.0016647789907163883, 0.0012975724018905045, 0.0013722707430933005, 0.0015733355868172696, 0.0021354272673773686, 0.0010113059629744338, 0.0018041757856267703, 0.0011969249877948364, 0.0014069368258823466, 0.0015339773220632044, 0.001256965620455797, 0.0017181834981662486, 0.0014851405377761522, 0.0014525612472196653, 0.001432718768841585, 0.0015060146249810114, 0.0017213767763470734, 0.0012539314051331766)",-1.286777945665496
0.0024424141606056824,0.00199767180796641,0.0004238156575360051,"(0.0019275502730839427, 0.001982847215327586, 0.002273009301190482, 0.0016840014343478139, 0.0014839382296999945, 0.002577631938699373, 0.0018657903177250702, 0.0020507916430728005, 0.0020502984006585557, 0.001866093744495816, 0.0017773890929655678, 0.002150910163476469, 0.001862392180335419, 0.0020546692067209844, 0.0013790420003164797, 0.0027705240280782814, 0.0013875524195941739, 0.0027543625633777483, 0.001492194246170992, 0.002562447759990656)",1.0493768805639032
0.0024689269487450003,0.0021748249267347568,0.00035210921423625447,"(0.0021623488037436746, 0.002132402653863892, 0.001625996470993324, 0.0028400504212696483, 0.0023058976858103763, 0.002001234516194299, 0.0020654813041427814, 0.0022349549813840005, 0.0024302597894113403, 0.001899322676287129, 0.0027127186759195563, 0.0017001800782410577, 0.0023363796844123427, 0.0019759209688963233, 0.0027332056311921, 0.0016863835518728999, 0.0018663971557734726, 0.002470401997529169, 0.0023732346063958867, 0.001943726881361869)",0.8352579544053343
0.006863695869636573,0.006926595124397035,0.0016458805452402713,"(0.006397029365508016, 0.007107386400509677, 0.0071058517895400035, 0.006428177388283021, 0.008727434176468166, 0.005222331688336485, 0.00719762692563838, 0.0063391944019284205, 0.004330695127001235, 0.010532819356795911, 0.00426542441769352, 0.010667147279421899, 0.007326107323738848, 0.006229013249755614, 0.006475481544013262, 0.007012899073219331, 0.005717871214401342, 0.007950276687220276, 0.006570802589625391, 0.006928332488841881)",-0.03821617245696257
0.012360906985430624,0.01333147085728005,0.0023991627806250674,"(0.015368958850438407, 0.011172154625464673, 0.015961887941456174, 0.010852606436028145, 0.014591369883526658, 0.011822471647091852, 0.014899004016104729, 0.011602355982682824, 0.016220595308781276, 0.010651385462732418, 0.015747512305175612, 0.010919003014759295, 0.015177917995829784, 0.011392601638534354, 0.013528197991194854, 0.012663520046339777, 0.010740602034260163, 0.01598145571439489, 0.01750016415315138, 0.009835652097653766)",-0.4045427345269837
0.005111319727589352,0.006093450629321129,0.0016101675333944885,"(0.0077178610280617226, 0.004495947208133749, 0.00515695318817494, 0.00675475409605816, 0.008429841123685207, 0.004124648529740471, 0.0066393781857412276, 0.0052417461867260455, 0.006256007650599571, 0.00556163275833399, 0.009310308855497964, 0.0037292356249363787, 0.00689143098372262, 0.005050666287167853, 0.003948106040275507, 0.008779918092717692, 0.006796332223551061, 0.005104865878641836, 0.0066770426998841535, 0.005202335944772426)",-0.6099557228441251
0.0020232368484521964,0.002026974261258365,0.0005435526650794553,"(0.0030836159191850528, 0.0012428449203886398, 0.0014397888321592159, 0.0026652681486225554, 0.0021893478324600734, 0.0017516971499948204, 0.002438782596086686, 0.0015730165002972249, 0.0016172252954320704, 0.002371926237067281, 0.0014115768548499978, 0.002715572705392037, 0.002655448953552865, 0.001444729943813304, 0.0014933011257162315, 0.0025655665863065394, 0.0021735633993564094, 0.0017631332400504798, 0.0017410119447592908, 0.002202067039676518)",-0.006875898227124775
0.0040817468954382026,0.0034447929520979564,0.0004639744039501185,"(0.0033224991978798198, 0.003509255138215043, 0.0035897971552259584, 0.0032516933956627477, 0.0030988221074719985, 0.003764817972564083, 0.0033283433076078794, 0.00350623607038706, 0.0035554074501583555, 0.003282014959489621, 0.003620701658683665, 0.003220656085308859, 0.0038828234859647637, 0.0030055927902139573, 0.004232397771266636, 0.0027538853305946803, 0.0026447236878007108, 0.004408399341523666, 0.0029103075504034993, 0.004007484585536113)",1.3728212977212522
8.516044668629318e-05,9.93699230625649e-05,1.6638201264437112e-05,"(8.570664552432858e-05, 0.00011220641514902706, 9.806387126523983e-05, 9.806778659463869e-05, 7.826973690478741e-05, 0.00012286828269035557, 8.734389509457379e-05, 0.00011010379568139787, 0.00011725500448482981, 8.201685175435786e-05, 9.831385785744366e-05, 9.781759100583543e-05, 0.0001377192268686421, 6.982973374452198e-05, 0.00011528603518529698, 8.341695108653004e-05, 0.00010125987428145057, 9.497174629681139e-05, 8.985612732002316e-05, 0.00010702503246120613)",-0.8540271962356529
0.0841016867479834,0.08019217003799306,0.007782778937620433,"(0.06958775404327365, 0.09026889002736789, 0.07938330122538018, 0.08313988149484491, 0.08073537772780233, 0.07941124077529473, 0.07634738444627005, 0.08617144841244807, 0.0749588183569685, 0.08695583297560205, 0.07311987755439446, 0.08312218390826907, 0.0719885328180556, 0.0911763175042722, 0.0908926249099834, 0.06740017588311553, 0.08254996541444976, 0.07567823922950705, 0.06924915923338577, 0.09170639481917638)",0.5023291476380636
0.01237305507037917,0.022796836788296665,0.00984462191063886,"(0.010756451183467533, 0.03856277665147974, 0.04602683084438168, 0.009078477544310487, 0.02069201134406622, 0.02198210933515705, 0.014295113715456293, 0.028873417937000156, 0.015087958888980372, 0.030587891577080823, 0.023708586143291847, 0.019771259335500186, 0.03769763110205053, 0.011749501563120192, 0.022643765090897834, 0.01925027208731603, 0.024550681212032403, 0.018502820391346684, 0.027820244396969715, 0.014298935422027375)",-1.0588300711328231
0.01295258441784169,0.0158312714248789,0.006923858133285498,"(0.01439734721858509, 0.013716193288412457, 0.008592503296400494, 0.023225139104647723, 0.010292052668233112, 0.021745128323713767, 0.005642117232836822, 0.034726789680903355, 0.014197615144475187, 0.01600823796034987, 0.015357164081170984, 0.015135761886896654, 0.011596591236782994, 0.01858415264924597, 0.0077769556832567, 0.027107613760521586, 0.011417219757580905, 0.019584717602583963, 0.015716875757041, 0.011805252163939333)",-0.4157634301024046
0.00884207020296952,0.012449517642694146,0.006192729468934527,"(0.02384251281607947, 0.004802980324710038, 0.014538985373813939, 0.007949810256701828, 0.006490106314124504, 0.01962710190609245, 0.017554097394151643, 0.006474967785515569, 0.010534926669419836, 0.012209506971139678, 0.013981370928996201, 0.009389555893250495, 0.016538150652319287, 0.007449939658070566, 0.01686590106194344, 0.007167437319849231, 0.01663571300780557, 0.00765765735783855, 0.004335714751530295, 0.024943916410530335)",-0.5825294739292552
0.0006357719727566061,0.0008738051822493437,0.00040602256890718674,"(0.0009030553793058539, 0.0006895137760218867, 0.0006495636693041443, 0.0009587750923758522, 0.0009632452108403006, 0.0006475142381618553, 0.0005678842070830158, 0.0010960087237132314, 0.00036480402339359954, 0.0017068705853177939, 0.0003622757143741464, 0.001722536082557781, 0.0011610029194858364, 0.000537007742843126, 0.0010024502079166385, 0.0006214750640661679, 0.0004439119036416099, 0.0014065489060669646, 0.0005574329838735051, 0.0011142272146435646)",-0.5862561042687998
0.0005083101072280295,0.0005940991513278767,9.38877592939717e-05,"(0.0006194609235312019, 0.0005562644130379492, 0.0004497379365688148, 0.0007662387631129405, 0.0004936334718595232, 0.0006985324549216877, 0.000608465518638518, 0.0005662736406233364, 0.000670358567892757, 0.0005143321360797437, 0.0005146143508287355, 0.0006701559867707193, 0.0005444489728780358, 0.000633188764702721, 0.00076540338949143, 0.0004503350744561171, 0.0005776558793482617, 0.0005969683367907442, 0.0006777739094879089, 0.0005081405355363843)",-0.9137404571690052
0.002457485243237659,0.003087994440737201,0.0004917128701162027,"(0.002967227535994002, 0.003130684044785133, 0.003966618824791392, 0.0023427573020622073, 0.003464748478112325, 0.0026926741569061156, 0.003043694740266351, 0.003051192112556104, 0.0029027231320351257, 0.003215658064262331, 0.002965254484741277, 0.0031502988072781564, 0.0038642791000555224, 0.002411130670067874, 0.0033822544251727034, 0.0027526668600516293, 0.003199542573292013, 0.0029157921375660284, 0.0022861742885264256, 0.004054517076221294)",-1.2822710891226796
0.0021997038967621787,0.0014906492780597195,0.0002530199501942504,"(0.001444805508280064, 0.0014946780047174369, 0.001544319089057373, 0.0013986539776716374, 0.0017360761898377781, 0.0012468194320548974, 0.0018038142033467432, 0.0011969851955551695, 0.0012196684073800276, 0.0017750022163107093, 0.001538635194077571, 0.0014077033009178136, 0.0016145040342159056, 0.001339702029654459, 0.001310348963097508, 0.0016499717239781037, 0.0018364819956628042, 0.0011786729103590555, 0.0019952307634576874, 0.0010809124215616474)",2.8023664464327753
0.0023198866638943338,0.0019660191016885125,0.00023202488500053366,"(0.0019528095897673895, 0.001950665806175206, 0.0016525373060742522, 0.0023057439077809366, 0.0015828140782825732, 0.002413832063518865, 0.002425665231280473, 0.0015699936890682378, 0.0018466614606164366, 0.00206894626489892, 0.001900781637480076, 0.0020115050986190936, 0.002026463160281387, 0.0018835004212393533, 0.0019335162489766255, 0.0019729252255645574, 0.0018030537782636512, 0.0021191892881300364, 0.0019469815464671482, 0.0019527962312850184)",1.525127626741448
0.0016464972794473995,0.0021842265817099897,0.00043285004904221384,"(0.0026514937226255423, 0.0017318882740438863, 0.001450179729962887, 0.0031674011736219964, 0.0023007830099014428, 0.00200142532396264, 0.0020878925596857487, 0.002198762820521294, 0.0026305419271109645, 0.0017501087148182174, 0.0015969205542964418, 0.0028854063412953, 0.0023443814637363262, 0.0019623491791726996, 0.0022914643083021147, 0.0020065183337939084, 0.0022070855692426653, 0.0020868125244170588, 0.002499794051482562, 0.001833322052206094)",-1.2422992753551658
0.007831063617314529,0.00690308933207499,0.0012098016815879087,"(0.006689384012973395, 0.006891342343249848, 0.008580341746047397, 0.00537704686782132, 0.005237701687026325, 0.00887792466531538, 0.008331580805161581, 0.005528000276087828, 0.007042195379253848, 0.006597395074361796, 0.007979138010329841, 0.005839177672382236, 0.006818565309484907, 0.006799493337545596, 0.006693284400572638, 0.0069142526867085816, 0.008967869555256995, 0.0051887101390049525, 0.005771546054905042, 0.007936836618010253)",0.7670466154597656
0.01670246060981204,0.012999156576571597,0.0034244112985933745,"(0.010991948199430042, 0.014291580318175045, 0.009523672667057191, 0.016521401420344136, 0.01216714444881462, 0.01313043769704493, 0.013081516979278776, 0.011987604136678588, 0.007589020073176988, 0.021017157900212018, 0.017672393716249797, 0.009074788937286006, 0.010401495391836907, 0.015271405981720495, 0.016001752357798816, 0.009892006439172768, 0.010941679842313113, 0.014620179435014658, 0.016266247855977477, 0.009539697733849536)",1.0814425343011884
0.006902792926305101,0.00587432613004685,0.0010446515452420563,"(0.0062146924378000505, 0.005372310520989608, 0.005561240457125112, 0.006007681686742303, 0.004559019669898631, 0.007376017481663042, 0.006451120272008145, 0.005171421894818544, 0.006152041472874669, 0.005461484442470801, 0.0055234107684802875, 0.006098031097399111, 0.005602995592782071, 0.005987037788667662, 0.004453872285360803, 0.007520259580819437, 0.00512853674457179, 0.006561073807358519, 0.004016818328433895, 0.008267456270672519)",0.9845070358077579
0.0017696205404647155,0.001991319206122001,0.0003753769298457084,"(0.001423216642854179, 0.0026914935942625737, 0.002100354952188443, 0.001824188504615725, 0.0025838712058637333, 0.001485993332648487, 0.0018165378276997206, 0.0021081846415917007, 0.002054522986399387, 0.0018683215868959997, 0.0021458435793004593, 0.001790278695767311, 0.0023254956772914208, 0.0016497699254096167, 0.0026955118981483706, 0.0014225871286516064, 0.001985776743951842, 0.001933974436563798, 0.0018234442410392361, 0.0020970165212964163)",-0.5906027995604595
0.0023827371463526563,0.0034733110521757305,0.0007611936034070232,"(0.004464697671730573, 0.0025800814886321488, 0.002400091898509208, 0.004800311522929733, 0.0035492243530205097, 0.003250562176680216, 0.002431897015046151, 0.0047351650685202775, 0.0033350026736968423, 0.0034551749039631215, 0.00420766305015222, 0.0027430653638313663, 0.0029836162121576375, 0.0038651941073129335, 0.00253302293161582, 0.0045500335299793705, 0.003366492533962387, 0.003429655152603479, 0.003274114519002798, 0.003511154870167812)",-1.4327155416726822
7.624501323565126e-05,9.925134093411025e-05,1.5975415534666628e-05,"(7.951093510506427e-05, 0.00012087494309552466, 0.00012424580294779992, 7.735378500421452e-05, 8.329054108910759e-05, 0.00011538931695523417, 7.552882039574778e-05, 0.000127246980295311, 9.522983357566588e-05, 0.0001009181472728542, 8.65270214351972e-05, 0.00011107386673061656, 0.00011213615166193203, 8.57076029762631e-05, 8.839141840143125e-05, 0.00010873009597375128, 0.00010229735426228029, 9.395272652632499e-05, 0.00010568938824645025, 9.093208673143393e-05)",-1.4401082493619832
0.01358983270857677,0.009426061063729911,0.0033730076279647014,"(0.00827792071333471, 0.010735763731850242, 0.010718481028784843, 0.008246998242468535, 0.015270038299712045, 0.004718635732692679, 0.01107346645705448, 0.007470695576006655, 0.015719572701233964, 0.0025530624486153446, 0.005855584821645664, 0.013332851719665096, 0.007629620862669451, 0.011467784298785706, 0.008408966275667869, 0.009332557066628359, 0.008827394542986087, 0.011985519279403554, 0.011196282103781844, 0.005700025371611077)",1.2344388463062297
0.009217212605230327,0.02207812958392437,0.012023338848183776,"(0.041597292312859836, 0.00864493756309846, 0.03272189544400234, 0.011118539811527958, 0.01984318548221402, 0.018379683748654112, 0.04363189858775491, 0.00809686828214147, 0.015316502123434952, 0.023714747565671296, 0.017982032560178725, 0.02053216735969763, 0.0366530853979695, 0.009928948070421294, 0.009158033021879182, 0.039343440816609426, 0.013959915977387783, 0.026070078288902728, 0.03464889908345742, 0.01022044018062432)",-1.069662690296447
0.02563367055408353,0.016597595235892153,0.008000298951094375,"(0.007193417478376251, 0.03039926915207482, 0.011975170765917937, 0.018524822637723592, 0.017456466647460943, 0.012747042432203369, 0.006159244082261888, 0.03474285878154152, 0.022897270804973432, 0.009669834153830792, 0.010388574191194, 0.0217494631564216, 0.009572104386076587, 0.023186360862357983, 0.025009182849226222, 0.008765212208708392, 0.015733251470642626, 0.014103990485423459, 0.021862121118878985, 0.009816247052548636)",1.1294672078416916
0.006291998263805,0.012955683098613564,0.005970979213970442,"(0.02152195754192714, 0.006292806612994704, 0.0185648515901421, 0.007395124471891508, 0.011373288539363674, 0.012106937086303858, 0.02303387368353597, 0.00576186079715898, 0.01745591356858943, 0.007851509630385523, 0.011294229901344191, 0.01237212198412272, 0.011896442570270288, 0.011547031662415972, 0.02103492906002003, 0.00645381602120622, 0.01424369499286994, 0.009639960707466415, 0.005627449043901859, 0.023645862506360735)",-1.1160120636858664
0.0007645320161164384,0.0008895254293403633,0.0004458729167884714,"(0.0003051262501296516, 0.002096198487765235, 0.0008555568775092317, 0.000747952679262416, 0.000920672901725531, 0.0006951488121699921, 0.0010429818877426725, 0.0006129464505342846, 0.00047480260565283645, 0.001347714811332166, 0.0006066531153665428, 0.0010554964253361694, 0.0009169129639179637, 0.0006979495919859489, 0.0008830016101121165, 0.0007244685550235903, 0.00034317699737858244, 0.0018645955780047347, 0.0007989805847920934, 0.0008001714010655043)",-0.28033416813971596
0.0006763072575338658,0.0006061381364157395,0.00015365712142790148,"(0.0006612108476824239, 0.0005242150037784264, 0.0006999154688882699, 0.0004952845785228077, 0.0006557299147381917, 0.0005286737136542698, 0.00044320277086884523, 0.0007819501176920112, 0.0003308823273015261, 0.0010476656280901143, 0.0005887438682365928, 0.000588903498469504, 0.0005640582957127398, 0.0006145842190339923, 0.0007664734642742528, 0.00045223409381394157, 0.00048150453743340963, 0.0007199419666664226, 0.0005782949646583367, 0.0005992934487987109)",0.4566603907847567
0.0023225396100505667,0.00314884025317465,0.0008406896004828986,"(0.004125179928789328, 0.002245487418519304, 0.004447099847275025, 0.002084090513856814, 0.0034806847095322974, 0.002663054531527626, 0.001960348084769303, 0.004721273404357784, 0.0038831684500239454, 0.002386576975853729, 0.0034032735568826715, 0.002725233732404124, 0.0027683403563740815, 0.003347974494289886, 0.0030574097603928365, 0.0030299879983008444, 0.0028272216252386274, 0.003278219968821929, 0.00447261967960335, 0.002069560026679496)",-0.982884340010213
0.0015260974573898661,0.001486972644383738,0.00022512773998187955,"(0.0011464951463267725, 0.0018866953052954958, 0.001425951988601805, 0.0015174337456901755, 0.0013595220420385015, 0.0015916931366422237, 0.0013887098426106123, 0.0015568809169838813, 0.0012081063357695734, 0.001790988139540534, 0.0012876379663145487, 0.001681145080375299, 0.0015273688635435109, 0.0014166993898741295, 0.0013801705138373776, 0.001567351031318268, 0.0012111750841870268, 0.0017865208954519474, 0.0018225644782263628, 0.0011863429850467065)",0.17378939178831204
0.0020601926018836156,0.002033979371135124,0.0005558433529388605,"(0.0017644010153433946, 0.002184516788025967, 0.001995916036110186, 0.001931987360160891, 0.0013188839281123596, 0.0029240461968035765, 0.0016915860272856593, 0.0022771026154084963, 0.0014383306796869177, 0.002680821350948595, 0.0016857230140146797, 0.002288869158456569, 0.003245430312160878, 0.0011881952171176918, 0.002526263744928329, 0.001525846260089314, 0.001762560896925533, 0.0021877557962760633, 0.0025516695054585816, 0.001509681519388787)",0.04715938512153978
0.00226161444610298,0.002219841084704568,0.0005242731737338449,"(0.002230377921531175, 0.0020965692322940776, 0.0023897273942603686, 0.001957658830942364, 0.0035048687873315367, 0.0013349362053558657, 0.0028524068849103638, 0.001638349979659461, 0.001643350926602252, 0.002846674462312155, 0.0019818591607436774, 0.0023620185077776936, 0.001764179259326825, 0.0026519198526359002, 0.0020745923414263166, 0.00225421701331756, 0.0018777550840742116, 0.0024913714166129616, 0.001708485473405615, 0.0027355029595709846)",0.07967861697157645
0.009877042631631954,0.007096606652193541,0.001631077740329114,"(0.005971488774114015, 0.008027102386571098, 0.005841372321648852, 0.0082177122667113, 0.007626702704269025, 0.006296189876401899, 0.005111365829361823, 0.009359617486589039, 0.007191085149587707, 0.0066744876189552054, 0.007203925395010761, 0.006676560824398236, 0.008276536227512435, 0.0058006220163571, 0.006189472075736789, 0.00774672575589893, 0.011501523668838276, 0.004173340702078508, 0.0058091468473649025, 0.008237155116464879)",1.704661838421868
0.014513567813433026,0.013626320752841368,0.0031432208238476992,"(0.008645278747477912, 0.02039836253700975, 0.014998991235369907, 0.01179094908683379, 0.015830672269882197, 0.011179086260976502, 0.013232713710091153, 0.013275484795993268, 0.016490873485737065, 0.010721647268019326, 0.012636097798491163, 0.014050560019011723, 0.013682012088231709, 0.012929292011162118, 0.009789086187538341, 0.01802563775520167, 0.013867286146255951, 0.012751648525015943, 0.01896276678028385, 0.009267968348243965)",0.282273219196084
0.004418519366684141,0.006041888602720069,0.0011725358682642749,"(0.007983113752737785, 0.00440981493915533, 0.008274100476192685, 0.004259839960711234, 0.0059027373620641295, 0.00597290958692158, 0.005788224635381513, 0.006072230334007182, 0.005973722356800905, 0.005899645739408029, 0.006080572678483718, 0.005806121526193848, 0.00702815938197255, 0.0050155944940118, 0.006701201160951736, 0.005254739490343495, 0.007858735933364417, 0.004484735969732943, 0.007165850573700714, 0.004905721702265774)",-1.3844943084248926
0.00171274208473652,0.0019798628971439904,0.0002683462999089775,"(0.0016173574810524483, 0.002380989238960559, 0.0022686338525501554, 0.0016981332125702018, 0.002108030036281194, 0.0018276832059774307, 0.0017334859301544573, 0.002220300913320282, 0.002174368279769618, 0.0017716944848265937, 0.0018215180342393367, 0.002116118995965185, 0.002341704462051621, 0.0016452075511434597, 0.001645023042402015, 0.0023411453253775216, 0.0019259888340771678, 0.002000203611704744, 0.002245661816971443, 0.00171400963348438)",-0.9954331865133863
0.00418597105657969,0.00352121416297349,0.0007882754121492686,"(0.004201085284349324, 0.00281397570371819, 0.004210345699197503, 0.0028089112114109867, 0.0034176525490756523, 0.0034607970285946152, 0.003017239962491526, 0.0039164014657047, 0.0032819473275536616, 0.0036034138626924186, 0.0033759815466731743, 0.0035049819052829223, 0.002366008834325079, 0.004998766852720774, 0.0029212815850912584, 0.0040472674126755615, 0.00442377359924839, 0.002673294969732755, 0.0023477575604466945, 0.005033398898484617)",0.8433053769794874
9.519755917316792e-05,0.00010037780644117564,2.2556679219538485e-05,"(9.72995832709146e-05, 9.88018013962577e-05, 9.574592185311834e-05, 0.00010040550861313334, 8.519033368326433e-05, 0.00011284654659140646, 9.515085934082317e-05, 0.00010103284093836392, 0.00010851069215994462, 8.859417205562135e-05, 0.00015662524517749945, 6.137871936310506e-05, 7.512259289313662e-05, 0.00012796981611582379, 9.315373828264524e-05, 0.00010319929713132486, 7.630727209927818e-05, 0.000125982926380179, 7.357173571557004e-05, 0.00013066652576210314)",-0.2296546941856856
0.09313300707071656,0.09496733229935603,0.00582415668479141,"(0.09645458190642416, 0.08919348349330829, 0.08814182685370076, 0.10264220329286461, 0.08896720795626674, 0.1042250126592737, 0.09606689297687349, 0.09113125898744776, 0.09088201450135286, 0.09941398315628784, 0.09724691783032667, 0.096148410580213, 0.09321207699730114, 0.098253416047491, 0.08958069143524573, 0.1002693015692512, 0.08500546597078154, 0.1053395387116509, 0.08905145088040772, 0.09812091018065122)",-0.31495121575788476
0.016101046019974828,0.017227395350747573,0.007058004806089037,"(0.008993255402163966, 0.027981321883347062, 0.015218075932073008, 0.017097533132473027, 0.024601962401345084, 0.010139902128407666, 0.024999047715034365, 0.010065318438762922, 0.014251839835948148, 0.01783366638133848, 0.00906347366362691, 0.026797292580270998, 0.012751850598026093, 0.020558468898385435, 0.016280192597450317, 0.015186947145458452, 0.008280074976185088, 0.03119072636981637, 0.011002979508394718, 0.022253977426443236)",-0.1595846647484609
0.01573821943492075,0.01281373749577042,0.005000249577994229,"(0.00839641546340024, 0.01686634901043168, 0.00998901440620438, 0.014784810283980607, 0.021992632359005632, 0.006360627643336513, 0.006273429800939864, 0.022565838410445693, 0.01050048101971365, 0.013651974996050762, 0.01134085882442693, 0.011933197801395278, 0.013288207000866789, 0.011224319070614686, 0.016789999334828037, 0.00824772084427982, 0.015110438037794773, 0.00968256120574639, 0.006615607199182679, 0.02066026720276396)",0.5848671938338406
0.014732870202969765,0.010443962310296994,0.0035592507899651145,"(0.007831605363413825, 0.012494865555915355, 0.009853977072784688, 0.010336495543801704, 0.007254480943911791, 0.013314595443039274, 0.010853344829001603, 0.009010769832562444, 0.007008170325167145, 0.014122266751185383, 0.009394229664393143, 0.009967288465747043, 0.011396805720227044, 0.009025437173594178, 0.0047722719726552044, 0.020066716299183007, 0.012600163606058942, 0.008011289772260032, 0.015447348901084762, 0.006117122969953299)",1.2050030036559485
0.0004456191996349878,0.0008929953473269707,0.0004186706695180655,"(0.0014168673902992548, 0.00045113167409983895, 0.0005034954230541434, 0.0012709346442602565, 0.001114325364889678, 0.0005732676422856855, 0.0014459338442676366, 0.00044201389032723544, 0.0017200214553799078, 0.00037171570887532324, 0.0007028038594664465, 0.0009082633170773623, 0.0011185955064890957, 0.0005722604869847205, 0.0005252951276637281, 0.001216014991911863, 0.0011990625267570667, 0.0005335176675542938, 0.0012728452990222359, 0.000501541125873644)",-1.0685633846931777
0.000491191837355407,0.0006000054600163603,0.00012412443838322887,"(0.0005068931275625154, 0.0006820781029862022, 0.0004631635953310317, 0.000746730369172838, 0.0004981088079854593, 0.0006940001121531118, 0.0005212094518580718, 0.0006633334844036073, 0.0005932045228066556, 0.0005828869545811471, 0.0006466976711132938, 0.0005344142240343852, 0.000689451693425823, 0.0005016912026139201, 0.0006175009847677158, 0.0005597976572480371, 0.0004307360260396953, 0.0008028826703770284, 0.0003989138647138609, 0.0008664146771528089)",-0.8766494662799273
0.0033674518458104074,0.0031092924497197294,0.0007052995559290663,"(0.003446009714941434, 0.0026713141157162293, 0.003542450609275851, 0.002603472524712728, 0.003170832275570384, 0.0029015151876617125, 0.0024096514476157813, 0.0038201398822379517, 0.002622790195986486, 0.0035116684836075164, 0.004231090513617794, 0.0021712231288451562, 0.003579748840378032, 0.0025774929953889265, 0.002030770995684081, 0.004528395522399522, 0.003968188345312417, 0.002323176812657335, 0.002841739970181727, 0.003234177432603511)",0.36602801450883343
0.0013923101939826825,0.0014905927543424334,0.0002813122481491644,"(0.001264305096253392, 0.0017001343490967594, 0.0020918072325515646, 0.001028650607621914, 0.0014166102384746263, 0.0015167990644771787, 0.0015983621571503852, 0.0013447807369216884, 0.0013650293710497378, 0.0015751425248523628, 0.0015454284502574693, 0.0013892531501919722, 0.0016584393583482556, 0.001297789547353965, 0.0014875565139838471, 0.0014441605576609405, 0.0010072556973573538, 0.0021357348807296344, 0.0013301770106150313, 0.0016144385419005853)",-0.3493717781802272
0.001560557565932068,0.0019752295583811046,0.0003123236375255983,"(0.002054239192648719, 0.0018548013613628328, 0.00205832295916841, 0.001853665298169041, 0.0022387173291357745, 0.0017010401571543113, 0.001657832840278923, 0.0022982161156687234, 0.002191686632338406, 0.0017391249919861242, 0.001945224935932052, 0.0019556992675480085, 0.0024424069805080682, 0.0015627375053291074, 0.0018916149724092018, 0.0020127484338977723, 0.001443358744876188, 0.0026426146733557793, 0.0016394937593735772, 0.002321045016481067)",-1.3276996763174853
0.0020934809099963985,0.0021774413934285385,0.00039157383567399055,"(0.0020964105857481817, 0.0021934167414922167, 0.002138112299895014, 0.002153518876978446, 0.0024572151752169894, 0.0018702561679467414, 0.002676284207211667, 0.0017180792590391536, 0.002202998385074601, 0.002088025720731845, 0.0028263347410331825, 0.0016244400233203257, 0.002451724574673332, 0.0018787561371116574, 0.002149047930470541, 0.0021381133399078177, 0.0015498121151894648, 0.002970051479831296, 0.0017663986644343588, 0.0025998314432639424)",-0.21441801209119143
0.00976307742086348,0.007136377787264066,0.0019871120721107072,"(0.007059510034519206, 0.006710742650312027, 0.00934606841244213, 0.0050901224411035095, 0.004955334514731793, 0.009542783902121252, 0.0072900994456154035, 0.006497416198703442, 0.008921095208019692, 0.005316191172984136, 0.004975454317234872, 0.009475915831323825, 0.005937165792562106, 0.008022097879041592, 0.006372237219534723, 0.007417425927535628, 0.007419075791960046, 0.006405927546923005, 0.01206084901447579, 0.003912042444137124)",1.3218678857953583
0.013882542269263836,0.01315577558108514,0.001870960385469245,"(0.01345322031063611, 0.012619170705153768, 0.013168544190612043, 0.012994088245496737, 0.010052584700198111, 0.01682954846681551, 0.014435962950671878, 0.011756475656424058, 0.0127555893695828, 0.013336817525373232, 0.012990230998470376, 0.01295048255980065, 0.013256211052924346, 0.01293684417331883, 0.01521668555627691, 0.011108261735240713, 0.015394472641173005, 0.011094672458281685, 0.010122444705027336, 0.016643203620224634)",0.38844579170307786
0.006018198735622929,0.0059651470500370965,0.0012844904453595827,"(0.005291010700357928, 0.006434252209082725, 0.006257865208466845, 0.005458780608396248, 0.004466489148447118, 0.007610340948193184, 0.007930206656087738, 0.004292301865900384, 0.004456097767345783, 0.007646589106433664, 0.006872792557192384, 0.0049338302674401605, 0.00578066177413051, 0.0059151549107811134, 0.008357280438406074, 0.0040658402386607164, 0.005367763582645515, 0.006358839466341006, 0.004943816594684453, 0.006863026951748359)",0.041301736246843614
0.0016939064841576302,0.001983442633214441,0.0003414398151965991,"(0.0024514601569726115, 0.0015600670294518282, 0.0019064964844845, 0.0020083199641465826, 0.0018004022079121788, 0.0021231174514519647, 0.0015348663685484862, 0.002491590586931953, 0.0021835021967950025, 0.001752042254219931, 0.0023909637835693217, 0.0015974062743890848, 0.0016824114809497323, 0.0022765589324632656, 0.0017286902547586963, 0.002210924601254693, 0.002570115343222994, 0.0014893545404373804, 0.0020101528503921814, 0.0019004099019364344)",-0.8479859002093755
0.0038594412652850716,0.003488363694529745,0.0008251037294217194,"(0.0033755053384056702, 0.0034176530759278977, 0.004021807795492052, 0.0028712326610148653, 0.004118724786584961, 0.0027994930416913415, 0.005062654234220705, 0.002278511039601854, 0.002920328465987098, 0.003951252967087878, 0.0027261827960403705, 0.004226731613039124, 0.003019448961749679, 0.0038255184810416544, 0.0026128830351415, 0.00441263875931628, 0.0028728801053840214, 0.004018488997842942, 0.004868130715128404, 0.0023672070198965905)",0.449734448558849
9.06866566195369e-05,9.866008427801055e-05,1.117718091425945e-05,"(8.970616412226908e-05, 0.0001071897935441862, 0.00011280213887719198, 8.524344972495865e-05, 0.00010850019255886503, 8.862237301762374e-05, 8.511234029887264e-05, 0.00011297496432278905, 0.00011124532677398502, 8.643591325233353e-05, 9.718896209145169e-05, 9.893618384978987e-05, 8.573409976731289e-05, 0.00011215678480609458, 9.658319956727034e-05, 9.955701773528161e-05, 9.57878702529322e-05, 0.00010038454169110985, 8.252660987614137e-05, 0.00011651375942975095)",-0.7133666100278852
0.025569068477309154,0.03234469004845392,0.0029898171957266394,"(0.03710736593491979, 0.02859601089169174, 0.0317539781804191, 0.03466487376544939, 0.03923052246832997, 0.02580620223600799, 0.031289476788874115, 0.03266599512442233, 0.03381882970646477, 0.03120137782217447, 0.03457808167933522, 0.02890548801702112, 0.03346766714929538, 0.033179900209148294, 0.030737667702170037, 0.03276456988824585, 0.03126603023753012, 0.034339723781546254, 0.030123569485539205, 0.03139646990049314)",-2.266232725140919
0.025205305530397105,0.020194181205746398,0.010266317625826336,"(0.02290032321508907, 0.014340611404456971, 0.02481111498237993, 0.013157330990990564, 0.02302138087429284, 0.014308388185219362, 0.01768357777434895, 0.01860028825786198, 0.01650747984411396, 0.01991848885354388, 0.027723330228904518, 0.011846934462914665, 0.011372336989551113, 0.028923086001164184, 0.010313642137901789, 0.031938182041891236, 0.012538924843487752, 0.025582082427923033, 0.006184168902540618, 0.05221195169635154)",0.48811311974651306
0.007316316496204392,0.01396138683907653,0.004611761569426598,"(0.008187464612917358, 0.021615648436277064, 0.013498088655113373, 0.012998917672722666, 0.014167187498517083, 0.012546285488604661, 0.009131045734430018, 0.019425561095194024, 0.014566804300743037, 0.012170502396243406, 0.013694994883247977, 0.012924828184138783, 0.011696997154425638, 0.015164352020667654, 0.012727239181688346, 0.013965964083507714, 0.007020598943566095, 0.02436909350885128, 0.008141329267125555, 0.021214833663548822)",-1.4408963349114232
0.016528374996110564,0.011848589343684353,0.009128462938316203,"(0.008062669106073382, 0.010813281645878147, 0.002976373153660807, 0.02908008498587358, 0.006455871108205574, 0.01355363612476161, 0.013156501394706954, 0.006639182642221525, 0.01690467605525967, 0.005164874632734944, 0.016468281718561364, 0.005294885057949541, 0.007212444388144449, 0.012110806766733071, 0.014132733090809592, 0.006191522957832425, 0.002112976333371799, 0.04010028255259232, 0.01474986336305849, 0.005790839795257823)",0.5126586681732669
0.0005047201530486426,0.0009425899693787034,0.0005921429595448984,"(0.000712132282579487, 0.0009017209455403317, 0.0015108625264285025, 0.00042485043001473655, 0.0010138524494216537, 0.0006334518375948154, 0.00046553437292278004, 0.0013795054403465605, 0.0006614232140925355, 0.0009708805430097006, 0.0009281025694798151, 0.0006919132102288258, 0.0028349593286872725, 0.00022652813102471434, 0.0015535820676414287, 0.00041339324091864334, 0.0014802957817960584, 0.00043317255780857185, 0.0009129641756082099, 0.0007026742824294187)",-0.7394663894451993
0.0005382154404690837,0.0005992829352330916,0.00012055959486021131,"(0.0006953311823646137, 0.0004972797390532438, 0.0006150241407962653, 0.0005621662891187608, 0.0006038190614562276, 0.0005726663201235122, 0.0007059644601684304, 0.0004897996101707079, 0.0004100046682197065, 0.0008433534776769629, 0.0005509770978700336, 0.0006275677531563622, 0.0006087331503660489, 0.0005680335104597769, 0.0007334535185552492, 0.0004714511962067651, 0.0008450425402150192, 0.000409050193780453, 0.0005844453893498781, 0.0005914954055538129)",-0.5065336760198604
0.003424281353527049,0.003117214565610198,0.0007732760955423001,"(0.0026380204594616203, 0.003477425443798989, 0.0033146043050468147, 0.002766661302155011, 0.002874149470416381, 0.003192281595324391, 0.0030822619783014297, 0.002976494913043741, 0.003389963016430605, 0.002706268894199767, 0.003352717455576109, 0.0027361621172911728, 0.00216422735468838, 0.004239083387035629, 0.0023852267893890782, 0.003846636600276833, 0.001915195985948058, 0.004783430581104503, 0.0020646619465060304, 0.004438817716209416)",0.39709851330850265
0.001752089472038835,0.0014876681104569879,0.00024457629796866394,"(0.001090943039635292, 0.0019775300844315116, 0.0013467270836414733, 0.0016016052788976095, 0.0015017069574991596, 0.001436761271749618, 0.0013439403644254235, 0.0016053452151559289, 0.0013676231629055188, 0.001577526053817612, 0.0018020964032286074, 0.0011971522199375451, 0.0012102421741364197, 0.0017826910610933577, 0.0011863714354920759, 0.001818652378490158, 0.001534732336041948, 0.001404554915669416, 0.0016954741056625247, 0.0012716866672285512)",1.0811405838505486
0.0018482321602828194,0.0019767161183693953,0.0003001054568849986,"(0.0022539590221249484, 0.0016966670337222158, 0.001915820130373839, 0.0019955368595926987, 0.0019596004470555477, 0.0019518070150971517, 0.002389592294448045, 0.0016004841695628782, 0.0018638957148995315, 0.002051848664060368, 0.001743155878533552, 0.0021938688528947425, 0.0016970455945901758, 0.002253622697431181, 0.0018974352555642777, 0.002015761308927832, 0.001719347643229153, 0.0022216596282308466, 0.0026958000356081973, 0.0014174141214407278)",-0.4281293629919281
0.0016425737693764816,0.0022349273117920287,0.0006331908141743482,"(0.0016601986216663747, 0.0027870290786122555, 0.0033186944789587174, 0.0013937947318197268, 0.0023650069952404307, 0.001956733436355459, 0.0022209771669617186, 0.0020834892798641882, 0.0017497165950931069, 0.002644586025593315, 0.003138364492611899, 0.00147436156151308, 0.0017489137790270403, 0.0026458541118759603, 0.0033900577647450847, 0.001365085437841013, 0.001692445732590576, 0.0027306158783010166, 0.0019020036147265691, 0.0024306174524430287)",-0.9355055840283294
0.0073814204191958235,0.0069009637440201835,0.0012003028007095539,"(0.007673357958971932, 0.006033102963959044, 0.008541992058372248, 0.005414317652795337, 0.005798153479684769, 0.00798786570451108, 0.006776424725067717, 0.006833308830647618, 0.008102871342865414, 0.005714273094640734, 0.005338538795017615, 0.008672065075797444, 0.006773152036212584, 0.006836554110630374, 0.00657844302668401, 0.007040550483951426, 0.00521565416292395, 0.008842496979366942, 0.008249299394340714, 0.005596853003962741)",0.4002795585344132
0.014925397491842502,0.013250173083041156,0.0020160350259562053,"(0.016395316178997553, 0.010486348401361886, 0.011180389566260286, 0.01534882622341012, 0.012580888353658, 0.013677456120176495, 0.010337638555082702, 0.016638916344339696, 0.014867018607272103, 0.01156808803479505, 0.011566428274359766, 0.014865543193404497, 0.012915481946420974, 0.01331768893128253, 0.011290251211167888, 0.015241610116119684, 0.015461387899741183, 0.011039390905221089, 0.014056031204664688, 0.012168761593086904)",0.8309500515779916
0.005148019781435498,0.005972259628513693,0.001302548914658681,"(0.0057582800974444286, 0.005925430882483416, 0.0045360583743410225, 0.007515846971567807, 0.007251687303664037, 0.004706898396804825, 0.005402312754258751, 0.006317153043747177, 0.003958945339625937, 0.008619730007952298, 0.008349614467353654, 0.004086608188964475, 0.007080967004527747, 0.0048195342271632625, 0.0062275168211918175, 0.005481097612339918, 0.005212500653323497, 0.006525115888966766, 0.005780956486435049, 0.005888938048117971)",-0.6327899380993137
0.002769091530744812,0.0020556945168614805,0.0006853616532687682,"(0.0009997103653831432, 0.003832924137997567, 0.001978935098659963, 0.0019357688294626377, 0.0035859285959557526, 0.0010687025909328711, 0.002104535919701768, 0.0018208648555407552, 0.002074958287921749, 0.0018467808008242738, 0.0017570199763564246, 0.0021808876480749416, 0.0018353522375175722, 0.002087918180808711, 0.0015633055625662517, 0.002451418582109264, 0.0025212588531377026, 0.0015181856813497759, 0.002240385754234354, 0.0017090483786941385)",1.0409059370054496
0.003118230952471419,0.0034706306615768286,0.000587244579200864,"(0.002976099611656022, 0.0039392107077276676, 0.002764600561389418, 0.004239230621205873, 0.003054813122701301, 0.003838125104389696, 0.004014989759999721, 0.0029201549952691916, 0.003018260833798589, 0.0038842926778797516, 0.003203888848750341, 0.0036592351057813544, 0.002555660598213051, 0.004587570856845554, 0.003163495285922005, 0.003706324404601775, 0.002722970380846377, 0.004300414662652785, 0.00318269652828515, 0.0036805785636209415)",-0.6000901865879515
0.00011433830265035839,9.897381071349571e-05,1.3869674136299208e-05,"(9.10653682972931e-05, 0.00010558205589366842, 9.539637828553725e-05, 0.00010078810692981461, 7.976100233379884e-05, 0.00012054605714399876, 0.00010988365964832116, 8.750056035227154e-05, 9.139376394201739e-05, 0.00010520262981499618, 7.794292469580809e-05, 0.00012335789814196034, 0.00012142313568525306, 7.91848923217058e-05, 0.00010511870150642086, 9.14668697726351e-05, 9.377762259747972e-05, 0.00010252674188916569, 8.684139703447193e-05, 0.00011071644798329652)",1.1077759856413125
0.15218514587054818,0.15075805039452933,0.006638509922646702,"(0.15107614394497587, 0.15301219768086077, 0.15464399920484817, 0.14503735739512713, 0.15089055572683507, 0.15322817884811635, 0.1614823090756614, 0.14276291949466663, 0.1520506804702907, 0.15131466202745836, 0.14874796794730513, 0.1558611016041399, 0.15906769584019678, 0.14522108362118152, 0.15335933952518566, 0.15118603713827536, 0.15668515172164854, 0.13351867683029064, 0.15552705003963815, 0.1404878997538845)",0.21497225923402477
0.028966805749444133,0.020818425950365323,0.008748250811381636,"(0.014211928125564153, 0.02618790289699329, 0.02276902041762102, 0.016379234980662467, 0.02072254071799186, 0.018006067760654047, 0.02022254416679483, 0.01826499833270834, 0.016189884020471692, 0.022800784920245166, 0.020220571595926405, 0.018449365327127404, 0.03675153080175666, 0.009836502794666286, 0.008571560288912743, 0.04203729451770154, 0.011367563550504965, 0.03238809383344211, 0.012948250422419462, 0.028042879535141976)",0.9314296051591957
0.015332929474689363,0.017295970959189035,0.010554463653640718,"(0.007754885726005812, 0.026864695057110293, 0.01039018945887533, 0.02010537205622841, 0.023216982823417606, 0.00900451919936615, 0.007500787715819942, 0.027492912355214106, 0.008620698718247182, 0.023899162469776903, 0.01519217448847126, 0.013755560810707479, 0.006329004690674882, 0.03164716643032826, 0.03892210265296636, 0.005123471207006391, 0.014631930225586395, 0.014030151566823704, 0.03581061561238772, 0.0056270359187664395)",-0.18599159075435623
0.010813374080087118,0.01197739596083095,0.005856154303854936,"(0.012835773028052319, 0.008971053584192392, 0.016093147263242864, 0.007171732054573177, 0.006471370956348938, 0.017847760495557363, 0.0050850089223696705, 0.02244802575064478, 0.005520729960213222, 0.020657299746547373, 0.005928366263324402, 0.019473594285371758, 0.012393016521001237, 0.00898106405046776, 0.00909325826584168, 0.012194068053533532, 0.022076465111144895, 0.005149588629989391, 0.010486196925637428, 0.010670399348564796)",-0.1987689907654226
0.0006967223616179826,0.0008923135218112116,0.0004023602459408995,"(0.0004830079851812684, 0.0013498312651186357, 0.0015119243837286036, 0.00043125297607576863, 0.00041810420675907257, 0.0015595574726090147, 0.0009755694983935883, 0.000668122121815068, 0.0008885772446056645, 0.0007334769528225093, 0.0005510716753408633, 0.0011831688714463143, 0.000899837721873752, 0.0007237227159911314, 0.0005453831739165088, 0.0011939406836557016, 0.001576236950126221, 0.00041343052322191117, 0.0005450863733953482, 0.001194967640147284)",-0.4861095552217111
0.00047939521822253745,0.0005963118687170642,9.991709645252943e-05,"(0.0005511982130516342, 0.000628329977956077, 0.000616834900596329, 0.0005614807280994532, 0.0004934976743446173, 0.0007018157133933722, 0.0008011954778700218, 0.0004322390851659343, 0.0006251293040643703, 0.0005539697687113874, 0.0005894904459489192, 0.0005875253682968507, 0.0006846554845071803, 0.0005056958403680509, 0.00044110734068340525, 0.0007848793607626652, 0.0005706621554058136, 0.0006068249079079069, 0.0006820582485089157, 0.0005076473786983769)",-1.1701365896883702
0.003918264865852319,0.0030892635622234224,0.000559332882612914,"(0.0029442127508361895, 0.0031435825803328697, 0.003207210564244928, 0.0028860973409823966, 0.004082135713987793, 0.002267585541945557, 0.00403842370002414, 0.0022909472148927306, 0.003479206379870528, 0.002659079119551707, 0.0036417992782476023, 0.002541724291461796, 0.0037225920877790295, 0.002482580333485791, 0.0033083347648975403, 0.002792976442701129, 0.0027697766269564983, 0.0033397013067377316, 0.0025218642986237685, 0.0036654409069087207)",1.48212509830681
0.0009603289529320769,0.0014934424103304907,0.00026376296081868147,"(0.0014602947995729157, 0.0014837229908981515, 0.0016042963623725606, 0.0013506223476423276, 0.001404058291460431, 0.0015432703647412283, 0.0020279081557710043, 0.001068190601282877, 0.002011969886577075, 0.0010766245379356552, 0.0014009106790448707, 0.0015467158688139977, 0.0012747221994026052, 0.0016982470086798198, 0.0014585271982743325, 0.0014840903181699795, 0.0014526651399191643, 0.0014910249890185028, 0.0018783041003651913, 0.0011526823666671191)",-2.021183928720348
0.0018674513305502016,0.0020157599972401587,0.0004685824299087792,"(0.002051287839183001, 0.0018894747333243302, 0.0022239097991865403, 0.0017429452846336577, 0.0025713183684317924, 0.0015075057242241877, 0.0018517227599693135, 0.002092482276979333, 0.0018839441290827525, 0.002056601956661081, 0.0020727009366793693, 0.0018701038002017854, 0.0016556720117333313, 0.0023381741839451427, 0.0017783464538404044, 0.0021766005640819898, 0.0020693861598878095, 0.001872091196727689, 0.001104139985965048, 0.003506791780064617)",-0.3165049673732516
0.0023282435878035643,0.002181961699702853,0.00032910382781481834,"(0.0020691002229497493, 0.0022530775737250033, 0.0017202936786878625, 0.0027101145867778342, 0.0016174833478869867, 0.0028824826619195986, 0.0017577123804937876, 0.002651427815362637, 0.002049745998700199, 0.0022735449351221, 0.0024326534121636963, 0.001916502425841873, 0.002379627810095016, 0.0019566991798798733, 0.002024948152566552, 0.0022991274340817373, 0.0020453966706366084, 0.0022781069863347715, 0.0022656211445533287, 0.002055567576277841)",0.44448552626079413
0.005905986544538533,0.006957926866658068,0.0014128662021508772,"(0.0063443502404295455, 0.007352343525060021, 0.008997658660532565, 0.005185437702437552, 0.00733006721565484, 0.006365886381907065, 0.007873506280929976, 0.00591884103415311, 0.007437134026856873, 0.006265017338205221, 0.004596090804016726, 0.010151345252376796, 0.009402317450618803, 0.0049423046092914565, 0.006139094566441485, 0.007566305858524182, 0.006916307047253335, 0.006734260238465841, 0.0069472202247050216, 0.006693048875300958)",-0.7445434822618822
0.02123869619338828,0.013429650311921401,0.002445592117801141,"(0.010907353050144506, 0.016061817504440273, 0.01594900835944205, 0.010989510902172234, 0.015636329881912152, 0.01121186871154657, 0.012958389287239639, 0.013494936165681702, 0.01632489496066659, 0.010708336633637284, 0.012094504337471692, 0.014491677168602965, 0.011129700008591419, 0.015625371379918516, 0.014982678971803704, 0.011597977925491092, 0.017788754678341356, 0.009819944168297474, 0.01579979720549555, 0.011020154937531244)",3.193110504660964
0.004352487227043898,0.005926007011698912,0.0011536015770264938,"(0.005470622273442205, 0.00619813911714207, 0.006154777949415374, 0.005510235440907462, 0.004743006779759511, 0.007151105769237044, 0.007046685739141657, 0.004808103367423229, 0.00786276967447354, 0.004308408348793765, 0.00443695717794549, 0.007643529395262674, 0.006567187422538325, 0.005146882078615725, 0.005257448361349206, 0.006426907614708584, 0.004988225939292709, 0.006789049673360255, 0.007502529820969637, 0.004507568290199761)",-1.3640062704412173
0.0015210326099592123,0.002039401210173527,0.000587133024429881,"(0.0022320252233860877, 0.0017324429354373574, 0.001723816348633552, 0.002243339279328096, 0.0018857594665168255, 0.002050757916162911, 0.0022961092197814024, 0.0016836557833074335, 0.0015483584093530089, 0.0024966193474161872, 0.003839061170498969, 0.0010073021461083054, 0.002587793238148024, 0.00149270477185716, 0.0015739061193502512, 0.002454009380400536, 0.0016283615914692495, 0.0023737092912283417, 0.0020877185576282354, 0.001850574007458602)",-0.8828810144305238
0.0026956193436238865,0.0035154534397373416,0.0007482394650376649,"(0.00231995984244329, 0.0051054472607885565, 0.004563905842116426, 0.0025953838553951975, 0.003635288960813888, 0.003258504377484444, 0.002636500055371384, 0.0044914415177141525, 0.0035336287580795362, 0.003350933431826945, 0.003354227095095117, 0.0035313460163725226, 0.0031010396258515202, 0.0038158297274816493, 0.003981525804112278, 0.0029716872704265754, 0.003979745803992921, 0.002974981242512944, 0.0026623071414810682, 0.00444538516538641)",-1.0956841150742913
8.725008538477668e-05,9.955523777778495e-05,1.7781191853194875e-05,"(8.573027753693508e-05, 0.00011216325917322954, 8.550171217248916e-05, 0.0001124631381814269, 7.745850150824992e-05, 0.000124141273516714, 0.00010220928330221094, 9.407923303500723e-05, 0.00010521973863876962, 9.13874859849768e-05, 9.940843659422527e-05, 9.673010369301568e-05, 0.00011916653991233284, 8.069144996729426e-05, 0.00013472986737016836, 7.13703208709653e-05, 0.000125597975769198, 7.655979405629734e-05, 0.00010432869726974404, 9.216766700244863e-05)",-0.6920319230905388
0.08995310512827201,0.09447913020869697,0.004896644771987013,"(0.10148569128642174, 0.08906154705001881, 0.09333675677077818, 0.09737630341766534, 0.09523044175080927, 0.09629367067585046, 0.09635461377779585, 0.09306322574786932, 0.10061214008186457, 0.08881764283975371, 0.09581335694740659, 0.09454525520511911, 0.09725323180442032, 0.08916211782948197, 0.08704268611314324, 0.09893590909426675, 0.08569843662957438, 0.10231767251170494, 0.09779474929959585, 0.08938715534039883)",-0.9243115012789344
0.012046841131570129,0.022110166319601835,0.014579822250151864,"(0.017998877167126594, 0.020422871343474064, 0.012788035555549896, 0.029014164251595306, 0.019292159147227792, 0.019076676475677186, 0.01339759037205031, 0.027576152580976784, 0.01671635088785426, 0.022159715981963042, 0.07743491177014039, 0.004714745209246598, 0.034007734192862404, 0.010794150919759172, 0.024935088262656016, 0.014676887616500016, 0.01976364529904045, 0.018841647799310274, 0.020747869953916795, 0.017844051605109358)",-0.6902227623472492
0.015389589606431983,0.016235179100515706,0.008458201380799469,"(0.028325353289512436, 0.00721506463080029, 0.011835363474184318, 0.01748801250924394, 0.032025209345681205, 0.006391865163972597, 0.013902984712741968, 0.014800739835126309, 0.013343909334475447, 0.015476480246060681, 0.013325769092672893, 0.015196025406333297, 0.011012908437786243, 0.018523752306440728, 0.005666930796599503, 0.03585046485846706, 0.020684978916617025, 0.010057825199865904, 0.025481758470648163, 0.00809818598308403)",-0.09997273131888916
0.022398595749494227,0.01202617302341646,0.005710512667391512,"(0.02106934163865305, 0.005484794453669291, 0.009408303315854905, 0.0124317822189827, 0.007207096382773891, 0.016058807888934344, 0.01379884036692611, 0.008429066622170855, 0.01648287281276047, 0.007080868799576431, 0.023802541119476644, 0.004813409635749638, 0.0063536426583574186, 0.018158576767120495, 0.008748779444073556, 0.013136172904037204, 0.019961720009590626, 0.0058901526682637265, 0.01368466449421515, 0.008522026267142681)",1.8163732978488873
0.0017551925568729937,0.0008347944580319156,0.0002189464378337956,"(0.0008680689086323714, 0.0007511669531078447, 0.0011669419048758918, 0.0005594320405266611, 0.0009096179022536785, 0.0007169193727412316, 0.0005729491092130173, 0.001138680413520508, 0.0010064074203988286, 0.0006485012197420917, 0.0008373501967404523, 0.0007783153901787521, 0.0011560554885523793, 0.0005640619328009701, 0.0008286610130624752, 0.0007866798417898597, 0.0011612792566054058, 0.0005628708085062967, 0.001074783836227488, 0.0006071461511621036)",4.2037591839688275
0.0006663327418535511,0.0006073318969152283,0.00016587703491512687,"(0.0011678861851754806, 0.0002964340273581167, 0.0006598831525951442, 0.0005247225145958959, 0.0007243823101493913, 0.00047793429941168247, 0.0005375473259102996, 0.000644089323734468, 0.0004873469142921828, 0.0007104694275688972, 0.0005996872184485018, 0.0005772483039116062, 0.0004782119874926805, 0.0007239418643718849, 0.0005979072322140297, 0.000578988616284839, 0.0005743491561621718, 0.0006029332922821108, 0.0005326838220013463, 0.0006499909643438325)",0.3556902555468955
0.003946851383248294,0.003109911242649299,0.0006892566108340379,"(0.003926430286341582, 0.0023520954006195807, 0.003408127771052465, 0.00271114514609298, 0.002452961264662307, 0.0037652142160150967, 0.002684281291273073, 0.0034414490006537284, 0.0027573685124343086, 0.0033507027395964823, 0.002692990543685334, 0.003428165765876176, 0.0019412455521027809, 0.004757094858875974, 0.0031506711486923938, 0.0029305503136168474, 0.0031268033425532033, 0.0029556743316734714, 0.004126170400858224, 0.0022390829663099586)",1.2142649449328482
0.0013601448498801723,0.0015057378261256835,0.00033175305389177034,"(0.0018716334798765883, 0.0011559150571138186, 0.0012988696204263262, 0.0016661662565891143, 0.0012314433366537995, 0.0017569098563497572, 0.0018652305570858842, 0.0011600786857255158, 0.0013799516144660537, 0.0015681789525444805, 0.0011984547019358094, 0.001804798176760015, 0.0020687817366194096, 0.0010457177012000625, 0.0019285261123783235, 0.0011216558887816575, 0.0012287666920694144, 0.001761480684126023, 0.0017999856932435848, 0.0012022117185680281)",-0.4388594906288605
0.0017184890868903976,0.0020176608488335877,0.00048821369305867006,"(0.001482086841799354, 0.0025967566813979402, 0.0023459265415738473, 0.0016413533132441128, 0.001678090114005403, 0.0022935865934174296, 0.0015977883061844863, 0.0024093307091491156, 0.0022819091038604818, 0.0016872504496461375, 0.0017763424517736515, 0.00216589154620562, 0.0024557463703149198, 0.0015671079696722165, 0.0025444298418867348, 0.001512257162822053, 0.0015878225917030722, 0.0024256641235834357, 0.003035587411154018, 0.0012682888532777304)",-0.6127885518099097
0.001972769202268313,0.0022030310368069818,0.00047221149502638734,"(0.001856612392980091, 0.002503723423463087, 0.002761384776378778, 0.0016843344503355536, 0.0026354249190345094, 0.001763944956945093, 0.0021991444019568134, 0.002114365145090794, 0.003381022316809184, 0.0013754994291914633, 0.0018988408424905024, 0.0024471707843381077, 0.0019487101354270198, 0.0023852885223122422, 0.001961153253728764, 0.002369744435699103, 0.002302738191046849, 0.002020569195061597, 0.0016755740077250597, 0.002775375156125012)",-0.48762437374761874
0.00730050454421998,0.006951372150550381,0.0010699685064055127,"(0.006851327551985459, 0.006894323556303458, 0.0070893137118690245, 0.006674991061256263, 0.007721821287644577, 0.006118363519765024, 0.00677471956057426, 0.006978711670595538, 0.00710080276907946, 0.006661894023706551, 0.0049739019264429165, 0.00948594913077963, 0.00644762219196987, 0.0073250002150691594, 0.005079244361215975, 0.009293300696666696, 0.006851753708916963, 0.00691485158353866, 0.006403562954541613, 0.00738598752908654)",0.32630156082115513
0.01380555207996757,0.013407502514539253,0.0017619598944327297,"(0.01311052148374746, 0.013476675579445834, 0.012660515247453345, 0.014004542489063465, 0.009427814035070415, 0.01874831739102849, 0.012842062489346778, 0.01378282186110986, 0.014028180826904397, 0.012630797957681511, 0.013317675879118833, 0.013238367633639014, 0.012853497534646034, 0.013742558882318283, 0.01206717665838067, 0.01462261244804579, 0.014381526324579029, 0.012357627747815366, 0.0152152956032952, 0.011641462218095238)",0.22591295448099288
0.005705344008662037,0.0059509165822221105,0.0008506047346066112,"(0.007519803335143747, 0.004617183185313579, 0.004387607899981498, 0.007925617648131378, 0.006161470437426692, 0.005636038497360275, 0.005650640423710303, 0.006149320705597953, 0.005739269994755849, 0.0060572346306016645, 0.00628934394483888, 0.005515265291256358, 0.0063120669021168455, 0.0055000417748964185, 0.005447658509452924, 0.0063697884099782115, 0.006912504410681791, 0.005036160391674859, 0.005895695157032885, 0.005895620094490116)",-0.288703511242089
0.0014463409369908568,0.0019905045037454288,0.00034832964294676384,"(0.0016349912872810307, 0.0023529133187094597, 0.0018633465925083255, 0.00206564014612817, 0.0024052255815924972, 0.0015995234358857824, 0.002463467938383577, 0.001562027966965028, 0.002484017527003884, 0.0015493521925387288, 0.0019800035341589932, 0.0019423046678015072, 0.0024511807210058825, 0.0015693889178067574, 0.001582671286684099, 0.0024302293436312622, 0.0021956806484787423, 0.0017536292990862922, 0.002006923963739846, 0.0019175717055187086)",-1.5622086083490112
0.0023988237808572808,0.0034550299007752336,0.00034720363481150916,"(0.0034738378768231245, 0.0034022551371050637, 0.0035603381061795553, 0.0033225288183744094, 0.0030231723678955285, 0.0039097084691674345, 0.0035678757976295465, 0.0033139147504441372, 0.0038933295552783264, 0.0030377727669812157, 0.003632768905867598, 0.0032520652846770018, 0.0036026743481494673, 0.003280640276869615, 0.002934104044735344, 0.004027238273472855, 0.0035161200498871796, 0.003367413183404922, 0.004095050921228068, 0.0028877890813342588)",-3.0420364708778145
9.336788989959626e-05,9.910320030614242e-05,1.4843449355524143e-05,"(0.00010944271756451024, 8.786312584516894e-05, 9.827467901949501e-05, 9.78502619804566e-05, 7.715651287033002e-05, 0.00012462966480449188, 0.00011240740335748744, 8.554659899334583e-05, 0.00013215208268206962, 7.276577350326537e-05, 8.267763974148668e-05, 0.00011630596204359859, 0.00010309971462587552, 9.326893339305844e-05, 9.772151991999303e-05, 9.840155407115023e-05, 9.918572094666762e-05, 9.695452308460922e-05, 0.00010299260719178056, 9.33670104840074e-05)",-0.3863866321888113
0.18082509218936568,0.1837402797164136,0.007362396583195247,"(0.17657737491878073, 0.1894122901786087, 0.19105326728762914, 0.17943138536639738, 0.18677029450411034, 0.18091260706047022, 0.1875482870539783, 0.18175382369582788, 0.1879811299454293, 0.18294440741705645, 0.17166196441247666, 0.19079068054991877, 0.17477151303788044, 0.19069232348881116, 0.19139685435473316, 0.17167358025157287, 0.17349984496711862, 0.19617189022219536, 0.1810391871317304, 0.1887228884835463)",-0.3959563294514543
0.00776725894007019,0.01542068773362347,0.0074870913533043055,"(0.005944042190037914, 0.03017616961431862, 0.029593865417497017, 0.00652939040774827, 0.019711526149066252, 0.009324111772561474, 0.009894946697585059, 0.01886056928707406, 0.01829837159520445, 0.010743737341075482, 0.007063667609526037, 0.0268201300993601, 0.023622494703721766, 0.008206124213623147, 0.015239331095736077, 0.012153567103760357, 0.01209546214450516, 0.01625403237863639, 0.012606108791969455, 0.015276106059462346)",-1.0222165634690117
0.012229146496302138,0.010751989593828445,0.00430823057962355,"(0.023309601166513354, 0.0040190133624862, 0.01275620101282203, 0.00807188150518491, 0.012582774747753215, 0.007659095890518123, 0.010279950206269147, 0.009556543419639532, 0.010214945126337365, 0.010304562360661143, 0.01200927824401895, 0.008358495923436167, 0.008646422251305234, 0.011942426410516859, 0.011981843954485247, 0.008130391856960788, 0.008131680903791193, 0.012935307343672094, 0.018658533622555915, 0.0054908425676414045)",0.34286858030768774
0.007681946758235384,0.00849804157882476,0.004657483447824329,"(0.006887096779001643, 0.007449606667377131, 0.009003780878664823, 0.006218266729649075, 0.0037965919478144395, 0.013841957449150444, 0.016265769316257988, 0.0032878879868823026, 0.00838882056545302, 0.006812201760940595, 0.003088869841950573, 0.017699425154516654, 0.010649750739453663, 0.00526534527082126, 0.01837733350212399, 0.002890653422474677, 0.007438523158037861, 0.0076722105679080605, 0.007387920176631818, 0.007538819661385151)",-0.17522226965092116
0.0005988351908907066,0.0008341524464804211,0.00027846853704661115,"(0.0013067014739275122, 0.00048012596177914767, 0.0008864112051874203, 0.0007096564992189904, 0.001547384642740786, 0.00040555855707389963, 0.0009981304093979722, 0.0006289391925940381, 0.0007279262401205218, 0.0008647073662171512, 0.0007847507142031697, 0.0008009259745727852, 0.0011217443258627372, 0.0005606372738847546, 0.0011059541533800321, 0.0005676473519415497, 0.0007315339638174295, 0.0008601311518376378, 0.0007166155306132215, 0.0008775669412376636)",-0.845040729144658
0.0005983216807481021,0.0006027793172318235,0.00014632922555138833,"(0.0005689398744301681, 0.0006035674496115179, 0.00042443820409851805, 0.0008097165816599067, 0.0006634804837406556, 0.0005176396156318299, 0.0004626242003171887, 0.0007424900959353102, 0.0009028593705402798, 0.00038072602936139045, 0.0006909405121521186, 0.0004972845419573107, 0.0004944709520724068, 0.0006950137804349175, 0.0008223435529307946, 0.00041769295309921625, 0.0005866433697145969, 0.0005859192860368482, 0.0006926744999368753, 0.0004961209909746191)",-0.030463063457928274
0.0026065392733440906,0.0030509893158138126,0.0006871934398284714,"(0.003831289130393297, 0.0023085641351144265, 0.004751878083104164, 0.0018706360280242285, 0.0023270698812252926, 0.0038064237108685482, 0.0031808329343748043, 0.0027875657251743378, 0.0031353742692253215, 0.002838383991682342, 0.002924344227112908, 0.0030355758191863047, 0.0031169419234796563, 0.0028522407858246773, 0.0036590438048046212, 0.0024222001722147943, 0.0023740846505808295, 0.0037483923703522143, 0.002513777724538217, 0.003535166948995248)",-0.6467611835477651
0.001444391139409725,0.001507853949810348,0.00038672273458713406,"(0.000995968703769906, 0.0021380967419599457, 0.0012560279163555557, 0.0017000006427626856, 0.0013041619479854725, 0.0016339752203156331, 0.0017413242049683867, 0.001224419432268867, 0.0016828554530917922, 0.0012696333010959579, 0.0011618290688881652, 0.0018364679783299692, 0.001152477723921065, 0.0018527923988705397, 0.0011171072321222335, 0.0019082467199245032, 0.0010360839037027976, 0.002062080663561155, 0.002033864467585534, 0.0010496652747267919)",-0.16410416229699026
0.0026739470417319862,0.0020079186052223363,0.0005347859974312135,"(0.0014192823019261568, 0.0026535497462711576, 0.0011147909391034598, 0.0033899270313547903, 0.0024750691097073707, 0.0015227872338447915, 0.001969086793685038, 0.0019153418085613265, 0.0014490156523290613, 0.0026101424173553016, 0.002300119153718724, 0.0016414118760772346, 0.001798014356453894, 0.002101718096622945, 0.0024170862167097493, 0.0015600784354451837, 0.002072804921498472, 0.0018244265144680464, 0.002227937103373919, 0.0016957823959401026)",1.2454111358727513
0.0024869714020301584,0.002141125066608108,0.00022643621756214774,"(0.002110896451030966, 0.002144059662301432, 0.002543546235965105, 0.0017851479742625178, 0.0021866036853063044, 0.002071108133979754, 0.0021888990121674986, 0.0020701639219784652, 0.0020989152052202, 0.002164992102465334, 0.001937682929243527, 0.0023411543606689134, 0.0022638611296575666, 0.0020054979293251756, 0.0022941136679323995, 0.0019750208636947035, 0.002542645414153215, 0.001786872681100321, 0.002483515056061864, 0.001827804915646917)",1.52734548892175
0.005452290937416641,0.006641405980122316,0.0008290898911318084,"(0.007746074212974607, 0.005572359434098919, 0.0076013709810164275, 0.005734653907800044, 0.007689657526218123, 0.00562359961909957, 0.006179004592322966, 0.007010986914991108, 0.008119314123525824, 0.005381508815185317, 0.0065783146289824426, 0.006607918484532358, 0.006864200916732179, 0.006348516494144349, 0.007137697256673127, 0.0060675802647912344, 0.005807416122796995, 0.007519923995419343, 0.007125155878482186, 0.0061128654326592195)",-1.4342413958061757
0.012802960189111248,0.012311379956965686,0.0015730744560024437,"(0.011439603761852449, 0.012882611375118699, 0.011631880835675242, 0.012903401982594664, 0.010051148144863787, 0.014712259548975204, 0.010835499238145365, 0.013692562332325877, 0.009609314801653212, 0.015687822787282115, 0.010652631101927462, 0.014016276777680983, 0.011043847712158588, 0.013582390702627838, 0.013009807092160654, 0.0113981879241075, 0.012745530976063965, 0.011816058653592998, 0.011619430792872289, 0.012897332597634845)",0.3124964811867735
0.005216502173284102,0.005761928575095467,0.0010999947047801116,"(0.005723024590034204, 0.0055744313998372305, 0.006119806668812979, 0.005254506560613524, 0.007118265295207527, 0.004488105874696352, 0.0039054228681935643, 0.008191841695778785, 0.006286720217426562, 0.005124731520861579, 0.005794839741291386, 0.005536559968804101, 0.004969285601909596, 0.006469103795161777, 0.004377558240167974, 0.007306963707130219, 0.004520390144530061, 0.007123868190103795, 0.0053782206264555285, 0.005974924794892568)",-0.49584457037945084
0.0015871573826968892,0.0019789942704543668,0.000415190143661763,"(0.001777498949132144, 0.002111609065749188, 0.0020678783150692914, 0.0018200715932675346, 0.002063358733839915, 0.0018199656637677777, 0.001706825918424391, 0.002201212184330488, 0.002022878522059097, 0.0018617826340005244, 0.0023773645677104857, 0.0015818917029508342, 0.0024842921905681315, 0.001514843410006495, 0.0016922202200689968, 0.0022200572452860715, 0.0031046174941387105, 0.001212893794415268, 0.0016296242537395134, 0.0023089989505624734)",-0.9437528653779645
0.002740890588417022,0.0034659005379473295,0.0006500862319354814,"(0.002798755865205056, 0.004147514852672336, 0.0030152517226819968, 0.003858391113920709, 0.0031636832772377922, 0.0036700404073593857, 0.004239150210984711, 0.0027397853257313735, 0.00371189704813342, 0.003135930936979744, 0.0033299460706355706, 0.003491340431642589, 0.004071621605277139, 0.0028567929463095072, 0.0038216526271087556, 0.0030391785691013936, 0.0022625326399820186, 0.005143362742151412, 0.0034377184795563983, 0.003383463886275274)",-1.1152519679916282
0.00011338268122737253,9.877241265319916e-05,1.2413131397544698e-05,"(9.865106172530491e-05, 9.742863473841205e-05, 9.494621921377224e-05, 0.00010123189903557204, 8.083411111901387e-05, 0.00011890314846987708, 0.00012530793335509721, 7.670238023485705e-05, 0.00011597513343802388, 8.287653152431742e-05, 0.00010286267108965002, 9.344036176647794e-05, 9.757407593470863e-05, 9.850516153292102e-05, 0.00010225224719171356, 9.399725824379474e-05, 9.897462329856546e-05, 9.711128353990342e-05, 8.563590433503415e-05, 0.00011223761327696686)",1.1770010407739067
0.022444238407358964,0.020561510308574848,0.003660613930277859,"(0.019886390667950705, 0.020447340979661943, 0.018791591330002577, 0.023694958127561352, 0.018822169604648154, 0.020806667021789495, 0.017743438770336486, 0.02083674895480352, 0.01933620949829905, 0.02335369089724211, 0.024713263742811332, 0.01685545787955276, 0.01773607683377665, 0.023740333796090474, 0.014261131655736529, 0.02598767243562329, 0.02753690334411385, 0.014387351539941657, 0.018396576445062495, 0.023896232646492533)",0.5143203120142221
0.026623348666831706,0.019603270877557394,0.009181202319509496,"(0.014390877327350593, 0.022312360781311217, 0.021870447255899757, 0.014528200839823358, 0.008216394898830557, 0.0390278511950584, 0.01594585462714323, 0.02013308399420939, 0.006926765765030739, 0.0463137122067628, 0.023225855280875285, 0.013824080007387166, 0.022073183201826236, 0.014526992099080671, 0.018620514893595414, 0.01721576694751875, 0.023158912440450367, 0.013784376258372363, 0.01646523379337255, 0.019504953737249087)",0.7646142133647436
0.02298254179506505,0.015137687129072342,0.007146854282175524,"(0.017433782838200903, 0.010785808493901245, 0.03443738970086698, 0.005381664143575542, 0.012756826068650756, 0.014713116680997897, 0.011741096066858721, 0.016010374004331158, 0.020305687535968935, 0.009248383870119697, 0.014999364920938878, 0.01253449450421128, 0.024204273696143863, 0.007753939345696826, 0.013603960634968014, 0.013790421937631494, 0.025933991561505297, 0.0071928072174185734, 0.008978358247090309, 0.020948001112370503)",1.0976654002248263
0.010788561350074765,0.011226723949130152,0.004863788871986326,"(0.01039413944294255, 0.010152896345011833, 0.016425210803414872, 0.006338192634132964, 0.005837002341880041, 0.018048470999998612, 0.00997924176489036, 0.010570826251557868, 0.012022823845338286, 0.008766343889542469, 0.008242179908457908, 0.012800613753432931, 0.008685305810931023, 0.012128212126104645, 0.019902898355286667, 0.0052905570586700545, 0.00528986388575428, 0.019801265544884452, 0.017992171883819776, 0.005866262336551457)",-0.09008668151264675
0.0011598269523567751,0.0009556720991209021,0.0006507386218619528,"(0.00045517456716534944, 0.0014230547708555836, 0.0002047168011821712, 0.0031598421486170895, 0.0008773821053471346, 0.0007380807269943685, 0.0019197490938416232, 0.0003373064545434034, 0.001405476489777895, 0.00046072870900690585, 0.00100785277495992, 0.0006425048413462179, 0.000873313246148077, 0.0007414742752588513, 0.0008069729510961191, 0.0008023660602147766, 0.0007153315418733134, 0.0009048961012202083, 0.0006687208464974144, 0.0009684974764716192)",0.3137278876297929
0.0004709190408072518,0.00060133175277001,0.00012961773500934611,"(0.0004638044106076763, 0.0007458313137379633, 0.0008033895927548815, 0.00043049524326406994, 0.0005431360720033357, 0.0006368768065100627, 0.0007979833466410953, 0.00043348390217126545, 0.0004930625688626211, 0.0007015551184128855, 0.000596421407394699, 0.0005799819578764127, 0.00043332364409445496, 0.000798269126681346, 0.0005506361319455238, 0.0006281942466033434, 0.0007553981004776259, 0.00045788560586939724, 0.0006074079811988807, 0.0005694984782926568)",-1.0061332421319875
0.002522544127766001,0.0030850649249040876,0.0005648922650853033,"(0.002910284349932718, 0.003170490053313457, 0.002032752475282139, 0.004536428364263599, 0.003501272080004976, 0.002635133576167705, 0.00338911368401546, 0.0027225120170527345, 0.0040123837894004465, 0.002299512361063149, 0.0030730320673994027, 0.0030025604940222624, 0.002946247142104024, 0.0031315391424170617, 0.0029923963405690404, 0.0030831930210209126, 0.0030666358838784217, 0.0030078375113630307, 0.0036819042695292207, 0.002506069875282002)",-0.9958019111009445
0.0012372842619605064,0.0015093888581183248,0.0003598954910596809,"(0.0010883636594033316, 0.0019828938486730363, 0.0014426186417019033, 0.0014953908949648, 0.00142819295162338, 0.001511003062798182, 0.0010389553884544282, 0.0020771626322634374, 0.0017416777011014038, 0.001239051266262557, 0.0014874454183840355, 0.001450869227489857, 0.0021136191013176532, 0.0010209951885243947, 0.0018943140638631015, 0.0011391834901720355, 0.002004285412929842, 0.0010765210841586228, 0.0013187579120242806, 0.001636476216256219)",-0.7560655882534959
0.002303020940246003,0.0019838078281460845,0.0003223594611376407,"(0.0020847362066133846, 0.0018409423953244424, 0.0018672863007553188, 0.002054115440261316, 0.0017128655362168542, 0.002240447647157248, 0.0015321117499303696, 0.0025048714857847814, 0.0022569353036069337, 0.0017003693319027503, 0.0022087907753205187, 0.0017374978835679401, 0.0022701026136505327, 0.001690471755598194, 0.0023797162828865497, 0.0016125764176795458, 0.002309501047351874, 0.0016612517671648506, 0.0015753209684261948, 0.0024362456537220974)",0.9902396255825142
0.0018145349088104345,0.0021912520238867674,0.00040646587150644406,"(0.0023912171905533324, 0.0019442192284512964, 0.0017945759159058254, 0.0025888561119314867, 0.0020821789397152323, 0.002232574462836208, 0.001674475199314565, 0.002776250020240831, 0.002107469179206365, 0.0022057876347850677, 0.0031023008413984215, 0.0014985000116968846, 0.00192460822539414, 0.002415316388063586, 0.0018942139502736693, 0.0024540134106445562, 0.002097490394283857, 0.0022156854717538302, 0.0017158096273538548, 0.002709498273932331)",-0.9268111826465129
0.004275764055724038,0.006991975250698535,0.0014540884592543952,"(0.01071055902627159, 0.004387500897079558, 0.0067909318543156695, 0.006905029913589349, 0.005844398811451972, 0.008038237360927956, 0.006505388864758711, 0.0072221550728996066, 0.006869860280303914, 0.006838395253266227, 0.00521079537144239, 0.009016680543835642, 0.006978061143988124, 0.00673194982835013, 0.005158307567011403, 0.009106150573590691, 0.007752708065025983, 0.006054542908313131, 0.006625146997658859, 0.007092704679889758)",-1.8679820871195645
0.008896312740073015,0.013406608111170587,0.002438162855586122,"(0.012177417949346634, 0.014322563239224267, 0.013120780351927406, 0.013237855798202209, 0.01149742830677605, 0.01516098629598557, 0.01587306792450307, 0.010983553947785977, 0.011246580200425993, 0.015499236541979388, 0.018960213296870466, 0.009195619682013522, 0.013966214547088301, 0.012479615593051724, 0.012954899112345705, 0.013451824493729392, 0.009863820206738459, 0.017643263260046668, 0.012185174474400862, 0.014312047000970125)",-1.849874531868922
0.004180533017357986,0.006086228752760424,0.001706561814529058,"(0.004936854040617991, 0.006974357131887623, 0.0033970634159628645, 0.010116822697839064, 0.006974169713288055, 0.004935705486992114, 0.005346297477984101, 0.006438997494155328, 0.0052696241479477, 0.006532222530838425, 0.008607830426974994, 0.0039993255165014915, 0.004253686366415719, 0.008091954666740066, 0.005478944673691361, 0.006281914995211346, 0.008070936685933443, 0.00426191728594934, 0.00622578724716191, 0.005530163053115531)",-1.116687200649883
0.001848743723732208,0.002040965201045314,0.0005899243602108467,"(0.0028709020907118064, 0.0013395926170440633, 0.0023798190285356925, 0.0016150209147890522, 0.0019297827182843065, 0.0019927144588070948, 0.0028324954958046248, 0.0013576693559612682, 0.0013495775681461647, 0.0028494116032005833, 0.0020335372536639572, 0.0018910984396220197, 0.0013729118058866297, 0.002800936046960594, 0.0012521339200837372, 0.0030710369391880902, 0.0018516781324572076, 0.0020762696315370886, 0.001730963899550349, 0.002221752100671956)",-0.32584088787993715
0.003887306639701575,0.0035213807056559466,0.0008417451562254011,"(0.0033658152743302563, 0.0034967400879305772, 0.0037614739174929392, 0.003125746829530936, 0.0035444414482368536, 0.003319915157819732, 0.002047865639609754, 0.005745911240761654, 0.0028014137095716514, 0.0042003081730758, 0.0026890161173526157, 0.004375931633376214, 0.0034616096403573375, 0.0033992035737742806, 0.0028970703810428577, 0.0040613563032497095, 0.0032980228466270253, 0.0035667758441753137, 0.004835023273923648, 0.002433973020879772)",0.4347229459407084
9.483352170309375e-05,9.988847611068803e-05,1.980557552367055e-05,"(9.587991417026876e-05, 0.00010029128171478433, 0.0001056290647993103, 9.103239622193224e-05, 6.598449600520312e-05, 0.0001457291238481149, 0.00011666689978974194, 8.242132409890691e-05, 8.565305257853532e-05, 0.00011226507799151701, 8.366222608485406e-05, 0.000114936474513333, 7.77896161184162e-05, 0.0001236135337091017, 9.910878426034318e-05, 9.702298063781339e-05, 7.413430041858383e-05, 0.0001297077670890645, 0.00010155150415445232, 9.468970400948295e-05)",-0.25522885722522287
0.1796074386332705,0.17474829813096257,0.004430408136995803,"(0.1673966932961989, 0.18411082779708973, 0.1665516849491219, 0.17590372936168094, 0.17458597607891196, 0.17662236463060368, 0.17553569993927948, 0.17464607741766847, 0.1769965648473405, 0.17343067193457928, 0.17115648025473826, 0.17866347665051363, 0.17444921333669894, 0.17620124743572563, 0.17419084375884336, 0.1756026528983587, 0.17965096942497222, 0.16801243650960018, 0.18059549356890903, 0.17066285852841617)",1.0967703994880353
0.007763372631695805,0.020183955206815016,0.010241280602925942,"(0.04352982721855493, 0.007339867587628548, 0.017771538480838917, 0.01843361659245367, 0.006983758075494704, 0.04498308250332091, 0.016903201467263308, 0.01942271638572761, 0.01717262516992152, 0.018924547259511256, 0.03278683052147523, 0.009877785556185611, 0.02007644535065857, 0.016252135458738343, 0.026736695205007127, 0.012348546400426503, 0.021955716786955005, 0.014851301713780452, 0.014102449857019222, 0.02322641654533889)",-1.2127958462119124
0.018962107222647948,0.01508688304855866,0.005088521939920545,"(0.01859560535670385, 0.010731703583704778, 0.012128819407726659, 0.01704260157674297, 0.0132973089422293, 0.01465244704432469, 0.009203458194056638, 0.02252714789969348, 0.008203667535777259, 0.024911597220247324, 0.01684569965136338, 0.012074653010893424, 0.01866401296477895, 0.011012171884204319, 0.016004155198109434, 0.013057668409466408, 0.009975215202956076, 0.020584632053022297, 0.008837123834379786, 0.023387972000792116)",0.7615618483802387
0.007375476979725327,0.011032571709823625,0.005642235602594924,"(0.027421388140851946, 0.0034582005661698166, 0.016391862393261618, 0.0059658919410056285, 0.008636613730300556, 0.01074985781614538, 0.010051178083041972, 0.009754389279017187, 0.008989720540804567, 0.010768837981434392, 0.0139478716834899, 0.006913347765992177, 0.01810049710868875, 0.005375430539344514, 0.00967471693159845, 0.01020448509220439, 0.005476300164909902, 0.01775182730628331, 0.006951367708510956, 0.014067649423417062)",-0.6481641299091377
0.0014717807668630809,0.0008832780050682919,0.00040583810931292205,"(0.0006947176381049189, 0.0009305020508417956, 0.0010635485452393462, 0.0006084067435244907, 0.0006654223532209802, 0.0009707818768519392, 0.0013824816073896176, 0.0004680790176702505, 0.0009093742066359921, 0.0007113027092653977, 0.0003574700553851077, 0.0018093391351057487, 0.0003531096850010175, 0.001832145958196711, 0.0006916925455193826, 0.0009357120039889045, 0.000609620582046083, 0.0010611986276337932, 0.0007669999532909703, 0.0008436548064533863)",1.450092409485929
0.0006416225172801339,0.0005960856037241563,9.949342607835003e-05,"(0.0005565061052318884, 0.0006216502706020791, 0.0006093310457698348, 0.0005679096590922202, 0.0004817641753333918, 0.0007179553384642041, 0.0006589052993455779, 0.0005251916140053472, 0.0005509468279315716, 0.0006280318927212973, 0.0004785888443520643, 0.0007229646105905608, 0.0004901713619592937, 0.0007059334479909571, 0.0007498647040800328, 0.00046151240537863487, 0.0005567152968158427, 0.0006215480092138725, 0.0004539923594478264, 0.0007622288061566288)",0.45768766189755855
0.003198952958292901,0.0031082119663402856,0.0006734112758027772,"(0.0026136572027604795, 0.003531252429072551, 0.0035887742215364414, 0.0025751970206407005, 0.0038166979545854276, 0.002415986781480151, 0.0032645055354389935, 0.0028313166568720103, 0.004265001976252446, 0.002165955420965934, 0.0022236289343301923, 0.004153643910387699, 0.003389185203146671, 0.0027262596119310653, 0.0026302781641375193, 0.003515075590700062, 0.003233276021843175, 0.0028576169596938187, 0.0041282849409139365, 0.002238644790116433)",0.13474825149674313
0.0013650333870119026,0.001482266572617198,0.00018449942728639412,"(0.0016237762091666657, 0.0013325771117289314, 0.0011993119460826775, 0.0018056039259080519, 0.0016224369693730385, 0.0013329618324127547, 0.0013869659930565998, 0.001561407623151688, 0.0012683193400634825, 0.0017069249879902272, 0.0012894014578103852, 0.0016788544044309542, 0.0012916026665641173, 0.0016763694080197157, 0.0016392688345903351, 0.001321318975259755, 0.001407122714943501, 0.0015387109526970378, 0.0013124861203770131, 0.0016499099787170256)",-0.6354121924905324
0.0022159758140005716,0.0019965784396228543,0.0003963707721569797,"(0.0015496781669292485, 0.002477555619247324, 0.0015615747042822259, 0.002461256938718576, 0.0018753903437658866, 0.002045747563756385, 0.002373803447822024, 0.001619235661167814, 0.002978291424265105, 0.0012900225156111786, 0.0022621678793697973, 0.0016981955154339841, 0.002290682019482313, 0.001677555112757227, 0.0018830618632762117, 0.002041701391750079, 0.0020320389465379703, 0.001891017914721977, 0.0020180648701901742, 0.0019045268933715793)",0.5535155207933106
0.0023755657039406406,0.002218836140608354,0.0005504660712979646,"(0.002321136560837209, 0.0020029066844235296, 0.0019055053060822475, 0.002442344859222451, 0.0025839794823715886, 0.0017978156109666418, 0.0027561196752054263, 0.0016886985190623376, 0.0017106398662888312, 0.002719562387668698, 0.0022603834857437316, 0.002057916457000931, 0.003683367174878745, 0.0012632563800102298, 0.002257570253992171, 0.0020620999933794377, 0.0022802742127766536, 0.0020404908033098555, 0.0029819469921377522, 0.0015607081068086121)",0.28472156869310417
0.008118286172752445,0.006871878585705947,0.0006287715875163191,"(0.007986903738616328, 0.005853087918406061, 0.00692858778627418, 0.0067694794194050004, 0.00634439203178926, 0.007350899326698051, 0.006700481882562699, 0.007001601224342308, 0.007718027253011601, 0.006070011505815809, 0.007349941882818179, 0.006371810495894067, 0.0075360221737700425, 0.00622017828259547, 0.00682453925672116, 0.006879344248852661, 0.007625026549376598, 0.006146908322751748, 0.00753753660531828, 0.006222791809099425)",1.9822899313403672
0.011814483911956426,0.013425063948074925,0.0023784993169229953,"(0.018397764424444695, 0.009475022244407515, 0.01398649978621911, 0.012542553105066013, 0.013159195824808689, 0.013186777439854932, 0.011783234501788436, 0.0148945869013504, 0.011969791518616163, 0.014623233180523179, 0.011473977284654761, 0.015245110884280415, 0.012758798469106478, 0.013734003568206966, 0.009336693660671753, 0.018823771892419957, 0.0119218893927167, 0.014695084159584074, 0.013057335186224131, 0.01343595553655414)",-0.6771412649393005
0.006679765802022948,0.005947851484059092,0.0007711555288876968,"(0.004648464955131789, 0.007476839038439748, 0.006278641273833874, 0.005550684576618278, 0.0051036472846772195, 0.006796616142438412, 0.005606093352082956, 0.006217790782852947, 0.0065944476782965125, 0.005279783913080521, 0.0052314327364001035, 0.006653544154247509, 0.0057124632610901106, 0.006097857989860657, 0.005605743907720386, 0.006221904504619059, 0.007234926793086137, 0.004814237787713498, 0.0055329223831397075, 0.006298987165852437)",0.949113752733587
0.0017960926596701243,0.0019760509650492333,0.000247404560168248,"(0.0018792623894146974, 0.002045917030011431, 0.0017322291126367034, 0.0022215961668063376, 0.0018017454434139095, 0.0021325396774005806, 0.002032057879106857, 0.001893923486208649, 0.0023440688854370435, 0.0016411972145985896, 0.001875773577084255, 0.0020507393719270644, 0.0024301084233701547, 0.0015833402319563171, 0.001743060819999803, 0.00220837427773603, 0.0020034091774137957, 0.0019205128162884339, 0.002328313686905399, 0.0016528496332686093)",-0.727384754980781
0.004971626615522315,0.0034623467977799496,0.0005042754052000082,"(0.0031475038702454394, 0.0037309365677337227, 0.003074079220197829, 0.003823236478698456, 0.0041529126032443155, 0.0028259799539963474, 0.0035693684181111436, 0.0032928956280160724, 0.0037257386125959936, 0.0031535696018503145, 0.0035262428976550212, 0.003331736206724131, 0.0035255041500530625, 0.003333159246725551, 0.004349155776167653, 0.0027029158992198524, 0.003835426457528439, 0.003063739610530017, 0.0026534352359283194, 0.004429399520377299)",2.992967339233504
0.00011579009397041122,9.981341312569191e-05,1.9423091115771907e-05,"(8.912289820383994e-05, 0.00010788747560717389, 9.371212901896909e-05, 0.00010260473204920402, 0.00010132011929308835, 9.489928646840789e-05, 0.00010245712114814632, 9.384719193147273e-05, 0.00014460442046026993, 6.649373180458414e-05, 9.039808522782339e-05, 0.00010636597757192856, 7.847345796770128e-05, 0.00012252925917092915, 8.636376933314964e-05, 0.00011133504558453309, 7.228585528446931e-05, 0.00013301765174369152, 8.377595504610919e-05, 0.00011477409959834659)",0.8225611850085977
0.0851478673634378,0.08836753016171163,0.005449565352127143,"(0.08309671830281512, 0.09043148859703282, 0.09013020943467233, 0.08814773660550757, 0.09492919363324878, 0.07714959152118964, 0.09439874710455205, 0.08451949588046999, 0.09465348161968207, 0.08258413194279482, 0.0822381791184032, 0.09424710438136298, 0.08632189595563106, 0.09085332546983974, 0.09539413596666363, 0.08224216791097017, 0.09413718088461802, 0.08338973089988538, 0.0911170192855403, 0.08736906871935247)",-0.5908109344935362
0.02627484681465994,0.020518006663649037,0.010723158687316433,"(0.01857200443049832, 0.018191087790417095, 0.020533810962540727, 0.01684983819715355, 0.03250918101856568, 0.0106216316739131, 0.018523691571430505, 0.01809550122056284, 0.0495503785752978, 0.00588165454776695, 0.012079584790476102, 0.028816090871631894, 0.018544532714988803, 0.018603129775087435, 0.015978134045955508, 0.019603373876263507, 0.0073112776080451174, 0.04284950068042274, 0.020043360661152913, 0.01720236826081013)",0.536860482892994
0.013391831433108244,0.017042644982572477,0.00730888033992068,"(0.015824587892064756, 0.015939811146837447, 0.01763015729233394, 0.014687812656904846, 0.023402940983556504, 0.011019951131541353, 0.012983487154674433, 0.019252427905347633, 0.020455706239658172, 0.01052528364462128, 0.009983504575052341, 0.026098540755546507, 0.021114449449459616, 0.01221057788964534, 0.005960027552850514, 0.03906225409230551, 0.014476436833977093, 0.016082159863367126, 0.022868249032973197, 0.01127453355873196)",-0.49950380628393953
0.011053847746527836,0.012797041418300592,0.004903080652283962,"(0.01969598490540809, 0.00730267678708385, 0.010540353267120715, 0.013975219703800428, 0.015222207662206803, 0.00962616123826428, 0.01568973960944651, 0.009088740509848118, 0.0058196012080715155, 0.021480766147588586, 0.008849937663813322, 0.0167319445529992, 0.008720307021809814, 0.016808206860301367, 0.02045180832928559, 0.006555986364439723, 0.008156253682638904, 0.016435988190556763, 0.01503371799299203, 0.009755226668336283)",-0.3555302870575336
0.0006205896953435126,0.0009029684528136556,0.0004006758719527277,"(0.0012821080859251421, 0.0005247124692468107, 0.0005955261215860794, 0.001130443247726898, 0.000551874368989102, 0.0012192994051948196, 0.0017913223835217275, 0.00037540817045928117, 0.0006168993136890197, 0.001086585481119562, 0.0010909405934942423, 0.0006171998495205218, 0.0005663803269026878, 0.0011881333227058187, 0.0005648282241404975, 0.0011891238850042104, 0.0004465919054669006, 0.0015038306216853395, 0.0006043086358354454, 0.001113852644059002)",-0.7047560815028522
0.0005908565313303001,0.0005976912622341697,0.00010572488170352736,"(0.0006449258940259927, 0.0005379566034720618, 0.00062603427500699, 0.0005543011092684353, 0.0005261211193397646, 0.000659502946717335, 0.0006075622788480186, 0.0005709890135695846, 0.000574527064449026, 0.0006032265790318322, 0.00045288805251388975, 0.0007662461636244454, 0.0005763372813657915, 0.0006020507151614353, 0.00041060341587362216, 0.0008445260094581834, 0.0005021879030726829, 0.0006905019616646304, 0.0007241876599048477, 0.00047914919831482566)",-0.06464638024410828
0.002695458454740825,0.003114785575125234,0.0007135657838637067,"(0.0027784579360525165, 0.003330356315836019, 0.005111992003370775, 0.0018119198923209686, 0.002581648912250919, 0.003587233479091377, 0.002570377067796542, 0.0035987057492278297, 0.0024286089639715147, 0.003787271664782334, 0.002748934673053535, 0.0033702793154061464, 0.0030000287205358637, 0.00308693982648185, 0.003235038164565238, 0.002851650508454866, 0.002520493649480304, 0.0036600710787928043, 0.002439588288430465, 0.0037961152926028036)",-0.5876502627604997
0.0019439972206397665,0.0015143974157562326,0.0003758485515290938,"(0.0012707778603164568, 0.0017052417719882224, 0.0013241876350367056, 0.0016374053128470963, 0.0020738382126065957, 0.001045357426247365, 0.000880994931432564, 0.0024591724457906964, 0.001662179753287008, 0.0012993613756252884, 0.0014227884750992402, 0.0015241149605244864, 0.0011595284494063818, 0.001869669924334935, 0.0014752218236648057, 0.001466490725811381, 0.0019403717437248798, 0.0011149316205652765, 0.0013479151559248601, 0.0016083987108904015)",1.1430130650650632
0.0028568572733017475,0.0020129576753371587,0.00048153100123997004,"(0.0024978727805749727, 0.0015371506884077543, 0.0015911282460833467, 0.0024150264331498947, 0.0029784864354055747, 0.0012897576531767793, 0.002341398815601531, 0.001639361181105818, 0.0022527293338458813, 0.0016969838320111234, 0.0020209083012056738, 0.00190171180400785, 0.0016373091570778724, 0.0023463485540758263, 0.002838616203879221, 0.0013497523541830079, 0.0023553701658636547, 0.0016266411907105143, 0.002181279850348883, 0.0017613205260280007)",1.7525343036928023
0.001969875132251704,0.0021908373735715493,0.0004073183729900724,"(0.002161588041401971, 0.002150400580279903, 0.002630421078364313, 0.0017685156869032207, 0.002280335079005258, 0.0020393108129208677, 0.002101371409996752, 0.002211272315792862, 0.00229298960962721, 0.002018529967365498, 0.0023902241288998294, 0.0019465085623809704, 0.003005896083358326, 0.0015471585765739486, 0.002482337074292158, 0.0018687164174232029, 0.0015703961712095346, 0.002953791579345979, 0.0017714864945914412, 0.002625497801697752)",-0.5424804181991344
0.006644212428864363,0.007006909240874579,0.00135602011621597,"(0.008614203013187948, 0.005510142713154713, 0.004857372942406271, 0.009795829802777432, 0.007887647374590877, 0.006025784209290259, 0.0063085417002439435, 0.0075160093056377275, 0.008291490689554884, 0.005649145030185299, 0.006256089068045932, 0.0076090147954870615, 0.009113245910413096, 0.005216422867888455, 0.006257612441680826, 0.007537286685823038, 0.00802069259911966, 0.005879809043042285, 0.006867616068543449, 0.006924228556418415)",-0.26747155714941484
0.012863187728868278,0.013378232071217536,0.003188838533196532,"(0.013411862806289228, 0.012689036253561374, 0.014006666059520743, 0.012209475415092017, 0.00975049788283853, 0.017500407914910327, 0.016192397558106447, 0.01048792867686678, 0.02013853572771354, 0.008230933449562848, 0.013436013650195847, 0.012739017115262553, 0.01872759276734749, 0.009115101885501624, 0.01319198670993782, 0.01273912882222254, 0.015347652888377736, 0.01094740912411635, 0.010620970110526437, 0.016082026606400512)",-0.16151471358224295
0.004977091509461681,0.0062121572402196144,0.002096323459737791,"(0.004495467446388767, 0.007847467824835993, 0.005242107818648567, 0.00674352748022487, 0.005811095538469474, 0.0060775021609503314, 0.0025841884006638344, 0.013639288730077477, 0.005535051760732661, 0.0063035766093577595, 0.0060524563449157924, 0.005842766156539549, 0.006199824684260604, 0.005697392081451763, 0.00519970328267358, 0.006748986706221105, 0.007235444382662679, 0.004849641874190458, 0.007292962676043146, 0.004844692845083892)",-0.589157997073799
0.001978355427930938,0.0019869157417779725,0.00035612888174484314,"(0.0022789447098197787, 0.0016806713640792324, 0.002489627256376841, 0.0015394914851923247, 0.002261791677038766, 0.001694029482102961, 0.0020188222467816186, 0.001896656693421754, 0.0023232359240631796, 0.0016426104446417976, 0.0015514266643381798, 0.002470770813552543, 0.0024574251256251774, 0.0015592568849023922, 0.0020580717083390943, 0.0018578026408272172, 0.001789341690893005, 0.0021367432609071834, 0.0015348246195231582, 0.002496770143133253)",-0.024037123316406204
0.003953156751929814,0.003494214221201003,0.000698367286067804,"(0.0038115487451332707, 0.0030847943214308113, 0.004542054494566224, 0.002590188619405064, 0.004256365303154056, 0.00276301198561918, 0.00392312789456623, 0.0029961111971192893, 0.0037785418217981563, 0.003102257958025632, 0.003038507690741567, 0.003872427229274737, 0.0035573117666270688, 0.0033061352495760625, 0.0024355544283530023, 0.004820923994052989, 0.0027978017715650488, 0.004196481951008402, 0.004230679548317959, 0.002780458453685314)",0.6571649902344542
9.093521945801105e-05,9.885297145106882e-05,1.2990265340884975e-05,"(9.743644266244195e-05, 9.868136401737486e-05, 8.30723427245036e-05, 0.00011574489387095385, 9.652574311106837e-05, 9.961239106610793e-05, 0.00010033988482539992, 9.582554850620925e-05, 0.00010627774532018128, 9.047012916684332e-05, 8.727341909238759e-05, 0.00011017363541525548, 7.228624263757932e-05, 0.00013301500967241467, 0.00011009690221974099, 8.733295467481214e-05, 9.717661895056979e-05, 9.894432900699863e-05, 0.00010643534078185, 9.033849129868343e-05)",-0.6095142620480429
0.02432726599139058,0.02303904085463089,0.004533558126931441,"(0.017055805009059066, 0.030044459499563938, 0.02303368353959159, 0.023314863807565013, 0.020481557356495397, 0.02497028373372742, 0.024008648125175325, 0.020794093674460945, 0.017648371146475186, 0.025780443938709586, 0.028823268397506464, 0.01943583680731431, 0.01702331945095317, 0.029035315449737677, 0.027156475985274743, 0.018688644434000767, 0.02981314778059443, 0.016414476284323656, 0.02165417657178369, 0.025603946100305378)",0.28415321932392024
0.014643343338741432,0.02088948236831951,0.010051670710215562,"(0.011438185854324032, 0.031046263133741363, 0.012376392731868484, 0.028522934499505853, 0.016339981310059367, 0.02169131551405795, 0.020267421780855485, 0.017566627838382528, 0.017183013440122477, 0.020109963671631773, 0.03235316698257722, 0.010507064682647973, 0.00862962228671453, 0.04018894094790875, 0.017478032423603806, 0.01986651989004933, 0.008538296793344426, 0.04122282141263149, 0.031440421643275714, 0.01102266052908763)",-0.6214030691664121
0.011944893714547248,0.014855206817308021,0.009763085504541734,"(0.012194949366899816, 0.01320921893261709, 0.017732358224889617, 0.009017070494859988, 0.009584226778470062, 0.016766362428592876, 0.014996543820942378, 0.01077669520545372, 0.047785771142730235, 0.0032575846013082246, 0.010427551776968306, 0.014622255777590533, 0.0065728505802436265, 0.02378842733676442, 0.005855166490480419, 0.02674513485989639, 0.016104429183211234, 0.00989134387331231, 0.019945056880378405, 0.00783113859055076)",-0.2980935792692701
0.0075773299915237345,0.010868123006867915,0.006267438950246214,"(0.010485801699390233, 0.008850603760699075, 0.013200863572837692, 0.006981390569351076, 0.008252603109373396, 0.011219061281071922, 0.006121835114703278, 0.01520717508130275, 0.008127869283653262, 0.011055808455760898, 0.0027592873114644016, 0.03192976549465198, 0.008527822397114058, 0.010579494861210034, 0.019140841014544045, 0.004720529990804551, 0.009753881105854947, 0.009414441840108275, 0.015042637282681019, 0.005990746910781364)",-0.5250618380917619
0.0012194071927212713,0.0008836810975715638,0.0004464822252356833,"(0.0006927367817794268, 0.0009081973898583524, 0.001051122924520342, 0.0005984241844747011, 0.0007514080561421047, 0.0008372130508147626, 0.0011358350892179876, 0.0005539579685983172, 0.0010799837497968553, 0.0005819272176083859, 0.000626975415748719, 0.001001708019514399, 0.000621909761224779, 0.0010106603466418116, 0.002028423301411406, 0.0003098781310335969, 0.0019597415752098347, 0.00032091247270640025, 0.000684641363823076, 0.0009179651513060166)",0.7519360820522893
0.0006253886180521746,0.0005976859569466644,0.0001134253595204391,"(0.0005442570407996526, 0.0006344348328873334, 0.0005621286428120162, 0.0006142265009809398, 0.0007785619491414403, 0.00044349344246778517, 0.0006318555291278243, 0.0005464950844251379, 0.0004822187792225284, 0.0007158443016016485, 0.0007141933892956206, 0.00048324219142418634, 0.0005895890816898339, 0.0005854984656320001, 0.0008122615836590377, 0.0004249973257596243, 0.000570591480683439, 0.0006050929594184053, 0.0004534229606664626, 0.0007613135972383673)",0.24423692569842106
0.004101933369427149,0.0030404024470199356,0.0003173858701786808,"(0.003192980960403146, 0.00286785094601328, 0.0034652905579448355, 0.0026416278723025077, 0.0028013710136601104, 0.003268402031153442, 0.003219247055819124, 0.002844861212151026, 0.003319145534234053, 0.0027546963726492245, 0.0030928271574382038, 0.002953578169504419, 0.0032235117328707915, 0.0028369703140822605, 0.003170568061389706, 0.0028845383075984474, 0.0024452618326486772, 0.0037429500432066046, 0.0027183338419747376, 0.0033640359233541132)",3.3446067457558724
0.0015799357529379511,0.001494539499996255,0.0002941147653089922,"(0.0011994400867447318, 0.0017959948521050085, 0.0010312074536350452, 0.0020886056020315152, 0.0017479440573427382, 0.0012323326959101167, 0.0014737320493111007, 0.001461846829390238, 0.001276923053245012, 0.0016855540605388887, 0.0011018111032884941, 0.0019523970067808598, 0.0014657339163817033, 0.0014685790158320876, 0.001863717910227075, 0.0011550217847594944, 0.0015604167344133988, 0.0013801264509906161, 0.0013254548106261708, 0.0016239505263708049)",0.29035010483741025
0.002265429705242292,0.0019721509529699796,0.00026946774791341313,"(0.0020819751578378563, 0.0018370165239535554, 0.0017348155892970315, 0.0022040799241430614, 0.0018712195150396903, 0.0020437327951119536, 0.001739647908510887, 0.002198758880110761, 0.0021761494012914355, 0.0017554748355804494, 0.0018665957327619442, 0.002045105352596393, 0.0022559279263649466, 0.0016936096570914275, 0.001919724370011657, 0.001990331145240746, 0.0014208536566119104, 0.0026907320624280813, 0.0018329203808435434, 0.0020843482445722615)",1.088363095558843
0.0021090037252660264,0.002171085548042254,0.0003101740914019317,"(0.0019370498374073049, 0.002388303807908143, 0.001933768226252954, 0.0023917735505021463, 0.0018482230247214469, 0.002502849226352859, 0.002347863266787262, 0.0019706445088713545, 0.0020944401656887214, 0.0022062745343550973, 0.0018225960099210574, 0.0025334778353790243, 0.0020318292648873284, 0.0022745254382028745, 0.0024643217279413554, 0.0018754583142875849, 0.002456588969904189, 0.001882468423924715, 0.0028213243648301896, 0.0016379304627194776)",-0.20015154230203064
0.007343221808891027,0.006866474457139213,0.001044773590185165,"(0.0070401890442759515, 0.006566121418702761, 0.007013877786429201, 0.006585764876963548, 0.00545104341320739, 0.008477826242127878, 0.009125358536237969, 0.00506758753532185, 0.008108510471281494, 0.0056805093383720685, 0.006463728809422935, 0.0071096506123917574, 0.007275025342062415, 0.006333585067925069, 0.00611309246571351, 0.007538881160038452, 0.0071628865818026575, 0.006445769585282361, 0.008041213466923979, 0.005728867388300988)",0.4563164270522191
0.015353667404620953,0.013021954688714902,0.0019881542685875383,"(0.015160681367890843, 0.01098343529960076, 0.010389934264032844, 0.016003715099872237, 0.013154324236085663, 0.012651549319025781, 0.015128746737607718, 0.011014211050615416, 0.0157895333720628, 0.01047421107438594, 0.01387301519423677, 0.011869432764973457, 0.011939475522298874, 0.013861194323839365, 0.012928161073297582, 0.012805834378362066, 0.014411727198135884, 0.011527510915985304, 0.010110612355987049, 0.016361788226001667)",1.1728027109096468
0.0059314645090537965,0.005914125423803208,0.001065839638748536,"(0.004379830043600913, 0.007756484797317729, 0.004508116370745084, 0.007531050347084503, 0.006281711853352575, 0.005406750401010675, 0.004698355561134442, 0.007232816902118774, 0.005008104960051421, 0.006763178232495638, 0.005422135343336981, 0.0062348394369179825, 0.006009434810374444, 0.0056379050296468764, 0.006461935258452966, 0.005243950865855146, 0.006406762689471687, 0.005297150873375593, 0.004538928845752562, 0.007463065853968166)",0.016268005636333273
0.001636255513626788,0.0020135060073059683,0.0005249032081026673,"(0.0023492993345317352, 0.0016193158831436032, 0.0019504876379526602, 0.001950004629724913, 0.003070328985968108, 0.0012389359660051915, 0.002541628888966472, 0.001496930963530618, 0.0021568163452753775, 0.0017620632610629427, 0.0018884380573753914, 0.002011194496300314, 0.002346435319458378, 0.0016198274378649593, 0.0029464086584934106, 0.0012900536384612262, 0.0026946352446204553, 0.001411308669514539, 0.0021927821034777454, 0.0017332246243913188)",-0.7187048733095048
0.003163495020512458,0.0035410998318862854,0.0009301359267626543,"(0.002798199707921234, 0.004220292314636713, 0.0031524131991902517, 0.0037454507996974333, 0.003361545258312985, 0.0035127769242627614, 0.004096743087424323, 0.0028828359242307113, 0.0033908960754573565, 0.003479503113775917, 0.0041338754644893805, 0.0028525000075837535, 0.003843998307341886, 0.0030696334387676216, 0.002998284576486736, 0.003935619144330157, 0.001818120630434825, 0.006493244609139776, 0.00275788031796915, 0.004278183736272735)",-0.40596734359899833
0.00012205078952537171,0.00010048964881922982,2.313724233930312e-05,"(0.00014513333402650728, 6.622547325048025e-05, 0.00012013202674235781, 8.000795517231381e-05, 0.00011808249904687925, 8.13966759825038e-05, 9.205233067267702e-05, 0.00010441372748581789, 8.722496758230022e-05, 0.00011019160001439623, 9.18333418250274e-05, 0.00010466156979120026, 0.00010517506421287323, 9.13854679092289e-05, 9.29178837280895e-05, 0.0001034404318986057, 0.00011770766058860886, 8.165568551176602e-05, 6.258792568997434e-05, 0.0001535673552529886)",0.9318803161566099
0.09470932160440941,0.09074650158115667,0.0059567456609358315,"(0.09376119480732878, 0.0898903280219146, 0.09597692925140348, 0.0881553333113493, 0.09930816376816896, 0.08502127201621892, 0.09055739826050822, 0.09288987083865789, 0.08141213935099288, 0.0978668503500526, 0.09136121539124142, 0.08591800612030226, 0.09965196916498796, 0.08169409309728447, 0.08870148048427845, 0.0907535883763245, 0.09581893551541314, 0.08608507985008634, 0.08156212880846159, 0.0985440548381577)",0.6652659436579271
