4.4787992969579475,4.181921182127694,0.9080272386223261,"(4.795262483850507, 3.3786780452765206, 3.6129262792699777, 4.657524863513128, 2.919052335431495, 5.832836686510356, 3.9234119558092875, 4.270366952440268, 2.8192369385688347, 5.860447421632978, 3.1479626288246236, 5.3947312369837865, 4.579963163911943, 3.7708516456834307, 3.6260007148719144, 4.716907885871085, 3.9849449733109585, 3.993787216293299, 3.3141681584127047, 5.03936205608679)",0.3269484682867902
5.3901970553381116,7.055342196745601,0.6588818503975226,"(6.93171417687207, 7.066215118591077, 6.309579623458828, 7.835130678036381, 6.151318411017706, 8.054063817637571, 6.696570259960923, 7.376411400660984, 6.982796941568241, 7.04545316525365, 6.2672540195980355, 7.90765961161858, 7.7827605007109, 6.390217745954057, 7.423683215755742, 6.6873934034473, 8.170556533133146, 5.977514227481797, 7.124113513260103, 6.92643757089488)",-2.5272287291004583
9.304751425747142,9.101775002590221,1.1136303234799614,"(8.113314370862192, 10.04141745751539, 8.435034877474417, 9.689679319297337, 9.760210916129122, 8.377697791796685, 8.529311611792176, 9.581046374012129, 8.788590443907731, 9.281864773466255, 7.832937021623635, 10.444891477777798, 8.925097680584479, 9.17517127012671, 12.243700119880808, 6.6859954400366775, 8.98290344999789, 9.066468513482938, 9.247660905043404, 8.832506236996617)",0.18226553181727637
39.59290988725653,39.99411635377419,0.837528388340299,"(38.76472209318157, 41.2457093408801, 40.13500194931747, 39.8370602799171, 39.36438921007924, 40.616829358942084, 39.410500706751066, 40.56944366362073, 39.12826912474909, 40.86219899410587, 40.35287127520807, 39.62186092923815, 41.14787164558726, 38.856176420425335, 38.704037799559195, 41.3097055579639, 40.46588257537019, 39.511912825724934, 40.49017197896505, 39.48771134589726)",-0.4790362596696139
22.391212338291133,19.979928719577764,1.9122540115187654,"(18.56838222296906, 21.316738536718507, 20.186436318693158, 19.605087523142203, 18.355234851796858, 21.55996866830457, 18.818552418633416, 21.03054197619089, 18.180816976308556, 21.768800059503565, 18.647283577004945, 21.222594216044424, 21.423749186343795, 18.47082404314185, 20.80166158141345, 19.02401014981176, 24.964232289671255, 15.85668263606056, 20.322993284301933, 19.473983875500455)",1.2609640791383467
7.875177437982813,7.588505336142892,2.0504001915404895,"(5.8805790980388455, 9.086246776798356, 8.153085619041157, 6.5894068944109385, 5.125545233534953, 10.494142340286782, 8.530268579153049, 6.295238267353676, 5.5573269214507155, 9.639215953861047, 8.700254800003275, 6.184188786173802, 11.141018752778667, 4.839015327327749, 9.352470328054933, 5.758751341860547, 4.962278803710642, 10.751098187155842, 6.604941066224729, 8.125033645638137)",0.13981275607692012
9.74886681917753,10.353395878638723,0.943366710500485,"(11.42998580458658, 9.299216982209469, 11.753723569956387, 9.048942774598748, 10.025537302349255, 10.60878884733901, 9.64560299197652, 11.026675594616904, 11.179177519499317, 9.50951171310236, 10.078560788431503, 10.555477276136614, 11.851685070270038, 8.977128968651531, 9.712055794089723, 10.954951423396304, 11.633746072997809, 9.137524614695133, 9.928317047493996, 10.71130741637725)",-0.6408208523072343
18.38559846326214,13.91986315540535,1.574989531279868,"(17.450502292693674, 10.972496610336705, 12.420351037436738, 15.412035297356992, 12.902869484572644, 14.832653108404413, 14.065829772679356, 13.61017649733031, 13.576009460135136, 14.099438703707687, 14.564897237686035, 13.142685468781723, 15.778695946274556, 12.12848708800169, 11.659732175485736, 16.416092462731516, 14.235861082109022, 13.455880813234204, 13.747470438539422, 13.9250981306094)",2.835406343449055
15.704436644117557,17.97218202574757,2.0247498397341293,"(15.83471289384396, 20.166139901578344, 18.37341396091906, 17.3696035155602, 18.469621161323666, 17.27560369396503, 15.074034403651357, 21.17316766754162, 23.05586483784889, 13.844030884782116, 19.135670791195142, 16.67577282108319, 17.76022467626687, 17.961657970130112, 16.856449259315657, 18.928167154413465, 17.450427865476232, 18.305737553693838, 18.065006919321675, 17.66833258304097)",-1.1200126243387147
17.577481773881097,18.3840047556471,1.5284051965335101,"(18.371151354581688, 18.306423180637275, 17.77686295936454, 18.881977809886163, 18.59842107349278, 18.036146741323098, 17.694022531001547, 18.975350414899523, 17.564335961459367, 19.120208383607267, 18.04183034188514, 18.59738492739189, 21.180116001997426, 15.825926501999543, 15.951721886563293, 21.02541903678788, 19.935750436881346, 16.88943635276186, 20.631643782547965, 16.2759654338725)",-0.5276892433990895
16.903551414515533,18.20527697837051,1.84066474842116,"(18.025178810290416, 18.27055854353221, 16.82650380493439, 19.49621498137849, 16.735129315796208, 19.577051341788682, 18.885941343568597, 17.3793713717622, 15.50543565104032, 21.179169484163854, 14.480061225044599, 22.637583832619598, 17.705559129313496, 18.476357702218912, 17.16236371592034, 19.08360730109112, 16.905115700583607, 19.526853923610926, 17.74179961800339, 18.505682770748777)",-0.7072040494998008
15.989070210398324,19.366368259534983,3.5502078344727774,"(18.95867453374817, 19.31417616196526, 18.772451675116717, 19.32873560465067, 20.605079627211854, 17.558097923457684, 18.876421788410525, 19.245005927661275, 26.0281314579986, 13.976217380038475, 14.854159674543574, 24.380527129372403, 18.460128916604003, 19.528470870136076, 14.881083810373838, 24.289290135575627, 25.50195894506922, 14.433408956972908, 17.205557713770517, 21.129786958022247)",-0.9512958695946891
16.173954297035376,20.03463204402062,6.075103119723833,"(22.498472789466025, 16.548162038119866, 9.213843885502914, 40.28489427398244, 16.823047103318174, 22.042490473471045, 17.85935875314912, 20.791500633569758, 21.2857498564661, 17.452966973712794, 22.335998328077373, 16.60722841800423, 15.644581375081096, 23.67460756761872, 25.709239260358224, 14.418955883169035, 20.1297927500342, 18.52686588641722, 17.01131291309475, 21.83357171779918)",-0.6354917226756053
38.63672415220905,36.696683962992324,3.703256136365286,"(36.69117380311596, 36.397922094892216, 39.092256574609316, 34.11037657867939, 33.35403662067535, 39.96549339696926, 38.47909516928763, 34.658707388754515, 35.64233010126815, 37.43281091878079, 35.844224871223105, 37.186810418766456, 29.80538728359138, 44.69469294918808, 35.14415840476896, 37.91642355874559, 39.042746196964615, 34.22351514487, 43.79272111741957, 30.45879666727624)",0.5238741577083719
104.00927815317839,100.24980404041804,12.627554622324599,"(83.31149582474589, 118.84012860892292, 129.9691310369152, 76.1773109278878, 105.43473371991729, 93.90348885315095, 95.99269055902252, 103.14017571686324, 96.73612560902913, 102.34768056597062, 89.05123547197881, 111.17965410339386, 93.8972393072638, 105.44151910629934, 92.47850015145846, 107.05922128051787, 93.10521074913527, 106.33951802409275, 112.88440306214689, 87.70661812964761)",0.2977198852194127
4.385326690412322,3.7885184029502295,0.9148481802239966,"(3.8099200246087173, 3.588660230612109, 3.7917583761396076, 3.5843914214604244, 4.757606531050923, 2.8570979128486256, 4.628691824894756, 2.9458561221025867, 3.7964190670220126, 3.570722807623735, 5.265695938236223, 2.575013207111768, 3.1516516073633287, 4.335924967490341, 3.0173436607121307, 4.512154396618111, 2.2437712622590684, 5.944118893456513, 3.8012460287649317, 3.5923237786286863)",0.6523577358113853
6.637887084209365,6.862996101853111,0.7220135239555383,"(7.110538920837632, 6.568028750723623, 8.046143968070396, 5.792738422240998, 7.453579245286445, 6.253095692106726, 7.551518477531606, 6.178967193291551, 7.46028841831395, 6.242691440834104, 7.31401243659852, 6.367790220174803, 6.989173651069368, 6.6809227638219015, 7.419617926229888, 6.285769797541044, 5.656748560458886, 8.19023903568138, 6.375108375997544, 7.322948740251861)",-0.3117795029800689
8.384736469502306,8.94507095581316,0.8784031403709093,"(9.247308682296554, 8.579639364553943, 8.601885708777548, 9.217304188413626, 7.2656877554521895, 10.911883429960984, 9.734221648681613, 8.148139765088459, 10.205228751385773, 7.767425804306195, 8.942677124922362, 8.86397842746968, 8.334998237442205, 9.518208580664453, 8.208424428827403, 9.661320325887562, 8.205714192647708, 9.644543853431037, 9.432365936298197, 8.410462909755676)",-0.637901278533966
39.84657340613382,39.99862576447077,0.9312225207415806,"(39.10143243712195, 40.895190577213725, 39.380583655649474, 40.60545939841258, 37.97572733800473, 42.107600564937385, 40.146126861842056, 39.831071265480766, 41.26525479983275, 38.750978842151355, 40.67798542873399, 39.31042576570138, 40.2049271439294, 39.772766267714964, 40.62099614477788, 39.36547418308968, 40.19037539705699, 39.787745351175765, 39.50728949098348, 40.47510437560514)",-0.16328251835647753
19.8967073246387,19.968294478121656,1.6354210347277338,"(20.353898267023357, 19.46543675388297, 19.43546592222836, 20.386273208649204, 20.062560046738124, 19.749000874613113, 16.37190663658741, 24.200378899245504, 19.927328507397096, 19.88350833968087, 19.903464532472373, 19.90730082904485, 17.768020768983025, 22.29846950544956, 18.271464552110572, 21.684723964515875, 18.75885417415781, 21.124801481460818, 20.16612099908013, 19.646911299112062)",-0.04377291961080419
10.616772725725282,7.743556267438868,3.284120430254521,"(9.380275662996018, 5.515774017151729, 10.630612623903765, 4.8591420645895145, 18.477645585729565, 2.795481091497264, 7.115937649055874, 7.265674573252843, 7.030613696230597, 7.342597978266465, 5.283577586627848, 9.770703273167468, 8.016214361249538, 6.453447540418369, 5.216537316296943, 9.907330148068406, 8.067289870151859, 6.3721957610629945, 10.39351191533951, 4.976562633720793)",0.8748815761496718
9.778149984511685,10.383495116561425,1.3675265465102555,"(9.6958732009779, 10.939540897864198, 12.221598249815822, 8.67717731975543, 9.356174166857079, 11.334295621908113, 9.338679576024909, 11.357104349832976, 11.877616740826511, 8.92805654408009, 8.672186887982319, 12.227922837789388, 10.002790355718634, 10.603742066904935, 8.330507827398295, 12.731129195837152, 9.104912362510992, 11.64221722931876, 9.752143208358332, 10.876233691466634)",-0.4426569514094622
17.414015982319995,14.013309774346192,2.0972417278906024,"(10.328211434930587, 18.61351655570286, 15.046070009735011, 12.778233645864214, 17.32634881616819, 11.096182639667918, 12.02454494613064, 15.988428994598813, 16.74749861211991, 11.480770872959626, 13.945213505102648, 13.787596951293478, 15.159331423242126, 12.68175358663599, 14.034567061329284, 13.699056232448667, 12.979387149564122, 14.818446338045652, 13.831093189354014, 13.89994352203011)",1.6215137066694836
16.29283234526043,18.04003772666038,2.278108505266519,"(19.597170747976, 16.35375306339702, 22.681711597445968, 14.132347615844406, 19.66053272931148, 16.30375366775617, 17.27744794857619, 18.551038134008905, 16.765874963655733, 19.12057610025341, 19.853326284657623, 16.14689011181943, 15.862737689810622, 20.204206111100284, 15.89314363944736, 20.1679073463308, 19.492199924297957, 16.45457354327423, 15.210598287100051, 21.07096502714395)",-0.7669544173865165
15.853829993834255,18.512495992637977,1.6461577391178823,"(18.529696021010217, 18.345907282506204, 19.236592503661146, 17.68201368159417, 21.637104211999393, 15.719545528073361, 21.68516809485227, 15.680571097992116, 17.329816845296303, 19.6327787802124, 18.960669329304547, 17.943502756528087, 20.013041268214522, 16.987253643869956, 17.32923887840887, 19.625330046511408, 18.998726087113475, 17.93684645391339, 19.83556577738932, 17.140551564308304)",-1.6150736564458317
17.68756578174431,18.66644734321658,2.6722130008794376,"(24.643457323839872, 13.851191857269255, 16.265852407047, 21.008402925070257, 20.04414097664787, 17.04681051642877, 15.627588563483458, 21.853455601365, 18.11814685896868, 18.87021064147801, 18.23644506834383, 18.7465843527398, 21.384688262990693, 15.963961732991187, 17.22674475175728, 19.83104575386202, 16.79729528920692, 20.416202292205284, 15.835700351384556, 21.56102133725177)",-0.36631868834936165
32.48763986793969,19.93462036766401,4.219148628395748,"(17.928654148877555, 21.179389878338732, 22.647462537916663, 16.81436153706202, 21.87294093106762, 17.406448246376538, 14.521770362032408, 26.182564674129907, 17.540406658620636, 21.737626415681078, 15.890554158792844, 23.991048005461725, 18.52087122781834, 20.50873905400965, 14.133600561863569, 26.923043645734587, 20.980240047370877, 18.314752252451843, 13.54473063207781, 28.053202377595717)",2.9752494178070075
23.20276189359507,20.02790179553031,4.9430630878055215,"(14.47577751460723, 26.153507131184423, 22.0175105330868, 17.21141798613133, 22.76963673735016, 16.641817319658635, 16.64475406807581, 22.755417941995063, 18.34119084338806, 20.67006047249483, 21.270392847951573, 17.82265320535549, 21.096827995121988, 17.94738358076579, 16.681518651784927, 22.7112946127822, 13.543438047619928, 28.06478951417497, 11.889849123588048, 31.84879778348892)",0.6422859756528507
36.460906723406985,37.0952484467206,5.193279431444818,"(39.73112612890401, 33.98234913103678, 37.18325394169537, 36.32963044044383, 39.18790793848554, 34.47130828371046, 30.705730506133307, 43.980856934711156, 39.29380479275837, 34.385054600603766, 38.8095378957439, 34.8138169637932, 39.82918766067464, 33.90050740410215, 36.31949869599914, 37.18771630913437, 46.543634383699924, 29.066765319985997, 48.12586600770894, 28.057415595087132)",-0.12214665736504347
103.69671795140839,99.85365007526016,8.5642525436184,"(91.92042371864382, 107.71452149299094, 106.3766160538316, 93.0766879291256, 104.15206136717492, 95.06469237897889, 107.45602503963552, 92.14162285864104, 96.44068887993446, 102.66610415752666, 87.89913174101387, 112.64263380957304, 106.11756100304395, 93.30374950238114, 112.42596830487167, 88.06841669826521, 110.1652440549203, 89.87621722118821, 107.22162499382831, 92.34301029963392)",0.4487336001098968
3.3976687264259544,3.9712319276240944,0.8386157092466932,"(3.200380146363377, 4.7237969682518655, 4.674531878200575, 3.2361136829727255, 3.0423480047987446, 4.958373118833283, 3.7977191738279914, 3.987643859811978, 5.29452032388336, 2.861393934327554, 2.6053052928010305, 5.804608664205137, 3.681793173385625, 4.112260288185732, 3.835468956697322, 3.9400250284456644, 3.5163004328602807, 4.293862546693146, 4.499829792880767, 3.358363285055719)",-0.6839404447996293
7.159121359217931,7.0596222024322515,1.3368220469799612,"(7.049374692703783, 6.834935451902836, 6.013570793047367, 8.014258907746822, 9.945748075849524, 4.840239323678339, 6.995164896229743, 6.892728897802733, 5.561356592509346, 8.671738975877112, 6.351930697342935, 7.586359348179264, 7.189412256711686, 6.706598117380098, 5.970751114021659, 8.068262334012037, 5.045203365837283, 9.545667365443345, 7.392974299592442, 6.516168542776678)",0.0744296198663537
9.32665848443364,9.00939801918077,1.0950424342707383,"(7.042744456929166, 11.364992442126445, 9.106001921883902, 8.790765479135736, 8.971302595210487, 8.918926526522293, 9.754420593549536, 8.207793698461073, 8.764361993403199, 9.136212765636996, 8.9187060383105, 8.974875744877314, 9.193136272072064, 8.709611915366542, 8.18718054355517, 9.775626228467543, 7.6800231010220354, 10.420556563990672, 10.984635330937262, 7.286086172157484)",0.2897243570877278
39.42226304551273,40.002269875519566,1.1242134113824394,"(40.17098484178631, 39.80437164258651, 38.52405082176969, 41.50603347433943, 39.301224781983336, 40.685303831019006, 40.75762925000539, 39.23142692022298, 39.02617502490436, 40.97202315348715, 40.97806660343597, 39.020400075075706, 39.06594587292511, 40.93033533183522, 41.90757694197042, 38.15493606132583, 38.57714633966976, 41.448969598593386, 39.41607256598751, 40.56672437746807)",-0.5159223543629551
19.564625090591214,20.00202205805263,2.091426015419737,"(19.0528741521387, 20.782727345238197, 16.185396159148212, 24.464669428699413, 18.534008897754273, 21.36471501657906, 19.719661001769865, 20.079921072241465, 18.134064128226083, 21.8359663648357, 21.141618081684904, 18.729410182893933, 19.232447298990127, 20.589057003875777, 20.189106915670422, 19.61307797463204, 24.212552966665534, 16.35421718392529, 19.180319195322983, 20.644630790760644)",-0.20913814987313062
6.0604004518631145,7.420615088300529,1.66818666804935,"(6.662887181372803, 7.883740651668521, 8.713878132790366, 6.02915210698348, 7.228137277227439, 7.263044265199405, 7.861792067695449, 6.684564366935947, 4.79542541632718, 10.960622912097929, 6.397739050133804, 8.211142410915217, 6.409536726404954, 8.199315558578954, 4.772335972296429, 11.005589371962577, 5.977286853447813, 8.785416607746606, 8.029468675082736, 6.541226161142985)",-0.8153851499292617
7.425962623483559,10.471128856051074,1.8993910893103412,"(11.42550954333324, 9.31172004789541, 11.406589601449836, 9.327492198672696, 9.68197343130125, 10.987380833575362, 8.48357086436894, 12.542002088820833, 6.624442791343357, 16.062961117428802, 9.520850305636815, 11.174694837692549, 10.387238832585734, 10.244041413860499, 10.834938098715934, 9.818991368388959, 12.234741719678343, 8.695598722026006, 10.875110254271789, 9.782729049975156)",-1.6032328727377563
12.352179553209131,14.012945909921967,2.1762713216304403,"(13.736879308154652, 13.974965383226733, 15.138108215158072, 12.681561347683491, 14.093519354382899, 13.621018689874328, 14.703988263717276, 13.05617240278831, 9.971951468089165, 19.253221799494195, 14.967419718114039, 12.826024986809918, 15.976270520554216, 12.017618809736698, 14.805320191920229, 12.966262815106077, 15.187765406224344, 12.640480131391058, 10.701087001073411, 17.93928238494019)",-0.7631246803677983
15.751130684306409,17.89183951218693,0.6409523236438198,"(18.5305391142352, 17.25376343117527, 17.88497147982454, 17.876537470430634, 19.28207086623862, 16.581668023920358, 17.835076474930133, 17.92642081020036, 17.497933723430197, 18.27293649283342, 18.849769918412473, 16.96146750744263, 18.067676603166348, 17.697277663763366, 18.347463596703076, 17.425856316815967, 17.810398825707036, 17.952561543671038, 18.503189193865754, 17.27921118697226)",-3.339887771543712
15.264022333034777,18.59000323631862,2.9178218321060942,"(14.978944383578819, 22.535239651652084, 20.92350333306055, 16.132703062855153, 23.025522050216438, 14.661173649019933, 19.403782256871214, 17.395771718477047, 18.36598479951657, 18.382184862415947, 14.367471664459847, 23.49389652499347, 22.14365014310446, 15.247726333381248, 21.155401522891367, 15.955765551463665, 17.946726549678836, 18.812539777191706, 16.90762217560079, 19.964454715943155)",-1.1398848506398134
18.819994028750155,18.49216399868143,2.261798254892871,"(20.08599953652705, 16.782623645866554, 22.609659827972504, 14.909249756335086, 17.371239249424573, 19.408397584795626, 21.46343908865333, 15.704657709070341, 17.09679745295688, 19.72289021776553, 17.941340314604776, 18.788105170685267, 22.281995182889414, 15.136115136059962, 20.198861149038557, 16.688514614243687, 17.976474053706873, 18.759516531198454, 16.552637906188004, 20.36476584564618)",0.14494220665328633
15.091362701631953,19.840369027015402,4.393477585051353,"(15.806767012145288, 23.74810805184522, 19.719655380973947, 19.035103712962574, 17.395298620321974, 21.5890477175434, 15.404402275710279, 24.363598861017287, 27.22737169900105, 13.795943832263616, 16.18587823463126, 23.189668132701605, 14.916844142481537, 25.193306246249914, 24.620931856674797, 15.245931279661713, 16.290023669057504, 23.066546775435032, 15.017930250119829, 24.99502278951016)",-1.0809219424589236
17.994087804983426,19.80973490137407,4.42320779017578,"(18.852480507212388, 19.88309955203295, 13.801256967348138, 27.15990253000593, 19.281697834929343, 19.443356755620144, 18.257979110042758, 20.529179624302408, 15.65749279957668, 23.94557493257815, 31.59753140578594, 11.862760568720123, 19.465420472349518, 19.26423284264752, 17.360690251651473, 21.59141061798436, 18.780875705579824, 19.965496957311924, 23.63375275586172, 15.860505835940033)",-0.41048198106887734
39.0829410839471,36.99003313637155,5.098736930412836,"(36.41178717617505, 36.90414477157638, 44.20330088603326, 30.3985624400389, 29.739255128192234, 45.18967688364971, 37.331307382495034, 35.992625674529954, 40.63335643372736, 33.07157961168844, 30.803773833540134, 43.621842281935585, 33.47004737377586, 40.15269727859474, 29.356741156891413, 45.77337880715164, 34.69848441959953, 38.73330126862698, 36.72164709542818, 36.5931528237807)",0.4104757660846974
94.49099819019818,100.3795852414137,13.624932235838576,"(106.5877423456247, 92.89032876187565, 89.12516323589894, 111.09061885079234, 111.96258640739522, 88.43110316905313, 103.3886242945639, 95.76457510839867, 80.22847573357379, 123.40969510923051, 94.6356785030148, 104.62195430406832, 120.877607419854, 81.9090865423579, 82.4008530188858, 120.1561692391388, 86.35146494192496, 114.65905033211025, 102.60396653300971, 96.49696097750267)",-0.43219202483270797
3.236763053821094,4.006939862097265,1.0503136705551728,"(2.954889440616627, 5.098606186593025, 3.4289255258881206, 4.377391003189487, 3.470939426589629, 4.3683956966882, 6.55448489003844, 2.2853717049958218, 3.00297110626676, 5.069752056536263, 5.134411082311008, 2.9189257350888087, 4.8268530224721475, 3.105059278235752, 4.940695369661648, 3.033666893466343, 3.590583531580149, 4.218990033940912, 3.5873705900519695, 4.170514667734171)",-0.7332826658050371
8.045478679573494,7.027494803204071,1.2203528719043484,"(6.6150390713866205, 7.263593337673216, 5.491397358582383, 8.734830951177498, 7.32513860666762, 6.578459713911141, 5.877233546212485, 8.15434917541725, 7.812595815731317, 6.179068173226466, 6.974232342202068, 6.8734052136151265, 4.600431235523755, 10.419974336158148, 7.607396725361773, 6.301736492703228, 6.660911988878371, 7.231400149514766, 6.712472084430472, 7.136229745707717)",0.8341717381964029
8.67655147258233,9.032870319492174,1.2818529825531058,"(10.332770233093513, 7.749076224951789, 6.726769312642491, 11.891874621538184, 10.495140694005038, 7.641018267321941, 8.968600657175521, 8.915531241137819, 9.62777901173925, 8.337083731636085, 7.8002907755271, 10.25234569560457, 8.953813199652698, 8.931316072068446, 10.305571716971476, 7.760386943572929, 9.799697243197272, 8.18134290443994, 8.023870812113605, 9.963127031453809)",-0.2779716954748994
39.85878225423226,40.00007907825317,1.0005550327375663,"(38.93487178791411, 41.07002316882444, 41.43070850329631, 38.595834589254984, 39.34906083527021, 40.63783663280181, 40.323813351578025, 39.65528716362226, 40.0166229578476, 39.95995495620626, 41.91166480725571, 38.15293654704465, 38.74103199686695, 41.27542541496144, 39.71297712153953, 40.26526829335733, 39.25621616836597, 40.73392493977767, 40.25762941560101, 39.72049291367703)",-0.14121844316180954
21.322169627780163,20.12335894298026,3.059586895416763,"(15.221957289599741, 26.026930912809927, 17.4217940198085, 22.739443316824676, 25.613203680077383, 15.468921107914312, 21.048323405252823, 18.82134100738988, 21.182271069473664, 18.70533551161672, 20.672374787229323, 19.16380252290963, 17.46255111802552, 22.686210233480026, 16.762279709287288, 23.634241099112234, 17.923911066056473, 22.104747118159683, 19.860718275116497, 19.946821609460905)",0.3918210940815935
12.760831131887386,7.462014158811488,1.9016950485551005,"(9.22949822490126, 5.674406149046637, 5.818144095166279, 8.989832085199076, 5.018636801878496, 10.4581733218849, 7.482890371208615, 6.985349279252847, 10.308261456125049, 5.098441132310385, 7.561199722410796, 6.914288410256159, 7.4394308282756505, 7.027395386083295, 4.67025029001539, 11.194901153800577, 8.817065239539343, 5.950845973872158, 6.277275576945298, 8.323997678057523)",2.7863652361622937
11.932024480742822,10.511672966876672,2.0795450398963427,"(9.704552609050475, 10.97419779171763, 12.155198433190476, 8.758027620151543, 15.36121573441183, 6.937653835672022, 12.432613144470665, 8.561141066493159, 8.457395847471211, 12.605750664849062, 11.535486164281197, 9.22755647247414, 8.146684436472803, 13.06574649801918, 11.571933107851816, 9.198736692077782, 9.317612200187915, 11.436370905233263, 11.650105153045107, 9.135480960412172)",0.6830107002332341
14.00563147274937,13.927994233385045,1.325070895260368,"(13.879746709116613, 13.857826441195629, 12.407067328376185, 15.49736804945225, 16.32278672370935, 11.789976930281556, 12.809706259256002, 15.008578904409955, 14.09601224463905, 13.656284566503844, 13.248650760054408, 14.512199533223495, 16.303107336243876, 11.792960716816415, 13.0264298292872, 14.760238189184687, 15.172956646750675, 12.682307267791957, 13.609076294904686, 14.126603936503056)",0.058591007954385536
15.132031553419726,18.055866868439505,2.4332803810754053,"(18.67551944699096, 17.157255218060435, 20.833832396866953, 15.376362635682689, 20.32525365617078, 15.769933400915935, 20.702234879453503, 15.473235517000546, 16.06560785159144, 19.95439478752406, 21.28195977219208, 15.052376826158486, 16.390592004646077, 19.543919525865157, 20.809472161800134, 15.394560009788012, 18.914405749826866, 16.945214854672788, 14.784361674595633, 21.666844998987635)",-1.2016023051677958
19.21974595465213,18.575924842185685,2.378071774344428,"(18.150731745415708, 18.72490973256456, 19.649504327324866, 17.285016483901504, 19.471132999106384, 17.472538142529114, 19.112883052460326, 17.767419697269744, 16.50137670944559, 20.62686426312382, 13.441599688882585, 25.267067935305736, 20.918233443464146, 16.2348713726446, 17.02501386211379, 19.95051150760817, 19.81905105757456, 17.16272104463607, 17.24453761209445, 19.69251216624802)",0.2707324141399932
21.616425921553923,18.58190833117389,2.0359471459382035,"(18.48723703018846, 18.46947776717039, 19.020066189695893, 17.928730043493392, 20.49756920008889, 16.690188701307644, 15.634908947761327, 21.803675738154812, 22.308298376732495, 15.349526695170113, 20.41015074410759, 16.706506764118547, 20.817616180362293, 16.37717542158291, 19.232381006118565, 17.73241694293896, 20.101760009773816, 17.012900298465656, 16.97506630667325, 20.082514259572722)",1.490469728761878
20.86000607264925,20.235328341118507,5.250108007757987,"(13.746560850156907, 27.94356980871346, 27.428463571678854, 13.963597083580563, 19.465656682860327, 19.81915286127473, 14.6429194499946, 26.13854976195084, 18.869877351209716, 20.48607353369617, 18.270398407441427, 20.960693193570417, 12.738396573879196, 30.053291285420592, 24.97374914331354, 15.340287199064223, 17.9400283380047, 21.487564487242967, 15.116830841603381, 25.320906397713507)",0.11898378673499045
23.616494749833965,20.00103540890673,4.693503511451702,"(13.713030570490574, 27.686064735840596, 26.391465449167168, 14.371613907080599, 19.11453452911242, 19.891034948306892, 15.09159319014698, 25.12677400480454, 19.444835587217568, 19.5663104611671, 19.78993357110198, 19.165001292628308, 15.437901295473857, 24.564970638812316, 20.360677237226422, 18.630100898417048, 15.63692550472252, 24.308336359248525, 28.35670490412775, 13.372899093041426)",0.7703114170695425
40.05318843504813,37.046381688573454,4.893709146317061,"(32.911869343234265, 41.01251461013474, 36.775064694265104, 36.69360516713881, 39.46530174820489, 34.21594744883202, 43.09378076429355, 31.31223550031327, 43.28029809376418, 31.204776688400486, 31.42188835107485, 42.94595980455467, 31.764628000413996, 42.48071720089293, 31.87197235208206, 42.34161780508993, 39.56474725569583, 34.12716041052904, 43.225456997905106, 31.218091534649144)",0.6144228552564378
92.95641867304228,100.01464039909399,10.360390688418432,"(111.95972538293255, 88.43468711264016, 87.92520193798632, 112.60838333512262, 110.85326189800315, 89.31748754092648, 89.0464185587092, 111.1904823662186, 93.97869867489273, 105.35513831391518, 89.2778359700521, 110.90228519203657, 109.05263843503064, 90.79206854676073, 105.85853286467525, 93.53159768393982, 103.0887390681185, 96.04475204837507, 114.91312162690261, 86.1617514246414)",-0.6812698418740024
3.600567564686848,4.031723775780819,1.0784487887211285,"(5.523501211472511, 2.699438485350941, 3.090657459034702, 4.942648633475546, 3.515960011194065, 4.370467568214406, 4.000040775373331, 3.842786025764261, 2.782518442458881, 5.459790393270675, 3.4084143054816187, 4.363649792950511, 3.13231349017334, 4.84963721010448, 5.6692924408988565, 2.6877052403821615, 5.903440508743011, 2.570571191496705, 3.569714226195855, 4.251928103580503)",-0.3997929392690539
6.415130547544933,7.0746589940321805,1.223900618779293,"(7.980617042530217, 6.061914796674551, 7.4211111768490765, 6.579710062005326, 6.716974884389876, 7.277829913464874, 7.798015167725711, 6.270356779774613, 6.577932038890095, 7.4023340481589015, 7.2208823692343715, 6.691674464212556, 10.125490901668636, 4.8022709748226085, 5.832000170854653, 8.358101176332253, 8.290202479925728, 5.869065640978866, 5.73143845461966, 8.485257337530996)",-0.5388741833834961
10.829389387354265,8.997887473937432,0.8931259243026125,"(7.353470464446627, 10.89361474729066, 8.473283548559793, 9.477670142308629, 9.16465841691156, 8.761732167351829, 8.429665174431468, 9.52661014778959, 8.377348295602227, 9.576608473398695, 9.410993626765626, 8.508823687707777, 7.536239291236406, 10.636273674461576, 8.532778824723177, 9.404556548624308, 8.567846730290878, 9.360806991745108, 9.695519804066603, 8.269248721036131)",2.0506648206936116
38.39798591678329,40.00050830226823,1.0569054228768564,"(39.50854170384699, 40.47200419115496, 39.28550628602267, 40.70137937567848, 40.706255091138985, 39.28074314028452, 41.61591889344946, 38.422112577231445, 38.852276707128254, 41.1553479838226, 40.65055052132075, 39.3350780316651, 41.65728554742059, 38.384163687760655, 40.50101125187181, 39.479944765037864, 41.25713273627344, 38.75644603584591, 39.246961361830564, 40.7415061565796)",-1.5162401013355893
17.319650822810882,19.948042226327345,1.472177567551323,"(19.761417841777472, 20.034939131835774, 19.366828220020462, 20.44018568818527, 21.59321270210456, 18.331904897145225, 22.17588415374494, 17.850188832045518, 20.509295585202434, 19.3021801094569, 18.695602277826154, 21.177625898853297, 20.632127535536544, 19.1870489026469, 19.74656283415309, 20.047435357078413, 17.030138474086094, 23.24560560377538, 19.029368929667182, 20.80329155140535)",-1.7853766158713276
6.03012399426112,7.570826427928721,2.338892794221256,"(6.171853530283794, 8.481974683841804, 7.874310635846311, 6.6796569526479015, 13.052437098551515, 4.031841923670662, 5.41108800396001, 9.726670872292521, 6.090518022306359, 8.623348637077433, 9.085118463394855, 5.7585393994218474, 8.196600504142896, 6.402678336290312, 6.415283407772567, 8.191252483489654, 8.182886786444051, 6.415809968189034, 4.236885883093128, 12.387772965857808)",-0.6587315320626247
11.24199247633639,10.47519229894835,1.949673652064676,"(12.29164020712301, 8.637519903980477, 11.77436260624866, 9.02103732503725, 9.794656549400147, 10.842651434751826, 12.851619172156997, 8.263786352519919, 14.675716638759345, 7.235731555228442, 11.953086026515212, 8.881529149280194, 9.689819550934315, 10.955400277848492, 12.7225150821889, 8.346864284737386, 10.68591952225527, 9.936452852821542, 8.60311303135249, 12.340424455827188)",0.3932966815118058
18.125343164506695,13.948216780522351,1.9401391161679986,"(10.374713545436332, 18.421960101818726, 12.877901164891961, 14.835899575442568, 13.527757645278504, 14.11939162532114, 14.182883822993753, 13.467280743610301, 10.946721177107706, 17.45291698457662, 13.531422240555127, 14.125113490179174, 13.271526681793947, 14.39252409388171, 16.505838312741613, 11.574187461558981, 13.537592319295772, 14.11234081100506, 14.792611725537201, 12.913752087420747)",2.153003539372299
15.185360152315432,17.958983552030407,1.9991923641486016,"(15.300702970380273, 20.841617812125307, 21.671038322244105, 14.706750219235307, 16.31240721650373, 19.533999969468365, 17.306327963211512, 18.412004705729313, 16.533915850715367, 19.278199686102155, 16.46850770587498, 19.36553733351708, 15.758945722245985, 20.224586647257095, 20.250227487244718, 15.739238771447223, 18.265937656689506, 17.45037696154253, 16.905914781887272, 18.853433257186328)",-1.3873719455187
17.422088703898613,18.403780872192865,2.2185584547222152,"(15.547851670869576, 21.51663628518546, 19.31173144962868, 17.292013181634655, 17.910195686118115, 18.633894005999586, 19.851382585206604, 16.811329632383163, 19.080903724809954, 17.507308638630285, 16.685178088746206, 20.055979274719046, 22.957477372584236, 14.547765562081953, 17.91874437572637, 18.63898054343932, 19.735899539591802, 16.926942277770426, 21.876460208226476, 15.268943340505329)",-0.4424910086117922
18.77760987531907,18.448868259229183,2.545845203699687,"(21.88413760140657, 15.314145994806832, 16.079322724674395, 20.77016215825374, 16.591050308710557, 20.10568601694242, 15.959841740481073, 20.89983071799596, 15.956988955554495, 20.94353240015619, 15.11646300950554, 22.18323523919048, 16.10778774937699, 20.738192664626776, 15.75835786599351, 21.199080158823968, 17.774616816960744, 18.80326523120554, 16.331582404839768, 20.460085425078027)",0.12912867428551825
21.226548625197186,19.74054342125191,5.487888873887169,"(24.19753702408032, 15.093079855081747, 31.562191884985815, 11.472696654928276, 19.108285267891, 18.89946816993259, 22.53866518541259, 16.02075607717584, 16.147372693263247, 22.46506751558731, 22.506238863756792, 16.25065424816961, 16.028858046658772, 22.612195932958954, 16.420999102484664, 22.06985361838063, 11.351548643435825, 31.963588832352215, 18.54292292446352, 19.558887884038494)",0.2707790259777457
23.21479330907563,19.860269060318068,4.91974213171003,"(17.682782384910915, 21.086944616080647, 16.77825099668411, 22.1605115861254, 19.29083450007968, 19.25718506392586, 24.90788866591413, 14.91374044368163, 16.987825501557133, 21.900286121559084, 14.838263017886051, 25.14139962322822, 29.452589135893124, 12.628370414304143, 17.55689017321486, 21.183797746388464, 14.391694763901898, 25.8529519227615, 27.821788645485576, 13.371385882778922)",0.6818496089736273
33.876672902961815,36.89094431247,4.540619648420508,"(42.675728336206404, 31.46158464686251, 31.470555817364787, 42.60742943071228, 38.582112862977134, 34.74665337622453, 35.14038015925158, 38.14846427062907, 34.74640505440875, 38.60547129213101, 41.54465329184809, 32.32554463385267, 40.222103563049444, 33.352604708746966, 33.117515670787085, 40.499807160699795, 45.65959134523733, 29.380419916526005, 39.95786516934793, 33.5739955425368)",-0.6638458278611207
105.35876839672966,100.1190773729142,11.47995090209447,"(88.82385817181803, 111.46686168801592, 97.827001560534, 101.20799279076965, 97.0440638777227, 102.02447380520269, 89.24944443399805, 110.93478908919987, 114.57399898234463, 86.41478906804784, 75.96035705155984, 130.34330643932458, 100.0441030395911, 98.96527666461982, 101.4119742584002, 97.63033293219712, 93.46642609004132, 105.92991444229585, 101.89464800398476, 97.16793506861615)",0.45642103076063617
4.230207864692565,3.9715620987921465,1.0623247674221838,"(2.155082154374734, 6.8688782124458285, 3.8002893777256177, 3.880659459033391, 3.463280811712785, 4.268519757366888, 4.538149192330858, 3.2520266998349774, 5.300009918076449, 2.7920622918759266, 4.431191898605516, 3.3359404052397528, 4.5949036595657, 3.2157680460450595, 4.8475568055649605, 3.0475832032921715, 3.4414276103900487, 4.276954280938009, 3.012186632249387, 4.908771559174854)",0.2434714635600965
7.634236593108026,6.997304604500504,0.8818231776836165,"(7.620654619790833, 6.332873807339949, 8.318162907874406, 5.794166933264105, 7.274552203535613, 6.631106330120988, 8.068962981071412, 5.974674291148062, 5.928462598643716, 8.139601352093983, 7.775680601533308, 6.203602136279822, 6.722200781669178, 7.174706622124505, 5.874655680024563, 8.209311076166564, 7.716325460939478, 6.241907297114164, 7.580014294722835, 6.364470114552608)",0.722289915627556
10.961007056205505,8.973470419695952,0.8545658185113428,"(7.645965087300874, 10.44362202907138, 10.013045030249991, 7.97102545642038, 9.48956340076253, 8.413368082405446, 8.517277876829372, 9.371775613442047, 7.8414080123382845, 10.182994763546837, 8.888910363759589, 8.981805919729478, 9.75979020643109, 8.17985311761007, 10.106400260016265, 7.899175718378954, 9.423023143912625, 8.46823817447194, 8.83200195667369, 9.040164180568196)",2.325785320985398
39.52425990737563,40.0012016023943,1.0588631339974652,"(40.00609018564953, 39.96965655334479, 39.460816528909014, 40.52205107761702, 38.28846529283782, 41.762734405406015, 38.00609633913879, 42.07304858748234, 41.04991293841388, 38.9533130244231, 41.15120808201649, 38.857450011082314, 39.811437994079185, 40.16512405381401, 39.724761598198235, 40.2527636969734, 40.832321185716324, 39.161008759026814, 39.96939693395144, 40.00637479980551)",-0.45042808622310154
18.728262176752757,19.973796424248604,1.7414285047266527,"(21.11460528236984, 18.758279419495647, 20.22776412044969, 19.58118487404549, 21.167819798269345, 18.71131023040254, 23.050175898468638, 17.18344714186205, 20.107686615589863, 19.69769519073983, 21.579181761928908, 18.35462019795016, 17.769917245221237, 22.289267735705018, 18.131917833728863, 21.844293404044375, 21.245899536687354, 18.643073465507264, 22.077365572881163, 17.940423159624725)",-0.7152370850225375
5.679078746503411,7.7096892632219785,2.894210022216846,"(11.937402371073167, 4.3754997166794425, 7.621718898291552, 6.8465735948333375, 10.003913633790189, 5.2194487306981685, 9.15235809031589, 5.702627413555415, 5.903206341635711, 8.847405033681623, 9.119878790404456, 5.725300911673505, 11.860448066367297, 4.401877461059865, 3.4859122284284143, 14.97628242422058, 6.37420328605271, 8.182644281573152, 7.411068386415264, 7.046015603689811)",-0.7016113209238366
12.250102209942959,10.436287476376926,1.6423991902041235,"(14.333624344138542, 7.424209442282302, 8.821922409688693, 12.061072966326021, 11.048342223788238, 9.631451155221065, 11.698388698067264, 9.095692886633811, 9.762411944502105, 10.900503835863315, 10.339477036339044, 10.291744111196312, 11.600558355219126, 9.172763216475483, 8.205870806828976, 12.96739849987124, 10.45936683819945, 10.172288904271602, 9.315945029206452, 11.422716823419432)",1.1043689892105986
18.689612657820337,13.967759873766159,1.7851087463379969,"(13.150066417714719, 14.610309896531065, 16.305112313268612, 11.783548602963734, 13.062695766318917, 14.708294793821814, 15.868055646503079, 12.108064227547352, 14.30968533279426, 13.426463986421133, 12.983485482038642, 14.79801796861449, 10.351225624288674, 18.56102741400266, 12.477982178508736, 15.397531467555922, 13.810233686294042, 13.912628489475788, 13.522548368857388, 14.208219811802138)",2.6451345296137667
20.3683057949529,17.956347689191645,1.5510867758753086,"(18.065631223993027, 17.72075255887479, 16.38372292468864, 19.5416960072745, 18.316758866802164, 17.478455828055235, 15.339494312803271, 20.87160196725626, 16.225494421111247, 19.730744991599735, 17.818001807154804, 17.96771401499938, 15.919141445539024, 20.11105333541558, 19.836351582287794, 16.139678921524794, 19.10544887411416, 16.75866842592135, 17.451161852784406, 18.345380421632697)",1.5550117138998487
17.87202329820783,18.52585139164988,2.2738431010648226,"(18.992857429175082, 17.809950204049272, 16.26431446788771, 20.803870275806133, 18.34074759578421, 18.445397482975256, 15.90349552403366, 21.274590858410978, 21.289989607752567, 15.88900558977574, 20.157250641590863, 16.783179261212055, 15.480477689317055, 21.853953496769225, 22.197799968625446, 15.240925038996556, 16.772510052817125, 20.176753025733163, 19.41770362171333, 17.422256000572208)",-0.28754318762621256
16.074834556276087,18.502875170429686,1.643797080013412,"(19.351655088204495, 17.554751260713893, 14.79576617348027, 22.97321003687826, 16.632968806526755, 20.428853915200314, 17.812790489921912, 19.079917382144863, 18.41942025147645, 18.444801194850882, 18.733244242429834, 18.13851421694016, 16.853577624614054, 20.162287623098116, 18.120492399949253, 18.753194759494907, 19.48247457769756, 17.45218290395404, 18.54823832560312, 18.31916213541451)",-1.4770926677481309
16.575946550067144,19.817036727997255,3.868275258397083,"(14.992443581413117, 25.246862508574296, 17.241855512476945, 21.985238738721133, 17.23427072147146, 21.97571936381741, 20.156106138892948, 18.800729128290325, 23.44976926947003, 16.14482220148258, 20.359703702672057, 18.602324002960785, 18.033746974626652, 21.00390879228015, 17.433079977904097, 21.729222305174194, 13.519790142000321, 28.059873112452834, 25.546833002022645, 14.824435383241111)",-0.8378644128011559
30.630669217263716,19.775265785985823,4.00845843867271,"(28.93602517311664, 12.997281907073399, 21.314792087456816, 17.65316859659045, 16.228061057905332, 23.179839653385464, 16.703339740524324, 22.524529843832234, 20.491695624956616, 18.3545731494138, 23.61832850543131, 15.92680948223267, 25.43951438841409, 14.787166544506755, 18.897160606674298, 19.907100394586262, 23.55846766720589, 15.976092658120454, 21.582664861252113, 17.42870377703746)",2.7081242321355736
36.95878585296144,37.053230372095015,5.182509727409248,"(33.53621656784027, 40.176905897937786, 32.58526190741119, 41.36150820669215, 33.23745097513932, 40.54249591500755, 35.8646693185703, 37.57676409773303, 40.37602260525719, 33.37201035761779, 35.73667293905268, 37.7072002654968, 45.78383051124673, 29.433248581772457, 44.419431038550414, 30.33758367349812, 30.582430188786976, 44.07637664058278, 43.07874806675723, 31.27977968694948)",-0.018223703205818707
99.74507710745756,100.02131255985434,10.516678460356696,"(101.72267644585092, 97.3336139864034, 91.37458083715002, 108.35668412061936, 103.85123810763635, 95.33867771657596, 89.12116979842179, 111.09642871661629, 100.52407971939039, 98.4941816631882, 128.88461699555828, 76.82095760339504, 94.24517994252595, 105.05620305792563, 106.06666040754783, 93.34734326277214, 97.71050711156775, 101.33046869095453, 91.268789237458, 108.48219377552904)",-0.026266416096875394
3.1764642492807513,3.9787260048388413,0.9363254217612491,"(5.255002353367728, 2.8520552283206047, 4.584209263340272, 3.271191509537587, 4.547645791902032, 3.304509557796492, 4.109000716576405, 3.6421622614689286, 3.1513899689401943, 4.774027340670592, 2.849633556636508, 5.275159881913644, 4.550647951185165, 3.297471776394472, 3.8751313171906148, 3.8713804495570723, 2.7123560331631777, 5.539003250593458, 5.24942054698786, 2.863121341234019)",-0.8568193674043557
6.422548222722045,6.988644228576607,0.9742975849486891,"(7.991277425726954, 5.99880839810251, 6.757913888508029, 7.094904744532854, 7.7937264262893695, 6.156033257400112, 6.68508837125537, 7.167242564957453, 7.156615131283817, 6.706556279447069, 8.038039117188688, 5.969449924533706, 6.5642075553329695, 7.305641339272957, 9.592877931345095, 4.998707933841307, 7.137898598583036, 6.7210823949428615, 6.20818667637063, 7.72862661261736)",-0.5810298769080653
9.625512713661944,8.974491551474278,0.7173626189372475,"(9.961661516562286, 8.03504011245888, 9.099369839928023, 8.797067672382067, 8.740983747512608, 9.159885564695252, 8.632696029878483, 9.269981937966886, 8.925115674282315, 8.972186187260894, 8.455237184197724, 9.46971018105858, 10.708302285534977, 7.475718364645016, 9.281075915895649, 8.625056322375562, 9.306584451994663, 8.60294227994877, 8.165248445531029, 9.80596731537589)",0.9075203321189714
39.296176591348015,39.99973362211571,1.0157765627128843,"(38.60663662881834, 41.417755360504735, 40.27749955790113, 39.69957815043318, 40.790911741716045, 39.19986082366409, 41.36497472362988, 38.65594130312745, 40.23600724854426, 39.74045064425467, 39.121318066436615, 40.872802081290494, 37.967217658189874, 42.115263152181285, 39.78587619600373, 40.19012942256444, 39.84618072777826, 40.12927489101388, 39.70216956015521, 40.27482450410651)",-0.6926297146379057
23.39344396637333,19.947627935873246,1.3991522022846414,"(20.57686032343492, 19.247728257652753, 19.368289194524973, 20.44870356232708, 18.212394128389978, 21.746251746100455, 20.725958196290602, 19.109421887995754, 17.626049058163343, 22.469512813766435, 19.463295775885154, 20.3485926564229, 19.262680205755608, 20.560730844998194, 17.64245588771976, 22.44898609237315, 21.191696890554134, 18.68902503483383, 19.4210625129182, 20.39286364735775)",2.46278855500745
6.794307727990852,7.417054345881059,1.5125506561271649,"(5.741460448261354, 9.205606271158059, 6.430753815831846, 8.219974541572302, 5.882746149236572, 8.990045723887574, 5.372254558634233, 9.83448789524139, 8.795005638308163, 6.014852131775461, 10.098077727557744, 5.237582852647669, 7.672246679707197, 6.8907761121975115, 8.920409816175793, 5.926259966812471, 7.48218168979744, 7.067844466717305, 7.594758981876299, 6.963761450224772)",-0.41171951191686273
10.90129263083142,10.486275245558344,1.9729972921590866,"(9.713896699870231, 10.945411167605185, 10.427208253271003, 10.196850835961241, 8.658131879704978, 12.281097916415716, 9.998352666559335, 10.63322727359332, 7.6245811207680365, 13.946461131531256, 9.776210960781654, 10.876611850291429, 14.121936516859957, 7.52912832413204, 8.726742216686826, 12.183799178251952, 8.462498274827846, 12.564909019634964, 8.400287405896997, 12.6581622185229)",0.2103486846750384
15.168421597431642,13.99781905809999,2.0020016447527498,"(16.555399506593133, 11.608092162703842, 17.089934654661867, 11.244979461020915, 16.428710031623414, 11.69734849217249, 12.360204796000543, 15.547816992772734, 13.823995014673127, 13.90132806416607, 14.139506120885951, 13.59111165963899, 10.757562144163517, 17.864048142984068, 12.862741432560604, 14.940331748243912, 13.914072365692832, 13.81141622963999, 15.042227579175295, 12.77555456262642)",0.5847160727364054
17.628842523185618,18.011438398702165,2.1159345111095127,"(15.35363952893854, 20.854746961428642, 20.504201435673426, 15.615929592096647, 17.210444736913185, 18.603637775486774, 19.263881423960196, 16.62199220085617, 16.82238044363902, 19.03236478738992, 14.502501529265698, 22.07721634778968, 17.09608791641618, 18.72866028514812, 19.197835428819555, 16.67834567195377, 20.465399549290595, 15.644914555836127, 16.243320598713833, 19.71126720442734)",-0.18081650141238464
19.291756811469774,18.478054964499872,1.7475929781989725,"(17.951278778383987, 18.861555634960666, 17.960960034796468, 18.85061373179617, 16.807416315926986, 20.141330534340554, 21.078504743606075, 16.06457537229123, 18.782625096493497, 18.021922760462708, 21.145004778919144, 16.00931643636598, 20.0274059776048, 16.904716663354485, 19.396429544004523, 17.4548683031642, 15.73271336456533, 21.517730006513442, 17.427115685842338, 19.42501552660493)",0.4656129070789034
22.111187920441765,18.539763729758846,2.254276250504934,"(22.14135903753647, 15.313437502498044, 17.397352203439535, 19.487614552878735, 24.108557726555667, 14.058565450047206, 17.898767064380632, 18.946334172881038, 18.11713620504978, 18.705111282436636, 17.751681869650877, 19.09219956572154, 17.569965773262556, 19.294204212314824, 18.307057975852103, 18.517851132208694, 18.130161843150432, 18.695286256779085, 15.768167307991359, 21.494463460541766)",1.584288611425932
15.168132750082004,20.2999466548959,6.239828652525834,"(21.251004595585783, 17.766438340265555, 14.630093528240417, 25.801302824967127, 18.00178020821503, 20.95282814829266, 13.155613673707075, 28.71262284841946, 35.27188166474666, 10.689675426223276, 18.379005539078875, 20.520821514608162, 14.915966626698856, 25.300572581027996, 17.929927114414674, 21.04907760231496, 23.464492382404284, 16.076883063883603, 29.22142511940235, 12.907520295421055)",-0.8224286579947319
21.403697688441007,19.533610717325672,2.3273638210496483,"(17.449454284680552, 21.577506357871812, 16.87417939930524, 22.311584262913907, 22.39486907882184, 16.807202483053274, 19.92414380565218, 18.900370026645014, 20.369130887759294, 18.47639129656765, 18.893668718046662, 19.921130723511922, 21.937199684972846, 17.16075760492931, 15.918127996159773, 23.650236244405086, 18.51416175550384, 20.330966686930875, 22.625222883717807, 16.635910165064445)",0.8035215440755281
32.941550096870984,37.190835151503485,6.280145568728801,"(38.72613104437345, 34.76539950412057, 41.925882982005206, 32.11080636522276, 37.40475602445434, 35.98696250737316, 45.031529276052055, 29.901877844417, 31.328730502340534, 42.96283305037377, 33.419562857620086, 40.277719212090034, 29.4529246690447, 45.707844692177126, 44.13766560985178, 30.501092091911225, 49.67129782751972, 27.10045930953703, 35.731322666611575, 37.67190499297348)",-0.67662206363357
100.37499608480363,100.0112783322366,10.362371740788547,"(90.30297363903696, 109.64153998250018, 104.16650851615609, 95.04931817669164, 117.33809572517494, 84.37967612911596, 82.33320300908575, 120.2548082388193, 104.47920420115666, 94.76476572439532, 102.77230054064036, 96.33870174513385, 96.4916092492342, 102.60948808551478, 101.56737790794372, 97.48164471381284, 92.73066911988204, 106.77105466728231, 113.58443133073739, 87.1681959424176)",0.03509985567641379
2.004880323247836,3.9181192163811356,1.1816560729149757,"(3.5727889965417168, 3.974393573601021, 5.609668664024226, 2.484917614625212, 3.33783402372788, 4.179008553042029, 5.030020271149547, 2.8381617850206236, 3.467421461908897, 4.037714179379657, 3.0086800189525853, 4.729021086715736, 3.820571023456423, 3.6983244963369604, 2.761720642903779, 5.137876297856866, 2.03256317969567, 6.978357141462214, 3.0686600387916205, 4.594681278430047)",-1.6191165407491321
7.891504889701301,6.843563100797997,0.6705071379272955,"(6.837086712829517, 6.797972932953389, 5.813889520079093, 7.95143925120843, 7.280715675085288, 6.350621217758215, 7.243453769286293, 6.426480041222105, 6.378190901686883, 7.258881296878592, 7.880633093763988, 5.903711243366886, 6.001603531570648, 7.735383352548671, 7.298195199350431, 6.370080277008896, 6.18295813359128, 7.514840602302371, 7.218421091279329, 6.42670417218959)",1.5629092214331277
8.511661212740023,8.94018566727418,0.9462694078330952,"(9.565748014879672, 8.270195493864538, 9.080320442182323, 8.699489163434954, 8.61353972626452, 9.171251509183923, 7.805588189513169, 10.13941906763132, 8.606383360746962, 9.183167223242261, 9.47412728719908, 8.353901866470423, 9.484912267092227, 8.338998001253785, 10.984227451674982, 7.204017189907751, 10.053489887892738, 7.868431101521812, 7.911267509592279, 9.995238591934886)",-0.45285671394096394
39.89912722201046,39.99528865880941,0.8168846424270304,"(40.19550167235937, 39.78021085776668, 41.61086805304726, 38.427434736610536, 39.20164935657724, 40.78906320981165, 40.2001003329684, 39.77557405879879, 40.03248179024552, 39.94244450769291, 39.674326455768544, 40.302717898460365, 40.81184979970747, 39.17951411496331, 38.85488913271596, 41.152737618184595, 40.85095263275901, 39.14196000682154, 40.510076502192106, 39.471420438736764)",-0.11771727830901638
20.412612205656213,19.933008634627456,1.1727706276224217,"(22.04420462756267, 17.964219406424604, 19.926900443085312, 19.875328160529314, 20.04439254832907, 19.758730832538856, 18.615443814763434, 21.272391626912473, 17.770829572039624, 22.286136837504557, 20.097011159467556, 19.704610017550696, 19.54725538021279, 20.259648348300935, 19.088629627397264, 20.745879111735228, 19.70706504727825, 20.094853278628726, 18.873507187629748, 20.983135664658004)",0.4089491668128373
8.393823528727902,7.341851669440437,1.6236023436123563,"(7.800422870933057, 6.606534693964558, 8.63294196286338, 5.947788526041973, 7.507384584775684, 6.840328430269446, 6.352260468336137, 8.121088788273433, 10.48026469848294, 4.904488313885671, 6.293640876715361, 8.19411762112601, 7.895151677473303, 6.522368464235038, 5.8473798751412245, 8.8150431562171, 8.263321025588906, 6.235163379205563, 4.756445062464639, 10.820898912815291)",0.6479245755133181
13.63056317211339,10.389293256643793,1.41471311011882,"(10.254114296595676, 10.34368585335083, 10.388016466851239, 10.206715104968557, 10.981878223632068, 9.65478482470554, 9.08729544518437, 11.673072663567819, 11.305798426806387, 9.37966494605124, 12.834295812626273, 8.265747774722296, 8.02093400206228, 13.223600988947174, 10.1078672441413, 10.494841964849536, 11.267258597173017, 9.413520606636517, 12.163484893210885, 8.719286996792816)",2.291114638216202
14.293283397925423,14.14577090073347,2.9987352984074938,"(9.964941248959276, 19.239222474752474, 10.92789225528476, 17.548764038918897, 13.571775811868786, 14.129836439935655, 11.201952624326985, 17.113547873822885, 13.298254663274971, 14.420536041617877, 19.372572088883125, 9.897086532123707, 12.3923673734901, 15.47283892228835, 14.779537628569207, 12.973363527707564, 18.535638484526878, 10.343545563710002, 13.146897344222507, 14.584847076385387)",0.04919156994960184
17.49938867345453,17.969385476035797,1.7326058159956483,"(19.41520128444508, 16.48247253680698, 17.19937249785356, 18.614437895402677, 19.301879742409653, 16.58646260365041, 19.319441135873177, 16.562257213047275, 18.957707283748515, 16.886366302753196, 17.513442052476467, 18.272070626869976, 20.32715147021273, 15.745302472970451, 15.079989770030032, 21.222016503437192, 17.94716849617493, 17.83138079352448, 15.580272743598751, 20.54331609543036)",-0.2712658576129631
18.168589847308585,18.4594436806725,1.6674006819053282,"(19.167680166719023, 17.631966486980758, 19.397088813108997, 17.44835073900174, 18.125393565946872, 18.671350374692203, 21.85019395039692, 15.461712812822155, 21.3192762640459, 15.870396950892065, 19.638617929501827, 17.208222609813014, 16.403155260162524, 20.612742515213693, 17.341863206284312, 19.49125785928341, 18.432687119108994, 18.33718771638631, 18.22464011082222, 18.55508916226704)",-0.17443547703936296
18.426229169412558,18.433769538339924,2.008166672096791,"(19.78444122028805, 16.96844847177802, 19.26405167137029, 17.47374100000809, 17.660979254374844, 19.05752024389144, 15.89305832516437, 21.108742510735897, 19.156453704657707, 17.561964944848803, 23.24984104932852, 14.437868860157934, 17.516788055700427, 19.18116781516366, 18.64133937570712, 18.01411183733755, 20.5975138952414, 16.30224304632118, 16.797474459070067, 20.007641025653076)",-0.003754852140580796
19.17586192699654,20.048419875720185,5.302641685744233,"(24.28487164350284, 15.449348127740032, 20.580994764686512, 18.354963162807756, 19.833736527857827, 19.040958055255654, 20.156773221250415, 18.580965521777102, 19.656920918518033, 19.188900125815444, 26.94714156605743, 13.917624049676942, 29.774105433054583, 12.626815188905281, 29.06774164493668, 12.914856884601962, 26.377913510430076, 14.231231280698227, 15.149744961879565, 24.832790924951325)",-0.16455155758863635
22.109030477652837,19.80973632856325,4.011553852213093,"(17.0047251891419, 22.185046237648468, 22.164163189577412, 17.060496569447835, 20.436369734537724, 18.50105479332623, 21.426345824236627, 17.596405539823056, 17.308175723026785, 21.835713015770118, 18.348573622834714, 20.557365858086875, 22.914151713768447, 16.475030942979206, 28.69006985421218, 13.151709203738315, 26.320478903192594, 14.335619866737721, 15.461929310382232, 24.421301478796515)",0.573167962788562
40.421650648289265,36.89433967538096,4.1831278948487745,"(35.37716852905835, 37.99596527960099, 37.35991680822174, 36.02039246078824, 41.80462857698772, 32.18964234461301, 41.23786724199455, 32.586420781859104, 31.228931632356222, 43.07853825150301, 32.62901729216602, 41.18822502242144, 43.410950802878205, 30.972112091752702, 35.48480005151036, 37.879457371655356, 33.652757159739025, 39.945765445545135, 41.2243694084514, 32.61986695451687)",0.843223315560573
90.97584779309442,99.60936335025241,4.7122336035490315,"(106.66806334553569, 92.82035399200632, 97.62852307361932, 101.41508769953744, 100.01189367465287, 98.99826899617558, 103.55323209820699, 95.6122505407736, 96.61999044266327, 102.47355770470531, 95.37653069916567, 103.80918313382327, 97.72178996942166, 101.31798572062912, 100.4417181082987, 98.57423003058301, 110.23305258894764, 89.81851912936668, 96.62609302232168, 102.46694303461403)",-1.8321493125161783
3.9350711732726507,4.078503350673938,1.0875821603268216,"(5.905623556742094, 2.635426865371281, 5.688220437487349, 2.739482569426682, 3.8455034927612792, 4.053246225348234, 3.0316295417369408, 5.139755660641697, 6.41267928419572, 2.415231831556825, 4.728802150374005, 3.286662275453266, 3.3806074440385845, 4.606321134018397, 4.051470620307678, 3.8350560106358325, 3.656560881686814, 4.257529676254071, 4.12084539566075, 3.7794119597812843)",-0.13188169375469147
7.04793322665572,6.972101765962015,0.477660251927843,"(6.896740515251705, 7.0176611888167235, 6.620284031322288, 7.313845182977508, 6.646546458874356, 7.28575111814192, 6.871020648227513, 7.0469647189890665, 7.487314260824122, 6.452391426323658, 7.325343995676764, 6.60366268884182, 6.414430561811009, 7.5468552124495485, 8.088899809783682, 5.97976319447281, 7.002259318490319, 6.912859336163929, 6.654387912222176, 7.275053739579391)",0.15875606225899816
10.02374135832657,9.00608674559845,0.7907485135649471,"(7.925107757160128, 10.160279988164492, 9.313936915139235, 8.646402703834744, 9.204984433875607, 8.749158707893114, 10.542284241081852, 7.639073700686523, 8.026775971211823, 10.025263684221018, 9.092189363873246, 8.854561201846408, 9.175868973480899, 8.775953314048811, 8.895205826271502, 9.050432600345921, 8.773536207040628, 9.178389710221781, 10.188571339567597, 7.903758272003686)",1.2869510283872767
39.41602626520127,39.99519369183071,0.8117040185717096,"(40.50063454568098, 39.48061201537055, 39.75736715174557, 40.21867811916291, 38.31212343830048, 41.735838199291024, 39.619771180943665, 40.358354679675976, 40.739511416317704, 39.249217289601845, 40.098932089510456, 39.876142389226004, 41.48982803117635, 38.539304746510766, 39.73268499568116, 40.24371776722547, 39.80371713510156, 40.17185835415005, 39.80257498732293, 40.17300530461851)",-0.7135204623583775
22.401553122917733,19.98188419142219,1.8605733339988917,"(19.054418124119117, 20.783450321467974, 16.31623591463961, 24.271104715927038, 20.192060956472158, 19.612308746428983, 17.09948899912882, 23.159386326962146, 18.809009185313926, 21.055198806980798, 20.2576134938209, 19.549159287467024, 18.323845673324733, 21.611989192063376, 18.958137012117206, 20.88919553949431, 18.64776230227015, 21.236652287671955, 20.361287317802905, 19.449379624970575)",1.3004964046727463
4.352959751916654,7.391792704059213,1.4918497108270266,"(6.790037066861769, 7.741301700395587, 5.198150361336607, 10.114778220749702, 9.005818914975555, 5.838666659262281, 9.123498515179076, 5.762959226962282, 9.85584538463796, 5.32699481904888, 8.249714858353828, 6.369470496852683, 6.40886244421684, 8.202798196980467, 7.663922758023231, 6.8559285021013565, 8.95634990103919, 5.869422481416755, 7.255045485687042, 7.246288087103184)",-2.036956491051597
8.709708103982543,10.4771669326015,1.877668467521611,"(8.899932906491987, 11.968529118219566, 13.300753828091588, 8.008756404299522, 10.275415574665303, 10.366911093078372, 9.69109178593425, 10.991904223573304, 9.88982172524181, 10.76864287050778, 9.077600282735744, 11.733717625298073, 14.999001465329949, 7.101885996183797, 9.800488620574086, 10.868194580777004, 10.761467287910872, 9.898469780883477, 12.853231402057542, 8.287522080175968)",-0.9413050595411435
11.955515760223907,13.996079571864351,1.9623155516274435,"(11.695341241695104, 16.443550759600765, 14.50278359693636, 13.26018282599898, 15.1990070106831, 12.652865053831993, 12.824334810504185, 14.995853242345786, 13.39281011893469, 14.359611027544307, 13.94484580520023, 13.791041529338317, 14.895489057736821, 12.91075501089191, 14.93861127111576, 12.873712293972275, 11.759495980301256, 16.354062859388176, 19.011937595534924, 10.11530034573208)",-1.039875472600778
18.057954245263534,18.012286612513684,2.1388096117446938,"(19.313358611158424, 16.575918296242033, 18.68789956914368, 17.130116584988972, 15.125330005204521, 21.16489292636133, 16.82004010889472, 19.032556205337443, 16.919440064276873, 18.923059783629668, 21.297026847229272, 15.032369388890825, 19.32548362203391, 16.565251224118654, 18.047711889618196, 17.738969214499186, 22.367775940276413, 14.312388931561712, 19.143335309148455, 16.722807727659372)",0.021351892426085615
20.579859975601593,18.514178397372067,2.3352831692490597,"(16.975337629974927, 19.891187886220955, 17.198970609735735, 19.630440940888946, 17.928706618407194, 18.831428169636904, 16.442281339147755, 20.53431904230601, 14.107793464937235, 23.941847064297693, 17.596958149574874, 19.19010407991654, 18.603479407514918, 18.14939244239479, 21.369522224730204, 15.802762102232391, 20.187571506595813, 16.72599582339574, 15.78311391523387, 21.392355530298854)",0.8845529336357837
17.686855870897972,18.449024181493993,1.854475011420855,"(15.828235511087808, 21.29813066691241, 19.332230261869555, 17.434220387491184, 15.689134015188444, 21.482509643540084, 18.985491720516023, 17.75340460896457, 17.401418348030365, 19.384435734789598, 19.62545687903567, 17.17998825943633, 19.161447374064217, 17.591457489498804, 21.741129155177862, 15.509053359524785, 19.07504204595501, 17.672691907859843, 19.878340920087112, 16.956665340850147)",-0.4109887196657697
21.493221832099103,20.403782993433722,6.973592356358628,"(13.51439068402893, 27.771615363883928, 20.485388580323818, 18.311681331438653, 19.7827981074103, 18.961747177991736, 13.07398813671488, 28.69499754195148, 22.803785777465738, 16.48469531406161, 23.534441717912294, 15.954031670642806, 26.537702810660114, 14.139044475766433, 20.87800574069861, 17.98645893497185, 40.79312778723812, 9.199916875430878, 22.47045740067124, 16.697384439411042)",0.15622347607858283
18.61208115864165,20.310229253675946,6.388009502762277,"(21.210676038567453, 17.723888995322483, 25.64700018007688, 14.655542234637322, 30.420297976686523, 12.355854499116587, 30.63044607712844, 12.271537526231597, 17.54321899965296, 21.44049763262975, 18.523888092266294, 20.29739823126446, 17.110334713687244, 21.969332974036103, 25.09819603767504, 14.98132028601391, 11.0098037347129, 34.14481893933197, 16.81278898642312, 22.357742918057856)",-0.2658336832936752
37.66959282817926,36.95283081659853,4.81224738865104,"(37.65989516171579, 35.68377681377866, 37.59424169301546, 35.74281469950409, 37.72108655431294, 35.62214046527197, 45.88273947280906, 29.28613404534764, 36.107818633385385, 37.23035829905387, 47.285976718927735, 28.421710116645418, 40.52332446614893, 33.16035627663528, 31.068942598020268, 43.25784137341888, 36.29471333257622, 37.02434428882167, 39.26941972854818, 34.21898159403319)",0.1489453790906737
81.38329587837514,99.88341401572892,8.952226636908408,"(101.95159956726769, 97.11384594664597, 113.53932787797335, 87.2024598227234, 84.88876776979338, 116.63390031692386, 95.9128212298192, 103.22820748465209, 110.5636450123253, 89.54955199884107, 95.71392699349529, 103.44277801755022, 98.1794041876911, 100.84507727091572, 106.705814145625, 92.78702615427338, 99.40532409486022, 99.60140395223252, 88.39191132001234, 112.01148715095736)",-2.0665381795721243
2.224676838625463,3.9096465172144406,0.7365367762524702,"(3.196697126344502, 4.594043156668259, 4.128914469825499, 3.6117319331102236, 5.260848414906238, 2.6264804750806596, 4.701198466390455, 3.189503086072239, 3.213569516847111, 4.6258049309808245, 3.1771442171803224, 4.709646112994712, 3.9666225834458597, 3.727205248311349, 2.9905298897647414, 4.930474279178077, 3.811824544509988, 3.9529491986380143, 4.3718951034336815, 3.405847590606057)",-2.2876925265866204
6.903418154813863,6.902543061551987,1.098834931435477,"(7.25738048366831, 6.396203245096153, 5.346141587291898, 8.723811823522974, 5.824831207866024, 7.846195362844752, 8.339497969643045, 5.600551659656146, 7.628126706726135, 6.107651680754082, 5.323091124628337, 8.766268011929776, 6.298005595380452, 7.387364488444627, 7.063787089205602, 6.583017630171953, 8.154099972757063, 5.7346442739251575, 6.508667863557853, 7.161523453969391)",0.0007963828204232565
7.725452280441103,8.994661050618223,0.8082404724707619,"(7.949012120244599, 10.091752658756723, 9.330715166911038, 8.6126113545315, 8.989519838005396, 8.884181406803082, 7.896622496330066, 10.180885670322763, 9.536471047570915, 8.423273095051854, 8.964722380097598, 8.963916827444557, 9.229002191198616, 8.699840682624764, 8.598886555194369, 9.337658629164979, 7.599850532493404, 10.58128871688114, 9.941400051344704, 8.081609591392349)",-1.5703355788373166
40.14009765039224,39.99612327650804,0.8612360392194439,"(40.11005531599981, 39.864976447793275, 38.075710684100635, 41.99480594780651, 39.84167509055374, 40.134324735086466, 39.637640863401266, 40.339886512465455, 40.36417208289191, 39.61392142706001, 40.528800557535604, 39.45290141929266, 40.73280145016012, 39.255416959348274, 38.600795817278815, 41.423739822196644, 39.81202469044483, 40.16309577964216, 39.77380513943545, 40.201914787667064)",0.16717179417467526
21.994054407713868,19.937758668106454,1.2635234978978656,"(20.405650665208796, 19.40633956380868, 19.148151250614713, 20.680249698133558, 18.192729795356794, 21.774135355585233, 19.755677684482546, 20.04346398865249, 20.4719371152318, 19.343099314912504, 18.082246286770403, 21.89836671606485, 19.626153239800082, 20.17662691425495, 21.86525552773737, 18.111722853023327, 18.159428914044643, 21.80440678547475, 19.448249465359403, 20.361282227612158)",1.6274297573638243
8.632564469632563,7.359612273155328,1.5534413515787242,"(6.525637668184214, 7.9576627308362635, 7.545567033946734, 6.906732065893229, 6.470540739203721, 7.933921381780675, 6.905291838819073, 7.555150557600061, 5.5994512524264675, 9.29972148843147, 6.824710297504393, 7.638881176737057, 4.40742788812098, 11.802759394330762, 7.002086622124197, 7.4265753451700025, 8.088617270414733, 6.455373644801416, 5.6881430423620305, 9.157994024419054)",0.8194401386209814
12.68617625889158,10.454412940455587,1.967407107791303,"(9.249785269382269, 11.419460677672173, 13.442048989133948, 7.862883289155959, 8.695853531094652, 12.134820224699956, 12.721022377858159, 8.30924783029383, 11.750888312306579, 8.993117253488348, 13.997176133393209, 7.55024780195439, 9.589116544695871, 11.018764989367625, 11.269597863217172, 9.376862812608355, 9.27392523196391, 11.398004056785542, 8.295472288472299, 12.739963331567473)",1.134367823313126
14.780360953871693,13.956879675745839,1.8637665517098663,"(14.02988657455385, 13.649275413461163, 15.183048822431335, 12.614512544815854, 12.979053798369359, 14.767750421914064, 10.758307636031294, 17.800615610407984, 15.831930547927055, 12.09695431987482, 15.204251210951087, 12.594226978580233, 12.785042230032355, 14.97895524084554, 15.819261819594743, 12.109594153153834, 16.792006868864007, 11.40274229629263, 12.945054242728581, 14.79512278408697)",0.4418371374732375
17.754597857922995,17.968652458517997,1.9300427033386889,"(18.786373755524995, 16.99915894211475, 15.88917562195999, 20.09736027758313, 19.028858115742494, 16.8049830039959, 19.19393942324669, 16.6343082919175, 17.851401182721112, 17.888467254161043, 18.20885361570947, 17.533812030779796, 14.281689092427035, 22.35927911372489, 19.78639912997301, 16.143591286203037, 19.322900036861558, 16.52040139989022, 15.692761999515275, 20.34933559630811)",-0.11090666554927478
17.359977340314284,18.403815436839363,1.1888798835575944,"(19.149980948774594, 17.614930174334166, 18.11910547477315, 18.61260053604795, 17.82090521835201, 19.006680050309356, 17.497289385076442, 19.264276824667757, 20.96060076294893, 16.090120160720858, 17.424085623793665, 19.344119892500885, 18.517306806115325, 18.212223661469597, 19.565567050665706, 17.25207237722105, 16.704407401759926, 20.16790806970541, 19.01809514150924, 17.734033176041216)",-0.8780013111177439
18.102262034464744,18.419122279683343,1.9040520240848722,"(16.782938294007895, 20.00628493947407, 21.49231114512068, 15.615277603736839, 17.744735686750445, 19.073100405899073, 19.044871460880664, 17.604699315113415, 16.120740528909998, 20.820172458664732, 16.091383224977044, 20.833620713836478, 17.0932746763142, 19.633629422177005, 18.229042679914244, 18.442642046376218, 18.506324333569154, 18.098314555185926, 21.633881781204384, 15.515200321554397)",-0.16641364900252087
15.518724434585172,19.863306751896904,4.892321519709267,"(15.720026502002524, 23.692485873015972, 23.511235134645087, 15.818916529811741, 21.536383297214595, 17.63748441049956, 12.627009581316626, 29.382970411851613, 16.472309360041773, 22.584975842973567, 17.717738353558925, 20.937320494396953, 14.357891646116917, 25.905848885902966, 19.07987339917015, 19.576963622475528, 12.529992929347095, 29.536334098250556, 20.417951623647337, 18.222423041698544)",-0.8880410455055118
20.00580188897463,20.247371076512707,6.346087597217216,"(14.089184848064352, 26.51609542557457, 24.603693734966463, 15.177089029737942, 27.481894210744525, 13.68350451235293, 33.09690322424414, 11.273255819791572, 23.774677126231616, 15.707808065156023, 20.210735265348973, 18.46008261187296, 32.30874556465624, 11.557983891995672, 23.63420802119502, 15.822341315697035, 21.67945582299661, 17.19593846427239, 18.66186773991707, 20.011956835438035)",-0.03806584511124695
43.732085157751854,36.87371240959509,3.6919198375096967,"(39.64150985340127, 33.975469774848094, 42.593037308821174, 31.609455085693874, 38.916683458219524, 34.70543082955314, 38.93530231581481, 34.566567807635636, 37.9166346504724, 35.51115437484709, 32.278421093939954, 41.69818760262502, 36.150834711063126, 37.245568585540845, 31.779571327733663, 42.391615171574486, 32.71951684426963, 41.11972830040604, 40.34991431960484, 33.36964477583718)",1.8576710898422228
89.308044485085,100.1893486934008,12.087703161341127,"(88.58070362641588, 111.77470058568908, 101.7365262879365, 97.32069166763485, 88.16400859487506, 112.30397304319814, 109.10800408748015, 90.74547636223001, 129.69992527366884, 76.3383033800834, 114.17551459602447, 86.71789825826404, 98.28023272233189, 100.74327188111619, 102.3042381129229, 96.78082647460255, 95.78496326445593, 103.36745437154832, 90.7128166737326, 109.1474446038055)",-0.9001961797933926
3.5255242857706333,3.9805041531151377,0.6215263863462325,"(3.820373188865365, 4.040731295573425, 4.050814847517884, 3.7498706788446716, 3.133895493268458, 4.967834366453436, 5.396252870135046, 2.8201465263973318, 3.8242386200076677, 4.111907296539915, 4.421406913242657, 3.5338801154892097, 4.101143770746153, 3.8072473365796378, 3.4892536336386266, 4.48490716528767, 4.343619080769351, 3.531041595844459, 3.31997406524827, 4.661544201853509)",-0.7320362857306749
7.9420630235456,7.120873167525301,0.8550313245802965,"(8.806128428362374, 5.6701431575783054, 7.5804563598667185, 6.570982613264476, 7.053552592104834, 7.103627717172804, 5.716904298978604, 8.706655820681506, 7.733420070003105, 6.49336904771172, 7.670172082568553, 6.536169224641149, 8.185508168722645, 6.125078964920839, 7.216738713119184, 6.949458372161925, 7.347659130179761, 6.792751580394685, 6.760930503898697, 7.397756504174103)",0.9604207850787121
10.076262546155759,9.09176099168854,1.280061576428372,"(9.940452196199445, 8.153289743209472, 11.181741808422949, 7.2490491906011245, 8.791550665466731, 9.233154400256142, 6.877971357637725, 11.776641882874122, 8.869119341624673, 9.156271626562875, 10.374808596179218, 7.823988994734122, 10.263668068309153, 7.909532812621055, 9.590577027362341, 8.464323945060954, 8.482852425846605, 9.558792980926382, 8.010946954962689, 10.126485814913067)",0.7691048404203922
41.23131543422168,39.999403064317505,1.0190812649660281,"(42.32586827685446, 37.77759015931094, 40.0589509806843, 39.91555788253453, 39.084342181389985, 40.91058558107249, 39.80041105229131, 40.174861211069995, 41.52721230407423, 38.503876963673164, 39.56096111304998, 40.41767504240929, 40.68372103894445, 39.3022308569195, 39.97503320943373, 39.99898689784837, 40.93102613886756, 39.06501188213652, 40.00002024087918, 39.97413827290599)",1.2088460579689289
20.763676962179723,19.97702314447855,1.7949862602860662,"(19.327928928491996, 20.490853123815302, 18.907870288354786, 20.948108706404415, 21.795864536588116, 18.170228997158173, 21.131686690254824, 18.74328718261274, 17.488453908040352, 22.6443467834583, 20.87781032646264, 18.968835200884083, 18.808386757696425, 21.055812199425304, 19.749741206179962, 20.052005093830182, 16.410183261367177, 24.135307146304026, 19.118465341479087, 20.715287210763037)",0.4382506067627522
8.658067755532034,7.411161664976181,1.4159744864335015,"(7.350425493223086, 7.217905754986495, 6.554830345782664, 8.083742730092796, 6.43040370349801, 8.268317847286868, 6.728230928953551, 7.871290744338001, 4.680699662470567, 11.373313135585972, 7.335487621172153, 7.25024429659083, 5.729004990612077, 9.283836655423146, 6.1252384352588, 8.68464464545385, 8.182016286084314, 6.483421657857999, 7.622043022480268, 6.968135342372155)",0.8805992639715631
8.477812475971492,10.399585795717865,1.4183572891975706,"(9.19812645516462, 11.549206640685323, 9.448177233768611, 11.246915129244334, 12.467503146793964, 8.524865491380272, 11.430153417741998, 9.293881912389212, 10.381353441918522, 10.23806314805454, 9.445769709330992, 11.25129804654446, 10.603149611522722, 10.023601902013032, 8.991338433414322, 11.819873192868256, 13.578282403402644, 7.825934365216181, 11.104849265317064, 9.569372967586238)",-1.354928926852844
11.74863283491202,13.95620541060856,1.7344178636081684,"(12.253856465855087, 15.662367680635697, 11.197652776851381, 17.14939253204957, 12.665797363533363, 15.155581801988882, 15.008865931076649, 12.791593638809095, 13.693409386199823, 14.015214560490454, 14.633565433524133, 13.116038061928808, 12.742488821325397, 15.06281693621264, 13.80683694782717, 13.900566468942335, 14.14573595387791, 13.572620372562724, 17.71188086695859, 10.837826211521444)",-1.2728031819875585
18.808716889106634,17.966939572520104,1.7119245595714174,"(18.21706165011577, 17.56874768567539, 15.743979154669379, 20.33754872941678, 16.808623770770833, 19.03990448760349, 16.568275416695226, 19.323670483577573, 18.67240392189822, 17.135535580321264, 22.259443881372835, 14.37611313461774, 17.33876049472957, 18.455791597749304, 17.586791538394333, 18.1945761785715, 16.56826357254828, 19.32173941758002, 17.052264550058243, 18.769296204036316)",0.4917140255276611
18.031904798898083,18.59867351149488,2.6596773309659056,"(16.14484533790864, 21.017318812019937, 17.487570960407, 19.430127265612768, 14.953271290242162, 22.687350945988825, 13.533739119069454, 25.098955207249876, 21.244759453246996, 15.957250346217208, 17.263637941716016, 19.645444534794873, 16.950796432479613, 20.00713610851134, 18.92256381053619, 17.919625342712425, 18.786675422506555, 18.074803558115168, 18.740170171491926, 18.10742816907067)",-0.21309679411034643
17.532987698376903,18.483463958188068,1.7422068292903419,"(19.366837980184354, 17.49136558600183, 19.399949977420206, 17.50790869427774, 18.734528852704674, 18.074513720890284, 18.089356946411822, 18.76526013366208, 17.92725881093424, 18.8623124182642, 20.408813705568765, 16.58240341358371, 19.67579454727528, 17.198732035876372, 20.153214150413746, 16.78633057105453, 15.217945402346793, 22.291202775442017, 21.012977099699324, 16.12257234174943)",-0.5455587957936802
19.224764966625425,20.331431489468965,6.346492644500302,"(12.772071353804286, 29.51897834598862, 13.745598956453215, 27.592532039267574, 25.143490482951805, 14.975141835388255, 19.26415572360701, 19.66527941195242, 22.96023289034906, 16.34617229448501, 16.08083868348472, 23.38511267052799, 34.79785175080741, 10.804016648592457, 14.827569132464218, 25.339168108091762, 14.50991665494966, 26.062403804583344, 19.733593752549407, 19.10450524908103)",-0.17437450649258168
13.440856558941487,20.490113080241457,6.749350966020142,"(19.096761250102738, 19.879893665457526, 26.59280867040126, 14.304487269622479, 16.843348960330058, 22.52957789723209, 20.988002747356962, 18.117526273990237, 24.333822410576243, 15.577678880847486, 26.47645923711263, 14.326468280161617, 14.539115654128151, 26.086971365384326, 21.69860370806141, 17.47585963182577, 11.980295705761103, 31.72074110230582, 10.270555949519483, 36.96328294465185)",-1.0444347251742743
42.55032716266659,37.1346432706479,6.125630364966614,"(31.38897637348427, 42.81516122200468, 34.074421102805815, 39.462119549074586, 42.9212734666708, 31.29592948069592, 40.57805408584421, 33.13869052265696, 44.803243915181625, 29.969278106438, 31.377795439266727, 42.80450895706042, 28.341407429025846, 47.386219636142066, 40.81458694194201, 32.90407978130494, 37.082150671654375, 36.247746807019865, 46.213286158512915, 29.07393576617184)",0.8841022995758588
102.95668504992557,99.96760646173853,9.90008498644007,"(96.70677255726689, 102.38085558944917, 86.55246776999786, 114.39229877636173, 118.84806538063589, 83.30723404120664, 90.25913886318224, 109.69458707025832, 110.21972970794113, 89.8286696074497, 113.29959983098573, 87.38690009269014, 99.05003759968118, 99.95854326742462, 101.55821926403341, 97.48987110089729, 93.35314908441491, 106.05881543265909, 99.73075051353919, 99.27642368469571)",0.3019245382520571
3.470582023066583,3.996381997461952,1.008310491931777,"(3.6964318299462855, 4.096083910690799, 3.4629964010434633, 4.393313853048157, 4.184128568018436, 3.5641765135437407, 3.0007082425409908, 4.991777081779751, 2.1899050442250387, 6.844392774381431, 3.8390853142006467, 3.9496238576721145, 4.7260699972503915, 3.2152554469414687, 3.4160008799298973, 4.42113345178197, 3.0394361922169932, 4.890090034783433, 4.950891642183982, 3.056138913060059)",-0.5214663326452275
5.776977883876202,6.997509492764043,0.6895336054121419,"(6.304019119507087, 7.706240958883103, 7.4546682675644576, 6.527274379410131, 6.745544493643235, 7.16980817183425, 8.064637170066039, 6.00526447062146, 6.162652919719131, 7.8582270527640485, 6.707389459807269, 7.248380827951349, 7.06622829759695, 6.884027290048188, 7.185262852862919, 6.756904600905873, 8.437889754855862, 5.724770946751814, 6.892526922008548, 7.048471898479126)",-1.770082849201114
9.012393652264555,9.02007194623882,1.1656847710657439,"(8.960220944193516, 8.940611207798755, 8.346112815878563, 9.603988287432074, 7.842883263327808, 10.20122337100364, 7.656571271129651, 10.453887004245573, 8.584610745238042, 9.32243562141557, 11.229329005304272, 7.136952322097633, 9.015673718008724, 8.890277804313538, 9.72474178407065, 8.236870562487114, 11.023467941187244, 7.254332160477189, 8.167520102128652, 9.809728993038169)",-0.006586938565943245
40.75857753154195,40.00631825420652,1.2748677623687215,"(39.69508962248825, 40.281045354883354, 42.23926574718321, 37.85471867477783, 39.985346008682846, 39.98890643353345, 40.645954240367516, 39.33889550452997, 39.34516065667522, 40.63948833560867, 37.71897453831701, 42.39132926699007, 40.33084225839959, 39.64599245379901, 41.099306462188075, 38.904814923628294, 38.31665451373232, 41.730507669043114, 39.92582977058543, 40.04824264871699)",0.5900684757591842
21.42713859962828,20.000788730236877,2.0861597929654425,"(22.92876646093475, 17.267473004311768, 20.75208666475878, 19.078106687958407, 17.032939820392798, 23.24670375575426, 21.07749682124751, 18.785357017977358, 19.43223549979054, 20.37574760692636, 20.905700612081784, 18.938364682745075, 20.568222483408256, 19.248827105163762, 24.508945162416158, 16.154463400934148, 18.673917996980414, 21.204284717472415, 20.81512216831857, 19.021012935164357)",0.6837203335051666
6.275786821561868,7.732178052588606,2.644782530415647,"(5.496440997363281, 9.719809219980108, 11.848747984286796, 4.513659101800148, 8.535635756581451, 6.241079515568647, 4.4644327267464465, 11.943007669735426, 9.764080304950358, 5.460323947408462, 7.58424909578893, 7.047947950626845, 9.324623281156487, 5.734428165920403, 10.27637975004138, 5.196772910006053, 12.256829987229603, 4.342705775346394, 6.0253668569495975, 8.867040054285281)",-0.5506657784819285
8.339544945259036,10.41462550358607,1.4211339755103973,"(12.623800066750075, 8.441183335853223, 8.760936320515837, 12.164824977486198, 9.34177601941577, 11.404212675550443, 10.213992263409228, 10.431248061636822, 11.574945773733068, 9.204102851534326, 11.588208593329831, 9.196910758906014, 12.650957398164154, 8.424325168479363, 9.164817664011045, 11.62717976264158, 11.591343007078727, 9.189685777238521, 9.617997078631578, 11.080062517355572)",-1.4601582919596114
14.370699749654841,14.045236132377122,2.328752702239787,"(16.869448480686778, 11.390405345440476, 15.808820458411576, 12.15420064906336, 12.413577364703599, 15.483208615655192, 16.77743267512988, 11.455171625816208, 12.706501177782508, 15.124230235541532, 10.449974915164272, 18.388860366749388, 14.884815378013224, 12.909227497272893, 17.340058682772593, 11.082200142883343, 13.47532578562205, 14.263182619928894, 12.281929342392313, 15.646151288512383)",0.13975877170842993
19.87939823252284,17.957235365631544,1.6627684037543442,"(19.282297507070744, 16.5860255998289, 18.792575969980717, 17.016477393547223, 17.28564872894442, 18.50895934502206, 14.609169260125126, 21.89741902589125, 20.04712509993675, 15.957069411376825, 18.501506431600305, 17.285936667541005, 18.46820145326896, 17.316046525393176, 18.785010704067016, 17.02643933289664, 16.12459431530359, 19.84293014177363, 18.78983397814805, 17.021440420914445)",1.1560015589370516
15.845761551529606,18.454483800988452,1.6487212169165288,"(16.98247137163911, 19.894239399161755, 16.670715105660264, 20.25941385132056, 18.91976031350377, 17.878884571374932, 20.07814475057486, 16.841299872976528, 16.2702746527776, 20.780999274226968, 19.28060852294538, 17.522538134798467, 19.835012987562447, 17.029521886238175, 17.598105600558405, 19.202938691471783, 16.233897353858676, 20.841229882962317, 16.53701592321263, 20.43260387294448)",-1.5822700785871675
18.530855491282427,18.539578839414045,2.7143812148703277,"(18.239706703042227, 18.44882856059937, 16.931246344439593, 19.86156015642459, 21.142468109901024, 15.953376945871833, 16.91832725107099, 19.922661281747327, 20.809727104382326, 16.194392462391285, 23.398658676719084, 14.380570514269989, 21.728128733908807, 15.480475559185436, 15.416974398879395, 21.83693983847658, 15.363476342907221, 21.963052527817233, 19.813990246411255, 16.98701502983534)",-0.003213752027102171
16.378667325507717,19.942667992570833,5.200854957597677,"(19.248581563520116, 19.34193095827514, 24.271044029038524, 15.313596954071283, 21.934986828175514, 17.071226184126047, 24.320593825487627, 15.370107294202876, 18.99153751630672, 19.676355103651385, 12.062389393850735, 30.857176611614683, 17.30257123099018, 21.49315861308581, 27.898934310934028, 13.359370044405074, 17.769034491601484, 21.09629954572691, 28.323368826638866, 13.151096525713632)",-0.6852720747108396
18.74444887952147,19.855676896219375,4.537102769944005,"(12.200819716878929, 30.75908567429978, 19.12511014234896, 19.61183054672926, 19.046487996176896, 19.741024381876244, 23.287793800952734, 16.136512307265832, 14.364418368798129, 26.15782471375747, 19.42038381375514, 19.322769256918985, 23.466882879357318, 15.986275557806234, 19.126671066507267, 19.6281458054547, 17.440543579020247, 21.566411899483658, 26.629382569940688, 14.095163847058998)",-0.24492017770882854
38.65068986175985,36.979411281994736,5.546080288057571,"(42.74974901605757, 31.306640584518806, 34.767780211818796, 38.480753932682816, 36.63960720687846, 36.55977900965302, 33.337935223079775, 40.16938805824935, 47.918239372111636, 27.94733181049563, 36.759000225079845, 36.40234416586753, 40.30721192253714, 33.194461524927895, 47.09337446490969, 28.42210549505757, 34.84144477467362, 38.45662518434071, 43.39185460137229, 30.84259885558239)",0.301344101231981
104.74811424186603,99.77574080006937,7.574288662508252,"(89.72964026324165, 110.3406334464667, 104.09153500444218, 95.11640593734056, 102.35644352744755, 96.72917782813862, 91.74356552203032, 107.91868977538064, 92.12381227211704, 107.47326298913738, 97.16578751243998, 101.89612821232679, 92.85300084658402, 106.62891271593229, 106.96251308232645, 92.56353116857994, 98.50769231574012, 100.50854221293925, 113.81520018289162, 86.99034118588416)",0.6564805836367535
4.5731769420701225,3.965105071948252,1.2458721323694253,"(2.6915875484889717, 5.357415344494842, 5.100864285593609, 2.7719497005904477, 4.534511419682517, 3.157552599944511, 6.863669546646406, 2.060001759471475, 4.388756403755454, 3.2649487422701227, 2.828753807669017, 5.083584433356763, 2.616467181609086, 5.477393556432223, 3.592271493088361, 4.0157004606472375, 4.300020444139318, 3.3473544560479596, 4.9862269140880695, 2.8630713409486512)",0.48806924428546833
6.155686430089033,6.890209825962117,0.8234284430338875,"(6.850366268198198, 6.852839500615122, 8.467614044088961, 5.509308842724595, 5.799535723857753, 8.076306143491916, 6.7833908915936085, 6.877323415342007, 6.946543977297613, 6.744807189858907, 7.617073632950704, 6.157730714305511, 8.2643786514303, 5.6695016640994975, 7.323652468714105, 6.410866884441352, 6.757413501950864, 6.942957038095813, 6.179686923862026, 7.5728990423234785)",-0.8920306337327423
8.359665394553275,9.016066482145225,0.9889804727808732,"(8.505006078388432, 9.457228530520727, 8.013667051487413, 10.013426463617918, 9.137545866960236, 8.795165914626125, 10.793623026469634, 7.434577494169281, 10.541419655500313, 7.625016311037599, 10.040255915882486, 8.008599223278772, 8.357068003045258, 9.618093176663676, 10.325754448055921, 7.79009441254628, 8.836374613667392, 9.100451558715893, 9.059740324289871, 8.86822157398129)",-0.6637149121319285
41.18820835250774,40.00631917689122,1.236675418050876,"(38.78857778457388, 41.22467208167057, 38.79658599693279, 41.216634847207786, 40.657666183134005, 39.329683673190516, 38.60768747328448, 41.418294392196884, 40.18471617138597, 39.79254124265958, 39.41967456777254, 40.56474055845329, 41.823293492018, 38.23352314329672, 41.85337693083274, 38.20589982189477, 41.490111423639824, 38.540464542429135, 40.26171718154896, 39.716522029701885)",0.9556987697542343
20.44008500077891,20.055928080545762,2.5388485055731387,"(18.119270026608845, 21.86513719601636, 21.981677209921944, 18.02573115934836, 21.890116586887924, 18.099513346637533, 17.841369777005866, 22.20883087882344, 21.027316166183393, 18.842093081653307, 19.952332706785352, 19.856727150208744, 19.596174836734566, 20.218136121723717, 15.407867850340317, 25.71277398074468, 24.458238931468696, 16.19844398666494, 20.276249820569326, 19.54056079658788)",0.1513114781720411
8.003282303788048,7.368215488021081,1.6329039809993278,"(7.682252476619441, 6.7714922453314905, 6.453808735856333, 8.020281575486079, 7.495128838986761, 6.928143502283941, 6.567164337927974, 7.881987871733258, 9.720681205528072, 5.343283891149365, 8.214096763160684, 6.328716402345222, 6.6989201778471115, 7.753765315258237, 8.605868283885881, 6.045427050339216, 4.303652958340389, 12.0817144376018, 7.8959100293888795, 6.572013661351472)",0.3889186523865964
10.355422662200326,10.418865510324027,1.4901568687123676,"(9.995591293637961, 10.652665120455113, 8.946222843204337, 11.895013042331161, 8.2614203719874, 12.886038060094247, 11.26624683621526, 9.445613791008702, 12.210484775614466, 8.718952331960365, 11.150209348681443, 9.548823826640852, 11.46429298624522, 9.2864482399009, 12.433473471035681, 8.564103383006332, 10.494239103607466, 10.145850875413785, 12.48591557791449, 8.525704927525338)",-0.04257461040227376
15.814225159222895,13.977798832473471,1.7759840851678055,"(14.581023339254669, 13.200037734501104, 14.546997171263138, 13.234032581597154, 13.346471035572005, 14.422301720653975, 12.533018764165016, 15.36080031341446, 14.389165515031193, 13.377399223575988, 13.433140015865096, 14.328527872160416, 15.085554350410346, 12.759790745340073, 15.253655595334331, 12.61792900016873, 14.208639099774016, 13.54621761586704, 9.913628410492738, 19.41764654502793)",1.0340330986557837
17.32078267962475,18.012184494231764,2.0143742330278243,"(19.34731049624169, 16.56853299236676, 21.333367361655558, 15.033922807135317, 20.29922482643091, 15.794561709546164, 18.67322953324111, 17.175674828166834, 22.30180804239456, 14.37612480008785, 16.64523718875495, 19.259569285549095, 17.47930502112592, 18.342364667409562, 16.779712743905073, 19.103594252579857, 19.15134703381517, 16.73885386777261, 18.612333131993754, 17.22761529446257)",-0.3432340442360421
18.394511983512245,18.569193100783448,2.208368035725343,"(15.232240497020353, 22.322302033699046, 17.12836577968003, 19.884398102706324, 18.386369001999068, 18.504187071898464, 18.418650765235814, 18.4916021703893, 20.56033022494992, 16.546922211281125, 18.70305196044202, 18.18410108563072, 14.573579127293705, 23.34391327401566, 16.4474349256549, 20.672269754790772, 16.796954772817898, 20.245933844364306, 17.551953256033837, 19.38930215576567)",-0.07909964029787626
22.472159983228615,18.595122227934013,2.156986240634742,"(19.007385197181787, 17.93926253429427, 19.31625590025135, 17.709887077664437, 19.986868152285858, 17.080254465917335, 22.571838378460242, 15.155817519051444, 18.499848212187576, 18.451603673425062, 21.891353177461507, 15.583028093718507, 16.494210749369735, 20.69456768337333, 22.22195002948456, 15.343087929069746, 18.574044925384044, 18.363192791617774, 17.500816709275753, 19.517171359205978)",1.7974327708987587
19.799322773165024,20.24350255344855,4.630634660731216,"(16.883276407614055, 23.034197367026607, 20.282303715138877, 19.332692789020072, 12.693477576880717, 30.72897726923393, 24.309862767220206, 16.130185386734688, 21.331348723116324, 18.28094930486245, 20.866491068220636, 18.65856218540088, 25.69935708915792, 15.172625262166319, 20.523694597258707, 18.9448369308455, 14.450694937224684, 26.931992337046154, 15.637205655514789, 24.97731969928745)",-0.09592200914709757
27.661766633338505,20.10181118536147,5.170403012060717,"(17.25039284760606, 21.969468080178252, 23.732715627132674, 16.01268763824218, 16.530016127656335, 22.949760506987133, 17.53736289887486, 21.669638036785337, 29.74195444182612, 12.753965778202655, 14.7722234990097, 25.664845652778972, 22.788975716580197, 16.64479775792812, 28.595702126000745, 13.252262605683272, 13.890274178628713, 27.290829334035838, 18.7909051178377, 20.197445735254536)",1.4621598026966833
40.83104447466909,36.823543683174385,3.1972250933546498,"(39.23555202088695, 34.29382657805073, 32.950371879824395, 40.898508611356654, 35.64041292712131, 37.774626209909826, 35.893629972325634, 37.54441336178554, 31.619396171942217, 42.57432695434649, 36.10887935348369, 37.271128032976925, 41.25932937459882, 32.62682637395603, 41.5504195709188, 32.381948928926356, 37.36258153425873, 36.01832693421861, 35.07048113258375, 38.39588774001609)",1.25343092040163
100.18129000081206,100.25041915287102,12.578820947771488,"(88.63847609267904, 111.70166531318658, 87.43623827180528, 113.23819304939443, 98.95496525334391, 100.0564885108537, 79.87172410517681, 123.96277977056748, 106.62982322305295, 92.8547171741349, 100.60686638281148, 98.41349090546503, 121.57743530999964, 81.43848191701757, 102.13005908352895, 96.94563985443611, 110.83798032394652, 89.32922507264206, 88.47209140598481, 111.91204203739281)",-0.0054956781995700605
4.6536069528061645,3.9413879376822383,0.8187482035427752,"(4.267062594961977, 3.4825143344252822, 4.44792170621816, 3.3776826333312346, 4.70282431523782, 3.1780689662636634, 4.123955787579423, 3.632693111839636, 3.9853926477758015, 3.7574596646566905, 6.017252981130714, 2.474560737565668, 4.016263932524416, 3.7326850144328065, 3.6199226982991726, 4.095925020639603, 3.4194505010707115, 4.343864914676958, 5.382062132990524, 2.7701950580245014)",0.8698877286595679
7.544138070096796,7.043905312866663,1.1970059817996321,"(6.603660765387966, 7.302040165860015, 5.015645034586154, 9.64456551488325, 6.314069504209071, 7.649737527867225, 6.129222231429565, 7.88616760858878, 5.751553173227621, 8.402600996701388, 6.332467542566607, 7.618856484992029, 7.346418309112173, 6.580459528682609, 5.433893421806891, 8.867142886429281, 5.838463977005419, 8.258023685511738, 6.70622352931674, 7.196894369168781)",0.41790330611218923
7.4889358750122454,8.915479467630666,0.7570104685069767,"(9.208524415632645, 8.569303641158518, 9.371004880531032, 8.429752133479658, 8.293747004806592, 9.519862991961022, 10.363744373556113, 7.620477125615737, 8.919635613034135, 8.853491873412926, 7.9845993597570155, 9.884370753497546, 9.910339177256537, 7.969193834660915, 8.180245257839804, 9.643306265852697, 8.325785614369972, 9.477499481487495, 8.515905400284906, 9.268800154418074)",-1.8844436794010775
40.496137605468796,39.995452713525644,0.8086833863582951,"(39.814241422787404, 40.16197394544854, 39.38276755475421, 40.60176435748627, 38.74244373312434, 41.272921950748255, 39.67176972550567, 40.30603952257599, 40.196319880721425, 39.780071149194804, 39.02301174072058, 40.97625426800484, 41.232671710302874, 38.780211739488074, 40.42192661434504, 39.558253503537074, 39.889927826890926, 40.08577563194792, 38.81702209415768, 41.193685898770966)",0.6191358699699051
22.732276522148467,19.963039112814723,1.5940387422302473,"(18.974350247012985, 20.87686506352654, 17.585261177797594, 22.52442119149712, 18.36559282071132, 21.56808298090219, 20.447359349362543, 19.371950138476915, 18.506312131799028, 21.403822683920612, 18.53028371510462, 21.37684880000048, 17.609587660081665, 22.49360335758953, 18.32747386249228, 21.61398510090473, 20.570408616383915, 19.257087635226004, 18.909716715892166, 20.94776900761213)",1.7372459877977973
10.409123045974972,7.596297233815263,2.5119466412057205,"(6.99985848016947, 7.448743042525253, 11.11040041022672, 4.70407360994721, 5.667086004341606, 9.21203964081096, 7.86698219787792, 6.639657571069127, 9.137348226179462, 5.715795447985884, 8.63075801367315, 6.043594414317662, 4.508529096416929, 11.586721252017394, 13.876345301961088, 3.7552645056977174, 7.281360102682358, 7.160105959548172, 6.301552510902643, 8.27972888795453)",1.1197792843280971
9.054056701649465,10.428954537954848,1.641989366363391,"(10.685871369708643, 9.942178701134095, 11.266776689780173, 9.432108003933063, 12.675174032914835, 8.383005578349007, 9.753707097456077, 10.8947627767982, 9.192317697926457, 11.559738834201614, 12.498193216028945, 8.500725228417181, 11.780989689696668, 9.019867576982623, 7.4613264756537205, 14.2372941715123, 11.088225557746563, 9.581340905472098, 9.987281689167917, 10.63820546621677)",-0.837336626211197
9.2872711583661,13.99232835620559,2.0211935087552577,"(13.4344465726719, 14.288401512059197, 17.535810317380804, 10.9451252087304, 11.882018662260464, 16.154141354548454, 13.975831579437832, 13.733808179181072, 11.136829019609346, 17.23459591645304, 14.235722586991539, 13.48356533563284, 17.064550284963996, 11.24760037457481, 12.68103031124697, 15.137084275674994, 13.595875543842437, 14.118893402577179, 15.85477401956308, 12.106462666711488)",-2.3278608294843957
19.07813990994568,17.979689386868063,1.7881685139407406,"(15.46774816527511, 20.706032412406383, 16.180562216596797, 19.78871455952117, 20.381649605021245, 15.71177788820509, 18.239715127976314, 17.55599002957295, 15.499220683617272, 20.660193986629295, 17.39510979840175, 18.410732159297943, 19.302315604719656, 16.589102307942483, 20.105267148763616, 15.930537631583645, 17.152869542785716, 18.672084908860214, 16.945871643686573, 18.898292316498015)",0.6142880352237422
17.681187724635365,18.485080279812617,1.8090890445263748,"(19.541504005019473, 17.332899637810122, 16.48216039501501, 20.533364605093436, 20.373557775877593, 16.61787352419571, 15.801321028257021, 21.423025100419874, 16.746640562316518, 20.213930826253446, 19.87115994679932, 17.0422226859954, 19.180666229394777, 17.647275007882975, 21.092806853959885, 16.06014938385914, 16.93126077781623, 20.005853302833522, 18.29173508860946, 18.51219885884336)",-0.4443631769312464
22.451189869319588,18.555388930453528,1.9702855796246357,"(17.003640013398826, 20.045801083339725, 16.169857416617038, 21.04673634574927, 20.854219148872925, 16.331133908185823, 16.951362783826667, 20.085205103764608, 18.173334826889803, 18.735026774457477, 19.206943999425842, 17.74007545341328, 16.346641817231237, 20.825230959604763, 15.231165453785788, 22.38391366151648, 20.0731425089099, 16.981756077306056, 18.085411548699675, 18.837179724075472)",1.977277293786142
13.166478595097676,19.924526050591297,3.8848911526392818,"(16.885699629487366, 22.716502270286906, 21.422648627248112, 17.83370053926702, 18.4519944640042, 20.744175940145144, 19.96984714650401, 19.152282694944052, 27.889770655712855, 13.714617653190201, 25.84502202036401, 14.828640350280034, 24.381043095126483, 15.681873644265936, 21.776060883218964, 17.62700259791874, 19.25876503074599, 19.92104374536397, 25.169137596542686, 15.220692427209219)",-1.7395718927420658
16.28150136491678,20.184433875009688,5.602057839895813,"(23.988760559503145, 15.804383211330734, 13.807017584206676, 27.42223349694456, 11.683430066332582, 32.42706386241285, 23.331587871299902, 16.233749104360154, 18.123318815733242, 20.899529667596955, 24.749498850420306, 15.31409573638751, 12.754526983565722, 29.69274421896125, 19.231230834024007, 19.718662284867406, 22.20733209684537, 17.073229558346902, 22.00275096142349, 17.223531735630893)",-0.6966962180036137
36.33087762159241,37.24329889180293,6.577459742145675,"(39.48710209812241, 34.116485402101546, 42.11771019883764, 31.962387298204323, 35.742644999206284, 37.675873302839996, 37.80609721332936, 35.6137812018928, 34.354533562294485, 39.19357452898132, 28.541582604873383, 47.19328972403108, 31.820239523336348, 42.31249823861295, 27.290852872503592, 49.37238515363444, 34.29425797683825, 39.28303801456502, 49.4501985365982, 27.23744538525517)",-0.13871940019094298
90.22748584174936,100.20077449293959,12.168662381109366,"(107.27085026924354, 92.30046564541146, 106.86147285861172, 92.65381438591743, 90.1825057299142, 109.7899756576509, 84.59758404309964, 117.03796509230881, 78.65381334215111, 125.88240395822325, 99.79308732651025, 99.21673644529167, 120.22821300019933, 82.35279266424732, 102.32989194707498, 96.75723183938135, 102.13511691235328, 96.94167785051333, 98.07220609537438, 100.95768479531398)",-0.8195879168011734
4.156631040644636,4.040097292210388,0.6975530020006144,"(3.752562623580647, 4.170153142815437, 3.923592683701011, 3.997518557094345, 4.014341222914632, 4.007018126193875, 5.820513125394737, 2.684032902949268, 4.267740941183993, 3.782563785657256, 4.330545027873488, 3.7460168677006673, 4.191892645498557, 3.8058659812781492, 3.9799388667963616, 3.9891929903064245, 3.997399029335609, 4.023092932990212, 5.522069425601454, 2.79589496534163)",0.16706077975440453
6.758521457920264,6.958908544908339,1.3278667171356255,"(6.776101866897757, 6.887842339107603, 6.704463875297556, 6.966633178805963, 8.695546751251008, 5.406982312249506, 7.214789842333575, 6.464225677298009, 9.00152715071605, 5.221971497565637, 4.494799361247233, 10.475591403801706, 6.184095859687557, 7.5827557930917235, 6.85545159262121, 6.830747595206502, 7.484871631609155, 6.2828045606161265, 6.471127320390812, 7.175841288372076)",-0.15090903657886282
8.591635174675028,8.976342158649251,1.2450117553723363,"(8.846257552224564, 8.937773488601595, 7.696908029272661, 10.274824043992718, 8.28336291117194, 9.562553912400867, 10.154103231039866, 7.784070314391226, 7.913334421433759, 10.002494437304758, 8.766790498226259, 9.035355146215226, 11.109403115905451, 7.123886559744576, 11.187243579230012, 7.071447333330614, 8.921667160468134, 8.880510972286991, 7.6206657043628505, 10.354190761380924)",-0.30899867596765873
39.522340540483555,39.99074038172182,0.5580967773941542,"(39.93948915850078, 40.03485670122751, 40.812273772338905, 39.17865935384143, 39.83871967926618, 40.13569160077349, 40.45427818100796, 39.52542769930129, 39.24327846329664, 40.744580905727375, 39.42003937436697, 40.5619076540826, 40.3369123075141, 39.6401605370742, 40.2139596147973, 39.76140538505594, 40.568547998475026, 39.41371182422204, 40.80556515270655, 39.185342270860275)",-0.8392806771350704
18.595406893031686,20.0122043649297,2.278924355162626,"(22.3388128947436, 17.710252682361958, 24.517559662983423, 16.136182753459135, 21.870398349997757, 18.086270101754437, 21.96092667565541, 18.015103291264225, 19.73944544130006, 20.037510898625158, 19.75225844867005, 20.024864632223757, 23.4499669027012, 16.869079017776222, 21.0964328981092, 18.751375334661457, 18.436113752043624, 21.456025146766986, 22.061727697199906, 17.9337807162964)",-0.6216956998543776
5.914849165140409,7.470302622861827,1.935325582028067,"(5.273746467597899, 9.926211057073829, 7.679616009913694, 6.81968860114292, 6.463858611324304, 8.134517333810212, 7.94326695695402, 6.58708650363826, 5.24210825131847, 10.027355595363986, 7.741600918749738, 6.797277753162928, 4.221329528313216, 12.435365323687256, 5.5212761177207375, 9.499518562384223, 8.314349328464743, 6.325067801391259, 7.019156208531339, 7.43365552669349)",-0.803716683211218
13.674102165098931,10.453581451706798,1.9373813964695994,"(8.346774731519048, 12.672905999226487, 10.499229646354188, 10.075270073411742, 9.181166056863066, 11.523445540145554, 12.498526056706112, 8.462421767601008, 8.779392671523405, 12.046202249073927, 8.623357781718305, 12.26713435572734, 14.583426962427996, 7.253469860338896, 9.711699683251254, 10.891217750135207, 10.2333160000274, 10.339916828939923, 12.865483274128865, 8.217271745016209)",1.6623059967752036
16.366011179728755,13.979679309657442,2.2873343820969874,"(9.88241314134115, 19.29337464767287, 10.477703528699983, 18.196462876174234, 12.896071276074425, 14.775429267953372, 13.19494066636542, 14.449563962496056, 15.225755301863662, 12.5092814985189, 14.21963113424314, 13.396448095798098, 15.43185006849273, 12.34935700493729, 12.452284090686518, 15.305089025805495, 14.267953655559952, 13.356863184388567, 11.925176037408818, 15.987937728668083)",1.0432807239506305
18.801446595894355,17.893270992338408,1.3740552881011137,"(19.874407197945484, 16.026339600942876, 17.216764703883722, 18.49906783378165, 17.27455045254371, 18.424511756116633, 16.297599130442165, 19.5439502053414, 15.444131547997067, 20.60208213533039, 17.674375762734872, 18.003958916572756, 18.576372675038826, 17.137592663499937, 17.410014736853665, 18.28714882082679, 19.773470489294095, 16.098174659088162, 18.09330490457001, 17.607601653963933)",0.6609454593424744
17.730087037942063,18.386657341288966,1.7858795974862496,"(19.065863945042228, 17.596538235386777, 17.766119671097417, 18.88015295480289, 18.841501658133012, 17.764378978284583, 15.259188568529298, 21.987633190470014, 19.436780256381432, 17.205066618463214, 19.38184701948748, 17.25825510563248, 15.414503065774793, 21.730994696654236, 17.773529426549203, 18.851408402518125, 16.20043590834477, 20.668690376936468, 18.620005959869907, 18.03025278742099)",-0.3676453352572436
18.258370934888557,18.236415757393512,1.7519541690682587,"(20.070419645692528, 16.46591385324246, 15.930129185873646, 20.737587186885964, 16.494526481554303, 19.94529532288981, 18.076909295066987, 18.283853288802206, 16.55070645948512, 19.8434657464402, 17.99777158125575, 18.257092943305516, 18.135674790532097, 18.167988314130078, 20.792724244813837, 15.853958160208618, 15.49976572223743, 21.241818591688766, 18.312411752457916, 18.07030258130698)",0.012531821826549848
15.707189438723631,19.40992037995572,4.108686794599343,"(22.63011399779224, 16.04367919547552, 19.706861918438356, 18.406469964264385, 13.057396682110472, 27.504401829625394, 18.022391263653976, 20.15194944324976, 14.841532201375616, 24.103725329159243, 23.991621182429697, 14.927519840753419, 14.896848900184496, 24.19905568982197, 15.242570636786414, 23.67786009072447, 19.207291838558472, 18.731936075213447, 23.048676851154294, 15.806504668342695)",-0.9011957168648481
13.354656300655806,20.026957399663495,5.590178101579961,"(19.329922084456555, 19.31283274940096, 15.316642663158584, 24.365591514950875, 16.886221998546745, 22.027026010872, 11.921360013236042, 31.318312138883783, 25.23522114358667, 14.720429964367561, 17.200487756851178, 21.604612581588697, 17.86302687210564, 20.84898807116308, 13.699451344523911, 27.196161086869576, 23.30667902445341, 15.968766909131148, 29.929668331575343, 12.487745733548142)",-1.1935757640927191
40.33023694569182,36.73620930009523,3.3357918124793735,"(39.056232907303205, 34.31033157891398, 38.55685390053587, 34.7500339625474, 38.56311356598626, 34.69738261392671, 29.943711349020486, 44.75522282861659, 39.351318305114184, 33.99132808522948, 38.220643016968964, 35.00018635506393, 40.03625431662044, 33.441126305146874, 38.6865092135004, 34.61348960424832, 39.71269798934208, 33.700298185997475, 38.569421612647005, 34.76803030517499)",1.0774136539789871
112.87435223006285,100.35397925654271,13.468508594823891,"(89.82685499489142, 110.22313531189681, 98.10460319258446, 100.9228226971552, 107.28601260445957, 92.28558377583114, 121.99620569293145, 81.15826357754598, 83.03997691413826, 119.23105547797239, 104.67955267289828, 94.58338713376119, 76.62410842976279, 129.21483920390807, 99.28767655461604, 99.72009705326394, 108.8291032726382, 90.97712367818619, 102.39144498437155, 96.6977379080412)",0.9296035181157227
3.6205791593397763,4.120869589094283,1.4402149180876649,"(1.8961989124064687, 7.998623206791216, 2.574510980730276, 5.911467719855687, 3.6085653251670835, 4.220572608313689, 3.0406590076733035, 4.9621932545890965, 4.162126426342754, 3.6548650098111852, 4.505336110742598, 3.3927907882922743, 2.931129594929482, 5.1927668161925125, 5.986229118271109, 2.535118747378641, 4.686331899944962, 3.2478187355882717, 4.692312634643843, 3.217774884221216)",-0.34737206473239296
6.922674000816355,6.989576560756499,0.6922501803541781,"(7.1046606723581425, 6.809218825669025, 7.066621489592079, 6.852893829557831, 6.36303440020441, 7.612421849123714, 7.718377780092605, 6.25856311212049, 7.814128787285978, 6.196680619153149, 8.355076384449971, 5.80410911689611, 7.155291331374895, 6.7684422733861895, 5.9576814755588705, 8.121671239832533, 7.251722810847145, 6.677870428833401, 6.855343742361856, 7.04772104643156)",-0.09664505960246086
9.172369752786324,9.028453052582794,0.988178203592143,"(8.693605411065354, 9.268552830995223, 10.05149140107909, 8.019449148301295, 9.43034746036636, 8.548481843669713, 9.293257405286921, 8.666295626492603, 8.02249381390628, 10.047503945770822, 7.9821468530438375, 10.104078960209698, 8.652633198982937, 9.316421213320394, 9.603332316262286, 8.391221795065219, 11.267300294952523, 7.15387190827226, 10.012268258211481, 8.044307366401528)",0.14563840780982193
40.55509976759622,39.999299900202345,1.0161282318626226,"(38.87073712808828, 41.13543698998073, 39.27569203833079, 40.71124771889095, 39.65459456712546, 40.32223687798054, 39.75134304425134, 40.22426379900323, 37.90280624628759, 42.185862694845014, 39.831764679529535, 40.142805091272436, 40.80308773656253, 39.187283777212066, 41.31221784051106, 38.70439760385562, 40.41741159363914, 39.561231277380216, 39.16213607662938, 40.82944122267107)",0.5469780781260835
22.266327206982822,20.009615011487128,2.132372539839183,"(16.495541617871005, 24.011877469727, 18.14653024370913, 21.826864668090305, 17.51795060574838, 22.609988097303738, 21.313887668975394, 18.58422149338244, 19.39622244323301, 20.42063097516642, 20.751709428910825, 19.08626686897092, 21.948212168046908, 18.046211224939142, 22.089568979031434, 17.931021089563473, 20.193160955169727, 19.614620540768367, 17.263668270720846, 22.94414542041405)",1.0583104749913395
8.553100332938811,7.529314205181554,2.0451911236055933,"(5.296035828143431, 9.971033761220072, 6.132328547749573, 8.61745373893782, 7.743525236342234, 6.8255535856825045, 8.217013165111934, 6.419950135418391, 9.748462714772636, 5.4204802162861325, 9.9266761167831, 5.328776391543556, 10.456595864058153, 5.054028453282669, 4.592902526434031, 11.49906695359683, 8.138199196979954, 6.493352680193726, 6.212713126179576, 8.49213586491473)",0.5005821294355913
10.435654519566226,10.439156668400187,1.6462559180103806,"(8.323515685192904, 12.784015737225394, 11.977543066086882, 8.884785129778603, 11.477421423928462, 9.272188858132102, 10.936848504394069, 9.728338543189086, 11.302039629597347, 9.415843118322186, 8.144130253512431, 13.068835209945345, 8.754342189407039, 12.156278190789841, 8.919149376534037, 11.930580294156877, 8.928095700286207, 11.919231050179775, 8.885116326448806, 11.974835080896352)",-0.0021273416822056874
12.942114256970891,13.99512208205805,1.9787241577184447,"(12.732793986542099, 15.092643667590592, 16.70366924518841, 11.504462885147767, 14.476408523879932, 13.274497909074945, 12.060662782561678, 15.93504726685872, 11.891643143800575, 16.160079996482654, 15.409110616973388, 12.470890670830412, 13.236441537754176, 14.518232792961802, 10.82710321872026, 17.749246794790825, 15.834819600172501, 12.135487003972873, 15.450660854176538, 12.438539143680782)",-0.5321650422974179
18.809301108797648,17.948147822200184,1.4426391490856727,"(20.500309241540048, 15.61787453569509, 19.494600361461657, 16.422501282922507, 17.550799526063805, 18.241154825349206, 16.37133330528744, 19.559352606620443, 17.560496329802664, 18.231527984016694, 19.72553697743575, 16.228937865626822, 19.760040849778527, 16.20198035936453, 18.649661542811288, 17.16763487296753, 17.142787715996096, 18.675314542026094, 16.790967969925028, 19.070143749312393)",0.5969290984119295
18.50122815983006,18.473800669825618,1.5944443845190341,"(16.90716598484328, 20.044926552196948, 17.28428102561996, 19.603404255045717, 17.234178990834785, 19.65972905843831, 19.51420193603915, 17.37410757273825, 18.158266492925872, 18.660673512331183, 18.143252111559693, 18.670387004845487, 17.67297739016652, 19.17251604937938, 21.535934431274516, 15.736491319173568, 20.198426651005, 16.774632398228114, 16.188830709571818, 20.941629950294924)",0.017201910753829968
21.112502739096794,18.566306016780477,2.5417224737493997,"(14.01037314993263, 24.177779742391593, 18.82767357665556, 17.9839429098437, 16.65040638287534, 20.334211070497723, 19.02568230187137, 17.818885532675488, 20.124659922220392, 16.82637187923652, 23.66698732343992, 14.299137787535637, 20.61611540596671, 16.424284673966408, 19.23941560008558, 17.60624745101723, 18.768922855780268, 18.039232686194328, 17.362925384503907, 19.522864698919253)",1.0017603214407265
22.32227333569205,20.07227999049561,4.990433289059408,"(20.526229040563738, 18.53696854691137, 21.204019875453273, 17.92567992968143, 14.393641374522154, 26.40264487549349, 15.341173484388909, 24.850842317050812, 14.042197129882613, 27.07340346483892, 32.29485791658544, 11.75382855344389, 18.76606762587876, 20.255339805822665, 23.14207006875527, 16.440787431259864, 18.066619431039445, 21.03624139719573, 17.084736603045062, 22.30825093809928)",0.4508613210257975
25.84778616237217,20.031910551421916,5.190113459287322,"(23.166086925132127, 16.275615711380453, 19.625222487803498, 19.205402580994775, 18.74210131366499, 20.109174620041838, 32.21300521563115, 11.712336632858003, 20.100693884351593, 18.752313443685964, 12.942136020611024, 29.10963491009866, 14.58340588638084, 25.845507730431084, 19.88652578069245, 18.959344185509043, 14.89297115528808, 25.30699988136627, 16.940727953405123, 22.269004709111194)",1.1205681063760133
43.94985919047348,36.8050707243218,3.4864287012531916,"(35.55070453470926, 37.78387829662144, 30.83771323329752, 43.549949859126244, 33.48851482303547, 40.10115034835224, 35.58812441269706, 37.75614476505324, 33.14677359939416, 40.516764233279375, 36.149015824475725, 37.13996717528536, 38.99183964139218, 34.44195710459197, 32.34231300710112, 41.531223943289085, 32.5298965006879, 41.28490250068479, 35.20728212613904, 38.16329855722281)",2.049314378229934
103.79095713533145,99.81166317666681,8.06483566099934,"(94.75010914680522, 104.49445686188064, 96.34915829947796, 102.76015216097288, 93.76722549032598, 105.58969469314924, 90.96657983762572, 108.84076353466811, 108.64470088066355, 91.13057783591186, 89.50014148000753, 110.62376341091714, 96.03711685625274, 103.09402660803997, 116.89495192055388, 84.69878435669902, 98.65086867392743, 100.36257282735694, 96.87358262570157, 102.20403603239878)",0.4934129008862599
4.123494476856699,3.866888141005764,1.1656695461262903,"(3.046534318028736, 4.498852877818994, 4.482331462069975, 3.0879124657953536, 2.537547153021786, 5.386358090741911, 3.22239027342977, 4.2530666072229035, 2.479493036444206, 5.5436266696098135, 2.115686292028748, 6.4103028009661065, 4.605351012144714, 3.012267954549164, 5.002878014834646, 2.725349554170268, 4.288200941634273, 3.220643151172592, 3.301695315789512, 4.11727482864179)",0.22013643292276083
7.203585266111753,6.892801328613119,0.8602830143427542,"(7.487064928828487, 6.252874313858591, 7.815770340863254, 6.005246769017502, 6.573662283166536, 7.113773521289875, 6.769187679789242, 6.915353720999538, 5.9520914053287655, 7.870578709909397, 7.927038205311815, 5.888191102324849, 7.360820609674597, 6.380971158044176, 6.904937202852081, 6.770326684723338, 5.268384087027365, 8.903755850621826, 6.406304818036381, 7.2896931805947505)",0.3612577864693391
9.392968080965757,8.99355596467148,1.0751661367801302,"(9.733828736001843, 8.19817753361576, 8.267750815748906, 9.659448621070396, 7.445865440236532, 10.71135462025312, 7.734406316250239, 10.316776360324772, 8.727931047301793, 9.144443299156388, 9.045326959327197, 8.813154461630253, 9.10806182830484, 8.770778762287733, 9.119492984615702, 8.746392105735806, 7.156267364464475, 11.15761324096486, 10.190853189266768, 7.823195606872258)",0.37148874265183107
40.32494548272167,39.998964284321616,0.9628216193466828,"(39.22515884078924, 40.76559306325991, 40.50031931008701, 39.481896399070365, 39.21384390986773, 40.77744346243367, 40.24221800411685, 39.73530788356772, 38.53425856396247, 41.49644722018559, 40.961648664920666, 39.03762292903377, 38.53627931696076, 41.49407341797747, 40.18803615460967, 39.78897344631596, 38.833165159187615, 41.17694420356732, 40.74235235668043, 39.24770337983809)",0.3385686318731017
17.682059645547927,20.02944333113157,2.3168171440372247,"(19.301345707002287, 20.52258722840826, 18.72454310947349, 21.15331324740279, 16.829072810970374, 23.53788522612162, 21.97207805421883, 18.028022427140986, 24.179421670109978, 16.38192415401656, 20.35178516985134, 19.464789512932455, 19.433362922755055, 20.38143488786658, 16.997017045529205, 23.30573060712984, 18.58048855263462, 21.317618441584152, 22.592599944233815, 17.533845903249105)",-1.0131933336323447
4.441045202435006,7.475239685188797,1.9667386744719493,"(5.239827670375783, 10.002850511239549, 8.21782513542741, 6.390883845124978, 4.166098425414556, 12.568968089474312, 5.537827820517655, 9.463763152577117, 6.069954221786604, 8.639204658211465, 6.770776066593151, 7.7225539256703035, 8.082456715114134, 6.501727039874856, 6.566330105167037, 7.9730209751219325, 7.0256796013542155, 7.471871660911319, 9.701352245056663, 5.3918218387629215)",-1.5427542673245307
16.520557131631605,10.376277698985064,1.2735312735793194,"(12.382024204797123, 8.572228616061636, 9.5283819494417, 11.141262806536233, 11.360936716061687, 9.340804845444733, 9.876496133492427, 10.74655136732309, 11.415035439715403, 9.298530315028072, 10.878208515346186, 9.754822058594295, 11.611019506983256, 9.143668844383999, 11.511826275892286, 9.219268203558268, 10.729264143121508, 9.893832503295663, 12.887630230140791, 8.233761304482906)",4.824600353454812
12.531649745708114,13.922734073547838,1.4574903306365694,"(16.0359465538321, 11.962936078552527, 14.931429985201913, 12.845402876800607, 13.145910038641311, 14.592269156147388, 15.80407179753557, 12.13821841491998, 14.001860328593175, 13.699821564918233, 15.522270506517762, 12.360853974983101, 11.892734898902452, 16.12729398170003, 12.495883713138618, 15.353449341353238, 14.761543242719391, 12.993660428902151, 14.993403775383044, 12.795720812214118)",-0.9544381177693017
16.433275000470257,18.067202819020526,2.6319007982844433,"(19.683941858996263, 16.261890596217448, 18.379624204286067, 17.411173507237418, 20.636229577977193, 15.512272427419322, 15.68122022473853, 20.41268173210781, 17.963362120139053, 17.818010150047023, 16.69535773382916, 19.17838133087967, 17.448449117363207, 18.33932895951801, 19.26020680536442, 16.622022350386608, 18.836074731179554, 16.99017906381275, 25.808218849645034, 12.405431039265954)",-0.6208166430951028
19.64922438574752,18.527940677299835,1.7635526737317164,"(16.2361828061795, 20.963152764297895, 16.544888970378796, 20.554400745101454, 19.067061792258027, 17.85402601097641, 16.520393050347376, 20.60209752795128, 19.090934294404974, 17.82381788384872, 18.275296101568884, 18.641064204602905, 19.114959217213617, 17.78754385499247, 20.94721552679999, 16.2557975327641, 21.262220161125676, 15.996872148899694, 19.94444666979047, 17.076442282494305)",0.6358095934129506
18.7881094818214,18.57804419083477,1.7270525180920329,"(19.598384785966577, 17.469131087347776, 16.14208826776439, 21.1753081110103, 21.337193089533518, 16.051065399292494, 19.0530544768111, 17.968443506022957, 16.88388735952468, 20.267792465125638, 17.886452180585422, 19.173980749126745, 19.941780536117143, 17.13467529591981, 15.871526549036021, 21.589335393546488, 18.517595232303307, 18.464879144069148, 18.195949434561456, 18.83836075303045)",0.12163225425171253
14.412002913203562,20.147458140130123,4.85031504144159,"(24.965955045691526, 15.3890537987691, 15.697499715195189, 24.375573363992682, 25.27483997048414, 15.216602789271217, 21.43104706934155, 17.926079334852453, 25.417269294007976, 15.097460212969228, 16.978222139000422, 22.728911565482207, 12.693844811078762, 30.115593875802087, 26.643802074132413, 14.45080504782297, 19.832002217482405, 19.309986892965565, 18.042835760933375, 21.361777823327138)",-1.1824912769422693
18.498092252262662,20.228998163784308,5.762817059993123,"(19.754797691628436, 19.239319201133885, 18.787744977065074, 20.20186075738453, 35.653136338637346, 10.663840428499372, 13.047029205975665, 29.12996692545409, 18.660494746796346, 20.359254116679054, 18.331306164254197, 20.76397566910557, 24.550198031283895, 15.455272168612913, 17.670386746887125, 21.524250300673312, 25.0573346985763, 15.151412542742548, 25.872770208632254, 14.705612355664202)",-0.30035760176008625
39.65716660646675,36.8637463644533,3.500765576536221,"(32.99503122571259, 40.836894385288524, 39.778569916785166, 33.850996537667164, 36.459329248600014, 36.96739353612385, 37.092116905026025, 36.3263326073085, 35.310355403457436, 38.1524321038164, 40.8161127051894, 33.03620325483766, 35.526352360930474, 37.8955285317946, 41.23331052932378, 32.68872575013658, 35.92780866019767, 37.48454348550572, 44.80859558194912, 30.088294559415253)",0.7979455296110861
115.78245296286156,99.86805515563064,8.752112470209783,"(93.87252583367368, 105.4746316964472, 89.22455308674712, 110.96887784328312, 105.01246853866523, 94.2857673792536, 97.96646318760746, 101.06693689939641, 106.57438562288021, 92.90378929197568, 107.18177069611829, 92.37760241021921, 117.92400509622685, 83.96205464694332, 90.72476653226505, 109.13426878288529, 102.36424480006217, 96.72472534743844, 92.02580357262764, 107.59146184789688)",1.8183493255371128
4.937534958535693,3.898350718799456,0.7007287854954024,"(3.909072247801002, 3.7753379531099487, 3.8766156654472246, 3.800317724603941, 4.020404243379282, 3.6740219222858137, 3.564906211544694, 4.1417090330472845, 3.2915337536795164, 4.485229081795584, 4.504760664678048, 3.2762026802113393, 4.059300912493849, 3.63728687523949, 4.896825253446705, 3.0164589040278575, 3.0979277414593356, 4.731300631668622, 2.635355554233427, 5.5724473218361865)",1.483004924653627
7.564096966974706,6.991633572057086,1.223784224341679,"(6.762800688614145, 7.025882781983246, 5.021665524995084, 9.45565480743445, 7.35911255357682, 6.458675718051042, 6.795765129392393, 6.992990627241602, 6.403640755943358, 7.420904833572188, 7.6585331850134475, 6.20426349494308, 7.53240948043659, 6.309091828427686, 4.971043587327398, 9.561456657575498, 5.832889980935499, 8.124804254805587, 5.89241925064828, 8.048666300224308)",0.467781315963253
8.52144524248348,8.996956683428689,1.382624561710962,"(7.902598725575091, 10.017524804076709, 9.510627324817372, 8.321790969201588, 7.852493700882152, 10.082566518776494, 9.673426338051769, 8.184189489341279, 10.278066934304412, 7.7026065639993995, 7.017136196507121, 11.281730550250034, 9.05211247601235, 8.745913681217043, 9.520709868825627, 8.315953374235287, 7.708832770857567, 10.259693789041073, 11.815636228318773, 6.695523364282618)",-0.34391942260650665
38.985398462252114,40.00981048578009,1.3547827587076946,"(37.823350935059054, 42.27656368119431, 38.28244465676642, 41.76960692965258, 40.99707147578322, 39.00377226175334, 39.02763828258432, 40.97201535385384, 38.372185251491246, 41.67187416069152, 42.015052436888695, 38.05877188424469, 40.10743652506928, 39.868939399614526, 40.155842359182266, 39.82086665827562, 40.892461499555736, 39.10371347677489, 40.12488715830773, 39.8517153288584)",-0.7561448630370448
17.504849362822053,20.05274825037337,2.530410640598338,"(21.293526808361793, 18.602355446237983, 25.966791241736267, 15.2546146107508, 18.752700392262373, 21.122672820905887, 21.72894753446651, 18.229540314433418, 16.679105662554747, 23.748783044220257, 19.633254815096425, 20.175460528640237, 17.86232850266732, 22.175640084098937, 18.519972592994993, 21.38811837974078, 21.909811477310893, 18.079816920806785, 21.55008474273498, 18.38143908744603)",-1.0069112288228612
5.9593110993820435,7.458642776039184,1.989679761475446,"(4.877478099730901, 10.669848419953084, 11.994392125641216, 4.336738061756804, 5.973302234972858, 8.714503560833217, 9.475924873676693, 5.492702693063593, 6.336917036226073, 8.213281858918485, 8.409247134415084, 6.188752201348247, 7.9581846771292355, 6.540231969216509, 7.617161843475015, 6.83386370585618, 5.799689417746023, 8.956051575292008, 9.027937120957903, 5.756646910574535)",-0.7535542682231999
11.428476013779521,10.461830583964733,1.8465636017875284,"(13.371449002665067, 7.947432653051693, 11.316798302035188, 9.389602820595412, 9.342874414012385, 11.374683786188283, 8.923158618495192, 11.909532310668054, 8.74639979538267, 12.15014198647962, 9.797492912979914, 10.846587005661995, 8.63108532243401, 12.312529666156262, 11.887874498456554, 8.939583647322333, 7.440265940006232, 14.278533901342588, 10.714451098255866, 9.916133997105307)",0.523483420164378
12.930681888830689,14.015195244419179,2.174386312377988,"(11.181208763640036, 17.173580894239926, 16.086288211186535, 11.936933980542644, 16.344387211730936, 11.748364014412296, 18.992376657836072, 10.110426225157829, 13.681849661647645, 14.034676810550877, 13.28599938961273, 14.452989546111814, 13.701207513219854, 14.014869763163732, 14.048692633664261, 13.668219487373904, 13.518516118342603, 14.204363554044017, 11.683442486123708, 16.43551196578215)",-0.4987675600305018
20.281502127227817,17.983090875088468,1.8341964584737918,"(16.847932031974775, 19.00567643740681, 15.464321912723342, 20.70678554465111, 19.01051567412875, 16.843237112925117, 19.989261261232663, 16.018766260088107, 17.20219637164913, 18.61404464870666, 19.136689385206367, 16.73263550071759, 17.050813854025368, 18.77932380334631, 17.81834064097766, 17.970219146522716, 20.32714523959768, 15.7547983299066, 21.481200095575886, 14.907914250406758)",1.253088916141417
21.801836295551297,18.49473426378888,1.8252129348522084,"(17.927026087206514, 18.90383584253366, 18.799645619842277, 18.028227547821956, 15.137143531448771, 22.386226047895363, 17.176207767407586, 19.72957437797101, 16.7604675312126, 20.21879705264682, 20.009277481163345, 16.936757863323578, 19.47320012132672, 17.402250497638267, 17.60022113431157, 19.253518355435457, 15.987040433022862, 21.20717533814491, 16.907178790010867, 20.05091385541345)",1.8118992960293692
15.429885086835416,18.528989675214376,1.881574938296669,"(17.251396819347743, 19.704624100233076, 20.703992694748045, 16.42192101173809, 18.5331672219863, 18.339124558237753, 15.862753281250221, 21.42833815347221, 15.516047525896882, 21.906809053566164, 19.590499741265578, 17.352162467338506, 20.345620601862564, 16.706742682696564, 20.32455038711438, 16.722986633345595, 18.16185765910115, 18.7328108399384, 17.21344562226129, 19.76094244888702)",-1.6470800738792166
22.90853512195199,20.245720038866583,5.789579987786937,"(20.165154703854746, 18.816064202845556, 13.303353049163135, 28.53655779617036, 21.246782608548422, 17.85128662632277, 16.802018905313968, 22.57888424885717, 13.837457893491703, 27.415143671552624, 15.706168221342086, 24.158733317781433, 23.604805676945546, 16.071378626690656, 33.73751354779422, 11.242528956088204, 25.509274575505394, 14.908420280930107, 22.618289730373107, 16.804584137760383)",0.4599323420183481
18.456373493120196,19.92148682829962,4.635754676625834,"(22.91330225146041, 16.45652408498769, 23.11606542483167, 16.31506614516478, 30.00342462321178, 12.566064936470982, 16.932336141850264, 22.26828984060927, 14.984631511918446, 25.16239562441942, 17.687047806678166, 21.3194104712831, 17.31518392966208, 21.77575235937721, 19.132545991470444, 19.706168972095472, 22.83944461820378, 16.522334191237835, 13.531687039585819, 27.882060601473704)",-0.3160463478722772
44.847057128784904,37.025065695662605,4.830423337854007,"(35.65998592157512, 37.8259318714208, 38.3590271188717, 35.16837668250426, 41.330575960588895, 32.63382426076806, 33.031777211230235, 40.83452234119267, 40.64809815578816, 33.182952155941905, 43.62316511336238, 30.920997578784558, 37.3886047435013, 36.07603081338848, 34.27207718596597, 39.35494680079084, 32.215237035773704, 41.89077605035651, 47.934495461703975, 28.14991144974259)",1.6193179947241114
104.51512903989567,99.90518827163501,9.198872326815705,"(100.5141177348525, 98.50484767450426, 111.80626578491417, 88.5561464004316, 104.64037368993856, 94.62050747263352, 116.37458763357283, 85.07980317176933, 84.4283029955973, 117.27259944576278, 98.77799276529699, 100.2361709634249, 99.63226267540013, 99.37671421785232, 107.26518339808683, 92.3051161533279, 97.50107702392789, 101.54909063894152, 91.7598685092996, 107.90273708316512)",0.5011419448471072
3.0393775177109905,3.989805623604184,0.8486659028856735,"(5.666516964933543, 2.70007994855836, 3.882745016760777, 3.942870860062561, 3.8694017349497476, 3.9570965781085894, 4.028318762939247, 3.7896628180812693, 2.8046176640138154, 5.442120799591751, 4.353107031745364, 3.5171418249352504, 4.539137804484937, 3.341923631371657, 4.731811841227684, 3.202764396347346, 3.4665845216459945, 4.399485854347507, 2.872035904064918, 5.288688513913363)",-1.1199084382458437
6.588492502838123,6.98748922178099,0.8318378701618069,"(6.168194346115323, 7.817381229869875, 5.879823157853459, 8.202251456051284, 5.974527679443331, 8.072840845547328, 7.426805051275695, 6.488023892538321, 7.556355974421918, 6.376135556987825, 6.913025938598801, 6.9764309988914155, 5.934072184671056, 8.103131100420276, 8.092999322930845, 5.939701261350965, 6.252397104826396, 7.703825051258942, 6.966353258063666, 6.905509024503054)",-0.47965683368714096
7.953440631447655,8.958849755728982,0.37384637413033256,"(9.151291876107, 8.759007057558303, 9.254230104564936, 8.662029655827325, 9.460189824760183, 8.47377188022393, 9.036526872873822, 8.868273905358366, 8.87918618422939, 9.024891024749499, 9.230539834086247, 8.68418884031839, 8.90107949869974, 8.996766218614681, 8.765386690623743, 9.135162582807233, 9.906281091484415, 8.088378166795058, 9.032066009390393, 8.867747795507007)",-2.68936438562546
41.18367147177145,40.00197460580375,1.110793475844425,"(42.67036410535158, 37.47295784103542, 40.11077123303275, 39.86421316620964, 40.398533760376075, 39.58025198055734, 39.868587757014716, 40.106423073844525, 40.14633619047428, 39.82896089619532, 38.02730875799201, 42.048317348527796, 40.5011643345052, 39.48014237834482, 40.55818016456348, 39.42466010251073, 39.69585530348108, 40.28096788167628, 39.816251516088634, 40.15924432429331)",1.0638312986753626
20.35181543598098,20.056649209267302,2.5842814062940764,"(20.757656367520404, 19.075488912921152, 16.05614380699715, 24.661022901896384, 18.152320852798038, 21.813232382236894, 23.253966087789802, 17.027974812314607, 21.27351025561134, 18.613194271344284, 23.69522133297198, 16.710562353130676, 21.688604938710917, 18.25765836281147, 20.387412524440535, 19.423038580176826, 21.0897098006137, 18.775490746355114, 16.677727564814592, 23.743047329890143)",0.11421597740663803
4.825202595931438,7.6504666295759725,2.5756706465412402,"(4.674601858402071, 11.299389439495727, 6.125844107292952, 8.623561443775083, 9.052370813120934, 5.835984486153287, 6.602635929348968, 7.9960082626845495, 7.388580614655881, 7.144904521636377, 3.63316675672775, 14.540153735394053, 10.095651447507144, 5.221887982865285, 7.528378719043293, 7.0011634019908096, 8.837789808414916, 5.972169775302936, 5.104961887465254, 10.330127600242143)",-1.0969042324718272
10.429326594962985,10.403402043388652,1.3759429864901072,"(11.56494852755182, 9.205707684627127, 10.170841136984565, 10.467636599518503, 10.365945717141962, 10.270772237851165, 12.77496183911034, 8.333320592673612, 10.570368465863623, 10.071095835568004, 10.862904308075775, 9.800689291011066, 8.610388629087748, 12.361497707116433, 9.427335226920952, 11.290023986801296, 9.633458095824258, 11.050246985873079, 8.108274731201032, 13.127623268970689)",0.018841297807304973
13.375709690560997,14.047795846342197,2.2503877561208454,"(10.366356444793297, 18.576959275384954, 11.507689528214135, 16.734322073558317, 16.090637187948314, 11.968125901172307, 16.691316631114287, 11.537785595848263, 12.641916818772323, 15.233280091551496, 15.345980322739411, 12.548668900103609, 16.29000577763242, 11.822606125882832, 15.657944908259179, 12.299995433406478, 12.995646960550474, 14.818665622127902, 14.91905468877505, 12.908958639008908)",-0.2986534893611947
20.163870568507054,17.93166072175367,1.243065495198546,"(20.194035146591116, 15.849137397001678, 17.536254242408965, 18.250941628470574, 17.189036725514672, 18.619616096223297, 17.775092643506, 18.00694627010054, 17.428132945309457, 18.365367729546094, 18.789779650887372, 17.033262308492866, 19.02868265454247, 16.82303908767407, 19.983589814809008, 16.01952429434677, 16.91723379968804, 18.920280518911902, 19.417749074602682, 16.48551240644584)",1.7957298753569295
23.042589749943733,18.47103709545024,1.9309277759495889,"(18.60371410185711, 18.14538550131316, 20.7260270466576, 16.286545505259593, 19.6122996413844, 17.21140476502799, 17.308413208714406, 19.506631789297945, 21.02702604610366, 16.056782645753817, 15.797196602492521, 21.367681823326823, 20.05658905677652, 16.84145113998089, 18.839372847803542, 17.93088515350871, 20.897723791339597, 16.156913583996925, 16.200674914974527, 20.848022743434985)",2.367542023805268
16.35799184666271,18.506126929453938,2.0380450201410767,"(20.478125854339098, 16.524916192834656, 16.49109499412187, 20.518213530278068, 15.95361862398857, 21.20945127282435, 18.003858707776473, 18.80212811579221, 22.10893236412373, 15.310829522217865, 16.143956547877576, 20.958697748106925, 20.48363697248892, 16.54048852984815, 18.639130829146882, 18.179883568358093, 19.980357486905735, 16.94353604408846, 19.298056867365826, 17.55362481659535)",-1.0540174832067895
16.70906970594358,19.962810663784083,5.165197860073858,"(27.78072027113064, 13.447236776373838, 18.3410410186973, 20.36357227072531, 18.532927429473187, 20.152454376087967, 24.508131998206792, 15.255322072817403, 29.655534197935978, 12.607281301920962, 18.24248253772219, 20.472077352711928, 17.6179127754552, 21.268934469787936, 17.330296776369394, 21.629496324076396, 13.996936905146923, 26.71773535868029, 27.92211203169854, 13.414007030663514)",-0.6299353956973057
20.26770551680064,19.800542765358514,3.9662242950081055,"(16.852567311126275, 22.40416445446671, 21.597211460274718, 17.480915235267478, 25.977172235250638, 14.533417702712065, 17.696802574636656, 21.341208520438013, 29.879032829905448, 12.63997684864133, 18.88270886439494, 19.993415463248603, 19.160866203216678, 19.725323504394797, 24.101350678190844, 15.683713825372976, 18.35853859639504, 20.573597060690634, 17.357730221804673, 21.771141716741795)",0.11778525789126354
35.42509505214558,37.05092000877377,5.517866399617142,"(29.834276997200813, 45.041104714439214, 38.9766484672698, 34.47502914843454, 32.26970162332102, 41.63970612894515, 28.793141484658527, 46.67638655741798, 42.684939063504245, 31.48656234041039, 31.433767846114982, 42.747695842351405, 35.403934974839046, 37.97745691229006, 30.804146870523635, 43.6510721231945, 39.140136022618655, 34.33997103886374, 33.44634877285765, 40.19637324622025)",-0.2946473942792456
98.19965908635902,99.99731925713137,10.254723266029002,"(85.35377188544136, 115.99848306351103, 97.22018761014067, 101.84003030409868, 125.74350333030722, 78.73890816400392, 96.32815046813559, 102.78317378462748, 91.47707851299418, 108.23383174562447, 109.15375977330744, 90.70605607525935, 98.5983691197439, 100.41676444918903, 100.2752899916935, 98.73749935325172, 98.90988210762491, 100.10037820849031, 93.98118764598318, 105.35007954919905)",-0.1753007003833527
4.716722902997121,4.0555169635964985,1.1281427723429525,"(4.087643772491425, 3.732003856101887, 4.879859036922473, 3.134685206414631, 3.8774070132776908, 3.935734799306377, 2.7622904742377545, 5.530801332204675, 5.08984784975878, 3.003921627483513, 3.434120120319682, 4.433380671394719, 5.958633041342766, 2.5591548581140646, 5.548158854329044, 2.7460493003339477, 4.665052335535226, 3.282577568945304, 2.6246722739265294, 5.824345279489492)",0.5861012946326071
6.9150209151390465,7.023748990326176,1.142595797842582,"(7.6857968627813, 6.255910673333739, 8.705111150033929, 5.5293443092917425, 6.402516035184662, 7.510814261335274, 6.007654741430901, 8.007987114462779, 8.529306058554335, 5.64222557197155, 5.875508963924459, 8.177282439864577, 6.809491429646946, 7.060047544324433, 5.7750499428720525, 8.321797957148847, 6.098781945657461, 7.896473417013724, 5.617114984266259, 8.566764403424532)",-0.09515882641300356
8.149211206237792,9.020912387718687,1.1774100198825284,"(8.646448034460983, 9.261435285998655, 7.5658307095453345, 10.589573304855572, 8.585948644298348, 9.32724478167779, 8.511897723603424, 9.410267914717974, 8.468184368408291, 9.460281717821616, 9.457498376471142, 8.464501757455638, 9.196023878674476, 8.707590548228046, 8.26488569757956, 9.687105333817133, 7.969210310090831, 10.056830368689331, 6.541583666203983, 12.245905331775623)",-0.7403548184241415
40.33475573601727,39.99769536383391,0.9195737100458148,"(39.62487385865507, 40.353758907853035, 38.597850036236785, 41.42748910292204, 39.81570785508086, 40.16033890531563, 40.63045421823605, 39.3550111915323, 40.51586982179913, 39.4663115195947, 38.079239387770265, 41.99174933823343, 39.72932050385211, 40.24768559821237, 39.154044219605964, 40.839041327075485, 40.062628049562406, 39.912853465631244, 40.75342015553214, 39.23625981397714)",0.36653980915414164
17.556926991830053,19.95498138425259,1.500333462656688,"(19.152528655761984, 20.679966278902253, 19.160645683284212, 20.671254062476965, 19.567690911539763, 20.241178481847193, 20.518791936045314, 19.302939758393656, 18.521265619622717, 21.3848148850922, 16.836199622763306, 23.525286186467014, 18.217633713915532, 21.74133430202778, 21.280417983727556, 18.612237911029197, 18.69317791079216, 21.188662048710544, 19.99594952356445, 19.807652209088)",-1.598347602123215
6.6845302932714095,7.543061371412114,2.220174442506485,"(8.152443235972923, 6.44129841534382, 6.538397477419988, 8.037757554568728, 9.686293539143614, 5.421833521015609, 6.875849363269842, 7.640422149821385, 6.638184998909507, 7.915800972744675, 9.662438594892809, 5.4317257487747765, 4.998403197684609, 10.50484321950461, 9.835886156521147, 5.337008035669226, 7.022543391964097, 7.486637000802793, 13.275553842170492, 3.957907012047638)",-0.3866953252427583
9.145496684551965,10.50872347009809,2.0549213704765465,"(8.277439359489923, 12.859878867895446, 10.544598644919525, 10.096760472609732, 11.622561241778643, 9.158822116654159, 7.86010706512316, 13.543892185806598, 12.615367701829483, 8.439113466634495, 8.391652707372055, 12.683540553735838, 12.089454600732687, 8.804870950380986, 11.168522434632653, 9.53039142481024, 7.823025520853902, 13.611358971106451, 8.44134751647838, 12.611763599117472)",-0.6633960817829181
12.681062874763304,14.147225092495828,2.950318067227599,"(11.637213867231159, 16.51111899737538, 11.183783952850318, 17.182048186066744, 11.986678253914844, 16.029828817715792, 21.47548437963143, 8.947413909948887, 15.164257223777138, 12.67165603635514, 17.028403913178526, 11.283453363117932, 14.049153556931381, 13.676704989931638, 14.061188121994704, 13.664733086885297, 16.18412098065377, 11.875053036494814, 17.086002735973974, 11.246204439887718)",-0.49695056069336635
17.686535610672273,18.06443938689408,2.594421265766327,"(15.391536854568466, 20.794323673108043, 17.020383409480033, 18.804753141673068, 16.85213881177983, 18.991979783378575, 24.423760378337406, 13.104319876292907, 16.418537492060747, 19.493874157644015, 20.258840632245704, 15.798686411280874, 18.5011131944688, 17.299662690129114, 18.631220795012972, 17.178873831588774, 14.567942515460357, 21.97267394406782, 17.628151509483455, 18.156014635820654)",-0.14566014440611033
18.02819673279521,18.503221276053093,1.9922252905491324,"(17.271653433450766, 19.603932177811718, 17.805180932633064, 19.01764486372277, 15.782352562082917, 21.453586693259876, 18.22166978116753, 18.58175713297686, 17.814021984131692, 19.00765887275052, 21.59406483816637, 15.680983120989783, 20.932940270974814, 16.176113825780515, 21.15633748139971, 16.005427024577703, 17.24851240344286, 19.637413032565902, 20.775913424782388, 16.297261664394007)",-0.23843916926029468
16.87983830548698,18.547659403965085,2.2494858279038485,"(16.124843772033838, 21.03529893032353, 17.529702336732175, 19.351722565688597, 20.840584309224596, 16.27510472220297, 17.01525176151048, 19.93432852673522, 19.47319374419683, 17.419389096636163, 19.14078392288493, 17.72325298059051, 22.030451853270684, 15.398322400177019, 15.872120813912009, 21.373138006799085, 17.235767197492688, 19.693328561397134, 15.261344540174488, 22.225258037318714)",-0.7414232522781614
16.927739226715474,20.03154890124987,4.82685093732919,"(22.297120584953063, 17.055663772388783, 19.51233652334729, 19.493284130445378, 12.976028223483649, 29.3051382549754, 20.95085262693504, 18.15023166277015, 32.03046764919523, 11.873534796380683, 20.90184334779501, 18.2013596945846, 20.85762635279808, 18.238262094953004, 21.702949775481116, 17.52909608232831, 17.03578476224964, 22.357466467395444, 15.286112946139166, 24.875818276398338)",-0.6430299412253669
17.371906384213148,19.654636825027236,3.0533223178989584,"(16.718813589614378, 22.584259157026963, 21.18407627175203, 17.824931224584724, 21.045022994173372, 17.941191811050707, 18.78962946614986, 20.09472424552863, 26.531153661491164, 14.231941026624689, 17.007225969213014, 22.204185183788898, 18.844384655767495, 20.03886606921178, 22.209966742953647, 17.00266919312749, 15.322826977246313, 24.654509817515017, 19.39971655307562, 19.462641890648836)",-0.7476218371812358
36.01273212638145,37.05760442130202,5.461512040473727,"(30.89996618777566, 43.53419008366671, 31.46843726925167, 42.745754913503774, 27.92964986401998, 48.16292246829395, 32.48831948909559, 41.403692806316954, 33.934607138175004, 39.638982932223136, 37.67574940394912, 35.708554426663035, 43.95432105871291, 30.60614779340885, 39.975617380249595, 33.65350428938497, 38.71897437464643, 34.746517833240404, 32.43464500768386, 41.4715337057787)",-0.19131557106847183
91.51555705712781,99.77326056102928,7.536068611226874,"(94.07798059624045, 105.24268962206247, 89.03957635363211, 111.19794013510504, 99.92728143265671, 99.08223879378953, 116.08178850974916, 85.29346193462716, 97.86445240399482, 101.17072221960146, 96.14874976051966, 102.9761044571942, 109.99005618575282, 90.01742336412227, 101.89745451191978, 97.16653800867867, 94.96186060432755, 104.2631456620458, 101.93618549094604, 97.12956117361983)",-1.0957574738106202
3.687925341921454,3.686382598072571,1.073371048890297,"(3.0515049283405578, 4.05209334054269, 3.0630108638235938, 4.124467123361123, 6.522987811186085, 1.9082691179960956, 2.564175473199792, 4.8757383677871955, 4.320896674063067, 2.938401726376192, 4.828531740224261, 2.601381539622687, 3.9963258359897997, 3.1636030380875235, 4.772440589944534, 2.6143898022464502, 3.0807963532381213, 4.120786094838818, 3.277723018772306, 3.8501285218105146)",0.0014372884851683407
6.72870573280655,6.84029689512046,1.0112942983608202,"(6.584833559931779, 6.935390167445021, 7.212620612966587, 6.364104392660177, 5.128649200379535, 8.912350655747938, 5.88565176346797, 7.773630486406991, 8.214351041887285, 5.5948483535691365, 5.859040496583955, 7.822934834417088, 6.165435893288894, 7.44383306356613, 6.538163965908856, 6.9968368352088115, 5.65934170447808, 8.118841426847787, 7.36773122106756, 6.227348226579616)",-0.11034489415671063
10.81896466245308,8.922784656337607,1.0467636709531514,"(10.553304766670095, 7.44179426691177, 9.387141350574923, 8.376704850981541, 8.67947777014595, 9.046930592704111, 11.498814805651689, 6.830018485613745, 8.90620408261241, 8.83187973202978, 8.613209054644146, 9.125691498761885, 9.975123463598852, 7.881079708798506, 9.912798894795653, 7.924076238522631, 8.884589920162924, 8.851716745928265, 8.998587382837862, 8.736549514805361)",1.8114690629154806
39.51430689570183,40.02113288800567,1.6517795254275778,"(38.871483465344625, 41.1385033486771, 36.748329892063516, 43.51482169678657, 42.231790468528494, 37.86511178349847, 40.9783179997031, 39.02326584514453, 41.39680527976014, 38.628407969703844, 41.05718121391137, 38.94816441957137, 39.48737355275517, 40.49642607251823, 41.50225364123607, 38.53063535288012, 39.35020950597666, 40.63747216200669, 41.25126875748812, 38.76483533255903)",-0.3068363449853526
23.910811481567634,20.014329032228275,2.1085072803971987,"(20.958691986509805, 18.91724732033473, 25.78609933080594, 15.372866578088312, 18.987146956406907, 20.880339767234826, 20.761292511386586, 19.09520373474767, 18.74962760232635, 21.141151718309338, 22.6883784285011, 17.472634464967225, 20.2189149961326, 19.605550973121122, 18.873550943265876, 21.005495140945897, 19.20977542519876, 20.634650044050666, 21.43038038089175, 18.497582341340173)",1.8479815012093974
6.4293184707085365,7.369021452791923,2.176881197887432,"(5.287709963496187, 9.466567122238853, 7.893672164460397, 6.370820848846011, 5.742830180252924, 8.72194020536012, 8.7153816318365, 5.752140294635012, 7.888413555553169, 6.382219054946208, 7.853631118559599, 6.394677417506257, 13.77720207823867, 3.64935624707735, 9.166883805546586, 5.4685500572499635, 5.979702238092132, 8.417206723989057, 5.831156121228056, 8.620368226725398)",-0.43167398523875683
8.529751767232371,10.366469157076118,1.0819133945022916,"(9.838968535710935, 10.810329504724198, 9.125226718477604, 11.657448712903326, 10.597956907256657, 10.033605869615224, 10.483925617113941, 10.142564037647572, 11.640556118826684, 9.138913669519686, 10.585188324220821, 10.048848155978979, 10.903474076955778, 9.754765279515631, 8.869308588519146, 11.990660744222982, 12.666592168004772, 8.397749294992133, 9.910612181296774, 10.732688636019468)",-1.6976565769284007
12.645075929875588,14.026560401111887,1.9990692242760495,"(15.55551938871166, 12.414829146541823, 14.686517399055989, 13.140387523974942, 12.840772098437599, 15.033913142248984, 13.745127579556693, 14.04221532529343, 12.726929168799966, 15.161354929003867, 12.52248582343006, 15.413674290756365, 12.797125318097828, 15.078652209974615, 10.482884117442682, 18.414983374187454, 15.470641494814222, 12.471583514293979, 11.021002198757706, 17.510609978857826)",-0.6910638483450189
18.444075750959776,18.00437584788701,1.7562566518448752,"(16.929914619700288, 18.986448609141643, 17.998716029049632, 17.845136138607042, 14.964111971673356, 21.47489191080422, 21.135972680424107, 15.20130197199115, 16.477985079451113, 19.488523828116758, 18.82475390806815, 17.065489198122076, 18.717151294209774, 17.159276094017873, 17.829976978859705, 18.02156768329032, 15.910005893303527, 20.183666955066542, 17.221059844516727, 18.65156626932615)",0.25036198588109404
18.012493258973677,18.553607590010397,1.450010986796236,"(19.57414732677219, 17.51626525385469, 18.314834709661607, 18.67661095019693, 19.240344727237936, 17.80621364175798, 22.044469737373458, 15.532714209568468, 18.513204376900784, 18.46633245400794, 17.150207570795107, 19.957045806897135, 18.930474340439872, 18.06668384985354, 19.727664478394022, 17.36144801114622, 17.1025097958467, 19.987976707331647, 19.987809006511107, 17.11519484566065)",-0.37317946964822596
18.71768681072491,18.734814695100255,2.074278486504596,"(19.41337644887516, 17.930622851482916, 21.622387299833157, 16.027833495318134, 17.645787121272697, 19.698037821075644, 17.556879418443614, 19.777545179426326, 21.204593077893126, 16.326779260610657, 17.336071010336706, 20.013551657923625, 17.839002858402793, 19.42208795363622, 22.38157537211545, 15.521769403497542, 15.714001825832112, 22.02837091809278, 18.63867027826505, 18.597350649671377)",-0.008257273305768772
18.601892307319446,20.895275707587743,6.174283422057714,"(32.480401635337294, 12.474069735028225, 24.149887387405393, 16.589150442431272, 17.566456063275556, 22.986557556468032, 17.76896640237474, 22.66650811666598, 30.983177935108095, 12.8961536394585, 30.634396346944488, 13.116274336189193, 21.302367364731275, 18.79769951486136, 26.794542498694927, 15.047397776869193, 16.274653249469445, 24.545219264657216, 16.423984049676086, 24.407650836108534)",-0.371441225401988
14.737267335553575,19.963087869910286,4.166187037776109,"(15.933321977064008, 24.074990748419125, 14.101693022879173, 27.100488789209432, 18.87464870133106, 20.29968106426301, 13.390545712773068, 28.588959519352976, 18.24993763457905, 20.92209986536146, 14.63534710717027, 26.137797424654206, 18.468274647588363, 20.6892438500047, 17.355255649423544, 22.066204516399587, 18.024837836456307, 21.181375567594284, 20.714175192151124, 18.452878571530956)",-1.2543413166457904
40.75056838244481,37.08389072198518,4.298584055739754,"(34.45844256860232, 39.45050188369166, 38.44946070801019, 35.302281515672796, 39.42601321876172, 34.47007264255482, 38.319777100300975, 35.453974716695264, 31.30643466194625, 43.340965608868004, 37.82757876072457, 35.897419847826114, 38.75177603273866, 35.02809097988924, 48.129900323135224, 28.22869991696644, 40.12411189674701, 33.81726167398473, 34.1938320029811, 39.70121837960655)",0.8529966177033674
96.69202693280717,99.95396049420415,9.782759705064766,"(78.43969358493449, 126.22761805175081, 91.17483617365953, 108.59584737718221, 101.73065456240444, 97.328075012342, 97.68913172200854, 101.35456293069268, 92.53472773128553, 106.99979443772428, 97.83382874207678, 101.20447846626244, 102.48207260597702, 96.61407694022992, 88.3769692405646, 112.0341578687148, 105.94709760353506, 93.45417310215605, 101.70816679767596, 97.34924693290553)",-0.3334369502818521
2.513866497915471,3.928868761087288,0.9384944638135535,"(3.6784703487449626, 3.9817312564635228, 4.7463307403254005, 3.076441827734203, 4.662947051663225, 3.139857912173957, 3.493541868260982, 4.192262109573009, 6.3041263619960715, 2.3227247776111426, 3.0119686881995547, 4.862711751585563, 3.9391675574347054, 3.7167261486822833, 5.152112516686832, 2.841473331931738, 4.18243485118643, 3.496012602407123, 4.57404112993392, 3.202292389151121)",-1.5077363988083463
7.04789875841867,6.961989400333586,0.8893771317087433,"(5.868066705117673, 8.135898863724647, 8.114833277958022, 5.876155352131269, 7.249447456162748, 6.584589338657911, 7.126322492275101, 6.699037015463072, 6.884997562346538, 6.93334621265541, 7.109364129429347, 6.715111640055774, 6.45661698812244, 7.393011257457204, 6.028268113879326, 7.918057520048418, 6.819598999716809, 6.996079762273911, 9.063393022161614, 5.267592297034509)",0.09659497081966595
10.907360040367317,8.979552095176034,0.9566003459908499,"(9.620514300338108, 8.292800808164868, 8.565393572428015, 9.3092119414449, 8.311752137309906, 9.597896240504316, 9.361654358218527, 8.52169913215581, 8.560080682618853, 9.319462637299619, 8.36375095466763, 9.538514017996457, 7.343570598026257, 10.863113276112786, 9.321126540608551, 8.558259281958916, 7.339488858587343, 10.866941701688019, 8.16598971639183, 9.769821146999918)",2.0152699643804257
39.84187931501268,40.00190951205101,1.0897030280045565,"(39.0397003372692, 40.95898261400612, 39.584065757789524, 40.395731954510914, 40.17845797655516, 39.79809728819296, 39.91192306637735, 40.063859738721206, 40.56345562054152, 39.42035839602191, 39.72653036099494, 40.25082558546993, 40.17869022355137, 39.7978659092145, 42.81998336587317, 37.342984950060824, 40.04151683466119, 39.934226292500924, 38.52830850070454, 41.50262546800282)",-0.14685670584156169
18.294228084966885,19.971645349000333,1.7126289834254103,"(23.434429491522657, 16.902254493199322, 20.659740839451533, 19.172286433327983, 20.23380476505363, 19.57584515201803, 20.975817190573736, 18.883258122547584, 22.562408403244206, 17.555427262382988, 20.889469294113404, 18.961310746389433, 20.64368181069948, 19.187142264481327, 22.16351849122013, 17.871385396466945, 21.49987773008223, 18.42313920546593, 19.097066358505877, 20.741043529260207)",-0.9794399605911516
8.657822138644015,7.504970982200977,2.0535341242829483,"(11.560224251872377, 4.535805605830383, 8.321175640174635, 6.295383575643454, 5.813334551901039, 9.018676341839841, 7.133065886203971, 7.350628152532024, 9.93217239023402, 5.278771466826199, 5.020404481217488, 10.443999879566702, 8.815545001163382, 5.947198916898101, 8.817995147877731, 5.945381329529414, 5.348885804847334, 9.797903003584086, 6.036411511618048, 8.686456704659303)",0.5613985873478435
13.999758416055569,10.427081710618538,1.6114834619382352,"(11.159210540562443, 9.526877918228735, 10.087244548630773, 10.537066989965883, 10.361824768453554, 10.259719919552355, 7.749537172200618, 13.718161582161919, 11.003751778490722, 9.661147290962992, 13.072765690234752, 8.13215058823754, 11.173584048602, 9.514262244148515, 10.312223062167496, 10.308889735379402, 13.335619587920158, 7.971203102886693, 10.928322782874407, 9.728070860709797)",2.217011089359826
17.28556886418385,13.92838920973323,1.387294371690001,"(13.387210436446757, 14.35648360056952, 15.842855952763886, 12.130089272437589, 12.838164139507866, 14.970203752571319, 13.139560548061707, 14.62653094993817, 11.25332039112254, 17.07828400772391, 13.361396298835848, 14.383706933200386, 13.267257117315548, 14.485882898956422, 13.011969919564322, 14.769987883694242, 15.539971281513594, 12.36716295336756, 13.220791958510562, 14.536953898562826)",2.4199475777883452
18.93827791294241,18.092009854123297,2.726832603645462,"(15.687204433673164, 20.421993298877858, 17.297653021888642, 18.520325115482844, 16.957494222924396, 18.891986705160033, 21.188487538897682, 15.119241025315297, 16.055688240283402, 19.952857600175125, 19.81985269986302, 16.16327802581549, 19.28266125498477, 16.613812530955403, 23.973747869185143, 13.362819028039272, 22.201167361288654, 14.430020102966798, 16.592676605039518, 19.3072304016494)",0.31034837183908914
19.351594605275462,18.457663853236415,1.187233076575646,"(17.116582511026778, 19.826781492975893, 17.9831673739305, 18.87057284234902, 17.35334135962385, 19.55569050677071, 17.348691688692504, 19.55963223865239, 19.751252504800014, 17.18088620284379, 18.05350479014584, 18.796002840150127, 19.53731875309212, 17.369301446594672, 20.933013074122346, 16.210958947536017, 18.720479533481083, 18.128112515182426, 18.95675405063226, 17.901232392125962)",0.752953038183054
24.75992615464348,18.564834387451608,2.2923328825251965,"(17.376131980350497, 19.553710150052673, 18.270072960430262, 18.595498596397427, 24.094929693418166, 14.100404739507542, 19.279578445885928, 17.619927342983054, 18.38834938360322, 18.474962290625644, 15.757684374868056, 21.558001285455585, 17.31967194146082, 19.615544422035796, 16.02979126890253, 21.193317348496574, 19.70243125405473, 17.245002492097512, 16.376664262525292, 20.745013515880853)",2.7025271130637276
24.8073978178095,20.562986711791797,6.935438404382908,"(20.034452862087964, 18.959558440388268, 13.734694987365673, 27.653438536194237, 13.499243991836902, 28.13445410790437, 18.002609051924797, 21.090050823531318, 15.831062820255463, 23.986361518785827, 30.3489592711698, 12.51026262621928, 23.175114318574145, 16.386538509639248, 29.04854773061164, 13.072333610466528, 10.488478402831735, 36.21744244470191, 21.01912929402015, 18.067000887326643)",0.6119888691298029
14.216600464534976,19.923988461249067,4.453673316810124,"(14.638434007285115, 25.877813630325516, 15.065748073012873, 25.14317534206386, 14.644308968670295, 25.866285689180074, 17.54443221566801, 21.588304663234673, 19.186158545677376, 19.741965580264825, 22.86646439377497, 16.56371912925994, 20.35096263442391, 18.612516233190096, 12.526527887761793, 30.237702764784583, 21.346959614968704, 17.745775019018406, 19.860114343109025, 19.0724004893072)",-1.2815012666447483
33.20654918213479,36.89636714472966,3.8943081732678233,"(36.933210330669, 36.4712797144955, 40.0215778743959, 33.65931566341275, 43.04155159265886, 31.294782132595298, 35.2241438852168, 38.238522222089, 40.3573771124719, 33.375559994565144, 39.08274972734971, 34.463146499490406, 32.3778844276623, 41.60151573107976, 32.04526662751023, 42.032860162570955, 39.299865391641056, 34.276610737778775, 42.248527298533126, 31.881595768406584)",-0.9474899772758959
110.07393353802526,99.84144256344162,8.426874680571146,"(113.80836703208615, 86.99762971544713, 88.64998520646904, 111.68711813185679, 113.19096880944554, 87.47215015430264, 97.21868928960171, 101.84313494048631, 104.88788764413182, 94.39657042275641, 107.6508133676371, 91.97381452224407, 93.03020649823544, 106.42841436935785, 97.23772050441465, 101.82321132464403, 106.91352441373726, 92.6081161453976, 99.9959956798299, 99.01453309675048)",1.2142687962567535
2.6475936224300374,3.959901692787086,1.0499622832885207,"(2.7090480053999686, 5.39515481144244, 3.3239555905246125, 4.429565729444731, 2.195868576268778, 6.622876261358005, 3.044351665234606, 4.839456580326084, 4.875290583475271, 3.0129206753663262, 5.01643963538799, 2.9252114821975437, 3.7035823651400306, 3.9708143544641423, 3.8226096905599825, 3.860564881152755, 3.2898034489272128, 4.4693724152476575, 4.100981312469757, 3.59016579135381)",-1.2498621057576003
7.952699758649021,6.978132102272117,0.8309999105368392,"(7.570245801747878, 6.336217130777956, 5.654664447242753, 8.503217096314463, 5.735365323304643, 8.34903050861605, 7.803376167519263, 6.162959255881435, 6.302069533647961, 7.623385421522412, 6.443042298396129, 7.454548902406885, 7.810621492764583, 6.1535275702660615, 6.374278855492452, 7.548805095025827, 7.082167361930338, 6.785962189880059, 6.865242418642695, 7.003915174062519)",1.1727650557113987
6.913731994560055,8.953309574824013,0.9516450865774817,"(9.440262964606646, 8.397048049637181, 8.857976905829434, 8.956085527053455, 8.137233734374167, 9.73585902988267, 8.256041075384214, 9.609527608327447, 7.595537718945163, 10.441550649208326, 9.632399592838926, 8.233114681044285, 8.580441077234877, 9.244379367952373, 7.1302549658973655, 11.128740810114321, 8.537198862394225, 9.290926068237763, 9.582706042633639, 8.278906764883782)",-2.143212431852238
41.56836413773568,39.9991438616572,0.9922405141772318,"(41.122405898662706, 38.88391370865823, 39.11458936322698, 40.879740818260125, 39.14243852524239, 40.85091690535713, 39.84145726475876, 40.13392137275707, 40.801712752215636, 39.18944368500881, 38.327542952526386, 41.719265511532676, 38.95242769570318, 41.049952768150824, 40.7523573523059, 39.236808412512815, 41.03952075521044, 38.962335145277244, 40.53044351254401, 39.451682833232674)",1.581491839586571
19.32746031307693,19.971656727017546,1.7354320890330228,"(19.921353858788414, 19.879683379710404, 22.590499829554158, 17.530000621780545, 17.947454557694286, 22.066793187363952, 20.987892541104927, 18.86848224195042, 19.339295290203943, 20.47733772157464, 18.805044073449487, 21.059247139318497, 22.021280964797764, 17.98325376036012, 19.640823539080156, 20.16233828271426, 17.016935949632497, 23.271801274058834, 18.80695713011134, 21.05665919710225)",-0.37120231786169183
8.932448230805495,7.5397464387358575,2.182695637679503,"(8.827326569503738, 5.93951247491311, 7.491414829604972, 7.010410420874037, 5.55104218263915, 9.433808483562801, 9.696301084069239, 5.416972875114731, 9.454870601417468, 5.551372198789653, 8.271813830608325, 6.344187329803607, 4.483354404447015, 11.710565426675585, 5.601620966703451, 9.380231320684054, 4.532500836353709, 11.582978725695646, 7.644758545223357, 6.869885668033486)",0.6380650458211687
13.13609025814105,10.577410245263236,2.472591972412586,"(8.665589808466056, 12.275100056484883, 10.597163843704765, 10.039597921657576, 8.840459742777366, 12.030362767104073, 15.338223281112837, 6.936394267184586, 11.515205329243912, 9.238431900730893, 9.375013910416824, 11.347422945106576, 8.513636954032838, 12.496039949471003, 10.27105618539177, 10.358862254672689, 10.743653991149236, 9.902193065384253, 16.68867535980575, 6.375121371366855)",1.0348169214434635
13.09709903401113,13.97277931683799,1.8250929698264833,"(15.333867897665057, 12.52855397340701, 16.08578779753052, 11.941829420524728, 11.242489224974184, 17.08861877130676, 17.193691474753, 11.172154487884969, 12.566602414455676, 15.286243819366764, 13.050713902422958, 14.71965551140639, 14.861735641857324, 12.925456035787711, 14.24237643700486, 13.486928554474146, 13.08046318318307, 14.685603284782172, 12.141734974930834, 15.821079529041697)",-0.47980037033955214
15.600773509994106,18.055495066641473,2.5378936875807887,"(17.891344108941926, 17.883622117867485, 21.403243089189974, 14.946545542483006, 19.208655377116692, 16.659100008724817, 15.427859832314585, 20.73511465086711, 16.999759263125508, 18.819161585917506, 19.94184148439098, 16.043202330345153, 15.600169177756882, 20.506992898439275, 14.17633865242329, 22.564630953614653, 19.69832203329059, 16.240658615546657, 14.915569828731611, 21.447769781741787)",-0.9672278900647316
19.3116096040307,18.565245015143425,2.7239325467821685,"(15.815502838219498, 21.36664058040466, 17.88268183322169, 18.885856641360625, 20.010004759673894, 16.89407857842303, 19.697182909610742, 17.14507684866974, 19.315665964950014, 17.48773702495518, 25.61032750349138, 13.190737778712105, 18.906358914263585, 17.86475497646898, 22.189416682711492, 15.217182960794904, 20.549238371215782, 16.436700562241953, 17.171390287496017, 19.66836428598314)",0.27400259590457515
18.33743311560995,18.453673918929614,1.7660340811275121,"(17.67858376099137, 19.110257606368986, 20.531991240550898, 16.43635538450849, 18.99940463417049, 17.794436740916613, 18.96367291335102, 17.79364160511517, 17.95859773202881, 18.797728992102563, 21.584242101355056, 15.642971660609618, 18.44257877415026, 18.301342880717645, 15.83202955559592, 21.30735654290341, 18.394828765220453, 18.349286177871775, 21.339421562806294, 15.81474974725745)",-0.06582024920235376
31.691157005319113,19.694612272142397,3.8600302254450423,"(12.557197738927139, 29.864187955364624, 24.133209717513658, 15.496264660155056, 17.504500538443516, 21.4630233073645, 19.523909586327893, 19.149482593411115, 18.83028903032788, 19.87704161741841, 19.4737518842158, 19.22843848275715, 18.933618154238733, 19.759938862004592, 15.438263415138591, 24.200299741817616, 18.08942639382076, 20.683453410476044, 15.398289332028602, 24.287659021096285)",3.1078888072161597
18.956897626464887,19.92346309414907,4.763796470883956,"(16.540321961820776, 22.74366360420855, 29.155933636477503, 12.890616181648598, 16.357378264535903, 23.012245144527306, 19.83611275441622, 18.945429042500912, 13.449899613559404, 27.95149660350708, 16.585423610433413, 22.670411928436515, 20.024201188902826, 18.771764125711766, 14.651901842408058, 25.642751816422596, 25.40578931281072, 14.795760207194169, 17.249279830896146, 21.788881212562867)",-0.20289814512265067
39.79682177388711,37.003870770584335,5.224935780979248,"(31.03731660629946, 43.29914185584423, 33.844144760053275, 39.6885620766469, 33.46444197576988, 40.17369674921148, 35.87178644472376, 37.44397675271652, 34.681148789390505, 38.73770621326278, 31.761613329035487, 42.30042899587344, 31.306646599916917, 42.90920082131935, 44.15781946082635, 30.413950240122865, 44.588345912980806, 30.128280804907337, 43.11462451982724, 31.154582502958096)",0.534542647102033
89.79264292256251,99.98649465668609,10.129772370213852,"(125.53335090934438, 78.87173083606974, 92.69151354946501, 106.81684616643284, 99.61891965382438, 99.38921852079876, 101.32882885345877, 97.71172127908925, 111.988828991531, 88.41080030658671, 89.5270236431604, 110.59256544716602, 100.95579718217832, 98.07280735381214, 109.1724883109431, 90.69143699183607, 100.38632185792169, 98.62916716525234, 105.42756612326838, 93.91295999158233)",-1.0063258444087209
3.358353314639036,4.021928790744948,1.334297282520764,"(5.668558856656401, 2.584338732775546, 5.919343419721214, 2.4927511601590395, 2.487193962919831, 5.926387532000696, 3.396538104490989, 4.302401926010084, 4.274530062141557, 3.2807571068693364, 6.380401782998451, 2.316597254557015, 5.961395066371511, 2.4723111852424555, 3.1628125767321955, 4.530389180664287, 3.447653115599099, 4.1561304509185, 3.836526045112345, 3.841558292958409)",-0.4973220621811357
7.473896987328734,7.058821262905877,1.2616414079614744,"(6.427169025460556, 7.528593826282568, 6.03220900518366, 8.036226406608096, 8.630682937657433, 5.612275896795082, 7.210053272529139, 6.706110630706714, 5.4171086182957, 8.84475529417473, 7.156505384552087, 6.77578636933079, 5.332233992191164, 9.08546161263685, 8.01336470833819, 6.009871554557431, 5.564403640727128, 8.654376039971934, 8.304533817870436, 5.834703224247811)",0.32899659269548354
8.34907496283736,9.067164003967576,1.437749391150192,"(9.308530286680455, 8.628224288290468, 9.597094231448697, 8.374070499325333, 12.07276640181, 6.653391524364149, 11.088686886512587, 7.240717064160877, 8.789189758070194, 9.111981444017845, 9.97922567159698, 8.053779272987954, 10.171928563314136, 7.897828539446001, 9.432552244803361, 8.504294402979234, 9.352444299153074, 8.576668830866685, 6.951472747642357, 11.558433121881155)",-0.4994535525803625
41.17933480066747,40.00352858304129,1.1529879999562005,"(39.76765273855117, 40.20899011698293, 38.937072222155365, 41.06658689546917, 41.37667848228451, 38.64531538971343, 42.47630843557666, 37.6449601493678, 39.28296723050544, 40.70570183888898, 40.29178073786466, 39.685819274312315, 38.706530687814336, 41.31122468743582, 39.48379991635902, 40.49834472008713, 40.79048581852119, 39.20102012688004, 40.7423978861991, 39.24693430585656)",1.0197905075081857
18.305295237090874,19.965532584684034,1.6499592984619549,"(19.931096406865805, 19.870504772805578, 20.62374688039288, 19.20244259579696, 23.263261335563588, 17.02373037433288, 21.226065401971155, 18.65842620054042, 20.99018009031322, 18.87212909746468, 19.78383692655034, 20.01753967179329, 19.231951423559295, 20.592151003929985, 17.07702980763341, 23.194116619546286, 18.32855052787069, 21.6103314388217, 19.40609588827458, 20.407465229653912)",-1.0062292743468193
8.844085890472728,7.384012908127466,1.5618835022617856,"(5.528614225628313, 9.466166746876624, 6.833048305991544, 7.668711304515026, 7.223019970743886, 7.250211217953838, 7.532760137936907, 6.9439336818185184, 11.123583386054046, 4.673819020479745, 8.008077627860983, 6.544733910100818, 9.829375507942336, 5.32848564682735, 8.766912281307514, 5.950895005236701, 6.828125940118819, 7.640218638692621, 7.952666069411357, 6.586899537052378)",0.9348155481704685
12.66365664753584,10.386249443788778,1.3945303246994765,"(9.958272222197344, 10.649976009355262, 9.890289891926107, 10.724811668961596, 9.544797637965246, 11.1107070726741, 9.10864310079413, 11.642185694950156, 12.998952270369706, 8.154534266224688, 9.816761944723845, 10.805068968835576, 9.28233302153841, 11.425554461813167, 8.109635049559373, 13.07548232310627, 9.771493758716694, 10.85143041722391, 8.939379891873156, 11.864679202966771)",1.6330998067308768
14.011204262882057,13.905455330299839,1.5059813968965188,"(13.291573720282756, 14.385022271005816, 12.316880821793347, 15.522385630172465, 16.352075863245062, 11.69062392319955, 15.28402407348036, 12.509544254254756, 12.11235800815268, 15.795386622738006, 11.93108080210487, 16.023731567954137, 13.933419485069571, 13.720438455097625, 12.46273494206687, 15.347529566994536, 14.937455706514717, 12.80460508552519, 13.153625077504884, 14.534610728839558)",0.07021928212403027
17.8286832060285,18.072191983728764,2.798446643356215,"(12.755529071366151, 25.0322259255449, 17.763245552442996, 17.97277493341621, 15.593424098753902, 20.473408488992007, 16.438083505009402, 19.424962217105655, 19.618212657082772, 16.290180237953784, 16.458894042621463, 19.396512719315325, 16.681511338567834, 19.138086998474975, 15.636331057124762, 20.42998974831975, 14.564204985282604, 21.933714726373772, 19.303679726798865, 16.538867644028052)",-0.08701569432398402
20.052694728282177,18.49673157453886,2.2930157694518853,"(15.74622025856533, 21.407262468185962, 18.28877021356302, 18.423093749375106, 16.904745042046642, 19.931007690195685, 23.4118515202057, 14.39947604486583, 16.98107756419368, 19.905487951488606, 22.703951740321635, 14.839057715097695, 19.29949585555188, 17.45807214049957, 18.317278122675255, 18.429264927593074, 17.66294047163424, 19.11149611221478, 18.506382162013345, 18.207699740490312)",0.6785662682621887
18.28564201189076,18.406900536601757,2.2657421655853853,"(20.05456638298561, 16.643558231503928, 23.99640723060067, 13.897426014965605, 18.080551114472367, 18.443836341631737, 15.57950865419792, 21.428679961887894, 18.731864852720125, 17.917043110987347, 19.724437757421228, 16.904328552598077, 19.16703745448159, 17.398685407910154, 20.77298541938206, 16.114478166457715, 16.652886332182625, 20.100336639702537, 18.008682050106472, 18.52071105583942)",-0.05351823634339561
14.3785088661235,19.562826514465414,3.517382839993518,"(22.948965350507983, 16.151464785054294, 16.972967997916054, 21.793411691016203, 17.63141704389327, 20.979674999897856, 18.75885957110589, 19.769393978212413, 21.80144938273702, 17.219513136603453, 17.28567441257566, 21.390619866242243, 16.693108812941308, 22.15925140282237, 27.43989638974246, 13.59819244468257, 14.552473848527512, 25.637831845304007, 19.210564590700326, 19.261798738825377)",-1.4739133850870403
22.80782221312887,19.710162506457927,3.9883820036506537,"(27.110755531651414, 13.792341550407814, 30.19861840799477, 12.373167933869848, 20.735218932712307, 18.020681110675717, 21.46381599739119, 17.424266236294752, 19.734548690515496, 19.0310531689526, 19.917811315624533, 18.757215705097433, 22.548087581838136, 16.571774324209404, 18.482085242752643, 20.277827341516314, 22.2495774095099, 16.843658280266297, 19.72856779272227, 18.942177575155675)",0.7766707661993225
28.589821909480946,37.03019029100144,5.531888551351305,"(35.56125233182963, 37.73858026214076, 33.48095372818654, 40.06828359334343, 36.764196189768306, 36.49620718926249, 32.669899091306526, 41.08457194395597, 31.78223635653823, 42.31029204575287, 31.248682936637376, 42.929297404109775, 33.189315170858826, 40.42532233537021, 29.888793170104705, 44.94430879542925, 44.698437588724246, 30.05345213284564, 28.9926601193343, 46.27706343452947)",-1.52576616523822
105.14493157226062,99.91157915351599,9.273902851111155,"(115.31692077886406, 85.85887566729156, 104.50482399179343, 94.74173483420513, 99.99178234921044, 99.01789227739057, 86.73450516295831, 114.15279982884009, 115.46987791700285, 85.74570665105895, 104.80534623841274, 94.47006339465696, 104.43953450694798, 94.80101130010124, 109.02925773000878, 90.81059722291197, 94.24773499612805, 105.05305554124412, 97.71353784125183, 101.32652484004068)",0.5643096011209127
4.923461781061001,3.9472884076161385,0.715888003683633,"(3.703238418449338, 4.096611535456522, 4.506808120794767, 3.360351877889491, 3.48752976570266, 4.34754188036746, 3.5843749756186813, 4.235669797150029, 5.482727275984951, 2.7450144474301825, 4.698895201821382, 3.1875569476295937, 3.477414227760111, 4.332531221646746, 4.7124719652728215, 3.198174227326152, 4.212037545134162, 3.5923974690400176, 4.927749068972438, 3.0566721828752796)",1.3635839243316272
7.636915774712588,6.955510467316206,1.1294859655507654,"(8.262813931722494, 5.717166043402341, 7.572011429824934, 6.235624073717438, 6.8828403819142885, 6.862170904352961, 5.375491620933817, 8.790069091240102, 5.923987490697221, 7.9557547323170885, 5.559794953667319, 8.464414885369182, 6.184315320086306, 7.622787277116311, 5.700334546214137, 8.270966866788072, 6.794314416775312, 6.947447808242289, 8.327721912293251, 5.660181659649249)",0.6032879807090942
7.884128570621045,8.965656198033697,1.0066758135920215,"(10.458454360724419, 7.5980069295282995, 8.547174439827996, 9.295507567279499, 7.489010317178045, 10.609879024419083, 9.016773395365329, 8.81360850118048, 9.811003031382127, 8.093022030290454, 9.086234867209615, 8.733854557245143, 8.258240353902114, 9.615205488848462, 7.672171377196449, 10.35022349912949, 10.342146075444576, 7.681338458119975, 9.343068539133556, 8.49820114726881)",-1.074355430824889
41.723507255751144,40.00282817304486,1.118283194484317,"(40.028118419921334, 39.94778871778363, 40.8641125031263, 39.13057655229999, 38.61164162825275, 41.4132992079631, 39.64751153441715, 40.33126000881784, 41.389921320558265, 38.63359106532184, 39.57422928474039, 40.40623384073861, 41.80874322329138, 38.24656609774915, 39.347873711915206, 40.63854436925418, 39.62493523099838, 40.35431257990771, 38.2253904089635, 41.83191375487658)",1.5386791925275725
19.103612182107636,19.999751708543076,2.0189664081252827,"(19.00109617009198, 20.84817010067812, 22.122595162615983, 17.90671906611439, 21.081118680241985, 18.791202669560278, 20.211610252381885, 19.59942494045121, 19.889283303889837, 19.918240932008267, 18.13310312311809, 21.84803261319426, 23.15052079910418, 17.112214589484548, 20.78927938911464, 19.05576471255826, 24.464764399201783, 16.19246509129275, 21.137793205017037, 18.74163497074204)",-0.44386054311203416
7.446843858450334,7.439658365215701,1.9775223488400941,"(4.595064820260636, 11.320325795858157, 8.69210723840417, 5.982100744629829, 8.002725132420458, 6.499025414877057, 7.442785047066166, 6.990311904556905, 12.918008041428196, 4.019321784198553, 7.623337096510751, 6.80286122017119, 6.578962130743531, 7.893575355662992, 7.621974050233068, 6.814051853483001, 8.308245342252034, 6.257089886999375, 7.588572419267757, 6.842722025290195)",0.00363358383223733
11.562232442278443,10.492931740503511,2.04620921197461,"(8.124626479807633, 13.079108071311719, 9.501416027445293, 11.183473072942983, 11.38557436131718, 9.33289460020708, 15.585572063495274, 6.8181932369858185, 12.266140468701485, 8.661421903764714, 8.99463413280405, 11.80998220420712, 9.130878076483064, 11.635466012192937, 11.247810292799368, 9.44573343465531, 9.846718740090841, 10.790914965010145, 12.558672039414915, 8.45940462643326)",0.5225764284107816
16.72195676689748,13.944190891694653,1.540151186192295,"(15.356933217205178, 12.515502441163134, 14.456626673586292, 13.29533453951944, 16.180419454341685, 11.878549471507576, 13.638526183233187, 14.092297775355032, 15.666923786684452, 12.269321592874267, 14.4119381509417, 13.338430527373921, 17.458538753385092, 11.00984520424005, 15.124396501734935, 12.7090001567752, 13.309433395476798, 14.441301400438402, 13.68517053768195, 14.04532807037481)",1.803567013489292
15.032178180596258,18.018560623134455,2.108760996218776,"(17.162401147672778, 18.67051197475445, 17.233889886617405, 18.593981262122032, 17.103386354404226, 18.735171733159408, 21.154083752242844, 15.147165333502915, 20.07371128278521, 15.96603901041608, 20.890029118196395, 15.344023121637276, 16.709459647474443, 19.179993841194236, 17.189397629445523, 18.644318108757048, 21.683011698259534, 14.77891360336229, 15.704776835697622, 20.40694712098744)",-1.4161787172150309
16.958793705306878,18.48343668261878,1.508428923872549,"(19.502331450429132, 17.40084448015555, 20.004245612511948, 16.9668828653891, 18.35764158795823, 18.486645322641202, 16.75252269214213, 20.25577376609509, 16.182341353005175, 20.984638393638967, 20.003088344869767, 16.98307477030753, 18.866328718656526, 17.997540326047975, 17.64795402094181, 19.23949859629939, 18.913522917741577, 17.94622061326768, 21.03791556251976, 16.139722257757093)",-1.0107489674738719
16.033542264502437,18.54661842850724,1.8846347847174625,"(16.891321197178765, 20.151176627879412, 20.275698768278133, 16.792517695781967, 17.80683178157809, 19.11664624740052, 20.787214298472055, 16.372503270822527, 19.374613591261614, 17.590273655652883, 15.557973119025885, 21.92176575357631, 19.208203539275722, 17.73939276833726, 17.770031107347993, 19.174046278980224, 21.545119673994492, 15.804575875217488, 16.950770003290522, 20.101693316792996)",-1.3334552584847654
15.328475769991547,20.29218704814207,6.112705265018418,"(18.28207345201218, 20.762238113477114, 24.19806290675461, 15.698014345565054, 20.165217875853266, 18.827432063497202, 15.466151757573149, 24.534607535102495, 9.728670341040036, 39.14148965146777, 23.455737960404747, 16.26619067293633, 21.780439000456667, 17.475664426442044, 26.82545881261804, 14.186864874089848, 15.472378195754759, 24.55720633662, 19.43225670918864, 19.587585931987356)",-0.8120318358152616
18.720623462634958,19.884414702921717,4.422559788517245,"(15.354781175393487, 24.575944115551604, 31.246908850642928, 12.079675705582105, 17.24199876787615, 21.887569465668747, 20.162152654136943, 18.71418740061726, 15.939330851931304, 23.699926678123614, 20.783217650115663, 18.18800596179332, 15.680945628822915, 24.08691035578518, 22.38797012184842, 16.8700563710397, 24.417850850251583, 15.45936356277862, 20.36114612300267, 18.55035176747207)",-0.26314878620938764
39.64627153344945,36.81733340907615,2.1721213011807774,"(36.41956776280322, 37.084606796207076, 37.79212334931778, 35.742162987098574, 39.26545203077776, 34.39862222543235, 37.34531048071001, 36.16314469980192, 38.07962111141948, 35.487268144482705, 38.6759178001325, 34.952641208676496, 33.217449229042806, 40.6800971000755, 40.860820500454295, 33.06905642025177, 37.702820607528494, 35.82900572188376, 35.30347579376211, 38.27750421166429)",1.3023849647970742
102.28899136938207,99.8172515144411,8.116672571584031,"(86.49163915762558, 114.47480167772568, 102.4720390628857, 96.62262662450647, 102.51139437805821, 96.58551122693346, 109.9551251153369, 90.04683524069128, 91.02550431553867, 108.77316921170632, 100.11592950284029, 98.89680432010267, 103.45423202804751, 95.70542966941491, 106.34020629100031, 93.10805497461108, 113.25683429304925, 87.4218326571373, 96.75404375962702, 102.33301678198308)",0.30452624929018157
