Title: The 100 pc White Dwarf Sample in the SDSS Footprint 
Authors: Kilic M., Bergeron P., Kosakowski A., Brown W.R., 
         Agueros M.A., Blouin S.
Table: The 100 pc White Dwarf Sample in the SDSS Footprint
================================================================================
Byte-by-byte Description of file: apjab9b8dt1_mrt.txt
--------------------------------------------------------------------------------
   Bytes Format Units    Label  Explanations
--------------------------------------------------------------------------------
   1- 10 A10    ---      ID     Object identifier
  12- 30 A19    ---      Gaia   Gaia DR2 source identifier
  32- 40 F9.5   deg      RAdeg  Right Ascension in decimal degrees (J2015.5)
  42- 50 F9.5   deg      DEdeg  Declination in decimal degrees (J2015.5)
  52- 57 F6.2   mas      plx    Gaia DR2 parallax
  59- 62 F4.2   mas    e_plx    Uncertainty in plx
  64- 70 F7.1   mas/yr   pmRA   Gaia DR2 Proper motion along RA
  72- 74 F3.1   mas/yr e_pmRA   Uncertainty in pmRA
  76- 82 F7.1   mas/yr   pmDE   Gaia DR2 Proper motion along DE
  84- 86 F3.1   mas/yr e_pmDE   Uncertainty in pmDE
  88- 92 F5.2   mag      Gmag   Gaia DR2 G band apparent magnitude
  94- 98 F5.2   mag      GBP    Gaia DR2 blue passband apparent magnitude
 100-104 F5.2   mag      GRP    Gaia DR2 red passband apparent magnitude
--------------------------------------------------------------------------------
J0000-0403 2447815253423324544   0.04710  -4.05414  22.31 0.22  -117.5 0.4    21.6 0.2 17.80 18.15 17.25 
J0000+0132 2738626591386423424   0.17875   1.53930  14.95 0.10    65.6 0.2   -28.4 0.1 16.26 16.29 16.16 
J0001+3237 2874216647336589568   0.26821  32.61768  10.15 0.30   -11.3 0.4   -76.9 0.3 19.20 19.53 18.71 
J0001-1111 2422442334689173376   0.34738 -11.19932  13.51 0.29    90.3 0.4  -114.6 0.3 18.30 18.47 17.90 
J0001+3559 2877080497170502144   0.48816  35.99629  11.66 0.28    38.5 0.3   -57.9 0.2 18.85 19.02 18.35 
J0003-0111 2449594087142467712   0.81988  -1.18834  14.07 0.51    99.8 0.6   -12.6 0.4 18.81 19.21 18.20 
J0003-0426 2444731325169827200   0.88831  -4.44813  11.62 0.31  -100.3 0.6   -64.2 0.4 18.57 18.78 18.16 
J0004-0340 2447889401738675072   1.04394  -3.66918  21.08 0.10   218.7 0.2   -52.9 0.1 16.74 16.90 16.40 
J0004+0838 2746843589674667264   1.06322   8.64444  14.22 0.24    67.6 0.6   -52.8 0.3 18.43 18.77 17.95 
J0004+1430 2768919442402016896   1.12819  14.50006  11.63 0.49    33.4 1.1    98.5 0.8 19.37 19.78 18.68 
J0005+1314 2767087346792302720   1.26505  13.24053  11.42 0.37   204.0 0.7    59.3 0.4 18.81 19.08 18.31 
J0005+2935 2861037080628898816   1.30477  29.59819  10.47 0.58   320.4 1.4    36.9 0.5 19.94 20.47 19.27 
J0005+3033 2861367067259811840   1.41133  30.55899  10.18 0.23   -66.8 0.4   -60.1 0.2 18.66 18.77 18.46 
J0005+3451 2876705018245556480   1.49427  34.86079  11.04 0.10    66.6 0.1    11.3 0.1 17.06 17.05 17.00 
J0006+0257 2739231150982741760   1.51268   2.96255  12.14 0.27    88.5 0.5    -0.9 0.4 18.31 18.51 17.96 
J0006+0755 2746037712074342784   1.51576   7.92059  10.21 0.22   -35.7 0.4   -35.6 0.3 17.94 18.02 17.75 
J0006-0505 2444446482939165824   1.64719  -5.09162  10.06 0.30   -68.0 0.5   -14.8 0.4 18.57 18.74 18.19 
J0006+3104 2861452348130844160   1.65808  31.07098  10.16 0.08    21.8 0.1   -25.7 0.1 16.84 16.65 17.00 
J0006+2907 2860951829821782016   1.72176  29.12826  13.74 0.11   -41.1 0.2     8.6 0.1 16.89 16.89 16.78 
J0007-0307 2448308212589610240   1.77907  -3.12035  23.87 0.45   232.7 0.8  -401.0 0.3 18.20 18.65 17.61 
J0007+3403 2875903332533220992   1.87053  34.06188  29.34 0.10    20.7 0.2   199.1 0.1 17.26 17.57 16.75 
J0008-0353 2445187691214892416   2.12716  -3.88919  12.88 0.41   -54.4 0.6   -73.3 0.4 18.70 19.00 18.22 
J0008+3511 2876822146296910976   2.15565  35.19538  11.70 0.48   108.2 0.7   -73.3 0.4 19.93 20.44 19.15 
J0008+2706 2853763295814123264   2.23232  27.10251  17.63 0.26  -110.1 0.4    34.2 0.3 18.79 19.38 18.10 
J0009+3108 2861792754354276352   2.39596  31.14409  18.64 0.08  -358.9 0.1  -395.5 0.1 16.73 16.80 16.52 
J0009+0510 2742201172407646208   2.40474   5.18003  11.77 0.51  -104.6 1.0    93.4 0.7 19.47 20.02 18.80 
J0010-2021 2364836107306975872   2.56600 -20.36341  13.06 0.08   109.1 0.1   -74.7 0.1 16.49 16.52 16.38 
J0011-0827 2429268309033277184   2.88516  -8.46348  10.21 0.23   113.2 0.4   -53.4 0.2 18.00 18.03 17.82 
J0011+1849 2797216031272977280   2.88986  18.83013  12.95 0.12   110.1 0.3    -4.9 0.1 16.67 16.65 16.60 
J0011-0903 2429183303040388992   2.92783  -9.05731  18.02 0.14     5.6 0.3  -133.9 0.2 17.53 17.79 17.06 
J0011+2824 2859908324567852416   2.94558  28.40670  11.02 0.12   105.4 0.2   -26.3 0.2 17.60 17.63 17.44 
J0012-0606 2443419990050464128   3.08602  -6.10606  14.56 0.12   123.6 0.2    14.1 0.1 16.36 16.32 16.43 
J0012+0749 2751749709340268416   3.24323   7.82350  12.77 0.76   145.7 1.9   -62.7 0.8 19.62 20.03 18.92 
J0013-0441 2444134496514446976   3.29361  -4.69643  10.02 0.39    43.0 0.6     8.4 0.4 18.64 18.79 18.26 
J0013+0643 2742615963169132800   3.30475   6.72900  10.77 0.63     1.3 1.4    -4.0 0.8 19.39 19.75 18.81 
J0013+3246 2863526233218817024   3.33251  32.77027  11.14 0.08   158.5 0.1   -31.8 0.1 16.70 16.72 16.63 
J0013+0748 2751750087297310592   3.36978   7.81237  17.71 0.30    32.6 0.8   -12.0 0.4 17.87 18.13 17.40 
J0013-0213 2541549062071571968   3.38898  -2.22274  25.83 0.17   128.7 0.3  -158.4 0.2 18.10 18.67 17.36 
J0013+0019 2545505281002947200   3.41494   0.32270  24.96 0.06   421.4 0.1  -183.8 0.1 15.35 15.40 15.21 
J0014-0758 2429392661221943040   3.67035  -7.98246  10.86 0.42   184.8 0.8     8.2 0.5 19.29 19.52 18.79 
J0015-2041 2364587647743373056   3.77099 -20.68695  19.62 0.29   261.6 0.5  -165.9 0.3 18.61 19.09 17.95 
J0015+0022 2545590733671247744   3.80881   0.36769  23.54 0.16   117.5 0.3    90.2 0.3 17.70 18.08 16.99 
J0015+1353 2768116146078155648   3.82938  13.89245  12.50 0.13   181.1 0.3   -10.0 0.2 17.21 17.30 17.00 
J0015+2613 2850426479892014976   3.85286  26.23152  12.90 0.50   181.2 0.9    84.7 0.6 19.48 20.03 18.79 
J0015-0128 2541707185587555584   3.92625  -1.48052  14.60 0.23    34.6 0.4   -36.7 0.3 18.38 18.67 17.87 
J0016+0504 2741440172922171008   4.23087   5.07826  10.53 0.30    87.3 0.6   -75.7 0.4 18.48 18.65 18.09 
J0017+2029 2797842095770634752   4.43223  20.48582  10.16 0.26    22.0 0.4   -48.3 0.5 18.41 18.49 18.12 
J0018+1254 2755569515814791808   4.57252  12.91295  14.02 0.61    97.9 1.2    20.0 1.0 19.36 19.72 18.72 
J0018+3441 2876148734080688256   4.66814  34.69841  10.44 0.15   333.1 0.3    -3.5 0.2 18.10 18.25 17.80 
J0018+3441 2876148729784835584   4.67035  34.69658  10.07 0.33   334.5 0.6    -2.1 0.4 19.47 19.77 18.96 
J0018+0233 2548152217808246528   4.68166   2.55657  13.30 0.11    67.0 0.3    -5.3 0.1 17.10 17.10 16.96 
J0018+3055 2862337802883401856   4.68397  30.92820  18.55 0.10   195.0 0.2     9.2 0.1 17.13 17.31 16.74 
J0019+1414 2768190500551905408   4.78435  14.24087  11.36 0.25    82.1 0.6    24.7 0.4 17.97 18.08 17.71 
J0019-1007 2428145295344110080   4.86620 -10.12331  10.16 0.31    31.9 0.8   -72.5 0.4 18.64 18.72 18.36 
J0019-1114 2424913628807069056   4.92659 -11.23344  11.24 0.22   233.3 0.5   -92.3 0.2 17.91 17.99 17.72 
J0019-1258 2423337955632676096   4.97682 -12.96692  18.61 0.31   319.9 0.6   110.3 0.3 18.93 19.51 18.20 
J0020-1115 2424915789174828160   5.08685 -11.25321  10.58 0.70   -39.8 2.0   -92.1 0.7 19.28 19.63 18.99 
J0020+2640 2855799415254881408   5.09326  26.66971  10.40 0.07    -2.5 0.1    12.5 0.1 16.13 16.08 16.21 
J0020+0011 2545305410405677312   5.16705   0.18489  10.52 0.27   -11.1 0.6   -58.2 0.3 18.44 18.61 18.08 
J0020+0044 2546887573277984256   5.20669   0.74267  21.17 0.10   192.7 0.2   -83.9 0.1 16.68 16.75 16.49 
J0021+2531 2855386170682263424   5.31779  25.52627  35.68 0.11    53.1 0.3     8.4 0.1 15.49 15.51 15.32 
J0021+1502 2792315366213367296   5.36923  15.03963  14.20 0.22    16.4 0.4   -80.4 0.2 17.99 18.17 17.65 
J0021+2640 2855790657816672000   5.44673  26.67535  30.68 0.13   -74.4 0.3  -314.9 0.2 17.49 18.00 16.83 
J0021+3827  378856389416637056   5.44773  38.45723  13.23 0.08     2.4 0.1   -20.2 0.1 16.44 16.39 16.41 
J0022-1203 2423499381975837056   5.59805 -12.05742  10.39 0.14    33.9 0.3    37.2 0.2 17.43 17.46 17.36 
J0023+1600 2792477995150491264   5.96464  16.00618  10.54 0.53   -13.8 1.4    30.7 0.6 19.65 20.06 18.98 
J0024-1502 2368814823275272064   6.03838 -15.04056  10.01 0.58    77.4 1.1   -75.2 0.7 19.70 20.18 19.04 
J0024+2742 2856257606661059456   6.14523  27.70162  11.24 0.11    89.4 0.2    -2.6 0.1 16.73 16.65 16.76 
J0024-0030 2542192757410302720   6.16655  -0.51167  12.05 0.90     6.4 2.1  -175.3 1.2 20.26 20.84 19.35 
J0025+2137 2799839702239434240   6.29042  21.62693  13.21 0.35   257.1 0.6    42.3 0.4 18.72 19.04 18.22 
J0025+3621  366429258027943040   6.45972  36.35960  15.03 0.28   124.5 0.4    62.7 0.3 18.79 19.15 18.21 
J0025+0810 2749042299395966976   6.47717   8.18237  14.79 0.38   251.9 1.0   -59.1 0.6 19.15 19.53 18.58 
J0025+1338 2755903045794863872   6.47848  13.63943  10.67 0.76    99.3 1.6  -129.1 1.4 20.14 20.55 19.41 
J0026+0635 2747843836017055488   6.72975   6.59354  17.14 0.11    90.9 0.2  -137.6 0.1 17.15 17.30 16.84 
J0027+0554 2747384888699406080   6.76181   5.90746  27.25 0.25   -92.8 0.6  -422.3 0.4 18.03 18.55 17.43 
J0027+2306 2800103825548199168   6.85693  23.11353  12.06 0.23    70.2 0.4   -25.6 0.2 18.09 18.23 17.83 
J0027+1636 2792919650932258560   6.87290  16.60165  11.21 0.32   -20.1 0.7    -2.8 0.4 19.18 19.57 18.73 
J0027-0138 2541126609088680448   6.90467  -1.64431  11.54 0.34    23.9 0.9     6.7 0.5 19.02 19.34 18.49 
J0028-0229 2540822937721559808   7.16130  -2.49360  15.18 0.50  -111.2 1.0   121.6 0.6 19.40 19.96 18.67 
J0028+0559 2555604467102461440   7.18404   5.99150  10.13 0.26   -27.9 0.6  -120.5 0.4 18.51 18.59 18.18 
J0028-0233 2540716216374137984   7.20043  -2.55222  14.08 0.38  -112.2 0.8   121.3 0.5 19.08 19.64 18.38 
J0028+3005 2858896086675180928   7.22359  30.09205  12.71 0.24    19.6 0.4    62.1 0.3 18.53 18.78 18.10 
J0029+2002 2796074252871563776   7.44510  20.04068  12.30 0.19  -135.2 0.4   -79.8 0.2 18.25 18.41 17.97 
J0029+3648  366784816895496064   7.49631  36.80949  16.77 0.17    91.1 0.1   -45.6 0.2 16.46 16.28 16.67 
J0030+2714 2856067008897130112   7.52068  27.24023  14.55 0.20    64.1 0.4  -132.6 0.2 18.51 18.79 18.01 
J0030+3442  365204711311382400   7.53705  34.70792  13.72 0.51   101.4 0.6   117.9 0.7 19.21 19.67 18.60 
J0030-1806 2364195122092662912   7.58569 -18.11216  10.05 0.82  -101.3 1.2  -156.9 0.8 19.97 20.36 19.27 
J0030+1930 2795833567198957568   7.60724  19.51301  11.38 0.58    96.1 1.0   -62.9 0.5 19.57 19.86 18.90 
J0030+2421 2807036078858147584   7.72477  24.36519  11.49 0.10    18.0 0.2   -21.6 0.1 17.13 17.12 17.00 
J0030+3310 2862873192032202112   7.73616  33.16772  12.62 0.18   123.4 0.3  -118.9 0.3 17.97 18.06 17.79 
J0031+1845 2794904441219064448   7.76839  18.75471  12.66 0.14   -36.3 0.3     8.2 0.2 17.71 17.84 17.45 
J0031+2250 2806027925479257216   7.83334  22.84283  10.08 0.82   162.8 1.1   -53.5 0.7 19.67 20.15 18.95 
J0031+2218 2799809779202757376   7.85472  22.30612  19.70 0.14   200.2 0.3   -97.4 0.1 17.63 17.92 17.16 
J0032+1434 2780050795041827968   8.04258  14.58205  10.33 0.31   117.2 0.6   -15.7 0.4 18.97 19.18 18.55 
J0032-0835 2427195557815626880   8.09088  -8.59856  10.27 0.32     7.8 0.5   -75.2 0.3 18.53 18.71 18.20 
J0032-0508 2527045889522365824   8.10792  -5.14959  12.75 0.31   170.5 0.7   -24.9 0.5 19.09 19.58 18.47 
J0033+1451 2780434524599787136   8.25239  14.85189  15.35 0.20  -205.1 0.4  -190.7 0.2 18.17 18.46 17.67 
J0033+0141 2544472457331853440   8.28268   1.68448  11.26 0.86    39.0 2.2  -119.7 1.1 20.23 20.69 19.40 
J0033+2631 2807933447849924224   8.30725  26.52120  11.19 0.22   -98.2 0.4   -58.8 0.2 18.33 18.67 17.80 
J0033+2506 2807462655009880320   8.35762  25.10451  25.96 0.09   478.8 0.2   144.1 0.1 16.82 17.09 16.38 
J0033+0540 2555356080553959168   8.36678   5.67765  13.18 0.17    -5.6 0.4    66.3 0.2 17.89 18.06 17.54 
J0034+2734 2857547329505058176   8.56767  27.57531  11.51 0.28   175.6 0.5    54.5 0.3 18.84 19.18 18.39 
J0034+1517 2780524585769652736   8.61225  15.29951  22.34 0.10     7.2 0.2  -222.1 0.1 16.80 16.98 16.44 
J0034+0640 2555713215673881856   8.63101   6.68139  14.27 0.35   163.7 1.0    47.6 0.4 18.92 19.28 18.33 
J0034-1021 2425650847058388224   8.74844 -10.35498  22.96 0.18   207.0 0.4  -213.3 0.2 17.83 18.14 17.32 
J0035+1000 2751173530888036224   8.76601  10.00034  12.20 0.13   111.5 0.3   -78.2 0.2 17.60 17.71 17.36 
J0035+1530 2780622648462300160   8.77082  15.50402  11.35 0.39  -142.0 0.7   -27.3 0.6 19.12 19.44 18.62 
J0035+0011 2543230185287345664   8.79822   0.19648  14.99 0.07   -69.9 0.2  -242.6 0.2 16.45 16.50 16.31 
J0035+0153 2544456862306151680   8.89870   1.88417  31.58 0.07  -144.7 0.2  -363.0 0.1 15.63 15.64 15.56 
J0035+2009 2796224099985984768   8.92533  20.16068  21.70 0.20    98.7 0.4    -3.1 0.2 18.15 18.55 17.61 
J0036+0552 2555403428272657792   9.05362   5.87561  14.77 0.21   161.6 0.5  -133.3 0.4 17.71 17.90 17.35 
J0037+2735 2809521108280956800   9.25845  27.58659  11.55 0.62    26.8 1.4  -126.9 0.8 19.88 20.34 19.27 
J0038+2730 2809470496386299264   9.54281  27.50770  11.15 0.61    27.1 1.1   -42.4 1.0 19.78 20.36 19.15 
J0038+2056 2796378817592437248   9.60852  20.94813  10.69 0.24    77.0 0.5   -72.2 0.3 18.76 18.94 18.44 
J0038+3409  364978005758397952   9.66052  34.16237  11.54 0.14   207.9 0.2   -19.4 0.1 17.23 17.23 17.10 
J0039+3131  361418474306342656   9.76662  31.52639  11.57 0.07   228.8 0.1  -110.3 0.1 16.41 16.40 16.40 
J0039+1318 2779284538516313600   9.87185  13.30165  12.61 0.08    46.5 0.2   -54.6 0.1 16.45 16.47 16.41 
J0039+4229  381396329995329408   9.98537  42.49158  12.97 0.11  -127.2 0.1    18.6 0.2 16.51 16.57 16.42 
J0040+2949 2858325611939289472  10.01798  29.83245  11.72 0.29   -16.4 0.5   -61.9 0.4 18.66 18.88 18.33 
J0040-0114 2530820027607910016  10.16500  -1.24690  10.39 0.50   106.1 1.2    99.4 0.5 19.53 20.05 18.84 
J0041-2221 2349916559152267008  10.35629 -22.35228 109.88 0.03  -463.2 0.0  -381.8 0.0 14.31 14.68 13.76 
J0041+0329 2551087359802740096  10.36604   3.48502  13.60 0.11   156.9 0.3   -86.9 0.1 16.94 17.01 16.74 
J0041+2015 2801525356645366016  10.45616  20.25114  13.98 0.28   203.9 0.5   -33.3 0.3 18.91 19.42 18.24 
J0041-0226 2530119196321115776  10.45993  -2.44720  18.28 0.11   -39.4 0.3  -118.1 0.1 16.83 16.96 16.53 
J0042+3541  365553737534259968  10.60742  35.68988  13.72 0.30    97.7 0.5   -46.3 0.4 19.09 19.51 18.48 
J0042+2357 2803442840498734720  10.64090  23.95097  12.00 0.14     4.0 0.2   -15.8 0.2 17.34 17.41 17.13 
J0042+3403  362287638243286400  10.68924  34.05164  11.35 0.93   175.4 1.2   -51.3 1.1 20.20 20.81 19.53 
J0043-2012 2350826847404607616  10.75616 -20.20229  13.22 0.44  -143.8 1.1   -79.8 0.5 19.51 19.98 18.71 
J0043+1540 2781309637071878912  10.81661  15.68332  13.45 0.19   -36.1 0.4    27.0 0.2 18.07 18.29 17.70 
J0043+1101 2774568290763823872  10.88673  11.03267  13.81 0.16   176.5 0.3  -129.0 0.2 17.78 17.85 17.62 
J0043-0823 2522341212409740288  10.89872  -8.39158  11.00 0.27   142.8 0.5   -28.9 0.3 18.75 18.89 18.45 
J0044-0611 2523835929748697088  11.04240  -6.18950  10.86 0.36     9.3 0.8   -54.8 0.4 19.11 19.42 18.42 
J0044+0318 2550856260497950464  11.04739   3.31150  14.66 0.14   134.2 0.4   -28.9 0.2 17.63 17.84 17.25 
J0044+0830 2557815649409852544  11.06177   8.50399  15.18 0.48   180.5 0.8  -172.4 0.8 19.20 19.75 18.47 
J0044+0418 2551258990991085184  11.21529   4.30504  13.50 0.24   -33.3 0.6  -156.1 0.3 18.50 18.72 18.11 
J0045-0407 2528877194857837184  11.25938  -4.11972  23.15 0.08    97.9 0.2   -60.3 0.1 16.76 17.09 16.25 
J0045-0608 2523840155996531456  11.27689  -6.14173  33.34 0.16   113.5 0.3  -684.9 0.2 17.99 18.49 17.32 
J0045+0904 2558010366047159424  11.29649   9.07911  11.79 0.21   -74.8 0.7   -85.9 0.3 17.89 18.03 17.61 
J0045+1420 2776464325551066880  11.34235  14.34570  17.36 0.28   265.6 0.5   -53.7 0.2 18.54 18.99 17.88 
J0045+1454 2781012734572656640  11.49176  14.91323  15.58 0.15    -9.1 0.3  -140.5 0.2 18.12 18.29 17.71 
J0046-1019 2377801239183645696  11.53852 -10.32717  12.42 0.36   151.8 1.0   -34.9 0.4 19.26 19.72 18.58 
J0046+1058 2774460229385992320  11.55766  10.96937  11.47 0.85   152.7 2.0   -98.8 0.9 19.91 20.39 19.20 
J0046+0124 2549282305307437184  11.61762   1.40503  19.17 0.47   207.0 1.0   -94.1 0.5 19.45 19.74 18.95 
J0046-0147 2530509724810602496  11.65563  -1.79042  23.68 0.16  -100.1 0.4  -221.1 0.2 17.79 18.09 17.31 
J0048-0124 2530629365419780864  12.03950  -1.41088  14.50 0.13   141.1 0.3   -35.3 0.2 17.14 17.16 17.03 
J0048-0427 2525794778432811264  12.08734  -4.45331  17.32 0.22   194.4 0.5   -68.5 0.3 18.42 18.79 17.84 
J0048+3456  363756658793281024  12.24469  34.94762  17.43 0.38   338.4 0.6    20.6 0.5 19.27 19.58 18.67 
J0049+0522 2552928187080872832  12.29657   5.37693 231.74 0.04  1231.3 0.1 -2711.8 0.0 12.31 12.55 11.94 
J0049+2027 2789405753503977472  12.37265  20.45311  10.14 0.12    61.8 0.2   -39.0 0.1 16.97 16.96 16.92 
J0049+2903  311899773416896000  12.45541  29.05613  11.35 0.40    97.1 0.8    19.3 0.5 19.25 19.60 18.69 
J0049-0712 2522906262603157760  12.48037  -7.21141  13.22 0.68   293.5 1.3   -28.7 0.7 19.76 20.34 18.96 
J0049+1727 2782037303315690752  12.48745  17.46465  10.26 0.46    30.8 0.8   -20.2 0.5 19.16 19.35 18.67 
J0050+1919 2788992130973584640  12.55201  19.32999  10.78 0.13    25.5 0.2   -34.4 0.1 15.99 15.92 16.12 
J0050+3138  360858960322547968  12.57922  31.64610  13.14 0.18   -89.9 0.4   -38.7 0.2 18.12 18.04 18.13 
J0050-0326 2529337507976700928  12.69083  -3.44882  12.68 0.11   -23.8 0.2   -18.0 0.1 16.82 16.62 17.00 
J0051+1659 2781770637386074112  12.77674  16.99334  20.95 0.15    35.2 0.3   -34.1 0.2 17.91 18.25 17.33 
J0051+2031 2789398778477164672  12.79628  20.52276  11.97 0.06    88.9 0.1   -19.9 0.1 15.40 15.28 15.56 
J0052+4505  377520826387065856  13.01828  45.09272  13.24 0.07    93.0 0.1    12.9 0.1 16.03 16.01 16.05 
J0052-0924 2473843786029439104  13.06446  -9.40514  15.69 0.06   106.2 0.1    19.1 0.1 15.42 15.38 15.47 
J0052+2721 2808795537980708736  13.09160  27.36071  19.88 0.20   -48.3 0.3   -33.9 0.3 18.12 18.45 17.56 
J0052+2023 2789721038463275520  13.13761  20.39725  16.50 0.56  -252.4 1.0  -346.3 0.8 19.80 20.18 19.04 
J0052+1509 2778069062775645184  13.14055  15.15419  11.69 0.62     6.1 1.5   -95.3 0.7 19.23 19.47 18.64 
J0052+3450  363710101347919104  13.19754  34.84759  23.59 0.24   386.4 0.5  -162.4 0.3 18.61 19.28 17.81 
J0052+3903  367873844509139584  13.20041  39.06549  20.11 0.40    65.4 0.6   153.7 0.5 19.40 20.34 18.56 
J0052+0453 2552643413569299968  13.21745   4.88575  11.15 0.34    58.4 0.8   -85.5 0.5 18.80 18.96 18.41 
J0053+3927  368075574827351168  13.30647  39.45111  20.90 0.08  -159.0 0.1  -140.9 0.1 16.53 16.67 16.23 
J0053+0719 2556605469360226048  13.43565   7.32126  10.17 0.14     3.2 0.2   -95.3 0.1 17.29 17.34 17.13 
J0053+1239 2776562598698116992  13.49566  12.66414  11.97 0.58   154.7 1.2   -21.5 0.6 19.27 19.68 18.62 
J0054+4156  375131415820709632  13.55420  41.93735  18.49 0.05   -95.4 0.1    46.2 0.1 15.69 15.83 15.41 
J0054+1412 2777751372630874112  13.57197  14.20443  10.19 0.37   -50.7 0.7   -10.8 0.4 19.19 19.44 18.83 
J0054+3414  362877874124807936  13.62339  34.24668  23.56 0.17  -262.6 0.2  -120.8 0.2 17.55 17.96 16.99 
J0054+3514  363066814030170624  13.65200  35.23430  13.22 0.27   124.6 0.4   -63.9 0.3 18.60 18.95 18.09 
J0054-0952 2473754897386327808  13.66105  -9.87222  14.57 0.09  -195.7 0.2    -7.0 0.1 16.72 16.79 16.54 
J0054-0312 2526450362241718400  13.69272  -3.20063  11.04 0.35    87.5 0.9  -175.0 0.5 19.08 19.38 18.58 
J0055+0850 2581058706745690752  13.77235   8.84172  11.35 0.28  -119.4 0.6   -51.3 0.3 18.39 18.57 18.04 
J0055+1804 2788048780061707520  13.80020  18.07805  12.13 0.34    77.2 0.7    55.3 0.4 18.29 18.54 17.91 
J0055+3847  367799116372410752  13.81820  38.79673  12.65 0.17  -410.6 0.3  -233.2 0.2 18.01 18.39 17.49 
J0055+1801 2787859938939149696  13.87298  18.02436  11.91 0.36    66.7 0.7  -110.7 0.6 18.37 18.58 18.09 
J0055+1407 2777015593193689216  13.93084  14.12234  11.19 0.32   219.4 0.5    22.9 0.4 18.39 18.58 17.98 
J0056-0614 2524394000619171840  14.01344  -6.24772  10.14 0.36    20.1 0.8  -148.6 0.6 19.21 19.51 18.68 
J0056+4520  377431181828043136  14.05118  45.33882  14.60 0.16   302.4 0.3   -59.9 0.3 18.21 18.60 17.62 
J0056+4410  377231345590861824  14.23615  44.17488  13.72 0.08    -0.0 0.1    -4.2 0.1 16.35 16.35 16.31 
J0056+4347  377196947196848128  14.24794  43.79264  19.98 0.19   174.8 0.2    -3.1 0.2 17.52 17.70 17.20 
J0057+1756 2787939447373738880  14.44469  17.93837  20.86 0.18    53.0 0.4  -184.6 0.2 17.76 18.05 17.33 
J0058+1032 2582416710980577792  14.56132  10.54138  10.07 0.22    24.5 0.4    49.5 0.2 18.26 18.42 17.90 
J0058-0210 2532554129243495168  14.62403  -2.17574  20.12 0.16   168.5 0.3   -62.0 0.2 17.69 18.00 17.17 
J0058+0639 2577467770489127296  14.71430   6.65240  10.10 0.16    49.9 0.3   -19.4 0.1 17.59 17.65 17.38 
J0058-0536 2524541476912288000  14.71749  -5.61418  14.73 0.49   101.8 1.0   -24.9 0.7 19.53 20.11 18.77 
J0059+0432 2552160826748508672  14.78451   4.54441  12.33 0.33   -31.3 0.7    12.6 0.4 19.01 19.33 18.46 
J0059+3324  314637484355364224  14.91700  33.40249  11.47 0.33    95.2 0.7   -69.2 0.6 19.14 19.53 18.53 
J0059+1623 2784445680457082368  14.98653  16.39558  14.61 0.18    21.1 0.4   -74.3 0.2 17.78 17.98 17.40 
J0100+4552  377790511677100288  15.00180  45.86784  11.01 0.21   -18.0 0.3   -34.6 0.3 18.25 18.43 17.88 
J0100+3103  312589747027492736  15.10246  31.05166  11.64 0.42    37.4 0.7   -51.4 0.9 19.38 19.73 18.72 
J0100+4218  374811767174987776  15.10665  42.31117  11.38 0.12    54.9 0.1   -80.1 0.1 16.58 16.58 16.52 
J0101-0252 2532236546477272192  15.31565  -2.86925  14.29 0.16   -78.8 0.4  -136.2 0.2 17.64 17.74 17.38 
J0101+0241 2539347255677275264  15.42559   2.69170  10.87 0.51   140.3 1.4    -3.9 0.6 19.65 20.06 18.97 
J0102+1740 2784832914708609536  15.68103  17.66908  16.29 0.13   259.1 0.3    -6.4 0.2 17.48 17.56 17.30 
J0102+1401 2777098984278522752  15.74998  14.01940  17.05 0.27    14.3 0.7   108.2 0.3 18.74 19.31 18.04 
J0103+0008 2536332154276141696  15.82014   0.14960  10.18 0.25   196.6 0.5   -89.6 0.2 18.36 18.58 18.03 
J0103-0632 2476337856358290560  15.85243  -6.53713  22.99 0.06    44.0 0.1  -178.9 0.1 13.91 13.77 14.06 
J0104+4650  401215160231429120  16.05719  46.84482  11.91 0.16    50.3 0.3  -117.0 0.2 17.77 17.69 17.77 
J0104-0350 2531326283993100416  16.06860  -3.84071  27.94 0.15   378.7 0.3   -74.8 0.2 17.80 18.18 17.20 
J0104+0949 2581380077674117120  16.17188   9.82838  15.01 0.07   -48.7 0.1   -15.1 0.1 14.51 14.33 14.71 
J0105+0614 2576459518326275072  16.25518   6.24103  10.21 0.41   167.0 0.8    32.0 0.4 19.17 19.43 18.59 
J0105+1811 2785252515833393664  16.27210  18.18993  13.67 0.31   147.1 0.6   -10.4 0.4 18.68 19.03 18.18 
J0105+4712  401316766273630208  16.32943  47.20475  10.26 0.68   -67.7 0.8   -16.1 0.7 19.83 20.16 19.39 
J0105+1102 2583211103836375296  16.36150  11.03681  10.60 0.28   135.2 0.5    32.3 0.3 18.68 18.80 18.35 
J0105-0920 2473296504116465408  16.42967  -9.34872  14.36 0.10   -14.7 0.2   -51.8 0.1 17.15 17.25 16.90 
J0105+2217 2791363193439212160  16.44561  22.28506  15.79 0.10    35.7 0.2  -109.2 0.1 16.78 16.90 16.55 
J0105-0614 2476711101899811456  16.45545  -6.24800  10.16 0.28    26.6 0.6  -136.3 0.4 18.77 19.02 18.27 
J0106+3215  313521312549882496  16.53130  32.25763  11.39 0.11   124.5 0.2   -68.8 0.2 17.32 17.28 17.21 
J0106+2754  308012445761585024  16.53818  27.90635  12.43 0.17    93.2 0.3  -107.6 0.3 17.83 18.01 17.53 
J0106+1141 2583365245917474816  16.57104  11.69680  17.09 0.38   475.3 0.8  -389.0 0.6 19.62 20.22 18.78 
J0106+1506 2783309850585780352  16.60167  15.10691  11.37 0.50   -52.0 0.7  -138.4 0.7 19.40 19.65 18.85 
J0106+0145 2538281386529032192  16.65458   1.75056  12.41 0.08    71.5 0.2   -65.1 0.1 16.35 16.35 16.35 
J0106+0057 2537908647792027392  16.69505   0.96030  10.64 0.47   122.5 1.1   -48.7 0.4 19.48 19.86 18.94 
J0106+0148 2538286403050847232  16.70431   1.81256  10.17 0.11   248.0 0.2   -10.4 0.1 17.21 17.30 16.97 
J0107+2710  306805388153226368  16.79231  27.16868  15.31 0.27   155.8 0.5   -88.2 0.3 17.98 18.14 17.70 
J0107+2518  306350606950880128  16.85951  25.30978  11.16 0.11    56.2 0.2   -25.9 0.2 16.73 16.64 16.85 
J0107+2650  306779618349361920  16.86820  26.83857  14.64 0.34  -213.1 0.6  -157.2 0.5 18.93 19.33 18.47 
J0107+2904  308383019835259008  16.93867  29.07231  16.89 0.12    38.5 0.2   -33.0 0.2 16.78 16.69 16.90 
J0107+2409 2792200501607971840  16.95030  24.15084  11.45 0.21   107.7 0.4   -92.1 0.3 18.25 18.37 18.08 
J0107+0102 2537913801752406400  16.95094   1.04389  10.71 0.25    26.5 0.5  -166.9 0.3 18.59 18.80 18.24 
J0107+2107 2790417540424293120  16.95550  21.12910  11.08 0.45   -54.9 0.7   -70.3 0.5 19.21 19.33 18.90 
J0108+4826  401734232798946688  17.07881  48.43341  11.51 0.34    46.0 0.6   -57.4 0.4 18.97 19.35 18.50 
J0108+1107 2583248384152322048  17.21403  11.12030  15.18 0.30   -90.2 0.7   -96.6 0.3 18.71 19.02 18.15 
J0109-1042 2469900009618822656  17.26499 -10.70405  16.37 0.08   173.0 0.2   -28.6 0.1 16.62 16.72 16.40 
J0109-1042 2469900005324049280  17.26835 -10.70439  16.85 0.23   174.5 0.5   -27.4 0.4 18.75 19.20 18.09 
J0109+3300  313967881773971840  17.42091  33.00320  11.70 0.38    68.2 0.7   -53.3 0.6 19.07 19.40 18.45 
J0109+3435  314956480167069696  17.42294  34.58577  16.45 0.19    89.1 0.4   -99.6 0.3 18.04 18.19 17.70 
J0110+2701  307116824821161088  17.55014  27.01732  17.88 0.08   211.5 0.3  -150.5 0.2 15.16 15.11 15.24 
J0110-0745 2475572527545073792  17.58481  -7.75264  16.84 0.40   129.5 0.8  -183.2 0.5 19.03 19.50 18.27 
J0110+1439 2591091789004351104  17.73075  14.65585  19.53 0.10   291.5 0.2   -81.9 0.1 16.93 16.98 16.75 
J0111+2204 2790884008232725632  17.76790  22.07495  15.63 0.12   -38.6 0.3     4.6 0.2 17.50 17.57 17.29 
J0111+1721 2784281750145869696  17.92651  17.36067  11.92 0.41    61.4 0.8    27.6 0.4 18.91 19.13 18.36 
J0112+2036 2787162401891160832  18.14037  20.60550  12.97 0.18   115.8 0.4   -57.8 0.3 18.29 18.40 17.99 
J0112+3438  320903154445635456  18.20992  34.64638  10.35 0.12    71.2 0.2   -50.8 0.2 17.56 17.63 17.37 
J0113-0510 2482721857094021760  18.27862  -5.17821  11.31 0.34   136.5 0.7   -43.9 0.3 18.81 19.01 18.42 
J0113+0603 2576622898882026624  18.32222   6.05914  11.46 0.24    -2.7 0.5  -119.6 0.3 18.49 18.52 18.23 
J0113+2558  294798377579784832  18.35292  25.96911  11.55 0.52   -71.9 0.8   -15.9 0.7 19.47 20.07 18.62 
J0113+2742  307246738992334464  18.40610  27.70298  12.00 0.33    18.4 1.1    37.3 0.4 18.93 19.39 18.37 
J0113+1728 2784262989728165888  18.43973  17.48304  16.20 0.32   206.7 0.6   -80.5 0.4 18.56 18.95 17.94 
J0113+4542  397957277212371072  18.45018  45.71551  17.05 0.80  -182.3 0.7     0.7 1.0 19.23 19.87 18.30 
J0113+3307  313996228559363840  18.46155  33.12810  11.33 0.32   121.7 0.4   -13.7 0.4 18.73 18.99 18.21 
J0114+2416  294023805998116864  18.67681  24.28073  15.83 0.58   -51.1 0.7  -116.4 0.8 19.23 20.07 18.47 
J0114+2905  309659892137143680  18.73204  29.08646  10.63 0.41    23.6 0.7   -84.5 0.7 19.40 19.77 18.75 
J0115+4733  401529105161219968  18.78482  47.55201  10.26 0.50   146.4 0.7   -24.5 0.5 19.01 19.26 18.70 
J0115+1435 2590924250920129920  18.81118  14.59908  13.22 0.22   -45.7 0.5   -53.5 0.3 18.45 18.69 17.99 
J0115+1244 2583851917252389888  18.82817  12.73703  13.16 0.10  -100.6 0.2   -26.9 0.1 16.74 16.73 16.67 
J0115-1004 2471495809011745792  18.87735 -10.07040  11.09 0.40   190.6 0.8   -97.6 0.6 19.55 19.85 18.91 
J0115+1227 2583651904920127232  18.99929  12.45116  11.27 0.26    88.4 0.6   -73.7 0.4 18.66 18.99 18.11 
J0116-0943 2471521269578009984  19.07050  -9.73001  10.75 0.40   -21.4 0.9   -11.8 0.5 19.08 19.29 18.56 
J0116+2346  293138458619500800  19.16591  23.77898  11.18 0.14   -78.6 0.3   -44.0 0.3 17.73 17.73 17.54 
J0116+2050 2787507098786135552  19.19236  20.83363  13.58 0.19    78.5 0.3   -85.6 0.3 18.05 18.27 17.73 
J0117-0439 2482813425794003200  19.36820  -4.66216  23.94 0.19  -264.8 0.4  -265.0 0.2 17.98 18.47 17.32 
J0117-0439 2482813430089468160  19.36902  -4.66181  23.36 0.19  -259.7 0.4  -264.8 0.2 17.89 18.32 17.25 
J0118+1610 2591754107321120896  19.50024  16.16958  59.61 0.04   -17.2 0.1  -650.6 0.1 13.80 13.83 13.68 
J0118-0156 2533306985471073920  19.54309  -1.93677  10.01 0.10    25.0 0.2    -9.5 0.1 16.72 16.46 17.00 
J0118-0753 2472368993042955520  19.73352  -7.88401  12.38 0.46    99.9 0.9   -86.1 0.4 19.44 19.85 18.80 
J0119+1840 2785927684692570496  19.78361  18.66954  10.78 0.34   100.7 0.5    12.5 0.4 18.57 18.79 18.15 
J0119+3126  310420410587121920  19.79715  31.44300  11.71 0.53  -189.8 0.7  -100.7 0.8 19.42 19.87 18.77 
J0119+3126  310420410586857856  19.79816  31.44234  12.02 0.57  -196.3 0.7  -101.4 0.8 19.49 19.94 18.92 
J0119-0354 2483288620975449984  19.84344  -3.90751  10.41 0.24   108.9 0.5   -79.3 0.2 18.35 18.46 18.15 
J0119+2241  292790566268764288  19.91437  22.69734  11.20 0.43   -22.3 0.9   -61.5 0.6 19.28 19.52 18.78 
J0120-2127 2353173926773144192  20.00946 -21.45381  10.51 0.47   180.1 0.9  -143.0 0.8 19.91 20.32 19.21 
J0120+4207  372516807234476928  20.13351  42.13201  14.08 0.31    37.1 0.4   -86.4 0.4 18.65 19.04 18.11 
J0120+1231 2589614865714845312  20.16636  12.53144  19.43 0.25   117.8 0.4  -217.8 0.3 18.40 18.92 17.80 
J0121+0945 2579266674591294464  20.26124   9.75653  17.27 0.34    65.7 0.9    99.4 0.5 18.77 19.30 18.05 
J0121+0951 2579280762084084736  20.31108   9.85689  12.54 0.27    26.8 0.5   -26.2 0.4 18.69 18.91 18.25 
J0121+3440  320029150076023808  20.40675  34.67864  25.69 0.12  -139.3 0.1     7.2 0.2 16.63 16.77 16.34 
J0121+1340 2589844972883309568  20.46677  13.67708  11.81 0.25   144.9 0.6    86.3 0.4 18.63 18.90 18.22 
J0121+0510 2563515036653763456  20.49915   5.16744  12.46 0.16   247.5 0.3  -104.9 0.2 17.94 17.98 17.76 
J0122+2817  308651262017484544  20.53469  28.29968  15.39 0.35    47.5 0.5  -187.9 0.6 18.95 19.45 18.24 
J0122+3259  316773766729205632  20.55129  32.99942  13.74 0.31   140.7 0.6    53.9 0.6 18.85 19.13 18.39 
J0122+2443  293639457964733696  20.57861  24.71938  13.93 0.43   152.8 0.5    26.0 0.5 18.28 18.54 17.83 
J0122+1443 2590483896512845568  20.69190  14.72220  10.19 0.62    75.3 1.4    46.9 1.6 19.93 20.17 19.45 
J0123-0426 2482539166362050304  20.76956  -4.44077  14.58 0.35   364.9 0.7   -98.0 0.3 19.01 19.71 18.16 
J0123-0209 2485211533668928640  20.81230  -2.15740  23.08 0.15   235.8 0.3    37.3 0.1 17.33 17.61 16.80 
J0123+3905  323578506753738240  20.86528  39.09209  11.49 0.52    37.8 0.8   -83.3 0.8 19.67 20.08 19.11 
J0123+3905  323578506753737856  20.86736  39.09150  11.06 0.71    39.6 1.2   -88.0 1.2 19.96 20.28 19.35 
J0123-1044 2470416951882130560  20.90410 -10.73896  17.80 0.09   108.8 0.2    12.2 0.2 15.73 15.65 15.62 
J0124+0556 2564424130905288192  21.03356   5.94172  12.00 0.35   165.2 0.7   136.4 0.4 18.63 18.86 18.11 
J0124+4023  372111985092019840  21.09379  40.39892  36.97 0.08   691.9 0.1  -128.1 0.2 16.92 17.34 16.33 
J0124-1959 2353801065013205504  21.10069 -19.99694  14.17 0.13     8.1 0.2   -42.9 0.2 17.65 17.80 17.35 
J0125+1811 2593884960855727872  21.25237  18.19464  16.48 0.13   -36.4 0.2    19.8 0.2 17.18 17.26 16.96 
J0125+3416  317317170285551104  21.25855  34.26751  15.04 0.30   406.1 0.4   -53.3 0.4 18.43 18.81 17.89 
J0126+4044  372147336967326080  21.54899  40.73801  16.76 0.22   -18.9 0.4    62.1 0.3 18.22 18.42 17.76 
J0126+2303  290222381984000128  21.72876  23.05183  11.72 0.25    -4.9 0.5   -46.9 0.4 18.51 18.76 18.06 
J0127+0547 2565109843908256896  21.76776   5.79418  12.19 0.21    30.8 0.3   -27.4 0.2 18.02 18.09 17.81 
J0127+4837  400329056939182976  21.82224  48.62999  10.98 0.75   198.0 0.9   -38.3 1.3 20.04 20.49 19.32 
J0127+2427  293467178236290432  21.90561  24.46104  11.61 0.50   -48.9 0.7    -2.8 0.5 19.12 19.49 18.60 
J0128-0635 2478759973099060480  22.00422  -6.59196  14.13 0.24   248.5 0.5    21.3 0.2 17.99 18.23 17.53 
J0128+2126  288744844514936576  22.06968  21.44161  11.35 0.18    54.3 0.3   -15.5 0.3 18.21 18.36 18.00 
J0128-0045 2485921779525500288  22.11500  -0.75365  22.08 0.12   150.3 0.2   -41.7 0.1 17.46 17.80 16.93 
J0128+1351 2587268134239449728  22.14105  13.85590  26.52 0.04    20.9 0.1   -52.1 0.1 14.34 14.31 14.39 
J0128+2728  296317765211001472  22.18070  27.47313  10.63 0.19   -25.9 0.4    45.8 0.2 17.35 17.42 17.19 
J0129+5108  406775841506041344  22.35020  51.14590  26.19 0.05    33.0 0.1  -110.6 0.1 13.55 13.40 13.74 
J0129+1022 2585189473147457408  22.35047  10.38205  34.14 0.05  -139.3 0.1  -385.2 0.1 14.37 14.46 14.17 
J0129+3459  317446015009891328  22.37010  34.99421  10.89 0.47    -9.3 0.8   -31.5 0.6 19.28 19.58 18.76 
J0129+4228  396370097820352256  22.42827  42.47150  11.88 0.09    94.5 0.1   -45.6 0.1 14.98 14.82 15.19 
J0129+3227  315800325276303872  22.47875  32.46063  11.53 0.06    14.0 0.1   -65.1 0.1 15.84 15.76 15.95 
J0130+0526 2564860667085575552  22.64199   5.44864  12.20 0.45   171.7 0.8  -142.9 0.5 19.33 19.91 18.57 
J0130+4414  396963005168870528  22.72992  44.24017  26.02 0.15   115.6 0.3    86.6 0.3 17.79 18.26 17.16 
J0131+2239  289974716990002304  22.75741  22.65826  13.84 0.38    64.6 1.0  -137.9 0.5 18.95 19.44 18.33 
J0131+3147  315687277442204672  22.77390  31.79824  12.00 0.16    48.7 0.3  -127.3 0.3 17.67 17.81 17.39 
J0132+0135 2558321974514561408  23.10072   1.59924  10.22 0.15    73.3 0.2   -48.4 0.1 17.02 16.96 16.96 
J0132+2642  295831781071536896  23.14673  26.71598  14.50 0.29    55.3 0.5  -131.7 0.4 18.65 19.06 18.13 
J0132+4604  398672715686799488  23.19314  46.08299  25.95 0.06  -211.4 0.1    -0.9 0.1 15.03 15.05 14.95 
J0132+1941   96095735719745280  23.24013  19.69598  11.83 0.56   440.7 0.9    69.7 0.8 19.52 20.01 18.86 
J0133+2008   96217820165602048  23.28648  20.13675  19.38 0.13   141.1 0.3   -35.7 0.2 17.47 17.65 17.14 
J0134+0204 2558736322894795648  23.61869   2.07261  21.72 0.13    58.0 0.2   -39.6 0.1 14.68 14.66 14.72 
J0134-0431 2480799056067605760  23.73064  -4.53058  12.59 0.20    -8.7 0.4  -135.8 0.2 18.21 18.37 17.91 
J0135+1302 2586182156053386240  23.76739  13.04496  10.11 0.41    55.8 0.6    90.8 0.5 19.04 19.30 18.56 
J0135+5722  412839403319209600  23.82369  57.37991  19.59 0.09    59.9 0.1  -105.1 0.1 16.69 16.66 16.71 
J0135+1124 2585711397573234816  23.83869  11.41538  11.64 0.10    47.3 0.2    29.1 0.1 17.35 17.36 17.21 
J0135+0851 2572713104253752448  23.85242   8.85427  10.77 0.36    41.2 0.6   -31.5 0.4 19.06 19.24 18.54 
J0135+1445 2588874825669925504  23.88681  14.76488  12.83 0.09  -131.6 0.2  -150.8 0.1 16.92 17.04 16.64 
J0136+2712  295779073232577280  24.08149  27.21342  10.89 0.27   -11.8 0.5     1.7 0.4 18.99 19.20 18.51 
J0136+4449  349026806460052352  24.08282  44.81718  12.10 1.21    79.1 0.8   -66.3 1.4 19.40 19.89 18.69 
J0137-1747 2450558049601994496  24.25250 -17.79649  15.18 0.23   -42.1 0.4  -153.9 0.2 18.41 18.68 17.98 
J0137+0142 2558649835138475904  24.25353   1.70430  16.21 0.15   103.7 0.3   -45.3 0.2 17.90 18.17 17.50 
J0137+3318  316274416650957952  24.27516  33.30525  19.38 0.29    14.9 0.5  -200.0 0.4 18.83 19.44 18.13 
J0137+4852  399602662005852544  24.31332  48.87503  13.71 0.44   136.9 0.8  -106.6 0.7 19.37 19.82 18.65 
J0137-0459 2480523216087975040  24.49998  -4.99725  79.21 0.04   580.9 0.1  -350.2 0.1 12.76 12.92 12.44 
J0138+5913  509163429445659008  24.62470  59.23004  11.90 0.23   147.4 0.2   -40.3 0.3 18.45 18.69 18.05 
J0138+5124  406267557895785728  24.70587  51.40392  12.12 0.13    -6.9 0.2    14.8 0.2 17.00 16.94 17.02 
J0138+2523  292454841560140032  24.72099  25.38940  12.52 0.12    52.9 0.2   -51.2 0.1 15.95 15.71 16.24 
J0139-0629 2479327870854949248  24.77391  -6.49045  11.12 0.27    99.1 0.5   -96.6 0.3 18.68 19.02 18.25 
J0139+3036  303508433817288320  24.89351  30.60571  10.34 0.33    66.1 0.5     0.5 0.6 19.09 19.39 18.61 
J0141+3137  303859968300444416  25.28115  31.62220  11.06 0.41   102.3 0.8  -132.0 0.7 19.32 19.68 18.81 
J0141+2958  302303987548932736  25.31208  29.97053  16.67 0.27    84.0 0.5    66.9 0.5 18.75 19.22 18.08 
J0141+3210  303958443311053824  25.34914  32.16912  11.00 0.34    -6.9 0.7   -56.0 0.8 18.88 19.12 18.47 
J0141+2257  290602027028411136  25.35617  22.95957  13.59 0.17    51.2 0.2   -33.3 0.2 17.40 17.53 17.21 
J0141+0711 2568552487829583616  25.44638   7.19171  12.84 0.09   -61.4 0.2   -78.0 0.1 16.62 16.59 16.56 
J0142+0803 2571671561799507968  25.52064   8.05506  10.44 0.68    32.2 1.2   -41.8 0.7 19.67 20.05 19.04 
J0142+0517 2562026950744670848  25.56777   5.28515  18.38 0.27   406.1 0.5   -77.9 0.4 18.87 19.39 18.16 
J0142+1726   94616892580412032  25.56796  17.43813  12.82 0.56    26.2 0.8   -84.8 0.5 19.13 19.49 18.43 
J0142+2239  290531967521897856  25.69948  22.66180  13.97 0.40   -25.1 0.7  -122.1 0.7 19.22 19.77 18.54 
J0142+0730 2568588664341691520  25.74226   7.51271  25.24 0.14    56.4 0.3    23.8 0.2 17.41 17.75 16.86 
J0143+1310 2587491678697364224  25.92770  13.17049  11.71 0.17   170.4 0.3    20.0 0.2 17.60 17.72 17.35 
J0145+3132  303637562009656704  26.29836  31.54480  27.85 0.09   312.2 0.1  -147.0 0.2 14.76 14.83 14.59 
J0145+2317  290678477446232960  26.33237  23.29785  16.41 0.12   308.2 0.2  -107.6 0.2 17.14 17.24 16.90 
J0145+2918  302388929117252736  26.43833  29.30666  24.48 0.19   523.7 0.3    13.2 0.3 17.97 18.41 17.39 
J0146-1755 5142004322162569984  26.55530 -17.93302  12.29 0.36    81.5 0.6   -21.8 0.4 19.04 19.44 18.49 
J0146-0826 2465343629137442816  26.58380  -8.43849  13.97 0.15   155.3 0.3  -118.5 0.2 17.59 17.69 17.33 
J0146+2122   98035961426035712  26.59803  21.37363  19.29 0.49   -86.0 0.6   -73.0 0.5 18.75 19.10 18.11 
J0146+1404 2587993017344962688  26.62203  14.07754  12.12 0.51   252.7 0.8    51.7 0.9 19.55 19.97 19.14 
J0146+2213   98381792193298176  26.65526  22.23081  10.35 0.31   119.7 0.6   125.3 0.5 18.90 18.97 18.53 
J0146+2154   98092934167683072  26.67133  21.91289  37.75 0.04  -174.3 0.1  -127.1 0.1 15.05 15.12 14.89 
J0146+3222  305232742928041216  26.70185  32.37218  11.02 0.40   112.0 0.7   -21.5 0.5 18.98 19.25 18.41 
J0146+3131  305120700116366080  26.74395  31.51871  10.79 0.59   -30.3 1.2    58.4 1.1 19.83 20.17 19.18 
J0147+5718  505759238365541888  26.79076  57.31210  11.75 0.09    98.5 0.1   -57.7 0.1 17.02 17.03 16.94 
J0147+3019  302740016924068608  26.79553  30.32823  10.49 0.23   -24.5 0.4    14.7 0.4 18.13 18.21 17.95 
J0147+0312 2512420696949788800  26.82121   3.21181  11.61 0.45   101.0 0.7  -140.2 0.5 19.35 19.74 18.67 
J0147+2147   98075028448822656  26.96198  21.78525  11.88 0.18   182.5 0.4    17.9 0.3 18.16 18.38 17.81 
J0147+0251 2512346415490500864  26.96613   2.86060  10.57 0.11   215.0 0.3    29.3 0.1 16.71 16.66 16.69 
J0147+1038 2574163909846061568  26.97547  10.63804  14.36 0.36   217.4 0.6   -38.5 0.5 19.18 19.79 18.54 
J0147+5456  408556255774161536  26.98421  54.94535  12.72 0.18    17.2 0.5   -89.9 0.3 18.07 18.16 17.90 
J0148-1712 5142197118950177280  27.03767 -17.20876  12.95 0.15  -106.0 0.3 -1105.8 0.2 17.56 17.71 17.24 
J0148+1752   91690164426711040  27.09019  17.87042  11.39 0.11    61.4 0.5   -11.0 0.2 15.81 15.70 15.91 
J0148-0555 2467788122659245696  27.09330  -5.92685  17.22 0.07   114.2 0.1    -7.6 0.1 16.47 16.55 16.27 
J0148-1824 5141213292265583616  27.13281 -18.41599  13.83 0.18   164.2 0.3   -99.4 0.2 18.23 18.43 17.86 
J0148+0955 2572388340301051136  27.14551   9.91710  12.06 0.59   169.0 1.4   -83.0 0.8 19.84 20.38 19.09 
J0149-1557 5142856890350735232  27.37643 -15.95996  10.22 0.51   155.3 0.9    -5.9 0.7 19.71 20.12 19.05 
J0149+3351  305977799494481792  27.47898  33.85844  12.51 0.34   125.9 0.7  -110.0 0.6 19.35 19.80 18.77 
J0150+6521  518327583983793280  27.52340  65.36599  15.90 0.14   -32.1 0.2   -24.2 0.2 18.25 18.58 17.76 
J0150+2157   98148287706192256  27.53400  21.95904  10.04 0.38   207.1 0.6  -119.9 0.6 19.10 19.36 18.54 
J0150+2835  299265624604662656  27.55506  28.59889  13.99 0.11   102.2 0.2   -20.0 0.2 16.92 16.89 16.92 
J0150+1720   91460813172927488  27.58473  17.33763  11.85 0.29    86.9 0.6  -142.4 0.5 18.84 19.10 18.43 
J0150+1524   90367383218249472  27.58506  15.40925  11.87 0.57    23.7 1.4    91.0 0.6 19.07 19.40 18.54 
J0151+1606   90565849362482432  27.75784  16.10010  13.41 0.21    27.5 0.5   -30.9 0.4 18.59 18.93 18.06 
J0151-1659 5142174201004781440  27.87505 -16.99399  10.74 0.17  -148.0 0.3   -87.9 0.3 17.81 17.84 17.45 
J0151+6425  518201792978858880  27.96532  64.43040  57.77 0.02   224.8 0.0  -201.5 0.0 13.96 14.04 13.78 
J0152+0226 2512446810350495488  28.07439   2.44803  11.72 0.22   -13.3 0.3   -86.1 0.3 18.23 18.43 17.84 
J0152+2418   99064833727036160  28.07468  24.31397  18.91 0.12   -61.9 0.2  -110.6 0.2 16.92 17.03 16.68 
J0152+1436   90076974709491968  28.09026  14.60876  11.16 0.24   110.3 0.4    70.8 0.4 18.57 18.71 18.22 
J0152+2553  297470774951165568  28.21744  25.89482  28.70 0.06   212.7 0.1    44.2 0.1 15.65 15.78 15.37 
J0152+0100 2510891108771852416  28.24643   1.00431  11.55 0.10   -49.0 0.2  -166.0 0.1 16.50 16.52 16.49 
J0153+1218 2575509780797922176  28.25055  12.30261  10.72 0.32   -75.2 0.5   -54.7 0.5 18.97 19.18 18.67 
J0153+0911 2569277680172652928  28.29105   9.19194  12.87 0.10    88.1 0.2  -158.1 0.2 17.14 17.13 16.99 
J0153+1808   91980130553425536  28.42487  18.14946  21.85 0.09   -79.2 0.2    25.3 0.1 16.50 16.56 16.34 
J0154+0201 2511623211717232640  28.55929   2.02333  20.87 0.07   331.2 0.1   -10.1 0.1 15.00 14.98 15.03 
J0154-0426 2492027264515309696  28.56637  -4.44629  10.02 0.28    70.0 0.5   -76.9 0.4 18.96 19.19 18.44 
J0154+1403   77986298173874176  28.67469  14.05127  16.21 0.17   166.9 0.3  -218.7 0.2 17.67 17.85 17.28 
J0154+2537  297399444134124032  28.72379  25.62748  11.37 0.22    -8.3 0.4   -61.1 0.4 18.61 18.80 18.20 
J0155+1208 2574761734934286848  28.77657  12.14036  14.86 0.12    28.4 0.2   -53.1 0.2 17.24 17.37 16.97 
J0155+1127 2574651852491249024  28.85165  11.46015  11.89 0.20    34.5 0.4   -87.2 0.3 17.96 18.12 17.64 
J0155-0227 2504879597666546048  28.90244  -2.45166  11.14 0.74    48.4 0.8   -36.9 0.6 19.46 19.93 18.96 
J0155+1819   92009503837556096  28.95302  18.33264  12.76 0.36   164.8 0.5  -207.8 0.4 18.88 19.31 18.28 
J0155+0135 2511020022215011072  28.97743   1.58601  11.85 0.23     7.9 0.5   -18.3 0.4 18.45 18.54 18.19 
J0156-0100 2505945535535013376  29.01741  -1.00850  10.76 0.34   -19.0 0.6   -93.2 0.4 18.59 18.73 18.31 
J0157-0648 2466730839150018944  29.42578  -6.81347  13.15 0.09   247.2 0.1  -105.0 0.1 16.40 16.43 16.34 
J0157+1335   77708843286683904  29.43062  13.59923  15.93 0.43    89.4 0.5   -62.9 0.4 18.75 19.14 18.13 
J0158+2530  105240786245136256  29.60849  25.51254  26.23 0.22   177.8 0.5  -397.3 0.4 18.38 19.10 17.52 
J0158+1238 2574848772446200960  29.72553  12.63673  12.37 0.15   -55.1 0.3   -72.6 0.2 17.78 17.90 17.48 
J0159+6858  521406968152848640  29.75515  68.96692  10.17 0.19    -7.1 0.3    29.0 0.3 18.50 18.61 18.20 
J0159+2616  297812418125109632  29.80430  26.27088  11.27 0.09     5.4 0.2   -22.1 0.2 16.37 16.32 16.44 
J0159-1534 5147997450808347648  29.80904 -15.58062  15.40 0.12    60.7 0.2   -49.8 0.2 17.50 17.65 17.13 
J0159-0622 2466774368643278848  29.91128  -6.37883  10.17 0.27    14.8 0.5    48.6 0.4 18.95 19.27 18.51 
J0159+1548   78629306318257536  29.91369  15.81319  26.26 0.08   -75.4 0.1    -9.8 0.2 15.78 15.79 15.65 
J0200+1222 2574640823015408128  30.07000  12.36947  15.48 0.15    -5.9 0.2   -41.2 0.2 16.82 16.81 16.59 
J0200+0714 2567842095943560448  30.09529   7.24960  10.20 0.26   151.9 0.6  -106.6 0.4 18.66 18.81 18.32 
J0200-1546 5147930591051748480  30.23688 -15.76924  14.65 0.06   127.5 0.1    31.1 0.1 14.68 14.53 14.84 
J0201+0609 2519592124102911872  30.32969   6.16549  13.05 0.48   147.4 1.6  -144.0 0.8 19.38 19.91 18.72 
J0201-0507 2491770464126012032  30.33081  -5.13022  11.93 0.13    -3.8 0.2   -12.0 0.2 16.84 16.98 16.56 
J0201+0848 2569708035895872768  30.38798   8.80399  13.98 0.38     3.7 0.5   -32.1 0.5 19.00 19.44 18.37 
J0202-1227 5149828343826748800  30.50638 -12.45401  16.73 0.29   250.5 0.6   163.0 0.3 18.60 19.08 17.92 
J0202-1249 5149797798018991232  30.55527 -12.82554  10.66 0.17    88.9 0.3   -29.2 0.2 17.99 18.07 17.74 
J0202-1243 5149803639174596224  30.56027 -12.72130  15.61 0.18   -92.5 0.3  -100.3 0.2 18.04 18.33 17.59 
J0202+0443 2518822538978075904  30.56393   4.72554  16.27 0.08   152.8 0.1    59.4 0.1 16.25 16.31 16.11 
J0202+3124  301521311363899904  30.59897  31.40143  12.13 0.09    -3.1 0.2   -50.4 0.2 16.95 16.98 16.85 
J0202+2747  299563420457225600  30.60573  27.79933  21.33 0.25     0.7 0.4   -76.9 0.4 18.41 18.83 17.87 
J0202-1335 5149431866805198848  30.62274 -13.58357  21.63 0.23   -11.3 0.5    24.2 0.3 18.25 18.77 17.61 
J0202+2615  105716359383595136  30.67329  26.25962  12.09 0.41   111.3 0.6   -45.6 0.5 19.03 19.35 18.52 
J0203+2411  104118528470334720  30.87081  24.19931  10.96 0.17    14.9 0.3   -41.7 0.3 17.77 17.93 17.45 
J0203-0701 2490494240363793792  30.94495  -7.02717  15.96 0.13    33.0 0.3   -59.6 0.2 17.37 17.45 17.11 
J0204+6954  521927243309686656  31.17859  69.91541  12.30 0.17   113.9 0.3   -12.1 0.3 18.30 18.52 17.91 
J0205-0517 2490975272405858048  31.30253  -5.29673  30.90 0.21   960.2 0.5   393.0 0.3 18.14 18.88 17.35 
J0205-1753 5138313850039513472  31.35090 -17.89092  19.06 0.06   192.8 0.1   -82.8 0.1 15.65 15.62 15.59 
J0205+2531  105430868613160832  31.47140  25.52862  16.85 0.31   228.6 0.6   137.8 0.5 19.05 19.71 18.35 
J0206+1836   92597914738232448  31.56470  18.60710  27.35 0.18   785.7 0.3    97.5 0.3 18.17 18.81 17.38 
J0206-0652 2487514387758522368  31.71869  -6.87305  11.39 0.57   -12.7 0.7    -8.2 0.6 19.16 19.57 18.61 
J0207+1111 2571255053050563072  31.83223  11.19933  15.45 0.42   287.2 0.9   175.3 0.6 19.05 19.56 18.31 
J0207+0328 2517705950560296448  31.83320   3.47712  10.91 0.33    57.2 0.6   -45.0 0.5 19.09 19.39 18.54 
J0208-0549 2490695859013226240  32.13432  -5.82488  12.24 0.20    84.6 0.3  -116.7 0.3 18.31 18.61 17.90 
J0208+0346 2518093214875967360  32.15801   3.78331  10.65 0.11   -26.1 0.2   -34.0 0.2 17.35 17.38 17.34 
J0208+0730 2521336396221143168  32.16948   7.50547  12.77 0.43    91.5 0.9   -76.2 0.7 19.57 20.06 18.78 
J0208+2514  104648944047154432  32.19874  25.23558  25.61 0.05   418.9 0.1  -120.2 0.1 13.25 13.15 13.38 
J0209-0623 2487647359945858816  32.34050  -6.39725  11.86 0.50   162.2 0.8    80.4 0.7 19.56 20.13 18.88 
J0209-0140 2494399362068211328  32.38913  -1.66811  17.87 0.08   -33.7 0.2   -54.9 0.1 16.17 16.22 16.02 
J0210+1905   93002813806259584  32.50304  19.09841  14.25 1.04    40.0 0.9   -26.0 0.9 19.47 20.01 18.79 
J0210+0219 2514364118112563072  32.54988   2.32374  12.99 0.37   241.3 0.5    15.4 0.5 19.11 19.64 18.41 
J0210-1253 5151008051083531392  32.57108 -12.88656  13.09 0.37   275.4 0.5   -59.1 0.5 19.10 19.80 18.32 
J0210+1559   79950305114153472  32.60097  15.99191  14.88 0.28   189.9 0.6   126.3 0.4 19.08 19.63 18.38 
J0210+6500  515466135029128576  32.60377  65.00732  11.32 0.17   211.4 0.2  -105.0 0.3 18.39 18.47 18.12 
J0211+2613  106241174322991360  32.86277  26.22928  11.10 0.16     7.3 0.3     5.5 0.3 17.96 18.05 17.89 
J0211-0620 2487975808980333184  32.87900  -6.34865  10.77 0.21    26.5 0.3    44.4 0.3 18.41 18.52 18.14 
J0211-0100 2494836001327878400  32.88970  -1.01325  10.56 0.75   134.4 1.4    96.7 1.2 20.11 20.54 19.39 
J0211+2115   99498964725981440  32.95130  21.26328  16.84 0.10   120.3 0.2   -40.2 0.1 16.80 16.78 16.73 
J0211+7119  522115156720215040  32.95295  71.31959  36.99 0.06   163.8 0.1  -191.4 0.1 16.98 17.42 16.37 
J0211+1644   80107603996819584  32.98661  16.74264  14.81 0.11    24.1 0.2   -66.4 0.2 17.31 17.36 17.13 
J0212-0040 2494852597081575808  33.02696  -0.66822  14.82 0.25   131.6 0.5    21.0 0.4 18.58 18.91 18.14 
J0212+3020  300313218667865344  33.08077  30.34530  10.34 0.26    25.2 0.6   -14.4 0.5 18.72 18.80 18.29 
J0212-0804 2486388560866377856  33.11809  -8.07165  59.88 0.05  -609.3 0.1  -448.0 0.1 13.74 13.80 13.45 
J0212+0635 2520280250878310272  33.14756   6.59162  15.78 0.45    28.1 1.0  -110.1 0.6 19.18 19.69 18.43 
J0214-0505 2488226252817987584  33.53066  -5.09662  16.19 0.16   133.9 0.3    28.0 0.2 17.28 17.32 17.11 
J0215+4453  352179415533582080  33.87644  44.89909  10.16 0.47    -2.3 0.5   -56.9 0.6 18.88 19.12 18.40 
J0216-0448 2489730281645658112  34.23240  -4.80370  10.85 0.71  -100.5 0.9   -86.8 0.8 19.67 20.04 19.08 
J0217+2902  107794440655024896  34.27818  29.03727  11.32 0.45    68.1 1.4   -19.6 0.8 19.47 19.89 18.96 
J0217-0211 2493698663923670144  34.38649  -2.18764  10.29 0.11    60.9 0.3   -34.2 0.2 16.12 15.99 16.22 
J0217+3234  325134624944612992  34.38749  32.57833  17.15 0.17   163.1 0.3   -40.4 0.2 17.70 17.85 17.40 
J0218+4648  353917571618022784  34.50991  46.81199  12.94 0.14    98.6 0.2     6.4 0.2 17.73 17.89 17.40 
J0218+2208   99989797884119040  34.73591  22.14693  14.03 0.10   -12.9 0.2   -28.3 0.2 16.71 16.81 16.51 
J0219-0820 2486189510606565760  34.81149  -8.34870  10.38 0.34  -112.3 0.6  -167.3 0.5 19.33 19.57 18.93 
J0219-0615 2487100490353908864  34.96115  -6.26623  13.38 0.59     0.1 0.6   -64.2 0.6 19.21 19.75 18.47 
J0221+0445 2516606022320239104  35.49111   4.75532  25.38 0.07   -20.1 0.1    81.1 0.1 16.41 16.58 16.10 
J0222-0643 2487010845792466432  35.56978  -6.72893  14.75 0.49   -26.3 0.5   -93.2 0.5 18.83 19.29 18.26 
J0222-1717 5143835352622910720  35.73162 -17.29704  11.56 0.16   -28.8 0.3  -110.6 0.2 17.86 18.00 17.45 
J0222+4430  339985316184848384  35.74523  44.51402  13.66 0.53   148.0 0.7    29.9 0.6 19.22 19.72 18.64 
J0223-0459 2489533370280291584  35.83575  -4.98524  11.98 0.10    26.9 0.2   -13.2 0.1 16.85 16.90 16.78 
J0223+3008  131978710009614336  35.84976  30.14432  11.61 0.09   -16.6 0.2   -58.3 0.1 16.87 16.92 16.74 
J0223+2629  103440095437050752  35.87900  26.48868  12.03 0.14    81.3 0.3  -100.3 0.2 17.71 17.87 17.42 
J0223+2227   99915890086770176  35.90110  22.45783  12.58 0.07   164.1 0.1   -56.1 0.1 15.82 15.75 15.90 
J0223+0321 2515570454165603456  35.94437   3.36567  14.13 0.44    53.0 1.0  -151.5 0.7 19.49 19.95 18.83 
J0223+2055   87648226538760064  35.95406  20.92958  26.29 0.21    15.4 0.4  -478.1 0.3 18.19 18.77 17.43 
J0223+6849  520790043346964608  35.98574  68.81843  16.20 0.04   -69.5 0.1   -62.1 0.1 15.43 15.38 15.46 
J0224-1616 5145458369221838720  36.00932 -16.26794  13.07 0.18    94.3 0.4    28.6 0.3 17.98 18.15 17.64 
J0224+7502  547179765520150912  36.03746  75.04919  10.97 0.05    70.0 0.1   -31.4 0.1 16.22 16.09 16.31 
J0224+1850   86082208448194944  36.04475  18.84412  12.41 0.37     5.8 0.7     6.5 0.7 19.06 19.38 18.39 
J0224+2325  101673523847748736  36.04848  23.42125  16.00 0.25   -69.0 0.5   -70.0 0.5 18.69 19.10 18.02 
J0224-0242 2490455242060751360  36.18125  -2.71496  13.48 0.36   360.8 0.8    93.2 0.6 19.12 19.54 18.47 
J0224-0242 2490455242060072064  36.18255  -2.71571  13.36 0.35   358.4 0.7    90.1 0.6 19.06 19.45 18.48 
J0225+2410  101854122928108288  36.28889  24.17510  13.56 0.12   172.1 0.2   -19.3 0.2 17.47 17.53 17.26 
J0225-1824 5131607855606329344  36.33316 -18.41523  16.50 0.24   188.9 0.4    25.1 0.3 18.57 18.91 17.90 
J0225+0545 2517080495947872896  36.34470   5.76607  12.19 0.28   118.0 0.5   -44.0 0.3 17.77 17.88 17.51 
J0225+4643  353783465558846976  36.35164  46.72202  16.25 0.30     7.5 0.7   -21.9 0.6 18.82 19.22 18.27 
J0225-1756 5131731035268115584  36.48432 -17.93563  14.92 0.19   -25.5 0.3    -2.3 0.3 18.17 18.45 17.70 
J0225-1756 5131731039563630720  36.48509 -17.93748  14.89 0.16   -25.5 0.2    -8.3 0.2 17.38 17.45 17.12 
J0226+2026   87377467505518592  36.58136  20.43655  11.44 0.62    36.1 0.9    30.1 0.8 19.58 19.98 18.87 
J0227-1820 5131505910262456448  36.77033 -18.34042  17.89 0.31    23.4 0.4    31.7 0.4 18.20 18.54 17.59 
J0227+4424  341432690100603904  36.92733  44.41210  12.70 0.09   -17.9 0.1   -44.7 0.1 15.90 15.83 15.98 
J0227+0023 2501224305619721984  36.98140   0.39392  13.45 0.07    16.4 0.1   -38.6 0.1 16.08 16.06 16.09 
J0228+4651  354102083412499712  37.08954  46.85157  10.54 0.24   -37.4 0.6   -51.1 0.5 18.19 18.38 17.90 
J0230+0249 2503373296800774784  37.55112   2.82393  12.81 0.47    14.7 0.9    -9.1 0.7 19.57 19.97 19.13 
J0230+0515 2516322146457318144  37.56961   5.26398  37.70 0.10    76.8 0.1   -24.6 0.1 12.84 12.72 13.00 
J0231+2709  127366331745660288  37.92262  27.16474  35.54 0.10   390.8 0.2   166.4 0.2 17.12 17.63 16.45 
J0232+2137   89061369563264256  38.17053  21.62933  13.17 0.44    53.4 0.8   -41.4 0.6 19.17 19.64 18.55 
J0233-0553 5178957121265572608  38.40324  -5.88388  13.04 0.22   -70.6 0.4  -153.7 0.3 18.40 18.89 17.76 
J0233+2125   88996326578456192  38.41271  21.41940  35.18 0.10    61.4 0.2  -222.8 0.2 17.24 17.83 16.56 
J0234-0511 2488960249844340352  38.53325  -5.19386  41.63 0.06   243.9 0.1    92.0 0.1 14.36 14.33 14.40 
J0234-0406 2489275328645218560  38.56463  -4.10248  10.86 0.09     4.5 0.2    22.4 0.1 16.45 16.39 16.48 
J0234+2802  127700269747929344  38.56534  28.04726  13.07 0.39    82.8 0.8   -51.6 0.9 18.92 19.21 18.24 
J0234-0454 2488974302977323008  38.61591  -4.90868  12.34 0.04    85.7 0.1   -35.9 0.1 14.96 14.92 14.69 
J0234+0716   19388307008211584  38.66153   7.27590  13.66 0.21   178.1 0.4    50.7 0.3 18.09 18.34 17.69 
J0234+7231  545879107688878592  38.70476  72.52631  10.21 0.25    78.7 0.3   -35.6 0.4 19.06 19.39 18.57 
J0234+2407  102038286830643840  38.70497  24.13026  14.88 0.26   -88.0 0.6  -142.9 0.5 18.60 19.00 18.03 
J0235+0729   19399306419780224  38.92906   7.49777  12.50 0.29   -52.2 0.5  -212.1 0.5 18.82 19.07 18.31 
J0235+0118 2502097283492466560  38.96393   1.31246  30.24 0.06   -21.6 0.1   -37.8 0.1 16.17 16.37 15.80 
J0236+2722  127429927326231936  39.04554  27.37910  13.45 0.29   -23.1 0.5  -126.9 0.5 19.04 19.27 18.47 
J0238+2211   89512001827263616  39.50948  22.18688  11.33 0.17    71.5 0.2   -11.0 0.2 15.41 15.30 15.54 
J0238+2808  127856640916806528  39.67357  28.14904  10.43 0.19    47.3 0.4   -37.3 0.3 18.20 18.31 17.93 
J0239+2609  126342377182577408  39.83355  26.16521  47.95 0.06   316.3 0.1  -173.2 0.1 15.97 16.34 15.44 
J0239+7300  545997618721866624  39.86653  73.01512  15.26 0.09   -55.8 0.1    48.2 0.1 17.02 17.12 16.77 
J0240+2701  126972461769858816  40.11811  27.03229  21.53 0.19   268.2 0.4   -48.0 0.4 18.55 18.89 17.93 
J0240+3142  133116227803380224  40.20938  31.71527  30.23 0.07  -148.0 0.1   -95.3 0.1 16.03 16.20 15.70 
J0241+7442  548423278811480960  40.38319  74.71392  20.59 0.04   151.0 0.1  -293.9 0.1 15.95 16.02 15.78 
J0245+2825  128707181880407680  41.27483  28.42822  14.18 0.32    18.5 0.7  -115.5 0.7 18.91 19.54 18.42 
J0246+4237  337298663818927616  41.62351  42.62906  10.22 0.20    34.6 0.4   -50.5 0.3 17.65 17.78 17.39 
J0246-0227 2495751967528809216  41.62930  -2.45863  46.60 0.11   222.4 0.1  -490.3 0.1 15.43 15.63 15.07 
J0248+3408  139937559287208192  42.00932  34.13357  13.03 0.25   -36.2 0.4  -156.6 0.6 18.49 18.71 18.00 
J0249+1939   85008707141970304  42.31729  19.66122  11.69 0.42    40.5 0.5   -43.9 0.5 18.94 19.29 18.52 
J0249+3251  136610338318092544  42.36522  32.85323  14.53 0.06    63.1 0.1   -52.2 0.1 16.08 16.08 16.05 
J0249+4336  337449812306056832  42.38078  43.60611  18.91 0.31   223.2 0.6    90.6 0.4 18.59 19.22 17.86 
J0249+3307  139623068897753856  42.43510  33.12492  28.00 0.09   178.4 0.2   260.6 0.1 17.00 17.35 16.48 
J0249+0325    4719859820691584  42.49602   3.43320  13.33 0.28    31.9 0.5  -140.7 0.5 18.96 19.24 18.32 
J0250-0910 5174110233491949312  42.52462  -9.16744  12.78 0.49   104.0 0.4     0.2 0.5 18.50 18.77 17.95 
J0250+2116   85469849190835968  42.53500  21.27126  12.58 0.19     1.6 0.4    14.6 0.3 18.29 18.53 17.88 
J0250+0550    6407197852445440  42.55185   5.83544  10.78 0.10   -43.2 0.2   -28.6 0.2 16.97 16.91 16.96 
J0251+2925  128826375813389568  42.77080  29.42281  12.17 0.23    66.2 0.5   -47.5 0.4 18.33 18.48 17.99 
J0251+3231  136540274515184768  42.78668  32.53305  10.90 0.23    93.2 0.5   -64.4 0.4 18.26 18.47 17.89 
J0251+0243    1534510211124352  42.82564   2.72199  16.85 0.30   -27.0 0.4  -239.1 0.4 18.72 19.19 18.00 
J0251+7341  547501815051141248  42.96657  73.69246  16.29 0.08   189.9 0.1  -146.2 0.1 17.18 17.27 16.97 
J0252+3453  140253260859027200  43.24244  34.89587  11.50 0.08   100.8 0.1   -53.2 0.1 16.57 16.50 16.56 
J0253-0033 2497895053130247040  43.38506  -0.56254  21.17 0.09    93.2 0.2   -25.9 0.1 16.33 16.44 16.07 
J0254+4255  336619023898043776  43.71298  42.92003  10.87 0.69   -28.1 1.6   -58.2 1.4 19.81 20.14 19.19 
J0255-0715 5180494685197598464  43.77591  -7.26416  10.02 0.30    83.5 0.6    31.2 0.5 18.59 18.77 18.28 
J0255+0302    1608138835023488  43.80830   3.04651  19.93 0.19   197.8 0.3  -139.8 0.3 17.95 18.18 17.54 
J0255+0237    1559111783825792  43.86550   2.62017  14.80 0.10    20.9 0.2   -95.3 0.2 17.23 17.30 17.03 
J0255+4419  433533998859654016  43.93267  44.31717  12.25 0.41   136.8 0.7   -68.9 0.6 19.43 19.95 18.70 
J0255+2106  109247788869176448  43.94113  21.10544  20.03 0.13   221.0 0.2  -130.0 0.2 17.38 17.63 16.91 
J0256+3315  136692075844561280  44.00308  33.25189  19.39 0.21   158.0 0.5  -174.8 0.3 18.47 19.00 17.84 
J0256+0511    5526420319283584  44.00905   5.18392  10.86 0.38   -29.6 0.8  -156.8 0.6 19.16 19.45 18.55 
J0257+0152    1268321022907264  44.30776   1.88097  20.85 0.16   101.3 0.3   -99.0 0.2 17.28 17.51 16.86 
J0257+0620    7158988928491776  44.42551   6.33539  12.15 0.58     2.6 0.8  -159.9 0.8 19.50 20.09 18.86 
J0258+3421  137141810455464192  44.62969  34.35631  10.79 0.30    -6.9 0.4   -31.7 0.4 18.64 18.80 18.22 
J0259+0340    2021898804878976  44.87863   3.68288  13.73 0.30    46.5 0.4   -39.4 0.3 18.50 18.91 17.99 
J0301-0044 5188044687948351872  45.43409  -0.74627  14.45 0.51   107.1 0.9  -550.4 0.9 19.50 20.23 18.68 
J0301+4113  144039905890556160  45.44358  41.23210  19.07 0.38  -155.2 0.5   -67.9 0.4 18.59 19.03 17.94 
J0302+0622    7027562929324416  45.53271   6.37173  11.61 0.20    50.2 0.4   -24.0 0.4 18.26 18.48 17.88 
J0303+0317    1843503042736512  45.86566   3.28757  10.66 0.45    39.6 0.6   -44.1 0.5 19.02 19.24 18.60 
J0303-0011 3266534357610950912  45.88607  -0.18472  15.48 0.45   -31.0 0.5  -228.9 0.5 18.62 19.16 17.91 
J0303+0002 3266576684513815168  45.89618   0.03908  10.41 0.18    -1.1 0.3   -66.8 0.3 17.79 17.86 17.57 
J0303+1921   60007152756147584  45.89741  19.35233  14.90 0.21    57.2 0.4    99.9 0.3 18.29 18.52 17.90 
J0305+1124   27643135366679936  46.44038  11.41479  13.34 0.47   196.4 0.8   -48.4 0.8 19.57 20.07 18.71 
J0306+1844   59726644147616384  46.52597  18.73658  11.35 0.08     8.6 0.2    -1.8 0.1 16.38 16.36 16.39 
J0306-0638 5180178266367085312  46.63376  -6.64846  12.52 0.17    22.0 0.2     6.4 0.3 17.78 17.92 17.51 
J0307+0936   14862584004642688  46.80007   9.61236  20.60 0.13   159.3 0.2  -275.2 0.2 17.51 17.73 17.18 
J0307-0715 5179920984941553408  46.80709  -7.25368  32.86 0.15  -195.0 0.2  -450.9 0.2 17.21 17.59 16.69 
J0308+0040 3267081566509086592  47.06977   0.68301  11.27 0.18   -49.9 0.3   -40.5 0.3 18.21 18.35 17.88 
J0309+0025 3266873724451739776  47.35364   0.42332  23.27 0.17    -1.4 0.2  -105.9 0.3 17.74 18.11 17.20 
J0309+0953   14895255820376064  47.36120   9.89723  10.01 0.32    43.9 0.7   -62.6 0.6 18.97 19.19 18.47 
J0311+1900   59077760488621184  47.95520  19.01498  20.74 0.06    32.4 0.1  -109.3 0.1 14.22 14.12 14.37 
J0311+3859  238701328690558208  47.98624  38.99861  14.60 0.49     9.5 0.9    -0.8 0.5 17.98 18.44 17.23 
J0313+1950   59521580936483328  48.37483  19.84882  13.06 0.61   144.6 1.1    32.6 0.9 19.66 20.26 18.95 
J0314-0105 3265311627666274944  48.70728  -1.08896  15.98 0.23   -70.9 0.5   -70.7 0.4 18.17 18.50 17.64 
J0314-0815 5167525434447523712  48.73413  -8.25486  14.29 0.11   228.0 0.2    67.5 0.2 16.84 16.85 16.74 
J0316-0816 5167510797199003904  49.05836  -8.27751  31.88 0.10    92.3 0.1   -98.3 0.1 16.71 16.97 16.31 
J0318+0212 3268703483599047296  49.53345   2.20713  19.43 0.20   136.2 0.3   -35.1 0.3 17.64 17.77 17.30 
J0318-0107 3262674487682440448  49.55554  -1.11994  14.29 0.06    62.7 0.1    -4.0 0.1 14.73 14.68 14.76 
J0319+4230  239721228805415296  49.78156  42.51221  32.66 0.06   -27.6 0.1   -96.3 0.1 14.81 14.77 14.77 
J0320+1135   17033153101264640  50.00711  11.58730  13.52 0.35   -25.0 0.7  -174.4 0.6 18.91 19.32 18.27 
J0320+4337  241335036997623296  50.05438  43.62837  10.12 0.34   -37.3 0.7   -11.6 0.5 18.97 19.16 18.61 
J0320+1113   16166875377576064  50.11228  11.22402  10.59 0.35    56.6 0.6   -58.1 0.5 18.89 19.06 18.44 
J0320+1113   16166875378033664  50.11256  11.22325  10.16 0.19    56.0 0.3   -60.4 0.3 18.10 18.24 17.78 
J0321+1757   56048945255703680  50.29464  17.95174  17.29 0.22   153.5 0.4    37.2 0.3 18.51 18.92 17.91 
J0322+8013  568089105130012800  50.50423  80.22977  11.92 0.23    79.7 0.3  -147.1 0.4 19.04 19.39 18.54 
J0322-0101 3262723514733841792  50.51990  -1.01979  10.60 0.51    79.8 1.0   -51.8 0.8 19.73 20.21 19.09 
J0324-0617 5169733318219971968  51.01796  -6.29914  11.01 0.18     1.7 0.3   -16.7 0.3 18.08 18.20 17.77 
J0324+1738   55783726731081984  51.10761  17.63729  12.41 0.16    68.2 0.2    -9.4 0.2 16.71 16.63 16.67 
J0324-1408 5113119911182752768  51.19570 -14.13697  12.52 0.53    16.8 0.9  -406.0 0.8 19.53 20.05 18.81 
J0325+1841   56010088686601856  51.27787  18.69202  14.79 0.38  -149.4 0.6  -173.4 0.5 18.83 19.19 18.27 
J0325+1701   54993654611672704  51.31941  17.01794  10.62 0.24    76.1 0.5   -10.5 0.4 18.29 18.36 18.08 
J0326-1512 5112787862966795136  51.55067 -15.21596  14.05 0.22    84.5 0.3   -54.8 0.4 17.81 17.99 17.34 
J0326+1331   17709047809907584  51.58055  13.51892  11.29 0.20   125.4 0.4   -49.0 0.5 17.36 17.33 17.36 
J0326-0636 5168944835239726080  51.66686  -6.60178  13.33 0.07    53.2 0.1   -71.8 0.1 15.78 15.72 15.87 
J0327+1729   55103056018558592  51.76822  17.48589  14.62 0.50   251.8 0.9   120.8 0.8 19.25 19.68 18.65 
J0327-0636 5168947721457740288  51.98250  -6.60181  15.67 0.20    13.1 0.2   -45.1 0.2 17.43 17.56 17.17 
J0327+4623  242802266545591936  51.99871  46.38447  11.69 0.10    25.3 0.2   -16.8 0.2 17.37 17.49 17.14 
J0328+1625   54713901916661376  52.11444  16.42416  11.46 0.79   178.3 1.4   145.3 1.2 19.64 20.10 19.00 
J0328+8056  568149720002755584  52.23438  80.94977  10.08 0.47   -90.1 1.1    17.0 0.9 20.15 20.65 19.42 
J0329-0555 3247469130928600960  52.29886  -5.91723  10.98 0.43   -34.4 0.7   -43.8 0.8 19.40 19.79 18.76 
J0329-0555 3247469062209123072  52.30409  -5.92262  11.03 0.23   -32.0 0.4   -44.4 0.4 18.53 18.74 18.15 
J0330+0037 3264828357946121984  52.72896   0.62137  10.13 0.37    82.1 0.6    30.8 0.6 19.40 19.81 18.81 
J0331+4736  248937133409693440  52.88382  47.61088  11.60 0.12   -90.7 0.2    -4.8 0.2 17.44 17.52 17.22 
J0331+4509  241745640169579776  52.99356  45.15080  13.07 0.12    56.3 0.2   -53.5 0.2 17.68 17.75 17.46 
J0332+1339   41026764562266368  53.11839  13.66072  10.83 0.14   -23.6 0.2    11.4 0.2 16.98 17.00 16.86 
J0332+1806   56621554593127808  53.21938  18.10629  11.32 0.12    22.4 0.3   -88.7 0.2 17.32 17.29 17.22 
J0333+7753  555223753938122240  53.29007  77.88607  12.58 0.11   -29.0 0.2    44.1 0.2 18.01 18.12 17.79 
J0333+0656 3276355500412926336  53.34826   6.94417  10.10 0.36    -4.1 0.5     0.8 0.5 18.57 18.65 18.29 
J0333+4427  238653229356266752  53.40520  44.46355  12.99 0.18   104.6 0.4  -146.1 0.2 17.92 18.01 17.77 
J0334+4107  236921601622832384  53.64761  41.13311  10.99 0.21    65.6 0.5   -43.9 0.3 18.27 18.36 18.05 
J0336+0552 3275979398716956160  54.06289   5.87921  11.76 0.55   -10.4 0.8  -170.4 0.7 19.63 20.05 19.07 
J0337+4537  247739176832560384  54.36262  45.62152  13.41 0.36   -38.7 0.8  -193.8 0.5 19.18 19.64 18.45 
J0338-0654 3244162250924266880  54.58652  -6.90637  10.08 0.98   -33.2 1.8    28.6 2.1 20.48 20.93 19.75 
J0338+0644 3277594512580808448  54.60751   6.73692  12.69 0.45   155.7 0.9    60.4 0.7 19.47 19.79 18.81 
J0338+0409 3274761620869767168  54.73454   4.16197  14.48 0.11   133.6 0.2   -82.7 0.2 16.65 16.72 16.47 
J0339+1431   41518658576469760  54.80295  14.52221  10.20 0.36    98.6 0.7   -48.8 0.6 18.99 19.18 18.55 
J0339+0949   12254267546754176  54.99402   9.81986  10.68 0.10    12.9 0.2     7.1 0.1 16.56 16.53 16.59 
J0340+0537 3275218193073023360  55.02498   5.62781  10.62 0.31    59.4 0.6   -23.9 0.5 19.06 19.21 18.63 
J0341+3818  224218080493203328  55.27303  38.30686  10.65 0.23    79.7 0.5  -114.0 0.3 18.74 18.90 18.43 
J0341+1655   44134980855106944  55.33587  16.93179  12.80 0.43    44.3 0.7   -83.2 0.6 19.12 19.57 18.51 
J0341+7815  555258461563927552  55.42442  78.26666  13.63 0.46   244.2 0.8   -24.3 0.8 20.04 20.79 19.19 
J0342+4107  237144321446511232  55.54102  41.12944  10.48 0.09    39.5 0.2   -71.6 0.1 16.53 16.40 16.59 
J0342+3920  224331059611503232  55.64664  39.33920  14.04 0.11    66.9 0.2    -8.8 0.2 17.24 17.29 17.07 
J0343-0114 3251372053609078400  55.75454  -1.23412  11.22 0.44    36.2 0.8   -80.2 0.7 19.78 20.42 18.99 
J0343+4723  248346828806376704  55.88278  47.39236  11.75 0.44   122.0 0.8   -77.2 0.6 19.72 20.18 19.15 
J0343+1549   43129206888307584  55.89593  15.82875  10.18 0.82   315.3 1.4  -111.7 0.8 19.96 20.39 19.18 
J0343+0751 3278155091710087040  55.96078   7.86034  15.49 0.35    61.0 0.7   -32.0 0.6 18.93 19.44 18.26 
J0344+1510   42871268333859584  56.04552  15.17269  18.42 0.08    23.2 0.2   -41.5 0.1 16.47 16.56 16.24 
J0344+1509   42871199614383616  56.04794  15.16255  18.30 0.09    23.2 0.2   -41.0 0.1 16.83 16.93 16.60 
J0344+3532  221424221446885248  56.10032  35.54414  11.59 0.26    -5.7 0.6    15.3 0.4 18.70 18.90 18.26 
J0344+1705   44478578238260864  56.12929  17.09560  10.64 0.16    -1.2 0.4    29.2 0.2 17.61 17.69 17.36 
J0345+0922 3278602386784473472  56.42697   9.37954  11.73 0.42    25.2 0.7   -23.5 0.4 19.09 19.34 18.50 
J0346-0713 3243520063118545408  56.65214  -7.21885  14.31 0.16   -32.4 0.3   -93.8 0.2 17.95 18.17 17.51 
J0347+0520 3276414466021403264  56.77823   5.33699  13.75 0.18   151.1 0.3   -52.5 0.3 18.05 18.19 17.75 
J0347+1715   43755133947362816  56.80431  17.25272  11.72 0.37   -28.9 0.7   -70.2 0.5 19.28 19.55 18.62 
J0348+8048  568168544844912128  57.02963  80.80964  16.62 0.10    59.9 0.2  -134.2 0.2 17.73 17.92 17.38 
J0348+0410 3273081120426349568  57.12121   4.16676  11.32 0.44    -8.9 1.0  -132.4 0.7 19.56 20.06 18.90 
J0348-0058 3251244858154433536  57.20947  -0.97634  32.04 0.06    84.4 0.1  -163.0 0.1 14.04 13.78 14.34 
J0349+1032   36204856318593280  57.32588  10.53811  10.93 0.42    24.6 0.7   -39.6 0.6 19.49 19.85 18.91 
J0349+1036   36207059639735296  57.41393  10.61381  11.69 0.09    -7.1 0.2   -15.5 0.1 16.73 16.72 16.74 
J0350+1158   36918203143996544  57.53977  11.97049  12.66 0.43   153.0 0.9   -32.7 0.7 19.39 19.79 18.70 
J0352+3658  220421260684140288  58.18888  36.97028  10.03 0.31    56.8 0.6   -96.0 0.4 19.01 19.18 18.60 
J0352+4941  250278709394343936  58.22159  49.69804  17.72 0.11   395.0 0.2  -284.0 0.2 17.23 17.39 16.93 
J0353+1037 3303137301563100544  58.35216  10.62438  10.85 0.43   -39.8 0.8   -25.6 0.5 19.23 19.46 18.66 
J0354+5130  251657389598509184  58.65186  51.51396  15.56 0.35    25.4 1.1   -85.0 0.5 18.97 19.51 18.28 
J0354-0455 3246152023374303104  58.70407  -4.91673  15.53 0.09    -2.5 0.2    69.5 0.2 16.81 16.81 16.68 
J0354-0044 3256598792586547584  58.73451  -0.73647  20.34 0.09   117.8 0.1   -38.3 0.1 17.01 17.30 16.54 
J0356+5031  250422191362602112  59.16512  50.52510  11.65 0.41   -23.9 1.1   -30.1 0.6 19.51 19.91 18.83 
J0356+1058 3303258492657447296  59.23562  10.98107  19.76 0.24   189.0 0.5  -171.2 0.3 18.68 19.28 18.01 
J0357+1915   50456318016101120  59.39574  19.26339  15.38 0.23   -19.6 0.4   -94.3 0.2 18.23 18.43 17.68 
J0359-1118 3193194629937678464  59.77565 -11.31026  17.95 0.11   119.4 0.2  -115.9 0.1 17.45 17.61 17.12 
J0401+5131  250862824946594816  60.25885  51.52157  39.88 0.09   367.6 0.2  -803.2 0.1 17.13 17.59 16.51 
J0402+1527   39387328302768640  60.67688  15.46193  27.09 0.10    60.1 0.2    30.4 0.1 16.64 16.79 16.32 
J0404-1030 3190645098694237184  61.08914 -10.50118  10.49 0.62    89.3 0.6    16.6 0.5 19.96 20.32 19.30 
J0404+1502   39124751182907520  61.14600  15.04034  13.77 0.08    18.7 0.2   -87.6 0.1 16.02 15.99 16.04 
J0404+1330 3305474760206403200  61.15864  13.51476  14.87 0.20   -20.8 0.4    45.3 0.2 18.32 18.56 17.75 
J0404-0523 3197508598168785408  61.24158  -5.39003  11.22 0.13    -6.2 0.2     4.3 0.2 17.50 17.58 17.29 
J0406+5431  276192136878054656  61.52883  54.52568  14.41 0.05   -89.2 0.1    16.4 0.1 15.39 15.30 15.52 
J0406-0515 3197515087862709888  61.57316  -5.25149  10.27 0.32   -31.9 0.5   -29.3 0.4 19.13 19.27 18.65 
J0406-0644 3197019139399144320  61.69748  -6.74347  13.72 0.16    71.1 0.2    25.3 0.2 17.62 17.94 17.13 
J0409+1342 3305539631390995200  62.34656  13.70108  13.91 0.41   -87.7 0.7   -60.9 0.6 19.40 19.72 18.73 
J0410+2516  150260530363309056  62.66103  25.28331  10.83 0.68    22.8 1.7  -142.7 1.2 20.03 20.57 19.28 
J0413+1859   48522895539002624  63.28838  18.99361  16.71 0.11    83.8 0.2   -42.4 0.1 16.30 16.25 16.25 
J0413+2433  149884909703520000  63.29218  24.56299  10.90 0.36    89.9 0.7   -95.1 0.6 19.00 19.21 18.53 
J0413+1522 3311813685256807040  63.32942  15.37766  14.63 0.24   105.9 0.5  -167.4 0.4 18.51 18.80 18.05 
J0414+0640 3297249936488848384  63.74290   6.66869  18.83 0.06    69.5 0.1  -109.5 0.1 15.38 15.36 15.40 
J0414-0447 3203410359973647360  63.74402  -4.78922  18.47 0.22   139.0 0.3   -80.7 0.2 18.33 18.83 17.70 
J0416+2947  165677710612522752  64.02108  29.79831  10.85 0.20     1.7 0.4   -74.6 0.3 18.39 18.53 18.12 
J0416+0637 3285329611240097920  64.06803   6.62876  13.15 0.43   -28.7 0.9  -235.6 0.5 19.19 19.64 18.59 
J0416+5456  276438530560644864  64.10884  54.93359  13.86 0.11   104.6 0.2  -184.9 0.1 17.60 17.69 17.35 
J0416+3211  166587938734739328  64.17690  32.18875  10.42 0.16     2.2 0.3   -80.7 0.2 17.87 18.00 17.41 
J0416-0427 3203444071173553536  64.21938  -4.45682  18.62 0.06     4.4 0.1   -41.6 0.0 15.26 15.17 15.28 
J0418+3022  166091096919353088  64.65057  30.38072  10.92 0.28   -37.8 0.5   -26.0 0.4 18.79 19.01 18.41 
J0418+2717  152371871863155840  64.73629  27.29644  20.79 0.06    62.4 0.1   -72.7 0.1 15.06 15.05 15.02 
J0419-0113 3254081490778611584  64.86199  -1.22555  15.39 0.16   -26.8 0.2    83.7 0.1 17.83 17.96 17.50 
J0420+3233  172616247455056384  65.02669  32.55130  10.47 0.08    56.1 0.1   -71.3 0.1 16.04 15.94 16.15 
J0420+1952   49013483883923968  65.03784  19.87892  15.80 0.17  -120.6 0.3  -169.5 0.2 17.79 18.00 17.37 
J0420+2526  150371374878785792  65.04007  25.44443  22.62 0.16    66.2 0.3   -23.8 0.2 17.66 18.02 17.10 
J0420+3616  177368203568437120  65.07199  36.27301  16.01 0.07    24.0 0.2  -285.2 0.1 15.68 15.69 15.64 
J0420+2617  150577636388844160  65.12137  26.29859  11.15 0.20   -69.3 0.4   -29.6 0.3 18.40 18.60 17.99 
J0421+5535  276576484910598912  65.40469  55.59315  16.94 0.11    52.6 0.2   -13.8 0.1 17.65 17.78 17.34 
J0422+0038 3254930932230273664  65.55749   0.64848  12.48 0.26     6.2 0.5    32.7 0.2 18.38 18.55 18.04 
J0422+0812 3299044678766326912  65.59918   8.20298  11.97 0.40   124.2 0.9   -93.7 0.5 19.18 19.58 18.47 
J0422+1657 3313861186362477824  65.62384  16.95181  13.11 0.17   -42.0 0.3    -9.6 0.3 17.90 18.09 17.53 
J0422+3357  175817750438186240  65.65739  33.95931  10.49 0.23   115.0 0.5  -118.5 0.4 18.36 18.51 18.01 
J0422+3358  175817887877152896  65.69169  33.97714  12.78 0.19   -30.9 0.4    75.4 0.3 17.93 18.07 17.64 
J0423+0021 3254857814706920064  65.99751   0.35463  10.96 0.48    55.3 0.9  -103.1 0.4 19.25 19.64 18.73 
J0424+3038  165401149074789504  66.05946  30.63610  10.21 0.26    58.0 0.4   -15.5 0.4 18.58 18.70 18.28 
J0425+2945  165066141626360320  66.30414  29.75142  13.34 0.19    75.4 0.4    -0.5 0.3 18.11 18.29 17.69 
J0425+2834  152931141027253888  66.34790  28.57542  15.46 0.25    86.6 0.5  -118.9 0.3 18.25 18.51 17.79 
J0425+1653 3313742056853382144  66.46864  16.88738  15.57 0.19   -16.3 0.4     3.3 0.2 17.48 17.67 17.13 
J0426-0347 3204665315057342336  66.55457  -3.78414  16.07 0.20   -44.3 0.4   -59.1 0.2 18.29 18.58 17.83 
J0426+5447  275550743638838144  66.69779  54.79789  13.57 0.29   -57.5 0.4    92.4 0.3 18.89 19.24 18.34 
J0428+0052 3278914205706332928  67.01792   0.88095  11.50 0.11   -21.7 0.2    53.6 0.1 16.85 16.88 16.75 
J0428+0006 3254620732512634624  67.02753   0.11163  11.41 0.40   122.4 0.6   -16.1 0.4 18.43 18.61 18.05 
J0428+0712 3286699293490332672  67.06853   7.20603  10.22 0.60    78.4 1.2  -104.9 0.6 19.32 19.52 18.78 
J0429+2159  145429108768875008  67.37069  21.99004  22.92 0.08    38.0 0.2   -90.9 0.1 16.49 16.54 16.28 
J0430+0828 3287489258235171328  67.57340   8.47953  11.96 0.52   146.8 0.9   -46.8 0.6 19.60 20.22 18.89 
J0430-0428 3204325050568185344  67.66990  -4.47547  16.89 0.34    67.1 0.6    36.0 0.4 18.98 19.51 18.22 
J0430+0941 3293635012838798464  67.67723   9.69803  11.16 0.22    20.8 0.4    -4.1 0.2 18.28 18.48 17.94 
J0431+1911 3410702768924111872  67.84797  19.18940  10.33 0.10    27.2 0.2   -40.0 0.1 16.34 16.26 16.43 
J0432+1016 3305693425580086912  68.10111  10.27207  10.29 0.22    17.1 0.4    -8.9 0.3 18.08 18.16 17.88 
J0432+0827 3287289048334694144  68.10726   8.45105  18.72 0.32   198.5 0.5  -302.6 0.3 19.10 19.70 18.28 
J0432+2523  151015826131149440  68.11240  25.39684  15.73 0.16     4.9 0.4   -50.7 0.3 18.01 18.28 17.53 
J0433+5527  277090540953615616  68.32302  55.45369  13.45 0.08    -0.5 0.1  -103.1 0.1 16.94 17.00 16.74 
J0435-0601 3199430372695297792  68.77045  -6.02430  14.16 0.07    57.3 0.2    -5.1 0.1 15.77 15.70 15.85 
J0436+5537  277138090534130560  69.06502  55.62179  13.39 0.16     6.4 0.3   -30.6 0.2 17.96 18.10 17.63 
J0436-0105 3229458030954057216  69.12621  -1.08384  11.42 0.45     6.7 0.8   -13.6 0.6 19.54 20.09 18.83 
J0437-0800 3198154591313378304  69.33670  -8.00163  10.25 0.47    11.1 0.8     9.4 0.7 19.48 19.85 18.93 
J0437+2050 3411282585212210048  69.38322  20.84341  11.49 0.19   -56.4 0.4   -55.5 0.2 18.25 18.43 17.94 
J0437-0434 3201198451816207104  69.39700  -4.57419  10.05 0.25    58.5 0.4    42.7 0.4 18.95 19.17 18.52 
J0438+1858 3410496365678521216  69.52209  18.97620  12.85 0.33   174.5 0.5   -38.3 0.4 18.87 19.20 18.43 
J0438+2424  147661731550958976  69.60038  24.40474  12.23 0.12    19.9 0.2   -91.8 0.2 17.50 17.60 17.23 
J0439+0928 3293451020735654272  69.76043   9.47133  13.11 0.12    66.4 0.3   -72.1 0.1 17.11 17.11 16.99 
J0439+1013 3293912089768428160  69.88131  10.22609  17.23 0.40    50.3 0.8    16.3 0.4 19.43 19.84 18.71 
J0439-0405 3201594074140023936  69.98073  -4.09797  19.12 0.07    98.7 0.1   -38.7 0.1 16.46 16.56 16.23 
J0440+0923 3292685210887016192  70.11846   9.39325  30.77 0.08   -49.5 0.2  -742.4 0.1 16.82 17.08 16.39 
J0440+5909  279056600887092736  70.17346  59.16570  14.06 0.31    38.7 0.5  -172.9 0.4 18.77 19.27 18.25 
J0441+1059 3294248609046258048  70.25765  10.99440  20.25 0.05    91.4 0.1   -10.6 0.0 13.86 13.67 14.11 
J0441+2042 3411147173483832320  70.38505  20.70404  11.15 0.18    -7.2 0.5    21.5 0.2 17.73 17.85 17.38 
J0441-0551 3200232157189930880  70.40967  -5.86019  15.17 0.10    82.0 0.2  -125.1 0.1 17.27 17.34 17.05 
J0441-0042 3229556024930689024  70.49132  -0.71604  13.99 0.23   -19.4 0.4  -123.0 0.3 18.30 18.51 17.82 
J0443-0607 3199980330371548800  70.91406  -6.12293  10.66 0.39   -11.2 0.6   -87.4 0.6 19.45 19.77 18.78 
J0445+0050 3230171064244273024  71.31592   0.84746  12.84 0.29    57.5 0.6   -96.5 0.4 18.50 18.72 18.18 
J0445-0618 3187950092615927552  71.39143  -6.30813  16.31 0.13    60.0 0.2   -87.4 0.2 17.62 17.83 17.21 
J0445+2102 3412625024486012032  71.45263  21.03711  10.31 0.41    63.9 1.0   -84.2 0.4 19.23 19.43 18.67 
J0447-0004 3229873238328746112  71.93638  -0.08076  10.34 0.83   155.5 1.5   -36.2 0.9 20.17 20.65 19.41 
J0447+0106 3231702860037325824  71.95121   1.10964  15.47 0.20   -40.5 0.3   -10.5 0.3 18.23 18.45 17.81 
J0449+2423  147095826660107520  72.29085  24.39355  10.29 0.10    -2.6 0.2     2.4 0.1 17.11 17.06 17.13 
J0451-0333 3224908977688888064  72.88438  -3.55222  14.29 0.07    54.1 0.1    27.4 0.1 16.13 16.12 16.10 
J0452-0043 3226718494654224256  73.16438  -0.73203  10.19 0.37    58.9 0.8    -7.3 0.5 19.13 19.40 18.71 
J0453-0457 3188530840914150144  73.30783  -4.95095  14.03 0.16   222.4 0.4    30.7 0.3 17.23 17.27 17.06 
J0454+1218 3295332796231463168  73.50182  12.30292  10.47 0.28    -6.1 0.4    15.9 0.3 18.61 18.81 18.19 
J0455+0055 3231500000140463360  73.84834   0.91752  17.39 0.16    70.7 0.2   -50.6 0.2 18.03 18.25 17.57 
J0455-0058 3226519762223501696  73.89202  -0.97168  10.88 0.16   112.1 0.3  -175.2 0.2 17.69 17.54 17.86 
J0458+2548 3419918875386344576  74.53250  25.80585  10.07 0.22     7.2 0.3   -18.1 0.2 17.54 17.57 17.46 
J0459+2317 3418592726925673728  74.88306  23.29797  11.34 0.15    48.2 0.3   -48.5 0.2 17.77 17.87 17.45 
J0459-0022 3228023859770327424  74.93082  -0.37845  40.40 0.05   177.5 0.1  -228.7 0.1 15.20 15.20 15.14 
J0502-0046 3227326352785075072  75.51570  -0.77047  11.34 0.32    93.1 0.5  -117.1 0.4 18.99 19.30 18.47 
J0502+2522 3420019270246122112  75.55616  25.37912  10.32 0.20    49.9 0.4   -64.4 0.3 18.32 18.36 18.02 
J0502+2402 3418741367154043648  75.74822  24.04679  12.25 0.12    -3.2 0.2   -35.0 0.1 17.49 17.49 17.35 
J0503+5830  283881120469767936  75.79475  58.50417  10.58 0.27   -74.6 0.3  -161.6 0.3 18.86 19.14 18.49 
J0503-0239 3213304903767768832  75.83271  -2.65074  12.84 0.36   -34.4 0.7    24.0 0.5 19.17 19.60 18.46 
J0504+1509 3392962110153133056  76.23982  15.15618  22.46 0.18   -14.4 0.3   -44.3 0.2 18.01 18.38 17.43 
J0505+0058 3228730738371591040  76.29636   0.98043  10.69 0.29   102.4 0.6   -17.9 0.4 18.67 18.90 18.29 
J0506+1448 3392181976588782336  76.56592  14.80806  25.92 0.07    -1.9 0.1   -81.4 0.1 14.12 13.98 14.19 
J0508-0550 3211272417868507264  77.02064  -5.83754  12.85 0.34    27.4 0.5  -138.5 0.4 18.96 19.29 18.43 
J0510-0037 3227446822324601472  77.51185  -0.63199  16.50 0.05    -7.6 0.1    30.4 0.1 14.84 14.73 14.97 
J0510-0224 3214675028399417856  77.52903  -2.40527  11.94 0.23    24.6 0.4   -14.9 0.3 18.33 18.41 18.05 
J0512-0505 3211784863301909504  78.05300  -5.08448  21.10 0.15   -67.2 0.2   -50.5 0.2 17.53 17.88 17.09 
J0513-0522 3208758831207224704  78.46798  -5.38120  12.23 0.20    45.8 0.4   -13.2 0.3 18.35 18.63 17.96 
J0515+6208  285659030771435392  78.75709  62.13432  10.90 0.44   115.6 0.7  -103.3 0.7 19.81 20.41 19.06 
J0515+2743 3422189774920460928  78.87261  27.73273  14.60 0.25   145.5 0.5    87.3 0.3 18.60 18.97 18.08 
J0517+8304  558285928175703424  79.45613  83.07842  17.11 0.16   -92.3 0.3    20.9 0.3 18.56 18.99 17.97 
J0518+2744 3421462894654940288  79.54286  27.74491  12.25 0.35    53.1 0.9    17.1 0.6 19.25 19.61 18.63 
J0519-0545 3209958746287926528  79.98201  -5.75807  17.07 0.08   -63.3 0.1  -119.9 0.1 16.47 16.54 16.28 
J0520+0049 3221735473597064960  80.08674   0.82658  11.54 0.53    61.3 0.9     8.9 0.8 19.58 20.06 18.99 
J0520+0114 3222138444609365248  80.22587   1.24478  11.74 0.24    33.7 0.4   -62.2 0.4 18.70 18.85 18.32 
J0521+0058 3221744063532438400  80.32468   0.97126  15.71 0.31   174.1 0.6   200.6 0.5 19.01 19.48 18.37 
J0521+1622 3394087945636978432  80.46189  16.38071  13.64 0.09    -2.9 0.1    74.4 0.1 16.34 16.47 16.01 
J0523+0227 3234395078681331840  80.82242   2.46467  11.33 0.24    36.6 0.5   -40.1 0.4 18.19 18.25 17.96 
J0524-0604 3209150124204756224  81.00161  -6.06725  24.96 0.12   130.1 0.3    40.3 0.2 17.08 17.23 16.69 
J0524+0019 3221458469681100800  81.09555   0.31752  13.67 0.47   108.0 0.8    58.6 0.7 19.30 19.72 18.63 
J0524-0535 3209308900555979776  81.15107  -5.58688  27.92 0.04   -10.1 0.1  -144.6 0.1 13.88 13.78 14.01 
J0526+0339 3236259854698180480  81.53456   3.66109  12.42 0.14   -17.0 0.3   -98.9 0.2 17.51 17.55 17.40 
J0527+2926 3445742172986796544  81.80569  29.43870  12.53 0.54   -57.2 1.2   -60.9 0.8 19.29 19.59 18.64 
J0528+6155  286315576653291904  82.19778  61.91821  11.38 0.26    -9.1 0.3    85.7 0.4 18.68 19.15 18.03 
J0529+0131 3222024473357675136  82.44747   1.53026  12.72 0.21    47.7 0.3   -64.2 0.3 18.21 18.42 17.91 
J0530+0321 3235993150111995392  82.51503   3.35143  11.08 0.47   254.9 1.1  -208.6 1.1 19.60 20.19 18.88 
J0530+1837 3400852617912637824  82.56611  18.62908  13.05 0.15    29.4 0.3    26.1 0.2 17.80 17.97 17.40 
J0530+1835 3400851484041556992  82.63317  18.58393  20.57 0.23   145.8 0.4  -161.9 0.3 18.36 18.72 17.75 
J0531+0009 3220982720449432448  82.77586   0.15432  11.39 0.43   121.3 0.8  -101.8 1.0 19.33 19.77 18.71 
J0531-0003 3220964376644865024  82.88944  -0.05369  11.64 0.07    67.9 0.1    50.1 0.1 15.68 15.67 15.64 
J0531+0200 3223564476830329728  82.98911   2.01581  24.28 0.13    31.5 0.2   -22.2 0.2 17.53 17.85 17.05 
J0532-0149 3217172912659449600  83.16593  -1.82783  13.64 0.30    31.9 0.7  -114.7 0.6 18.95 19.36 18.31 
J0532+0624 3333830379107891968  83.17884   6.40743  10.87 0.10   -48.2 0.2   -39.3 0.2 16.59 16.69 16.38 
J0533-0750 3016329285438157312  83.32064  -7.84712  12.33 0.09    71.0 0.2     5.4 0.1 16.22 16.25 16.11 
J0533+6057  283096760659311744  83.43914  60.96386  15.68 0.07    29.7 0.1   -16.2 0.1 15.77 15.77 15.77 
J0534-0214 3216947242193857024  83.58469  -2.24199  10.75 0.09     9.6 0.1     4.7 0.1 15.94 15.72 16.21 
J0535+0526 3332761855668238464  83.95604   5.44256  12.19 0.15   -53.3 0.2    49.4 0.2 17.76 17.82 17.57 
J0538+1832 3397839440654502656  84.50171  18.54980  15.27 0.22     0.8 0.3   -41.9 0.2 18.02 18.31 17.59 
J0538+6222  286251461381258624  84.68225  62.37073  10.58 0.23    10.4 0.2   -14.8 0.3 18.61 18.83 18.23 
J0542+8219  558036098518042752  85.52109  82.33144  16.18 0.14    16.0 0.2  -154.4 0.2 18.01 18.25 17.54 
J0542+0144 3222969370457259648  85.60104   1.73738  16.74 0.09    77.4 0.2    -4.9 0.2 16.85 16.88 16.70 
J0543+6338  286925049691578496  85.78332  63.64287  12.81 0.18   104.7 0.2  -141.8 0.2 18.23 18.46 17.84 
J0543+0036 3219428015303785856  85.92767   0.60345  11.32 0.22   -49.6 0.4    45.5 0.4 18.43 18.64 18.07 
J0543+8303  558153333945938560  85.94079  83.06575  19.54 0.15  -165.4 0.3    -5.4 0.2 18.33 18.83 17.73 
J0546+2055 3400048535611299456  86.50869  20.93287  11.23 0.08    10.5 0.1  -150.1 0.1 16.43 16.41 16.42 
J0546+0012 3219198487955502720  86.57032   0.20958  15.63 0.26     2.5 0.6  -122.5 0.6 18.68 19.07 18.03 
J0548+3032 3444723234938138368  87.11038  30.54465  21.71 0.08    65.3 0.1   -31.9 0.1 16.83 17.05 16.41 
J0548+4655  210000437370798976  87.11560  46.92054  11.34 0.10    59.8 0.2   -12.8 0.2 17.07 17.06 16.98 
J0550+3257 3451263611151284480  87.53923  32.96237  15.10 0.22    56.0 0.4  -188.7 0.3 18.53 18.75 18.00 
J0550+8243  558080903616798848  87.56277  82.72448  14.52 0.24    27.2 0.3  -173.4 0.4 18.96 19.49 18.35 
J0551-0010 3218697767783768320  87.83166  -0.17155  89.17 0.03   112.7 0.1   226.9 0.1 14.44 14.69 14.00 
J0551+0357 3319426463252487424  87.92327   3.96595  13.68 0.58   -37.8 1.0   -94.4 1.0 19.65 20.29 18.83 
J0552+3124 3444888196042856192  88.14224  31.40042  23.72 0.09   -72.0 0.1   -28.7 0.1 14.88 14.83 14.94 
J0553+6348  286977585732431488  88.30788  63.80307  12.63 0.14   -51.5 0.1   -88.0 0.2 17.90 18.03 17.65 
J0555+4430  196617731593326976  88.83992  44.50477  14.18 0.23    50.9 0.4  -204.7 0.4 18.39 18.64 17.95 
J0558-0031 3026376377878137088  89.59103  -0.51773  16.46 0.29    39.3 0.4     6.9 0.4 18.79 19.25 18.13 
J0558+0100 3314967982254800896  89.61789   1.00715  10.49 0.79   -67.7 0.8  -134.6 0.6 19.52 20.17 18.83 
J0559+0228 3315967953720905216  89.77173   2.46733  10.24 0.09    39.4 0.1    -7.8 0.1 14.95 14.76 15.14 
J0559+0512 3321431014682434176  89.83983   5.21412  13.84 0.09    49.8 0.1   -66.7 0.1 16.26 16.28 16.22 
J0600+2343 3424863550977729536  90.11437  23.71945  15.19 0.09    69.2 0.2  -228.5 0.1 16.92 17.00 16.68 
J0601-0101 3026097243659561600  90.41065  -1.02861  12.57 0.30   197.0 0.5  -234.4 0.5 18.24 18.49 17.83 
J0602+3314 3450734539887203072  90.73742  33.23804  13.63 0.09   -18.4 0.1   -32.3 0.1 16.55 16.56 16.50 
J0605+0505 3318463707678938368  91.48120   5.08701  12.48 0.11    45.8 0.2   -62.2 0.2 16.81 16.82 16.71 
J0607+3415 3452373568124842752  91.98230  34.25728  13.73 0.11   -10.7 0.2     5.6 0.2 16.71 16.57 16.89 
J0608+0016 3122380407457501824  92.18985   0.27625  12.79 0.12    73.4 0.2   -93.4 0.3 17.54 17.66 17.29 
J0608-0059 3121385658671190784  92.21438  -0.99745  16.10 0.13     2.8 0.2   -36.9 0.3 17.27 17.17 17.36 
J0609+3525 3453292832862501120  92.30001  35.43040  20.61 0.09    -0.3 0.1    51.2 0.1 15.68 15.71 15.58 
J0609+3332 3452101198480935680  92.35643  33.53817  19.91 0.30   142.8 0.6   -40.0 0.5 18.95 19.51 18.22 
J0610+0505 3318612893365741824  92.56934   5.09338  11.48 0.45    26.3 0.8  -188.9 0.8 19.22 19.58 18.80 
J0611+0544 3318722672728544384  92.86808   5.74640  10.61 0.26    62.6 0.5    34.4 0.5 18.45 18.70 18.10 
J0611+2429 3425920250370248832  92.95857  24.49474  14.64 0.15   -23.4 0.2  -113.6 0.2 17.42 17.54 17.06 
J0613-0104 3121223102749655808  93.33917  -1.06995  12.19 0.19    11.0 0.3   -41.6 0.3 18.35 18.49 18.01 
J0615+4638  968662184929578496  93.78199  46.64892  11.49 0.11   -11.4 0.2   -51.7 0.2 17.31 17.34 17.18 
J0616-0016 3121684764489788288  94.10282  -0.26837  17.25 0.76   -29.6 1.1  -158.6 1.8 19.51 20.18 18.60 
J0620+8247 1143693887630730240  95.12880  82.79029  12.09 0.11    -0.6 0.2   -28.2 0.2 17.90 18.07 17.62 
J0620+3443 3440684419492448128  95.16201  34.71815  14.60 0.07   -28.0 0.1   -75.4 0.1 16.54 16.58 16.42 
J0620+0700 3324963367588643968  95.22700   7.01358  11.25 0.11    66.9 0.2   -84.6 0.2 16.30 16.33 16.21 
J0623-0000 3120241513743098496  95.86647  -0.00168  11.66 0.43    36.7 0.7    26.9 0.8 19.11 19.63 18.54 
J0624-0056 3118424948738692352  96.01921  -0.94716  10.51 0.26    44.6 0.4  -109.0 0.4 18.61 18.79 18.20 
J0624-0104 3118420619409587712  96.03762  -1.06757  10.11 0.32     9.0 0.7  -102.2 0.7 19.00 19.14 18.59 
J0627-1934 2940050734981714432  96.89379 -19.57374  18.89 0.09    75.4 0.1    30.9 0.2 16.88 17.05 16.55 
J0627+3500  942461445610425856  96.95333  35.00054  18.70 0.16   -14.0 0.5   -33.6 0.4 17.33 17.52 16.91 
J0630-1900 2940003108087120640  97.58424 -19.00861  14.59 0.26   -24.1 0.4   -63.0 0.5 18.70 18.88 18.19 
J0635-0044 3119203643485532416  98.83809  -0.74867  16.15 0.16    -5.4 0.2   -14.3 0.2 17.29 17.44 16.97 
J0635+1013 3327647271174824704  98.86176  10.21730  11.23 0.46    36.5 0.5    -3.9 0.5 18.82 18.93 18.41 
J0639+0113 3126624316184360576  99.82192   1.22498  13.93 0.12    14.7 0.2    28.0 0.2 16.23 16.19 16.13 
J0641-2027 2927186036623328256 100.29604 -20.46216  15.33 0.06     7.7 0.1     2.5 0.1 16.39 16.41 16.31 
J0644+0926 3326650224581677312 101.00215   9.43452  33.29 0.14   -88.7 0.2   -95.6 0.1 16.43 16.69 15.97 
J0644+2731 3386162214851684864 101.12501  27.51964  26.01 0.09  -146.1 0.2   -44.7 0.1 16.96 17.13 16.60 
J0645+2715 3385389606068550144 101.42975  27.25974  10.20 0.33    -0.4 0.6  -107.5 0.6 18.52 18.54 18.35 
J0647+3730  943770757800160384 101.90704  37.51181  58.57 0.09  -229.7 0.4  -937.8 0.4 12.07 11.92 12.25 
J0652+1416 3354222505874657280 103.17842  14.27221  16.42 0.07    68.3 0.1   -96.5 0.1 16.30 16.26 16.21 
J0653+3734  941091346746943616 103.44501  37.57307  13.71 0.64   -30.9 0.7  -231.0 0.6 19.52 20.05 18.72 
J0654+3938  950361883331847424 103.58157  39.63619  20.18 0.07    13.8 0.1  -192.2 0.1 15.94 15.91 15.86 
J0654+2800  887304268709558784 103.59185  28.00713  10.32 0.60    62.7 1.4  -114.5 1.3 19.77 20.20 19.12 
J0654+2834  887534135357644416 103.70200  28.57705  10.82 0.41    31.6 0.7  -111.8 0.6 19.51 19.92 18.87 
J0655+2939  887758130788405504 103.89755  29.65198  12.56 0.11   101.1 0.2  -164.0 0.2 17.25 17.11 17.38 
J0657+3009  888152408786189952 104.41798  30.15438  15.34 0.15   -85.1 0.2    -6.9 0.2 17.03 17.15 16.77 
J0657+6605 1102382143399269632 104.48950  66.08495  14.35 0.26   -29.0 0.2     7.0 0.3 18.70 19.13 18.07 
J0658-1650 2935589908933376896 104.54947 -16.84609  12.06 0.16   -35.8 0.2    29.0 0.2 18.11 18.29 17.76 
J0659+0535 3129586606667254016 104.75497   5.58767  10.97 0.57    19.2 0.8   -89.0 0.8 19.56 20.13 18.91 
J0659+1225 3160815489969826944 104.79535  12.42353  27.07 0.12    21.3 0.2  -117.6 0.2 17.59 18.08 16.95 
J0700-1632 2935715150178454528 105.07444 -16.54914  10.30 0.35    50.9 0.6   199.2 0.7 19.39 19.69 18.85 
J0700+0530 3128834506352463104 105.21515   5.51388  16.12 0.08    -6.1 0.2  -175.0 0.1 16.87 16.89 16.69 
J0702-1803 2935224527473059200 105.55425 -18.05432  10.25 0.45   -48.5 0.6    -2.7 0.7 19.42 19.74 18.79 
J0703-1640 2935654853138398464 105.78639 -16.67362  13.41 0.30   -37.6 0.4   112.1 0.5 19.11 19.50 18.51 
J0703-1656 2935446392608812032 105.93816 -16.93917  11.64 0.16   -40.2 0.2    33.0 0.3 18.09 18.23 17.81 
J0704+6653 1102843766484141696 106.05437  66.88986  16.25 0.32    76.0 0.3    15.7 0.4 19.13 19.76 18.33 
J0705-1703 2935415125246460032 106.38825 -17.06185  12.75 0.26    15.6 0.4   -45.1 0.5 18.75 19.07 18.18 
J0710+2924  886366114708208640 107.52013  29.40065  14.45 0.08    -1.4 0.1  -101.4 0.1 15.52 15.45 15.58 
J0710-1617 2935174641435947008 107.64832 -16.29402  14.55 0.10   -88.6 0.1   -32.6 0.1 17.17 17.28 16.92 
J0714+1507 3167640566662056960 108.59595  15.13256  10.99 0.57   -19.9 0.7   -78.1 0.5 19.12 19.49 18.61 
J0717+3630  898002379406954752 109.34747  36.50009  10.00 0.24   -77.1 0.4   -69.4 0.4 18.44 18.59 18.18 
J0717+3943  948132103814834560 109.49527  39.73065  12.49 0.35    61.7 0.5  -237.3 0.4 18.92 19.28 18.39 
J0718+3731  898348313253395968 109.56824  37.52741  11.72 0.16   -35.0 0.2   -36.1 0.2 16.99 16.75 17.21 
J0719+3343  896326002132552320 109.75194  33.72161  10.38 0.38    24.1 0.4   -78.4 0.4 18.58 18.66 18.31 
J0719+4021  948246835277407744 109.99835  40.35570  16.68 0.05   138.5 0.1  -102.9 0.1 14.89 14.75 14.98 
J0721+3955  948173369860748160 110.28987  39.92748  10.41 0.21   108.9 0.3   -80.3 0.4 18.35 18.40 18.03 
J0721+3655  898074225620368768 110.36641  36.92174  10.68 0.69   -15.2 1.0  -117.6 1.0 19.78 20.21 19.06 
J0723+6602 1101763324511186304 110.81364  66.04637  10.21 0.14    32.1 0.1   -14.3 0.2 18.03 18.16 17.76 
J0724+4400  973275770078523520 111.02350  44.00129  14.19 0.21    22.5 0.3   -77.3 0.3 18.52 18.81 18.10 
J0724+3206  892944179243357056 111.08646  32.10299  11.48 0.19   -21.1 0.2   -39.3 0.2 17.45 17.47 17.33 
J0724-1338 3032020450247993600 111.14657 -13.64321  27.58 0.16   198.5 0.2  -463.2 0.2 17.77 18.26 17.13 
J0725+3608  897217706062573568 111.29029  36.14361  16.08 0.27  -131.6 0.4  -189.2 0.4 18.70 19.13 18.05 
J0726+2216  866081701427025536 111.68727  22.26857  11.86 0.17    64.8 0.3  -132.1 0.3 17.98 18.08 17.69 
J0726+3531  896951830406797568 111.74544  35.52480  12.11 0.19    32.3 0.3   -36.6 0.3 18.05 18.21 17.72 
J0727+1434 3166841329084630784 111.76793  14.57739  32.01 0.10   148.5 0.2  -110.6 0.1 16.72 17.05 16.20 
J0728-1302 3033570727283474304 112.02074 -13.04976  13.69 0.05   -37.4 0.1  -179.9 0.1 14.97 14.81 15.17 
J0728+1707 3169614331770315392 112.17789  17.13113  11.60 0.08     4.7 0.2   -24.2 0.1 16.50 16.48 16.47 
J0729+3552  898473932456801024 112.35037  35.87324  12.18 0.20    -2.2 0.3   -58.6 0.2 17.42 17.41 17.28 
J0729+3910  900182131145007104 112.37291  39.16949  13.57 0.07   -22.2 0.1  -125.2 0.1 15.88 15.85 15.91 
J0729+2716  872009447786700672 112.49936  27.27771  17.24 0.08  -141.3 0.1   -91.6 0.1 16.25 16.30 16.08 
J0730+3456  893881581625207680 112.62081  34.93679  10.20 0.12   -64.0 0.2   -62.9 0.1 17.02 16.96 16.96 
J0730+3412  893633710472340992 112.73685  34.21531  12.22 0.17    37.0 0.3   -59.2 0.3 17.99 18.16 17.65 
J0731+4022  900399039877540096 112.79926  40.37351  21.47 0.40   -72.7 0.4   -27.7 0.3 18.38 18.87 17.67 
J0731-0015 3086397068370475392 112.91863  -0.26115  14.51 0.08   -92.9 0.1    -2.8 0.1 16.46 16.50 16.34 
J0731+2353  866850569292962688 112.93793  23.89793  13.44 0.06     4.4 0.1   -65.0 0.1 16.16 16.15 16.15 
J0732+2056  864943569460727040 113.11326  20.93581  13.37 0.44   -92.8 0.6  -128.5 0.5 19.13 19.57 18.43 
J0732+6623 1095872381727479936 113.11651  66.38589  13.85 0.11    -2.6 0.1   -61.9 0.2 17.61 17.67 17.39 
J0732+4204  924755185235078144 113.15775  42.08174  11.26 0.13   -20.4 0.2    -1.4 0.2 16.54 16.44 16.67 
J0732+2822  873303774834413056 113.19092  28.36781  11.86 0.17    23.2 0.3  -104.0 0.2 17.87 18.01 17.48 
J0733-1228 3034021728905651328 113.35473 -12.48256  12.37 0.83    50.1 1.3  -163.5 1.0 20.27 20.63 19.61 
J0733+2315  866574493091351936 113.44108  23.25802  12.01 0.12    63.1 0.2   -53.8 0.2 17.48 17.47 17.27 
J0735-1351 3030301501255870720 113.81125 -13.86642  17.11 0.09   -32.9 0.2  -101.3 0.2 17.34 17.50 16.95 
J0736+2917  879383936697674496 114.14395  29.29164  11.23 0.18     5.8 0.3   -38.1 0.3 18.23 18.42 17.89 
J0736+4118  924478859922238720 114.14681  41.30746  12.45 0.60    14.4 0.8  -118.5 0.5 19.54 19.98 18.93 
J0736+4836  976027607164699392 114.17299  48.60699  11.38 0.55    14.1 0.7   -66.4 0.6 19.65 20.08 19.01 
J0737+4112  924428973878531968 114.28342  41.20747  16.59 0.05    26.1 0.1   -64.2 0.1 15.82 15.82 15.80 
J0738+4326  925258860342797568 114.50395  43.43402  24.77 0.11   140.2 0.2    62.2 0.1 17.32 17.57 16.88 
J0738+4227  925003537421986304 114.59004  42.46102  12.86 0.44   -26.3 0.6  -168.9 0.4 19.20 19.57 18.53 
J0738+3605  895351903549937408 114.66444  36.09515  11.46 0.50    -2.8 0.7   -38.2 0.5 19.43 19.91 18.73 
J0738+1101 3150099301752709504 114.67919  11.03090  13.14 0.23    95.2 0.4  -104.5 0.3 18.55 18.75 18.15 
J0739+2008  672816969200760064 114.83244  20.14154  15.53 0.08   -21.7 0.1     8.7 0.1 15.97 15.92 16.00 
J0739+2504  868706888517664000 114.83427  25.08014  10.24 0.39   -10.7 0.4    18.5 0.3 18.49 18.52 18.15 
J0739+2347  867440427218037120 114.86892  23.79094  11.19 0.13   -10.1 0.2   -39.3 0.2 17.48 17.53 17.25 
J0740-1227 3030893377804110080 115.17888 -12.45139  12.95 0.34    22.9 0.6    53.8 0.6 19.41 19.93 18.69 
J0740+1558 3165908389171910016 115.19601  15.97067  11.33 0.39    18.1 0.7   -15.9 0.5 19.33 19.53 18.88 
J0740+2101  673167507250782976 115.22010  21.02200  11.49 0.13   -58.1 0.2  -135.8 0.2 17.57 17.58 17.38 
J0740+2218  866962856917166208 115.24850  22.30286  16.72 0.20   -59.9 0.4    34.0 0.4 18.21 18.48 17.71 
J0741+1511 3165528615280166144 115.48510  15.18735  12.53 0.06     4.6 0.1  -124.7 0.1 15.86 15.79 15.94 
J0741+2352  867418432688616448 115.49070  23.88322  13.90 0.23    33.6 0.4  -125.5 0.4 18.57 18.83 18.06 
J0742+3157  880354496226790400 115.55557  31.95081  15.02 0.10   -48.2 0.2   -62.7 0.1 16.83 16.85 16.67 
J0742-1044 3040162810580901376 115.57669 -10.73726  11.78 0.32     6.3 0.5  -137.6 0.4 19.23 19.58 18.82 
J0742+2857  878635723331279360 115.63307  28.95747  10.27 0.22   -43.9 0.3   -35.2 0.3 17.68 17.78 17.51 
J0742+4223  924219890574729856 115.66048  42.39156  14.51 0.15    -3.4 0.3   -81.8 0.2 17.85 18.06 17.46 
J0742-1247 3030820432081929088 115.73643 -12.79761  13.26 0.25   -11.4 0.4  -140.8 0.3 18.92 19.42 18.14 
J0744+1544 3165713981772896000 116.01187  15.74496  12.97 0.34    43.7 0.6   -70.2 0.5 19.08 19.55 18.47 
J0744+4649  927618687178189056 116.06128  46.81996  17.86 0.28    41.3 0.4   -50.7 0.3 18.64 19.20 18.00 
J0744+2443  867848380391409408 116.18826  24.71974  10.17 0.10   -86.9 0.2   -13.3 0.2 16.60 16.57 16.62 
J0745+2626  874900643675606912 116.28984  26.44869  25.28 0.36   529.7 0.5  -719.2 0.4 18.75 19.51 17.91 
J0746+3557  894957694270675584 116.66766  35.96271  13.88 0.20   -41.5 0.3  -155.7 0.1 17.95 18.12 17.54 
J0747+4527  927205339521671552 116.80250  45.45372  11.21 0.15   -35.5 0.2   -51.4 0.1 17.55 17.51 17.60 
J0747+2438  867739936760402560 116.84849  24.63967  18.34 0.15   138.1 0.3   -70.0 0.2 17.96 18.26 17.40 
J0747+4408  926002203218885504 116.85729  44.14605  26.08 0.06   -87.8 0.1  -165.1 0.1 14.93 14.86 15.01 
J0747+1107 3151407827963355136 116.87573  11.12552  36.17 0.08    74.8 0.2  -182.2 0.1 16.64 16.74 16.39 
J0747+2106  674429853974804352 116.90000  21.11007  10.00 0.06    18.8 0.1    26.2 0.1 15.81 15.68 15.96 
J0748+3506  894591075862208128 117.04940  35.10843  21.13 0.21   -41.6 0.3  -140.9 0.2 17.93 18.23 17.49 
J0748+3841  920086173530528256 117.15550  38.68965  11.79 0.28    88.6 0.4  -103.3 0.3 18.69 19.06 18.20 
J0748+1125 3151443115414582016 117.17686  11.41747  21.53 0.08   -36.7 0.2    82.4 0.1 16.52 16.54 16.41 
J0749+1732  668127242870832768 117.33710  17.54449  11.76 0.32   -46.7 0.7    30.7 0.6 18.91 19.07 18.50 
J0749-1143 3036818783407270528 117.37497 -11.72341  12.63 0.22   -17.9 0.4    50.9 0.3 18.68 19.24 17.98 
J0749+3124  880840789603989504 117.42859  31.40679  10.91 0.26   -11.4 0.4   -16.3 0.2 18.56 18.68 18.26 
J0749+2947  878933862779706112 117.42991  29.78746  11.48 0.82   216.4 1.3  -144.0 0.9 20.04 20.63 19.37 
J0750+2538  873994719110827264 117.50256  25.63647  14.57 0.14    27.4 0.2   -72.9 0.1 17.68 17.76 17.40 
J0750+1740  668317840636534912 117.60975  17.67455  18.93 0.12    60.4 0.2  -121.7 0.1 17.09 17.24 16.74 
J0750+0918 3148732406937031936 117.63411   9.31578  22.59 0.21  -141.0 0.3   -88.1 0.2 17.96 18.41 17.32 
J0750+1640  667811442514553856 117.72600  16.66905  12.88 0.42    83.0 0.7   -85.3 0.4 19.31 19.78 18.70 
J0751+1416 3164518640833807872 117.80308  14.26710  13.33 0.26   -94.4 0.4   -20.1 0.3 18.56 18.84 18.12 
J0751+6707 1096117955074105088 117.90719  67.12555  18.60 0.16    94.8 0.2   -35.6 0.2 18.27 18.65 17.71 
J0751+1120 3150770626615542784 117.92277  11.34141  10.99 0.08   -56.8 0.1   -79.7 0.1 16.43 16.42 16.43 
J0752+4724  933421359789700736 118.10085  47.40633  11.50 0.26    26.2 0.3    21.7 0.3 18.57 18.70 18.23 
J0752+4447  926374594063195904 118.12817  44.79717  14.09 0.10  -113.7 0.1   -19.5 0.1 16.89 16.89 16.74 
J0752+4757  933544818624946048 118.17901  47.96083  10.46 0.09   -18.1 0.1   -34.8 0.1 16.89 16.90 16.85 
J0753+4229  925532265076649472 118.30597  42.49877  36.47 0.17   107.6 0.2  -394.9 0.2 17.25 17.82 16.54 
J0753+5229  984190381489031424 118.36296  52.49098  45.82 0.05   -88.4 0.1  -255.4 0.1 15.55 15.67 15.27 
J0753+3210  880938921016895360 118.42846  32.18008  17.71 0.27     0.5 0.4  -179.4 0.2 18.25 18.61 17.69 
J0753+3936  920486606217458944 118.48948  39.60160  10.12 0.32   274.9 0.6  -224.7 0.4 19.21 19.55 18.61 
J0753-0009 3084195266274202752 118.49544  -0.16386  12.95 0.08   -21.2 0.1  -132.3 0.1 16.61 16.65 16.49 
J0754+3020  877486454510035840 118.51528  30.34704  10.89 0.70    44.2 1.1  -143.0 0.6 19.78 20.27 19.02 
J0754+6611 1094919590481107968 118.62197  66.18434  24.24 0.07   -29.6 0.1  -194.1 0.1 16.73 16.89 16.41 
J0754+1614  666999556257654784 118.68016  16.24034  10.52 0.15   -57.6 0.2     4.4 0.1 17.61 17.71 17.34 
J0754-0836 3042344245950391040 118.73945  -8.61282  10.36 0.47   -39.8 0.6   -30.3 0.4 19.37 19.76 18.61 
J0755+3857  919692273490212992 118.77246  38.95656  11.27 0.42   146.1 0.8  -100.6 0.5 19.41 19.75 18.87 
J0755+0813 3145370645837100160 118.81057   8.22109  15.10 0.21  -185.6 0.4    60.1 0.2 18.58 19.00 18.05 
J0755+4027  920673244020385792 118.85586  40.45035  10.92 0.52     5.0 0.7   -63.4 0.6 19.63 20.15 18.97 
J0755-1035 3037368539222530944 118.87818 -10.58669  12.24 0.45   -60.2 0.8    98.4 0.6 19.35 19.78 18.62 
J0756+0812 3145382126287048832 119.09452   8.21125  14.17 0.07   -76.1 0.1   -34.5 0.1 16.58 16.53 16.51 
J0756+4139  922434906461782272 119.12963  41.66265  30.54 0.08    -5.5 0.1  -352.3 0.1 16.66 16.86 16.30 
J0756+3646  918886709424112896 119.13224  36.78252  15.17 0.29    58.0 0.3   -25.6 0.2 18.24 18.51 17.83 
J0756-0045 3083915298828722304 119.15384  -0.75628  15.91 0.21    37.8 0.3   166.4 0.2 18.07 18.38 17.58 
J0757+6653 1095351526750484864 119.25697  66.89309  11.98 0.15   -22.3 0.2    39.6 0.2 18.22 18.39 17.88 
J0757+3230  881146316398060672 119.27853  32.50952  10.42 0.39    48.3 0.6  -101.1 0.4 18.95 19.28 18.43 
J0757+6453 1094608119452121856 119.30031  64.89602  11.60 0.14   -11.6 0.2    28.4 0.2 17.85 17.88 17.68 
J0757+2919  877161789337691520 119.35894  29.32427  13.14 0.51   141.9 0.9  -160.8 0.5 19.43 19.90 18.77 
J0758+3553  906775593140073344 119.61633  35.89964  12.48 0.08     2.7 0.1   -69.0 0.1 15.59 15.49 15.70 
J0758+2450  681595744913809280 119.63962  24.84769  10.39 0.46    -3.0 0.6   -20.1 0.3 19.00 19.44 18.23 
J0758+2918  877134026669419520 119.64002  29.30911  10.36 0.36   -49.9 0.6   -42.4 0.4 19.38 19.66 18.80 
J0759+4735  933095015289999872 119.87344  47.58590  20.17 0.07   -91.9 0.1   -21.1 0.1 16.19 16.25 16.01 
J0800-0840 3039671225803688320 120.02277  -8.67864  13.57 0.18  -169.3 0.3    13.9 0.2 17.94 18.08 17.67 
J0800+0452 3095326687633750016 120.03226   4.86763  11.17 0.38   -36.4 0.6    23.8 0.4 19.06 19.37 18.46 
J0800+2052  670842761712806912 120.04106  20.88197  10.78 0.28   -91.2 0.5   -11.1 0.2 18.51 18.58 18.24 
J0800+4109  922164422305158912 120.08506  41.15737  11.24 0.34   -25.6 0.5   -67.3 0.5 19.27 19.64 18.75 
J0800+0655 3144237908341731712 120.17677   6.92838  11.25 0.16   -66.0 0.3     6.0 0.2 17.86 17.82 17.80 
J0800+1148 3150999526895425280 120.19733  11.80173  11.28 0.56     1.3 1.0  -120.3 0.6 19.38 19.70 18.71 
J0801+5329  936641833642799744 120.38005  53.48369  12.14 0.13    45.9 0.2    38.9 0.1 17.48 17.55 17.30 
J0801+4852  933287876501371520 120.38206  48.88128  27.87 0.14  -110.5 0.2     4.6 0.2 17.45 17.86 16.81 
J0801+3949  921281480108851200 120.38757  39.82323  14.06 0.47   145.3 0.7  -153.8 0.5 19.46 20.05 18.80 
J0801+3618  907000821224488832 120.39220  36.30396  11.95 0.18   -78.4 0.3  -156.3 0.2 17.93 18.00 17.66 
J0802+4958  934891926527276288 120.66817  49.98299  15.79 0.28  -176.9 0.4   -47.3 0.3 18.79 19.30 18.12 
J0803-0017 3083265904070625792 120.76194  -0.29742  10.91 0.12   -34.3 0.2    64.9 0.2 17.46 17.49 17.35 
J0803+0215 3087965246829431168 120.77058   2.26150  11.35 0.29    13.5 0.5  -102.9 0.3 18.86 19.12 18.29 
J0803+0022 3084427916062349440 120.78807   0.37695  13.75 0.19  -103.0 0.3   -38.4 0.2 18.08 18.33 17.68 
J0803+1633  655245124121246720 120.84912  16.56515  15.64 0.28   -51.0 0.5  -217.1 0.2 18.68 19.03 18.07 
J0803+0829 3146188235810977920 120.94710   8.48728  10.57 0.12    -8.8 0.2    -0.1 0.1 17.26 17.26 17.17 
J0803+3355  905356016253570432 120.98806  33.92231  10.73 0.26   204.8 0.4  -200.4 0.3 18.52 18.86 17.99 
J0803+1229  653051877600013312 120.99977  12.49552  10.40 0.11     9.6 0.2   -14.9 0.1 17.42 17.30 17.53 
J0804+2601  682155327614998272 121.01459  26.03132  19.36 0.24  -100.3 0.4   -75.3 0.2 18.58 19.15 17.90 
J0804+0716 3145766676180517760 121.04928   7.28166  10.74 0.17    -6.6 0.3   -29.8 0.2 18.02 18.12 17.69 
J0804+3538  906160863060179072 121.07814  35.64935  14.25 0.15   -70.0 0.2  -113.0 0.1 17.39 17.44 17.24 
J0804+2250  680152090443478656 121.08710  22.83804  21.75 0.07   -47.0 0.1   -27.8 0.1 14.99 14.84 15.11 
J0804+4213  922686832063591168 121.12255  42.21975  13.48 0.10    43.5 0.1  -114.2 0.1 16.84 16.90 16.67 
J0804+2239  680099824985004288 121.16931  22.66241  25.28 0.14     1.6 0.2  -324.0 0.1 17.67 18.09 17.06 
J0804+1714  668796162553518720 121.23096  17.24498  14.95 0.33    12.2 0.5  -138.3 0.4 18.52 18.86 17.92 
J0805-0654 3063960605892490368 121.28115  -6.90297  12.44 0.29   -19.9 0.4    74.1 0.3 18.87 19.11 18.42 
J0805+1820  669024203839693056 121.28696  18.34863  12.34 0.24    93.7 0.4  -251.5 0.2 18.29 18.49 17.89 
J0805+0735 3145802036649641472 121.36456   7.59160  29.06 0.14   -80.2 0.2  -379.4 0.1 17.37 17.76 16.80 
J0805+5425 1032793743239555712 121.36986  54.41830  12.13 0.44    60.5 0.6     1.1 0.5 19.42 19.84 18.69 
J0805+4957  934937139647967232 121.37819  49.95047  10.60 0.30   -55.7 0.4   -59.6 0.3 18.63 18.83 18.28 
J0805+4458  929196314561278080 121.38905  44.98086  11.31 0.41   -60.5 0.6  -129.5 0.5 19.14 19.47 18.59 
J0805+4821  933057593239584000 121.40153  48.35796  10.26 0.33   -40.9 0.5   -58.4 0.4 18.82 18.82 18.55 
J0805+6624 1095169656358227456 121.40571  66.40732  10.38 0.22     1.1 0.2   -11.1 0.3 18.72 18.85 18.38 
J0805+3832  908957092928687104 121.40666  38.53559  22.06 0.06   -37.3 0.1  -299.9 0.1 15.55 15.51 15.48 
J0805-0050 3082984910130769536 121.44906  -0.83811  15.43 0.12    92.9 0.2   -61.7 0.1 17.71 17.93 17.33 
J0805+4720  932855386179190272 121.44918  47.33820  10.56 0.21   -28.8 0.3   -16.6 0.2 18.33 18.51 17.99 
J0805+5339 1032545631568349056 121.47081  53.66506  10.02 0.26   -45.8 0.4  -156.5 0.3 18.76 18.96 18.38 
J0805+3833  908962109449446656 121.48687  38.56003  48.46 0.09  -622.4 0.1  -550.9 0.1 16.63 17.14 15.97 
J0805+0724 3097756127294671488 121.49501   7.41265  12.80 0.35   -41.0 0.6  -235.6 0.4 18.98 19.42 18.34 
J0806+0443 3094852140989111680 121.65974   4.72685  15.70 0.36    96.6 0.6   -70.6 0.3 19.12 19.64 18.44 
J0806+4058  921642532239821440 121.68309  40.97695  11.10 0.31    -5.9 0.5   -78.0 0.3 18.85 19.18 18.48 
J0806+2215  677060225090183552 121.70015  22.26357  20.24 0.18   -10.8 0.3  -181.2 0.2 17.81 18.13 17.24 
J0807+5513 1032933449935852416 121.79063  55.22421  10.78 0.61    -7.7 0.9   -23.8 0.6 20.01 20.46 19.22 
J0807-0753 3063650376111451136 121.89155  -7.89713  14.04 0.09    60.4 0.1  -121.3 0.1 16.87 16.85 16.75 
J0807+4431  928937074630507392 121.93945  44.51829  22.40 0.17   -39.7 0.2   -99.7 0.1 17.54 17.82 17.10 
J0807+4854  934555334235313664 121.98336  48.90464  14.45 0.21    13.2 0.3  -165.2 0.2 18.04 18.21 17.63 
J0807+2557  681934703732973824 121.99130  25.95275  10.38 0.30   -60.3 0.4   -33.8 0.3 18.59 18.81 18.17 
J0808+5217  935585336111682432 122.02201  52.29584  12.41 0.49    29.2 0.9   -39.6 0.5 19.38 19.85 18.80 
J0808+1854  669444943132791424 122.05258  18.90541  19.28 0.14  -146.2 0.2  -140.0 0.1 17.80 18.11 17.26 
J0808+5214  935584202240404224 122.07775  52.23368  12.77 0.78    82.7 1.4  -192.5 0.9 20.24 20.92 19.43 
J0808-0150 3070832695300382464 122.24392  -1.84588  10.06 0.36    31.6 0.6  -188.4 0.4 19.12 19.43 18.58 
J0809+2130  676773359928988672 122.33408  21.50164  15.35 0.46   -60.2 0.7  -137.1 0.4 19.28 19.82 18.54 
J0809-0030 3083384234712571264 122.36827  -0.50243  16.92 0.30   -74.6 0.5  -270.2 0.3 18.96 19.40 18.25 
J0809+1112  649672906567630976 122.41804  11.20725  19.04 0.14   210.2 0.3     7.1 0.2 17.55 17.70 17.20 
J0809+0245 3091044532222339584 122.41863   2.75151  14.34 0.21     0.1 0.4    -9.0 0.2 18.26 18.44 17.94 
J0809+2811  683959213878018432 122.46235  28.19735  10.50 0.49  -112.8 0.8   -76.5 0.5 19.62 19.92 19.09 
J0809+2250  677196843705878272 122.46275  22.84828  18.06 0.16   -40.4 0.3   -25.9 0.2 17.60 17.80 17.19 
J0810+0329 3091528115477228288 122.51636   3.49070  15.27 0.06   -71.1 0.1   -26.2 0.1 14.97 14.84 15.14 
J0810+3812  908716364305366528 122.58104  38.21599  10.16 0.39    12.7 0.7   -59.3 0.4 19.04 19.58 18.42 
J0810+0041 3083765357227100800 122.59182   0.69666  10.64 0.09    16.5 0.1   -57.6 0.1 16.54 16.57 16.45 
J0810+4820  931500512976150400 122.63443  48.33995  24.37 0.17   -67.2 0.2    38.3 0.2 18.13 18.69 17.40 
J0811+4323  928079146323608320 122.88318  43.38688  14.51 0.08   -51.9 0.1   -51.3 0.1 15.73 15.57 15.90 
J0811+2321  677593660028220544 122.93436  23.36591  10.34 0.28   -55.8 0.4   -93.4 0.3 18.79 18.96 18.29 
J0811+4212  921804126089222784 122.95538  42.20217  10.87 0.14   -39.6 0.2   -72.8 0.2 17.77 17.70 17.79 
J0811+2535  682597056409463680 122.97042  25.58499  13.41 0.26   -29.1 0.4     8.2 0.3 18.62 18.91 18.10 
J0811+4758  931433752004161664 122.97402  47.97219  16.02 0.32     0.8 0.4   -78.5 0.3 18.59 18.95 18.01 
J0812+0942 3146576878812071168 123.08949   9.70882  10.19 0.51   -93.9 0.9   -27.3 0.6 19.84 20.03 19.41 
J0812+1737  657056745624156416 123.15787  17.61669  36.95 0.04    73.5 0.1   -87.3 0.1 13.44 13.36 13.56 
J0813+1130  649041786893358336 123.30365  11.51062  12.03 0.08    42.3 0.1   -82.8 0.1 16.69 16.71 16.60 
J0813+0935 3146523896095375744 123.32241   9.58560  12.24 0.23    21.3 0.4    -1.2 0.3 18.61 18.88 18.16 
J0813+1957  675615677264385536 123.35413  19.95793  28.14 0.24  -126.0 0.4   -40.7 0.2 18.34 19.00 17.50 
J0813+2320  677560232299128192 123.42623  23.33974  10.57 0.09    82.5 0.1   -76.2 0.1 16.11 16.02 16.22 
J0813+1220  650230771279461760 123.43458  12.34692  15.23 0.18    23.0 0.3  -113.7 0.2 18.20 18.47 17.72 
J0814+4845  931573222477949696 123.54696  48.75719  58.48 0.04    66.8 0.1  -253.7 0.0 14.96 15.15 14.60 
J0814+5450 1033040583599433728 123.63942  54.83452  11.87 0.44  -111.4 0.6   -17.2 0.5 19.43 19.92 18.71 
J0814+3300  902414964384353408 123.67798  33.00622  13.91 0.45   125.9 0.8    96.6 0.6 19.58 19.78 19.20 
J0814+1505  655355968638552576 123.70051  15.09847  13.95 0.49    73.4 0.8  -414.9 0.6 19.33 19.88 18.58 
J0814+2455  682315757527779584 123.70091  24.92767  16.97 0.09  -236.7 0.1  -132.6 0.1 16.88 16.91 16.67 
J0814+3437  902857685316692352 123.74009  34.62884  14.69 0.24    65.6 0.3   -79.3 0.2 18.08 18.21 17.74 
J0814+1300  650340408909616896 123.74031  13.01013  12.88 0.19   -61.9 0.4   -21.1 0.2 18.16 18.28 17.87 
J0814+1322  650631470251495808 123.74709  13.37073  14.11 0.49   -11.7 0.9   -39.9 0.5 19.22 19.69 18.49 
J0815+5339 1031832946170531456 123.79086  53.65343  12.95 0.14    -8.8 0.2   -53.9 0.2 17.48 17.54 17.34 
J0815+1633  655808799925588992 123.82093  16.55424  13.98 0.21   248.4 0.4  -104.7 0.3 18.22 18.78 17.49 
J0815-0651 3064151577318715904 123.86290  -6.85802  22.82 0.18   -52.7 0.4   -51.9 0.3 18.46 19.08 17.74 
J0815-0220 3070143267150880384 123.89503  -2.33879  10.35 0.12    -5.2 0.2   -53.8 0.1 16.89 16.83 16.77 
J0815+5814 1035222289547372800 123.93522  58.24551  16.75 0.12  -135.8 0.2  -220.8 0.2 17.61 17.74 17.31 
J0816+1313  650432664805355392 124.14104  13.22846  14.41 0.23   -33.5 0.4  -112.4 0.2 18.55 18.93 18.03 
J0816+2137  676031052142751488 124.17469  21.62493  25.39 0.09  -104.7 0.1  -392.7 0.1 16.86 17.12 16.40 
J0817+1403  652195319383139072 124.29289  14.05748  13.52 0.37   -60.5 0.6   -88.6 0.4 19.21 19.59 18.65 
J0817+1113  648795766869070720 124.33293  11.22285  13.12 0.38    55.5 0.7   -64.1 0.4 19.25 19.57 18.62 
J0817+2902  684258010458273152 124.42181  29.03358  11.07 0.31   -10.7 0.6   -88.6 0.5 19.13 19.35 18.77 
J0817+2451  679311750025779584 124.43913  24.85084  14.29 0.30    73.9 0.5  -205.0 0.3 18.98 19.31 18.35 
J0817+2822  684152216824047104 124.46496  28.36682  18.83 0.25    67.0 0.4  -203.6 0.3 18.68 19.25 17.94 
J0817+3916  908455372028740608 124.47165  39.27285  10.50 0.73   -90.6 1.1   -47.1 0.8 20.03 20.60 19.42 
J0818+4144  915672081021495552 124.51133  41.73604  10.44 0.20   -28.0 0.3   -54.2 0.2 18.07 18.15 17.83 
J0818+4449  928440365957680256 124.61858  44.82979  10.74 0.34  -112.2 0.5  -175.9 0.4 19.07 19.33 18.65 
J0819+5732 1035126803834023296 124.81112  57.54888  18.35 0.11  -156.3 0.2  -174.8 0.1 17.62 17.83 17.23 
J0819+5626 1034734243823264000 124.81484  56.43958  13.56 0.35  -116.5 0.5  -225.1 0.4 19.26 19.75 18.57 
J0819+3159  901360494077262208 124.85224  31.99903  16.61 0.32   206.4 0.5   -18.8 0.4 18.96 19.41 18.26 
J0819+2933  708292166410436608 124.88872  29.55908  10.63 0.07     5.2 0.1  -120.3 0.1 15.85 15.75 15.97 
J0819+3625  904604259537257856 124.93053  36.42470  12.61 0.35   -46.4 0.5  -112.5 0.4 19.00 19.43 18.45 
J0819+1321  650400263572196480 124.98340  13.35021  11.51 0.43   -18.8 0.7   -17.8 0.4 19.01 19.26 18.52 
J0819+1948  663601481211006592 124.99040  19.80753  15.50 0.22   -40.8 0.4   -57.4 0.2 18.43 18.73 17.88 
J0820+3834  908364559240386944 125.00456  38.57543  22.41 0.09  -186.1 0.1  -256.0 0.1 16.45 16.56 16.16 
J0820+0855  600139357979417344 125.15243   8.92975  13.08 0.22    45.9 0.4  -138.1 0.2 18.22 18.36 17.93 
J0820+4310  916276228300814976 125.15382  43.16769  10.87 0.14   -64.0 0.2  -107.0 0.1 17.47 17.65 17.15 
J0820+1523  652438247031965056 125.22416  15.38685  12.68 0.13   -30.1 0.2   -48.3 0.1 17.09 17.08 17.01 
J0821+3727  908048587085834752 125.28488  37.46008  18.49 0.24   165.9 0.3  -152.4 0.3 18.49 18.95 17.87 
J0822+2023  664021842547278592 125.58027  20.39013  23.30 0.11    33.9 0.2  -114.2 0.1 16.13 16.26 15.83 
J0822+1122  649129777885760640 125.59645  11.37161  11.61 0.49   -54.3 0.9   -77.7 0.6 19.66 20.02 18.91 
J0822+0300 3090505359208876288 125.66385   3.00728  10.19 0.28    -3.7 0.5    21.6 0.3 18.71 18.92 18.35 
J0822+3614  904376149529962880 125.69197  36.23659  12.16 0.06   -72.3 0.1   -58.4 0.1 15.62 15.50 15.77 
J0823+8237 1145602571097053952 125.76327  82.62351  15.11 0.25  -168.0 0.3  -169.3 0.4 19.16 19.71 18.50 
J0823+0546 3093722358432322176 125.76511   5.78190  20.94 0.12  -228.4 0.2  -103.1 0.1 17.23 17.52 16.87 
J0823+5945 1035772904354245120 125.76560  59.75925  17.44 0.26   -75.3 0.3  -210.8 0.4 18.75 19.27 18.06 
J0824+3104  709051168734737024 126.01690  31.07907  12.93 0.13   130.4 0.2  -245.5 0.1 17.57 17.63 17.32 
J0825+2841  707408841962407936 126.25208  28.69680  13.45 0.22  -116.1 0.4  -109.0 0.3 18.51 18.83 17.89 
J0825+6003 1035806851776104448 126.28420  60.06610  12.71 0.08   -44.2 0.1    -5.9 0.1 16.67 16.69 16.57 
J0825+5049 1028072371590379136 126.32992  50.82085  20.90 0.21  -328.8 0.3  -329.4 0.2 18.50 19.08 17.78 
J0825+0940  600297481495526400 126.35188   9.67963  11.89 0.12    15.3 0.2   -17.2 0.1 17.27 17.35 16.99 
J0825+2242  677874722688200832 126.43585  22.70114  10.70 0.34     5.4 0.5  -125.9 0.3 18.97 19.17 18.49 
J0825-0210 3075976794811325952 126.43843  -2.17452  13.58 0.37   133.8 0.6  -229.2 0.5 18.69 19.06 18.14 
J0826+3249  902972034525449088 126.54856  32.83298  15.15 0.21   -36.5 0.3  -108.8 0.2 18.10 18.39 17.64 
J0826+4645  930242465515189376 126.57417  46.75437  16.43 0.16    41.0 0.2    18.7 0.2 17.49 17.59 17.21 
J0826+2224  677818750673797376 126.59215  22.40070  10.00 0.44   -38.7 0.7   -41.0 0.4 19.03 19.49 18.35 
J0826+1716  662043992928302080 126.65346  17.27323  14.19 0.37   -84.3 0.6  -355.5 0.4 19.05 19.55 18.36 
J0826-0539 3065135949463337984 126.70514  -5.66134  10.99 0.14   -50.0 0.2   -13.5 0.2 17.97 18.11 17.72 
J0827+2607  679723276611814400 126.88781  26.11749  12.24 0.21   -32.6 0.3   -14.1 0.2 18.07 18.21 17.74 
J0827+6008 1041763971415231872 126.92870  60.14470  16.92 0.33   -94.4 0.5   -40.5 0.3 19.03 19.58 18.22 
J0828+0942  599922307511771776 127.03469   9.70427  19.28 0.22   443.4 0.4  -135.2 0.2 18.25 18.78 17.51 
J0828-0141 3076010742232557952 127.05068  -1.69034  11.61 0.29   -12.1 0.5   -18.2 0.3 18.62 18.88 18.22 
J0828+0208 3079642326059886208 127.09492   2.14073  15.92 0.15  -219.1 0.2     4.3 0.1 17.57 17.82 17.19 
J0828+3131  709004920527186816 127.20316  31.52588  15.00 0.25  -106.8 0.4  -115.4 0.3 18.18 18.39 17.82 
J0828+1152  602669506032575488 127.23709  11.88226  16.89 0.39  -344.6 0.6    14.2 0.2 18.30 18.66 17.74 
J0829+4419  917707418778058368 127.34592  44.32775  13.18 0.27   -81.8 0.4   -95.8 0.3 18.63 18.88 18.20 
J0829+5312 1028955489881696768 127.37375  53.21494  10.86 0.11   -27.4 0.2   -27.7 0.1 17.24 17.28 17.12 
J0829+5641 1034060277555338368 127.45514  56.68729  10.23 0.11  -100.0 0.2   -35.0 0.1 17.33 17.34 17.23 
J0830+4646  918554863070270208 127.53682  46.77614  14.26 0.18    79.3 0.3    -1.7 0.3 18.26 18.58 17.78 
J0830+3241  710766750855439360 127.66367  32.69418  44.72 0.06  -147.8 0.1  -527.2 0.1 15.65 15.80 15.34 
J0831+1905  662716271271960320 127.82144  19.09284  10.87 0.30     1.2 0.5   -69.3 0.3 18.81 19.07 18.30 
J0831+3331  710947963731953792 127.84768  33.52964  25.02 0.11    52.8 0.2  -144.2 0.1 17.34 17.67 16.84 
J0831+1641  658781771991055104 127.85381  16.69918  17.52 0.13    70.4 0.2  -143.0 0.1 17.14 17.29 16.80 
J0831+1322  651337945128014720 127.88655  13.37873  10.12 0.08    23.6 0.1   -47.4 0.1 16.09 16.01 16.18 
J0831+0208 3079468598933810176 127.96547   2.13861  11.81 0.50    55.2 0.8  -133.5 0.5 19.49 20.01 18.86 
J0832+0620  595617852632038144 128.09164   6.34862  11.88 0.48   -88.2 0.8  -121.0 0.5 19.48 19.95 18.86 
J0832+5714 1034473453408991360 128.16498  57.24603  12.81 0.24   -58.3 0.3   -51.9 0.4 18.86 19.19 18.37 
J0832+6507 1092515229130044544 128.19669  65.13098  14.08 0.21   -25.1 0.2   -75.1 0.2 18.47 18.69 18.07 
J0832-0207 3073014263809462528 128.23989  -2.13108  13.68 0.14   -92.5 0.2   -22.0 0.1 17.69 17.76 17.55 
J0833+2914  707673416242396160 128.47349  29.24601  14.23 0.19    -4.1 0.3   -64.6 0.2 17.93 18.12 17.51 
J0834+3659  910087768838947456 128.50034  36.98902  20.18 0.07  -140.4 0.1  -235.0 0.1 16.02 16.08 15.85 
J0834+0321 3080205580955810432 128.57186   3.35284  12.04 0.41     5.1 0.7   -75.2 0.3 19.14 19.44 18.62 
J0834+1003  599820460951495680 128.59028  10.06587  21.46 0.25  -239.5 0.4  -247.1 0.2 18.35 18.92 17.67 
J0834+0727  595867686585664256 128.62805   7.46084  10.63 0.20    76.4 0.3   -91.2 0.1 17.20 17.25 17.04 
J0835-0435 3065513047592503552 128.75858  -4.59193  12.33 0.12   -53.1 0.2   -59.7 0.1 17.16 17.15 17.04 
J0835+1042  601566038739612160 128.82694  10.71621  10.03 0.16   -30.2 0.2   -39.4 0.2 17.42 17.21 17.67 
J0835+4758 1014793672740325248 128.83784  47.97853  10.48 0.21   -29.4 0.3   -43.9 0.2 18.48 18.57 18.18 
J0835+5332 1030289712881895296 128.87948  53.54138  10.32 0.17   -55.2 0.2  -125.1 0.2 18.18 18.31 17.97 
J0835+3317  710706346051677184 128.88158  33.29340  18.72 0.15  -166.7 0.2   -24.9 0.1 17.64 17.94 17.20 
J0835+0408 3080411881119844736 128.92567   4.13798  10.23 0.09   -79.1 0.2   -57.3 0.1 16.49 16.39 16.52 
J0835+0154 3078733884642456064 128.96743   1.90594  14.16 0.25     1.3 0.5   -42.9 0.3 18.76 19.19 18.21 
J0835+4718  918648974394418816 128.98670  47.31257  14.71 0.18   -44.0 0.2   -35.8 0.2 17.81 18.03 17.41 
J0836+5104 1027695136022450432 129.00741  51.06848  13.37 0.30   -17.8 0.4    31.3 0.4 18.87 19.15 18.39 
J0836+1831  659660006903352192 129.05067  18.52414  10.17 0.39   -94.2 0.7   -63.3 0.4 19.11 19.35 18.51 
J0836+2216  665991789427730432 129.10422  22.27658  11.42 0.19    -1.6 0.3   -52.3 0.2 17.97 18.07 17.71 
J0836+3506  711527372000026624 129.11420  35.10847  10.72 0.29   -52.4 0.4  -188.4 0.3 18.61 18.84 18.15 
J0836+1452  657598147723622912 129.11668  14.88023  12.88 0.27  -134.0 0.4    17.5 0.2 18.17 18.26 17.89 
J0836+4556  918237791404732416 129.17276  45.94896  14.83 0.47   -66.0 0.6  -167.1 0.4 19.24 19.80 18.55 
J0837+4613  918336060256260480 129.30082  46.22347  13.78 0.21   -77.0 0.3   -36.7 0.2 18.21 18.46 17.79 
J0837+5100 1027704894188127232 129.34705  51.01574  10.82 0.12  -120.9 0.2  -110.8 0.1 17.33 17.47 17.03 
J0837+3154  709769115467848448 129.39666  31.91063  11.14 0.33    -0.8 0.5     9.8 0.4 18.80 18.89 18.43 
J0837+1242  603025777864658176 129.39881  12.70310  10.05 0.89   -93.4 1.4  -125.5 0.7 19.97 20.46 19.21 
J0837+5427 1030621658018969856 129.40290  54.46637  10.94 0.26    67.5 0.4    38.8 0.3 18.55 18.70 18.18 
J0838+3208  709798939720824192 129.55107  32.14343  11.89 0.56    -3.5 0.9    53.6 0.5 19.75 20.41 19.12 
J0838+1321  603155765049434752 129.59818  13.35874  12.59 0.24    84.9 0.4  -197.2 0.3 18.37 18.48 18.02 
J0838+2804  704316671665447296 129.63282  28.08258  17.10 0.25    60.6 0.4  -195.4 0.4 18.56 18.97 17.92 
J0838+2322  666207736086203648 129.74412  23.38130  11.85 0.30    30.8 0.6   -20.0 0.4 18.92 19.20 18.51 
J0839+3423  711234420874380800 129.89044  34.38365  14.24 0.45   116.4 0.7   -84.3 0.5 19.46 19.85 18.83 
J0840+2244  666111739274159360 130.03054  22.74382  13.86 0.22  -211.6 0.4    40.8 0.3 18.38 18.53 17.96 
J0840+3431  711260465552649216 130.10171  34.53074  13.34 0.22  -138.1 0.3  -175.0 0.2 18.40 18.57 18.03 
J0840+0939  598240497102033024 130.11004   9.65334  10.98 0.10   -25.9 0.2   -64.0 0.1 17.23 17.26 17.15 
J0840+3254  710267950150378240 130.11131  32.90017  10.29 0.74   -12.9 1.2     6.1 0.6 19.99 20.34 19.29 
J0840+1518  657673498630210176 130.11245  15.31115  11.05 0.28    -6.9 0.5   -44.5 0.3 18.79 19.04 18.35 
J0840+3714  909928404076399744 130.19260  37.23968  13.34 0.30   -13.9 0.5     3.6 0.4 18.53 18.74 18.10 
J0841+0223 3079104660578372480 130.48229   2.39710  10.61 0.31    11.3 0.5   -74.2 0.3 18.80 18.97 18.44 
J0842+6017 1040892574090944768 130.50246  60.29815  13.23 0.33   -33.6 0.4    25.1 0.3 18.98 19.41 18.43 
J0842-0222 3072348715677121280 130.56228  -2.37407  16.31 0.07   -72.8 0.1     8.6 0.1 16.03 15.86 16.20 
J0842+1406  609236712891803264 130.59625  14.10409  10.09 0.21   -60.1 0.4  -120.9 0.2 18.22 18.37 17.97 
J0842+5959 1040866941726072064 130.62487  59.99130  12.00 0.24   -14.6 0.3   -87.0 0.3 18.86 19.10 18.44 
J0842+3424  717203467636317056 130.71756  34.40602  10.20 0.08   -64.4 0.1   -44.2 0.1 16.28 16.17 16.41 
J0842+2300  665392383790872192 130.72087  23.00670  12.90 0.05   -21.6 0.1   -86.5 0.0 14.43 14.26 14.67 
J0842+2409  690287663506579328 130.73954  24.15835  26.18 0.11  -104.0 0.2   -50.8 0.1 17.05 17.37 16.55 
J0843+5414 1030381796981255936 130.83866  54.23898  10.93 0.17  -196.5 0.3  -149.8 0.2 18.27 18.45 17.89 
J0843+0002 3075067700558242176 130.86217   0.03867  11.22 0.22   -28.7 0.4    33.4 0.3 18.21 18.27 18.01 
J0843+2602  691116660913783936 130.99683  26.04883  18.35 0.07  -114.1 0.1   -50.8 0.1 14.80 14.66 14.93 
J0844+1035  598769843231677056 131.21832  10.59406  11.66 0.24   -63.3 0.4   119.0 0.3 18.66 18.85 18.18 
J0844+4536  917321936874346880 131.24053  45.60835  15.96 0.08   -58.2 0.1  -185.6 0.1 15.91 15.99 15.72 
J0845+3214  710026160671981440 131.36450  32.23909  11.35 0.16    79.9 0.2    50.0 0.1 17.55 17.61 17.15 
J0845+6143 1042192506072573312 131.38109  61.72665  13.08 0.11    57.1 0.2   -44.1 0.2 17.46 17.51 17.25 
J0846+6352 1044109229717304064 131.61667  63.87207  15.33 0.10    13.4 0.1   -45.1 0.1 17.09 17.19 16.84 
J0846+2940  706092898340402432 131.72521  29.68287  10.72 0.57     8.2 0.9     8.8 0.6 19.65 20.01 19.08 
J0846+0514  582729312907277568 131.72663   5.23418  12.45 0.31   -54.6 0.5    13.3 0.4 18.30 18.55 17.87 
J0847+3210  707022569781407104 131.77253  32.17646  11.00 0.68   139.9 1.1  -195.9 1.1 19.91 20.35 19.18 
J0847+1313  608311336417663616 131.82952  13.22754  10.80 0.71   -12.0 1.3   -51.0 0.6 20.07 20.59 19.29 
J0847+1830  660222170879118208 131.95493  18.50425  13.68 0.12   -42.0 0.2  -144.7 0.1 17.07 17.08 16.90 
J0848-0036 3074211494533081344 132.04544  -0.61547  11.23 0.87   -95.0 1.4   -67.7 0.8 19.82 20.45 19.07 
J0848+3548  717762977319125632 132.20576  35.81604  11.20 0.23   -38.0 0.3   -22.0 0.2 18.09 18.16 17.85 
J0849+4439  914211487199415680 132.25565  44.65940  22.11 0.33  -197.5 0.8  -115.5 0.7 17.64 17.93 17.20 
J0849+1827  660212752014880256 132.27156  18.45821  11.32 0.25   -24.4 0.5  -127.6 0.3 18.75 18.90 18.30 
J0849+5942 1040991259555635328 132.27577  59.70199  14.79 0.16    94.1 0.2  -158.2 0.2 18.13 18.39 17.67 
J0849+3429  716504796716020352 132.28884  34.49663  32.37 0.05  -124.6 0.1     7.7 0.1 15.59 15.72 15.29 
J0849-0005 3074640299772139008 132.30676  -0.09466  12.69 0.61  -204.8 1.1   -81.8 0.6 19.95 20.54 19.18 
J0849+3319  716112442863454464 132.45232  33.32351  21.90 0.09   -61.2 0.1   -26.4 0.1 16.45 16.58 16.17 
J0849+0923  597646245427109376 132.45681   9.39809  10.11 0.13    12.3 0.2   -20.8 0.1 17.67 17.76 17.47 
J0849-0156 3073747187092773632 132.48991  -1.93758  35.81 0.09    92.9 0.2  -187.6 0.1 17.14 17.64 16.47 
J0850+4505 1010300965150157824 132.50415  45.09913  17.27 0.39    87.5 0.6  -109.1 0.5 19.04 19.47 18.33 
J0850+3600  717044652628561408 132.59411  36.00614  12.24 0.61     1.8 0.8   -98.1 0.5 19.85 20.39 19.06 
J0850+1956  661504265860547200 132.69322  19.93939  15.09 0.40  -147.2 0.6    84.0 0.4 19.43 19.93 18.62 
J0851+1543  609898313949732608 132.75086  15.71694  10.40 0.25   -34.4 0.4   -67.7 0.3 18.84 19.02 18.49 
J0851+1201  604972428842238080 132.77525  12.03266  12.87 0.10   -95.5 0.2   -26.2 0.1 17.06 17.06 17.02 
J0851+5426 1029968414968983424 132.89157  54.43345  13.14 0.15    13.2 0.2   -49.8 0.2 17.61 17.63 17.45 
J0851+1624  611645983387812992 132.91688  16.41445  32.39 0.08  -411.2 0.1  -151.8 0.1 16.61 16.90 16.15 
J0852+3209  712789886226437632 133.13243  32.16235  16.46 0.22  -126.9 0.3  -120.1 0.2 18.03 18.34 17.60 
J0852-0144 5764001760847057280 133.18564  -1.73414  12.64 0.35   -51.8 0.6    -5.2 0.5 18.68 18.89 18.28 
J0852+1850  660431181166277120 133.22889  18.83685  10.20 0.15  -108.6 0.2   -78.3 0.2 17.85 17.95 17.58 
J0853+4026  912559466682042240 133.42141  40.44297  11.25 0.49   -19.1 0.6  -113.1 0.5 19.41 19.78 18.86 
J0853-0137 5764027015254831488 133.43311  -1.62446  10.24 0.29   -95.0 0.5    31.0 0.3 18.96 19.26 18.53 
J0853+4118  912665947516962560 133.44073  41.31430  17.88 0.29  -128.0 0.4   102.8 0.3 18.81 19.19 18.28 
J0854+3915  719903902553512704 133.53791  39.25126  10.81 0.08   -29.1 0.1    17.4 0.1 15.57 15.51 15.54 
J0854+1019  597819555947490432 133.61610  10.31909  12.53 0.37   -45.8 0.6   -56.6 0.4 19.16 19.65 18.51 
J0854+3503  716743042845256576 133.67989  35.06404  18.63 0.46  -146.9 1.0  -176.1 0.9 19.53 20.01 18.74 
J0854+2926  705484593532621952 133.72725  29.44496  16.60 0.30   100.9 0.4    10.1 0.3 18.69 19.19 18.07 
J0854+2752  692904776058392064 133.74399  27.87354  15.19 0.18   -78.0 0.3   -71.4 0.2 17.50 17.68 17.13 
J0855+0639  584402318633098624 133.77707   6.65150  13.08 0.19  -144.4 0.3    52.7 0.2 17.74 17.83 17.47 
J0855+4831 1014142383899931392 133.86399  48.51940  12.99 0.37  -130.6 0.5  -251.4 0.6 19.17 19.43 18.62 
J0855+3700  718682620012682112 133.95851  37.00428  19.09 0.13   143.4 0.2   -88.8 0.1 17.51 17.89 16.96 
J0856+1611  611401999180118528 134.07880  16.18424  13.74 0.08   -32.4 0.1   -30.8 0.1 15.62 15.47 15.73 
J0856+6206 1042926292644833024 134.08057  62.10905  13.49 0.09    -8.4 0.1    17.4 0.2 16.98 16.96 16.96 
J0856+2540  691608584991130752 134.09818  25.66885  18.01 0.38   -18.2 0.5   -55.5 0.4 18.56 18.99 17.86 
J0856+0318  578452448897807616 134.14791   3.30352  14.75 0.45    15.9 0.9   -42.1 0.6 19.02 19.47 18.40 
J0856+0318  578452453193409920 134.14901   3.30495  14.72 0.27    19.4 0.5   -43.4 0.3 18.63 19.00 18.09 
J0856+2534  691604221304319744 134.20675  25.57799  11.07 0.27   -57.9 0.3   -25.8 0.2 17.57 17.55 17.45 
J0857+4150  912788233820354560 134.29258  41.83439  11.57 0.33   -97.8 0.4  -121.0 0.3 18.69 18.82 18.35 
J0857+4016  720353602808918016 134.37705  40.26947  13.68 0.07    28.9 0.1  -189.8 0.1 14.83 14.67 15.03 
J0857+6308 1043885758275341184 134.42139  63.14303  10.75 0.10   -19.1 0.1    -3.0 0.2 17.57 17.57 17.44 
J0857+1808  612262122214240512 134.45687  18.13389  19.07 0.15    19.8 0.2   -45.4 0.1 17.14 17.34 16.77 
J0857+3901  719707193051500928 134.46955  39.03310  14.38 0.21   -33.4 0.3   -86.3 0.2 17.94 18.15 17.52 
J0857+2542  691600338653939328 134.49019  25.70199  15.69 0.40    14.5 0.4   -35.8 0.2 18.13 18.36 17.66 
J0858+3428  713654106662213504 134.54061  34.48034  10.34 0.36    25.0 0.5   -63.2 0.4 19.08 19.31 18.52 
J0858+4126  912718071240545152 134.62809  41.44164  26.13 0.09   -92.4 0.1  -376.6 0.1 16.87 17.04 16.54 
J0858+0543  583533124626862464 134.63713   5.72503  10.61 0.07    -5.1 0.1   -27.7 0.1 16.22 16.15 16.29 
J0859-0058 5764485618978306176 134.80449  -0.97909  54.73 0.07   156.3 0.1  -119.6 0.1 16.12 16.60 15.48 
J0859+3257  712888090655562624 134.80964  32.95336  43.36 0.05  -325.6 0.1    -3.6 0.1 15.09 15.06 14.98 
J0859+5934 1038018828652951296 134.83720  59.56722  13.19 0.35   -11.3 0.4   -43.1 0.4 19.17 19.59 18.49 
J0859+5403 1017803276584446336 134.84256  54.06265  12.04 0.41    28.8 0.5    26.1 0.5 19.24 19.79 18.59 
J0859+6016 1038076351151065088 134.89712  60.26918  23.94 0.07  -276.6 0.1  -457.9 0.1 16.30 16.38 16.08 
J0900-0008 5764602334714811904 135.02662  -0.14770  10.30 0.36    39.1 0.6   -30.9 0.4 19.07 19.31 18.72 
J0901+3037  711612103114782592 135.28700  30.62747  10.37 0.41   -68.3 0.6   -31.0 0.4 19.04 19.18 18.63 
J0901-0141 5764107760640582656 135.31003  -1.68405  12.20 0.18   -46.9 0.3   -77.2 0.4 17.97 18.12 17.71 
J0901+1551  610478649930041856 135.38883  15.86234  11.77 0.06   -98.2 0.1    80.5 0.1 15.80 15.73 15.91 
J0901+3607  715357559411376128 135.45221  36.11806  29.46 0.05  -100.3 0.1  -177.4 0.1 14.58 14.56 14.57 
J0901+4946 1015799828959492352 135.45388  49.78057  11.06 0.40    97.5 0.6    85.7 0.5 19.55 19.91 18.94 
J0901+2244  686288018160731520 135.45709  22.74672  20.59 0.28    33.1 0.6   -68.9 0.5 18.65 19.25 17.92 
J0901+2936  699487479157292288 135.46626  29.60934  11.37 0.51   -14.3 0.6   -18.1 0.5 19.17 19.55 18.64 
J0902+2010  684598618544000384 135.53531  20.17957  25.92 0.17    95.6 0.3  -329.6 0.2 17.81 18.42 16.98 
J0902+6503 1044511002434919936 135.63423  65.05659  12.05 0.19   -14.3 0.2  -224.8 0.3 18.49 18.63 18.13 
J0902+5630 1036295206737529856 135.68289  56.50812  10.76 0.30   -74.7 0.4  -221.1 0.5 18.98 19.37 18.29 
J0903+0838  585164761227127424 135.76851   8.63732  18.98 0.21    70.8 0.4   -96.8 0.2 18.32 18.70 17.72 
J0903+2444  688314207636275328 135.82082  24.73513  10.27 0.22   -40.4 0.3   -54.4 0.2 17.70 17.76 17.52 
J0903+2012  636651837034002944 135.82725  20.21211  17.93 0.12    -5.8 0.2  -204.9 0.1 16.91 17.07 16.59 
J0903+1626  610896872370416128 135.83796  16.43840  15.81 0.51   -42.5 0.9   -65.5 0.5 19.66 20.17 18.86 
J0903+2139  685402357248747648 135.83994  21.66419  11.67 0.26  -158.3 0.4   -85.2 0.4 18.40 18.46 18.08 
J0903+1400  606956776747174016 135.88033  14.01364  10.54 0.09    -7.1 0.1    -3.3 0.1 16.27 16.15 16.31 
J0904+1349  606938634805314816 136.01131  13.82074  17.75 0.07  -115.6 0.1   -22.2 0.1 16.12 16.16 15.98 
J0904+1349  606938634805314944 136.01141  13.81970  17.82 0.08  -115.2 0.1   -26.8 0.1 16.62 16.71 16.37 
J0904+3403  713438705462521728 136.02795  34.06379  21.20 0.21  -183.0 0.3  -285.5 0.3 18.16 18.63 17.57 
J0904+0211  577342113952420224 136.05783   2.19501  14.36 0.27   118.3 0.5  -142.8 0.4 18.60 18.86 18.15 
J0904+4952 1015768939554753920 136.15161  49.88184  11.77 0.32    42.2 0.5  -292.6 0.4 19.11 19.42 18.55 
J0904+3017  699628147926656768 136.15265  30.29056  12.68 0.22   120.5 0.3   -79.3 0.2 18.10 18.28 17.69 
J0905+1124  604127802048700032 136.29073  11.40072  11.00 0.24   -25.9 0.4   -55.0 0.2 18.59 18.80 18.25 
J0905+4727 1012271221268203136 136.29912  47.45167  24.12 0.30   -93.5 0.4   -93.4 0.4 18.77 19.46 17.93 
J0905-0154 5763373596110853248 136.30159  -1.91489  11.75 0.22    15.0 0.4   106.4 0.5 18.32 18.56 17.93 
J0905+0904  591207406550605312 136.31222   9.07315  16.79 0.08   178.6 0.1  -256.9 0.1 16.69 16.72 16.54 
J0905+3653  715502037814544384 136.32544  36.89375  10.46 0.41    -7.8 0.7   -26.7 0.7 19.05 19.24 18.72 
J0905+5143 1016617865610081152 136.35498  51.72286  13.29 0.17    15.0 0.2     7.1 0.2 18.06 18.15 17.79 
J0905-0220 5763341263596849920 136.38957  -2.34579  10.31 0.47   -41.1 0.7    -5.6 0.8 19.33 19.66 18.68 
J0905+2315  685671909396428544 136.45002  23.26140  10.37 0.43  -115.1 0.7   -12.4 0.6 19.22 19.48 18.64 
J0905+1625  610906974133485056 136.48199  16.41886  19.97 0.41   -93.3 0.7  -156.1 0.5 19.11 19.59 18.37 
J0906+0122  577026966432521088 136.54419   1.37331  10.71 0.37   -71.3 0.8    44.2 0.5 19.12 19.27 18.82 
J0906+1850  636189900416251136 136.60468  18.84929  12.68 0.42   147.2 0.7   -71.2 0.5 19.41 19.58 18.87 
J0906+4702 1012210992942502144 136.63345  47.04315  11.65 0.42  -110.5 0.7   -38.5 0.5 19.50 20.02 18.77 
J0906+2440  688157703323842944 136.65724  24.66730  10.14 0.13     3.0 0.3   -48.3 0.3 16.95 16.96 16.89 
J0906+0700  583995091309178624 136.66079   7.01646  13.02 0.09     1.4 0.2   -36.4 0.3 15.44 15.35 15.57 
J0906+0128  577035178410047616 136.66356   1.46869  10.27 0.33    15.5 0.6   -86.7 0.4 18.87 19.00 18.45 
J0907+3643  715437789400182016 136.80153  36.72148  19.36 0.08    -1.8 0.1   -91.2 0.1 16.66 16.74 16.47 
J0907+1042  592019425952313600 136.80582  10.71321  12.15 0.12    -9.9 0.2   -45.9 0.1 17.57 17.69 17.27 
J0907+5138 1016560970179771264 136.87129  51.63462  10.14 0.24     6.6 0.3   -63.8 0.3 18.53 18.65 18.22 
J0907+2736  692134636881870208 136.87654  27.60750  12.06 0.31    52.5 0.4  -132.6 0.3 17.95 18.05 17.60 
J0907+2739  692134843040270080 136.89261  27.65085  13.41 0.16   -38.2 0.2   -24.0 0.1 16.26 16.18 16.22 
J0907+2013  636607989713082880 136.93764  20.21676  12.87 0.70    21.2 1.2   -27.0 1.1 19.91 20.33 19.25 
J0907+2733  692130376274309376 136.99214  27.55503  11.24 0.15   -90.3 0.2   -51.6 0.1 16.73 16.75 16.67 
J0908+1721  611074413433751680 137.14244  17.36213  30.65 0.08  -192.6 0.1  -312.6 0.1 16.61 17.04 15.93 
J0909+4700 1011466005095102464 137.31001  47.00417  16.11 0.30  -118.8 0.4  -182.8 0.4 18.76 19.13 18.14 
J0909+6019 1039435691120199936 137.42520  60.32453  21.03 0.05    14.9 0.1    13.7 0.1 16.27 16.34 16.07 
J0909+0828  590316282441032704 137.46884   8.47776  10.30 0.32    50.9 0.5   -76.4 0.4 18.77 18.99 18.29 
J0910+2554  688818750329816192 137.50556  25.91186  16.17 0.38  -195.5 0.6  -323.4 0.5 19.05 19.46 18.45 
J0910+3744  716010802461047552 137.64865  37.74826  14.18 1.23  -133.4 2.4   -92.2 2.5 20.56 21.18 19.68 
J0910+2156  685295640197734528 137.65609  21.93689  19.96 0.13   219.4 0.2  -203.3 0.1 17.26 17.58 16.72 
J0911+1515  607535218647587328 137.80082  15.26256  17.58 0.36    63.3 0.5  -151.1 0.5 18.66 19.22 18.00 
J0911+1640  607977291041540608 137.83415  16.67255  14.23 0.37   -67.7 1.1    11.6 0.6 19.15 19.46 18.57 
J0911-0012 3842126835031738368 137.90228  -0.21589  16.80 0.19    59.8 0.3   -36.9 0.2 17.77 18.06 17.32 
J0911+1354  606216148291719680 137.98398  13.91010  12.95 0.14   -73.0 0.2    36.8 0.2 16.95 17.02 16.80 
J0912+2538  688606063549945600 138.06870  25.63910  26.46 0.10    57.4 0.1  -104.7 0.1 16.65 16.86 16.25 
J0912+3903  815163352304154496 138.09353  39.05171  11.77 0.48   -95.7 0.7  -130.6 0.9 19.24 19.57 18.61 
J0912+4426  817371412171264512 138.09907  44.43759  13.35 0.40   -63.2 0.6   -72.5 0.6 19.38 19.96 18.61 
J0912+2730  695066274182696960 138.12080  27.51323  12.60 0.62    55.9 0.7     7.6 0.5 19.46 19.82 18.96 
J0912+0808  590183142750379136 138.14621   8.13744  15.81 0.19   -63.7 0.3   -97.1 0.3 17.84 18.02 17.49 
J0912-0221 3838571117511435392 138.16651  -2.35648  14.78 0.17   -65.1 0.3  -198.1 0.3 17.87 18.12 17.48 
J0912+1951  636732410620758016 138.18727  19.86458  29.41 0.18   -98.0 0.5  -222.2 0.6 17.51 17.97 16.89 
J0912+2251  686867284694206336 138.19936  22.86475  22.16 0.25  -100.5 0.4  -130.5 0.3 18.16 18.66 17.46 
J0912+1847  635472537799028096 138.21703  18.78647  11.73 0.69  -270.1 1.0  -207.0 0.6 19.55 20.08 18.83 
J0913+5933 1038500174228188416 138.30116  59.55830  12.81 0.23   -92.9 0.3   -61.9 0.3 18.51 18.70 18.13 
J0913+4434  818833831355548928 138.40209  44.56813  12.54 0.47    89.3 0.6    -8.5 0.6 19.66 20.12 18.92 
J0913+0112 3843483151343659776 138.42026   1.21117  14.68 0.20  -187.0 0.3    -4.9 0.3 18.10 18.27 17.77 
J0913+3441  714097617868691328 138.42348  34.69269  14.31 0.43  -118.1 0.6   -43.4 0.4 19.28 19.78 18.57 
J0913+3116  699920381797443712 138.42487  31.26923  18.17 0.44   186.5 0.5   -73.0 0.3 18.49 18.86 17.99 
J0913+6205 1040160612880069888 138.47475  62.09961  31.75 0.08    -5.6 0.1  -200.1 0.1 16.86 17.21 16.35 
J0913+4047  815429197896495104 138.48587  40.79283  17.98 0.12  -190.7 0.2   -35.3 0.1 17.19 17.38 16.83 
J0915+2553  688672236110081536 138.83745  25.89332  13.87 0.38    34.7 0.6   -49.7 0.4 18.97 19.36 18.35 
J0915+6456 1067716813812705280 138.87995  64.94534  10.35 0.27   -84.6 0.3   -71.6 0.6 18.06 18.11 17.72 
J0915+6631 1068706339918614016 138.93269  66.52159  12.69 0.12   -12.2 0.1   -22.2 0.2 17.77 17.86 17.48 
J0915+5325 1022780838737369216 138.97581  53.41847  97.29 0.04 -1086.5 0.1 -1121.3 0.1 13.79 13.92 13.52 
J0916+2259  638935758908460288 139.00707  22.99641  18.46 0.27  -172.8 0.5   -24.2 0.5 18.15 18.44 17.64 
J0916+1011  591040864898749312 139.01194  10.18595  25.77 0.07   169.9 0.1   -81.7 0.1 15.76 15.81 15.62 
J0916+0548  579835153490062976 139.08369   5.80058  17.53 0.13   -19.6 0.3   -44.0 0.2 17.64 17.90 17.22 
J0916+2540  687914432080614528 139.08954  25.67400  21.61 0.18   158.6 0.2  -173.4 0.2 17.65 18.12 17.07 
J0916+3855  812202337427426304 139.14593  38.92932  11.18 0.09   -43.1 0.1   -50.2 0.1 16.64 16.61 16.62 
J0916+4359  818602457173176192 139.16985  43.99373  29.83 0.05     4.9 0.1  -268.9 0.1 15.33 15.41 15.13 
J0918+2428  687576710212105856 139.61775  24.47324  12.30 0.56  -208.1 0.8    23.9 0.5 19.33 19.84 18.56 
J0918+3737  811059120212556416 139.65592  37.62191  10.23 0.47   -23.7 0.8   -66.5 0.8 19.35 19.53 19.01 
J0918+1057  592605431290049152 139.65686  10.96537  19.24 0.21  -281.4 0.4  -197.7 0.4 18.22 18.71 17.59 
J0918+0124 3844228070471625216 139.69617   1.40272  10.08 0.32   -64.5 0.5   -75.7 0.4 19.00 19.16 18.57 
J0918+5224 1022470261063639808 139.72929  52.41463  13.76 0.06    -0.8 0.1   -29.8 0.1 15.56 15.48 15.67 
J0919+2840  695630598526264960 139.89978  28.67988  12.07 0.54     8.3 0.6  -131.8 0.4 19.05 19.39 18.43 
J0919+0113 3844209481853063296 139.95436   1.23060  16.15 0.21   134.3 0.3  -195.9 0.2 18.01 18.28 17.53 
J0920+0209 3845116029189633280 140.00387   2.16510  10.70 0.26    58.9 0.4  -116.8 0.4 18.58 18.80 18.18 
J0920+6521 1067799822645432192 140.01129  65.36659  10.03 0.07    23.7 0.1    12.6 0.1 16.40 16.26 16.58 
J0920+1935  635777617916154368 140.18386  19.59262  14.90 0.30   -86.9 0.4   -88.3 0.3 18.16 18.41 17.70 
J0921+3609  810719091945103616 140.33000  36.15586  12.15 0.35   -50.9 0.5  -158.3 0.4 19.06 19.33 18.48 
J0921+5935 1038360708050042496 140.45532  59.59721  11.39 0.32  -112.9 0.5  -163.3 0.4 19.11 19.37 18.63 
J0922+3911  812367843990691840 140.52059  39.19577  14.97 0.57  -144.5 0.8     4.2 0.8 19.63 20.22 18.78 
J0922+4125  812885610888282880 140.52793  41.41908  10.40 0.35    -1.2 0.4   -33.5 0.4 18.60 18.83 18.15 
J0922+0504  585488567401589248 140.55515   5.07711  19.52 0.16  -251.5 0.3   -45.3 0.2 17.98 18.34 17.44 
J0922+2121  637716641031134848 140.64256  21.36192  12.84 0.33    58.9 0.9     1.3 1.0 18.35 18.53 18.00 
J0922+2628  694006757290271360 140.66822  26.47588  10.76 0.33   -33.1 0.5   -30.2 0.4 18.47 18.56 18.10 
J0922+5956 1038928502726153984 140.68465  59.94851  12.57 0.44   154.8 0.7    41.2 0.8 19.61 20.00 18.90 
J0922+5244 1019874314110122368 140.71688  52.74571  11.34 0.07   -45.2 0.1  -127.7 0.1 16.25 16.20 16.30 
J0922+0103 3843957354387777152 140.73347   1.05162  30.80 0.08   -32.4 0.1  -278.6 0.1 16.51 16.79 16.07 
J0923+4819 1011870071322756096 140.75359  48.31907  13.47 0.22   -38.8 0.3   -62.0 0.3 18.38 18.59 18.03 
J0923+0105 3844051225193053440 140.82106   1.08626  15.18 0.19   -69.2 0.3  -169.7 0.3 18.00 18.08 17.68 
J0923+6427 1067421801098857728 140.83571  64.46636  16.37 0.23  -182.7 0.2  -309.8 0.4 18.76 19.22 18.13 
J0923+0559  585700189030449920 140.86234   5.98445  12.96 0.19    54.8 0.3  -135.9 0.3 17.54 17.85 17.02 
J0923+2413  639439884989423616 140.94724  24.21791  12.08 0.28  -121.1 0.4    77.1 0.3 18.40 18.48 18.06 
J0923+1648  631422383638520832 140.99013  16.80270  10.24 0.41   -19.4 1.0   -51.1 1.2 18.79 19.06 18.29 
J0924+5006 1018214665731836032 141.01379  50.10743  13.49 0.24    35.8 0.3   -55.3 0.4 18.63 18.94 18.05 
J0924+3516  798566915774818176 141.06277  35.28094  17.39 0.08  -145.3 0.1    -0.0 0.1 15.56 15.54 15.56 
J0924+0521  585513959248023936 141.13811   5.35156  12.37 0.30  -100.3 0.6   -89.0 0.8 18.66 18.93 18.20 
J0924+2107  637527525030988160 141.24715  21.12114  14.27 0.30  -113.5 0.5   -30.3 0.4 18.37 18.63 17.93 
J0925+5834 1026249243872649856 141.32658  58.57270  10.66 0.23    87.8 0.3  -161.1 0.4 19.01 19.34 18.51 
J0925+0018 3840846114438361984 141.38007   0.30407  15.01 0.46   -70.4 0.8  -575.1 0.7 19.25 19.69 18.53 
J0925+6120 1039163458912998272 141.42923  61.33711  36.40 0.03    82.7 0.0    48.9 0.1 14.94 15.04 14.69 
J0925+3539  798602271945568256 141.46537  35.66638  14.54 0.20     8.8 0.4  -104.0 0.5 17.69 17.87 17.36 
J0925+3539  798602267650286464 141.46570  35.66557  13.68 0.40    10.1 0.8  -108.3 0.9 18.80 19.25 18.19 
J0926+4725  819574013135499776 141.55582  47.42227  10.70 0.25   -41.0 0.3   -66.6 0.3 18.27 18.37 17.96 
J0926+3642  810799665531428608 141.59118  36.70235  11.55 0.38   -29.4 0.4  -100.8 0.4 18.98 19.20 18.49 
J0926+1932  634225902066816640 141.63630  19.53615  14.61 0.17   -56.3 0.2    23.7 0.2 17.38 17.51 17.06 
J0927+3900  811655223016756608 141.78655  39.00034  11.44 0.71   -99.7 0.9    37.1 0.8 19.45 19.75 18.84 
J0927+4852 1017868869324495488 141.82203  48.87567  12.50 0.52   217.7 0.7   -73.4 0.6 19.67 20.24 18.88 
J0927+0028 3840946062621774592 141.85005   0.47977  10.39 0.31    46.8 0.5   -29.5 0.5 18.73 18.90 18.44 
J0927+5824 1026185403478262912 141.85740  58.40036  11.19 0.34    54.0 0.5   -34.2 0.5 19.40 19.85 18.77 
J0927+0947  589285627728700160 141.89281   9.78641  11.54 0.14   -38.9 0.3   -34.7 0.2 17.80 17.83 17.71 
J0927+0207 3844512328587119616 141.94099   2.11988  10.54 0.30   -31.3 0.4   -35.4 0.4 18.75 18.94 18.39 
J0928+4300  814576110016081920 142.00541  43.00519  14.56 0.37  -242.2 0.5  -123.7 0.7 19.24 19.75 18.50 
J0928+6049 1039078998380506880 142.01664  60.81781  11.23 0.72    64.3 1.3    54.2 1.5 20.46 20.65 20.04 
J0928+1937  634307433430523648 142.04486  19.61963  12.64 0.30    75.7 0.5   -31.2 0.4 18.48 18.68 18.09 
J0928+3737  811237923994639744 142.08071  37.62425  11.37 0.32    -8.6 0.4   -52.9 0.3 18.74 18.88 18.38 
J0928+3622  798742730259141376 142.10816  36.38003  16.45 0.13    34.4 0.2  -102.5 0.2 17.42 17.52 17.17 
J0928+1458  618571635330439040 142.14093  14.97469  22.36 0.26  -231.3 0.6  -142.2 0.9 18.08 18.41 17.53 
J0928+1841  633911196927706880 142.16832  18.68642  27.62 0.11   157.8 0.2  -248.0 0.1 16.55 16.68 16.27 
J0929+3310  701307621874580864 142.28740  33.16984  11.01 0.32   -54.0 0.4   -22.3 0.3 18.44 18.63 17.91 
J0929+6649 1068317142866278016 142.39774  66.82196  10.32 0.27   -64.1 0.4   -39.5 0.4 19.21 19.51 18.71 
J0929+0537 3852194891207625344 142.40061   5.61686  16.54 0.24   105.1 0.5    34.2 0.4 18.48 18.86 17.93 
J0929+0453 3851943584081217408 142.45198   4.89160  16.18 0.39    37.1 0.7    53.8 0.6 19.27 19.74 18.58 
J0930+0628  586075122495366400 142.57279   6.47487  17.53 0.46   -63.0 1.1    51.9 1.5 18.71 18.90 18.30 
J0930+5033 1018659143306715392 142.60951  50.56117  13.89 0.46  -224.4 0.7  -353.8 0.6 19.48 19.96 18.65 
J0930+5941 1038689805623461376 142.61405  59.69724  11.07 0.14    60.9 0.2    21.5 0.2 17.86 17.88 17.71 
J0930+5645 1025090152458148096 142.63351  56.75147  15.35 0.37   -71.1 0.6  -218.8 0.5 19.13 19.68 18.37 
J0930+3845  811435114533149056 142.63587  38.76277  10.54 0.33    -5.0 0.4  -152.6 0.4 18.79 19.00 18.26 
J0931+2100  634839219101579136 142.79310  21.00121  11.89 0.34    31.9 0.5   -36.8 0.4 18.88 19.09 18.39 
J0931+1312  617329255911052416 142.91878  13.20289  15.91 0.33  -206.1 0.4    23.4 0.5 18.35 18.86 17.76 
J0932+1250  617094132222221824 143.15115  12.83858  10.69 0.74   -54.0 1.3  -294.9 1.4 19.86 20.43 19.15 
J0933+4243  814676062494786816 143.39335  42.73138  10.43 0.43  -225.6 0.5   -17.2 0.5 19.39 19.68 18.94 
J0933+3743  799278226781362048 143.44051  37.73011  14.16 0.23   134.1 0.3  -114.8 0.3 18.56 18.91 18.03 
J0933+4359  815084565424733824 143.49909  43.99146  11.30 0.56  -137.1 0.7     8.7 0.7 19.59 19.98 18.95 
J0934+5637 1025040880593486720 143.52982  56.62247  11.39 0.23    69.5 0.3   -51.6 0.4 18.89 19.08 18.47 
J0934+1910  633295848373672320 143.68073  19.16758  15.49 0.14   -25.1 0.2     7.8 0.1 16.59 16.66 16.44 
J0935+4606  824451339341466496 143.76187  46.10799  12.58 0.26  -120.0 0.3    -2.9 0.3 18.87 19.20 18.33 
J0935+0900  588191824112710272 143.81640   9.00233  10.27 0.70    16.0 1.3  -102.3 1.5 19.72 20.05 19.11 
J0936+8221 1145020139172129536 144.01452  82.35182  11.76 0.07   -47.3 0.1    17.4 0.1 17.13 17.18 16.98 
J0936+0428 3851443134492197888 144.03157   4.47644  10.37 0.35    48.8 0.5   -50.3 0.4 19.10 19.31 18.61 
J0936+0747  587767202170593536 144.04472   7.78386  12.14 0.16   -86.1 0.5   -18.8 0.8 17.36 17.44 17.13 
J0937+2854  696016634481430912 144.43536  28.91098  17.69 0.09  -120.4 0.1   -49.5 0.1 15.53 15.44 15.39 
J0938+2758  647899806626643200 144.52960  27.97225  11.14 0.17    -9.0 0.2     6.1 0.2 17.09 17.08 17.07 
J0938+0711 3854286918237953536 144.58238   7.19770  10.07 0.51   -80.3 0.8    10.0 0.8 18.80 18.95 18.44 
J0938+5412 1021408850089922560 144.67470  54.21609  11.05 0.16   -49.3 0.2   -29.4 0.4 18.06 18.10 17.84 
J0938+2421  644705171296887552 144.74667  24.35929  14.58 0.49   121.7 0.7  -156.6 0.5 19.22 19.84 18.42 
J0939+6018 1050825733935333376 144.77849  60.31586  11.18 0.16   -94.7 0.2  -127.8 0.3 18.10 18.26 17.78 
J0939+4951  826275295988399232 144.87963  49.86335  29.23 0.11  -389.4 0.1   -13.4 0.2 17.25 17.53 16.77 
J0939+5911 1026514226174393344 144.90043  59.19556  10.64 0.26  -145.3 0.4  -110.1 0.4 19.14 19.32 18.67 
J0939+5201 1020158400426591872 144.90667  52.02853  13.59 0.11   -46.9 0.2   -46.6 0.2 17.17 17.19 17.02 
J0940+0210 3847322577227869952 145.01900   2.17282  19.23 0.11   -75.3 0.2   -31.7 0.2 17.13 17.25 16.86 
J0940+0906  588349771535238912 145.06155   9.11167  10.96 0.39   147.4 0.5    16.5 0.5 18.60 18.90 18.16 
J0941+2822  648307961663426048 145.26807  28.37382  13.13 0.07  -111.6 0.1   102.7 0.1 15.58 15.51 15.67 
J0941+1923  633537122455925632 145.27345  19.38636  10.36 0.16    -8.1 0.2   -13.0 0.2 17.44 17.43 17.45 
J0941+0716 3854183431001210112 145.34232   7.27142  18.92 0.22   -28.7 0.3   -60.9 0.3 17.99 18.29 17.50 
J0941+6511 1064978578888570496 145.37383  65.19221  21.92 0.21   869.3 0.2  -793.4 0.3 18.46 19.07 17.71 
J0941+2300  641502740602215040 145.39517  23.01040  15.03 0.30   -90.7 0.5    -9.0 0.4 18.83 19.24 18.21 
J0941+6506 1064966106303092864 145.42459  65.10907  16.07 0.21   105.5 0.2   -45.8 0.4 18.41 18.80 17.84 
J0942+0117 3846462656056088448 145.51234   1.28628  12.80 0.26   -71.6 0.5   -97.7 0.5 18.78 19.02 18.34 
J0942+1603  619658708733339008 145.51268  16.05728  10.07 0.71    -0.9 1.0   -87.7 0.9 19.70 20.17 19.13 
J0942+6600 1065088220813167744 145.53982  66.01193  10.53 0.19   -71.7 0.2    -9.2 0.3 18.49 18.56 18.21 
J0942+4822  825112523786586240 145.55994  48.37400  10.48 0.32  -111.0 0.5   -39.7 0.4 19.37 19.64 18.79 
J0942+4654  824743882449610752 145.65341  46.91544  15.14 0.08  -114.9 0.1   -91.7 0.2 16.50 16.55 16.35 
J0942+4437  820899298308206208 145.68660  44.62792  12.56 0.25  -140.0 0.3  -188.5 0.5 18.61 19.20 17.87 
J0942+1026  612781160422662016 145.69307  10.43562  12.37 0.47   -73.1 0.6   -27.6 0.6 19.04 19.55 18.53 
J0942+0347 3848159236857539584 145.71253   3.79672  10.02 0.34   -91.9 0.5    -2.1 0.5 18.66 18.77 18.33 
J0943+5134 1020076452450631296 145.82000  51.57703  21.59 0.18   126.4 0.2  -260.5 0.3 18.18 18.72 17.51 
J0944+5944 1050570750316642304 146.09696  59.74478  12.43 0.39    82.6 0.7   -73.1 0.5 19.63 19.98 18.94 
J0944+4407  820169737983275904 146.14631  44.12366  11.20 0.27  -106.1 0.5  -123.2 0.5 18.81 18.96 18.41 
J0944+4807  825049851623687296 146.14718  48.12157  15.20 0.18   101.9 0.2    65.9 0.3 18.31 18.55 17.94 
J0944+4015  801407190530270464 146.16044  40.26424  13.01 0.74     8.3 0.7  -170.5 0.8 19.46 19.80 18.91 
J0945+2327  641625576666483584 146.28202  23.45611  16.08 0.12  -190.5 0.2  -102.8 0.2 17.28 17.43 16.93 
J0945+2327  641625576666484480 146.28520  23.45835  15.91 0.14  -189.6 0.2  -102.2 0.2 17.44 17.59 17.07 
J0945+0154 3846557660732848384 146.39348   1.91078  18.53 0.14    84.4 0.2   -51.6 0.2 17.24 17.43 16.90 
J0945+6850 1070129451562454400 146.41721  68.84893  14.10 0.10   137.3 0.1    11.7 0.2 17.60 17.63 17.48 
J0945+4035  801512095107318144 146.46706  40.58579  13.05 0.20   -11.3 0.2  -144.6 0.2 17.99 18.20 17.57 
J0946-0000 3834061470568945280 146.56119  -0.00850  11.33 0.43    23.7 0.7  -156.1 0.8 19.13 19.39 18.57 
J0946+3251  793575201703625984 146.58967  32.85759  22.68 0.10    84.1 0.1  -114.6 0.1 17.06 17.25 16.68 
J0946+6738 1069735341067492224 146.62390  67.64857  12.33 0.16   -16.6 0.2    48.4 0.3 18.21 18.35 17.81 
J0946+1347  614643325098055680 146.63157  13.79338  11.64 0.09   -21.1 0.1    12.0 0.1 16.48 16.39 16.60 
J0946+4354  820105214691139584 146.66279  43.91575  31.29 0.04    -2.5 0.1   286.9 0.1 13.36 13.31 13.43 
J0946+2255  641362724667841536 146.69226  22.92118  10.31 0.36    55.6 0.5    -2.7 0.4 18.69 18.87 18.26 
J0947+4459  820969357814798080 146.84621  44.99702  18.50 0.35    72.2 0.5    43.7 0.5 19.05 19.31 18.67 
J0947+4500  820969357814799872 146.85231  45.00070  18.09 0.31    70.8 0.4    42.4 0.4 18.84 19.39 18.17 
J0947+2601  646514250177090304 146.89417  26.02662  15.75 0.11   -81.1 0.2  -118.3 0.1 16.29 16.30 16.24 
J0948+2023  639665392247496576 147.02479  20.38762  27.24 0.19  -195.9 0.2    10.1 0.2 17.82 18.36 17.16 
J0948+2421  643183348419998336 147.19400  24.35672  27.38 0.07   -70.2 0.1  -108.2 0.1 14.27 14.16 14.41 
J0948+1319  614379236149119360 147.20904  13.32382  18.25 0.21    74.8 0.2  -122.2 0.2 17.26 17.46 16.89 
J0948+1519  616394263005286272 147.22948  15.33079  12.66 0.31    18.9 0.3   -84.4 0.3 18.08 18.20 17.80 
J0948+1232  613553056239392768 147.24055  12.54541  12.43 0.20  -181.7 0.3    32.1 0.3 18.15 18.26 17.79 
J0949-0019 3833982271367482624 147.25568  -0.31968  11.78 0.12    74.0 0.2   -85.1 0.1 16.58 16.60 16.52 
J0949+0244 3847084567320260864 147.44367   2.74109  11.74 0.63    34.0 0.8   -41.0 0.9 19.39 19.83 18.63 
J0950+5315 1020653077580086784 147.56953  53.25397  36.31 0.05  -262.3 0.1   -35.0 0.1 15.13 15.18 14.95 
J0950+0900 3878807333207905536 147.63461   9.00466  11.80 0.94   -35.1 1.6   -66.8 1.3 20.07 20.50 19.28 
J0950+0938 3879148010013223680 147.68680   9.64845  12.36 0.58   -59.8 0.8  -120.4 0.7 19.14 19.53 18.58 
J0950+3640  796546150842518400 147.69903  36.66762  10.49 0.14   -50.4 0.2   -39.4 0.2 16.99 17.02 16.93 
J0950+3219  793309222967482368 147.70601  32.32810  13.99 0.07   -50.6 0.1    -1.4 0.1 15.47 15.32 15.66 
J0951+0104 3834247326684614656 147.75898   1.07558  10.99 0.10   -71.5 0.1   -29.5 0.1 15.76 15.63 15.87 
J0951+4033  807280785942808320 147.83260  40.55616  13.82 0.12   -32.5 0.2   -26.2 0.2 17.51 17.57 17.32 
J0951+1900  627240597321087488 147.83457  19.00236  20.26 0.23   177.1 0.3  -217.3 0.3 17.72 18.04 17.21 
J0951+8039 1132614349476009728 147.86981  80.65260  10.88 0.22   -80.4 0.4   -64.8 0.4 18.94 19.14 18.58 
J0951+8153 1146255612287729280 147.96633  81.88506  10.61 0.29   -79.8 0.5  -100.1 0.5 19.54 19.94 18.87 
J0952+4454  820542992117501952 148.09100  44.90860  16.05 0.09   -10.0 0.1    48.0 0.1 15.93 15.94 15.84 
J0952+0602 3850381865253059328 148.10480   6.04094  13.30 0.35    12.1 0.4   -82.7 0.4 17.94 18.07 17.66 
J0952+3112  745137591330297728 148.15026  31.21342  13.93 0.39   111.2 0.6   -37.9 0.5 19.01 19.48 18.42 
J0952+4807  823393402996648960 148.24056  48.11765  11.56 0.14  -136.5 0.2   -80.5 0.2 17.71 17.83 17.44 
J0952+0731 3853660510143027200 148.24635   7.51835  11.94 0.07    43.7 0.1   -92.0 0.1 15.95 15.87 16.04 
J0953+4522  820663521783083776 148.30167  45.37544  12.91 0.38  -243.7 0.5   -50.2 0.7 19.12 19.45 18.55 
J0954+3046  744878171010647552 148.55482  30.77372  10.26 0.52  -136.1 0.8   -97.9 0.8 19.09 19.33 18.70 
J0954+6022 1050272718241775488 148.69084  60.38183  13.68 0.18  -144.3 0.3  -137.3 0.3 18.40 18.63 18.01 
J0954+6702 1066726497434084864 148.69522  67.03489  39.22 0.05  -239.4 0.1  -154.6 0.1 16.56 16.90 16.06 
J0954+3129  745127553991482368 148.70128  31.49884  10.88 0.22   -94.4 0.3   -13.2 0.2 18.28 18.47 17.90 
J0954+5429 1020868302685710848 148.71117  54.48725  10.76 0.31   -37.4 0.4    36.8 0.5 19.23 19.66 18.67 
J0955+1802  626319721972908288 148.79463  18.03774  12.69 0.09    15.5 0.2   -20.4 0.4 16.37 16.39 16.34 
J0955+5056  826954824238274048 148.90600  50.93496  11.74 0.15   -55.0 0.2   -63.7 0.2 17.95 18.09 17.65 
J0955+2754  743174168505385216 148.93046  27.90127  13.45 0.85    61.9 0.9   -52.8 0.8 19.67 20.31 18.86 
J0955+1746  626112262167369472 148.97047  17.77605  10.58 0.48  -190.6 1.1   -78.6 1.7 19.34 19.64 18.78 
J0955+0406 3848782522511323264 148.98147   4.10532  11.75 1.13  -107.3 0.9    27.0 1.0 19.51 19.77 18.93 
J0955+1815  626329892455217152 148.98545  18.25897  13.06 0.83  -104.1 1.0   -72.0 1.0 19.84 20.27 19.12 
J0956+2114  628141337862068864 149.13508  21.23349  13.08 0.31    28.3 0.4    -0.5 0.4 18.00 18.16 17.80 
J0956+2652  643989938983182080 149.18438  26.87624  11.08 0.56    17.3 0.7  -109.2 0.7 19.90 20.48 19.23 
J0957+0241 3848338216734554112 149.30989   2.69662  12.40 0.61  -179.8 0.8  -108.8 0.8 19.60 20.21 18.84 
J0957+0515 3850056169293341824 149.34367   5.26464  13.23 0.19   -73.6 0.3   -29.5 0.2 17.77 17.92 17.44 
J0957+4745  823153056627033472 149.36834  47.75739  12.57 0.60   -48.2 0.8  -159.1 0.9 20.13 20.62 19.46 
J0958+4345  808268967721645696 149.69202  43.76306  11.60 0.23  -122.8 0.3     1.9 0.4 18.39 18.61 17.98 
J0958+0147 3834721387994870784 149.71074   1.79004  11.58 0.14    59.9 0.1    -2.5 0.1 15.73 15.65 15.85 
J0959+1445  615705144092773376 149.88818  14.76367  14.92 0.21   -96.0 0.4    30.4 0.3 17.73 17.87 17.43 
J0959+2556  643650361688870656 149.89487  25.93871  17.51 0.16    -3.9 0.2    50.1 0.2 16.54 16.55 16.41 
J0959+2513  642837135401004672 149.98908  25.23084  12.82 0.20  -131.8 0.3   -22.5 0.3 18.13 18.28 17.74 
J1000+3930  803280861423538432 150.03396  39.50166  11.40 0.23   -12.3 0.3   -76.0 0.3 18.70 18.88 18.24 
J1000+4236  807222713688595200 150.12118  42.60835  17.70 0.36  -345.6 0.5   -83.8 0.6 18.83 19.29 18.10 
J1000+1231 3881473820703514752 150.20466  12.52687  10.31 0.25   -88.2 0.5   -21.3 0.8 17.70 17.77 17.51 
J1001+3903  803211596486728064 150.26295  39.06060  15.29 0.59  -295.9 0.8  -186.5 0.7 19.84 19.93 19.57 
J1001+2428  642463713764824192 150.31129  24.46677  11.24 0.33    91.1 0.6   -57.2 0.5 18.93 19.15 18.67 
J1001+4656  822352371643412352 150.33108  46.94612  24.30 0.27   -21.6 0.3  -336.6 0.5 18.36 19.03 17.63 
J1001+1441  615733593956317568 150.45417  14.68999  51.53 0.07  -338.7 0.2    11.1 0.3 15.32 15.51 14.97 
J1002+4326  808030648576069760 150.51720  43.44561  28.48 0.19    28.1 0.2  -110.7 0.2 17.79 18.33 17.10 
J1002+2720  739952633796191232 150.60166  27.33354  10.94 0.60    87.0 0.8  -121.8 0.7 19.62 20.01 18.90 
J1002+6108 1050402662475992320 150.60373  61.14811  23.57 0.19  -453.0 0.2  -323.8 0.3 18.49 19.15 17.73 
J1003+3543  795686191013196544 150.81925  35.73169  10.07 0.41  -100.9 0.5   -20.2 0.4 18.56 18.67 18.32 
J1003+0845 3875197155497209472 150.94498   8.76146  12.15 0.40    26.5 0.7   -31.7 0.9 19.23 19.49 18.77 
J1003+5401  852604201427010816 150.98377  54.01754  10.17 0.09  -109.3 0.1  -105.9 0.2 17.26 17.30 17.15 
J1004+1052 3880219037418284160 151.07217  10.87987  10.53 0.44  -148.8 0.7    48.3 0.9 19.11 19.28 18.73 
J1004+3405  747348704918599552 151.09555  34.08677  11.13 0.26   -93.6 0.6   -83.8 0.4 18.82 19.05 18.38 
J1004+2003  626844326458669568 151.17902  20.05505  13.65 0.18     8.3 0.3   -71.6 0.3 18.00 18.09 17.76 
J1005+5354  852433880203843712 151.33682  53.90147  17.90 0.14  -147.4 0.2  -220.5 0.2 17.84 17.99 17.45 
J1005+6335 1053106739526215424 151.41619  63.59281  11.09 0.35  -194.5 0.4  -143.2 0.6 19.40 19.91 18.75 
J1005-0234 3829366074878263168 151.46418  -2.57145  12.18 0.11  -111.2 0.1    46.6 0.1 15.32 15.20 15.47 
J1006+3955  803647514191465600 151.51819  39.93288  12.51 0.46    90.3 0.7   -77.2 0.6 19.49 19.98 18.85 
J1006+0044 3834915417437497088 151.53802   0.73814  12.44 0.15   -48.4 0.2    14.1 0.2 17.51 17.86 16.84 
J1006+0712 3874412413432647680 151.59631   7.20323  18.40 0.10    37.9 0.1   -69.0 0.1 16.01 16.06 15.87 
J1006+0711 3874412413432643328 151.59672   7.19811  18.50 0.34    38.3 0.6   -70.3 0.6 18.67 19.22 17.97 
J1006+6941 1070600145618332160 151.67650  69.69732  11.99 0.05   -17.2 0.1    36.1 0.1 15.98 15.92 16.06 
J1006+4837  823631692078674816 151.74122  48.63207  10.97 0.06   -80.8 0.1   -50.2 0.1 16.20 16.11 16.31 
J1007+3229  745895322345421568 151.76817  32.49625  10.06 0.14   -98.5 0.2   -40.5 0.3 17.75 17.81 17.63 
J1007+1541  621824987157964544 151.83686  15.69268  13.91 0.21  -132.4 0.3    -9.8 0.3 17.54 17.72 17.24 
J1007+1623  621979502901486720 151.99887  16.39706  11.74 0.15  -111.7 0.3   -23.9 0.4 17.74 17.78 17.68 
J1009+3621  801684301820413952 152.25349  36.36563  13.25 0.16    70.1 0.3    -4.8 0.3 17.97 18.23 17.56 
J1009+6358 1053211437944753024 152.40053  63.97668  25.40 0.04  -100.7 0.1   -83.6 0.1 13.76 13.64 13.93 
J1009+0929 3876834259591671040 152.43147   9.49059  19.21 0.30    69.1 0.5   -55.8 0.4 18.65 19.15 17.90 
J1010+6155 1051954485699665280 152.53254  61.92038  11.22 0.22   -36.1 0.2  -158.3 0.3 18.73 18.89 18.25 
J1010+1811  623384098941292672 152.72272  18.19689  10.99 0.13   -78.4 0.2    35.4 0.2 16.41 16.39 16.43 
J1010+4028  803585018126670208 152.72739  40.46957  15.49 0.21  -135.9 0.3    90.4 0.3 18.18 18.47 17.69 
J1011+3727  801851053926004608 152.88263  37.45319  11.68 0.30  -101.2 0.4  -139.8 0.4 18.64 18.82 18.16 
J1011+4958  823804585985883776 152.93771  49.97618  13.08 0.21  -109.2 0.3    -9.6 0.3 18.70 18.96 18.22 
J1011+4649  810478814294621568 152.95326  46.82466  11.01 0.54   -25.5 0.6   -68.7 0.7 19.68 19.97 19.01 
J1011+2647  739253825436690432 152.96315  26.79621  22.40 0.22   130.1 0.3    41.7 0.2 17.74 18.12 17.16 
J1012+5327  851682875106449664 153.00532  53.45488  10.01 0.35   -48.0 0.5   -37.8 0.5 19.40 19.71 18.80 
J1012-0052 3831461159924430080 153.03635  -0.87024  10.42 0.56   -93.8 0.9  -100.9 1.0 19.41 19.77 18.83 
J1012+6116 1051676171819127040 153.09122  61.26738  10.63 0.24  -133.0 0.2  -101.9 0.3 18.86 19.15 18.38 
J1012+0309 3835912017354065920 153.22721   3.16379  11.98 0.22    89.8 0.5    12.5 0.8 17.68 17.99 17.19 
J1012+0903 3876580134966772224 153.22785   9.05407  10.71 0.64    -6.7 1.0   -62.3 1.1 19.64 19.98 19.02 
J1013+2724  739577567186823552 153.28122  27.41600  14.69 0.06   -42.0 0.1  -125.5 0.1 15.61 15.56 15.67 
J1013+1733  622536749138267904 153.46431  17.55633  11.36 0.28   -16.1 0.5   -25.6 0.4 18.80 19.01 18.48 
J1013+0305 3835861439819152128 153.49981   3.09788  19.83 0.35   104.9 0.4   -98.8 0.5 18.11 18.57 17.49 
J1014-0316 3828635144458312960 153.50221  -3.26901  12.31 0.41  -134.0 0.7   -50.4 0.6 19.17 19.56 18.54 
J1014+0305 3835866563715176192 153.50713   3.09690  21.03 0.38   110.6 0.4  -101.5 0.5 18.05 18.48 17.45 
J1014+0401 3860751256335185408 153.55941   4.02716  19.50 0.17  -202.5 0.2    23.9 0.2 16.70 16.85 16.41 
J1014+5027  847884509109410816 153.56527  50.46178  12.63 0.16   -25.2 0.2    -9.7 0.2 17.68 17.81 17.38 
J1014+2027  625415030061614336 153.58362  20.46604  11.90 0.14  -120.2 0.2    -9.4 0.2 17.10 17.17 16.94 
J1014+4226  805470233890349440 153.65063  42.43902  32.02 0.07   128.3 0.1  -131.3 0.1 16.23 16.36 15.97 
J1014+5648 1045463042064412160 153.65524  56.80866  18.35 0.05    90.5 0.1   -99.0 0.1 14.62 14.49 14.74 
J1015+0806 3875651975353757440 153.75601   8.10381  33.55 0.31  -293.7 0.3   158.4 0.4 17.51 18.09 16.79 
J1015+0806 3875652014008894720 153.75962   8.11062  33.76 0.12  -288.4 0.1   163.9 0.1 15.93 16.14 15.55 
J1015+5731 1045634389784799104 153.77421  57.51780  10.52 0.43   -30.9 0.6    -5.5 0.7 19.37 19.66 18.87 
J1015-0104 3830680854561582464 153.79882  -1.07115  10.92 0.11     5.1 0.1     5.9 0.1 15.59 15.45 15.80 
J1015+0907 3876618892751168000 153.87368   9.11767  11.83 0.28    62.4 0.4    -6.9 0.4 18.44 18.60 18.11 
J1015+0306 3859871342090899328 153.95014   3.11288  16.42 0.08    10.6 0.1  -127.4 0.1 15.69 15.68 15.69 
J1016-0119 3830623164560911872 154.02644  -1.32127  21.48 0.07  -510.9 0.1    35.8 0.1 15.30 15.43 15.03 
J1016+1817  624090737025312000 154.13202  18.29842  10.53 0.34   -41.6 0.6   -39.7 0.5 18.82 18.98 18.45 
J1016+1932  625075796364911360 154.13891  19.53780  10.74 0.13   -76.0 0.3     1.0 0.3 17.36 17.43 17.18 
J1016+1920  625068134142899968 154.18875  19.34819  10.58 0.10    29.2 0.1   -64.2 0.2 16.53 16.51 16.53 
J1016+4014  804230637613089024 154.24548  40.23627  11.58 0.51   -81.1 0.6   -32.2 0.6 19.37 19.78 18.69 
J1017+2711  739337319605413888 154.29438  27.19892  15.16 0.47  -163.7 0.7   -89.6 0.5 19.10 19.51 18.39 
J1017+1920  625054493327257856 154.39960  19.34129  16.91 0.59  -121.6 0.6  -106.7 0.6 18.97 19.36 18.29 
J1017+0838 3875789001991057536 154.49923   8.63854  22.82 0.09  -210.5 0.2  -116.6 0.1 16.35 16.44 16.11 
J1018+1551 3888723386196630784 154.51545  15.86597  11.43 0.06  -111.0 0.1   -68.6 0.1 15.66 15.54 15.81 
J1018+0111 3832329434808415744 154.52091   1.18961  20.12 0.15   -23.2 0.2   -59.6 0.2 16.36 16.38 16.26 
J1018+5259  851386110046262528 154.53867  52.98573  11.54 0.32   -56.0 0.4   -14.6 0.5 19.20 19.55 18.71 
J1018+3421  752524965144307584 154.64241  34.35188  15.85 0.33  -124.2 0.4   -38.9 0.4 19.16 19.37 18.75 
J1018+0547 3861407596057614080 154.65948   5.78486  10.98 0.77   -43.1 0.8   -16.8 0.9 19.06 19.29 18.51 
J1018+4935  847003323555811328 154.69749  49.58919  11.14 0.67   -39.3 0.9   -44.2 1.1 20.04 20.46 19.29 
J1019+0052 3832119767389994880 154.83642   0.88243  11.45 0.51  -145.9 0.8  -176.6 0.6 19.18 19.44 18.59 
J1019+8052 1134097899899377536 154.89556  80.87806  11.73 0.23   -97.0 0.4   -24.0 0.4 19.13 19.40 18.59 
J1019+5214  848290091460808448 154.99763  52.23502  20.08 0.14    49.8 0.2  -174.8 0.2 17.99 18.39 17.44 
J1020+1030 3877153599000231552 155.02643  10.50296  14.05 0.43   -61.0 0.7    35.6 0.7 18.92 19.39 18.30 
J1020+0152 3832474810861495424 155.22344   1.88332  10.16 0.18  -147.7 0.2    -7.5 0.2 17.12 17.15 17.04 
J1020+3626  753840603821390848 155.22531  36.44602  12.62 0.07   -38.6 0.1  -123.9 0.1 15.97 15.87 16.07 
J1021+4257  805697489201014272 155.32112  42.95268  13.91 0.19   -46.9 0.2   -20.5 0.3 18.25 18.49 17.77 
J1021+2503  726057456815979904 155.35850  25.06340  10.71 0.20   -60.9 0.3   -31.3 0.3 17.71 17.83 17.50 
J1021+3105  742698702740757632 155.44200  31.09750  12.07 0.38  -149.8 0.5   -64.0 0.6 19.28 19.44 18.78 
J1021+1905  624600566824086016 155.44273  19.09625  11.97 0.24   -94.6 0.4    -8.7 0.4 18.41 18.69 17.99 
J1022+2523  726160806613850624 155.53650  25.38534  11.92 0.17   -51.1 0.2   -54.5 0.2 17.56 17.66 17.34 
J1022+1241 3883746133280920448 155.61956  12.69962  11.29 0.07   -72.2 0.1   -50.5 0.1 15.67 15.56 15.81 
J1022+4600  833452873535333760 155.64455  46.01635  14.41 0.08  -171.5 0.1     8.5 0.1 16.60 16.72 16.32 
J1022+1658 3890322415406225408 155.67665  16.97823  13.54 0.22   -93.8 0.3  -102.1 0.3 17.99 18.20 17.61 
J1022+1328 3886816622581111552 155.72271  13.47136  12.27 0.41   -73.3 0.5  -148.1 0.5 18.29 18.49 17.85 
J1022+0708 3863287692225892736 155.74947   7.14756  11.85 0.25   -77.2 0.4   -16.9 0.3 18.59 18.85 18.14 
J1023+2407  725741342927857664 155.75214  24.11781  11.69 0.11    -2.6 0.2   -36.2 0.2 16.47 16.46 16.48 
J1023+0025 3831369659941271424 155.84254   0.42837  12.40 0.86   -40.1 1.3  -245.7 1.4 19.76 20.50 19.12 
J1023+6348 1052563683861162880 155.98051  63.80846  16.83 0.13  -339.7 0.1  -217.5 0.2 17.82 18.10 17.38 
J1024+2910  741436871415359488 156.06117  29.17076  10.75 0.60   -44.3 0.9   -46.3 0.9 19.46 19.93 18.83 
J1024+8019 1133810794221801856 156.08989  80.32803  12.74 0.09   119.1 0.2    68.8 0.2 17.61 17.75 17.32 
J1024+0447 3860382404543853952 156.11626   4.78632  18.84 0.21  -276.6 0.3  -163.3 0.4 18.09 18.44 17.57 
J1024-0023 3830990156631488128 156.20336  -0.38686  13.57 0.20   -39.4 0.2   -23.7 0.2 17.11 17.12 17.03 
J1024+0636 3863022297602869632 156.23994   6.61466  10.33 0.56   -27.1 1.0   -83.3 1.1 19.91 20.30 19.24 
J1025+6407 1053321934567306752 156.25887  64.11986  11.40 0.20   -86.7 0.2   -92.1 0.3 18.75 18.93 18.32 
J1025+6142 1048769578471443072 156.29862  61.71650  13.69 0.22   -84.2 0.2    56.5 0.4 18.68 18.99 18.19 
J1025+7847 1131229995617244800 156.33072  78.78561  10.20 0.22   -15.3 0.4   -35.2 0.4 18.96 19.15 18.63 
J1025+3430  752673674091348608 156.33237  34.50739  11.51 0.39   -90.7 0.6   -58.2 0.7 19.35 19.63 18.87 
J1025+5510  852225282231361280 156.34928  55.16749  12.91 0.31  -112.9 0.4   -85.1 0.4 18.99 19.39 18.25 
J1026+5204  848427427335438464 156.60616  52.06817  10.83 0.38  -169.9 0.5    -1.1 0.7 19.64 20.09 18.91 
J1026+1439 3887433414244718464 156.61702  14.65640  12.12 0.15   -92.1 0.2   -69.9 0.2 17.10 17.15 16.94 
J1026+5807 1047132925349510784 156.64809  58.12006  14.48 0.10  -137.7 0.1  -170.8 0.1 17.09 17.13 16.92 
J1027+1218 3883495444630204672 156.77076  12.30990  10.30 0.32  -121.6 0.4   -37.9 0.4 18.49 18.61 18.21 
J1027+5019  847272257226467840 156.91291  50.31794  13.68 0.39   136.1 0.4   -38.3 1.4 18.69 18.98 18.21 
J1027+1928  624510170646474112 156.94732  19.47321  22.30 0.14  -383.7 0.2   -57.7 0.2 17.21 17.38 16.89 
J1027+1644 3890141958060313984 156.96401  16.73429  10.97 0.29   -49.0 0.5     4.7 0.6 18.20 18.29 17.97 
J1027+4529  830202541068428288 156.99547  45.49620  11.73 0.48    -8.3 0.6  -106.5 0.7 19.23 19.49 18.62 
J1028+1204 3883429134630276736 157.00160  12.07330  10.25 0.87  -131.2 1.2  -118.9 1.0 19.88 20.21 19.22 
J1028+3512  752814274140797568 157.00689  35.21556  13.53 0.24  -100.2 0.4  -169.5 0.5 18.74 19.18 18.07 
J1028+5815 1047228922162323968 157.01714  58.25171  14.43 0.14    93.8 0.2   -25.1 0.2 17.72 17.91 17.36 
J1028+0344 3857118439852847744 157.09286   3.73781  13.33 0.12   -48.1 0.2   -31.0 0.2 17.45 17.53 17.17 
J1028+3750  754853769426521856 157.15082  37.84644  10.19 0.24   -76.6 0.4  -108.5 0.4 18.60 18.82 18.14 
J1028+1451 3888929097950924416 157.15654  14.85051  15.39 0.17  -118.3 0.4    10.3 0.3 18.19 18.48 17.67 
J1028+1105 3882547566823086848 157.22902  11.09712  14.12 0.07    68.2 0.1   -67.8 0.1 15.66 15.60 15.74 
J1029+7931 1132966468074614272 157.25468  79.53327  15.12 0.19   114.9 0.4   -17.3 0.3 18.84 19.08 18.40 
J1029+1127 3882611201058534400 157.28279  11.45403  29.65 0.07   383.3 0.1  -306.8 0.1 16.52 16.71 16.16 
J1029+0205 3855631797052747136 157.29042   2.09792  29.66 0.10  -101.9 0.1   -74.2 0.1 14.27 14.25 14.31 
J1029+2300  722391440239688064 157.37997  23.00190  10.88 0.30   166.2 0.5  -109.9 0.4 18.90 19.16 18.48 
J1029+0743 3863559855709416192 157.48576   7.71764  10.08 0.54   -40.2 0.8   -52.5 0.8 19.27 19.65 18.66 
J1030+0845 3863974783909961600 157.53846   8.75281  12.44 0.23   -35.2 0.4     4.0 0.3 18.50 18.77 18.02 
J1030+3455  749766221750309632 157.59200  34.93304  12.36 0.32  -113.7 0.5  -212.4 0.5 19.02 19.35 18.43 
J1031+3234  748517142181920768 157.76479  32.58126  10.70 0.12     7.6 0.2   -35.8 0.3 16.29 16.22 16.39 
J1031+1553 3889099689757032448 157.92771  15.89404  10.03 0.57   -91.1 1.1   -63.0 0.8 19.86 20.28 19.19 
J1032+3240  748521544523051136 158.02394  32.66811  13.45 0.08   -88.8 0.1  -150.1 0.2 16.07 15.98 16.07 
J1032+4104  756515161560637952 158.08072  41.07933  16.39 0.14  -182.3 0.2  -189.6 0.2 17.59 17.80 17.21 
J1032+0218 3856005626711298560 158.08105   2.31575  12.34 0.09    -3.1 0.1  -103.6 0.1 16.63 16.66 16.56 
J1032+1516 3889004478921783296 158.16391  15.27487  13.59 0.30    10.9 0.6  -110.4 0.4 18.75 19.09 18.23 
J1032-0205 3781742343628799232 158.19000  -2.09883  11.70 0.50     5.7 0.7    25.1 0.9 18.65 18.80 18.21 
J1032-0255 3781616827503753088 158.20193  -2.92235  12.08 0.17  -144.8 0.2     5.6 0.2 16.76 16.73 16.71 
J1032+0159 3855932749706134272 158.20587   1.99496  13.58 0.21  -284.2 0.9    90.9 0.5 18.09 18.34 17.66 
J1033+2839  729219716681441280 158.25333  28.66426  10.86 0.13     9.6 0.2    10.8 0.2 17.13 17.14 17.00 
J1033+0621 3862099876068198656 158.33482   6.36626  10.69 0.12   -20.4 0.2   -22.6 0.2 17.39 17.40 17.18 
J1033+4621  830333486031778048 158.36745  46.35401  13.38 0.75   -86.6 0.9   -17.0 1.1 19.81 20.20 19.12 
J1034+3949  755466845943050368 158.59059  39.82434  14.98 0.60    39.4 0.9   -44.2 0.8 19.81 20.04 19.39 
J1034+0327 3856950175919062144 158.62564   3.46003  12.82 0.09    -6.3 0.2   -18.4 0.1 17.08 17.02 17.17 
J1034+4856  834901991204579712 158.67176  48.94473  11.82 0.50   -70.9 0.6   -77.0 1.0 19.54 19.85 18.99 
J1035+5907 1047653608528684416 158.80514  59.12432  11.06 0.27   -56.9 0.3  -147.1 0.3 19.01 19.36 18.47 
J1035+0430 3858586012997916160 158.82523   4.50451  15.10 0.22  -216.1 0.3    49.7 0.3 17.90 18.04 17.60 
J1035+2126  721244821406496640 158.88502  21.43379  18.87 0.11  -171.7 0.2  -186.7 0.2 17.21 17.36 16.87 
J1035+0727 3862830334039617408 158.92024   7.45438  11.27 0.32    72.0 0.4   -78.3 0.3 18.21 18.39 17.86 
J1036+0732 3862858165427681536 159.22893   7.53634  17.65 0.39  -680.5 0.6    22.0 0.6 19.00 19.67 18.18 
J1037+3114  736131388507504640 159.34562  31.23895  12.59 0.44  -172.9 0.9  -220.6 0.8 19.53 20.09 18.81 
J1037+4857  834234385783616640 159.43151  48.95571  12.69 0.06    59.7 0.1   -12.6 0.1 15.49 15.34 15.66 
J1037+6304 1049324629980448256 159.44320  63.07825  10.14 0.11  -127.6 0.1    37.9 0.2 17.72 17.84 17.41 
J1037+4227  780712285751716224 159.48617  42.45875  14.61 0.40  -119.5 0.4     0.3 0.5 18.68 18.98 18.22 
J1038+1258 3884662713661807616 159.64488  12.97840  10.72 0.16  -162.0 0.2   -37.7 0.2 16.99 16.97 16.93 
J1038+0202 3855792630692650112 159.65742   2.04109  11.54 0.31    58.1 0.5   -95.6 0.4 18.20 18.42 17.88 
J1038+3402  750160156150755328 159.74453  34.04516  13.59 0.50   -72.9 0.8    47.2 1.2 18.80 19.02 18.28 
J1039+5530  850605735964206720 159.77385  55.51569  18.11 0.07    38.2 0.1   -33.3 0.1 15.75 15.71 15.68 
J1039+5506  850558899345419520 159.78871  55.11130  11.97 0.63   159.4 0.7   -26.3 0.8 19.94 20.46 19.12 
J1039+4614  830472368094495232 159.86774  46.23937  10.25 0.82    22.1 0.7   -15.7 1.0 19.61 19.94 19.19 
J1039-0325 3778305545157841152 159.92294  -3.42626  12.32 0.11   -20.9 0.1   -19.5 0.1 16.57 16.47 16.64 
J1040+3943  779223787525884928 160.05143  39.71975  11.27 0.17    -6.8 0.2    -3.3 0.3 17.68 17.78 17.39 
J1040+1003 3870354528331257984 160.08164  10.06637  26.90 0.14   -97.4 0.2  -118.3 0.2 17.09 17.35 16.64 
J1040+5436  850296219145725184 160.15274  54.60815  13.16 0.28  -187.2 0.3   -89.1 0.5 18.62 18.90 18.14 
J1041+2621  724966844360175232 160.31565  26.36478  11.48 0.09   -68.7 0.2  -114.9 0.2 16.54 16.47 16.52 
J1041-0218 3805542578481614464 160.32441  -2.30774  23.77 0.19    76.2 0.3  -130.6 0.3 17.60 17.92 17.09 
J1041+1244 3884462057084493824 160.34515  12.74737  19.35 0.41     1.9 0.6  -180.6 0.5 18.99 19.32 18.37 
J1041+5632  854072904147710464 160.47184  56.54522  13.13 0.37     3.6 0.5     1.3 0.4 19.47 19.94 18.77 
J1041+1415 3884899559633556224 160.47486  14.26247  26.53 0.09   175.4 0.2  -244.5 0.1 16.45 16.59 16.17 
J1041+6307 1055273537642488576 160.48781  63.11688  15.95 0.04   -72.3 0.1   -58.0 0.1 15.18 15.01 15.39 
J1042+1017 3870346934829606528 160.58827  10.29801  18.25 0.24   -97.6 0.3  -259.6 0.3 18.14 18.33 17.68 
J1042+2412  723319324969842304 160.61405  24.20644  10.11 0.52   -14.8 1.3   -62.4 0.9 19.41 19.65 18.91 
J1042+4057  779588657882981120 160.64015  40.95423  13.62 0.07    69.9 0.1     3.1 0.1 16.17 16.17 16.13 
J1042+4932  835731057331866880 160.68592  49.54601  14.40 0.24  -120.8 0.3   -90.7 0.3 18.64 19.13 18.05 
J1042+4448  829441717689202816 160.70843  44.81610  10.35 0.41  -145.5 0.5  -116.3 0.6 19.20 19.45 18.75 
J1043+2308  723041560844852096 160.75859  23.14143  12.76 0.39   -26.1 0.7   -56.3 0.5 19.47 20.02 18.73 
J1043+1132 3870767467961813248 160.79306  11.54081  14.78 0.33  -141.2 0.4   -27.2 0.4 18.73 19.11 18.13 
J1043+3516  750713313579071232 160.83234  35.27783  11.69 0.31   -85.9 0.4  -122.2 0.4 18.70 18.94 18.29 
J1044+0214 3809230860172408320 161.04690   2.24339  13.45 0.18  -133.1 0.3   -29.7 0.2 17.77 17.95 17.44 
J1044+5513  850713449448779008 161.10171  55.21973  10.42 0.31   -71.8 0.3   -25.6 0.3 18.80 18.93 18.47 
J1044+2023 3987528623509801984 161.13887  20.38700  11.22 0.20  -119.6 0.3    17.8 0.4 17.73 17.76 17.56 
J1044+1443 3885315003230198016 161.15403  14.73305  11.70 0.30  -161.6 0.7   -52.0 0.5 18.74 18.98 18.24 
J1044+5744  854393484803051776 161.19047  57.74358  10.37 0.05   -85.2 0.1    56.5 0.1 14.59 14.38 14.86 
J1044+1327 3884610594233452544 161.22065  13.46557  17.45 0.30  -514.1 0.7  -141.6 0.5 18.88 19.47 18.15 
J1045+5904  855361055035055104 161.48906  59.07462  17.48 0.14 -1019.2 0.1 -1462.5 0.2 17.68 17.68 17.45 
J1046+6054 1047912479093335040 161.61635  60.91362  21.60 0.15     8.5 0.2    46.5 0.2 18.05 18.52 17.42 
J1046+2424  723524383888419840 161.71829  24.41055  16.92 0.19   -68.5 0.3   -71.4 0.3 17.84 18.08 17.47 
J1047+3453  750469737393655936 161.78794  34.89613  12.67 0.07   -63.6 0.1   -36.7 0.1 16.42 16.52 16.20 
J1047+1729 3982760934933535616 161.79894  17.49482  10.83 0.56   -56.3 0.7    28.5 0.6 19.40 19.46 19.25 
J1047+0007 3806529291383459456 161.82621   0.12145  11.85 0.18   -11.7 0.2   -75.8 0.2 17.28 17.42 16.97 
J1048+6334 1055313016981775488 162.00514  63.57962  29.12 0.09  -261.6 0.1  -140.3 0.1 17.34 17.75 16.73 
J1048-0153 3802627670077268864 162.00517  -1.88860  22.73 0.22     9.3 0.3  -279.3 0.3 18.07 18.54 17.42 
J1048-0201 3802622073735216128 162.13598  -2.02028  13.85 0.07   -15.0 0.2  -121.3 0.1 15.77 15.68 15.81 
J1048+5725  854220964556656768 162.16127  57.41846  12.85 0.25     0.0 0.3    38.9 0.4 19.32 19.74 18.67 
J1048+2113 3989101543613421184 162.22501  21.22925  10.52 0.67    49.9 0.7   -34.4 0.8 19.14 19.33 18.75 
J1049+5154  836823151552466304 162.29765  51.90596  12.55 0.16   -61.1 0.2  -152.3 0.3 17.87 18.03 17.62 
J1049-0008 3806277464565712256 162.30273  -0.14871  11.24 0.30     4.0 0.4   -30.3 0.4 18.21 18.41 17.82 
J1049+4752  832162626703637888 162.35428  47.86701  11.19 0.61   -74.4 0.5    33.3 0.9 19.35 19.68 18.70 
J1049+2754  731177607588663552 162.37022  27.90612  16.73 0.05   -41.8 0.1   -48.4 0.1 15.44 15.41 15.47 
J1049+4543  830949079408842752 162.41584  45.73280  14.82 0.41  -139.3 0.4    58.5 0.6 19.25 19.79 18.50 
J1050+3225  737619062099922688 162.56811  32.43331  23.12 0.14    32.5 0.2  -144.8 0.2 17.57 17.92 17.02 
J1050+3306  737721346745881728 162.62734  33.11250  10.49 0.34   -56.9 0.7    13.1 0.6 19.16 19.52 18.60 
J1050+4521  782910553093095808 162.63314  45.35355  10.79 0.40   -91.1 0.4   -10.3 0.5 19.13 19.45 18.59 
J1050+3315  738102190085868672 162.69184  33.26284  11.55 0.11   -10.9 0.2   -52.5 0.3 16.56 16.57 16.53 
J1050+3426  738375899762150912 162.73818  34.44464  11.66 0.21   -30.0 0.3   -48.9 0.5 18.37 18.62 17.97 
J1051+1016 3870931050381491072 162.89083  10.26903  12.34 0.28   -72.4 0.6    12.4 0.4 18.90 19.20 18.32 
J1052+3323  738060065046666240 163.05145  33.38793  10.21 0.56  -160.2 0.9  -119.6 0.6 19.37 19.60 18.88 
J1052+1635 3981718048154691712 163.08719  16.59549  10.06 0.63   -46.5 0.9   -80.0 0.8 19.57 19.80 19.08 
J1052+6214 1054193507986658432 163.09073  62.24969  10.50 0.22   124.4 0.3   -74.7 0.3 18.79 19.06 18.31 
J1053+4655  831349748309446016 163.25506  46.92323  10.58 0.61  -314.2 0.6   -96.0 0.8 19.68 20.05 18.93 
J1053-2329 3549053213238728704 163.33351 -23.49052  14.81 0.31  -196.6 0.6    15.3 0.4 18.79 19.17 18.18 
J1053+2425 3996172640334271872 163.45509  24.42539  23.42 0.18  -351.3 0.3   -76.5 0.3 17.63 17.93 17.13 
J1054+4717  831390700821235200 163.50249  47.28375  16.19 0.54    73.9 0.6  -315.2 0.6 19.51 20.14 18.59 
J1054+5957  861438223304637696 163.52350  59.96347  17.03 0.18   -88.1 0.2  -133.4 0.3 18.22 18.57 17.72 
J1054+0252 3808776242178788736 163.71178   2.87662  14.91 0.28     7.2 0.4    54.0 0.4 18.60 18.96 18.02 
J1055+3506  762520556632292480 163.75100  35.10698  10.39 0.13   -88.8 0.2     0.5 0.2 16.96 16.91 17.03 
J1055+0816 3865951435233552896 163.81426   8.28020  14.89 0.44  -315.4 0.8  -356.2 0.6 19.61 20.41 18.73 
J1055+5241  837242890116333312 163.83666  52.69495  10.68 0.16     2.6 0.2   -64.1 0.2 17.93 17.99 17.75 
J1055+0403 3809758930696054784 163.90219   4.05550  11.61 0.29    14.1 0.6  -112.2 0.6 18.74 18.90 18.27 
J1055+2111 3988212592756945152 163.93660  21.18436  21.06 0.15  -160.7 0.3  -121.7 0.3 17.52 17.78 17.06 
J1055+2525  729726763340729600 163.98654  25.43207  12.24 0.36    10.0 0.4   -58.0 0.5 18.31 18.47 17.93 
J1056+3852  775531009004593664 164.02943  38.88199  17.58 0.21   -76.1 0.3  -218.2 0.4 18.26 18.59 17.72 
J1056+0644 3864754303293985792 164.08736   6.74598  10.35 0.21    43.0 0.4   -23.7 0.3 18.32 18.42 17.98 
J1056-2010 3552304366042386304 164.08790 -20.17376  17.58 0.43   -34.7 0.8    45.3 0.5 18.99 19.59 18.27 
J1056+2336 3989883777417007232 164.12451  23.60425  22.53 0.18  -178.2 0.3  -199.4 0.3 17.83 18.33 17.23 
J1056+5714  857165662854257792 164.17385  57.24637  10.60 0.14    -2.3 0.2  -139.0 0.2 18.27 18.34 17.94 
J1056+5826  860312117239402752 164.17403  58.43756  14.59 0.17  -172.6 0.2     4.3 0.3 18.20 18.38 17.80 
J1056+3911  775677140971643776 164.24531  39.19188  13.14 0.62  -103.0 0.8    38.2 1.1 19.51 20.25 18.81 
J1057+4145  778326792196212352 164.26392  41.75266  11.77 0.24   -39.0 0.3  -123.8 0.3 18.33 18.50 17.99 
J1057+0411 3815759279181364864 164.29027   4.19188  12.89 0.13  -157.6 0.3    23.9 0.2 17.55 17.64 17.33 
J1057+1158 3871736820606012928 164.29109  11.97474  10.67 0.15   -83.3 0.3   -29.5 0.2 17.91 18.01 17.68 
J1057+3008  733294781652279680 164.37547  30.14007  20.53 0.21   132.3 0.2  -226.1 0.3 17.35 17.54 16.97 
J1057+3208  736984742674902912 164.46247  32.14356  13.86 0.18   -81.0 0.3  -181.4 0.3 17.94 18.16 17.63 
J1058+3601  762670262012752256 164.65420  36.02338  13.12 0.47    26.0 0.5  -109.5 0.5 19.42 19.95 18.55 
J1058+3503  762295264123316864 164.71537  35.05584  15.28 0.24     3.8 0.6  -135.2 1.1 17.59 17.70 17.35 
J1059-2031 3552223689378645888 164.77022 -20.52104  12.02 0.40  -110.0 0.7   -75.0 0.5 19.21 19.54 18.67 
J1059+2700  730264772419060608 164.79025  27.00887  11.41 0.39   -43.0 0.7   -11.0 0.9 19.17 19.47 18.69 
J1059+3414  761480972683472384 164.85535  34.24691  18.06 0.06  -190.2 0.1  -222.3 0.1 15.53 15.46 15.52 
J1059+3124  733902090027573376 164.87455  31.41055  10.56 0.42   100.3 0.8  -146.5 0.6 19.52 19.81 18.99 
J1059-1748 3556190937783724928 164.88883 -17.81618  11.01 0.29    13.2 0.4   -44.8 0.3 18.50 18.68 18.09 
J1059-0014 3804627716087570560 164.91169  -0.23370  12.16 0.39   -28.3 0.6   -41.9 0.4 18.93 19.30 18.33 
J1101+6333 1055533400343235456 165.31189  63.56272  12.07 0.49  -140.0 0.7  -577.0 0.7 19.93 20.50 19.06 
J1101+1942 3984813379545559424 165.31675  19.71124  10.45 0.48   -87.0 0.6   -83.6 0.6 18.91 19.14 18.40 
J1101+1721 3982007636324256000 165.42738  17.35946  34.78 0.14  -429.6 0.3  -343.1 0.4 15.98 16.07 15.69 
J1101+3736  763197172895543168 165.48588  37.60101  10.77 0.47    13.9 0.6   -73.7 0.6 19.57 20.05 18.90 
J1102+6707 1059423708705441152 165.55296  67.13045  15.09 0.23  -382.7 0.3  -193.9 0.4 19.00 19.53 18.35 
J1102+3351  761213821423029632 165.57653  33.85170  13.34 0.41    38.9 0.6    54.6 0.5 19.23 19.68 18.62 
J1102+4030  777221198894621440 165.62275  40.50047  18.60 0.23   188.8 0.3  -254.5 0.5 18.30 18.77 17.67 
J1102+0214 3808536101967194368 165.64221   2.24987  10.36 0.51   -85.9 0.9    17.5 0.6 19.26 19.42 18.76 
J1102+4057  777376848509180672 165.69208  40.96067  11.34 0.40   -84.1 0.5  -118.8 0.6 19.27 19.62 18.62 
J1103+3935  776981269136616960 165.82896  39.59951  25.81 0.17    81.1 0.2    -7.3 0.5 17.72 18.21 17.06 
J1103+0902 3866845986727270400 165.83298   9.04395  12.36 0.33    27.1 0.6   -94.6 0.5 19.01 19.24 18.50 
J1103+4248  778845108849112704 165.93363  42.81626  12.31 0.63  -159.8 0.5   -19.1 0.6 18.62 18.86 18.14 
J1104+0436 3815105615223622144 166.00448   4.60313  18.82 0.32    96.7 0.6  -382.2 0.4 18.97 19.57 18.09 
J1104-1837 3552845261339955200 166.19592 -18.62053  24.99 0.06   125.5 0.1   -51.2 0.1 15.93 16.04 15.69 
J1105+7926 1129832000941901056 166.27230  79.43630  14.26 0.23    51.5 0.5    -2.7 0.4 19.15 19.69 18.43 
J1105+5225  842469143761181824 166.27426  52.42282  11.14 0.15    43.8 0.1    -3.9 0.2 17.42 17.29 17.47 
J1105+0016 3804239558419007744 166.31288   0.27405  21.29 0.08  -208.9 0.1    25.1 0.1 15.31 15.28 15.35 
J1105-1616 3562398363821309440 166.45259 -16.28306  10.13 0.59   126.9 0.9    -2.5 0.6 19.30 19.61 18.76 
J1105+3421  761336623131952128 166.48021  34.35871  13.99 0.37  -255.7 0.3    46.9 0.4 18.15 18.35 17.77 
J1106+6210  862260868456553856 166.50167  62.17127  12.00 0.08   -91.1 0.1   -49.3 0.1 17.33 17.36 17.22 
J1106+1802 3983606596814071680 166.51879  18.04186  12.09 0.13   -27.7 0.2  -196.2 0.2 17.54 17.51 17.55 
J1106+2457 3995663944403608448 166.52747  24.95480  14.65 0.34  -118.1 0.6    26.7 0.6 19.01 19.64 18.37 
J1106+4518  782378320745502336 166.56802  45.31521  24.62 0.15   -83.9 0.2   -75.4 0.3 16.84 16.98 16.56 
J1106+6139  862185002154275968 166.74733  61.65689  15.82 0.06     7.6 0.1   -61.8 0.1 16.43 16.41 16.32 
J1107+0405 3815200997858084480 166.76554   4.09448  16.00 0.14   -59.3 0.2  -223.2 0.2 17.02 16.97 17.02 
J1107-0220 3791246075462610304 166.84075  -2.33845  10.60 0.13   -48.2 0.2   -15.4 0.1 17.36 17.39 17.28 
J1107+4855  831946229073235200 166.87664  48.92278  20.80 0.30  -730.2 0.2   -76.9 0.5 18.61 19.11 17.84 
J1107+5201  842231163916746240 166.90759  52.01865  11.24 0.32   -11.3 0.3   -68.7 0.4 18.91 19.19 18.34 
J1107+5958  861050512312844672 166.92657  59.97419  28.90 0.04  -192.9 0.1  -167.0 0.1 13.84 13.72 13.99 
J1107+5246  842498482680906496 166.95637  52.78087  10.42 0.19   -18.1 0.2     8.4 0.3 18.33 18.49 17.98 
J1107+5246  842504358196167680 166.96258  52.78146  10.33 0.20   -19.1 0.2     9.5 0.3 18.55 18.77 18.17 
J1107-1607 3559496413333223936 166.96998 -16.11815  11.89 0.18  -120.0 0.3     2.0 0.2 17.64 17.59 17.72 
J1108+1349 3968318334306923264 167.13121  13.83067  11.13 0.20    19.7 0.4   -25.2 0.4 18.04 18.13 17.85 
J1108+1535 3969544976966357504 167.19527  15.58869  12.15 0.36   -45.2 0.6   -70.8 0.4 19.03 19.40 18.45 
J1108+1843 3984076534955978880 167.20875  18.73251  11.10 0.19    23.6 0.3   -30.6 0.3 17.42 17.44 17.37 
J1108+3021  732841233105592320 167.23149  30.35717  10.51 0.45  -189.5 0.8    75.5 1.0 19.20 19.38 18.92 
J1109-0312 3790932787663209344 167.28899  -3.21157  11.76 0.15  -242.3 0.2   139.1 0.2 17.76 17.82 17.54 
J1109+4249  778707154499553792 167.30115  42.83212  11.36 0.21    63.2 0.2   -30.2 0.3 17.38 17.37 17.25 
J1109-0309 3790933504922574080 167.32913  -3.16083  12.30 0.48  -132.2 0.5  -132.3 0.4 19.06 19.51 18.37 
J1109+3703  762229770166576128 167.42185  37.05803  10.03 0.48   -75.9 0.7   -27.4 1.0 19.82 20.28 19.07 
J1109+5512  843807902246527232 167.42269  55.20719  27.95 0.08    91.6 0.1  -182.5 0.1 17.10 17.27 16.76 
J1109+1226 3964744479135122560 167.44066  12.43518  14.53 0.24    -2.4 0.5    -6.0 0.4 18.45 18.66 18.11 
J1109+2618 3998086241534550144 167.49978  26.31251  12.52 0.10    70.1 0.1  -141.6 0.1 15.85 15.75 15.93 
J1110+0110 3810416820902223616 167.53003   1.17888  20.99 0.11  -371.9 0.2   154.4 0.1 17.44 17.64 17.09 
J1110+2344 3995295401850242688 167.60906  23.73530  10.25 0.11     4.2 0.2   -47.1 0.2 16.98 17.02 16.90 
J1110+0054 3810397128476695424 167.69706   0.90617  11.92 0.13  -205.3 0.2    51.5 0.2 17.41 17.49 17.22 
J1110+3959  765404128955927424 167.73648  39.98797  13.71 0.15    41.0 0.1   -17.7 0.1 16.41 16.42 16.33 
J1110+2026 3990494251184010496 167.74347  20.43507  35.99 0.20  -824.2 0.4   -42.7 0.6 17.35 17.91 16.66 
J1111+3848  764725833360592640 167.78845  38.81561  15.55 0.29   112.2 0.2   -43.2 0.4 18.20 18.66 17.58 
J1111-1658 3559194558736936064 167.83193 -16.96747  11.93 0.54   -77.2 0.9  -177.0 0.6 19.53 19.84 19.07 
J1111+4718  789339608048607232 167.83564  47.30696  20.74 0.06  -110.4 0.0   -90.2 0.1 15.44 15.41 15.46 
J1111+2519 3995728953028752768 167.84453  25.32344  16.11 0.67  -252.4 0.6   -15.4 0.4 18.75 19.10 18.25 
J1111+7539 1080170840286325632 167.86443  75.65432  10.01 0.46   -97.4 0.8   -71.9 0.7 20.12 20.70 19.48 
J1111+0324 3812046945673961856 167.99961   3.40538  13.35 0.38   -72.6 0.8   -32.4 0.6 19.27 19.81 18.51 
J1112+3120  756921259308136064 168.04553  31.34730  10.52 0.51  -243.7 0.7    47.6 0.8 19.23 19.50 18.71 
J1113+0033 3810124316449529984 168.40103   0.56284  13.28 0.54   124.7 0.8  -150.7 0.7 19.41 19.97 18.68 
J1114+3808  763893885310438784 168.60494  38.13907  12.76 0.13  -121.9 0.1   -28.4 0.2 16.49 16.51 16.43 
J1114+3638  763471702912929024 168.62356  36.64390  12.01 0.50   -54.3 0.5   -37.8 0.5 18.76 19.08 18.29 
J1114+0505 3816821334399520128 168.69655   5.08339  13.94 0.38  -120.9 0.7  -250.7 0.6 19.15 19.51 18.42 
J1114+4537  788171510073699328 168.70236  45.62993  10.36 0.58   -69.1 0.5    23.9 0.7 19.54 19.83 18.99 
J1114+6546 1056003918305358592 168.70703  65.77934  14.34 0.16  -252.2 0.3   -45.1 0.3 18.52 18.75 18.11 
J1115+0033 3810099989754827136 168.90413   0.55366  25.22 0.14    29.4 0.3  -252.8 0.2 17.29 17.78 16.66 
J1115+2315 3992108467396622464 168.93206  23.25042  10.03 0.38   -42.4 0.3    94.6 0.4 17.60 17.84 17.18 
J1115+3146  757039559887727104 168.96306  31.76795  12.08 0.41   -41.2 0.6  -116.1 0.7 19.21 19.67 18.69 
J1116+0925 3915111042492943360 169.03673   9.42518  16.39 0.21     3.4 0.4  -150.3 0.3 18.52 18.88 17.93 
J1116-1252 3565057738851555840 169.07327 -12.87216  10.48 0.19   -23.1 0.3    33.1 0.2 17.84 17.94 17.60 
J1116-1035 3566532561902107648 169.09481 -10.58757  11.67 0.34    -6.8 0.8    55.7 0.4 19.04 19.26 18.52 
J1116-1035 3566532561902107904 169.09891 -10.58771  11.47 0.20    -7.0 0.5    55.5 0.3 18.33 18.50 17.91 
J1116-0032 3791951961927535616 169.12394  -0.54362  16.73 0.18    19.2 0.3  -156.9 0.2 18.02 18.33 17.53 
J1116+3119  756823437133003136 169.15957  31.32237  23.63 0.22   -83.1 0.3   -60.7 0.3 18.00 18.38 17.47 
J1116+0627 3817262208497857024 169.16677   6.45063  26.65 0.08  -347.1 0.2   -24.5 0.1 16.64 16.88 16.22 
J1116+4903  789765733214502144 169.24729  49.05830  11.32 0.54   -21.2 0.5   -30.3 0.6 20.05 20.49 19.33 
J1117+5010  837941213142775680 169.28692  50.17562  18.57 0.26   172.6 0.2  -123.9 0.3 18.62 19.11 17.90 
J1117+4851  789712823515276416 169.34532  48.86656  11.29 0.18  -142.6 0.2     4.8 0.2 18.28 18.44 17.83 
J1117+1821 3971863297233655040 169.43301  18.35914  10.68 0.47     4.9 0.5     9.8 0.7 18.30 18.27 18.04 
J1117+2134 3991040498009369856 169.47192  21.58051  10.60 0.78   -29.4 1.1  -125.6 1.2 19.82 20.28 19.07 
J1117-1342 3564743244166615552 169.49977 -13.71252  19.65 0.22    51.7 0.4  -127.1 0.2 18.21 18.88 17.45 
J1118-0314 3790040465258127616 169.56045  -3.23390  27.34 0.07  -536.1 0.1   227.6 0.1 15.31 15.30 15.16 
J1118+3353  758449752269796864 169.63936  33.89130  13.35 0.50    54.2 0.6    66.5 0.6 19.08 19.44 18.37 
J1118-1139 3565562247185973248 169.72030 -11.65189  10.28 0.34   199.8 0.9  -126.5 0.5 19.19 19.45 18.59 
J1119+6337 1054610222893246976 169.77140  63.61764  16.14 0.39   364.8 1.4     9.7 1.4 19.45 20.22 18.58 
J1119+0220 3810933247769901696 169.80123   2.34265  26.20 0.05  -100.4 0.1    30.9 0.1 14.65 14.63 14.66 
J1119+3224  757272896870658176 169.81398  32.40767  13.50 0.30   -94.4 0.5   -52.5 0.5 18.69 18.88 18.23 
J1119+4153  771585720766099328 169.83867  41.88782  13.08 0.29    64.2 0.3   -51.7 0.3 18.52 18.85 18.03 
J1119-0107 3791660630001113344 169.91793  -1.13210  16.23 0.45  -287.9 0.9   -29.8 0.5 19.14 19.54 18.45 
J1120+5818  856770590286297472 170.03022  58.30085  10.30 0.40  -252.8 0.5   -92.1 0.7 19.77 20.29 19.08 
J1120+3745  763955591105229056 170.04974  37.75567  12.54 0.18    10.3 0.2  -173.6 0.3 17.51 17.64 17.24 
J1120+5257  839750257663742464 170.14722  52.96475  12.42 0.09    76.0 0.1   -86.6 0.1 16.77 16.71 16.73 
J1120+4734  788619668448368512 170.15923  47.57159  15.40 0.17   -46.9 0.1    51.9 0.2 18.18 18.39 17.71 
J1121+3756  763981296484951936 170.27390  37.93735  24.91 0.06   -59.6 0.1   -60.7 0.2 15.49 15.53 15.36 
J1121+1553 3967492742808436864 170.44179  15.89049  12.62 0.28    16.7 0.3    -6.0 0.3 17.66 17.77 17.36 
J1122+2839 4022081429247669632 170.56511  28.66156  21.86 0.18  -274.0 0.3   -62.3 0.3 17.84 18.21 17.32 
J1122+3818  764086604787758208 170.65854  38.30757  12.19 0.09   -61.8 0.1    50.8 0.1 15.80 15.71 15.92 
J1122+4708  788768476168350976 170.67159  47.13678  13.49 0.24    32.1 0.3   -91.0 0.3 18.50 18.74 18.03 
J1122+4342  783880704600816000 170.72888  43.71596  11.75 0.07   -62.9 0.1   -24.5 0.1 15.40 15.20 15.64 
J1122+7653 1080678230543387648 170.73455  76.89329  14.55 0.31   112.0 0.8    36.7 0.6 19.25 19.85 18.51 
J1123+5844  857552239974460160 170.79120  58.73517  10.30 0.21   -99.9 0.3   -43.6 0.3 18.69 18.93 18.30 
J1123+0956 3915026861134449664 170.86851   9.93869  10.52 0.18   -54.3 0.3    -4.9 0.3 17.70 17.74 17.53 
J1125+5419  842958082837662080 171.32763  54.32626  14.59 0.05  -138.8 0.1  -107.7 0.1 15.45 15.37 15.54 
J1125+2111 3978862277154958592 171.33793  21.18615  26.16 0.09  -265.7 0.2  -299.2 0.2 16.90 17.15 16.48 
J1125+4223  771517005584473600 171.42312  42.39290  17.59 0.07  -150.3 0.1   -26.8 0.1 16.40 16.44 16.28 
J1125+4019  770539191854568448 171.48923  40.33124  10.61 0.30   -50.9 0.4     9.6 0.4 19.03 19.32 18.42 
J1126+0906 3914160793864337280 171.52398   9.10793  12.09 0.20  -172.7 0.3   -22.0 0.3 17.95 17.99 17.85 
J1126-0653 3785295862130129792 171.52988  -6.89311  20.43 0.43  -107.2 0.6   -96.2 0.4 19.11 19.74 18.35 
J1126+1433 3967110520783248640 171.64486  14.56027  13.10 0.18    19.6 0.5   -69.1 0.3 18.26 18.53 17.83 
J1126+0916 3914169864834617984 171.67255   9.27845  10.56 0.69  -139.1 1.3    62.9 0.8 19.70 20.14 19.10 
J1126+5919  859082970614616448 171.71963  59.32118  39.36 0.03   156.2 0.0   -54.5 0.1 15.14 15.16 15.06 
J1127-0138 3796601418644353536 171.87708  -1.63426  10.53 0.22    49.3 0.4   -94.1 0.3 18.08 18.20 17.85 
J1127+0623 3814445324131846272 171.88152   6.38442  13.77 0.13     8.9 0.2   -92.6 0.1 17.04 17.13 16.81 
J1127+7531 1080303919849120128 171.90508  75.51826  18.39 0.05  -167.1 0.1  -106.3 0.1 16.65 16.71 16.48 
J1128+1825 3976920329166692736 172.00649  18.43273  12.48 0.23   -53.5 0.4   -59.9 0.4 18.11 18.30 17.76 
J1128+4150  771045212017101952 172.03324  41.83672  12.07 0.15   -24.8 0.2   -48.5 0.2 17.22 17.30 17.06 
J1128+0736 3913666009336762624 172.04076   7.60717  10.37 0.33    91.7 0.9   -32.0 0.5 19.05 19.20 18.53 
J1129+3830  767072088095193600 172.43870  38.51146  12.56 0.41  -212.1 0.5   -64.2 0.7 19.67 20.19 18.91 
J1130+6511 1056520418188043264 172.62001  65.19479  12.46 0.24   -28.7 0.4   -25.6 0.3 19.10 19.52 18.48 
J1130+1002 3914686699729551744 172.71067  10.04869  19.29 0.32   139.7 0.4  -314.2 0.3 18.29 18.71 17.63 
J1130+6647 1057653804222121600 172.74202  66.78701  13.25 0.13  -117.1 0.2    78.2 0.2 18.00 18.17 17.67 
J1131+4938  790014605097236224 172.75059  49.64063  10.07 0.07   -36.2 0.1     0.3 0.1 16.39 16.42 16.32 
J1131+0643 3910338303034941824 172.78743   6.71847  14.54 0.14   -95.9 0.2    33.7 0.2 17.21 17.34 16.91 
J1131+4920  789242022082351616 172.84348  49.34467  14.20 0.23   -93.3 0.2   -21.4 0.3 18.52 18.74 18.00 
J1131+3701  759980585988726912 172.93119  37.02438  10.85 0.07    92.1 0.1   -28.2 0.1 16.49 16.43 16.48 
J1132+3634  759949799663166464 173.02395  36.57068  12.45 0.09   131.0 0.2   -28.9 0.2 17.04 17.11 16.86 
J1132+2328 3993006940195159552 173.14132  23.48250  10.32 0.16   100.9 0.3   -24.7 0.2 18.05 18.20 17.75 
J1132-0532 3785855994584716288 173.14514  -5.54779  11.38 0.36    19.1 0.6   -70.3 0.4 18.77 18.94 18.42 
J1132+0450 3813093066563138304 173.22136   4.83665  17.33 0.46  -170.0 0.7   -32.1 0.6 18.91 19.43 18.13 
J1133+1839 3977279976843578752 173.35693  18.65967  10.08 0.28  -108.7 0.5    14.5 0.7 17.60 17.61 17.51 
J1133+6243  862946654474456832 173.44859  62.72079  21.86 0.05   -63.9 0.1   100.7 0.1 16.27 16.47 15.89 
J1134+5657  845666931600086144 173.61657  56.96365  10.35 0.34   -63.2 0.4  -129.0 0.4 19.46 19.91 18.88 
J1134+3415 4026018956480400256 173.63168  34.25388  17.75 0.36  -341.7 0.6   -11.5 1.4 18.71 19.20 18.03 
J1134+6108  859567752163281792 173.68596  61.14043  35.58 0.04    -5.9 0.1   -72.6 0.1 15.39 15.53 15.10 
J1134-0644 3593022683233287424 173.71106  -6.74270  14.60 0.54  -203.6 1.1  -148.3 0.5 19.30 19.76 18.53 
J1135+6429  864111582748403968 173.79099  64.49583  13.02 0.14   -63.6 0.2  -276.5 0.2 17.93 17.98 17.71 
J1135+1240 3917662149987657472 173.80649  12.66890  21.14 0.77    -9.8 0.5   106.9 0.4 18.32 18.74 17.58 
J1135+5724  845973046799769984 173.89297  57.41393  17.10 0.05  -187.2 0.1  -113.5 0.1 16.37 16.46 16.12 
J1136+2901 4019392852735219840 174.05827  29.02486  12.88 0.07   -25.5 0.1   -45.5 0.1 14.90 14.73 15.10 
J1136+0802 3910941183300119808 174.10035   8.03747  20.28 0.19  -192.0 0.3  -116.4 0.2 17.86 18.19 17.22 
J1136+3710  765942683495024000 174.11891  37.16882  10.00 0.47    -0.3 0.7    16.0 0.7 19.23 19.75 18.52 
J1136+1530 3972493871447452032 174.13002  15.51184  11.69 0.18  -107.4 0.3  -194.7 0.2 17.85 18.01 17.53 
J1136+1732 3973944741464447616 174.20635  17.54554  10.44 0.33    34.9 0.6   -64.5 0.4 18.77 19.16 18.17 
J1137+2947 4019458647338779648 174.27053  29.79947  63.78 0.09  -147.5 0.1   -12.8 0.1 12.51 12.37 12.70 
J1137+0343 3800902265750001664 174.29648   3.72311  15.38 0.22  -138.0 0.4  -110.4 0.3 17.74 17.89 17.44 
J1137+4951  790770583763244160 174.34534  49.85225  12.13 0.58   -22.2 0.5    97.2 0.8 19.88 20.23 19.14 
J1137+4019  767724270288678784 174.35824  40.32875  10.45 0.18    -1.6 0.2   -51.6 0.2 18.20 18.28 17.89 
J1137+2041 3979070527235441792 174.36681  20.68567  13.25 0.16  -376.2 0.2   -95.4 0.2 17.34 17.47 17.08 
J1137+2005 3978988652273088128 174.41700  20.09676  10.49 0.40   -18.8 1.0   -46.0 0.5 19.08 19.37 18.77 
J1137+1347 3918024679587352960 174.42992  13.78612  11.12 0.56   -21.3 0.5   -64.3 0.5 18.79 18.96 18.35 
J1137+3117 4024105492715825152 174.43978  31.29206  12.89 0.38  -134.5 0.4    98.3 0.6 18.62 18.90 18.13 
J1137+5740  845982667526493440 174.48529  57.67263  21.08 0.06   -20.6 0.1   -81.1 0.1 16.76 16.90 16.47 
J1138+3610  765628876004078464 174.51929  36.17223  10.66 0.82   -60.0 1.4     0.3 3.1 19.96 20.09 19.62 
J1138+1323 3917811443050820736 174.66180  13.39486  10.84 0.46   -77.0 0.5   -96.3 0.4 18.78 18.98 18.34 
J1138+6438  864108971408318848 174.68269  64.64690  15.29 0.18   -93.9 0.3    -3.4 0.2 18.57 18.75 18.22 
J1138+5527  844579995631363712 174.71936  55.46540  10.26 0.44    -7.7 0.5   -13.1 0.6 19.54 19.98 19.01 
J1139+7517 1079502577736051456 174.83251  75.29934  12.43 0.43     1.5 1.0  -117.7 0.6 19.75 20.29 19.09 
J1139+2613 4017476365313408512 174.86073  26.22209  18.93 0.24   173.1 0.3   -93.8 0.3 17.68 17.91 17.28 
J1139+4205  769375702394078208 174.92212  42.08830  10.89 0.12   -72.9 0.1   -35.3 0.1 16.61 16.60 16.58 
J1139+2305 3980784841955866624 174.97419  23.08686  15.59 0.64   -47.3 0.4  -143.1 0.3 18.42 19.13 17.66 
J1140+1824 3974116235214146432 175.02605  18.40051  10.55 0.16  -130.4 0.3   -37.8 0.2 17.99 17.96 17.90 
J1140+0112 3799009353404271488 175.03728   1.20638  20.76 0.06  -176.1 0.1   -11.5 0.1 15.79 15.83 15.66 
J1140+2322 3980865789203927680 175.05331  23.36795  14.15 0.73   -30.2 0.6   -54.8 0.5 18.84 18.80 18.78 
J1140+1245 3917712246486088064 175.21895  12.76207  17.30 0.15   -16.1 0.3   -86.4 0.2 17.77 17.99 17.37 
J1141-0132 3793871056394569600 175.27106  -1.53857  12.56 0.25    93.9 0.6  -208.2 0.3 18.37 18.46 18.04 
J1142+6624 1057020382445488512 175.53090  66.41182  10.45 0.38    64.0 0.6   -53.7 0.6 19.55 19.90 18.95 
J1142-0208 3793038176336413568 175.54492  -2.14000  11.42 0.33    80.8 0.8  -155.4 0.7 18.72 18.93 18.40 
J1142+1538 3972360517007764096 175.63190  15.64581  12.04 0.37   -70.7 0.7   -28.1 0.5 19.14 19.47 18.68 
J1143+7036 1062419637373273728 175.80837  70.60301  10.63 0.21   -29.6 0.4    66.2 0.3 18.92 19.15 18.44 
J1143+0709 3909918156449969408 175.93577   7.15561  11.61 0.58    13.7 0.8     1.8 0.5 19.37 19.67 18.73 
J1143-0131 3793132257595347200 175.96611  -1.53038  25.33 0.12  -283.7 0.2    -1.4 0.1 17.18 17.40 16.80 
J1144+4415  772875173027382016 176.07718  44.25427  10.52 0.46   -49.2 0.6   -15.7 0.6 19.69 20.16 19.04 
J1144+1009 3912968163050466560 176.08959  10.16182  19.07 0.20  -223.3 0.3  -196.9 0.2 18.21 18.61 17.70 
J1144+6623 1056993135172962176 176.09556  66.39665  16.08 0.10   -42.7 0.2   -37.7 0.2 17.61 17.75 17.32 
J1144+6629 1056998259069523584 176.16321  66.49120  15.99 0.08  -145.2 0.1   -13.9 0.1 17.29 17.50 16.91 
J1144+3641 4032338708799508096 176.19253  36.69707  11.19 0.05    36.9 0.1  -107.9 0.1 15.11 15.07 15.14 
J1145+6305  863131372427958912 176.43377  63.09828  41.64 0.05  -202.9 0.1  -344.8 0.1 16.21 16.58 15.66 
J1145+1523 3924625975601987968 176.44905  15.38389  13.55 0.60   115.2 1.3  -114.0 0.6 19.06 19.65 18.52 
J1145+3149 4021565827014024576 176.48535  31.82406  31.91 0.05  -153.9 0.1  -262.5 0.1 13.73 13.65 13.84 
J1146+0514 3897015868534544000 176.51777   5.23382  15.96 0.10   -98.8 0.2    12.4 0.2 16.81 17.02 16.41 
J1147+2001 3976193895578807296 176.78048  20.02939  12.09 0.21   -91.9 0.3    -1.0 0.3 17.81 17.90 17.58 
J1147+1253 3922740248735399168 176.78849  12.89077  11.08 0.82  -179.2 1.1   -84.0 0.8 19.70 20.17 18.95 
J1147+4303  769543893313272576 176.79136  43.05114  19.33 0.18   106.2 0.2  -178.8 0.2 18.39 18.86 17.68 
J1147+2218 3979704120809463808 176.79677  22.30892  12.75 0.57  -179.2 0.7    98.4 1.4 18.88 19.13 18.46 
J1147+2220 3979751266665795456 176.80533  22.34720  16.41 0.57   -69.9 0.8    95.1 1.4 18.86 19.20 18.43 
J1147+3009 4020794214664565120 176.89668  30.15587  16.56 0.13  -190.0 0.2    27.6 0.2 17.64 17.80 17.29 
J1147+0747 3911460633824772224 176.99022   7.79420  23.31 0.08  -309.6 0.1  -166.7 0.1 15.87 15.90 15.73 
J1148+1830 3974868644764927744 177.01326  18.51320  14.55 0.07    17.5 0.1    68.7 0.1 14.26 14.07 14.50 
J1148+3541 4032410520652747648 177.18574  35.69877  13.84 0.17   -28.5 0.3    26.1 0.4 17.99 18.20 17.59 
J1148-0126 3794415245931016320 177.21505  -1.43743  14.68 0.15   -70.5 0.3  -133.6 0.1 17.41 17.37 17.32 
J1149-0221 3602129564384942848 177.25288  -2.35844  10.65 0.29    60.3 0.5   -87.3 0.3 18.76 18.90 18.39 
J1149+6359  863418722918878848 177.29741  63.99619  10.74 0.28  -110.3 0.5  -145.2 0.4 19.37 19.70 18.74 
J1149+7254 1075122127704964864 177.48910  72.90495  10.84 0.31    88.7 0.7    46.6 0.5 19.35 19.72 18.75 
J1150+5332  840539672652621568 177.55139  53.53442  12.52 0.11   -48.2 0.1    -1.7 0.1 17.58 17.59 17.51 
J1150+2903 4019734594693512704 177.64277  29.06236  22.68 0.12  -216.9 0.1    24.5 0.1 16.59 16.73 16.17 
J1150+0342 3895853993981558400 177.66084   3.71614  21.18 0.23  -139.2 0.3  -227.9 0.3 17.57 17.88 17.08 
J1150+6312  863215004030398080 177.66300  63.20003  10.78 0.35  -234.4 0.7   -20.6 0.5 19.65 20.05 18.95 
J1150+6831 1058284412796260480 177.71833  68.52093  58.51 0.03    23.4 0.0   -41.2 0.1 15.14 15.35 14.77 
J1151+5411  840622479622035712 177.84791  54.19647  12.96 0.07  -280.5 0.1   -31.1 0.1 16.73 16.76 16.59 
J1151+0159 3892524535332945280 177.87971   1.99794  11.85 0.61    80.0 1.4  -522.7 0.6 19.78 20.22 18.97 
J1151+3915 4034516424721922560 177.90012  39.25653  10.52 0.45     8.0 0.7   -66.7 0.9 19.67 20.18 18.98 
J1151+4047  768139786900195456 177.92453  40.78743  10.73 0.07  -163.1 0.1    46.9 0.1 16.17 16.08 16.25 
J1152+1803 3974607884414675584 178.16001  18.05451  12.84 0.28  -133.0 0.3   -34.8 0.4 17.97 18.12 17.59 
J1153-0312 3601778888894719616 178.43147  -3.20967  10.75 0.17   168.6 0.4   -60.6 0.2 18.01 18.15 17.69 
J1154+3749 4034132866962718848 178.58980  37.82170  12.18 0.17    12.5 0.2   -24.0 0.2 17.59 17.70 17.31 
J1154+6001  858651549739624320 178.66043  60.02799  16.76 0.10  -144.0 0.1   -74.9 0.1 17.39 17.47 17.04 
J1154+0739 3899444135668572288 178.67372   7.66553  10.39 0.71    86.6 1.2   -66.6 0.9 19.58 19.86 19.02 
J1154+3650 4031828157446980608 178.74493  36.84853  10.54 0.11   -39.6 0.2     9.6 0.1 17.24 17.02 17.36 
J1155+3453 4031339076635734528 178.77405  34.88978  10.94 0.39  -167.8 0.6    85.0 0.4 19.25 19.42 18.80 
J1156+3233 4027510375284724608 179.05377  32.55034  14.90 0.24  -113.5 0.2  -117.1 0.2 17.60 17.72 17.40 
J1156+0143 3892281367169398016 179.06443   1.72430  14.14 0.51  -172.5 1.2   -33.6 0.4 19.22 19.60 18.49 
J1156+0503 3896442675083660288 179.12496   5.06630  12.40 0.18   -63.0 0.3   -12.1 0.2 17.46 17.57 17.22 
J1156+1013 3912412050684471680 179.14051  10.21779  11.22 1.08   -12.6 1.7  -122.7 1.4 20.06 20.47 19.49 
J1156+1822 3926968661219149184 179.18115  18.37212  37.45 0.07  -336.4 0.1     6.7 0.1 15.56 15.67 15.30 
J1157+0854 3899975238440888064 179.30433   8.91562  15.39 0.15   167.6 0.2   -81.6 0.2 17.30 17.55 16.85 
J1157+5110  791138993175412480 179.34324  51.17031  11.67 0.07   -20.1 0.1    22.0 0.1 16.35 16.32 16.35 
J1157+4107 4035180770266708992 179.48309  41.12761  10.32 1.01  -142.1 1.0   -25.9 0.9 20.00 20.55 19.25 
J1158+0005 3795052348495488896 179.56039   0.08372  29.03 0.17   -20.5 0.4   185.5 0.2 17.92 18.52 17.16 
J1158+5153  791223891790995072 179.73202  51.89909  11.50 0.34   -30.3 0.3  -137.1 0.4 19.34 19.77 18.66 
J1159+5256  792275437224230016 179.78501  52.94820  10.80 0.32  -114.8 0.4    -1.7 0.4 19.50 19.84 18.96 
J1159+1042 3918457681010093824 179.86304  10.70254  11.66 0.64  -120.6 0.8    -7.3 0.6 19.32 19.79 18.71 
J1159+1300 3919950955240152832 179.88738  13.00888  16.10 0.22  -153.3 0.3    27.7 0.2 17.82 18.02 17.37 
J1159+0007 3891115064506627840 179.96715   0.13091  35.45 0.07    67.2 0.1   -38.4 0.1 15.73 15.77 15.58 
J1200+5727 1575509800786419712 180.01123  57.45193  13.96 0.12    21.7 0.2   -83.5 0.2 17.84 18.22 17.24 
J1200+4335 1537794524729363712 180.01232  43.59474  26.76 0.05  -292.3 0.1   -40.6 0.1 15.72 15.83 15.45 
J1200+4833 1546270625514967168 180.10931  48.56396  11.17 0.14    69.6 0.2     5.7 0.2 17.58 17.67 17.33 
J1200+5403 1549228032613591040 180.19276  54.05104  10.28 0.49   -35.8 0.7     3.0 0.8 19.85 20.23 19.18 
J1200+4237 1537367257087358592 180.20593  42.62348  10.83 0.29    45.3 0.3  -124.2 0.5 18.99 19.15 18.55 
J1200+2328 4001128414114602880 180.22802  23.46969  11.94 0.56  -148.5 0.8   -91.5 0.6 19.72 20.04 19.02 
J1201+1928 3951154923437922176 180.26056  19.46684  10.60 0.62  -278.0 0.9    74.2 0.7 19.67 20.15 18.99 
J1201+0847 3900013579612540672 180.35554   8.79997  11.04 0.41   -92.7 0.6   -43.3 0.3 18.52 18.64 18.21 
J1201+0453 3894868518029804032 180.43017   4.89246  13.11 0.49  -261.3 0.9   -71.8 0.6 19.46 19.90 18.73 
J1201+3400 4028120776036373760 180.47780  34.01586  24.68 0.11   -29.6 0.2   112.5 0.1 17.34 17.59 16.85 
J1202-0313 3600899515814587904 180.50169  -3.22928  16.20 0.32   -77.6 0.7   134.4 0.3 19.14 19.74 18.38 
J1202+4929 1546780420950246912 180.58160  49.49297  12.03 0.40   -80.6 0.3  -167.7 0.4 19.56 19.93 18.82 
J1202+5344 1549208138324951936 180.64446  53.74905  12.35 0.15  -119.7 0.2    36.3 0.2 18.10 18.20 17.90 
J1203+0834 3899809757644549632 180.84987   8.56977  15.94 0.30  -183.3 0.3    94.1 0.3 17.88 18.08 17.55 
J1203+4206 1537203704733382016 180.86501  42.10037  12.93 0.22   105.6 0.2   -97.3 0.3 18.46 18.79 17.94 
J1203+0426 3894780007343533184 180.86835   4.44879  20.45 0.18  -253.6 0.3   152.4 0.2 17.52 18.01 16.89 
J1203+6450 1585063422960992256 180.88229  64.84979  11.46 0.11   -61.9 0.2  -140.2 0.2 17.66 17.54 17.68 
J1203+5910 1576088036528753408 180.88619  59.16974  10.82 0.13   -46.3 0.2   -26.7 0.2 18.02 18.05 17.86 
J1203+1422 3921843867586039808 180.90335  14.36941  13.66 0.24   -62.2 0.3  -125.7 0.2 18.00 18.12 17.63 
J1203-0023 3698872156539379968 180.94715  -0.38649  16.92 0.09  -105.1 0.1   -28.0 0.1 15.19 15.07 15.35 
J1203+1330 3920078086272085888 180.95305  13.50892  10.36 0.26    28.6 0.4   -43.6 0.2 18.41 18.55 18.11 
J1204+2008 3951290541324811520 181.10178  20.14328  10.46 0.60    91.3 0.8  -163.3 0.7 19.62 20.11 18.93 
J1204-0235 3601509985286515072 181.11912  -2.58805  13.27 0.26   105.5 0.5  -166.2 0.2 18.31 18.43 17.94 
J1204+2316 4001074538044978816 181.14694  23.26826  17.77 0.25  -140.1 0.5  -143.2 0.3 18.63 19.12 17.98 
J1204+0001 3698912834175717120 181.16419   0.02014  10.35 0.74  -205.8 1.5   -78.9 0.6 19.92 20.39 19.13 
J1204+6222 1582945145090883200 181.16452  62.37060  19.64 0.17   -24.4 0.4  -154.6 0.3 18.48 18.96 17.79 
J1204+6259 1582991152779542400 181.17896  62.99947  13.99 0.21  -114.6 0.3    23.4 0.3 18.37 18.61 17.88 
J1204+0904 3905833810054930816 181.21347   9.06704  10.26 0.50   -17.0 0.9     3.8 0.4 19.37 19.63 18.77 
J1205+5502 1573358945589364608 181.31025  55.03698  12.03 0.64   -19.5 1.1  -304.9 0.9 20.45 21.06 19.63 
J1205+0449 3894911089745430656 181.37090   4.82633  13.64 0.26  -139.6 0.4   -54.3 0.3 18.03 18.28 17.49 
J1206+0641 3898536321316235136 181.51927   6.68943  11.12 0.60  -224.3 1.2   -69.4 0.5 19.59 19.87 18.94 
J1206+2353 4002617427736191872 181.69652  23.89877  16.48 0.39   -19.5 0.6  -105.6 0.5 18.73 19.22 18.11 
J1207+2916 4013877015215909632 181.75419  29.27579  11.65 0.25   -13.0 0.4   -82.2 0.3 18.85 19.09 18.38 
J1207+3953 1536034236678159232 181.89123  39.88997  10.93 0.11    83.1 0.1   -11.6 0.2 17.56 17.63 17.33 
J1207+6855 1682022481467013504 181.94214  68.93214  11.00 0.06   -82.9 0.1    12.8 0.1 16.84 16.81 16.85 
J1208+0845 3905035495893288448 182.06448   8.76174  21.88 0.19  -132.3 0.4   -58.1 0.2 18.09 18.53 17.42 
J1208+0312 3893651289938122496 182.08362   3.21452  12.96 0.30    53.9 0.5  -129.8 0.3 18.49 18.73 17.97 
J1208+2343 4001862578644425344 182.12925  23.72608  10.05 0.19   -45.5 0.3    -5.9 0.2 18.08 18.16 17.85 
J1208+1404 3921657294207109504 182.16982  14.06991  10.92 0.52  -215.4 1.1   -40.9 0.6 19.70 20.08 19.00 
J1208+5429 1573121554156399872 182.18015  54.49596  15.17 0.09   -52.6 0.1  -105.4 0.1 17.16 17.28 16.93 
J1209+0939 3905948159264050432 182.27733   9.66445  15.33 0.31  -181.6 0.6   -80.9 0.4 18.79 19.02 18.29 
J1210+2214 4001466277717538432 182.63830  22.23404  10.30 0.14   -56.3 0.2    -7.4 0.2 17.21 17.18 17.25 
J1211+3653 4030292070983358208 182.75702  36.88872  10.10 0.11    13.7 0.2   -10.1 0.2 17.27 17.32 17.16 
J1211-0242 3598349645270793984 182.79569  -2.70592  12.33 0.29    48.9 0.6   -48.5 0.4 18.48 18.59 18.16 
J1211+0724 3904628406009296896 182.82812   7.41240  39.49 0.08   -68.6 0.2  -227.8 0.1 16.58 17.02 15.98 
J1211+2053 3951770649948609920 182.89649  20.89454  10.04 0.16   -37.2 0.2   -38.2 0.3 17.53 17.73 17.16 
J1211+5430 1573089397737635712 182.95953  54.51622  19.24 0.16    42.6 0.2  -109.2 0.2 18.38 18.83 17.69 
J1211+4953 1548117972546002560 182.99853  49.88530  14.07 0.20  -182.5 0.2    33.6 0.2 18.70 19.02 18.12 
J1212+4345 1538365922883198336 183.00931  43.75289  14.29 0.35  -210.0 0.3    54.5 0.3 18.84 19.20 18.19 
J1212+0440 3894294439815819904 183.02811   4.66979  16.82 0.38  -281.8 0.8   -54.5 0.4 19.17 19.72 18.42 
J1212+3834 1532708866839099648 183.20378  38.57000  10.87 0.24  -188.2 0.4   -44.1 0.4 18.56 18.59 18.22 
J1213+1140 3908299636678454784 183.31019  11.68057  11.79 0.12   -30.5 0.2    -5.1 0.1 17.19 17.13 17.27 
J1213+3148 4014667186119082624 183.40211  31.80193  14.47 0.08    75.9 0.1  -143.0 0.1 15.91 15.89 15.93 
J1214+0732 3901657108978035328 183.50856   7.54361  10.48 0.57  -192.1 1.6    -1.8 0.7 19.79 20.25 19.13 
J1214+6216 1582663189077609088 183.65644  62.27021  19.08 0.12  -502.3 0.2   -32.7 0.2 18.12 18.50 17.52 
J1214-0142 3694595296825212288 183.71452  -1.70358  14.96 0.32    -3.0 0.7  -104.0 0.4 18.90 19.30 18.23 
J1214-0234 3694399755554510720 183.73647  -2.56926  26.19 0.15   358.2 0.3  -419.3 0.2 17.82 18.28 17.25 
J1215+0100 3699324841795942272 183.75549   1.01607  10.96 0.61  -341.4 1.1     9.3 0.7 19.42 19.76 18.76 
J1215+0948 3905534918987016576 183.79034   9.81315  10.06 0.18     2.7 0.3    12.4 0.2 17.95 17.99 17.82 
J1215+0948 3905533368502667520 183.79211   9.81015  10.29 0.18     1.9 0.3    11.7 0.2 17.80 17.88 17.56 
J1215+0921 3905501688823640832 183.82232   9.36050  14.09 0.46  -125.2 0.9   -82.1 0.4 19.30 19.75 18.54 
J1215+1357 3921044866230104576 183.87615  13.95673  11.99 0.40   -14.9 0.6    60.3 0.4 18.98 19.42 18.45 
J1215+4630 1545050717357814272 183.88048  46.50402  21.96 0.10  -260.7 0.1    23.1 0.1 17.03 17.24 16.65 
J1215-0056 3698040337339931776 183.95310  -0.94414  11.05 0.35    10.3 0.9   -87.7 0.4 18.86 19.04 18.42 
J1216+2238 3953539321776133632 184.07698  22.64579  10.32 0.56    62.5 1.0  -106.1 0.6 19.90 20.42 19.18 
J1216+0338 3893925965982400384 184.18185   3.64500  10.69 0.29    11.2 0.7    22.8 0.3 18.94 19.23 18.44 
J1217+6848 1683330453627242752 184.25261  68.81428  30.47 0.05  -425.7 0.1    -3.5 0.1 16.89 17.12 16.49 
J1217+6404 1584734595969095424 184.25585  64.06776  10.61 0.07     9.4 0.1    75.9 0.1 17.22 17.36 16.91 
J1217+3044 4013798537573517568 184.26470  30.74669  10.10 0.25   -99.3 0.4   -93.4 0.3 18.29 18.46 17.95 
J1217+0830 3905186270720273152 184.32831   8.51108  13.13 0.85  -335.2 1.8  -306.3 1.0 20.14 20.64 19.32 
J1217+3226 4016204440813547520 184.37565  32.44274  12.37 0.14   -49.5 0.2    33.7 0.2 17.75 17.89 17.38 
J1217+3205 4016142868162408576 184.38593  32.08645  22.34 0.12  -234.7 0.2  -149.6 0.1 16.94 17.08 16.63 
J1217+0828 3902183809407583872 184.39665   8.46945  12.43 0.10   -68.0 0.3    -1.5 0.1 16.70 16.59 16.84 
J1217+3656 1531580424311162880 184.47646  36.94031  14.05 0.23    38.8 0.3  -113.7 0.2 18.56 18.82 18.01 
J1218+0320 3701701509194344576 184.67150   3.33914  12.12 0.09     5.8 0.2   -80.2 0.1 16.03 15.96 16.10 
J1218+2545 4008511467191955840 184.73402  25.76584  11.54 0.10   -11.6 0.2    -9.6 0.2 16.63 16.55 16.73 
J1219+5827 1575107070293783296 184.87412  58.46124  13.51 0.06  -100.1 0.1    20.3 0.1 16.80 16.86 16.63 
J1219+4015 1533299819978845312 184.91783  40.25609  11.12 0.22   -26.7 0.2    21.7 0.2 18.53 18.74 18.11 
J1220+5443 1572762739704662144 185.01692  54.73247  10.54 0.53   -70.0 0.7    27.0 0.7 19.93 20.29 19.38 
J1220+4414 1538625407627245056 185.07435  44.23955  20.74 0.11  -164.8 0.1  -153.0 0.1 17.49 17.66 17.14 
J1221+6520 1680980518105612672 185.27639  65.33434  12.58 0.16    10.6 0.3   -30.8 0.2 18.58 18.80 18.15 
J1221+3306 4016670251491467520 185.33749  33.10991  10.86 0.13    -5.2 0.2    70.4 0.2 17.86 17.98 17.60 
J1221+5320 1572216243769902336 185.36609  53.34938  11.08 0.16   123.8 0.2   -62.7 0.3 18.54 18.64 18.25 
J1221+5341 1572601725674655488 185.42314  53.69042  12.24 0.36   -20.1 0.4  -256.0 0.5 19.60 20.16 18.72 
J1221+4108 1533421728330980096 185.47386  41.13507  12.27 0.36    19.7 0.5   -97.5 0.4 19.51 20.02 18.81 
J1222-0243 3693488019896536704 185.62277  -2.72568  10.66 0.08  -105.1 0.2    10.0 0.1 16.81 16.81 16.79 
J1223+5410 1572454940873010176 185.85158  54.17344  11.28 0.25  -127.1 0.4    69.4 0.4 19.13 19.44 18.59 
J1223+5645 1574853491129437440 185.94334  56.75677  10.87 0.21  -104.5 0.3   -49.2 0.3 18.68 18.85 18.35 
J1223+0501 3707975009009227648 185.99644   5.02725  12.37 0.44   -36.8 1.3   -32.6 0.5 19.48 19.86 18.86 
J1224-0018 3696633688303809664 186.09464  -0.30540  20.56 0.11  -210.9 0.2     4.1 0.1 17.26 17.48 16.85 
J1224+2838 4010119017615780608 186.15467  28.64789  12.24 0.36    69.3 0.6   -61.3 0.4 19.30 19.76 18.85 
J1225+2836 4010090670831602432 186.44488  28.60082  12.53 0.30   -86.8 0.4  -258.4 0.4 18.59 18.86 18.15 
J1225+1522 3945304834382891008 186.48161  15.37798  11.99 0.41   -69.4 0.7    -1.0 0.4 19.13 19.36 18.69 
J1225+2114 3952184341199008384 186.48843  21.23352  11.85 0.36   171.0 0.5  -133.7 0.4 19.01 19.65 18.26 
J1226+1836 3947104533054775168 186.58168  18.60948  27.95 0.09  -157.0 0.1   -22.1 0.1 16.25 16.35 15.99 
J1226+3632 1519362376225775744 186.60833  36.53767  11.64 0.36  -125.0 0.5   -37.5 0.3 19.02 19.37 18.51 
J1226+4603 1541891816154999168 186.61936  46.06140  10.03 0.56   -58.1 0.7   -20.1 0.7 20.01 20.43 19.41 
J1226+3513 1518943638389520384 186.64473  35.21941  28.70 0.11  -667.9 0.2     1.1 0.1 17.23 17.70 16.63 
J1226+1949 3949023868038967808 186.67019  19.83088  11.00 0.44    81.5 0.9  -130.1 1.0 18.85 19.03 18.44 
J1226+2936 4011709259321463808 186.73438  29.61216  11.66 0.71  -170.9 1.6    -6.3 0.9 19.87 20.27 19.33 
J1226+5902 1581002544266699392 186.74473  59.04024  17.35 0.25  -135.4 0.4  -161.1 0.3 19.21 19.83 18.49 
J1227+3150 4015547856277853824 186.85154  31.83921  25.82 0.09    76.8 0.1  -187.0 0.1 16.58 16.80 16.19 
J1227+0407 3707668520142907392 186.89527   4.11766  12.69 0.21  -136.2 0.3   -76.7 0.2 17.87 17.99 17.55 
J1228+3300 4015951102167164032 187.00676  33.00932  19.19 0.19    38.8 0.3  -176.4 0.2 18.03 18.63 17.30 
J1228+0022 3696778892558087552 187.03197   0.37252  30.94 0.04   -53.4 0.1    93.3 0.1 14.96 15.01 14.81 
J1228+4150 1534836250044023168 187.04036  41.83458  13.70 0.24  -269.3 0.4    60.5 0.3 18.62 18.90 18.04 
J1228+2056 3952478391839564928 187.06829  20.94389  18.99 0.12   -92.6 0.2  -172.5 0.2 17.67 17.96 17.18 
J1228+1056 3907438925232641024 187.07512  10.93894  11.92 0.55    94.7 1.3   -45.6 0.6 19.43 19.81 18.75 
J1228-0247 3693624423762089216 187.09512  -2.79371  12.73 0.14   -54.8 0.3   -17.7 0.2 17.74 17.87 17.40 
J1228+1209 3907860278704120320 187.14612  12.15182  10.17 0.22  -188.5 0.4   -56.8 0.3 18.30 18.46 17.98 
J1229+5047 1544707665434144640 187.29349  50.79305  10.00 0.18    28.7 0.2   -85.7 0.2 18.65 18.78 18.36 
J1229+5740 1574781163879398912 187.33068  57.66885  10.80 0.38  -202.1 0.6    25.3 0.6 19.51 19.85 18.86 
J1229+4126 1534719152051775616 187.33372  41.43658  10.32 0.31   -51.4 0.3    13.3 0.3 18.71 18.90 18.29 
J1229+3103 4012449333727266688 187.43958  31.05403  15.26 0.23  -271.6 0.3   -33.6 0.2 18.45 18.78 17.98 
J1230+3034 4012048699177439744 187.52966  30.57938  15.90 0.39  -182.2 0.6   -11.3 0.3 19.30 20.05 18.54 
J1230+2543 3960660407621272576 187.58916  25.73115  12.31 0.41    78.1 0.6   -92.8 0.5 19.22 19.59 18.60 
J1231+3924 1533568375694548480 187.79108  39.40552  15.96 0.22   -47.4 0.3  -107.9 0.2 18.53 18.87 17.98 
J1231+3341 1517997504338290432 187.88469  33.69002  10.31 0.39  -182.8 0.5   -15.1 0.4 19.29 19.67 18.81 
J1231-0132 3695495693769418112 187.89289  -1.53568  13.14 0.06  -200.6 0.1     5.1 0.1 14.46 14.33 14.63 
J1231+2444 3959991973267755904 187.93155  24.74806  10.15 0.75    56.1 1.0  -118.1 1.0 19.88 20.33 19.22 
J1231+0531 3708253980021111168 187.93267   5.53155  11.94 0.10    52.1 0.2  -125.9 0.2 17.40 17.48 17.18 
J1231+3234 4015679213557387264 187.94511  32.56681  11.86 0.39  -257.3 0.8   -57.5 0.4 19.48 19.98 18.89 
J1231+2018 3949197105545275264 187.97173  20.31455  11.24 0.34  -109.1 0.6    89.6 0.4 19.17 19.72 18.45 
J1232+3234 4012697887778691328 188.21765  32.57193  16.21 0.33  -269.2 0.4   -46.1 0.3 19.14 19.75 18.43 
J1233+0302 3706548701910085760 188.26801   3.04592  10.65 0.65   -29.3 1.4   -34.5 0.7 19.82 20.33 19.09 
J1233+0824 3902698243410506112 188.30554   8.40137  12.25 0.29  -174.3 0.6   146.4 0.3 18.38 18.54 18.02 
J1233+0822 3902697968532578048 188.32241   8.37547  11.84 0.34  -175.4 0.8   146.5 0.4 18.89 19.12 18.28 
J1233+0607 3708578473389974528 188.34319   6.11821  26.46 0.20   -83.8 0.4  -356.7 0.2 17.75 18.16 17.18 
J1233+6745 1682417167486191360 188.34885  67.75826  10.12 0.08  -108.7 0.1     7.0 0.1 17.00 17.05 16.89 
J1233+1929 3948718856642651904 188.39065  19.48773  18.51 0.31  -152.3 0.5  -172.2 0.4 18.85 19.41 18.14 
J1233+2825 4010592357371458944 188.39129  28.42393  13.46 0.29   104.3 0.4  -123.4 0.2 18.83 19.13 18.35 
J1234+2522 3960460743178289152 188.51651  25.37784  10.26 0.74   -75.3 1.1   -60.4 0.8 19.94 20.45 19.25 
J1234+4427 1541515856193995776 188.52094  44.46375  10.60 0.49   -48.7 0.4   -37.6 0.7 19.70 20.00 19.09 
J1234+0109 3697125646741428224 188.53254   1.16298  12.14 0.34  -288.0 0.8   -49.6 0.4 19.32 19.66 18.62 
J1234+5808 1577900791900994688 188.54602  58.13771  10.05 0.05    33.0 0.1    15.8 0.1 16.62 16.58 16.66 
J1234+1054 3904294940452344576 188.60118  10.90341  14.75 0.29    27.1 0.4  -187.3 0.3 18.46 18.78 17.90 
J1234+6045 1583023618437189504 188.60470  60.75041  12.60 0.11  -145.3 0.2  -150.6 0.2 17.86 18.01 17.51 
J1234+6605 1680532535836237440 188.68507  66.08546  14.58 0.21  -187.0 0.3   -79.4 0.3 18.80 19.17 18.22 
J1234+0547 3708366954839619328 188.70291   5.78879  19.84 0.12  -219.1 0.3    96.5 0.2 17.30 17.44 17.02 
J1234+1503 3933386712453327360 188.70779  15.06308  14.35 0.25   -15.3 0.7  -144.2 0.3 18.40 18.68 17.95 
J1235+2107 3949551801124462976 188.78220  21.12409  13.94 0.20  -120.0 0.3   -42.5 0.2 18.33 18.55 17.95 
J1235+2318 3958889751516035200 188.80168  23.30762  14.59 0.15    71.8 0.2  -218.5 0.1 17.23 17.35 16.95 
J1235+0814 3902583722402774784 188.86031   8.23957  15.15 0.25  -172.5 0.6  -278.2 0.4 18.68 18.95 18.24 
J1235-2303 3501254041165084544 188.87288 -23.06225  18.53 0.33  -175.7 0.6  -126.2 0.3 19.07 19.68 18.25 
J1235+3918 1533514911941019008 188.89546  39.30549  12.56 0.11    54.2 0.1   -54.7 0.1 17.18 17.16 17.04 
J1235+4403 1540651193376855680 188.96539  44.05086  15.12 0.30   185.3 0.3  -258.2 0.3 19.24 19.86 18.49 
J1235+4109 1533950318546008448 188.96752  41.16054  16.56 0.47  -510.4 0.5   189.7 0.6 19.66 20.47 18.72 
J1235+3232 1514641897929708800 188.99092  32.53642  16.53 0.35   -87.9 0.5    54.1 0.3 19.10 19.65 18.38 
J1236+1448 3932607193069290752 189.19371  14.81100  11.56 0.53  -233.3 1.0  -159.1 0.8 19.33 19.73 18.63 
J1236+3307 1514736047908364928 189.24243  33.13322  11.48 0.13   -53.9 0.2    25.2 0.2 17.57 17.57 17.45 
J1237+1814 3947604806549970560 189.25261  18.24894  13.67 0.12  -172.0 0.3  -136.7 0.2 16.83 16.84 16.73 
J1237+3448 1518352719609121280 189.38112  34.80618  12.60 0.10    27.2 0.2   -22.1 0.1 17.48 17.55 17.32 
J1237+2323 3958861915832531328 189.39387  23.38374  12.82 0.56   -99.4 1.3    25.7 0.4 19.76 20.50 19.04 
J1237+5028 1568436951724556416 189.39702  50.46677  16.66 0.07    69.1 0.1    -8.4 0.1 16.86 16.95 16.61 
J1238-1648 3523287498271504128 189.50181 -16.80363  13.59 0.41  -336.7 0.8     4.9 0.4 19.47 19.85 18.77 
J1238+4706 1542901000329134336 189.55408  47.11508  11.05 0.29  -200.3 0.3    11.2 0.3 19.08 19.40 18.51 
J1238+2633 3962125442437204096 189.57184  26.55802  15.15 0.55    -8.6 0.8  -254.0 0.4 19.67 20.26 18.95 
J1238+5755 1577838944371859456 189.58699  57.93122  10.22 0.39  -204.1 0.7     6.8 0.5 19.81 20.26 19.13 
J1238+4931 1544353553970169728 189.58918  49.51706  10.22 0.30  -165.3 0.3    -6.5 0.3 19.22 19.46 18.83 
J1238+5840 1578256136019422080 189.63491  58.67271  10.08 0.34   -86.8 0.5   -22.2 0.4 19.17 19.39 18.67 
J1238-0045 3695839596094423296 189.63660  -0.75829  12.22 0.23   -65.7 0.5     5.2 0.4 18.40 18.59 17.94 
J1238+3518 1518401299983488256 189.65182  35.30241  10.67 0.34  -218.0 0.5    37.4 0.3 19.21 19.56 18.69 
J1238+2633 3962123479637203200 189.72081  26.55971  14.80 0.31  -140.9 0.5   -22.1 0.3 19.00 19.37 18.42 
J1238+3933 1521599470071180672 189.74902  39.55295  14.48 0.22    20.4 0.3   -79.0 0.2 18.23 18.43 17.83 
J1239+4525 1541286711100812160 189.80729  45.41828  37.21 0.07  -646.8 0.1  -537.1 0.1 16.38 16.60 15.95 
J1239+4638 1542850487215495168 189.81020  46.63581  11.01 0.46    12.4 0.4   -99.9 0.5 19.73 20.08 19.04 
J1240+3624 1518753178064521728 190.01518  36.40857  10.03 0.36    94.7 0.5    35.2 0.4 19.23 19.58 18.73 
J1240-1002 3578787203109091968 190.01989 -10.04510  17.27 0.18  -104.4 0.4   -28.5 0.2 18.14 18.52 17.63 
J1240-0310 3682835848166848896 190.03887  -3.17038  23.50 0.07  -215.5 0.1    51.5 0.1 15.97 15.99 15.85 
J1240+3327 1514812871987565568 190.09485  33.46514  10.18 0.67    91.3 1.1   -29.9 0.8 20.07 20.67 19.34 
J1240-2317 3501922067493606272 190.09717 -23.29890  23.85 0.07  -760.8 0.1  -796.5 0.1 16.36 16.71 15.83 
J1240+1807 3935942939548822272 190.12438  18.12423  25.38 0.14  -590.3 0.2  -103.4 0.1 17.46 17.89 16.90 
J1240+0932 3903151246497510784 190.15123   9.53545  16.01 0.23    80.7 0.5  -152.1 0.3 18.20 18.40 17.77 
J1241-0733 3676222491884053376 190.41635  -7.55149  12.08 0.15  -171.8 0.2    29.1 0.1 16.81 16.85 16.69 
J1241+2614 3961323069532233984 190.43223  26.24639  12.18 0.27  -178.2 0.4   -21.2 0.2 18.74 19.06 18.24 
J1241+4706 1542933401563275136 190.43854  47.10598  10.90 0.08  -230.4 0.1     4.1 0.1 17.17 17.21 17.00 
J1241-1506 3526928874624208128 190.44170 -15.10834  11.49 0.24   -66.3 0.5   -69.1 0.3 18.51 18.61 18.29 
J1241+5322 1570659781981537024 190.44555  53.36740  15.33 0.24   129.3 0.3  -189.6 0.3 19.10 19.49 18.51 
J1242+5415 1570828282138630400 190.51698  54.25407  11.07 0.21  -106.4 0.3  -129.5 0.3 18.89 19.36 18.22 
J1242+2733 3962296416495937152 190.54452  27.56217  19.62 0.16  -177.5 0.2    28.6 0.2 18.06 18.43 17.54 
J1242+2957 4011194202932877696 190.54825  29.96439  18.52 0.23  -495.8 0.3  -346.0 0.2 18.69 19.20 18.04 
J1242+1557 3934289587593617664 190.55987  15.96400  12.65 0.38   110.2 0.8  -113.4 0.4 19.29 19.75 18.59 
J1242-1623 3523596186160340992 190.61913 -16.38692  10.51 0.44  -305.3 0.8    39.6 0.4 19.40 19.74 18.91 
J1242+1311 3929166408868873344 190.64257  13.19412  22.09 0.19  -262.0 0.4  -209.6 0.2 18.10 18.56 17.46 
J1242+1123 3927653893186082176 190.64786  11.39897  12.51 0.27   -22.5 0.6   -54.6 0.3 18.71 18.90 18.21 
J1242+1846 3936094878312557184 190.67115  18.77775  12.88 0.16   -87.3 0.3    -9.5 0.2 17.80 17.90 17.54 
J1242+4755 1543356369938446720 190.70171  47.92078  11.53 0.35   -98.7 0.4  -174.1 0.4 19.43 19.94 18.79 
J1242-0211 3683074094297008128 190.72099  -2.18979  14.93 0.25    20.5 0.6  -106.7 0.4 18.17 18.45 17.71 
J1242+6542 1680452683804651520 190.74226  65.70500  17.67 0.09  -103.0 0.1  -125.6 0.1 17.43 17.62 17.05 
J1243+3400 1515219691289797632 190.80818  34.00346  11.37 0.42    19.1 0.7   -90.4 0.5 19.85 20.36 19.05 
J1243+6712 1682144424177509888 190.90400  67.21441  10.76 0.21  -203.8 0.4   -12.8 0.3 18.81 18.95 18.45 
J1243+4805 1543370904111505408 190.92341  48.09304  12.53 0.08   -84.9 0.1    31.4 0.1 17.00 16.95 17.03 
J1243+0524 3708799608370516736 190.98699   5.40510  10.09 0.35   -80.2 0.8   -72.4 0.4 19.15 19.54 18.68 
J1244-1255 3529016744125888896 191.08538 -12.92749  15.37 0.22    -4.6 0.4   -94.6 0.2 18.61 18.93 18.13 
J1244-0119 3683519503881169920 191.11881  -1.31681  11.90 0.08   -56.8 0.2  -171.4 0.1 14.01 13.85 14.20 
J1244-1947 3503786766199868416 191.16047 -19.78408  11.99 0.29  -151.4 0.5     0.7 0.3 18.76 18.91 18.37 
J1244+1840 3936036638555796224 191.16705  18.67513  11.89 0.43  -124.0 0.9  -141.8 0.6 19.68 20.14 18.99 
J1244+0901 3710931217819026560 191.23897   9.02591  10.93 0.42   -76.1 0.9  -161.1 0.4 19.48 19.80 18.85 
J1244+1940 3954167379139173632 191.24401  19.66861  13.38 0.46   -25.7 0.8   -45.5 0.5 19.51 20.08 18.79 
J1245+1205 3928077827935031168 191.33584  12.09185  12.18 0.25    -6.6 0.4   -54.4 0.2 18.29 18.48 17.87 
J1245+4238 1540371883066128768 191.39854  42.63996  14.12 0.10    19.1 0.1   -54.1 0.1 17.11 17.13 16.95 
J1245-2253 3501987282276925696 191.46499 -22.89807  11.58 0.43   -61.6 0.6    46.9 0.5 19.19 19.49 18.66 
J1245-1837 3521882906526249088 191.48077 -18.63310  10.31 0.27   -33.2 0.5   -48.2 0.3 18.84 19.05 18.51 
J1246+0937 3734983412634263936 191.53193   9.62063  11.09 0.49    26.7 1.1   -62.0 0.5 19.69 20.08 19.00 
J1246+1155 3928060510626899200 191.62511  11.92298  12.51 0.13   -83.1 0.3   134.7 0.1 17.44 17.49 17.25 
J1247+1442 3930922058356114560 191.80973  14.70922  16.39 0.05  -354.6 0.1   148.6 0.1 15.91 15.93 15.84 
J1247-1248 3528847870307147136 191.86045 -12.81118  24.09 0.05  -203.1 0.1    33.7 0.1 14.73 14.69 14.77 
J1247+0646 3709565658737443200 191.91137   6.76816  19.06 0.28  -383.5 0.7    70.4 0.3 18.85 19.42 18.07 
J1247-0111 3683627840135415808 191.95407  -1.18693  21.34 0.08    78.2 0.2  -181.1 0.1 16.79 16.95 16.44 
J1248+1230 3928119295842399360 192.05167  12.51172  13.86 0.23   101.3 0.5   -92.7 0.2 18.56 18.74 18.15 
J1248+0612 3708970651148026112 192.11223   6.20696  10.90 0.61  -193.7 1.4  -109.6 0.6 20.17 20.62 19.38 
J1248+4153 1528190393741232000 192.19827  41.88549  11.09 0.08    -7.2 0.1   -71.9 0.1 16.41 16.38 16.42 
J1248+1222 3928101738016062336 192.24360  12.38029  10.49 0.19   -78.2 0.3   -95.5 0.2 18.13 18.28 17.82 
J1249+4312 1528722694807934720 192.35229  43.20082  10.30 0.41   105.3 0.4  -103.2 0.5 19.71 20.14 19.03 
J1249+0933 3734940188083120896 192.35418   9.55604  16.95 0.33  -188.1 0.6    98.3 0.3 18.85 19.35 18.16 
J1249+1610 3934531063539402752 192.38848  16.18102  14.74 0.34   -66.7 0.6    69.3 0.4 19.10 19.57 18.38 
J1250+2651 3961591831405665280 192.69486  26.86298  12.50 0.54  -336.2 0.8    66.3 0.5 19.58 19.98 18.86 
J1251+0326 3704568344029167744 192.86248   3.43365  12.37 0.62    21.3 1.5   -50.5 0.7 19.94 20.57 19.03 
J1251+2912 1464837457164974976 192.92722  29.20630  10.92 0.76   -51.0 0.8    94.3 0.6 19.89 20.31 19.21 
J1252+0744 3709743195505951744 193.00595   7.74390  16.22 0.31   -66.7 0.6  -139.7 0.3 18.77 19.21 18.12 
J1252+1756 3940955205038857728 193.09668  17.94861  10.80 0.06   -99.6 0.1    26.5 0.1 15.48 15.35 15.65 
J1252-0234 3682469122383597056 193.12910  -2.57176  12.94 0.11    49.6 0.3   -39.9 0.2 17.48 17.58 17.19 
J1253+2203 3954947379559880064 193.28052  22.06607  18.96 0.22  -173.9 0.5  -124.4 0.3 18.45 18.89 17.80 
J1253+3437 1515869884914637824 193.30110  34.62118  17.03 0.28  -308.6 0.4   173.6 0.3 18.82 19.31 18.10 
J1253+0355 3704624487842182656 193.34147   3.92969  13.67 0.23  -137.0 0.5   -32.3 0.3 18.22 18.49 17.79 
J1253+0302 3704492619460777472 193.36792   3.04625  11.95 0.68  -205.0 1.3  -181.0 0.8 20.24 20.86 19.42 
J1254+3620 1517239773324267904 193.54577  36.34947  35.02 0.09  -407.8 0.1   -22.9 0.1 17.18 17.71 16.50 
J1254-0236 3682412703692940032 193.55683  -2.60303  12.71 0.19  -143.8 0.4  -152.8 0.2 18.29 18.45 17.99 
J1254+1432 3930720263611949056 193.65576  14.54486  14.05 0.83    42.3 1.8   -45.9 1.0 20.12 20.88 19.24 
J1254+3203 1465871650930738048 193.65711  32.05824  21.62 0.25  -150.2 0.3     9.8 0.2 18.57 19.24 17.78 
J1254+1432 3930720057454344960 193.65982  14.54108  13.35 0.12    41.6 0.2   -46.2 0.2 16.95 16.94 16.83 
J1254+4918 1555410036744248832 193.69263  49.30510  10.30 0.24     9.8 0.3   -54.2 0.3 19.06 19.29 18.59 
J1254+2343 3956905747207784576 193.72290  23.73263  13.34 0.46    91.6 0.9  -144.0 0.5 19.70 20.34 18.95 
J1254+2054 3942685179209931008 193.74030  20.90543  11.36 0.22   -77.6 0.5    30.7 0.3 18.63 18.82 18.26 
J1255+4655 1531097433767946240 193.77837  46.92142  26.95 0.17 -1092.3 0.2  -113.2 0.2 18.42 18.88 17.71 
J1255+3701 1517475790365881856 193.89902  37.02961  10.06 0.54  -320.6 0.7   -14.9 0.6 19.88 20.33 19.12 
J1255+0806 3733613970901618816 193.91316   8.11563  11.12 0.36  -108.2 0.8   -66.9 0.4 19.16 19.53 18.60 
J1256+4058 1527224404056238848 194.01850  40.96809  16.16 0.36    61.6 0.4   -78.6 0.4 19.11 19.65 18.37 
J1256+1551 3931506719368273792 194.02990  15.85413  12.43 0.15   -78.3 0.3   -30.5 0.2 17.81 17.87 17.61 
J1256+1839 3941103359935056640 194.03881  18.66525  10.13 0.35   -59.6 0.6   -95.5 0.4 18.95 19.14 18.54 
J1256+0829 3733908708737313920 194.16556   8.49480  17.21 0.20    10.4 0.4    16.1 0.3 18.33 18.65 17.78 
J1256+1355 3929872707650824320 194.24564  13.91823  10.06 0.28     3.5 0.8  -102.9 0.4 19.00 19.30 18.59 
J1257+2201 3944400490365194368 194.25950  22.03041  14.58 0.06   -38.4 0.1  -203.0 0.1 13.32 13.08 13.63 
J1257+3414 1515693894335906688 194.31473  34.24413  18.10 0.09    -2.6 0.1   -42.2 0.1 16.77 16.81 16.64 
J1257+5127 1557524191442926336 194.33997  51.45618  10.29 0.22  -107.8 0.3   -28.8 0.3 18.85 18.89 18.56 
J1257+2911 1464134289414972288 194.41496  29.19315  13.73 0.14   -55.5 0.2   -31.3 0.2 17.82 18.03 17.46 
J1257+2312 3956630388264212992 194.41572  23.20871  10.29 0.45    95.3 0.6   -82.7 0.5 19.18 19.46 18.68 
J1257+3626 1517211697121965440 194.41769  36.43958  10.98 0.61   -45.7 0.9    88.1 0.8 19.97 20.42 19.19 
J1258+5014 1555883930548870400 194.51759  50.24599  19.96 0.06  -184.4 0.1   -10.1 0.1 16.53 16.63 16.30 
J1258+5325 1570111709795010816 194.55904  53.43290  11.59 0.30   -15.8 0.3   -18.0 0.4 19.29 19.73 18.70 
J1258+2013 3942390956770954240 194.60164  20.23135  10.92 0.74   -32.8 1.4  -287.3 0.8 20.24 20.81 19.35 
J1258+1946 3941619958601686016 194.66677  19.77820  16.50 0.31  -114.3 0.5   -51.5 0.4 19.01 19.59 18.25 
J1259-0102 3688697924474802176 194.83162  -1.03397  10.79 0.27    49.0 0.6   -69.2 0.3 18.97 19.31 18.43 
J1259+6154 1675699568051964800 194.83315  61.90922  15.69 0.31  -360.1 0.6   -65.0 0.4 19.58 20.13 18.67 
J1259+0442 3705109338109763712 194.85871   4.70245  19.30 0.29   194.6 0.6   -59.5 0.5 18.68 19.24 17.96 
J1259+2754 1460807304669403136 194.89405  27.91443  10.29 0.12   -30.3 0.2   -49.6 0.1 17.44 17.42 17.32 
J1259+6234 1675850407304241536 194.91728  62.58125  19.40 0.09  -263.1 0.2   172.3 0.1 17.78 17.98 17.41 
J1259+0431 3705070756419217408 194.95947   4.52356  13.14 0.06   -75.6 0.1  -104.0 0.1 14.97 14.83 15.17 
J1300+2359 3957067310993650048 195.00929  23.99420  14.96 0.40    62.1 0.7  -163.8 0.5 19.52 20.12 18.73 
J1300+0328 3704392873140270336 195.03587   3.47434  60.80 0.20  -439.2 0.7  -866.0 0.2 15.65 16.00 15.13 
J1300+1817 3940853397134158848 195.06127  18.29294  11.94 0.07  -101.4 0.2    11.4 0.1 16.46 16.51 16.32 
J1300+5738 1577076089460578816 195.07699  57.64697  10.14 0.44    17.9 0.9  -127.6 0.7 19.85 20.31 19.14 
J1300+0130 3690395231125833600 195.08698   1.51323  27.72 0.12  -373.9 0.2   143.0 0.2 17.29 17.68 16.72 
J1300+3931 1523861990123367808 195.13296  39.52174  10.95 0.38   -22.0 0.5   -88.6 0.5 19.68 20.02 18.97 
J1300+5904 1578748824604827648 195.13971  59.06887  15.59 0.15    37.4 0.2    71.9 0.2 17.95 18.21 17.50 
J1300+5904 1578748858964566400 195.14699  59.07131  15.42 0.05    39.1 0.1    71.4 0.1 15.40 15.33 15.49 
J1300+0836 3733693754214402816 195.16953   8.60957  11.88 0.26   -44.7 0.6    45.5 0.3 18.83 19.03 18.29 
J1301+1520 3930500666228897536 195.29485  15.34755  12.36 0.22    32.9 0.6    29.8 0.3 18.45 18.65 18.09 
J1301+3813 1523467402887806336 195.29581  38.22639  11.53 0.50     7.6 0.7   -42.1 0.6 19.88 20.31 19.17 
J1301+6713 1679365202380970880 195.33962  67.21883  32.46 0.05   142.6 0.1    27.4 0.1 16.44 16.65 16.07 
J1301+5757 1578585611551014528 195.40062  57.95059  15.37 0.21   178.8 0.3  -107.1 0.3 18.62 18.91 18.12 
J1301+2600 1460293317343353344 195.43353  26.01141  15.39 0.13   112.5 0.2  -121.2 0.2 17.55 17.73 17.19 
J1301-0235 3685203985758805120 195.46775  -2.59708  10.69 0.43    96.8 0.9   -69.2 0.4 19.53 19.72 19.16 
J1302+2120 3944082692848953088 195.69430  21.33802  12.37 0.19    28.0 0.4   -30.0 0.3 18.52 18.73 18.11 
J1302+3105 1464773616771051136 195.70456  31.09175  10.57 0.85   -42.0 1.3   -91.5 1.0 20.29 20.72 19.53 
J1303+3854 1523586253222618112 195.75434  38.90020  10.67 0.30   -34.3 0.5   -37.4 0.4 19.18 19.47 18.73 
J1303-0323 3684329706511747840 195.80445  -3.39057  15.48 0.09    32.4 0.2  -136.6 0.1 16.74 16.89 16.41 
J1303+2603 1459546263999675264 195.82046  26.05421  26.30 0.20  -845.7 0.4   106.9 0.3 18.41 19.07 17.63 
J1303+1949 3941482519648231296 195.86426  19.81932  11.77 0.19    37.1 0.4   -53.8 0.2 18.19 18.41 17.82 
J1304+3944 1524205557443256192 196.03523  39.74724  24.08 0.15    -9.0 0.1  -103.5 0.2 17.98 18.49 17.30 
J1304+0126 3691095100341397632 196.12260   1.43660  13.50 0.50    -3.0 1.0    22.3 0.6 19.64 19.93 19.15 
J1304+5927 1579147088331814144 196.13336  59.45941  16.84 0.04   -84.7 0.1    67.3 0.1 14.49 14.30 14.69 
J1304+5447 1564321200527368704 196.13368  54.78517  14.40 0.29     4.8 0.4   -50.8 0.4 19.52 19.95 18.88 
J1304+1257 3737732878898142208 196.14334  12.96516  18.66 0.24   -97.2 0.5  -168.1 0.3 18.79 19.42 18.09 
J1304-0041 3686053976966539136 196.20004  -0.68920  10.71 0.37   -77.4 0.7  -117.6 0.3 18.87 19.30 18.15 
J1305+6034 1579314622119638400 196.31286  60.56759  10.50 0.11    20.1 0.2   -32.7 0.1 17.95 17.98 17.79 
J1305+1525 3936440262402010368 196.42765  15.42812  10.32 0.11   -88.1 0.3     4.5 0.2 17.33 17.37 17.20 
J1306+1811 3938160280840704000 196.52904  18.18975  13.64 0.16   -15.3 0.3    10.1 0.2 17.87 17.95 17.65 
J1306+3424 1467956668578931840 196.61772  34.41660  11.49 0.37  -142.6 0.6   -25.9 0.5 19.56 20.12 18.90 
J1306+4534 1529995065983144064 196.63564  45.56971  10.59 0.28    63.5 0.3   -83.5 0.3 19.33 19.65 18.69 
J1306+4355 1529609897612606592 196.66479  43.93328  12.04 0.14  -298.7 0.1  -166.8 0.2 18.20 18.41 17.76 
J1306+1750 3937959615673187712 196.66640  17.84167  10.65 0.25  -111.0 0.5   -92.9 0.3 18.53 18.76 18.09 
J1307+4910 1554850591480752384 196.79970  49.18277  12.85 0.22    21.7 0.3   -39.7 0.3 18.82 19.21 18.29 
J1307+2227 3944621251683633024 196.81433  22.45574  13.15 0.09  -100.1 0.2    79.9 0.1 16.50 16.50 16.44 
J1307+2602 1459590725116218752 196.96505  26.04608  11.19 0.45  -230.8 1.0   -55.5 0.7 19.75 20.21 19.10 
J1308+1524 3936265787946147712 197.00729  15.41109  17.75 0.17    -3.9 0.4   -60.4 0.2 18.35 18.62 17.83 
J1308+0013 3690709554012428416 197.08622   0.22482  10.09 0.11  -104.6 0.2   -48.2 0.1 16.39 16.35 16.47 
J1308+5754 1566530913957066240 197.20201  57.91029  10.89 0.09   -74.2 0.2    11.0 0.1 16.81 16.79 16.82 
J1309+2328 3944830674288852352 197.36853  23.47096  17.52 0.36    68.2 0.7  -172.0 0.5 19.42 19.97 18.71 
J1309+3509 1474090607723007104 197.48913  35.16320  20.86 0.05  -226.1 0.1    22.2 0.1 15.34 15.33 15.30 
J1310+3057 1466070426313113088 197.53266  30.95344  16.76 0.08    11.9 0.1    -5.0 0.1 17.05 17.37 16.57 
J1310+6118 1675399225287958272 197.58917  61.30136  10.73 0.30  -295.5 0.6    36.4 0.4 19.14 19.39 18.57 
J1310-0202 3684909561456453248 197.69352  -2.03986  13.69 0.26   -74.0 0.5    47.6 0.3 18.42 18.65 17.99 
J1310+1214 3736695803210593664 197.71304  12.23682  10.64 0.14    36.3 0.3   -11.3 0.2 17.70 17.79 17.45 
J1310+6746 1679458897091659008 197.71695  67.77466  13.90 0.20  -282.5 0.3   -65.6 0.3 18.67 18.92 18.26 
J1311+1631 3936999437080327040 197.77504  16.51746  20.72 0.04   -70.0 0.1   -64.1 0.1 15.72 15.74 15.67 
J1311+3837 1523116177642231808 197.85067  38.62133  12.86 0.20   -95.3 0.3  -147.4 0.2 18.47 18.66 18.11 
J1311-0034 3687414210289577344 197.85446  -0.56722  12.16 0.27   -58.7 0.6   -36.1 0.3 18.83 19.06 18.41 
J1311+2923 1462641629366243712 197.94423  29.39854  18.42 0.19  -380.7 0.3   327.0 0.3 18.46 19.05 17.65 
J1311+3347 1467011054214315776 197.96113  33.78338  13.66 0.26  -164.6 0.3   -39.4 0.3 18.78 19.04 18.26 
J1313+0226 3691685882071367936 198.30153   2.44558  32.30 0.19  -746.9 0.4  -112.0 0.2 17.90 18.60 17.13 
J1313+5737 1566553007268519168 198.40273  57.63234  14.71 0.06  -195.1 0.1  -335.6 0.1 16.84 16.88 16.72 
J1313-0223 3684741301817503872 198.42055  -2.38512  19.42 0.11    69.1 0.2  -115.8 0.1 17.37 17.61 16.96 
J1313+1341 3743646365965636352 198.42599  13.68673  16.02 0.10    67.0 0.2   -41.8 0.2 17.05 17.08 16.90 
J1313+1057 3733305179932909312 198.49387  10.95972  15.74 0.27  -114.5 0.7  -200.4 0.5 18.52 18.83 17.99 
J1314+5327 1563260687202320256 198.56845  53.46666  13.31 0.06     0.9 0.1     0.9 0.1 16.83 16.82 16.74 
J1314+0700 3729759568466399488 198.58528   7.01401  10.84 0.13  -177.3 0.2   -51.9 0.1 17.17 17.22 17.03 
J1314+1732 3937174942327932544 198.60976  17.54098  12.26 0.21   -43.9 0.5   -56.9 0.4 18.46 18.66 18.14 
J1314+1732 3937174946624964224 198.61165  17.53573  12.32 0.06   -41.7 0.1   -56.7 0.1 16.30 16.28 16.30 
J1314+1010 3732829885967805056 198.67617  10.18037  13.93 0.41   -73.1 0.7   -20.8 0.5 19.19 19.71 18.46 
J1314+1456 3744078023062858624 198.69841  14.93756  17.93 0.14  -251.7 0.3  -103.6 0.2 18.01 18.30 17.56 
J1315+6046 1663349849153677952 198.83055  60.77742  12.19 0.12   -75.3 0.2   -29.0 0.2 18.20 18.37 17.85 
J1315+6432 1677716789636812160 198.88906  64.54613  12.07 0.37   -15.8 0.7   -43.7 0.5 19.70 20.21 18.99 
J1315+4711 1551346520939849728 198.89504  47.18519  11.83 0.10    70.6 0.1  -171.6 0.1 17.69 17.75 17.47 
J1315+1416 3743786072660949120 198.98536  14.28185  19.33 0.21   -10.8 0.5  -323.6 0.3 18.45 19.01 17.79 
J1316+6746 1684701849569650432 199.04583  67.77016  12.23 0.31  -128.3 0.6     3.1 0.4 19.33 19.66 18.76 
J1316+2629 1447761801067600128 199.07882  26.48850  11.34 0.36   -42.4 0.7   -59.9 0.5 19.43 19.94 18.80 
J1316+3236 1466654606288277632 199.12009  32.60791  10.52 0.24    35.4 0.4   -61.4 0.4 19.00 19.28 18.47 
J1316+0810 3731530843043705216 199.16948   8.18297  11.40 0.26   -50.9 0.5    -1.6 0.2 18.39 18.58 18.07 
J1316+4612 1551279240274526208 199.18738  46.21633  14.90 0.22   -93.4 0.2   -66.0 0.3 18.95 19.31 18.33 
J1316+0149 3688402091422432128 199.19937   1.82716  13.08 0.27   136.2 0.5  -150.9 0.3 18.19 18.39 17.75 
J1316+2910 1461916982483364864 199.22372  29.17385  10.19 0.49  -120.7 0.7   -11.8 0.8 19.76 20.24 19.14 
J1317+4924 1556162240133919744 199.25798  49.41575  11.86 0.32    -7.2 0.5    47.6 0.4 19.42 19.88 18.72 
J1317+4833 1556005701461744640 199.37814  48.55869  25.53 0.07   -68.9 0.1  -113.3 0.1 17.15 17.45 16.63 
J1317+0621 3717651845204820864 199.40694   6.35534  22.17 0.21   246.8 0.5  -153.0 0.2 18.03 18.49 17.40 
J1317+4434 1550492952021749248 199.41018  44.58185  13.56 0.14   -25.6 0.2   102.0 0.2 18.43 18.59 18.03 
J1317+2157 3943650619138622848 199.45392  21.95258  31.51 0.07   -26.3 0.1  -278.8 0.1 16.71 16.93 16.31 
J1317+6005 1663262163101591936 199.45946  60.09243  16.59 0.11    30.4 0.2    -8.5 0.2 17.39 17.51 17.09 
J1318+5003 1556577584947193856 199.60769  50.06440  11.37 0.09   -53.4 0.1    14.0 0.2 17.11 17.08 17.03 
J1318+1241 3742597358857731712 199.68723  12.69493  11.46 0.25    17.4 0.5   -39.7 0.3 18.67 18.91 18.20 
J1319+4505 1550602907481860480 199.80444  45.08655  20.40 0.06  -448.8 0.1   113.5 0.1 14.13 14.08 14.18 
J1319+0242 3715484707786679296 199.80990   2.71632  10.92 0.43    31.6 1.1   -56.3 0.5 19.47 19.80 18.84 
J1320+5530 1563853976804546688 200.01126  55.51315  10.38 0.30    10.5 0.4   -58.7 0.5 19.26 19.52 18.75 
J1320+4712 1551402252435630592 200.04752  47.20582  12.59 0.10    14.1 0.1   -86.0 0.1 17.48 17.59 17.22 
J1320-0224 3638148805100101888 200.07913  -2.40594  17.00 0.49    74.8 0.6  -199.6 0.5 18.69 19.26 18.01 
J1320+2801 1461469893567499904 200.19345  28.02553  11.21 0.63   -74.8 1.5   -91.3 1.3 19.93 20.30 19.18 
J1321+0759 3731380729641520128 200.34136   7.98484  13.11 0.70   -66.2 1.3  -264.5 0.6 19.95 20.41 19.15 
J1321+2539 1447511765251613184 200.37993  25.66305  10.38 0.56    34.3 1.0  -111.5 0.9 19.93 20.41 19.25 
J1321-0039 3686476533029004928 200.43731  -0.66196  12.14 0.52  -122.6 0.8   -53.8 0.5 19.43 19.90 18.75 
J1321+3345 1472821908743764096 200.49738  33.75142  13.73 0.15  -238.4 0.2  -181.7 0.2 17.83 17.89 17.64 
J1322+0349 3715726703424296064 200.54491   3.83050  12.47 0.45   -54.8 1.0    50.8 0.5 19.40 20.08 18.70 
J1322+6146 1663839681584291072 200.66568  61.76781  11.99 0.28   -23.7 0.5   -64.7 0.4 19.16 19.51 18.65 
J1323-0129 3638333660492606976 200.80309  -1.49041  12.56 0.88   -16.8 1.1  -116.2 0.6 19.81 20.38 19.07 
J1323+1756 3746422113133965696 200.86327  17.94770  10.24 0.34    43.5 0.8    18.9 0.6 19.19 19.35 18.73 
J1324+4149 1525359868557998336 201.06340  41.81803  12.85 0.23    39.3 0.2   -75.4 0.2 18.88 19.21 18.25 
J1324+0951 3732225807407069696 201.09640   9.85623  10.35 0.57   -82.4 1.1    43.3 0.5 19.81 20.35 19.14 
J1324+6226 1663956268471724288 201.14613  62.44361  15.80 0.05   -34.1 0.1   -41.1 0.1 16.22 16.25 16.11 
J1324+0857 3731853549706103680 201.15405   8.96432  17.21 0.09    99.4 0.2  -202.0 0.1 16.57 16.67 16.33 
J1324+4619 1551096996222472832 201.21669  46.33099  12.18 0.19    66.9 0.2  -152.9 0.2 18.53 18.95 17.94 
J1325+3424 1470240530320055680 201.27572  34.40147  17.88 0.24  -113.0 0.3    21.5 0.2 18.77 19.20 18.11 
J1325+0852 3731848189586855040 201.30433   8.86917  13.31 0.13    70.9 0.2   -91.3 0.1 17.08 17.13 16.96 
J1325+2625 1449073419655962496 201.39748  26.42818  11.17 0.59  -113.5 1.3   -24.9 0.9 19.70 20.29 19.06 
J1325+4523 1550208900064886656 201.49921  45.38508  10.16 0.21   -23.1 0.2   -94.3 0.3 18.92 19.24 18.42 
J1326+5025 1553656418774428032 201.57066  50.42877  11.42 0.20    -8.7 0.3   -40.0 0.3 18.39 18.61 18.00 
J1326+2049 1441520393248414592 201.60812  20.82018  11.86 0.64   -83.6 2.1   109.4 1.0 19.32 19.73 18.78 
J1326+1609 3745162141527947008 201.68436  16.16643  11.67 0.30     1.1 0.7   -34.7 0.2 18.71 18.88 18.35 
J1327+5755 1566012013187728768 201.92265  57.91926  24.64 0.05  -375.8 0.1   219.1 0.1 16.60 16.80 16.22 
J1327+5805 1566020598826667904 201.93701  58.08558  11.60 0.25  -277.5 0.5    -2.8 0.3 19.24 19.54 18.76 
J1328+2912 1450096442210453632 202.11543  29.20595  10.25 0.32    -0.4 0.9    27.0 0.6 19.07 19.37 18.53 
J1329+4619 1551843775071158528 202.25011  46.32461  10.02 0.52  -197.2 0.6   -25.3 0.7 20.12 20.44 19.48 
J1329+2450 1447925976193082368 202.27403  24.84033  23.14 0.23  -413.7 0.5   -32.1 0.5 18.81 19.54 17.97 
J1329+3109 1468305213760240384 202.28775  31.16360  10.43 0.54  -248.5 0.6    89.7 0.4 20.02 20.50 19.32 
J1329-0238 3637209066255998592 202.32840  -2.63887  10.22 0.29    91.7 0.5   -52.1 0.5 17.94 18.03 17.76 
J1329+0746 3719493011785709056 202.37905   7.78078  14.25 0.11  -128.9 0.2   -92.0 0.1 17.27 17.32 17.07 
J1329-0134 3638457669084084224 202.40483  -1.57604  18.53 0.12     9.7 0.2  -225.9 0.1 17.04 17.21 16.72 
J1330+2329 1443266623871074816 202.52373  23.48609  14.81 0.26   175.7 0.5    13.4 0.2 18.75 19.03 18.27 
J1330+3547 1474929672534527360 202.56534  35.79501  11.60 0.09    28.6 0.1   -22.2 0.1 16.66 16.59 16.61 
J1330+3930 1476676792214925056 202.60456  39.50826  13.61 0.19   125.7 0.2   -88.3 0.2 18.70 19.02 18.14 
J1330+0255 3712709304215389056 202.62500   2.92867  16.35 0.25    12.2 0.6   -98.2 0.4 18.35 18.67 17.74 
J1330+2950 1450153273218061696 202.65312  29.84378  11.85 0.59  -303.3 1.4   -45.1 0.5 20.08 20.42 19.51 
J1330+5445 1565012935076040832 202.65830  54.75661  20.71 0.05   -47.0 0.1   -54.6 0.1 16.74 16.87 16.44 
J1330+1403 3740213514569182848 202.67735  14.06617  10.97 0.47   -92.9 0.8   -53.1 0.3 19.24 19.54 18.68 
J1331+2123 1441623777405642368 202.90478  21.38587  12.93 0.46   -26.8 0.9   -88.2 0.3 19.65 20.12 19.01 
J1331+5745 1565832689713351808 202.99694  57.75248  10.38 0.05    22.6 0.1   -12.4 0.1 16.36 16.26 16.40 
J1332+4704 1551929124663349632 203.15000  47.06965  10.88 0.05   -25.4 0.1     1.6 0.1 15.30 15.13 15.48 
J1332+0117 3711214067185666560 203.21143   1.28391  24.10 0.10    18.5 0.2  -273.4 0.1 16.95 17.12 16.61 
J1333+0649 3718579386342034816 203.26696   6.82581  14.45 0.23    21.2 0.4   -44.2 0.2 17.89 18.01 17.57 
J1333+1550 3744991824600484864 203.31798  15.84484  13.75 0.18    24.1 0.4  -112.4 0.2 17.98 18.07 17.77 
J1333+0321 3712812452150011648 203.32288   3.35015  10.76 0.08  -126.3 0.1   -68.5 0.1 15.83 15.73 15.97 
J1333+2450 1444926572896853376 203.33006  24.84572  20.56 0.23   -71.9 0.4  -190.3 0.2 18.62 19.19 17.87 
J1334+1146 3738868468250890880 203.50745  11.77632  12.23 0.64  -173.3 1.2   -20.5 0.8 19.58 20.11 19.01 
J1334+5022 1559416798846597632 203.51377  50.38200  12.55 0.46    79.9 0.6  -329.4 0.6 19.78 20.30 18.99 
J1334+6601 1666261218505739008 203.53845  66.01863  18.53 0.11    -5.9 0.2   -99.5 0.2 18.04 18.29 17.54 
J1334+4704 1551761857160285312 203.58837  47.06757  10.52 0.24   -69.7 0.3  -123.3 0.4 19.08 19.24 18.67 
J1334+6028 1662778377985657344 203.63140  60.47122  12.47 0.21  -223.9 0.3    58.1 0.3 18.79 19.12 18.26 
J1335+3610 1471998511973713152 203.75411  36.16673  12.62 0.08  -118.6 0.1    64.6 0.1 16.66 16.68 16.57 
J1335+0232 3711954863144745344 203.94173   2.54130  11.20 1.01  -100.7 2.2   -55.2 2.0 20.05 20.43 19.30 
J1335+1237 3739031165907785216 203.96624  12.61933  10.11 0.08  -123.5 0.2    33.5 0.1 16.31 16.27 16.38 
J1335+1237 3739031268987000448 203.96673  12.62137  10.05 0.50  -123.7 1.1    34.7 0.7 19.67 20.05 19.00 
J1335+4843 1552504680343817984 203.96707  48.72086  10.73 0.30    94.5 0.6   -52.9 0.6 19.08 19.30 18.54 
J1335+3322 1469189191046042112 203.98816  33.37239  10.67 0.09   -60.3 0.1  -221.5 0.1 17.05 17.10 16.83 
J1336+5403 1561941170170300288 204.03915  54.05636  12.04 0.19   -34.4 0.3    -4.6 0.2 18.76 19.02 18.26 
J1336+3648 1472094341284011904 204.08288  36.80925  18.98 0.13  -252.6 0.2   219.7 0.1 17.67 17.95 17.19 
J1336+3547 1471788161655374080 204.10094  35.79719  16.76 0.12   -37.2 0.2  -117.4 0.1 17.70 17.88 17.39 
J1336+3623 1472029470098019072 204.12628  36.39619  28.18 0.06  -233.1 0.1  -145.0 0.0 16.27 16.46 15.89 
J1336+3727 1472500473391093120 204.21643  37.45552  23.25 0.07  -116.4 0.1   -87.3 0.1 16.94 17.05 16.66 
J1337+1458 3741829590503668480 204.27217  14.97862  10.96 0.34     9.4 0.7   -29.1 0.4 19.23 19.59 18.64 
J1337+0118 3663496155893287040 204.32711   1.30975  11.84 0.39   -68.2 0.7  -140.1 0.4 19.16 19.58 18.56 
J1337+0001 3662779171232754688 204.41415   0.02774  18.67 0.66   -11.2 0.7  -181.4 0.5 19.37 19.56 19.27 
J1337+3712 1472481502519806848 204.45382  37.20607  10.30 0.38    -3.2 0.5    63.0 0.4 19.70 20.01 19.11 
J1337+3637 1472401586064123904 204.46701  36.62567  14.37 0.04    -5.9 0.1   -66.8 0.0 14.68 14.54 14.85 
J1337+6110 1662871286717909632 204.48713  61.17698  22.82 0.11  -110.5 0.2   -45.2 0.2 17.69 18.07 17.14 
J1338+3213 1468882118064381696 204.56541  32.22611  10.23 0.25   -65.4 0.3   -16.9 0.2 18.98 19.24 18.49 
J1338+2857 1455070083058636672 204.58025  28.95173  14.75 0.31    -7.0 0.5    17.6 0.3 19.19 19.72 18.48 
J1338-0045 3661843349398271232 204.67326  -0.75269  13.82 0.36  -209.4 0.4   -65.6 0.3 18.43 18.62 17.96 
J1338+4407 1501853065870482304 204.71001  44.12106  11.04 0.33  -128.6 0.4    86.5 0.4 19.61 20.08 18.88 
J1339+3455 1470926586919626880 204.94847  34.92609  18.75 0.19  -175.3 0.2  -181.3 0.2 18.35 18.72 17.85 
J1339-0020 3661954022115425536 204.94907  -0.33432  10.60 0.28    33.7 0.4    -5.4 0.2 18.01 18.15 17.75 
J1340+4033 1500140065408640512 205.08226  40.55024  16.46 0.37    75.2 0.5  -186.2 0.8 18.71 19.19 18.03 
J1340+3228 1456903763514134272 205.11300  32.47319  14.04 0.08    25.0 0.1   -34.8 0.1 16.88 16.94 16.68 
J1340+0203 3663664003222454528 205.17837   2.06355  24.69 0.16  -534.3 0.4    31.0 0.2 17.66 18.02 17.13 
J1341+5728 1658818319354849536 205.25419  57.48161  13.27 0.18    56.0 0.3   -42.5 0.2 18.68 18.89 18.27 
J1341+4150 1501012287368950528 205.28162  41.83370  17.05 0.10  -228.0 0.1  -184.4 0.1 17.57 17.67 17.30 
J1341+0809 3724610104541796096 205.29879   8.16387  10.06 0.55  -127.8 1.0    40.9 0.6 19.28 19.64 18.74 
J1341+3545 1472114647889153920 205.31441  35.76526  11.60 0.05   -16.9 0.1   -27.2 0.1 16.05 15.98 16.13 
J1341+3421 1470849350522703488 205.32519  34.36497  10.57 0.06    47.3 0.1   -62.6 0.1 15.92 15.79 15.99 
J1341+0500 3714914271705535360 205.33897   5.01282  68.20 0.07  -429.8 0.1    18.8 0.1 16.33 17.03 15.53 
J1341+3234 1456907504427822464 205.34658  32.57806  11.75 0.31  -259.1 0.3   -35.5 0.3 19.20 19.62 18.60 
J1341+0721 3724485756648081920 205.47715   7.35565  10.94 0.28   -34.1 0.6   -72.9 0.3 18.66 18.98 18.20 
J1342+4436 1503203059990907648 205.54475  44.60536  11.70 0.18    81.5 0.2   -72.7 0.2 18.75 18.95 18.31 
J1342+6145 1664401914277704192 205.55405  61.75968  23.19 0.06   -43.0 0.1  -230.9 0.1 17.12 17.29 16.61 
J1342+1736 1247558738152408576 205.65100  17.60519  13.37 0.75     9.6 1.3  -257.9 0.8 19.75 20.49 19.00 
J1342+2148 1251229182844030848 205.71930  21.81592  11.45 0.46    -9.1 0.8   -52.0 0.5 19.78 20.15 19.06 
J1342+3730 1472382752631394048 205.72143  37.50356  11.47 0.26   -20.8 0.3  -105.1 0.3 19.24 19.58 18.66 
J1343+1157 3728216571400055040 205.81567  11.95740  12.16 0.26   -22.1 0.4  -161.2 0.3 18.50 18.63 18.19 
J1343+5020 1558885180679234304 205.82029  50.33555  10.66 0.34    14.3 0.5    13.8 0.5 19.60 19.88 18.95 
J1344+4349 1503091085900019712 206.01423  43.81677  16.46 0.15    86.4 0.2   -82.4 0.2 18.32 18.59 17.86 
J1345+4200 1500607765872799616 206.38625  42.01268  26.68 0.07  -194.0 0.1   127.8 0.1 17.06 17.61 16.35 
J1345+4611 1503766009943842048 206.41259  46.18958  13.01 0.27    15.0 0.4    78.8 0.4 19.33 19.81 18.66 
J1345+1514 3741324506644465280 206.46086  15.24794  15.39 0.50  -153.0 0.9  -254.9 0.6 19.66 20.19 18.85 
J1345+4413 1503124243047563008 206.46678  44.22643  11.30 0.46  -273.9 0.5   133.6 0.6 20.05 20.54 19.30 
J1346+5700 1658578797618935680 206.50705  57.00992  40.04 0.03  -192.2 0.0   189.5 0.0 13.50 13.45 13.58 
J1346+0918 3725166869742133248 206.63857   9.31048  17.32 0.22  -174.4 0.4    74.7 0.3 18.28 18.72 17.74 
J1347+2552 1444528416543875456 206.75474  25.88217  15.44 0.09  -187.5 0.2   -47.5 0.1 17.45 17.61 17.10 
J1347+5036 1558872261424381184 206.79663  50.60115  16.58 0.15   160.1 0.2  -178.7 0.3 18.56 18.95 17.93 
J1347+1021 3725570772761744384 206.84761  10.35995  48.08 0.04  -898.6 0.1  -140.5 0.1 15.04 15.22 14.70 
J1348+0527 3714266139665215488 207.03283   5.46290  10.14 0.92  -330.7 1.4  -102.4 0.9 20.02 20.60 19.39 
J1348-0152 3658513620167922816 207.08939  -1.87655  10.50 0.35   -55.8 0.7   -18.3 0.5 19.20 19.49 18.72 
J1348+0942 3725279157367006464 207.10120   9.71355  11.30 0.41  -209.8 0.7     0.4 0.4 18.99 19.28 18.56 
J1348+2711 1451503404777191936 207.15385  27.19657  10.06 0.53  -168.2 1.0   -35.1 0.6 20.11 20.58 19.43 
J1349+1155 3728074738695246336 207.26030  11.91816  35.44 0.19   163.6 0.3  -526.8 0.2 17.83 18.45 17.07 
J1349+4332 1502284452385828864 207.33630  43.54304  11.23 0.15   -86.2 0.2   -33.0 0.2 18.25 18.34 18.01 
J1349+3028 1455502843963911296 207.35327  30.47003  11.06 0.47  -210.2 0.9    43.9 0.5 19.77 20.35 19.03 
J1349+3235 1458210842321624448 207.47874  32.59903  11.56 0.30   -63.1 0.4    31.2 0.3 19.44 19.82 18.82 
J1350+2734 1451544876981617920 207.51292  27.57612  13.02 0.65    75.5 1.0  -151.6 0.8 20.16 20.75 19.43 
J1350+2434 1444161214019904768 207.63496  24.57074  12.75 0.06    45.3 0.1   -27.4 0.1 16.21 16.18 16.24 
J1351+1214 3728063945441922176 207.78997  12.23544  10.74 1.05    -2.1 1.9  -113.4 1.1 20.15 20.56 19.52 
J1351+1719 1244753299874351488 207.82743  17.32877  14.54 0.13    -5.3 0.3   -24.1 0.2 17.55 17.60 17.37 
J1351+4253 1502063317405058304 207.82803  42.88695  25.38 0.07   227.2 0.1  -250.7 0.1 16.86 17.02 16.51 
J1351+5419 1561389253988468224 207.92078  54.32988  14.16 0.06  -104.3 0.1    23.3 0.1 16.48 16.47 16.42 
J1351+4653 1509842495314395264 207.98220  46.89449  11.16 0.33   110.6 0.5  -127.7 0.5 19.70 20.01 19.19 
J1351+3654 1495325853747745536 207.98709  36.90555  10.22 0.15    13.4 0.1   -27.2 0.2 18.33 18.50 17.97 
J1352+6524 1671329451713079808 208.04330  65.41648  16.54 0.04  -246.3 0.1   141.1 0.1 15.56 15.55 15.57 
J1352+3012 1456920737222542208 208.04658  30.20958  14.16 0.07  -140.2 0.1    40.6 0.1 16.08 16.06 16.08 
J1352+1053 3727155340815968256 208.04805  10.89692  28.24 0.11  -242.6 0.2  -190.4 0.1 16.76 17.05 16.29 
J1352+0818 3721801956139414400 208.11840   8.30553  10.11 0.19  -109.7 0.3   -78.4 0.3 18.28 18.44 17.91 
J1352+0907 3722192007889372800 208.12726   9.11958  21.10 0.27   114.5 0.5  -306.4 0.4 18.69 19.14 18.04 
J1352+4426 1502616539256347136 208.21134  44.44411  11.57 0.29   -23.7 0.4  -101.8 0.5 19.32 19.74 18.70 
J1353+2928 1452337006389928960 208.39491  29.48265  16.95 0.10  -103.6 0.2   -11.8 0.1 17.39 17.52 17.08 
J1354+1048 3726954405066019840 208.51554  10.80743  12.00 0.54   -80.1 1.1     8.1 0.7 19.92 20.48 19.12 
J1354+0120 3663919296071216000 208.53999   1.34383  14.18 0.87   -46.6 0.9  -120.7 0.7 19.28 19.78 18.63 
J1354+2210 1250704440919829888 208.68744  22.16852  22.76 0.41     4.6 0.7    49.2 0.5 19.16 19.44 18.72 
J1354+6009 1661023419988816256 208.70486  60.16519  10.89 0.14    33.3 0.2  -116.2 0.2 18.36 18.42 18.14 
J1354+0108 3663900436870097664 208.74895   1.13858  10.88 0.12  -130.8 0.2   -25.1 0.1 16.45 16.46 16.46 
J1355-0408 3656970966699043328 208.75822  -4.13624  12.28 0.34  -112.5 0.6   -65.5 0.5 18.99 19.30 18.45 
J1355+3636 1495340933377121792 208.81890  36.60373  11.67 0.10   -63.7 0.1    46.7 0.1 17.64 17.68 17.45 
J1355+4553 1508988758895110656 208.88659  45.88849  10.23 0.11    41.8 0.2   -47.7 0.2 17.93 17.98 17.75 
J1356-0009 3660622479174640640 209.11704  -0.16210  12.80 0.22  -145.3 0.5  -143.3 0.3 18.35 18.54 17.94 
J1356+5853 1659211974581862912 209.13756  58.88846  15.85 0.13   -60.5 0.2   -81.0 0.2 17.92 18.09 17.61 
J1356+1336 1230679413599906176 209.19148  13.60676  12.22 0.36  -278.0 0.6    72.8 0.5 18.80 19.12 18.29 
J1357+3348 1458024268941320064 209.28925  33.80087  10.54 0.07  -158.3 0.1    43.9 0.1 16.21 16.14 16.30 
J1357+3511 1482922018261625728 209.46792  35.19080  13.91 0.42    12.6 0.5  -388.2 0.5 19.83 20.31 19.09 
J1357+2954 1453676525085505408 209.49019  29.90512  12.69 0.14    17.4 0.2   -14.3 0.2 17.99 18.09 17.67 
J1357+6028 1660937971614743808 209.49104  60.48223  20.12 0.11  -304.7 0.2    55.9 0.1 17.75 17.99 17.29 
J1358+2325 1257631879571104640 209.55009  23.42054  15.72 0.33    62.1 0.6  -330.3 0.4 19.27 19.84 18.49 
J1358+3704 1483371791532150784 209.56693  37.07208  11.89 0.21    80.3 0.2   -61.3 0.3 19.02 19.39 18.45 
J1358+1442 1231038060549269120 209.56970  14.70058  11.98 0.20   -12.0 0.3   -54.4 0.2 17.97 18.01 17.73 
J1359-0034 3660356573454829824 209.85514  -0.57374  12.60 0.11   -79.2 0.2    71.2 0.1 16.85 16.85 16.77 
J1400+0740 3721002778689505024 210.02778   7.67446  10.33 0.43  -263.8 0.8    90.9 0.5 19.35 19.80 18.72 
J1400-0843 3616128542133976064 210.03813  -8.72742  14.74 0.43   -32.4 0.7   -43.2 0.6 18.99 19.52 18.35 
J1400+5617 1657597483491271552 210.17642  56.29071  12.44 0.19    53.7 0.3   -28.2 0.3 18.96 19.21 18.40 
J1401-0223 3657684515386065152 210.38333  -2.39032  10.73 0.62  -125.0 0.8   -89.6 0.7 19.26 19.57 18.67 
J1401+3659 1483683911099065088 210.40541  36.98592  11.87 0.20   -19.3 0.2   -51.9 0.3 18.59 18.83 18.19 
J1401+4223 1499209530679741184 210.47760  42.39509  19.30 0.14  -150.2 0.2     5.2 0.2 18.22 18.60 17.65 
J1401+4848 1509745124111150848 210.47764  48.81613  11.63 0.24    34.9 0.3    51.2 0.4 19.12 19.45 18.56 
J1402+1412 1230761395935567744 210.53900  14.20030  14.24 0.38     1.5 0.6    22.1 0.4 18.90 19.32 18.29 
J1402-0902 3615906062827657344 210.55221  -9.04631  14.67 0.16  -229.8 0.3   -34.3 0.2 17.95 18.01 17.69 
J1402-0254 3645620879964502016 210.62655  -2.90570  10.02 0.46  -247.6 0.7    -2.8 0.6 18.93 19.04 18.49 
J1402+0621 3672615917651101952 210.64759   6.36236  13.21 0.33  -177.5 0.6   -67.1 0.5 18.90 19.69 18.07 
J1402+1544 1231503188327196672 210.70290  15.74192  12.90 0.92   -42.8 1.2  -148.3 0.8 20.07 20.45 19.32 
J1403+1549 1231505456069951616 210.77410  15.82262  19.46 0.18    -5.8 0.3  -119.7 0.2 18.05 18.39 17.49 
J1403+0452 3671751946324947584 210.79742   4.86822  19.40 0.07    48.8 0.1   -22.7 0.1 16.21 16.27 16.02 
J1403+4533 1505825635741455872 210.85147  45.55881  29.33 0.24  -272.1 0.3   -84.7 0.3 19.06 19.07 19.23 
J1403-0914 3615854321357005824 210.91710  -9.24682  12.16 0.10    13.4 0.2   -56.1 0.1 16.81 16.85 16.70 
J1403+5206 1512752769450543488 210.93111  52.11351  23.60 0.05  -178.9 0.1   -75.7 0.1 16.39 16.55 16.10 
J1403+0644 3672656947473710592 210.94229   6.74486  20.44 0.13    52.5 0.2  -118.7 0.2 17.28 17.47 16.95 
J1403+6638 1671824128866481792 210.94317  66.63608  10.70 0.29   -95.2 0.6   143.1 0.5 19.42 19.85 18.78 
J1403+4052 1497899703093177728 210.99570  40.88225  10.19 0.12   -18.5 0.1   110.3 0.2 18.01 18.14 17.72 
J1404+2452 1258206340036418560 211.02013  24.87993  12.49 0.42  -323.3 0.6    24.5 0.6 19.37 19.69 18.74 
J1404+3620 1483427385588999936 211.04404  36.34885  12.24 0.18  -151.8 0.1   -81.6 0.2 18.56 18.81 18.22 
J1404+0936 3723164143671997952 211.09817   9.61122  12.93 0.08  -158.3 0.2   -48.2 0.1 16.49 16.53 16.41 
J1404+1349 1229959542721326080 211.11900  13.82451  10.52 0.43   -98.1 0.9  -105.8 0.6 19.25 19.56 18.71 
J1404+5243 1512865022715710464 211.16254  52.72386  10.80 0.10    29.5 0.2   -32.9 0.2 17.87 17.95 17.61 
J1404+1330 1229916112012470528 211.21588  13.51564  13.69 0.45  -100.9 0.7   100.8 0.6 19.13 19.50 18.56 
J1404+2401 1256983580027464576 211.21803  24.02978  10.54 0.62   -22.6 1.1    29.3 0.8 19.77 20.23 19.20 
J1405+1414 1230398076062097792 211.34274  14.23392  15.65 0.36   -29.1 0.5  -107.8 0.4 18.84 19.16 18.20 
J1405+1034 3724079384022987136 211.46955  10.56912  12.49 0.53   137.1 0.9  -113.4 0.8 19.55 20.18 18.90 
J1405+4300 1499290379143445760 211.48930  43.00143  12.72 0.14  -114.7 0.2  -111.6 0.2 18.37 18.55 17.98 
J1406+1812 1245468295966061952 211.57126  18.21288  22.72 0.11  -182.7 0.2  -178.5 0.2 17.13 17.31 16.80 
J1406+1608 1231446224176456064 211.60615  16.14094  17.87 0.12  -120.0 0.2   -46.0 0.2 17.38 17.59 17.01 
J1406+0849 3722502856146928256 211.61460   8.82801  10.97 0.38    23.5 0.7     8.8 0.6 19.04 19.29 18.65 
J1406+3844 1485449383176277248 211.61509  38.74488  12.66 0.32    94.4 0.3  -103.9 0.4 19.63 20.18 18.83 
J1406+4643 1506282929499277824 211.64934  46.72842  11.05 0.38  -119.7 0.6   126.1 0.6 19.44 19.73 18.87 
J1406+2003 1246230047071154944 211.65443  20.05465  10.80 0.19   -20.4 0.3   -14.1 0.3 18.21 18.27 17.81 
J1406+2224 1253540837322222336 211.66787  22.41556  15.96 0.23   -23.8 0.5   -18.0 0.4 18.56 18.85 18.04 
J1406+3401 1481854770426696704 211.67114  34.03314  10.06 0.13    45.8 0.1   -90.6 0.1 17.78 17.89 17.48 
J1406+3130 1454347089739329152 211.68480  31.50715  25.36 0.18  -215.3 0.3   198.1 0.3 17.99 18.51 17.31 
J1406+2309 1256674514180403200 211.73498  23.15163  11.28 0.66   106.7 1.0  -155.3 0.8 19.80 20.17 19.28 
J1407+5509 1609392862209121664 211.79320  55.15817  18.88 0.30   -61.2 0.4   181.8 0.4 19.28 19.40 18.80 
J1407+1025 3724064162658265088 211.87755  10.42106  12.32 0.64  -239.5 1.0   -37.3 0.8 19.62 20.06 18.90 
J1407+1133 1226206806457202432 211.94479  11.55559  18.59 0.20  -253.0 0.4    -4.1 0.3 18.28 18.76 17.69 
J1408+0817 3722405308849506944 212.08376   8.28894  10.89 0.09    45.8 0.2   -28.7 0.1 16.91 16.92 16.82 
J1409+1511 1230575131794474752 212.32843  15.19309  11.46 0.23   -71.5 0.4  -118.6 0.3 18.60 18.73 18.21 
J1409+4117 1498122491636872064 212.34304  41.29190  15.30 0.24   -33.1 0.3  -146.5 0.3 18.90 19.34 18.25 
J1409-0009 3659871753251882496 212.34842  -0.15374  12.55 0.30    11.4 0.7     9.4 0.5 19.17 19.56 18.60 
J1409+3828 1485197354494658176 212.40786  38.47462  10.20 0.15    10.7 0.2   -50.0 0.2 18.22 18.35 17.89 
J1409+0743 3674290886176428160 212.43352   7.73222  15.82 0.37  -241.5 0.6    54.2 0.5 19.06 19.52 18.30 
J1409+4216 1498447607777405312 212.43842  42.26681  27.78 0.03   -14.0 0.0    -9.9 0.0 15.09 15.12 14.97 
J1410+4121 1498126030689316736 212.52907  41.36574  14.70 0.12    58.6 0.1   -70.4 0.2 17.99 18.21 17.57 
J1410+4314 1504563057089800448 212.54583  43.24924  16.00 0.27   -86.5 0.4  -126.0 0.4 18.79 19.27 18.15 
J1410+2556 1259128246176488576 212.60828  25.93502  16.79 0.23  -422.3 0.4   129.3 0.4 18.74 19.22 18.05 
J1410+0245 3667514634669861120 212.66642   2.75258  36.09 0.10   -35.2 0.1  -244.9 0.1 16.54 16.89 16.01 
J1411+1733 1233331229487768448 212.81073  17.55412  15.58 0.21    -4.5 0.4    37.3 0.3 18.39 18.70 17.90 
J1411+1621 1232908123669385216 212.91770  16.35643  10.13 0.57   -83.8 0.9   -36.5 0.7 19.68 20.21 18.97 
J1411+2206 1253353890280943104 212.92986  22.11241  19.02 0.12  -105.9 0.2   -24.1 0.2 17.43 17.62 17.08 
J1412+1129 1226246251436497152 213.04116  11.48370  10.65 0.21   -72.9 0.5  -110.6 0.3 18.57 18.65 18.28 
J1412+1532 1232045934759720192 213.06125  15.54819  27.13 0.19  -660.2 0.3    29.2 0.3 17.91 18.41 17.26 
J1412+1815 1233764059112037632 213.12831  18.25999  11.30 0.37     1.9 0.7   -33.7 0.5 19.01 19.14 18.53 
J1412+1814 1233762993960131456 213.18850  18.23460  11.70 0.40     2.1 0.6  -156.6 0.6 19.22 19.52 18.79 
J1413+0856 3674885584528395520 213.25995   8.93709  12.73 0.53   -50.9 1.4  -283.7 0.9 19.85 20.35 19.23 
J1413+3256 1478514389681253248 213.26461  32.94591  11.89 0.08   -91.2 0.1   -60.0 0.1 16.73 16.76 16.64 
J1413+0755 3674476639217656576 213.27725   7.92307  19.26 0.06    14.1 0.1    -0.7 0.1 15.69 15.63 15.78 
J1413+6443 1668331117863854464 213.30573  64.71819  10.65 0.37    34.3 0.7    29.8 0.6 19.82 20.22 19.04 
J1413-0014 3659914737283635840 213.34324  -0.24795  11.24 0.18   -15.8 0.3   -62.5 0.3 18.04 18.08 17.92 
J1413+2137 1252527607292758144 213.37403  21.62820  24.16 0.05   -60.9 0.1   105.2 0.1 14.43 14.34 14.50 
J1413+1205 1226307755368045824 213.40643  12.08383  12.63 0.26  -184.1 0.4    18.5 0.4 18.39 18.61 17.99 
J1413+5432 1609479792346820736 213.47896  54.53788  13.57 0.34    38.3 0.6    56.9 0.4 19.50 20.03 18.65 
J1413+6418 1668302977238052992 213.49686  64.30390  12.38 0.30  -133.7 0.7   141.5 0.5 19.28 19.63 18.67 
J1414+2420 1254241707265648768 213.58531  24.34649  21.95 0.25   -30.7 0.5   -19.4 0.3 18.33 18.81 17.72 
J1414+3426 1479297757353952640 213.62091  34.44195  11.47 0.37  -156.0 0.4    26.2 0.6 19.55 19.78 19.02 
J1414+2906 1260898494256935040 213.69773  29.10881  14.40 0.12  -156.3 0.2   -13.6 0.2 17.74 17.89 17.41 
J1414+2725 1260450030951612416 213.72615  27.43219  14.62 0.21   141.3 0.3   -98.1 0.3 18.51 18.86 18.00 
J1414+4336 1504443450842002176 213.72709  43.61568  20.23 0.08  -209.1 0.1  -131.7 0.1 17.27 17.51 16.85 
J1414+2833 1260585202163097728 213.73057  28.56428  12.32 0.32  -171.5 0.5    21.4 0.6 19.28 19.64 18.68 
J1415+3135 1477612029933470080 213.89052  31.59813  12.10 0.25    35.4 0.5   -51.6 0.5 18.95 19.23 18.34 
J1415+0339 3667855139676395520 213.93092   3.65747  11.46 0.43  -204.0 0.9    38.6 0.6 19.39 19.91 18.78 
J1415+4258 1504365454235966848 213.95423  42.98016  12.20 0.05   -21.9 0.1    42.5 0.1 16.32 16.28 16.37 
J1415+4337 1504453896202493568 213.99553  43.62084  14.71 0.11    28.6 0.1   -64.6 0.2 17.80 17.98 17.42 
J1416+0008 3653928308787745792 214.00066   0.13373  13.85 0.07    34.4 0.1    19.5 0.1 16.12 16.06 16.20 
J1416+2639 1259235139323302656 214.02484  26.65874  17.05 0.19   -78.8 0.2    14.4 0.3 18.14 18.49 17.63 
J1416-0149 3647396385084826112 214.10825  -1.82210  12.50 0.31  -135.4 0.5   -24.5 0.4 18.71 18.96 18.20 
J1416+0752 3674426504064071936 214.22180   7.87884  14.32 0.34    -3.1 0.6   -89.5 0.6 18.87 19.18 18.33 
J1417+4941 1508482266288333952 214.35097  49.69105  11.32 0.07   -76.3 0.1    -8.1 0.1 17.23 17.23 17.13 
J1417-0012 3653854572788715520 214.40693  -0.20983  13.28 0.15    42.2 0.3   -37.8 0.2 17.87 18.00 17.57 
J1417+1805 1233598174590839296 214.40822  18.09362  14.50 0.13   -19.9 0.2   -76.3 0.2 17.54 17.61 17.37 
J1417+0346 3667872216467035776 214.43769   3.77941  13.25 0.20    47.3 0.4   -86.4 0.3 18.35 18.54 17.92 
J1418+0929 1176899898999183360 214.64692   9.48869  11.51 0.07   -29.1 0.1   -26.0 0.1 15.85 15.77 15.96 
J1418+1935 1239963487922089600 214.73756  19.59198  17.25 0.21  -152.7 0.3    81.0 0.3 18.11 18.34 17.67 
J1419+1103 1225189552042779904 214.76940  11.05172  13.52 0.12   -16.5 0.2    -4.1 0.2 17.56 17.66 17.34 
J1419+2543 1258934014870979712 214.77563  25.73220  13.49 0.13   -50.0 0.2   -43.9 0.2 17.39 17.44 17.22 
J1419+5443 1608747311444717440 214.91176  54.71998  13.21 0.22   -67.3 0.3  -111.7 0.4 19.04 19.32 18.52 
J1419-0008 3653865018149220608 214.92999  -0.14435  13.38 0.31    65.0 0.5  -216.6 0.4 18.70 18.98 18.13 
J1419+3852 1484845034034212224 214.95092  38.87934  11.76 0.15   138.0 0.2  -179.8 0.2 18.28 18.34 18.02 
J1420+5322 1608061254844374784 215.02685  53.37572  15.76 0.05    80.3 0.1  -103.9 0.1 16.84 16.97 16.54 
J1420+0351 3669328034286134016 215.07804   3.85862  12.65 0.34   -52.0 0.6     2.2 0.6 18.82 19.20 18.36 
J1420+4656 1506805751574450048 215.19585  46.93351  10.10 0.05   -23.6 0.1   -59.8 0.1 16.44 16.47 16.36 
J1420+3429 1480565666057619072 215.21504  34.48783  12.19 0.40  -230.1 0.3    42.4 0.5 19.58 20.07 18.88 
J1421+1118 1225595203113949440 215.31328  11.30273  10.26 0.59   119.2 1.0  -150.1 0.7 19.61 20.01 19.05 
J1421+4226 1492278518615941504 215.44739  42.43921  21.83 0.08   126.6 0.1  -112.6 0.1 17.35 17.40 17.16 
J1421+0709 3673479966286848640 215.45766   7.16495  11.02 0.42  -329.1 0.6    13.6 0.5 18.89 19.13 18.46 
J1421+0930 1176784239825009280 215.46732   9.50149  12.96 0.15   -67.2 0.2    -6.1 0.2 17.05 17.02 16.88 
J1422+3454 1480602014365816320 215.51789  34.91588  10.57 0.07     9.0 0.1   -50.9 0.1 16.86 16.79 16.84 
J1422+3056 1285142833024133760 215.54612  30.93840  16.23 0.09   -66.3 0.2   -52.8 0.2 17.06 17.14 16.88 
J1422+0459 3669573053580577536 215.60609   4.99412  18.41 0.31  -282.0 0.5   -60.8 0.4 18.67 19.42 17.96 
J1423-1820 6284524274971664000 215.78447 -18.34957  11.44 0.27   -82.7 0.5   -63.2 0.4 18.58 18.70 18.24 
J1423+4949 1508390899448035712 215.81526  49.82365  16.37 0.20    22.6 0.3   -44.4 0.3 18.80 19.26 18.11 
J1423-0249 3646374187163652608 215.86866  -2.82583  13.68 0.34   122.1 0.7   -78.2 0.5 19.32 19.78 18.59 
J1423+3037 1284932139108595712 215.90281  30.62760  14.58 0.12    25.3 0.2  -200.4 0.2 17.62 18.02 17.03 
J1424+2028 1240475993483896832 216.01879  20.47325  10.45 0.19   -82.1 0.3    27.7 0.3 17.91 18.01 17.69 
J1424+6246 1666805889078252928 216.12039  62.77122  20.52 0.12  -275.2 0.3   -42.8 0.2 18.18 18.64 17.52 
J1424+4405 1492836834300292992 216.12657  44.09984  16.47 0.08   -20.6 0.1    14.0 0.1 17.34 17.52 17.01 
J1424+1743 1238591671072637184 216.15550  17.72493  10.32 0.43    11.8 0.7   -49.6 0.7 19.26 19.61 18.74 
J1424+0917 1176717792385803136 216.16219   9.28662  29.93 0.06  -213.4 0.1  -149.6 0.1 14.36 14.34 14.38 
J1425-2159 6276520070839642496 216.27338 -21.99782  12.90 0.47    42.1 0.9  -113.9 1.2 18.43 18.73 17.97 
J1425-0050 3652865390281317120 216.31816  -0.84695  14.13 0.20   -67.1 0.4   -12.7 0.4 17.92 18.02 17.64 
J1425+0225 3666683987994884992 216.32287   2.42586  12.64 0.59  -239.1 1.2   -50.9 1.0 19.74 20.32 18.99 
J1425+2019 1240302992201816192 216.34550  20.31981  20.10 0.17  -121.9 0.3  -102.6 0.3 18.39 18.70 17.86 
J1425+3812 1481667548507617920 216.41405  38.20034  11.45 0.42   -96.0 0.5  -177.2 0.7 19.94 20.32 19.18 
J1426+2738 1283540844582413952 216.64693  27.64878  14.16 0.06   -14.0 0.1    -6.7 0.1 15.43 15.33 15.53 
J1426+1757 1238610809446526464 216.65576  17.96426  17.45 0.30  -128.2 0.4   249.6 0.4 18.78 19.10 18.17 
J1426+0043 3654216312114820352 216.65873   0.71879  13.81 0.42     3.2 0.9   -71.0 0.7 19.29 19.65 18.58 
J1426+4455 1494432053873688448 216.67755  44.92239  12.54 0.16  -124.9 0.2   -25.6 0.2 18.47 18.68 18.06 
J1426+5006 1604422214954487168 216.68413  50.10664  15.28 0.04   -10.6 0.1   -82.7 0.1 14.25 14.01 14.36 
J1426+3015 1285224879783795968 216.71916  30.26478  13.42 0.33   -42.3 0.5    27.7 0.6 19.12 19.55 18.45 
J1426+0937 1176378520034381952 216.74669   9.61688  13.47 0.42  -187.1 0.6   -10.4 0.5 18.82 19.26 18.24 
J1426+4921 1507571286545131648 216.74694  49.35032  29.49 0.05  -100.5 0.1    45.1 0.1 16.76 16.93 16.41 
J1427+4536 1494485758144731520 216.78353  45.60865  23.36 0.06   -78.0 0.1   -34.9 0.1 16.71 16.83 16.43 
J1427+0511 3669910500571362688 216.85768   5.19058  11.44 0.41   -25.8 0.6    26.0 0.6 19.16 19.61 18.67 
J1427+6110 1666378698746614528 216.86541  61.17407  23.28 0.06  -279.5 0.1    10.9 0.1 16.92 17.06 16.52 
J1427+5348 1608497864040134016 216.89821  53.80838  19.41 0.03  -344.9 0.1   140.0 0.1 15.02 14.90 15.08 
J1427+0144 3654573962630823040 216.94620   1.74987  13.04 0.32    35.0 0.7  -118.9 0.5 19.05 19.41 18.45 
J1427+0532 3669936102871625600 216.94969   5.54165  23.93 0.09  -196.0 0.2  -171.4 0.1 16.86 17.04 16.53 
J1427+4126 1491559506730816384 216.96425  41.44690  10.80 0.31  -125.9 0.4   -40.7 0.4 19.28 19.47 18.90 
J1428+4531 1494564162771398016 217.14112  45.52963  11.14 0.21   -56.0 0.3   -37.3 0.3 19.10 19.32 18.59 
J1428+4403 1494157691363079168 217.14135  44.06198  22.28 0.06   130.4 0.1  -246.8 0.1 16.91 17.10 16.64 
J1429-2210 6279455526367838592 217.35853 -22.16706  11.41 0.45  -186.2 0.9    29.1 0.9 19.28 19.64 18.63 
J1429+0925 1176312965948448512 217.36187   9.42877  13.04 0.19  -170.6 0.4    16.9 0.3 18.35 18.54 17.99 
J1429+5025 1603796073145515136 217.48949  50.41748  15.50 0.11  -175.0 0.2   241.5 0.2 18.14 18.36 17.75 
J1430+0045 3653507298913645056 217.54110   0.76413  10.31 0.53    -2.9 1.1  -127.7 0.8 19.78 20.14 19.08 
J1430+2811 1280674894509973760 217.57924  28.18342  14.04 0.13   -41.0 0.2   -47.6 0.2 17.66 17.73 17.49 
J1430-2149 6279493528239353728 217.61366 -21.82761  10.75 0.57   -45.6 0.9   -51.4 0.7 19.54 19.89 18.87 
J1430+3710 1481311753417900160 217.67762  37.17054  10.20 0.05    12.9 0.0   -87.5 0.1 15.49 15.44 15.55 
J1430+0438 3669065354086975872 217.69972   4.64399  16.29 0.12    16.5 0.2   -17.9 0.2 17.03 17.16 16.78 
J1431+4848 1603370081109395200 217.91516  48.80918  10.54 0.25    87.1 0.3    25.0 0.3 18.94 19.25 18.43 
J1431+2921 1284194603029215104 217.97958  29.36090  15.75 0.16  -253.6 0.2    67.6 0.3 18.07 18.26 17.66 
J1433+1326 1179764607826002688 218.27235  13.44219  18.94 0.06   -54.0 0.1   -16.3 0.1 16.27 16.30 16.16 
J1433+3751 1487362258530962944 218.40028  37.86109  10.16 0.10   -45.6 0.1   -14.7 0.1 17.40 17.42 17.31 
J1433+0714 1172289608089050496 218.46156   7.24780  10.25 0.13   -61.0 0.2   -12.0 0.2 16.89 16.83 16.83 
J1433+5100 1604200899583092992 218.46925  51.01574  10.78 0.30    99.2 0.5  -120.1 0.4 19.40 19.79 18.87 
J1433+1907 1239213243034520192 218.49207  19.12657  20.24 0.20  -140.0 0.3  -162.4 0.4 18.15 18.66 17.52 
J1434+1508 1228266814506156928 218.52806  15.13823  12.51 0.07   -35.4 0.1   -11.8 0.1 16.03 15.97 16.08 
J1434+5124 1604224470364124416 218.53194  51.40684  16.85 0.24    28.4 0.4   -26.7 0.3 19.20 19.74 18.40 
J1434+2834 1281026635151594752 218.70995  28.57226  13.28 0.17    96.5 0.3   -42.6 0.4 18.46 18.76 17.98 
J1435+3650 1486484367214724992 218.79376  36.84670  13.53 0.13   123.0 0.1   -95.4 0.2 18.01 18.20 17.65 
J1435+5052 1604147165248626048 218.80710  50.87375  12.88 0.08  -162.7 0.1    53.6 0.1 16.90 16.96 16.75 
J1435+2918 1281225032575659520 218.89067  29.31444  11.89 0.32    48.3 0.5  -231.0 0.6 19.43 19.89 18.74 
J1435+3723 1486537113709628672 218.96424  37.39538  11.50 0.33   139.0 0.4  -157.2 0.5 19.36 19.75 18.80 
J1436+0537 1171041215714699904 219.01026   5.63302  17.63 0.44  -112.7 0.8  -304.4 0.8 19.30 19.97 18.47 
J1436+4753 1591250718488330112 219.10115  47.88363  16.82 0.08   -40.7 0.1   -51.0 0.1 17.33 17.44 17.10 
J1436+5635 1610657197502002048 219.13646  56.58993  10.10 0.15   -65.8 0.2  -103.9 0.2 18.50 18.68 18.07 
J1436+4332 1493367245581725184 219.17661  43.54512  36.86 0.07  -322.4 0.1   504.2 0.1 17.23 17.79 16.53 
J1436+2107 1241188721832696704 219.23941  21.12037  16.12 0.12   -15.8 0.2   -86.2 0.2 17.24 17.31 17.07 
J1437+4151 1492944375984949504 219.32488  41.86406  17.97 0.16  -158.6 0.2   -70.5 0.2 18.50 18.90 17.90 
J1437+2003 1240776435036602368 219.37617  20.05160  12.97 0.18   -46.6 0.3    13.2 0.3 17.88 17.98 17.60 
J1437-0623 6331610452409422080 219.40511  -6.38977  11.70 0.37   -72.5 0.8    21.3 0.6 19.23 19.74 18.60 
J1437+0309 3656469211440196736 219.41893   3.15011  15.96 0.20   -62.8 0.3   -17.7 0.3 17.59 17.73 17.27 
J1439+2419 1266942548329434112 219.81954  24.31786  12.23 0.44  -223.8 0.8    13.2 0.7 19.57 20.01 18.84 
J1439+4455 1493842161589005440 219.96256  44.92167  13.34 0.25    57.8 0.4  -209.9 0.4 19.17 19.67 18.52 
J1440+0437 1158864021358233728 220.04030   4.62626  10.12 0.64   140.3 0.8   -45.9 0.7 19.56 19.93 19.02 
J1440+2247 1242573758590597120 220.14436  22.78571  19.57 0.13  -126.4 0.3    83.9 0.2 17.92 18.22 17.42 
J1440+0112 3654870693331906304 220.18095   1.21615  20.77 0.40  -261.0 0.6  -189.4 0.5 19.06 19.75 18.19 
J1440+0626 1171211743096194560 220.20086   6.43865  17.84 0.26  -208.3 0.5   109.4 0.4 18.65 18.86 18.26 
J1441+5639 1607738921843325440 220.25854  56.65674  11.79 0.15   -80.6 0.3    63.8 0.3 18.42 18.56 18.11 
J1441+4511 1493934284343845504 220.29800  45.19556  10.34 0.07   -40.6 0.1    82.3 0.1 17.26 17.32 17.12 
J1441+0518 1159061967810978432 220.31462   5.31188  10.92 0.29   -68.9 0.6    -8.4 0.7 18.75 18.97 18.34 
J1441+5322 1605951944865784960 220.35761  53.38321  11.05 0.19  -100.0 0.3   -26.0 0.3 18.83 18.97 18.42 
J1441+6228 1618920714579089280 220.41496  62.46771  12.11 0.12  -118.5 0.3  -121.4 0.2 17.95 18.13 17.60 
J1441+5816 1616879612977156352 220.44604  58.28226  15.50 0.10   -96.0 0.2   -20.9 0.2 17.79 18.01 17.39 
J1442+4013 1488064949540111104 220.66446  40.22168  12.51 0.20  -202.0 0.3   -84.9 0.3 18.91 19.27 18.33 
J1442+5546 1607546129351189888 220.68188  55.77059  15.04 0.20    90.1 0.3    -7.5 0.3 18.97 19.34 18.31 
J1442+0027 3651747667992161920 220.68371   0.45423  12.13 0.22   -89.1 0.3    24.2 0.3 17.96 18.07 17.70 
J1442-0011 3651429943491857152 220.70091  -0.18656  12.59 0.66   -48.9 1.0   -19.1 1.1 19.33 19.68 18.67 
J1442+0635 1171581179003421312 220.73056   6.58500  14.73 0.17  -151.4 0.3    65.4 0.3 18.06 18.32 17.64 
J1443+3639 1294193561772534016 220.79930  36.65545  10.71 0.35  -257.8 0.5   -39.2 0.6 19.47 19.94 18.84 
J1443+3206 1286399437380838784 220.82307  32.11603  11.07 0.08    -8.4 0.1    20.4 0.1 16.59 16.55 16.59 
J1443+2227 1241754244470666496 220.83990  22.45167  17.31 0.26    32.6 0.4  -164.4 0.5 18.76 19.29 18.07 
J1444+1848 1237419351158798336 221.02326  18.81070  11.58 0.21    24.7 0.3  -168.7 0.3 18.09 18.29 17.75 
J1444+2147 1241517196641669760 221.06096  21.78547  13.88 0.60  -192.3 1.0   122.7 0.9 19.60 20.12 18.86 
J1444-0052 3651305423799211008 221.06686  -0.87693  11.12 0.39  -102.7 0.5   -23.3 0.5 18.39 18.60 17.98 
J1444+4717 1590192369827025152 221.07614  47.28439  13.60 0.05     6.1 0.1   -28.3 0.1 16.48 16.51 16.36 
J1444-0059 3650552739370519680 221.14100  -0.99959  12.86 0.10    31.0 0.1    23.0 0.2 16.32 16.29 16.32 
J1444-0257 3648528607183584640 221.16580  -2.95930  12.65 0.31   -60.1 0.5   -15.1 0.5 18.74 19.08 18.11 
J1444+1544 1186502513864638464 221.19329  15.74269  18.86 0.29   -47.8 0.4    96.8 0.5 18.61 19.17 17.88 
J1444+1048 1175242896321238400 221.19677  10.80690  14.82 0.26    -8.5 0.3   -64.9 0.3 18.17 18.37 17.74 
J1444+3759 1486801267085903488 221.22017  37.98687  10.83 0.28  -225.3 0.4     2.5 0.4 19.16 19.39 18.64 
J1445+0715 1171726623775534080 221.29138   7.26143  12.09 0.32  -258.2 0.6   -16.5 0.5 19.12 19.61 18.45 
J1445+5106 1604029444488823552 221.31955  51.10744  10.37 0.34    42.5 0.5  -179.1 0.5 19.66 19.92 19.06 
J1446+2825 1281584774741482880 221.60855  28.43294  10.91 0.18    32.6 0.4  -106.0 0.4 18.25 18.30 18.02 
J1446+2130 1238445745263425536 221.62974  21.51012  13.57 0.23   -77.9 0.4    23.3 0.5 18.53 18.83 18.02 
J1446+3922 1488528982101264000 221.63538  39.37368  10.57 0.28  -182.0 0.4    30.2 0.5 19.57 20.09 18.78 
J1446+2217 1241561658137743232 221.63681  22.29339  11.76 0.54   -15.3 1.3   -62.0 1.0 19.84 20.25 19.10 
J1446+2512 1267289165075531008 221.69286  25.20519  10.66 0.24   -45.1 0.5   -83.6 0.5 18.94 19.21 18.48 
J1446+3453 1293045504129952768 221.74911  34.88552  15.70 0.04   -73.0 0.0    68.6 0.1 16.07 16.09 15.99 
J1447+5427 1606475479904001792 221.75622  54.46246  12.91 0.22  -235.5 0.4    26.3 0.4 18.72 19.24 17.99 
J1447+2014 1238026522095817728 221.95147  20.24751  10.42 0.33    -8.2 0.6    10.8 0.6 19.24 19.50 18.78 
J1448+1047 1175204104176381696 222.01885  10.78570  11.25 0.26    43.2 0.5   -43.3 0.4 18.67 18.89 18.41 
J1448-0047 3650615686411758080 222.03342  -0.79884  11.17 0.25   -44.6 0.4     4.4 0.4 18.29 18.42 17.98 
J1448+0157 3652390092020688128 222.04438   1.96100  15.98 0.20    43.8 0.2     5.4 0.3 17.48 17.65 17.11 
J1448+2825 1281410781322153216 222.05867  28.41991  20.67 0.05     1.2 0.1     1.3 0.1 14.60 14.44 14.80 
J1448+2935 1281810110201241344 222.19024  29.58785  12.43 0.25   146.6 0.3   -73.3 0.5 18.87 19.35 18.27 
J1448+1456 1186165582270482688 222.19920  14.94587  10.73 0.21    23.8 0.3   -57.0 0.4 18.34 18.53 17.99 
J1448-0232 6338811188419479040 222.24587  -2.54236  12.55 0.11  -187.3 0.2  -164.6 0.2 16.97 17.03 16.80 
J1449+2054 1238352149340737536 222.33852  20.90606  13.24 0.32  -123.2 0.5    -3.9 0.6 19.05 19.43 18.49 
J1449+1030 1174996090320432000 222.34261  10.50872  12.57 0.30   -62.6 0.4   -67.9 0.4 18.39 18.48 18.08 
J1450+4055 1488904946359359488 222.52748  40.92595  11.95 0.05   -45.6 0.1  -115.5 0.1 16.00 15.95 16.06 
J1450+0441 1158347014670132864 222.54068   4.69602  16.15 0.05   -79.0 0.1     2.9 0.1 15.52 15.48 15.56 
J1450+5753 1613862480054872320 222.59619  57.89346  14.45 0.13  -161.3 0.2    -0.3 0.2 17.85 18.02 17.49 
J1450+0742 1173230210222240640 222.62226   7.70543  10.88 0.17    37.5 0.3    -3.2 0.3 18.15 18.29 17.91 
J1450+2403 1265985590961480192 222.68371  24.05326  14.78 0.19    -4.0 0.3   -81.4 0.3 18.06 18.25 17.71 
J1450+0733 1161215296909017728 222.70220   7.55748  13.33 0.06  -813.6 0.1  -447.9 0.1 15.53 15.47 15.62 
J1451+0243 1154456216681249536 222.77002   2.73181  13.40 0.28    29.9 0.3   -37.9 0.4 18.04 18.15 17.80 
J1451+5110 1593473346884952448 222.82800  51.17986  11.07 0.06    -5.8 0.1    15.4 0.1 16.75 16.66 16.86 
J1451+2537 1267355926046747520 222.97948  25.62671  16.27 0.15   -24.2 0.3   -59.2 0.3 18.11 18.43 17.64 
J1452+4049 1488715482466110080 223.00137  40.81811  13.83 0.29   242.7 0.5  -169.5 0.6 19.30 19.84 18.59 
J1452+3851 1296259647200187136 223.09928  38.86224  10.37 0.23   -39.6 0.3  -157.0 0.4 19.34 19.72 18.69 
J1452-0011 3651028381228835456 223.10467  -0.19238  22.70 0.23   154.9 0.4   131.1 0.4 17.86 18.14 17.25 
J1452+4746 1590462948470580480 223.12800  47.78306  10.86 0.29    -4.4 0.4   -81.8 0.5 19.12 19.39 18.64 
J1452-0051 3650426742210702976 223.14259  -0.85262  14.38 0.30    91.1 0.5  -166.9 0.5 18.84 19.22 18.23 
J1452+4522 1586838374030594048 223.16225  45.37755  10.69 0.30   -54.1 0.5    69.8 0.6 19.52 19.76 18.91 
J1453+0925 1174070610767977728 223.28712   9.41733  12.44 0.23  -153.4 0.3   -36.0 0.3 17.77 17.79 17.65 
J1453+3244 1289485349902909440 223.33570  32.73964  17.36 0.20   -96.3 0.2    23.2 0.3 18.66 19.12 18.00 
J1453+4225 1489504004102020864 223.39999  42.42381  13.64 0.17    55.0 0.2    79.5 0.3 18.79 19.09 18.27 
J1453+5149 1593599855144838912 223.42753  51.82783  18.78 0.11    24.9 0.2   144.2 0.2 18.07 18.43 17.52 
J1453+0659 1160939452634666496 223.48727   6.99359  13.57 0.41    56.4 0.6   -97.2 0.6 19.05 19.43 18.47 
J1454+4406 1586427298416103296 223.50685  44.10673  11.73 0.11    28.4 0.2   -16.9 0.2 17.74 17.86 17.46 
J1454+1722 1188277434870033024 223.52493  17.36820  10.58 0.31   -48.8 0.5   -57.0 0.5 19.09 19.40 18.57 
J1454-0110 3650730589671206528 223.61278  -1.16836  16.69 0.65  -202.3 0.8   -37.6 0.8 19.21 19.82 18.46 
J1454+1253 1181607110141081984 223.73850  12.88802  11.12 0.40  -111.9 0.7    33.0 0.7 19.16 19.54 18.58 
J1454+0603 1160054281350128384 223.74285   6.06215  19.10 0.23   110.1 0.3   -86.4 0.4 18.03 18.23 17.62 
J1455+5655 1613573690750097024 223.83834  56.92904  19.19 0.03   -80.6 0.1    22.9 0.1 14.87 14.80 14.97 
J1455+0141 1154089117236952960 223.84652   1.69618  12.25 0.20  -113.8 0.4    75.5 0.3 18.46 18.60 18.07 
J1455+3207 1289211434068336512 223.89736  32.12731  16.93 0.24  -165.9 0.2   182.8 0.4 18.89 19.32 18.24 
J1455+0111 1153282110061189120 223.94487   1.18403  12.58 0.51  -124.6 0.9    18.2 0.9 19.43 19.93 18.74 
J1456+0853 1173793121520878464 224.01640   8.89920  14.16 0.23    15.4 0.4  -132.9 0.4 18.68 19.06 18.10 
J1456+0206 1154209685558171520 224.20128   2.11646  12.05 0.46   -30.0 0.8     5.2 0.8 19.31 19.69 18.63 
J1456+3410 1290081323859442048 224.22794  34.17091  10.71 0.56   -43.8 0.7  -134.8 0.9 20.24 20.79 19.42 
J1456-0240 6340103831841550080 224.23339  -2.68118  13.45 0.38  -165.9 0.7   -69.5 0.6 19.16 19.47 18.49 
J1457-0740 6333328778630560896 224.34211  -7.67220  23.97 0.11    90.6 0.2     5.3 0.1 17.03 17.24 16.62 
J1457+2107 1261421999231535616 224.35517  21.12949  11.99 0.28   -34.2 0.4  -105.3 0.5 18.74 19.12 18.26 
J1457+3331 1289812355829447040 224.37946  33.52405  11.05 0.11   -59.9 0.1   -48.3 0.2 17.48 17.48 17.35 
J1457+2728 1269138719727661568 224.41319  27.47088  14.99 0.26   -92.5 0.6    19.6 0.5 18.90 19.37 18.25 
J1457+2728 1269138715432182784 224.41525  27.47249  15.08 0.30   -92.4 0.6    22.3 0.6 19.11 19.57 18.46 
J1457+2952 1282030970304135296 224.46728  29.87855  15.59 0.18    54.4 0.3  -199.3 0.3 18.54 18.89 17.91 
J1457+2827 1269774649765271552 224.48455  28.46351  10.16 0.11   -68.0 0.1   -39.3 0.2 17.51 17.57 17.36 
J1458+0605 1160021841461912448 224.67671   6.09743  10.56 0.56   -45.7 0.7   -80.7 0.8 18.92 19.12 18.51 
J1458+0350 1155054660244121600 224.73620   3.83665  14.46 0.57   -11.5 0.7   -86.1 0.7 19.09 19.65 18.44 
J1458+3416 1290050262657404544 224.73986  34.27884  12.09 0.16   -86.1 0.2   -24.7 0.2 18.50 18.64 18.16 
J1459+0340 1154943403412027520 224.87265   3.67687  14.22 0.19  -118.5 0.3    39.9 0.3 18.01 18.17 17.61 
J1459+0851 1161820298887863424 224.88285   8.85699  13.79 0.35  -175.3 0.6   -43.8 0.6 19.04 19.47 18.50 
J1459+4702 1587405000476135168 224.98330  47.04510  12.14 0.27    54.1 0.4   -18.0 0.6 19.27 19.62 18.66 
J1500+0512 1159705388271330176 225.00389   5.21376  11.34 0.60   -52.0 0.6    66.5 0.6 18.96 19.19 18.44 
J1500+3600 1294793345366747776 225.00929  36.00496  12.80 0.25  -692.2 0.3  -605.4 0.4 19.12 19.59 18.42 
J1500+5437 1612301860739133952 225.11680  54.63305  13.31 0.09  -132.9 0.2   109.4 0.2 17.84 17.99 17.47 
J1500+4920 1592142284979684736 225.15050  49.34475  10.08 0.42   -61.2 0.6    -9.2 0.8 19.92 20.24 19.24 
J1500+1343 1182083542272959232 225.15846  13.71678  14.56 0.41  -114.2 0.7   -84.6 0.6 19.02 19.42 18.40 
J1501+6138 1619166249269416832 225.27173  61.64821  14.22 0.08   -49.6 0.2   -82.4 0.2 17.42 17.76 16.91 
J1501+0719 1160623343042019968 225.29833   7.33277  10.96 0.53   -31.9 0.5   -32.8 0.6 18.81 19.05 18.48 
J1501+2100 1261253842671908096 225.36146  21.01600  10.84 0.21   -29.9 0.3    60.1 0.3 18.24 18.57 17.69 
J1501+3431 1289986903300047744 225.42114  34.53314  13.12 0.06   -72.2 0.1    36.0 0.1 15.87 15.72 16.04 
J1501+3022 1276054682231244160 225.48451  30.38307  15.00 0.04   -43.2 0.0    52.8 0.1 14.44 14.24 14.64 
J1502+4933 1592242645479324288 225.59782  49.55324  10.95 0.17   -59.3 0.3   -64.6 0.3 18.57 18.81 18.28 
J1502+0152 1153395016166202624 225.60629   1.86973  15.48 0.45  -173.6 0.8  -128.4 0.6 19.57 20.17 18.83 
J1502+2412 1264673637366153728 225.61651  24.20497  10.44 0.47    53.5 0.9  -187.1 1.1 19.96 20.42 19.12 
J1502+0920 1167866620703225984 225.74365   9.33995  11.36 0.33     5.3 0.5   -71.2 0.6 18.84 19.09 18.52 
J1503+5509 1612339420228653440 225.75825  55.16187  13.39 0.47  -901.3 0.9    70.5 0.8 20.13 20.63 19.27 
J1503+1521 1186846832802736384 225.75885  15.35017  11.51 0.41    -2.7 0.7   -80.8 0.7 19.43 19.86 18.81 
J1503-1015 6319765821665661440 225.89539 -10.26054  12.37 0.85  -175.0 1.1   -23.5 1.0 19.82 20.23 19.12 
J1503+2956 1275981324189764608 225.94547  29.94780  11.89 0.11   -86.0 0.1    94.4 0.2 17.71 17.85 17.41 
J1503+4627 1587150257375155584 225.98749  46.45545  10.73 0.18    30.4 0.3  -114.8 0.3 18.77 19.03 18.31 
J1504+0750 1160759923002231936 226.01148   7.83605  11.72 0.33    20.5 0.4  -104.7 0.5 18.51 18.65 18.14 
J1504+2302 1262123144052263040 226.19452  23.03693  12.51 0.25  -122.3 0.4   -57.9 0.5 18.65 18.92 18.23 
J1504+2832 1269638134229067392 226.22350  28.54352  15.61 0.20  -127.0 0.3   -46.9 0.4 18.53 18.91 17.96 
J1505+3259 1289020673097509760 226.27565  32.99987  12.35 0.07   -11.5 0.1     9.2 0.1 16.76 16.81 16.57 
J1505+4159 1393165997866957184 226.27760  41.99510  10.36 0.36   -24.2 0.6   -31.9 0.7 19.96 20.36 19.27 
J1505+3938 1295880762365052160 226.37164  39.64958  13.77 0.35  -328.7 0.5   185.5 0.6 19.69 20.27 18.92 
J1505+3603 1291844081516924672 226.41971  36.06438  11.66 0.22   -78.8 0.3   -50.2 0.3 18.90 19.22 18.34 
J1506+2150 1261705673230699008 226.55589  21.84772  10.30 0.44   -59.5 0.7    24.2 0.8 19.23 19.62 18.67 
J1506+2934 1275760219272654080 226.57152  29.57778  10.63 0.10    67.2 0.1   -45.5 0.1 17.51 17.59 17.29 
J1506+5405 1600035129199827968 226.57376  54.08579  12.46 0.22   -90.6 0.5    36.7 0.4 18.90 19.25 18.32 
J1506-0930 6319913126159509888 226.58061  -9.50606  21.00 0.05   -83.3 0.1   -58.6 0.1 15.20 15.17 15.22 
J1506+0638 1160300056558791168 226.60887   6.64583  10.05 0.10   -63.7 0.2   -81.3 0.2 16.60 16.64 16.51 
J1506+4152 1392973720770987392 226.60971  41.87903  10.45 0.09    67.1 0.1  -106.7 0.2 17.60 17.60 17.45 
J1506+0151 1153544794556784384 226.62563   1.86619  11.20 0.27    -0.7 0.5    74.4 0.4 18.90 19.15 18.41 
J1506+3544 1291640053390590720 226.65659  35.73830  15.18 0.26    17.1 0.4  -186.6 0.4 19.38 20.01 18.55 
J1507+0648 1160308882716770688 226.79210   6.80543  11.32 0.59   -31.7 1.1   -16.0 1.2 19.55 19.93 18.92 
J1507+3218 1288658006059681408 226.86814  32.30267  10.48 0.28   -27.9 0.4   -24.0 0.4 19.13 19.22 18.86 
J1508+2452 1264639994887264512 227.06793  24.87732  10.74 0.20   -19.0 0.4    -2.6 0.4 18.56 18.76 18.21 
J1508+1826 1211862818279517824 227.12013  18.44745  15.01 0.38  -186.6 0.6   -64.1 0.7 18.92 19.39 18.28 
J1509+3041 1276297674297720576 227.28401  30.68484  21.69 0.11  -115.9 0.1    48.9 0.1 17.45 17.67 17.04 
J1509+5020 1592629707931918720 227.31651  50.33834  12.10 0.17   -51.8 0.3    18.7 0.3 18.47 18.63 18.06 
J1509+6049 1616103353471994752 227.32894  60.83060  11.78 0.30    51.8 0.6   -76.9 0.6 19.45 19.79 18.72 
J1509+2150 1261751715280478848 227.41630  21.83758  13.85 0.04   -73.1 0.1   -31.1 0.1 15.00 14.87 15.15 
J1509+1411 1183473535423719296 227.42528  14.18933  20.08 0.12    -1.9 0.2    33.1 0.2 17.41 17.65 16.98 
J1509+4546 1587611884756030720 227.43836  45.77378  12.55 0.05   -96.4 0.1    76.7 0.1 16.48 16.48 16.44 
J1510+1453 1183956427187401344 227.54849  14.89091  20.21 0.14  -189.3 0.2  -217.3 0.2 17.23 17.36 16.95 
J1510-1045 6318882711964895872 227.62035 -10.75530  16.79 0.07  -148.9 0.1    20.7 0.1 15.41 15.45 15.32 
J1510+1248 1182318120502368256 227.62762  12.80227  11.36 0.53    -6.7 0.5   -33.6 0.5 18.87 19.23 18.40 
J1510+0627 1157317008497672320 227.73755   6.46387  10.41 0.35    30.6 0.6     8.8 0.6 19.14 19.34 18.61 
J1511+0901 1166936944966743168 227.75896   9.01761  12.65 0.54   -65.4 0.8   -81.7 0.8 19.69 20.29 19.03 
J1511+4048 1392065975139109504 227.79034  40.80007  18.17 0.04  -157.7 0.0   -59.8 0.1 15.67 15.77 15.45 
J1511+3204 1276688069644366592 227.86426  32.07191  29.22 0.04  -166.5 0.0    61.4 0.1 14.16 14.09 14.24 
J1511+4220 1393328553789078784 227.87581  42.33971  10.28 0.12    25.1 0.2     2.7 0.2 17.96 17.96 17.90 
J1511+5624 1600882264252963072 227.96228  56.41278  17.44 0.05  -224.8 0.2  -292.6 0.1 16.28 16.34 16.10 
J1512-0946 6319467136754514176 228.16579  -9.77163  16.06 0.07  -123.3 0.1   -15.2 0.1 16.14 16.18 16.01 
J1512+4816 1589209333416214272 228.16926  48.27698  16.01 0.10    77.1 0.2  -202.4 0.2 17.74 17.95 17.33 
J1513+2359 1263732043096088320 228.25254  23.99729  11.28 0.80   -69.9 1.3  -147.0 1.6 20.10 20.72 19.26 
J1513+1016 1168173070914786816 228.31979  10.27922  11.06 0.26   -44.7 0.4    91.2 0.4 18.45 18.65 18.03 
J1513+3022 1275492999287723392 228.35342  30.37888  17.11 0.14  -170.3 0.2   -48.9 0.2 18.32 18.56 17.89 
J1513-0218 4415021737982254080 228.37760  -2.30774  16.13 0.45  -138.9 1.1   114.8 0.7 19.41 20.09 18.63 
J1513-0231 4414967307861766016 228.38203  -2.52872  12.89 0.40    17.2 0.9  -172.6 0.7 19.66 20.22 18.90 
J1514+0157 4421694158655153664 228.56633   1.95895  16.83 0.11    12.8 0.2   -63.3 0.1 16.69 16.71 16.45 
J1515+3707 1292166062330701056 228.78860  37.12873  10.40 0.23    52.1 0.3   -17.7 0.4 19.10 19.32 18.67 
J1515+1506 1183271186629536512 228.81183  15.10464  18.09 0.35  -161.5 0.5    73.9 0.7 18.80 19.31 18.09 
J1515+1911 1212348119518459392 228.87834  19.18921  10.93 0.46   114.6 1.0  -944.4 0.9 19.80 20.59 19.00 
J1515+6642 1645204475617697536 228.97065  66.71233  26.23 0.03    19.3 0.1    96.2 0.1 15.44 15.46 15.35 
J1516+2803 1271649969930799872 229.10408  28.05575  21.25 0.06  -105.8 0.1   -15.2 0.1 16.49 16.59 16.23 
J1516+2316 1215408610135114112 229.23583  23.27805  10.41 0.12   -50.2 0.3    61.4 0.2 17.79 17.95 17.43 
J1517-1045 6319113776910198656 229.26125 -10.75888  13.60 0.31    28.0 0.6     1.9 0.4 18.52 18.79 18.04 
J1517-0219 4414890277623163264 229.31440  -2.31723  10.05 0.58   -34.6 1.0   -76.2 0.9 19.83 20.43 19.07 
J1517+2256 1215384313505335424 229.39310  22.93873  12.61 0.13  -104.5 0.2    60.1 0.2 17.77 17.87 17.51 
J1518+2849 1272088876928180608 229.57614  28.82896  12.06 0.31    -5.6 0.3   -85.8 0.4 19.28 19.74 18.64 
J1518+0506 1156006287558141056 229.64840   5.10777  14.45 0.46   -11.8 0.6    32.5 0.7 19.00 19.27 18.44 
J1518+3717 1387477674460715392 229.74507  37.29028  10.09 0.38     3.2 0.5    27.7 0.8 19.69 19.97 19.12 
J1519+3747 1388278982215216256 229.75048  37.79864  10.74 0.35  -163.7 0.6    80.0 0.7 19.72 19.94 19.14 
J1519+4910 1588627348168467200 229.76100  49.17176  11.46 0.41  -185.5 0.8   126.1 0.9 20.03 20.35 19.32 
J1519+1239 1170279945646967424 229.80028  12.66268  11.28 0.17   103.0 0.2   -87.9 0.3 17.15 17.23 16.97 
J1519+3214 1278042010837800192 229.82571  32.24076  10.79 0.14   -90.0 0.2   -36.9 0.2 18.34 18.37 18.14 
J1519+4215 1392443137691842048 229.90316  42.25586  11.85 0.34    81.4 0.5   -60.8 0.8 19.59 20.13 18.89 
J1520+0803 1163912467652160896 230.02525   8.05730  10.81 0.06    67.1 0.1   -83.8 0.1 16.16 16.12 16.24 
J1520+3355 1278756555956826624 230.06339  33.92372  13.45 0.23  -145.9 0.3   120.4 0.4 18.80 19.09 18.34 
J1520+5427 1599685347062685184 230.08274  54.45009  10.60 0.05     2.1 0.1    12.5 0.1 16.80 16.79 16.80 
J1520+0154 4420803996617732352 230.23156   1.90280  14.04 0.25  -166.1 0.5   -78.3 0.4 18.83 19.15 18.34 
J1521+1051 1169027631967046784 230.25970  10.86325  11.09 0.27   -60.9 0.6   -15.8 0.5 19.09 19.38 18.59 
J1521+1358 1170894503927889024 230.33703  13.98140  13.14 0.11   -78.8 0.1  -165.8 0.2 16.72 16.74 16.62 
J1521-0030 4415725940820061824 230.37804  -0.51602  13.91 0.09   -99.1 0.1  -120.0 0.1 15.41 15.33 15.51 
J1521+3812 1387655524762487552 230.38292  38.21267  10.22 0.04    27.0 0.1   -48.3 0.1 15.79 15.65 15.95 
J1522+2535 1270140821499608832 230.52047  25.58354  10.37 0.10  -162.7 0.2     1.7 0.2 17.55 17.56 17.39 
J1522+0454 1161933582944846336 230.52956   4.91077  13.92 0.60  -115.0 1.1   -39.7 0.9 19.49 19.98 18.89 
J1522-1247 6314498920450406016 230.63491 -12.79158  11.90 0.60    60.6 1.1    14.1 0.8 19.32 19.74 18.64 
J1523+1336 1170811039827446528 230.79636  13.61068  10.02 0.60   -41.5 0.8    -6.7 1.0 19.56 19.84 19.01 
J1523+1607 1207403993686544256 230.80826  16.12010  14.12 0.19  -180.1 0.3   156.3 0.4 18.08 18.30 17.64 
J1523+3152 1277232907719022464 230.92048  31.87966  20.36 0.26   169.1 0.3  -630.4 0.4 19.06 19.62 18.35 
J1523+4148 1390852870215428608 230.98408  41.81171  13.62 0.13  -110.6 0.2  -234.8 0.3 18.27 18.54 17.82 
J1524-0030 4415701304886958848 231.01395  -0.50640  15.49 0.07   -47.0 0.1   -10.7 0.1 15.83 15.74 15.69 
J1525+5524 1599832131865391360 231.30099  55.40755  14.72 0.27  -145.8 0.5    39.3 0.6 19.37 19.72 18.70 
J1525+5524 1599832161929255424 231.33612  55.41645  14.26 0.27  -147.6 0.5    39.6 0.6 19.37 19.80 18.60 
J1525+4808 1588269594571752704 231.36452  48.14779  10.24 0.14    36.8 0.2  -136.7 0.3 18.35 18.50 18.11 
J1525+3451 1278736391086871168 231.42416  34.85099  11.13 0.46   -15.8 0.6   -17.9 0.9 19.88 20.33 19.14 
J1525+1229 1169663527645706752 231.44804  12.48339  12.33 0.52   -46.2 0.9  -224.3 0.9 19.80 20.38 19.09 
J1526+1436 1194922711349401856 231.50564  14.60894  12.48 0.80   -26.6 0.9   -88.9 1.5 19.65 19.99 19.11 
J1526+2804 1271096675060378624 231.52148  28.08106  13.55 0.20   -84.7 0.2   -22.0 0.3 18.61 18.83 18.19 
J1526+2936 1273685372108354176 231.58817  29.60704  43.13 0.05    88.6 0.1   171.4 0.1 16.51 16.97 15.89 
J1526-0007 4417226117061248256 231.74668  -0.12602  13.15 0.32    44.9 0.5  -129.2 0.5 18.90 19.33 18.33 
J1527+4313 1394045267867814400 231.81044  43.21692  10.60 0.05    -7.1 0.1  -147.7 0.1 16.51 16.49 16.55 
J1527+0825 1163809177983446272 231.84122   8.41889  12.78 0.30    -6.3 0.5    31.3 0.5 18.84 19.25 18.27 
J1527+2535 1222150055227312640 231.90277  25.58402  11.78 0.05    17.7 0.1   -56.0 0.1 15.74 15.57 15.92 
J1528+3254 1277756687570196096 232.06310  32.90252  16.21 0.18   131.8 0.2  -102.5 0.4 18.73 19.15 18.13 
J1529-1416 6265877455415860224 232.35899 -14.27206  26.62 0.14  -220.7 0.3  -320.1 0.2 17.86 18.30 17.25 
J1529-0038 4416948833973175168 232.36782  -0.64995  13.02 0.30  -155.3 0.5    -9.0 0.5 18.84 19.07 18.46 
J1529+2928 1273456463234876288 232.39547  29.46719  11.52 0.11   -73.9 0.1    -5.0 0.2 17.51 17.51 17.46 
J1529+0604 4429106481934491136 232.42289   6.06682  11.45 0.07    19.9 0.1   -92.0 0.1 16.01 15.96 16.09 
J1529+4912 1594422496000994048 232.42589  49.20585  10.72 0.29    33.1 0.4   -94.1 0.6 19.33 19.60 18.73 
J1529+0855 1165354855109711232 232.46026   8.92961  18.25 0.06    55.9 0.1    17.7 0.1 14.34 14.20 14.52 
J1529+1304 1193808772927091712 232.49210  13.08186  15.26 0.08   -60.0 0.1    -7.5 0.2 16.90 16.92 16.77 
J1530+4650 1395759333479862016 232.53628  46.83999  10.51 0.14   -25.7 0.2    47.5 0.3 18.40 18.64 17.99 
J1530+0630 1162536355835288320 232.63879   6.50125  14.73 0.30   200.0 0.4   -92.8 0.6 18.37 18.51 18.08 
J1531+1726 1207804112839827712 232.76839  17.44864  10.62 0.72   -51.8 1.3    19.6 1.4 20.41 20.99 19.51 
J1531+4240 1391331222197901696 232.87185  42.67098  11.54 0.13   -23.3 0.2   -15.6 0.2 18.12 18.23 17.86 
J1531+3057 1274247291269220864 232.89489  30.95360  11.70 0.49  -198.9 0.7    36.5 0.9 19.97 20.37 19.20 
J1531+2514 1222254066452610176 232.90883  25.23904  15.03 0.17   105.4 0.2  -140.7 0.2 18.47 18.69 18.05 
J1531+4421 1394479501945576064 232.97084  44.36173  11.10 0.40    59.7 0.7  -123.3 0.8 20.01 20.21 19.51 
J1532+4007 1389687246155888512 233.22406  40.13056  18.32 0.14    -3.7 0.2   -67.8 0.3 18.30 18.68 17.72 
J1532+2153 1214468115376082560 233.22805  21.89919  11.70 0.70   -39.4 1.2   111.4 0.9 20.33 20.82 19.48 
J1532+3524 1374151146855898240 233.22829  35.40355  12.09 0.27  -101.5 0.4  -126.4 0.5 19.33 19.62 18.75 
J1533+5732 1602720338457152000 233.27794  57.54229  16.51 0.23    28.0 0.5   -24.6 0.5 18.97 19.50 18.26 
J1533+0717 1164185283975493120 233.32809   7.29965  11.15 0.09   -33.4 0.2    48.6 0.2 16.75 16.78 16.66 
J1533-0206 4415799779897925760 233.38705  -2.11590  10.77 0.14   -71.4 0.2   -97.6 0.2 16.53 16.52 16.51 
J1533+6410 1640907889118460672 233.43801  64.17388  10.89 0.38    35.5 0.7  -171.5 0.8 19.84 20.33 19.08 
J1534+1010 1165926910393567872 233.50751  10.17027  12.73 0.15    34.9 0.3    61.4 0.3 17.77 17.94 17.42 
J1534+1010 1165926910393568384 233.51034  10.17367  12.78 0.21    34.6 0.3    62.4 0.4 18.12 18.35 17.70 
J1534-0227 4403768373911022080 233.52472  -2.45285  24.11 0.10   -64.6 0.2  -128.7 0.2 14.00 13.88 14.15 
J1534+0218 4424031479858305408 233.57242   2.31301  29.58 0.08  -118.3 0.2   -83.5 0.2 16.23 16.33 16.01 
J1534+0711 4430790968108076544 233.57659   7.19725  16.98 0.24   120.5 0.4   115.2 0.4 18.57 19.06 17.98 
J1534+0037 4417527967363383680 233.60376   0.63228  12.71 0.24    39.6 0.3    12.8 0.2 17.41 17.52 17.22 
J1534+5624 1601489813146914176 233.63336  56.41599  10.68 0.48  -139.0 0.7   120.3 0.8 19.72 20.07 19.04 
J1534+4528 1400691059743459584 233.66108  45.46730  17.45 0.21  -148.2 0.3   118.7 0.4 18.87 19.31 18.18 
J1534+4146 1390295486540598656 233.69743  41.76688  15.19 0.07  -146.9 0.1   104.6 0.1 17.17 17.24 16.96 
J1534+4649 1401010605309570816 233.71024  46.83116  32.41 0.10  -470.0 0.2   220.2 0.2 17.79 18.45 17.03 
J1535+1115 1166330259362301440 233.84621  11.26055  24.06 0.07   -11.7 0.1    75.2 0.2 15.48 15.46 15.39 
J1535+1645 1197139189352207232 233.95177  16.75439  15.58 0.33  -112.6 0.6   130.5 0.7 18.85 19.36 18.23 
J1536+1717 1197240000824171648 234.00126  17.28534  11.48 0.29   -89.9 0.5    40.7 0.5 18.96 19.30 18.38 
J1536+5013 1402721307964211072 234.06650  50.23004  14.59 0.03    80.5 0.1  -182.1 0.1 15.80 15.87 15.61 
J1536+3626 1374676889508967680 234.16678  36.43422  13.39 0.14    38.5 0.2  -259.3 0.3 18.21 18.42 17.79 
J1537+4914 1402600323029833984 234.25171  49.23977  10.41 0.37   -82.5 0.6    48.9 0.9 19.74 20.26 18.97 
J1537+1041 1166063073741131520 234.32102  10.69411  11.32 0.67    -1.2 1.0    78.6 1.4 19.26 19.64 18.67 
J1537+5945 1603202920982243328 234.41149  59.75171  11.03 0.34   -26.9 0.8     5.0 0.6 19.51 19.98 18.82 
J1537+6501 1641386833807056640 234.43396  65.03093  34.63 0.02  -117.2 0.0   167.3 0.0 14.64 14.68 14.50 
J1538+5211 1596812426258489600 234.62548  52.19812  14.61 0.07  -138.5 0.1    23.1 0.1 16.91 16.99 16.70 
J1538+5205 1596808642391186560 234.65462  52.08929  12.30 0.25   -90.4 0.4   120.3 0.5 19.15 19.51 18.62 
J1538+0206 4423790579436883072 234.66485   2.11218  11.47 0.45   -11.4 0.8     0.2 0.9 19.13 19.47 18.60 
J1538+0842 1164767677244452096 234.67966   8.71042  12.11 0.21    14.8 0.3   -65.0 0.2 17.90 17.94 17.71 
J1539+5241 1596840493868996864 234.76338  52.69007  11.42 0.20   -91.3 0.3    90.8 0.4 19.01 19.25 18.55 
J1539+5811 1602106536090424832 234.76663  58.18797  14.02 0.09  -119.1 0.1    56.4 0.2 17.68 17.86 17.32 
J1539-0143 4403922924014755456 234.87811  -1.73091  15.36 0.09   -45.2 0.2   -54.5 0.1 16.94 16.95 16.82 
J1539+0153 4423768662219609088 234.96204   1.89990  11.29 0.14    30.3 0.3   -34.5 0.3 17.41 17.53 17.21 
J1540+1857 1209845764198083584 235.07513  18.95849  10.17 0.40   -58.6 0.6    18.6 0.4 19.19 19.57 18.62 
J1540+0424 4427716454423219968 235.08645   4.40612  14.40 0.42   -55.5 0.6    84.6 0.5 19.22 19.58 18.64 
J1540-1523 6265082680310200448 235.09822 -15.39463  11.33 0.06   -89.1 0.1    37.7 0.1 15.97 15.88 16.07 
J1540+2343 1221075080749770752 235.11042  23.72629  11.19 0.07   -15.5 0.1     7.1 0.1 16.61 16.54 16.69 
J1540+3308 1370654257498865536 235.13815  33.14828  33.84 0.03  -163.6 0.0    84.3 0.1 15.07 15.13 14.88 
J1540+3041 1273307891725715584 235.14818  30.68848  11.17 0.41  -101.2 0.6  -192.9 0.7 19.69 20.11 18.95 
J1540-1559 6262044278706178048 235.20410 -15.99383  10.46 0.18   -51.2 0.4   -22.6 0.3 17.76 17.83 17.51 
J1541+0557 4429655653631543552 235.26378   5.95011  18.08 0.53  -273.4 0.9  -380.1 1.2 19.25 19.82 18.46 
J1541+2053 1216353051968362112 235.35427  20.89783  12.06 0.24   -55.0 0.4    48.4 0.3 18.91 19.17 18.48 
J1541-0249 4403541148665907456 235.39833  -2.82889  16.60 0.62  -174.2 1.2  -144.3 0.8 20.11 20.65 19.21 
J1541+2557 1223091649497003264 235.41320  25.95907  10.51 0.26    10.9 0.4  -108.3 0.5 19.03 19.17 18.57 
J1541+6453 1641326979142898048 235.43717  64.89778  17.89 0.03    12.8 0.1   -63.6 0.1 15.60 15.58 15.56 
J1542+0153 4423803223819720704 235.54802   1.89535  11.84 0.20    10.8 0.4   -34.0 0.3 18.53 18.78 18.19 
J1542+0125 4422929253811220224 235.60489   1.42459  10.62 0.46     0.3 0.9   -30.2 0.7 19.81 20.31 19.19 
J1542+2329 1218051664291152000 235.64453  23.49312  36.02 0.07    48.6 0.1  -408.6 0.1 16.61 16.91 16.12 
J1543+3021 1273088783971336576 235.81262  30.35959  14.69 0.07   -70.5 0.1    75.9 0.1 16.90 16.81 16.94 
J1543-0247 4402794756366307328 235.94012  -2.79501  12.43 0.18   -23.9 0.4   -64.1 0.3 18.00 18.22 17.74 
J1543+0007 4416547310366442752 235.98427   0.12058  10.69 0.20   -49.0 0.3   -65.7 0.3 18.22 18.54 17.69 
J1543+1036 1189269297437549056 235.99910  10.60567  12.55 0.33   -92.1 0.6   -18.1 0.5 19.15 19.48 18.66 
J1544+1806 1197720457346241152 236.08107  18.11162  15.45 0.04     3.0 0.1  -124.7 0.0 14.67 14.50 14.83 
J1544-0038 4404459928069184896 236.11415  -0.64551  14.32 0.41  -330.6 1.1  -141.8 0.8 19.65 20.29 18.98 
J1544+2548 1222865601075380480 236.15685  25.81551  12.92 0.19     0.3 0.2    43.3 0.3 18.40 18.58 18.01 
J1544+2340 1218104543928648832 236.18056  23.68062  13.90 0.17   -63.4 0.3   -61.1 0.3 18.45 18.70 17.99 
J1544+0038 4422618092019322880 236.18602   0.64437  11.59 0.69  -250.5 1.3  -194.0 1.2 19.99 20.32 19.29 
J1545+2603 1223151194923807872 236.25871  26.05389  12.62 0.18   -79.4 0.2   108.1 0.3 18.37 18.77 17.80 
J1545+6021 1627064973301021056 236.29399  60.36576  15.95 0.09    19.1 0.3  -109.0 0.2 17.72 17.94 17.30 
J1545+3218 1369626141111655680 236.35729  32.31274  10.70 0.33  -148.8 0.5   -33.8 0.7 19.46 19.91 18.79 
J1546+3751 1376326912864142336 236.52227  37.85770  26.70 0.03   -71.3 0.0    13.6 0.1 14.51 14.47 14.55 
J1546+4911 1401717243394126464 236.54010  49.18528  13.40 0.11   -12.7 0.2   101.4 0.2 18.08 18.28 17.66 
J1546+4548 1397898124114691456 236.56805  45.81153  10.33 0.19   -59.8 0.3    97.8 0.4 18.98 19.21 18.46 
J1546+2524 1222790795628242048 236.57490  25.40038  10.07 0.40  -211.6 0.6    64.9 0.6 19.62 19.95 19.00 
J1546+0458 4426297740826647680 236.58220   4.97451  10.55 0.39   -53.3 0.6    45.6 0.7 19.27 19.57 18.67 
J1546+2054 1216212932955510528 236.66509  20.91141  15.05 0.46     9.8 0.5  -228.6 0.5 19.20 19.63 18.71 
J1547+5426 1597468108851256192 236.79356  54.43818  10.44 0.27  -102.2 0.5    -8.7 0.8 19.36 19.56 18.89 
J1547+2420 1219657707181797632 236.97686  24.34468  15.93 0.05   -53.1 0.1    61.5 0.1 15.82 15.74 15.82 
J1548+2451 1219699145026398848 237.22955  24.85361  13.49 0.10    49.5 0.1     3.7 0.1 16.83 16.68 16.99 
J1549+0535 4426435871273922560 237.39474   5.58808  11.26 0.08   -50.8 0.1    -0.9 0.1 15.94 15.77 16.13 
J1549+2156 1216861541736356224 237.45742  21.93997  11.24 0.45  -233.1 0.7   116.8 0.7 19.64 20.19 18.94 
J1549+2658 1223420094236095872 237.47234  26.97757  12.83 0.39    -8.3 0.6   -60.1 0.6 19.87 20.30 19.24 
J1549-0149 4403335028894782464 237.47458  -1.82155  11.24 0.24   -71.7 0.5   -98.3 0.4 18.48 18.61 18.11 
J1549+2009 1204095391402194944 237.48455  20.15393  11.64 0.10    -8.3 0.1   -10.6 0.1 17.22 17.24 17.01 
J1550+0519 4426414946193200128 237.51420   5.32855  13.59 0.29    30.5 0.5   -16.4 0.5 18.77 19.14 18.25 
J1550+2200 1216863676336891520 237.51845  22.00951  14.50 0.08   -67.9 0.1   -58.6 0.1 16.66 16.69 16.57 
J1550+0838 4455205894384768256 237.60040   8.64322  12.47 0.24  -150.5 0.5    43.4 0.4 18.76 18.99 18.36 
J1550+1603 1196295211098415616 237.68465  16.05800  11.14 0.36    30.5 0.5    13.8 0.3 19.23 19.63 18.69 
J1551+6227 1639910911246160896 237.79063  62.45606  18.04 0.06   -49.8 0.1    99.0 0.1 16.78 16.85 16.58 
J1551+3222 1369772925913456768 237.81174  32.36877  11.73 0.08   -11.7 0.1    57.9 0.2 17.43 17.54 17.23 
J1551-1638 6261001052630781312 237.86654 -16.64789  10.67 0.14     5.7 0.3   -62.7 0.2 17.26 17.36 16.98 
J1552+1957 1204051067339635072 238.00365  19.96404  17.10 0.06   -54.2 0.1  -169.0 0.1 16.20 16.17 16.11 
J1552+1852 1203637376090060928 238.06020  18.87408  14.71 0.06   -25.2 0.1    -9.8 0.1 16.40 16.52 16.14 
J1552+1810 1202826348825240832 238.10921  18.17236  27.13 0.05  -154.8 0.1   116.7 0.1 14.84 14.78 14.91 
J1552-0219 4403059253334693248 238.12656  -2.32446  10.64 0.17   -63.5 0.3    78.0 0.2 18.00 18.06 17.77 
J1552+4638 1398051402907424512 238.18053  46.63811  10.88 0.33   -60.6 0.5  -172.2 0.6 19.57 19.90 18.99 
J1552+2023 1204450911613674624 238.20506  20.38472  12.42 0.26   132.9 0.3    70.3 0.3 18.91 19.37 18.13 
J1552+3419 1371714251131163264 238.20535  34.32938  10.77 0.12   -38.2 0.2    49.0 0.3 18.30 18.40 18.02 
J1552+6355 1640335009200444800 238.21063  63.92809  11.83 0.37    44.6 0.6  -163.0 0.7 19.76 20.18 19.00 
J1553+3435 1371753799190180992 238.27833  34.58839  12.67 0.32  -164.4 0.4   -78.9 0.6 19.31 19.74 18.69 
J1553-0114 4409340076070042496 238.30886  -1.24653  11.02 0.24    -8.3 0.4   -55.7 0.3 17.98 18.11 17.69 
J1554+0401 4425202936481819520 238.51267   4.02022  10.40 0.29   -46.4 0.5   -57.5 0.4 18.84 18.98 18.46 
J1554+2856 1319952542230868096 238.51733  28.93569  10.57 0.37   -55.8 0.5    -2.6 0.6 19.61 19.98 19.04 
J1554+6145 1627811571760152960 238.52986  61.76357  10.19 0.32    12.6 0.5   118.0 0.6 19.67 20.10 19.23 
J1554+4617 1397232271040309248 238.60925  46.28549  11.53 0.07   -30.9 0.1   -25.0 0.1 16.52 16.43 16.54 
J1554+2657 1223443630657641728 238.61282  26.95497  10.34 0.33   -35.6 0.5   -80.2 0.6 19.66 20.02 19.03 
J1554+1735 1202552914026910976 238.62089  17.59563  17.74 0.13     7.7 0.2  -146.0 0.1 17.46 17.67 17.17 
J1554-1844 6248279939316190464 238.71482 -18.74844  10.49 0.20    -8.8 0.4    24.8 0.3 18.25 18.31 17.90 
J1554+5730 1622769245794819968 238.73366  57.51457  10.81 0.16    40.1 0.3   -84.5 0.4 18.44 18.57 17.98 
J1555+3513 1371872413302877568 238.75842  35.22446  10.36 0.04    22.5 0.1   -38.8 0.1 14.82 14.67 15.00 
J1555+3153 1321738565727229184 238.82096  31.88567  16.57 0.10    81.9 0.1    95.1 0.2 17.51 17.73 17.12 
J1555+5025 1403348682426861568 238.89095  50.42990  32.70 0.05  -233.8 0.1    -5.4 0.1 16.42 16.70 15.97 
J1555+0647 4427021425634792832 238.93577   6.79178  16.34 0.25  -225.7 0.5    27.6 0.4 18.57 18.90 18.07 
J1556+3810 1373569711363357056 239.06697  38.17219  16.36 0.11  -291.0 0.2    14.5 0.2 17.96 18.20 17.52 
J1557+1412 1191742717564070528 239.33931  14.20188  22.19 0.19  -211.8 0.3  -247.5 0.2 18.34 18.92 17.65 
J1557+0953 4455760769799431040 239.34092   9.89350  10.76 0.31    46.0 0.5   102.3 0.4 19.02 19.24 18.52 
J1557+2157 1206198924646506240 239.41890  21.96056  12.42 0.37    39.0 0.5  -221.2 0.6 19.34 19.81 18.68 
J1557+2800 1319616435270604800 239.44640  28.00188  13.00 0.21  -135.8 0.3    -2.4 0.4 18.95 19.28 18.42 
J1557+0746 4454109681291473536 239.48775   7.77784  11.83 0.23    47.2 0.4   -30.8 0.3 18.17 18.34 17.80 
J1557+1108 4456018914514270592 239.49862  11.13648  11.85 0.22   -24.1 0.3   -35.2 0.2 18.40 18.57 18.07 
J1558+0840 4454328930782860800 239.53233   8.67198  11.14 0.17   -15.2 0.3  -117.0 0.2 18.13 18.31 17.81 
J1558+2512 1219957873855946240 239.57243  25.21481  18.51 0.08    66.1 0.1   153.6 0.1 17.12 17.24 16.87 
J1558+2031 1204316668115496704 239.61333  20.52612  11.38 0.07    42.6 0.1   -49.0 0.1 16.54 16.51 16.57 
J1558+0845 4454334020319210624 239.72892   8.76638  10.53 0.31  -123.5 0.6  -100.8 0.5 19.26 19.89 18.56 
J1558+0417 4425632987265111680 239.74024   4.28445  44.47 0.09   -36.6 0.1   -73.3 0.1 16.01 16.20 15.66 
J1558+0736 4451097882722882432 239.74487   7.61237  12.21 0.23   -74.4 0.4     1.2 0.3 18.64 18.92 18.18 
J1559+0326 4424957298712211840 239.82445   3.44633  14.35 0.33  -134.7 0.6     4.0 0.5 19.21 19.68 18.51 
J1559+2529 1220062430539961344 239.90572  25.48558  18.53 0.06    -2.4 0.1   -75.8 0.1 16.49 16.58 16.25 
J1559+1817 1202662482934564736 239.92917  18.28702  11.38 0.50  -117.6 0.6   -62.2 0.5 19.41 19.88 18.79 
J1559+1817 1202662487232814848 239.93082  18.28753  11.37 0.62  -118.7 0.8   -64.0 0.6 19.74 20.16 19.08 
J1600+0019 4409986554547744640 240.00265   0.31844  16.43 0.18  -129.9 0.3   -28.7 0.2 18.45 18.80 17.90 
J1600+6109 1626878090683867136 240.04450  61.15644  11.90 0.13  -195.2 0.3    46.9 0.3 18.14 18.29 17.78 
J1600-1654 6250213984568447872 240.16784 -16.90756  32.90 0.18  -791.9 0.4   196.0 0.2 18.04 18.78 17.20 
J1600+5755 1622881670858925312 240.18229  57.92390  10.37 0.32   -73.8 0.7    40.3 0.7 19.57 19.87 18.99 
J1600+5038 1403545284553914880 240.19031  50.63901  12.91 0.20  -133.4 0.4    92.5 0.6 18.81 19.07 18.32 
J1601+5317 1404831472640252928 240.30186  53.28446  26.54 0.04  -151.4 0.1   271.8 0.1 16.48 16.68 16.10 
J1601-1625 6250372378664759808 240.33152 -16.43077  16.63 0.39  -262.2 0.7    21.5 0.4 19.03 19.58 18.27 
J1601+3648 1372458109403442432 240.34716  36.80718  30.43 0.03   101.2 0.0  -545.5 0.1 14.43 14.43 14.40 
J1601+4120 1383292181587562496 240.35658  41.33641  18.43 0.18    76.5 0.3  -229.4 0.4 18.51 19.10 17.80 
J1601+0534 4425884324454250752 240.45220   5.57840  12.39 0.59   -68.0 0.8   -14.2 0.6 19.54 19.91 18.85 
J1601+2735 1316607896578157824 240.47179  27.59692  14.81 0.10    -6.6 0.1   148.7 0.2 17.58 17.77 17.23 
J1601+2908 1320147671184560896 240.47956  29.13462  11.49 0.34  -128.2 0.5  -152.8 0.6 19.53 19.99 18.89 
J1602+4207 1383598326856370048 240.50042  42.13180  12.69 0.24    25.8 0.4   -92.2 0.5 19.13 19.60 18.48 
J1602+1630 1199192840852373376 240.57063  16.50680  23.17 0.08   -45.6 0.1    82.9 0.1 17.00 17.36 16.48 
J1602+1858 1203132627235232256 240.58162  18.98188  10.96 0.38    12.5 0.4   -59.8 0.4 19.06 19.40 18.54 
J1602+2336 1218800393053400576 240.60955  23.61280  13.70 0.23   -66.9 0.4   -79.3 0.4 18.99 19.25 18.53 
J1602+2644 1316238426312036096 240.64407  26.73948  11.72 0.15   -81.4 0.2    -8.8 0.3 18.08 18.24 17.72 
J1602+5758 1622697949337226112 240.67480  57.97115  30.72 0.03   -14.2 0.0    52.8 0.1 13.83 13.76 13.94 
J1602+0856 4454676823133284864 240.68724   8.94109  12.25 0.87    41.8 1.2   -65.2 1.3 20.13 20.37 19.63 
J1602+6201 1627688941853399680 240.74311  62.02801  10.29 0.12   -25.3 0.2  -172.8 0.2 17.96 18.02 17.76 
J1603+5105 1403650734590873856 240.90925  51.09386  10.05 0.26    12.3 0.5   142.4 0.5 19.34 19.73 18.69 
J1603+0808 4451552182885460480 240.97450   8.14329  14.30 0.13   -14.3 0.2  -142.1 0.2 17.44 17.59 17.14 
J1604+2310 1206715626392179072 241.04647  23.18269  23.42 0.12    24.6 0.2    27.7 0.2 17.89 18.32 17.27 
J1604+4908 1400157173832960384 241.15559  49.13596  11.65 0.10    -5.8 0.2    20.1 0.2 17.88 17.93 17.69 
J1604+0055 4411572123331402880 241.22056   0.92009  30.88 0.13  -633.2 0.2   -41.1 0.1 17.43 17.96 16.76 
J1604+2718 1316376453675730560 241.23589  27.30127  11.05 0.41  -220.6 0.6   -17.4 0.6 19.79 20.33 19.06 
J1605+5556 1621523537776065280 241.33465  55.94682  11.12 0.07  -225.4 0.1   181.0 0.2 17.55 17.73 17.20 
J1605+1841 1200156524136106624 241.34624  18.68723  12.29 0.48  -174.1 0.7   -76.5 0.6 19.79 20.24 19.00 
J1605+5311 1428781653392160128 241.39540  53.18996  10.04 0.18   -16.8 0.5   -64.4 0.4 18.68 18.85 18.23 
J1605-0028 4406733207018066944 241.47680  -0.46926  14.45 0.10   -84.8 0.2   112.1 0.1 16.62 16.67 16.47 
J1605-2001 6244198414713179392 241.48270 -20.02230  14.39 0.40    27.0 0.8  -102.7 0.5 18.97 19.32 18.25 
J1605+0204 4412554051637282560 241.48490   2.07104  13.65 0.34    71.1 0.5   -43.8 0.4 18.84 19.15 18.30 
J1606+5509 1429284061486392576 241.51655  55.15752  12.42 0.20   -51.1 0.4   138.3 0.4 18.93 19.31 18.41 
J1606+0518 4449634256649531776 241.55629   5.30624  10.09 0.27    16.0 0.5    15.5 0.4 18.91 19.09 18.51 
J1606+2547 1315371255234720896 241.58171  25.78373  18.82 0.19  -226.4 0.3  -122.9 0.3 18.52 19.05 17.82 
J1606+3732 1378546345804178560 241.65735  37.53475  11.00 0.43    38.2 0.8   -11.8 0.9 19.82 20.25 19.20 
J1607-0154 4406242000198708736 241.76424  -1.91572  23.37 0.18  -210.3 0.3  -112.6 0.2 18.27 18.88 17.52 
J1607+1751 1199771832505966208 241.80626  17.85390  12.71 0.49  -110.2 0.7     0.8 0.7 19.66 20.25 18.90 
J1607+3423 1323922779935068160 241.80923  34.39519  29.12 0.06    36.2 0.1  -252.9 0.1 16.99 17.37 16.46 
J1607-0230 4405080812841630592 241.82240  -2.50244  12.80 0.15    43.3 0.3    40.7 0.2 17.70 17.81 17.40 
J1607-0109 4406631841491803520 241.83780  -1.16078  19.43 0.26    58.4 0.4  -159.5 0.3 18.23 18.55 17.66 
J1607+0504 4449576978966382848 241.84233   5.08287  10.39 0.69   -40.6 1.2    51.1 0.8 20.07 20.46 19.37 
J1607+2933 1317275544951049472 241.85144  29.55661  20.25 0.04   -27.5 0.1    18.7 0.1 15.59 15.59 15.56 
J1607+2608 1315480072526858624 241.91249  26.14696  15.63 0.30    43.6 0.5   153.9 0.5 19.51 20.03 18.73 
J1608+4235 1384938730313376512 242.03890  42.58795  16.34 0.20  -125.8 0.4   105.0 0.4 18.79 19.29 18.13 
J1608+4205 1384866854036828032 242.09171  42.09589  23.07 0.03  -128.1 0.0   114.0 0.1 13.87 13.85 13.89 
J1608+3112 1322022514605143680 242.13879  31.20834  19.30 0.09    30.9 0.1   -62.0 0.2 17.55 17.79 17.14 
J1608+1723 1199686173677816576 242.16438  17.39380  14.18 0.16   -92.2 0.2    65.5 0.2 18.03 18.15 17.76 
J1608+4256 1384982332821602560 242.17069  42.94748  12.42 0.09    41.5 0.2  -118.1 0.2 17.20 17.29 16.99 
J1608+3202 1322272099449344384 242.18867  32.03527  13.96 0.38  -130.2 0.6  -349.0 0.7 19.84 20.42 18.96 
J1609-0031 4406683522836435968 242.32665  -0.52231  10.14 0.24   -74.6 0.4   -93.1 0.3 18.56 18.78 18.19 
J1609+5222 1427746463194276736 242.33485  52.37887  20.58 0.13   152.2 0.2   282.4 0.3 18.05 18.26 17.63 
J1609+4909 1400201326096359808 242.39808  49.16443  11.04 0.27    21.4 0.4   -53.7 0.5 19.16 19.53 18.64 
J1609+0655 4450425359563998720 242.39893   6.91959  11.69 0.13   -19.2 0.2    50.9 0.1 17.68 17.71 17.45 
J1609+0655 4450425359563998848 242.39939   6.92015  11.58 0.15   -18.3 0.2    48.4 0.1 17.91 17.98 17.60 
J1609+1619 1198427031003111552 242.45641  16.32176  15.42 0.12   -82.0 0.2   -55.1 0.1 17.45 17.60 17.13 
J1609+2441 1303034120592956160 242.46653  24.68936  17.04 0.14     5.3 0.2  -113.3 0.2 18.22 18.40 17.88 
J1610+0321 4413133013228067456 242.54049   3.35066  14.00 0.39   -98.2 0.7   113.1 0.5 19.48 20.00 18.71 
J1610+1327 4458251064854338176 242.68110  13.45140  22.55 0.10   -66.3 0.1    18.1 0.1 16.90 17.13 16.50 
J1610+0031 4408409820512876928 242.70675   0.52845  10.30 0.43    59.8 0.7   -91.0 0.5 19.50 19.83 18.93 
J1610+0619 4449818459207085696 242.72703   6.31754  11.84 0.91   -72.5 1.4    58.8 0.8 20.51 20.71 20.22 
J1610-1647 6249697450322286720 242.73271 -16.79224  10.05 0.30    -1.3 0.6  -108.2 0.5 18.96 19.43 18.30 
J1611+1322 4458207634145130368 242.85675  13.36931  44.85 0.05    13.6 0.1  -544.3 0.0 15.09 15.14 14.93 
J1611+6141 1628349890076998912 242.90685  61.69279  14.39 0.04   -59.9 0.1   109.7 0.1 16.31 16.34 16.24 
J1611+0451 4437515851806126208 242.91676   4.85735  14.82 0.18  -163.5 0.3   -38.4 0.2 18.30 18.59 17.81 
J1612+1419 4464512882357505280 243.02684  14.31846  10.30 0.11   -65.9 0.2    61.8 0.1 16.31 16.24 16.32 
J1612-0107 4406401906122017536 243.06649  -1.12172  13.73 0.53   -31.4 0.9  -118.8 0.6 19.75 20.40 19.03 
J1612+3255 1322796261553165824 243.20484  32.92657  11.42 0.06    -6.9 0.1   -25.7 0.1 16.69 16.68 16.66 
J1612-0209 4405513672526728576 243.20933  -2.15203  11.69 0.44    76.5 0.9  -117.0 0.5 19.42 19.79 18.77 
J1613+2348 1302697738753921536 243.25675  23.80847  16.61 0.05    77.4 0.1   -21.0 0.1 15.52 15.42 15.54 
J1613+1631 1198632983274798336 243.25896  16.53126  12.59 0.05  -133.2 0.1  -171.4 0.1 15.75 15.68 15.84 
J1613+5521 1429618420396285952 243.31910  55.35718  15.06 0.04   -27.6 0.1    -7.4 0.1 15.96 15.94 15.96 
J1613+4428 1385719147346936064 243.37676  44.46668  33.07 0.06  -111.3 0.1   381.4 0.1 17.00 17.35 16.35 
J1613+3428 1329697032751848448 243.46778  34.47536  10.94 0.39  -121.2 0.5   135.6 0.7 19.63 20.00 19.02 
J1614+1728 1198984345958836864 243.55819  17.48290  18.43 0.13  -202.6 0.2  -178.9 0.2 18.01 18.37 17.44 
J1614+0905 4452997701376633728 243.60254   9.09944  35.80 0.09     7.4 0.1  -383.0 0.1 17.20 17.74 16.51 
J1615+1819 1200578152485877376 243.75868  18.32125  13.61 0.21    43.7 0.2    13.4 0.2 18.37 18.57 18.00 
J1615+6156 1628379675674825984 243.89525  61.93886  10.87 0.15  -153.5 0.3   124.1 0.3 18.48 18.75 18.09 
J1615+4449 1385742821206707456 243.93638  44.82755  16.05 0.26    46.6 0.4  -234.2 0.5 18.90 19.53 18.23 
J1615+4602 1386704545987569280 243.97543  46.04957  12.76 0.27   -65.9 0.5   119.4 0.5 19.33 19.76 18.64 
J1616+6310 1629354495811136384 244.06972  63.16714  12.27 0.13   -71.7 0.3   114.7 0.3 18.33 18.46 18.05 
J1616+4600 1386691867244096000 244.12709  46.00854  11.95 0.14  -160.2 0.3    54.8 0.3 18.53 18.75 18.14 
J1616+5410 1428562506980546688 244.14341  54.16974  10.66 0.13    32.0 0.2   -29.6 0.3 18.26 18.35 17.95 
J1616+3924 1380443823700583552 244.22190  39.41240  10.69 0.12   -90.0 0.2    18.1 0.3 18.20 18.34 17.92 
J1617+1554 4465105351622152704 244.28627  15.91088  12.02 0.06   -38.3 0.1    44.1 0.1 15.56 15.45 15.69 
J1617+1129 4454017257893306496 244.28910  11.48373  12.56 0.07   -54.3 0.1   -23.2 0.1 16.51 16.49 16.52 
J1618+2203 1205467268384479872 244.51189  22.05741  12.13 0.35  -131.7 0.5    95.9 0.6 19.48 19.82 18.90 
J1618+3758 1330758920465540224 244.51217  37.96969  12.37 0.13   -80.8 0.2   -66.7 0.3 18.34 18.50 17.90 
J1618+4947 1423481972986629376 244.53579  49.79613  10.91 0.24    52.4 0.4    43.5 0.5 19.32 19.68 18.71 
J1618+4954 1423486611551423616 244.59585  49.91448  11.29 0.33    -1.0 0.5  -160.5 0.7 19.61 20.04 18.91 
J1618+1105 4453933690711829504 244.73173  11.09891  17.94 0.20   -52.3 0.2   284.9 0.2 18.30 18.71 17.67 
J1619-1208 4331694970097765120 244.97795 -12.14850  16.64 0.32   -54.3 0.7   -99.0 0.4 18.40 18.85 17.83 
J1620+0756 4451874958268328960 245.00321   7.93779  11.95 0.22    64.3 0.3   -33.2 0.2 18.54 18.83 18.11 
J1620+1436 4464010508621809664 245.05341  14.61136  13.36 0.32   -22.7 0.4   -55.0 0.3 19.18 19.65 18.49 
J1620+5223 1425130935485979520 245.10243  52.38912  11.20 0.05    53.5 0.1   -17.4 0.1 15.64 15.54 15.67 
J1620+5854 1623911878894401024 245.10950  58.90148  11.58 0.33   -24.9 0.7  -117.8 0.8 19.73 20.20 19.06 
J1620-1408 4328933138625682432 245.11361 -14.14090  18.33 0.22  -159.9 0.4   -46.1 0.3 17.94 18.24 17.27 
J1620+5944 1624733561973468928 245.13248  59.74899  13.80 0.14  -110.3 0.3    57.0 0.3 18.53 18.78 18.09 
J1621+0552 4437908587914479360 245.37194   5.87361  14.05 0.15   -58.0 0.2    14.5 0.1 17.88 17.97 17.62 
J1621+2826 1317473353964505600 245.43781  28.44012  11.03 0.23   -11.0 0.3    14.2 0.4 18.98 19.29 18.46 
J1621+5310 1425236724824667520 245.47376  53.16795  24.20 0.14   100.7 0.3   -89.6 0.3 17.92 18.50 17.18 
J1621+0432 4436905352274528896 245.49050   4.53861  16.28 0.09   -66.3 0.1    11.7 0.1 16.88 16.74 17.01 
J1622+1213 4460086458999242368 245.51637  12.22570  17.95 0.04    63.6 0.1   -66.8 0.0 14.68 14.58 14.80 
J1622+1058 4453746571874680064 245.53250  10.97954  10.04 0.12   -46.2 0.2   -78.8 0.1 17.40 17.42 17.18 
J1622+0532 4437884055061048064 245.56690   5.54767  14.20 0.09  -136.5 0.1   -50.1 0.1 16.69 16.82 16.41 
J1622+2651 1305209190813293440 245.59109  26.86521  10.81 0.19   -50.0 0.3   110.9 0.4 18.80 19.09 18.38 
J1622+4017 1380553946662309632 245.61450  40.29632  11.41 0.31    45.0 0.7     7.7 0.6 19.59 19.95 18.86 
J1622+1309 4463261431966304768 245.63561  13.16384  13.21 0.36   -30.6 0.4    68.5 0.4 18.95 19.28 18.35 
J1622+3004 1318204460477280512 245.65037  30.08174  13.37 0.08  -134.6 0.1   -66.5 0.1 17.09 16.94 17.23 
J1622+2919 1317956898562626176 245.66586  29.31931  21.07 0.20  -294.6 0.3  -220.3 0.4 18.92 19.47 18.16 
J1622+1822 1200416902234462464 245.67444  18.36836  10.10 0.26     5.2 0.4     8.3 0.3 19.15 19.42 18.70 
J1622+0713 4439766762564880512 245.71369   7.22849  10.79 0.16   -39.8 0.2  -119.6 0.1 17.77 17.82 17.52 
J1622+1931 1201115779312352256 245.72341  19.52891  10.31 0.15   -36.5 0.2    23.4 0.2 18.26 18.39 17.92 
J1623-1339 4329047998934483968 245.77213 -13.66210  10.46 0.38    44.8 0.8   -29.0 0.5 19.06 19.36 18.58 
J1623+3340 1325705942981586176 245.89414  33.66807  10.03 0.19   -45.8 0.3    15.8 0.3 18.67 18.85 18.27 
J1623+5642 1429800419634352000 245.93336  56.71116  10.22 0.28    28.3 0.7   -58.5 0.8 19.24 19.44 18.74 
J1623+4650 1410031887762012800 245.93865  46.84486  14.38 0.07   -19.2 0.1   -40.0 0.2 17.13 17.14 16.99 
J1624+2013 1201304517354978688 246.00389  20.21912  14.32 0.29  -100.0 0.4   -34.0 0.3 19.03 19.28 18.42 
J1624+4151 1381245848713362432 246.02431  41.86531  18.80 0.27    16.3 0.4    84.5 0.5 19.15 19.55 18.51 
J1624+1448 4464073180784561408 246.05101  14.80348  10.38 0.25  -120.4 0.4  -134.6 0.3 19.06 19.33 18.56 
J1624+1347 4463664815294536192 246.09716  13.79753  10.58 0.20   -29.5 0.3    90.9 0.2 18.42 18.61 18.04 
J1624+3212 1325292217371985024 246.15377  32.21430  10.24 0.06    76.3 0.1   -84.4 0.1 16.72 16.73 16.70 
J1625+1752 4466984859374027904 246.29464  17.87785  11.60 0.21    19.6 0.3  -114.2 0.3 18.80 19.04 18.39 
J1625+7933 1709423887483553664 246.29962  79.55288  10.73 0.18   -65.0 0.2   -46.2 0.3 18.26 18.45 17.89 
J1626+0552 4438653541403499776 246.53642   5.87763  11.92 0.13   -18.6 0.2   -39.1 0.1 17.53 17.58 17.36 
J1626+1355 4463681655863346816 246.63411  13.93222  17.66 0.09   133.8 0.1    95.8 0.1 17.27 17.46 16.89 
J1626+3104 1324361343339619968 246.73602  31.07393  11.09 0.19    46.6 0.3   -35.3 0.3 18.71 18.96 18.24 
J1626+2533 1304081783374935680 246.74814  25.55767  11.89 0.09   -28.2 0.1    52.3 0.2 17.62 17.59 17.65 
J1626+4918 1411292580922301312 246.74909  49.30144  15.53 0.04   -44.1 0.1   120.9 0.1 16.49 16.54 16.34 
J1627-0547 4352559818142869760 246.79756  -5.79964  10.10 0.20   -18.5 0.4   -77.9 0.3 18.07 18.17 17.76 
J1627+0028 4407614499946419200 246.80322   0.47149  22.39 0.14  -196.2 0.2   -73.2 0.1 17.35 17.68 16.87 
J1627+3726 1331208070965684224 246.85233  37.44471  18.06 0.20   -12.1 0.4  -162.8 0.5 19.02 19.59 18.27 
J1627+4859 1411226507145210624 246.87901  48.98888  16.53 0.19   -88.1 0.3    73.5 0.4 18.68 19.16 18.10 
J1628+1040 4458886273338645888 247.00436  10.67087  18.15 0.24  -200.6 0.3  -282.4 0.2 18.69 19.21 17.96 
J1628+2332 1299122058220640512 247.03533  23.54802  12.85 0.14    95.8 0.2  -105.2 0.2 18.19 18.33 17.87 
J1628+1224 4460327252045435648 247.05510  12.41426  12.91 0.06  -106.3 0.1   -90.0 0.1 16.27 16.26 16.24 
J1628-0418 4357309158618673024 247.06725  -4.30302  11.05 0.20   -56.6 0.4   -40.7 0.2 17.99 18.46 17.19 
J1628+0645 4438822655736145408 247.07306   6.76586  12.54 0.41    15.9 0.5   -43.2 0.3 19.19 19.60 18.63 
J1628+0732 4440057823911572992 247.09966   7.53438  16.58 0.20    58.4 0.3   -20.0 0.2 18.26 18.61 17.75 
J1628+3646 1331106782752978688 247.10152  36.77428  62.91 0.02  -494.2 0.0   746.6 0.0 13.80 13.83 13.67 
J1628+7929 1709424712117232640 247.18176  79.48469  16.02 0.35  -349.7 0.6    81.4 0.7 19.44 20.02 18.74 
J1629+5357 1425374610454574464 247.25666  53.95438  12.74 0.10   -15.4 0.2    -7.2 0.2 17.89 17.93 17.70 
J1629+2022 1297161594628972672 247.31887  20.37561  10.53 0.08     0.1 0.1   -90.9 0.1 17.10 17.13 16.99 
J1629+0045 4431665212995124608 247.32903   0.76418  11.26 0.14   -24.0 0.3   -33.5 0.2 17.61 17.64 17.48 
J1630+4933 1411650884274568320 247.57985  49.56372  13.20 0.38   -95.3 0.6    32.5 1.1 19.60 20.18 18.86 
J1630+2724 1304733106575117056 247.65339  27.41430  10.57 0.11    16.7 0.2    -2.9 0.2 17.99 18.01 17.92 
J1630+2639 1304274094830734720 247.67440  26.66621  10.34 0.06    38.0 0.1   -75.1 0.1 16.68 16.66 16.68 
J1631-0516 4352651700380171392 247.88773  -5.26771  11.62 0.22    31.4 0.4     7.1 0.2 18.42 18.70 18.00 
J1631+0638 4438770158349772672 247.92096   6.63453  10.92 0.88  -146.9 1.5     6.6 1.1 20.40 20.98 19.66 
J1632+3912 1331789850056080640 248.00107  39.21287  11.39 0.33    24.4 0.6    58.6 0.6 19.68 20.12 18.96 
J1632+1811 4467229882964819456 248.03869  18.18399  10.68 0.41   -85.4 0.5    68.9 0.6 19.61 19.96 19.08 
J1632+2426 1300727345195414272 248.17593  24.44754  23.77 0.24   -13.4 0.4  -337.3 0.4 18.84 19.31 18.18 
J1633+4615 1406792623427291136 248.29777  46.25286  13.71 0.20   -40.7 0.4   -33.7 0.4 18.85 19.30 18.26 
J1633-0420 4354353293406211200 248.40170  -4.34034  19.07 0.43  -129.2 0.8    10.0 0.5 19.56 20.10 18.67 
J1633+3930 1331894033078063488 248.41382  39.51457  16.94 0.04     6.3 0.1   -63.1 0.1 14.51 14.42 14.65 
J1633+5521 1430007784951049216 248.44614  55.36229  12.02 0.10     0.4 0.3   -67.9 0.2 17.90 17.97 17.66 
J1633-0225 4358132250448454272 248.47978  -2.42097  12.15 0.28   -61.7 0.6   114.5 0.3 18.64 18.79 18.27 
J1634-0901 4338593516506343424 248.51740  -9.03176  10.33 0.14     9.9 0.3   -22.9 0.1 17.76 17.82 17.53 
J1634+3350 1325899461324069376 248.52257  33.84658  17.86 0.08     4.5 0.1  -199.5 0.1 17.03 17.15 16.79 
J1634+3143 1324316263362759552 248.52282  31.72708  10.96 0.21  -115.6 0.3    81.2 0.4 18.99 19.30 18.49 
J1634+7558 1703379704562897280 248.54980  75.98329  29.87 0.03   103.4 0.1   148.0 0.1 14.25 14.18 14.22 
J1634-0142 4358305011212780032 248.65431  -1.70851  14.00 0.30  -147.6 0.6   -48.7 0.3 18.82 19.23 18.21 
J1634+1736 4466388790929771904 248.67472  17.60933  39.05 0.03    77.8 0.0   -32.7 0.0 13.16 13.19 13.05 
J1634+0934 4446506356529203968 248.73593   9.58066  12.09 0.15   -17.5 0.2    81.3 0.1 17.89 18.10 17.50 
J1635+5053 1411867767238390912 248.77287  50.89994  13.67 0.05    57.5 0.1    26.9 0.1 16.27 16.29 16.21 
J1635+1343 4461972907417918336 248.89270  13.71935  13.74 0.24   -11.6 0.3    31.7 0.2 18.69 19.02 18.16 
J1635+1308 4459687645513849984 248.89358  13.13376  11.31 0.53  -107.8 0.8  -217.9 0.6 20.04 20.65 19.19 
J1635+3417 1327436471204300288 248.89588  34.29780  13.32 0.36  -157.9 0.6    98.9 0.7 19.89 20.50 19.09 
J1636+1619 4465939601772584448 249.00541  16.31844  14.48 0.51   -49.9 0.6   -72.8 0.6 19.69 20.27 19.03 
J1636+1255 4459666716138776576 249.10928  12.92929  13.21 0.26   -61.3 0.4   -78.8 0.3 19.07 19.48 18.61 
J1637+5105 1411873672817879936 249.27371  51.09972  16.20 0.13    85.6 0.2   -44.0 0.3 18.08 18.42 17.58 
J1637+1110 4447152865064276736 249.34956  11.17415  15.03 0.17    47.9 0.2  -160.3 0.2 18.48 18.87 17.90 
J1637+5133 1425397189098547200 249.36007  51.55024  18.11 0.07   -67.0 0.1   145.8 0.1 17.24 17.40 16.94 
J1637+0110 4384056565671592576 249.37174   1.16672  14.91 0.12     2.2 0.2   -38.4 0.1 17.50 17.67 17.17 
J1637+4925 1411492795117800448 249.38306  49.42143  17.29 0.17   -36.2 0.3   241.1 0.4 18.42 18.87 17.82 
J1637+1340 4461228611063376128 249.41916  13.67574  21.91 0.07   -38.7 0.1  -247.1 0.1 16.83 17.01 16.47 
J1637-0204 4358066107952246784 249.44120  -2.07284  16.34 0.09    14.1 0.2   -85.9 0.1 16.84 16.93 16.61 
J1637+1842 4562566234107439616 249.48769  18.71591  13.15 0.47    32.2 0.6    17.0 0.7 19.83 20.42 19.07 
J1638+4116 1356856413065960960 249.53764  41.27811  17.55 0.18   -46.0 0.3  -114.7 0.4 18.58 18.88 18.11 
J1638+4627 1407138625992348928 249.54453  46.45069  14.34 0.21   104.9 0.4  -138.4 0.4 18.95 19.47 18.32 
J1638-0709 4351263356495106176 249.56376  -7.15073  10.49 0.37   -75.2 0.7  -122.6 0.4 19.31 19.64 18.77 
J1638-1053 4337281421174823168 249.60595 -10.89535  11.55 0.47   -57.8 0.9   144.4 0.5 19.71 20.15 18.95 
J1638+4105 1356850743709013504 249.64700  41.09208  14.24 0.46  -278.8 1.1   100.8 1.0 19.90 20.46 19.08 
J1638+1554 4462895505049732608 249.66847  15.90429  15.45 0.05    27.8 0.1   -79.5 0.1 15.70 15.66 15.73 
J1639+1036 4447039585308297088 249.82262  10.60146  13.17 0.24   -38.8 0.3    26.7 0.2 18.54 18.79 18.11 
J1639+4030 1355979969155873792 249.83464  40.51176  15.98 0.07    19.1 0.1    56.4 0.2 17.00 17.11 16.77 
J1639+3325 1326398777041821568 249.86582  33.42084  32.82 0.03   -20.8 0.0  -466.6 0.1 14.63 14.67 14.54 
J1639+0106 4384015024746850432 249.95490   1.10347  10.99 0.59  -201.0 1.1   -38.2 0.7 19.83 20.30 19.39 
J1640+2955 1311859655613503232 250.10010  29.93010  13.52 0.14    61.0 0.2   -35.2 0.3 18.16 18.42 17.69 
J1640+7841 1706149129539465216 250.11836  78.69089  11.56 0.28   -18.9 0.5   135.6 0.6 19.25 19.51 18.75 
J1640+2229 1299314816353108992 250.13327  22.49078  14.19 0.10     3.1 0.1  -127.5 0.2 17.54 17.68 17.25 
J1640+5341 1425909733315616000 250.23725  53.68510  49.65 0.03  -119.4 0.1  -190.6 0.1 14.98 15.09 14.71 
J1641-0046 4382453172774669952 250.30915  -0.76722  11.87 0.44    91.1 0.9  -217.9 0.5 19.31 19.68 18.64 
J1641+1512 4462612140287443840 250.40262  15.20765  31.48 0.11    20.9 0.1  -670.8 0.1 15.63 15.77 15.31 
J1641+4833 1410448259071414528 250.43017  48.55050  10.94 0.12   -63.0 0.2    21.1 0.4 18.04 18.12 17.78 
J1641+1034 4446863869601988096 250.46748  10.57083  21.37 0.22  -321.3 0.3  -297.0 0.3 18.39 18.96 17.69 
J1641+0410 4434273946068357248 250.47463   4.17656  11.58 0.24  -143.0 0.4   -84.0 0.3 18.76 18.97 18.41 
J1642+2416 1299827699870774272 250.58864  24.27240  11.82 0.37    55.1 0.6  -228.6 0.8 19.59 20.07 18.91 
J1643+3841 1352571723628352512 250.75958  38.68882  21.80 0.03    30.1 0.1   164.1 0.1 14.65 14.57 14.75 
J1643+2428 1300212116623817728 250.84905  24.47908  17.58 0.13    18.8 0.2    23.9 0.3 18.24 18.62 17.70 
J1643+6343 1631815069691601792 250.88314  63.72813  13.44 0.14   -30.5 0.3    68.3 0.4 18.49 18.78 17.98 
J1643+1422 4461739604794187520 250.90140  14.38049  13.21 0.19    29.8 0.2   -42.2 0.2 18.25 18.45 17.89 
J1643+6328 1631796309274519040 250.96070  63.47477  11.24 0.07   -44.0 0.1    13.5 0.2 16.97 16.94 16.98 
J1643+4438 1405848383457312512 250.99523  44.64793  13.50 0.29    42.0 0.5  -203.8 0.9 19.20 19.68 18.55 
J1644+1026 4446890665906313088 251.02521  10.43715  10.15 0.53    70.2 0.9   -72.8 0.9 19.76 20.17 19.15 
J1644+2253 1299436415467829888 251.06753  22.89459  12.08 0.13   -34.2 0.2    -5.5 0.2 18.03 18.11 17.80 
J1644+7628 1704918191912744192 251.12976  76.46849  18.21 0.09   -15.0 0.2    76.4 0.2 17.36 17.54 16.97 
J1644+4804 1408863003822944000 251.21156  48.07684  13.60 0.16   -18.1 0.3    78.0 0.4 18.66 18.98 18.20 
J1644+1657 4559106586411037440 251.22376  16.95847  11.87 0.07    11.8 0.1   -48.2 0.1 16.45 16.38 16.55 
J1644+2041 4564029851585380608 251.22788  20.68908  12.65 0.16  -103.7 0.2  -111.3 0.2 18.23 18.46 17.81 
J1645+5031 1413145468469632000 251.31551  50.52923  11.31 0.25    -0.6 0.5   -26.2 0.8 19.34 19.73 18.71 
J1645+4958 1412228093519039744 251.32607  49.98225  14.21 0.11     1.4 0.2   133.2 0.3 17.70 17.88 17.32 
J1645+1332 4461401745486070144 251.39334  13.54326  11.82 0.55   -68.6 0.7    37.4 0.6 19.92 20.44 19.18 
J1645+3059 1311660540930405632 251.41555  30.99209  11.04 0.15   -22.5 0.2   -11.0 0.3 18.43 18.62 18.07 
J1646+1106 4448453209363580160 251.52931  11.10215  18.37 0.32  -141.7 0.5   275.4 0.6 18.94 19.23 18.39 
J1646+2518 1300356053864952064 251.65705  25.30684  12.32 0.05   -45.0 0.1     2.4 0.1 16.21 16.17 16.21 
J1646+0303 4385909109622569088 251.68085   3.05147  10.68 0.12     1.3 0.2     1.0 0.2 17.63 17.71 17.42 
J1646+0308 4385911549163997184 251.73222   3.14128  11.02 0.09   -23.6 0.2     0.9 0.1 17.16 17.11 17.09 
J1647+7712 1705751041906319872 251.78532  77.21305  10.08 0.05   -22.3 0.1    78.9 0.1 16.55 16.53 16.58 
J1647+3228 1314045729544380288 251.82582  32.47590  23.20 0.03  -159.1 0.0    25.3 0.1 13.59 13.42 13.76 
J1647+2521 1300334299853917184 251.87348  25.36489  12.53 0.42   -74.1 0.6   -67.7 0.8 19.69 20.10 18.95 
J1647+2636 1307226283551364224 251.93574  26.61346  19.79 0.07  -140.7 0.1   143.9 0.2 16.92 17.05 16.65 
J1647+3946 1352743419240352384 251.93878  39.77699  11.37 0.52  -115.8 1.3  -108.7 1.4 20.39 20.85 19.57 
J1648+1349 4461433528244756480 252.00723  13.82140  10.42 0.30   -19.3 0.4  -148.3 0.3 19.22 19.54 18.65 
J1648-0918 4337798810117194112 252.12718  -9.30606  10.23 0.06    29.8 0.1   -75.2 0.1 16.34 16.24 16.36 
J1648+3939 1352692734330406912 252.19540  39.65472  10.54 0.13  -130.5 0.2     4.0 0.3 18.37 18.77 17.79 
J1648+4948 1412116767967011712 252.22509  49.81448  15.32 0.22   -64.1 0.4   -34.8 0.5 19.02 19.44 18.29 
J1649+3728 1351486711809893888 252.33426  37.47262  12.60 0.05   -60.0 0.1    11.3 0.1 15.00 14.85 15.20 
J1649-0558 4341270792960082304 252.36225  -5.98220  10.98 0.33   -56.7 0.6  -100.2 0.4 19.12 19.35 18.66 
J1650+4948 1412126319974269696 252.53571  49.81581  14.75 0.18   -27.0 0.3    85.0 0.5 18.55 18.87 18.04 
J1650-1004 4334670557801027840 252.61102 -10.07330  11.68 0.16     8.9 0.3   -58.2 0.1 17.78 17.88 17.46 
J1650+0330 4386278128914548352 252.66543   3.51070  16.86 0.31   -36.1 0.5  -201.8 0.4 19.17 19.86 18.42 
J1651+4249 1356633384004567168 252.75679  42.83191  11.40 0.32   -70.3 0.5   -41.9 0.8 19.30 19.79 18.72 
J1652+4110 1353302001211658368 253.00288  41.17538  12.38 0.08    27.7 0.1    90.4 0.2 17.15 17.14 17.08 
J1652+1346 4449495546386664832 253.01852  13.77025  12.11 0.26   -37.2 0.4   -46.5 0.4 18.61 18.94 18.16 
J1652+3936 1352879238991076352 253.07415  39.60860  12.11 0.38    58.3 0.7    27.4 0.8 19.76 20.37 18.95 
J1652+1638 4558191071184494336 253.10077  16.64332  10.52 0.94  -100.8 1.2   -73.3 1.1 20.32 20.75 19.60 
J1654+6253 1631578537252535040 253.50009  62.89923  32.49 0.14  -546.1 0.3   150.0 0.3 18.09 18.31 17.77 
J1654+1243 4449057326579614592 253.55765  12.72882  16.12 0.19  -121.7 0.3   -92.6 0.3 18.52 18.98 17.95 
J1654-0832 4339432164702764800 253.59790  -8.54727  14.11 0.22   -45.4 0.4    33.6 0.2 18.16 18.42 17.70 
J1654+2352 4566554472019360128 253.61047  23.87808  10.04 0.07     7.1 0.1   -37.8 0.1 17.01 17.00 16.97 
J1654+6339 1631669453120152192 253.61989  63.65549  11.79 0.07  -121.6 0.1   -90.6 0.1 15.76 15.67 15.86 
J1654+3157 1313265900922425856 253.65328  31.96526  15.78 0.08   -64.3 0.1    37.7 0.2 17.41 17.51 17.13 
J1654+3829 1351956512512484480 253.69046  38.49210  36.58 0.05    14.1 0.1  -326.7 0.1 16.60 16.92 16.09 
J1655+1850 4559800992425812096 253.76764  18.84881  11.11 0.19  -155.2 0.2    47.3 0.2 18.57 18.82 18.14 
J1655+2533 1306197930941817984 253.91237  25.56210  27.31 0.06    49.0 0.1  -196.2 0.1 16.99 16.98 16.93 
J1655+2704 1306917144688318976 253.93530  27.07328  20.87 0.12   -31.7 0.2    15.2 0.2 18.19 18.65 17.57 
J1655+2558 1306242834823730176 253.94844  25.96768  11.47 0.43     8.9 0.7   -67.2 0.8 19.94 20.42 19.17 
J1655+1231 4448378171991893888 253.99752  12.53054  10.04 0.11    35.1 0.2    -1.1 0.2 16.97 16.93 17.03 
J1656+1942 4561417003938888704 254.04513  19.70055  11.23 0.06   -46.3 0.1   -35.6 0.1 16.20 16.15 16.27 
J1656+4911 1409166984427845632 254.13426  49.19581  11.24 0.21   -63.9 0.4    15.5 0.4 19.06 19.25 18.59 
J1657+2126 4565048312887877888 254.29120  21.44438  47.60 0.02    24.8 0.0  -573.9 0.0 14.10 14.16 13.94 
J1657-0044 4380950067364935424 254.30926  -0.73435  10.83 0.24     4.9 0.4   -35.7 0.3 18.84 19.06 18.36 
J1657+7359 1655450579663164544 254.39126  73.98507  10.30 0.30   -34.9 0.5     4.8 0.8 19.38 19.77 18.80 
J1657+2414 4572405140891735296 254.41669  24.24232  10.47 0.53   -35.9 0.7   -73.9 0.8 20.08 20.50 19.34 
J1658+2210 4565386996828484224 254.56807  22.17909  11.66 0.17   -13.8 0.2    17.7 0.3 18.32 18.59 17.92 
J1658-0617 4340322876499078400 254.69740  -6.28637  31.51 0.12   334.7 0.2  -129.0 0.1 16.99 17.36 16.45 
J1659+6610 1635687790163070976 254.81297  66.17644  15.48 0.08  -103.9 0.2   162.8 0.2 17.27 17.26 17.24 
J1659+1705 4558448219470271616 254.83768  17.08916  10.39 0.09    61.6 0.1    -0.0 0.1 17.50 17.56 17.34 
J1659+4425 1358325021299899136 254.89789  44.42768  35.06 0.05  -294.6 0.1  -246.4 0.1 16.59 16.95 16.05 
J1659+4130 1354669553158591232 254.91061  41.51594  13.53 0.16    52.6 0.3     7.1 0.4 18.58 18.88 18.11 
J1659+3203 1313405848136604672 254.91553  32.05464  26.70 0.08  -240.2 0.1  -242.5 0.2 17.36 17.61 16.95 
J1659+4401 1358301480583401728 254.95158  44.01821  31.65 0.04   -31.7 0.1    98.6 0.1 14.80 14.61 15.06 
J1700+7908 1706270664229782528 255.03738  79.14190  11.34 0.06   -41.9 0.1    58.4 0.2 16.64 16.56 16.61 
J1700+4357 1358109963696352256 255.06270  43.95136  13.81 0.26    -4.0 0.4  -152.9 0.6 19.12 19.55 18.43 
J1701+4124 1354610798005917312 255.43341  41.41593  10.49 0.08    15.4 0.1   -56.5 0.2 17.61 17.62 17.51 
J1701-0419 4365752926885263872 255.48841  -4.32502  10.25 0.62    20.8 1.0    44.4 0.7 19.68 20.05 19.19 
J1701+6111 1438252232373823360 255.49504  61.18851  10.63 0.06   -10.9 0.1    34.6 0.1 17.02 17.04 16.95 
J1702+2200 4565151422166297088 255.64267  22.00332  11.28 0.29   -69.9 0.4    -4.3 0.5 19.18 19.58 18.57 
J1702+3905 1353355434900703616 255.67425  39.09951  15.50 0.05   -34.3 0.1   -36.7 0.1 16.26 16.28 16.18 
J1702+2517 4572927688089973632 255.67579  25.29642  10.70 0.47  -149.4 0.7   -19.6 1.0 19.81 20.27 19.17 
J1702+1022 4444590625015876864 255.69307  10.37914  34.01 0.13    59.9 0.2   237.0 0.2 17.67 18.12 17.05 
J1703-0238 4366231386241199360 255.90301  -2.64127  23.83 0.15  -121.5 0.3   -32.6 0.2 17.94 18.36 17.37 
J1704+2007 4561641991506408448 256.00628  20.11722  19.12 0.08     3.5 0.1    87.1 0.1 17.46 17.72 17.02 
J1704+2916 1308772574857190144 256.13428  29.27566  13.93 0.05    21.1 0.1   -34.2 0.1 16.40 16.36 16.47 
J1704+7641 1704827791440274560 256.18892  76.69366  22.39 0.10   -90.2 0.2    24.2 0.2 17.97 18.37 17.41 
J1704+1852 4560373769265200640 256.19365  18.88243  10.20 0.48   -21.6 0.5     5.0 0.6 19.73 20.03 19.23 
J1704+3608 1339274053906752896 256.19967  36.14578  23.28 0.12   182.3 0.2  -176.6 0.2 18.01 18.55 17.32 
J1704-0257 4366155146278913408 256.23900  -2.95339  20.27 0.05   125.1 0.1  -490.9 0.1 16.08 16.16 15.89 
J1705-0145 4379812558164849408 256.26128  -1.75148  35.35 0.12  -160.7 0.2  -168.2 0.2 17.36 17.91 16.69 
J1705+2900 1308753230324383488 256.31263  29.00021  10.63 0.12   -27.1 0.2   128.3 0.2 17.90 18.02 17.61 
J1705+4803 1408135749896104192 256.37698  48.05313  25.38 0.03    22.8 0.0   -70.1 0.1 14.40 14.47 14.24 
J1705+4803 1408135749896103936 256.37914  48.05255  25.34 0.03    15.0 0.1   -70.6 0.1 14.54 14.49 14.61 
J1705+3150 1310256365798876032 256.44628  31.83582  12.11 0.05   -30.3 0.1    88.5 0.1 16.37 16.26 16.41 
J1705+2605 4573071139998034048 256.46892  26.09634  28.89 0.07   -34.1 0.1  -283.2 0.1 17.05 17.34 16.58 
J1706-1238 4140966708116861440 256.50709 -12.63429  10.08 0.37     9.8 0.5    -1.6 0.4 18.91 19.16 18.56 
J1706+1246 4544277782323169152 256.58883  12.76715  12.59 0.14   -55.8 0.2   -26.0 0.2 17.83 17.92 17.59 
J1706+4150 1354258473248294912 256.62332  41.84071  16.68 0.11   -88.0 0.2    22.8 0.2 18.06 18.31 17.57 
J1706+6316 1631186458277453440 256.72478  63.28299  10.07 0.09   -19.7 0.2   -49.2 0.2 17.76 17.78 17.68 
J1707+6413 1632041328568823424 256.76711  64.22638  10.92 0.10    50.2 0.2    54.0 0.2 17.90 18.05 17.61 
J1707+2224 4568179481487112832 256.78302  22.40768  19.86 0.03   -37.0 0.0   -43.6 0.0 14.70 14.62 14.80 
J1707+3532 1338455643596995072 256.96617  35.54459  13.31 0.06   -46.4 0.1   116.4 0.1 16.52 16.37 16.69 
J1708+3312 1334638379741833728 257.21687  33.21560  14.11 0.04    -0.2 0.1  -150.7 0.1 15.96 15.94 15.97 
J1709+2332 4571723134445705856 257.25247  23.54465  11.50 0.19    50.8 0.2   -83.9 0.3 18.66 18.88 18.26 
J1709+1105 4540774733984289792 257.29057  11.08422  10.42 0.49    18.5 0.7   -30.0 0.7 19.51 19.81 18.90 
J1709+1425 4544925596536285056 257.49277  14.43154  18.23 0.25   -36.2 0.4    12.1 0.5 18.79 19.20 18.01 
J1710+4411 1355499104617153664 257.66042  44.19373  10.58 0.31   -56.1 0.6   -60.3 0.6 19.47 19.77 18.81 
J1711+2633 4574579974891723136 257.75208  26.55903  12.89 0.30    21.4 0.4  -104.6 0.4 19.33 19.82 18.63 
J1711+2027 4566955999923881344 257.86166  20.45505  18.44 0.09   -52.9 0.1  -259.6 0.1 17.30 17.47 16.96 
J1711+2716 4574753392788056960 257.86773  27.27207  13.06 0.12   -17.1 0.2   -19.9 0.2 18.03 18.21 17.76 
J1711+0932 4443586358581794176 257.93949   9.54029  11.41 0.13   -34.0 0.2   -18.0 0.2 17.84 17.99 17.54 
J1711+2300 4568641929204497664 257.98197  23.01637  15.22 0.04    10.4 0.0  -168.0 0.1 14.84 14.69 14.99 
J1712+5629 1432420624562923520 258.04363  56.49057  13.07 0.10    16.7 0.2    74.6 0.2 17.70 17.85 17.38 
J1712+7234 1652043330567438336 258.10460  72.56784  10.47 0.29     0.5 0.5    85.2 0.8 19.35 19.63 18.80 
J1712+2222 4568037330951578368 258.11254  22.36811  14.63 0.19    -1.0 0.3   -96.8 0.3 18.71 19.13 18.11 
J1712+3921 1341599143042727680 258.15062  39.35308  12.59 0.16  -102.5 0.3    85.6 0.3 18.64 18.90 18.18 
J1712+3559 1338388813904333952 258.22871  35.98743  14.10 0.07  -108.9 0.1    11.3 0.1 17.08 17.12 16.93 
J1713+4053 1342008814203085440 258.31524  40.89635  15.93 0.09  -126.6 0.2    64.6 0.2 17.47 17.54 17.31 
J1713+4426 1361501403017141376 258.33602  44.44406  13.56 0.26    64.4 0.4   -36.4 0.6 19.22 19.61 18.66 
J1713+3355 1335071381164641280 258.37585  33.92820  11.49 0.06    -8.1 0.1    68.4 0.1 16.98 16.99 16.95 
J1713+1242 4541415680545226624 258.39579  12.71547  20.83 0.24  -218.4 0.3  -115.3 0.3 18.44 18.97 17.73 
J1713-0032 4368448074699014528 258.40614  -0.54859  12.34 0.11    48.2 0.2   -48.1 0.2 17.26 17.36 17.04 
J1713+3240 1334374153353733888 258.42447  32.66853  14.36 0.07    99.0 0.1  -159.7 0.1 17.28 17.36 17.08 
J1714+6238 1438843215578245888 258.52672  62.64674  12.52 0.05   -53.2 0.1    85.1 0.1 15.90 15.84 16.00 
J1714+2127 4567158653660872064 258.62676  21.45159  24.96 0.06   -62.4 0.1  -304.2 0.1 16.59 16.73 16.29 
J1715-1204 4141621639101946880 258.78846 -12.07875  11.68 0.20   -65.1 0.3   -38.3 0.2 18.11 18.27 17.73 
J1715+3313 1334770870892758912 258.89579  33.21714  11.17 0.04   103.2 0.1  -142.0 0.1 14.47 14.34 14.63 
J1716-0105 4368168107254401408 259.08075  -1.09864  22.77 0.11     9.5 0.2  -229.8 0.2 17.43 17.73 16.83 
J1716+2612 4573650303451549952 259.17067  26.20205  10.16 0.09   -12.6 0.1   -53.4 0.1 17.63 17.75 17.40 
J1716+4129 1348007784003797376 259.17440  41.49169  10.02 0.17   -59.3 0.3   -32.2 0.4 18.55 18.69 18.29 
J1716+5555 1420687362321632768 259.19243  55.92025  11.79 0.22    63.6 0.4  -153.7 0.5 19.19 19.62 18.61 
J1717+6136 1438490650303065984 259.42834  61.60755  11.38 0.31    34.2 0.7   -57.1 0.7 19.33 19.64 18.83 
J1718+2524 4570546317703725312 259.66923  25.40876  14.25 0.05   -15.8 0.1   -24.1 0.1 16.10 16.10 16.08 
J1719+0134 4387094619380065280 259.90449   1.56807  15.66 0.46  -108.0 0.8  -137.6 0.7 19.48 20.04 18.73 
J1719+0134 4387094623673782656 259.90656   1.56800  16.23 0.40  -106.0 0.7  -135.9 0.7 19.31 19.90 18.59 
J1720+1022 4491748511228743808 260.02811  10.37484  26.71 0.12   -41.1 0.2    94.2 0.2 17.66 18.15 17.03 
J1720+0808 4394367510839007872 260.24337   8.14776  12.07 0.20   -58.1 0.3  -101.5 0.3 17.92 17.97 17.70 
J1722+3221 1333697880686680960 260.50136  32.35979  10.10 0.16    32.0 0.3   -43.1 0.3 18.58 18.72 18.20 
J1722+3602 1336712848945895680 260.52884  36.04160  18.30 0.04    78.6 0.1    13.4 0.1 15.29 15.26 15.33 
J1722+0011 4374362824485469440 260.56549   0.18639  13.92 0.29   -26.4 0.6  -162.3 0.6 18.76 18.99 18.29 
J1722+2645 4574032765995786496 260.62469  26.75771  15.94 0.04   -78.7 0.1    12.5 0.1 15.33 15.27 15.41 
J1722+3958 1346883876962000000 260.66923  39.96967  10.27 0.10   -11.7 0.2   -71.7 0.2 17.83 17.82 17.74 
J1722+2848 4598568230530318592 260.71646  28.81201  17.42 0.16     9.0 0.3  -259.8 0.3 18.67 19.06 18.05 
J1722+5752 1433166540130924544 260.74043  57.88240  16.24 0.21   -37.1 0.4   394.3 0.5 18.79 19.15 18.26 
J1723+2425 4570199658005551232 260.77328  24.42303  11.28 0.38   -86.6 0.6  -227.3 0.7 19.79 20.18 19.20 
J1723+5222 1415935371854737408 260.86075  52.37803  11.71 0.16   -84.0 0.3  -100.1 0.3 18.42 18.72 18.00 
J1723+0947 4491465107810964096 260.96918   9.79165  16.06 0.27  -110.9 0.5    88.0 0.6 19.06 19.61 18.36 
J1723+0905 4490607183799536896 260.97962   9.09042  10.87 0.12   -54.4 0.2    -3.8 0.2 17.67 17.87 17.31 
J1724+2756 4598266758185956864 261.05571  27.94844  26.03 0.09    45.9 0.1   -59.6 0.1 17.33 17.62 16.85 
J1725+6209 1439283711720415872 261.34601  62.16052  14.48 0.07    30.9 0.2    70.5 0.2 17.22 17.35 16.95 
J1726+3112 4599998179762051200 261.56690  31.20333  13.99 0.07    41.7 0.1   -20.7 0.1 17.14 17.24 16.88 
J1726+6025 1435887934481462784 261.69543  60.42461  15.42 0.16   -27.8 0.3    15.9 0.5 18.43 18.69 18.00 
J1726+5501 1419662338310872320 261.71987  55.02497  11.65 0.20  -157.1 0.4    26.8 0.5 18.87 19.10 18.47 
J1727+3133 4600107233275449088 261.81310  31.55713  10.21 0.40  -103.1 0.7    60.6 0.6 19.83 20.15 19.29 
J1727+7842 1705586493119219712 261.82662  78.70244  12.65 0.06   -49.7 0.1   118.9 0.1 16.08 16.06 16.13 
J1727+6558 1633840370109794432 261.87017  65.97763  12.36 0.47     7.8 1.1  -217.8 1.0 20.19 20.84 19.37 
J1727+0900 4490567017265616128 261.87885   9.01416  17.29 0.05     5.5 0.1   -64.9 0.1 14.51 14.35 14.69 
J1727+0808 4490300553197280256 261.95267   8.13882  10.89 0.58  -101.0 1.3    13.2 0.9 19.77 20.07 19.18 
J1728+6938 1638448388981845888 262.00586  69.64398  12.89 0.05    13.8 0.1     7.3 0.1 15.73 15.66 15.83 
J1728+0300 4388808448767668864 262.09317   3.00145  10.05 0.14   -69.3 0.3    -0.1 0.2 18.04 18.12 17.88 
J1728+0721 4487104135457345920 262.12806   7.35291  20.82 0.16   -79.5 0.3  -295.0 0.3 17.91 18.19 17.27 
J1728+5558 1422012892308493568 262.23344  55.97394  21.19 0.06  -105.2 0.1   229.1 0.1 16.17 16.02 16.27 
J1729+3252 4601940394036184192 262.27419  32.86717  17.02 0.17   -89.9 0.3   255.5 0.3 18.63 19.11 17.92 
J1729+2411 4569753531162638464 262.33823  24.19996  10.55 0.36    10.1 0.5   -98.6 0.8 19.77 20.34 19.04 
J1729+2916 4598830738931385984 262.37120  29.26850  24.51 0.06  -146.0 0.1  -201.5 0.1 16.97 17.12 16.66 
J1729+2915 4598830670211908864 262.37277  29.26435  24.35 0.14  -150.4 0.2  -201.0 0.3 18.36 18.42 18.03 
J1729+2942 4599036137150118656 262.38852  29.70889  18.16 0.20  -140.9 0.3   312.5 0.3 18.78 19.18 18.19 
J1729+2542 4570748524763671168 262.42823  25.71568  14.03 0.07    23.9 0.1   -55.2 0.1 16.65 16.63 16.58 
J1729+0326 4388927887517644544 262.43152   3.44057  13.66 0.22   -67.1 0.4    39.3 0.5 18.46 18.70 18.12 
J1729+0208 4376670222653381376 262.43804   2.13823  10.49 0.12   -49.7 0.2   -79.5 0.1 16.26 16.20 16.31 
J1730+3424 1335522692031527936 262.71090  34.40538  10.40 0.27   -29.1 0.5    28.5 0.6 19.43 19.75 18.82 
J1731+3638 1336402404413235840 262.76873  36.63472  13.82 0.25    30.1 0.5    45.5 0.5 19.36 19.83 18.57 
J1732+2302 4557059845518172288 263.03698  23.03408  10.92 0.08    52.3 0.1    -8.9 0.1 16.78 16.79 16.74 
J1732+2934 4598853966112863488 263.05743  29.57017  22.31 0.09  -152.1 0.2  -287.0 0.2 17.25 17.54 16.77 
J1733+2110 4556553928430812672 263.34388  21.18045  11.76 0.18    -8.8 0.2   -44.7 0.3 18.63 18.75 18.36 
J1733+2903 4598775557191664384 263.40501  29.06124  25.29 0.07    18.7 0.1   156.7 0.1 17.03 17.27 16.64 
J1733+3013 4598979924619296384 263.41175  30.22582  16.92 0.07     3.2 0.1   -37.5 0.1 16.90 16.99 16.75 
J1733+2705 4595011409196652544 263.45497  27.09042  10.59 0.21    -6.7 0.3   -87.6 0.4 18.82 19.04 18.37 
J1733+3410 4602478059518965632 263.46433  34.17027  12.90 0.05   -73.1 0.1    40.5 0.1 16.35 16.34 16.15 
J1734+4423 1348795004265872000 263.51796  44.38390  26.66 0.10   -75.8 0.2   -67.4 0.3 17.72 18.19 17.09 
J1734+5300 1416764167393932160 263.56075  53.00953  11.46 0.28  -101.9 0.5    93.7 0.8 19.61 20.10 18.85 
J1734+6448 1632737005895324672 263.71901  64.80280  10.19 0.25    51.6 0.5    -2.7 0.6 19.17 19.47 18.52 
J1735+2439 4569667429956444032 263.99706  24.66359  10.63 0.30  -105.4 0.4    22.8 0.5 19.47 19.87 18.84 
J1736+6102 1435977686413453056 264.03532  61.04132  12.89 0.04    17.2 0.1   110.5 0.1 15.63 15.55 15.73 
J1736+0749 4487371007546472832 264.05523   7.82175  11.52 0.28   -93.4 0.5   -88.1 0.5 18.75 18.95 18.40 
J1736+6558 1633045217045425024 264.11410  65.96729  11.95 0.52  -224.6 1.0    90.0 1.4 20.00 20.41 19.26 
J1736+6643 1633890943348374528 264.12177  66.73127  12.94 0.23   -15.3 0.4    35.0 0.5 18.98 19.28 18.47 
J1737+6817 1637642442663523712 264.39451  68.29204  10.56 0.35     1.7 0.7    80.6 0.9 19.98 20.36 19.26 
J1737+6150 1439084008624844928 264.43845  61.84427  12.84 0.35   -78.6 0.6  -112.6 0.9 19.75 20.33 19.03 
J1737+0326 4377071681835414528 264.45635   3.44471  11.35 0.32    42.8 0.7   -65.8 0.7 19.23 19.61 18.74 
J1738+6020 1435716719905089280 264.56529  60.33504  12.11 0.31    10.7 0.9   125.3 0.6 19.33 19.84 18.75 
J1739+6043 1435776922462177408 264.75740  60.72576  17.36 0.08   -18.4 0.2   223.3 0.2 17.39 17.61 17.00 
J1739+0014 4372278631477380224 264.79761   0.24877  10.29 0.26   -95.9 0.4   -27.4 0.4 18.73 19.01 18.50 
J1739+4404 1350007967453813632 264.87375  44.08130  13.09 0.10    -4.8 0.2   -12.8 0.2 17.53 17.64 17.30 
J1741+2401 4581383928942599296 265.44256  24.02892  31.67 0.06   -30.5 0.1  -358.2 0.1 16.44 16.60 16.12 
J1742+0759 4486694709112801536 265.55518   7.98505  12.83 0.08    -5.9 0.1    25.0 0.2 16.34 16.33 16.35 
J1742+6647 1633504675468010624 265.60287  66.78592  11.97 0.06   -83.9 0.1    72.8 0.1 16.79 16.84 16.70 
J1742+2345 4581312593826445184 265.61459  23.75162  12.43 0.40   -81.4 0.5   224.1 0.6 19.82 20.22 19.04 
J1742+4338 1349256249394224128 265.70194  43.63498  31.83 0.07   -28.8 0.2  -212.9 0.2 16.93 17.33 16.37 
J1742+5136 1368236912466084352 265.72959  51.60199  23.50 0.04   -29.5 0.1   -88.5 0.1 15.85 15.93 15.65 
J1743+1701 4549622027311531904 265.75199  17.02815  29.91 0.14  -247.5 0.2  -283.1 0.3 18.09 18.72 17.33 
J1743+0502 4473632403597115776 265.99861   5.03603  10.93 0.64   -28.0 1.7    17.6 1.8 19.71 19.81 19.31 
J1745+4825 1363721110836082176 266.42975  48.42989  11.85 0.12     2.2 0.2  -103.7 0.2 17.72 17.84 17.42 
J1746+6121 1436196450572176896 266.52505  61.35671  11.37 0.28   -17.4 0.7   195.8 0.9 19.26 19.57 18.59 
J1746+2638 4582366200845256960 266.56560  26.64926  10.66 0.43    20.6 0.5    30.8 0.7 19.86 20.28 19.14 
J1747+0052 4372725209292759936 266.75194   0.87811  14.47 0.36    18.6 0.6   181.6 0.7 19.33 19.77 18.56 
J1748+5216 1368634347263005312 267.06465  52.26729  12.13 0.27    -7.1 0.5   -63.7 0.5 19.35 19.77 18.68 
J1748+0052 4372558083524803072 267.11180   0.86950  18.79 0.11    20.7 0.2     7.7 0.1 16.85 16.92 16.70 
J1751+0540 4473925114207017728 267.76725   5.67345  11.52 0.24   -20.9 0.4   -18.8 0.5 18.68 18.88 18.33 
J1751+4455 1349726324974648192 267.91149  44.92402  15.30 0.08    87.0 0.2    29.8 0.2 17.56 17.68 17.26 
J1752+5037 1367469041032593024 268.00385  50.63150  18.40 0.05    -6.5 0.1    -2.7 0.1 16.30 16.36 16.14 
J1753+6531 1441044132915458176 268.31107  65.51964  14.09 0.20  -109.3 0.4   199.9 0.4 18.69 19.05 18.24 
J1753+5039 1367551813642685952 268.34884  50.65077  14.61 0.08   -17.8 0.2    30.2 0.2 17.40 17.49 17.21 
J1753+0439 4472775712243958272 268.47026   4.66168  14.90 0.60    34.9 1.1    24.1 1.3 19.59 20.22 18.91 
J1753+0008 4371734308793396992 268.47343   0.14726  12.18 0.18   -15.0 0.3  -129.1 0.3 18.06 18.30 17.65 
J1753+0927 4488537864259886336 268.47833   9.46028  11.66 0.23    16.7 0.5   -62.4 0.5 18.47 18.67 18.14 
J1754+3846 4610983121260366336 268.65986  38.77884  19.06 0.09    -7.1 0.2   -60.7 0.2 17.60 17.83 17.18 
J1754+5938 1423078520938173056 268.71729  59.64573  10.01 0.18    53.8 0.4    42.6 0.3 18.86 19.11 18.37 
J1755+4405 1346515918524100992 268.92133  44.09075  14.99 0.14   -52.4 0.3  -103.8 0.4 18.19 18.42 17.78 
J1755+4257 1346164487120102784 268.99710  42.95060  10.88 0.28   -36.9 0.5     9.1 0.7 19.28 19.56 18.71 
J1756+5450 1417404048803018752 269.14622  54.84755  15.18 0.17   -70.7 0.3   113.2 0.4 18.62 18.91 18.02 
J1757+4052 4611543459874840832 269.26869  40.88180  32.30 0.07    17.7 0.1   327.7 0.1 17.00 17.35 16.40 
J1757+3900 4610819951159775616 269.35137  39.01492  10.07 0.28   108.1 0.4   -93.7 0.5 19.03 19.24 18.61 
J1757+1021 4494877446445481472 269.35740  10.35650  22.46 0.06   -24.6 0.1   -92.8 0.1 16.12 16.18 15.97 
J1757+4122 1345041748308955648 269.36153  41.37200  10.98 0.21   -73.8 0.5    66.1 0.5 19.10 19.50 18.55 
J1757+4347 1346282375381981952 269.40683  43.79679  12.67 0.45  -121.3 0.8   184.4 1.0 19.64 20.17 18.84 
J1757+5441 1417200020676904704 269.49748  54.68933  15.55 0.06   -64.8 0.1   -43.9 0.1 17.12 17.23 16.83 
J1758+2524 4582511267660632832 269.66887  25.41430  10.79 0.27   -14.3 0.3  -137.7 0.5 19.30 19.66 18.79 
J1758+5201 1367876852471768320 269.67344  52.01900  12.16 0.11     3.9 0.2    31.0 0.3 17.97 18.05 17.78 
J1758+2310 4577666681988285696 269.73983  23.18221  11.19 0.27    26.2 0.3   -87.7 0.4 19.03 19.28 18.53 
J1759+3924 4611204329256349312 269.83137  39.41628  25.44 0.10   -97.3 0.2  -408.4 0.2 18.08 18.66 17.36 
J1759+0349 4469700519955285760 269.85179   3.82340  10.17 0.09    -3.8 0.2    13.6 0.2 16.74 16.66 16.72 
J1800+4517 2115952197141317888 270.00493  45.29048  11.92 0.13   -23.1 0.2    69.0 0.3 18.22 18.10 18.31 
J1800+5030 2123400563781032320 270.06263  50.50982  11.42 0.18   -80.9 0.4   -35.7 0.4 18.62 18.74 18.28 
J1800+4927 2122880116823483776 270.17634  49.46462  11.00 0.46     9.6 1.2   -51.7 1.2 19.97 20.41 19.34 
J1801+5050 2123432247756223488 270.36379  50.83400  32.33 0.08  -128.0 0.2   260.5 0.2 17.39 17.93 16.71 
J1801+6521 2161573442833511040 270.44594  65.36028  17.03 0.15   -36.3 0.4    36.0 0.4 18.46 18.88 17.87 
J1802+0059 4467742388527832192 270.61873   0.98865  16.68 0.06   -18.7 0.1    39.2 0.1 15.09 15.00 15.20 
J1806+4640 2116551740212362624 271.51433  46.66800  20.91 0.09   236.1 0.2   115.5 0.3 17.70 18.06 17.19 
J1806+2312 4578278903808759040 271.59643  23.21145  11.88 0.12    91.0 0.1   -75.3 0.2 18.14 18.24 17.98 
J1807+0356 4470233817461336704 271.84741   3.94995  33.18 0.04     2.5 0.1  -127.0 0.1 14.62 14.64 14.53 
J1807+4236 2113961462615081472 271.90640  42.60136  11.66 0.12    47.2 0.2    -1.8 0.3 18.19 18.32 17.98 
J1807-1955 4095056359580563328 271.92243 -19.93290  16.12 0.21   -18.1 0.3   -17.9 0.2 17.34 17.37 17.25 
J1807+4346 2114136972159561344 271.94727  43.77217  17.41 0.16  -122.3 0.3   123.3 0.3 18.53 18.92 18.00 
J1810+2210 4576413655356340352 272.64243  22.17836  18.06 0.12    73.8 0.1  -271.2 0.2 18.11 18.47 17.60 
J1811+2213 4577915996250307968 272.78348  22.23269  10.00 0.15    -5.7 0.1   -23.6 0.3 18.21 18.34 17.93 
J1811+2423 4578464515115212672 272.79438  24.38751  13.49 0.08    83.4 0.1   193.1 0.1 17.27 17.37 17.04 
J1812+4321 2114811453822316160 273.09480  43.35229  17.12 0.06     5.1 0.1    62.3 0.1 16.27 16.25 16.26 
J1814+1301 4497001870409825280 273.63785  13.02864  11.52 0.11   -57.1 0.2   -16.1 0.2 17.46 17.49 17.30 
J1817+0145 4277352024517980672 274.26555   1.76154  13.55 0.14    27.6 0.2   -53.7 0.3 17.85 18.01 17.53 
J1821+6507 2256681615250558592 275.36036  65.12412  11.18 0.35    -3.5 0.7    62.1 0.6 19.62 19.97 18.96 
J1821+6510 2256687898786090112 275.46534  65.17510  12.89 0.14   -65.9 0.3    87.7 0.2 18.22 18.45 17.81 
J1822+2257 4530172280800983808 275.63603  22.95044  11.18 0.27     9.6 0.3   -77.9 0.5 19.06 19.21 18.56 
J1823+4104 2109852523240471936 275.90422  41.06785  22.93 0.03     0.5 0.1   138.5 0.0 14.28 14.15 14.38 
J1828+0159 4276845523320382976 277.17799   1.98880  11.35 0.21   -27.6 0.4    17.4 0.4 18.61 18.89 18.08 
J1828+4149 2111294734600515072 277.23850  41.82421  10.33 0.20   -47.9 0.5    17.6 0.5 18.97 19.20 18.58 
J1833+1945 4525569007873380736 278.49326  19.76302  25.43 0.05    29.9 0.1  -395.6 0.1 16.36 16.48 16.09 
J1835+6429 2256422164865057536 278.75140  64.48772  18.73 0.07    95.1 0.1  -120.0 0.2 17.28 17.39 16.86 
J1835+6421 2256410856215182464 278.82463  64.35540  33.12 0.07  -134.3 0.2   114.0 0.2 17.39 17.89 16.74 
J1835+6312 2160210705546460032 278.93872  63.21522  11.66 0.05   -87.2 0.1  -112.2 0.1 16.30 16.30 16.30 
J1838+6251 2160181598552871040 279.56812  62.85424  11.48 0.18   -79.1 0.4   -26.6 0.4 18.83 19.09 18.40 
J1839+6406 2256345954965239680 279.88692  64.10211  12.68 0.24    -6.2 0.5     8.8 0.5 18.90 19.29 18.40 
J1841+4107 2110551602180192256 280.37783  41.12879  10.42 0.30   -29.2 0.5  -148.6 0.5 19.12 19.32 18.61 
J1849+6458 2253826832091026560 282.35943  64.96981  11.55 0.09    22.2 0.2    21.8 0.2 17.55 17.43 17.57 
J1849+4020 2098318989863211648 282.39194  40.33762  17.20 0.04    81.4 0.1    -6.4 0.1 14.83 14.73 14.96 
J1851+7738 2292861388958880640 282.77905  77.64346  32.90 0.07   258.5 0.1   -66.7 0.1 17.05 17.49 16.45 
J1852+1833 4517521407404432512 283.07753  18.56553  20.52 0.10   -24.1 0.1    49.9 0.1 16.87 16.94 16.68 
J1853+1950 4518509486084557312 283.35404  19.84990  10.85 0.43    49.3 0.7     8.3 1.1 19.70 20.09 19.17 
J1857+2026 4518917168694695168 284.30801  20.43993  30.77 0.07   -16.5 0.1  -313.3 0.1 16.61 16.84 16.23 
J1857+4035 2103614787618232192 284.36911  40.59320  15.00 0.03   -23.5 0.1    41.5 0.1 14.95 14.83 15.06 
J1857+4052 2103645230346699776 284.42627  40.87108  21.75 0.18  -390.5 0.3   146.8 0.4 18.67 19.31 17.89 
J1902+7728 2292799369631237760 285.54991  77.46984  10.73 0.13   -23.5 0.2     3.2 0.3 18.05 17.91 18.09 
J1909+2220 4520333442759039360 287.40953  22.34442  24.69 0.14    25.0 0.2     1.5 0.2 18.10 18.63 17.41 
J1911+3817 2099533361800789632 287.84124  38.28750  13.09 0.26    83.3 0.5    81.3 0.5 19.21 19.76 18.64 
J1918+6258 2252512954353689344 289.61040  62.96743  12.71 0.10     1.9 0.2    15.8 0.2 17.60 17.72 17.32 
J1918+3851 2100934448852549760 289.62363  38.85574  10.10 0.18    20.6 0.3   -15.7 0.3 18.51 18.65 18.30 
J1920-0455 4211784160426521344 290.08174  -4.92453  19.90 0.06    93.9 0.1   -41.9 0.1 16.33 16.38 16.18 
J1924+3751 2052569921645067008 291.22173  37.85362  12.24 0.19  -136.0 0.3   -69.8 0.4 18.76 19.02 18.36 
J1928+1526 4321498378443922816 292.06065  15.44412  10.21 0.13    -8.0 0.2    20.3 0.2 17.76 17.72 17.76 
J1928+1545 4321547066187820800 292.18465  15.75695  10.89 0.43   -44.9 0.7  -163.3 0.7 19.63 20.17 19.01 
J1930-0552 4208475450751790848 292.60956  -5.87611  10.66 0.10    -7.9 0.2   -47.5 0.1 16.95 16.99 16.86 
J1933+6227 2241695439264955264 293.48404  62.45726  22.96 0.14  -322.5 0.3   -11.9 0.4 18.33 18.91 17.62 
J1942+0018 4239587884607266944 295.64135   0.31037  10.35 0.68   -57.2 1.8   -77.2 0.8 19.63 19.89 19.01 
J1946+7807 2291529055743487872 296.63787  78.12418  12.37 0.10   -98.0 0.2   -61.8 0.2 17.60 17.58 17.53 
J1948+6122 2240605346504273280 297.22714  61.37412  11.19 0.24   130.7 0.6    66.8 0.4 18.77 19.04 18.30 
J1949-0855 4195385769125206144 297.39650  -8.91981  11.06 0.44    60.5 1.3  -103.2 0.5 18.70 18.86 18.40 
J1949-0857 4195196996718089472 297.45560  -8.96265  10.10 0.88   -35.6 1.5   -16.4 0.7 20.02 20.53 19.39 
J1953+6114 2237670711312427264 298.45166  61.24012  10.46 0.26   -34.2 0.8   108.1 0.6 19.11 19.37 18.60 
J1954+0115 4240366136980012416 298.70289   1.25437  11.30 0.26   -51.0 0.5  -197.0 0.4 19.04 19.38 18.60 
J1955-0030 4237044301894347392 298.76761  -0.51584  10.15 0.20    72.5 0.4     1.7 0.2 18.15 18.22 17.96 
J1956-0102 4235280071072332672 299.11989  -1.04545  86.48 0.03  -437.7 0.0  -706.2 0.0 13.60 13.72 13.34 
J1958+6031 2237402121237340032 299.69182  60.53004  14.54 0.13    33.2 0.3   -87.8 0.2 18.11 18.26 17.77 
J2000+6012 2237377042922610304 300.11852  60.21398  13.85 0.19    31.5 0.3   255.7 0.3 18.51 18.86 17.98 
J2001+6158 2238057533249596800 300.26478  61.98123  16.40 0.47  -277.3 1.5   146.0 1.0 19.69 20.37 18.89 
J2002+0856 4299191688396959488 300.66206   8.93616  10.56 0.32     9.8 0.6     9.7 0.4 19.02 19.39 18.44 
J2004-1058 4190734280885088128 301.08647 -10.97151  10.67 0.25    33.1 0.4   -64.3 0.2 18.32 18.47 18.02 
J2004+0109 4237555506083389568 301.18955   1.15799  30.83 0.08    -0.4 0.1   -28.0 0.1 16.73 16.89 16.31 
J2006+5902 2236381950543626240 301.57047  59.04046  13.06 0.04   -19.3 0.1  -107.3 0.1 15.54 15.48 15.61 
J2007+3222 2055059112897283712 301.76531  32.36797  12.40 0.28    86.3 0.4   -47.5 0.4 19.05 19.23 18.60 
J2007-1246 6880450613630457472 301.86575 -12.77614  10.50 0.48  -124.3 0.8  -198.5 0.5 19.52 19.86 18.81 
J2009+5955 2236900335916533248 302.49669  59.92332  10.86 0.11   -56.1 0.2    -8.9 0.2 17.82 17.82 17.70 
J2009-0059 4236208432541189376 302.49922  -0.98357  10.52 0.24  -109.3 0.4   -28.6 0.3 18.81 19.00 18.48 
J2010-1126 6880851931079280512 302.61165 -11.44482  11.02 0.23    67.4 0.4   -72.9 0.3 18.65 18.90 18.18 
J2011+7710 2290479876836755840 302.83478  77.17432  10.18 0.06    23.6 0.1    52.6 0.1 16.73 16.67 16.79 
J2011+0913 4299397713684601088 302.99834   9.23234  14.58 0.15    98.3 0.2    -3.9 0.2 17.28 17.47 16.92 
J2012-1307 6879638761736608768 303.08787 -13.11804  13.14 0.10     0.8 0.2   -74.3 0.1 16.99 16.98 16.89 
J2012+3113 2053953008490747392 303.09295  31.23064  32.50 0.03    33.9 0.1    92.2 0.1 14.79 14.66 14.91 
J2012+7716 2290574400476477952 303.14883  77.27325  10.47 0.21   -15.4 0.4   -56.4 0.4 18.97 19.28 18.47 
J2013+0709 4250461749665556224 303.47212   7.16254  12.15 0.08   -65.5 0.1   -78.1 0.1 16.48 16.47 16.45 
J2014-1252 6879695313566067712 303.56001 -12.88080  19.21 0.41   -28.4 0.6  -177.1 0.4 18.97 19.45 18.27 
J2014+1111 1801892849742096128 303.66057  11.19904  19.04 0.18   101.0 0.3   -44.2 0.2 18.04 18.41 17.47 
J2015-1222 6879784584465884544 303.77206 -12.36999  11.11 0.10    36.5 0.2  -105.3 0.1 17.23 17.21 17.10 
J2015+0001 4230380819051252736 303.87641   0.01962  39.33 0.11    -9.0 0.2   -75.9 0.1 17.04 17.49 16.36 
J2017-1246 6879524790480960896 304.48400 -12.77925  35.57 0.14   -32.8 0.2  -378.7 0.2 17.64 18.10 16.96 
J2019+0740 4250205872691106560 304.91513   7.67327  12.59 0.46  -101.2 0.8   -35.5 0.5 19.48 19.95 18.76 
J2019+0740 4250205872691106176 304.91691   7.67457  12.20 0.41   -99.7 0.7   -37.2 0.5 19.30 19.70 18.64 
J2020-0005 4230332092645516672 305.04593  -0.08864  15.09 0.12  -182.2 0.2  -228.7 0.1 17.52 17.69 17.15 
J2021+1404 1804933033754317568 305.29325  14.07564  12.23 0.28    16.5 0.7   -72.3 0.5 18.94 19.27 18.45 
J2021+4205 2068709755916919552 305.32122  42.08754  15.16 0.13   152.0 0.2   204.8 0.2 18.14 18.43 17.65 
J2023+0759 1752188773770447872 305.87245   7.99260  11.60 0.25   -65.4 0.4    90.6 0.3 18.65 18.87 18.27 
J2024+5748 2187881835511177216 306.11673  57.81044  12.57 0.11   -85.9 0.3   -64.8 0.2 17.69 17.69 17.60 
J2024-0032 4229400153462745472 306.17812  -0.54625  16.03 0.30    62.1 0.5  -407.4 0.4 19.02 19.64 18.29 
J2025+2839 1860318973495642240 306.35789  28.66005  10.52 0.07   -28.7 0.1   -25.8 0.1 16.81 16.75 16.79 
J2025+3012 1861681749446432128 306.48285  30.21444  10.18 0.48    33.6 0.7  -121.1 0.9 20.04 20.60 19.49 
J2027+0719 1748906078727268224 306.84081   7.32385  11.44 0.40    64.7 0.7  -104.6 0.6 19.77 20.20 19.05 
J2027+0523 4246381595156273792 306.99501   5.39763  16.74 0.11    59.7 0.2  -115.2 0.1 17.22 17.38 16.86 
J2030+0655 1748816983925915776 307.51361   6.91675  24.27 0.11   121.3 0.2   189.2 0.1 17.34 17.66 16.86 
J2030+4015 2067343097310013056 307.71206  40.26533  11.44 0.23    40.5 0.4    70.7 0.4 18.95 19.19 18.54 
J2031-1450 6875432476922523520 307.75250 -14.84484  26.25 0.21    40.0 0.4    -2.8 0.3 18.35 18.88 17.60 
J2032-1415 6875737247801369344 308.01210 -14.26163  24.41 0.14   203.6 0.2  -237.0 0.1 17.15 17.36 16.79 
J2032+3608 2056895194225688064 308.08282  36.14823  11.39 0.23    42.9 0.4   -56.5 0.4 19.07 19.44 18.61 
J2032+3608 2056895194225684864 308.08652  36.14641  11.15 0.35    42.5 0.6   -56.2 0.6 19.70 20.23 19.08 
J2033-1831 6860084802130167936 308.27063 -18.52443  11.40 0.39   -66.2 0.6   -71.1 0.4 19.00 19.24 18.50 
J2033+1407 1804324694582692736 308.29004  14.12323  10.41 0.25   -15.2 0.3   -65.0 0.3 18.55 18.67 18.09 
J2033+3835 2063993125898602368 308.33502  38.59752  19.95 0.11   269.1 0.2   147.5 0.2 17.96 18.32 17.42 
J2033+0345 4233202195952355712 308.44447   3.76109  11.77 0.92   -67.2 1.9   -34.3 1.1 20.25 20.59 19.66 
J2034+0025 4229720527957915904 308.59400   0.42303  10.52 0.41     1.8 0.8     4.3 0.5 19.42 19.81 18.83 
J2034+1345 1756261467922806784 308.71286  13.75918  12.70 0.24    31.9 0.4    57.7 0.4 18.49 18.67 18.18 
J2035-1835 6861525956933302912 308.85148 -18.58783  14.79 0.15    65.6 0.2   -30.6 0.1 17.33 17.32 17.28 
J2035+4054 2064838031864808832 308.95903  40.91095  19.75 0.28    88.4 0.5    72.4 0.5 19.12 19.72 18.40 
J2036-0039 4226568193761131520 309.16590  -0.66223  13.87 0.17   -20.7 0.3   -67.2 0.2 18.03 18.18 17.65 
J2037+1453 1810475401285228928 309.36952  14.89794  11.35 0.06   -17.0 0.1   -37.3 0.1 15.16 15.00 15.33 
J2038+2702 1856027854494006784 309.55312  27.04590  10.73 0.32    -0.8 0.4  -103.8 0.4 19.39 19.80 18.77 
J2039+2812 1857241028137065984 309.76477  28.21506  14.85 0.23    22.9 0.3  -228.8 0.3 19.07 19.63 18.39 
J2039+3446 1864205575306773888 309.94532  34.76792  14.56 0.15    11.8 0.2   -62.3 0.3 18.38 18.62 18.02 
J2040+0243 4232108426695238272 310.08338   2.72823  14.68 0.20    42.7 0.3  -188.0 0.2 18.14 18.34 17.81 
J2040+5713 2187254083088520192 310.17027  57.22509  10.85 0.47   -59.5 0.9   -26.5 0.9 19.94 20.48 19.21 
J2041+4320 2069588300054515200 310.27847  43.34612  16.62 0.12    -1.1 0.2   -39.9 0.2 17.43 17.63 17.10 
J2041-0520 6914243308941804288 310.37017  -5.34116  18.87 0.24  -150.9 0.4   -29.3 0.3 18.61 19.09 17.93 
J2041+3908 2063705294371650432 310.38830  39.13489  21.03 0.10   -99.4 0.2   -71.9 0.2 17.63 17.97 17.11 
J2041+2631 1856123481943041152 310.43094  26.51828  14.84 0.30   -17.3 0.5   -85.6 0.4 18.94 19.40 18.19 
J2042+2840 1857362833406564608 310.55469  28.68015  10.65 0.19    42.2 0.3    76.7 0.3 18.55 18.73 18.20 
J2042+3752 2063293355469201152 310.69357  37.88176  11.51 0.29    25.9 0.5   -85.7 0.5 19.44 19.69 18.90 
J2042+0031 4228210894197669760 310.74651   0.53144  15.80 0.31   -75.3 0.5  -245.8 0.4 19.14 19.72 18.44 
J2043-1712 6861930164895495424 310.76466 -17.20277  15.69 0.40    42.3 0.6   -55.8 0.3 19.12 19.61 18.36 
J2043+2834 1856608430990652672 310.79339  28.56963  10.52 0.18   -73.8 0.2  -101.4 0.3 18.32 18.45 18.02 
J2043+2752 1856522497282307584 310.91139  27.88183  10.53 0.16   -48.4 0.2    10.6 0.3 18.28 18.40 18.00 
J2044+4030 2066035777984385792 311.00305  40.50179  17.14 0.10     8.6 0.2    36.6 0.2 17.66 17.81 17.35 
J2044+4030 2066035777984385664 311.00435  40.50411  17.22 0.04    14.5 0.1    35.2 0.1 15.46 15.43 15.48 
J2044+1419 1762246625107355264 311.12761  14.31753  14.42 0.28   133.7 0.5    62.3 0.3 18.75 19.14 18.10 
J2044+1533 1762951588154154240 311.19298  15.55319  13.84 0.06    18.4 0.1   -32.1 0.1 15.89 15.80 15.99 
J2045+4146 2066251179185657856 311.26087  41.77334  11.82 0.07   112.0 0.1   122.5 0.1 17.33 17.35 17.21 
J2045+0424 1735171735387308160 311.31224   4.41234  11.77 0.37   -41.5 0.6   -39.8 0.4 19.28 19.58 18.87 
J2045+1526 1762899533150392704 311.37994  15.44519  11.56 0.08   -50.9 0.1   -46.6 0.1 16.45 16.42 16.49 
J2045+1605 1763010888766991104 311.43256  16.08732  12.31 0.39   -16.4 0.6    17.1 0.5 18.93 19.25 18.41 
J2045-0016 4227915744043939584 311.43656  -0.27084  10.87 0.26   -25.8 0.4   -36.7 0.2 18.00 18.18 17.68 
J2045-1612 6886287332455279104 311.45686 -16.20734  12.03 0.26    -0.4 0.4   -14.6 0.2 17.81 17.97 17.50 
J2045-0710 6907079269131974912 311.48943  -7.16817  11.71 0.23   -71.0 0.4  -131.5 0.3 18.68 19.15 18.01 
J2046-0644 6907108371830928768 311.56789  -6.74066  11.51 0.12    67.0 0.2     3.7 0.1 17.07 17.14 16.93 
J2046-0710 6907031749613795968 311.60924  -7.17702  11.63 0.16    65.4 0.2   -25.4 0.2 17.88 17.98 17.66 
J2046-1413 6887386745296346624 311.63435 -14.21875  15.73 0.08    -2.0 0.1    48.2 0.1 16.68 16.76 16.46 
J2047-0600 6913362119090316416 311.76947  -6.00753  11.20 0.45   -44.8 0.7   -64.4 0.5 19.49 20.03 19.01 
J2047-1638 6886074198993703168 311.82995 -16.63903  11.51 0.20   -19.6 0.3  -107.0 0.2 18.23 18.38 17.91 
J2047+0031 4228397712388844800 311.93395   0.52311  10.74 0.82    73.8 1.4   -53.5 0.7 19.93 20.29 19.18 
J2048+2453 1843669279369093888 312.13271  24.88809  12.38 0.23   180.1 0.4   253.0 0.5 18.63 19.17 17.87 
J2048-0148 4226663404595171968 312.18587  -1.80208  23.89 0.10  -100.6 0.3  -302.3 0.1 17.10 17.30 16.76 
J2049+4500 2163226700308494080 312.26122  45.01007  19.39 0.04   -25.2 0.1    26.0 0.1 15.60 15.61 15.56 
J2049+0846 1750087538330587648 312.30006   8.76743  12.30 0.52    -8.1 0.9  -127.8 0.5 19.74 20.27 18.98 
J2049-0636 6913080751488667520 312.41393  -6.61512  11.86 0.44    58.4 0.9   -24.5 0.5 19.41 19.92 18.75 
J2051-1520 6886271973655421824 312.80490 -15.34930  11.49 0.13    65.3 0.2    44.6 0.1 17.39 17.46 17.20 
J2051+5636 2189957816542364800 312.83942  56.61169  12.74 0.11   -28.4 0.3    30.1 0.2 17.91 18.07 17.59 
J2051+0357 1734159875452345472 312.87288   3.96652  15.55 0.18  -143.1 0.3  -141.9 0.1 17.63 17.80 17.29 
J2051+0859 1750305241632853376 312.91633   8.99946  10.33 0.85    96.7 1.4   -76.5 1.6 20.21 20.65 19.42 
J2051-0509 6913880096442179200 312.98620  -5.15239  12.81 0.29   -23.8 0.5   -24.1 0.3 18.80 19.12 18.31 
J2052+0133 4228576550540445184 313.15738   1.55682  20.75 0.13  -308.1 0.2   -66.7 0.2 17.78 18.09 17.23 
J2053-0016 4227320672031546240 313.30955  -0.26935  10.41 0.10   -17.2 0.2   -54.4 0.1 15.40 15.24 15.59 
J2053-0702 6909994246262080000 313.31816  -7.03494  10.19 0.30    22.8 0.5  -104.2 0.4 18.82 18.95 18.33 
J2053-0459 6913719808262954880 313.42890  -4.99511  22.38 0.06    -6.6 0.1  -173.5 0.1 15.54 15.51 15.48 
J2053+0941 1750545141328217984 313.42964   9.68826  10.29 0.06    -4.7 0.1   117.3 0.1 16.15 16.08 16.25 
J2053+4203 2065903359853755392 313.44646  42.06403  13.54 0.06    32.4 0.1   -37.6 0.1 16.18 16.12 16.25 
J2053+2603 1845354620239612928 313.48782  26.05720  10.22 0.20    15.0 0.3   -23.5 0.3 18.58 19.15 17.73 
J2054+2337 1842543963578582016 313.59409  23.62849  10.43 0.08   -35.8 0.1   -35.1 0.1 16.32 16.22 16.43 
J2054+0444 1734682143474825472 313.70647   4.74961  14.13 0.85   -11.5 1.2    -9.7 1.1 20.11 20.68 19.41 
J2055-0132 6916942197670351872 313.84929  -1.53593  17.76 0.26   127.4 0.4   -84.9 0.3 18.57 19.06 17.90 
J2055+1025 1750703234778677760 313.86081  10.42692  11.89 0.08     5.9 0.1    19.5 0.1 16.28 16.26 16.32 
J2056+0621 1736555475066523008 314.21066   6.36365  11.47 0.13     0.4 0.2   -34.4 0.2 16.55 16.59 16.41 
J2057+0600 1736524821883784320 314.31403   6.00617  10.65 0.32    84.2 0.5   -76.1 0.5 19.15 19.48 18.65 
J2057+0944 1750460792464604672 314.39748   9.74406  12.02 0.27   -11.1 0.4  -107.8 0.4 18.49 18.66 18.19 
J2057+0125 1729779631580923520 314.44434   1.43272  20.61 0.14   117.0 0.2    12.5 0.2 17.08 17.29 16.70 
J2057+2316 1839493604790492032 314.48663  23.28250  12.70 0.22   112.8 0.4   156.8 0.3 18.36 18.52 18.05 
J2058+1657 1764481588648685440 314.63573  16.96450  12.77 0.28    57.0 0.4   -14.6 0.5 18.76 19.04 18.29 
J2058+0733 1737897841324840832 314.68763   7.56095  12.51 0.09    65.6 0.1    15.8 0.1 15.40 15.21 15.64 
J2059-0255 6915782870033442688 314.91133  -2.93074  10.94 0.30    87.6 0.5   -16.3 0.4 18.77 19.12 18.18 
J2100+0358 1731520703948128384 315.04650   3.97627  11.19 0.41    98.7 0.6    55.7 0.5 19.03 19.25 18.47 
J2101+0758 1737895053891363200 315.32474   7.98041  13.25 0.35    49.9 0.5   -47.4 0.5 19.27 19.79 18.63 
J2103-0024 2690065251596080384 315.87877  -0.41344  16.69 0.37    61.7 0.4  -137.5 0.3 18.14 18.46 17.76 
J2104-0313 6915911134936982784 316.11636  -3.22960  10.09 0.09   -90.5 0.1  -110.4 0.1 15.75 15.61 15.92 
J2104-1132 6889315284394862336 316.12016 -11.53371  18.00 0.16   -39.8 0.3   -44.9 0.2 17.26 17.38 16.95 
J2104-1133 6889320030334437376 316.21842 -11.55101  20.42 0.32   407.4 0.5     6.8 0.3 18.63 19.10 17.79 
J2104+2333 1840865211187303424 316.21954  23.55537  14.90 0.07   -38.5 0.1  -135.1 0.1 16.00 16.00 15.96 
J2105+0602 1736329589850340736 316.26640   6.03755  10.01 0.31   100.0 0.5   -17.3 0.4 19.03 19.28 18.49 
J2105-0221 6916168897398516096 316.36525  -2.36622  10.87 0.62    72.3 1.4    66.7 1.0 19.57 19.95 18.99 
J2106+0439 1732988758129091200 316.58630   4.66007  21.10 0.09    59.9 0.1    38.3 0.1 16.82 17.02 16.47 
J2106+0106 2690697646876721152 316.69530   1.10931  25.77 0.13    97.0 0.2  -110.9 0.2 16.87 17.15 16.42 
J2108-0033 2689915958535673472 317.07632  -0.55264  11.62 0.28    46.9 0.5    64.9 0.5 18.75 19.01 18.27 
J2108+0244 1730206718833295872 317.18095   2.73484  12.59 0.44     6.6 0.7  -112.4 0.7 19.54 19.99 18.78 
J2109-0111 2688986325747403264 317.39240  -1.19539  11.55 0.24   -87.4 0.4   -49.5 0.3 18.05 18.20 17.78 
J2109+0131 2690830511689102336 317.46141   1.52053  13.10 0.27   -27.5 0.5  -164.1 0.5 18.95 19.23 18.50 
J2111+1102 1745011677261492608 317.85762  11.03875  10.54 0.11   -13.1 0.2   -13.0 0.2 17.56 17.49 17.65 
J2111-0036 2689129601561746560 317.87529  -0.60812  10.59 0.22    30.9 0.3   -35.7 0.3 18.19 18.27 17.88 
J2111+0430 1732176768792860032 317.90336   4.50811  16.11 0.13   -78.8 0.2   -60.6 0.2 17.57 17.77 17.19 
J2111+0120 2690763205257368832 317.94353   1.34821  15.37 0.06    58.4 0.1   -46.1 0.1 15.26 15.18 15.36 
J2112+0318 1731752185504899200 318.01327   3.30220  17.08 0.27   129.7 0.4  -167.4 0.4 18.68 19.20 18.03 
J2112+0622 1733782571164433408 318.24221   6.37223  17.29 0.07   -50.8 0.1   -51.3 0.1 16.23 16.23 16.15 
J2114-0026 2689496872803968768 318.60096  -0.44889  11.93 0.69   107.0 1.0   -51.5 1.0 19.81 20.33 19.04 
J2115-0741 6898489884295407488 318.78071  -7.69812  14.47 0.12   -24.1 0.2  -112.0 0.2 17.37 17.47 17.10 
J2115-0741 6898489884295412352 318.78082  -7.69339  14.56 0.09   -24.4 0.2  -112.3 0.2 16.84 16.86 16.77 
J2115-1132 6892132782942459136 318.84542 -11.54477  17.11 0.29   262.9 0.5  -117.6 0.5 18.88 19.44 18.27 
J2116+1021 1744001432233632256 319.03090  10.36215  13.14 0.38  -102.9 0.6  -147.2 0.6 19.18 19.60 18.56 
J2116-0724 6898521877506794880 319.16836  -7.41552  24.68 0.14   107.8 0.3  -216.7 0.2 17.64 18.19 16.94 
J2116+1043 1744017272074321920 319.22115  10.72026  10.27 0.47   144.8 0.8     4.1 0.8 19.60 20.03 19.03 
J2116+1808 1785113030990638080 319.23543  18.14310  11.16 0.57    16.3 0.9    12.2 1.0 19.73 20.15 19.01 
J2117-0954 6895690424612412416 319.40794  -9.91199  13.43 0.24    33.8 0.5     7.9 0.5 18.42 18.59 18.08 
J2118-0737 6898455661995166336 319.52220  -7.62529  16.24 0.47   114.4 0.9  -132.1 0.8 19.54 20.08 18.65 
J2118-0737 6898453913943607040 319.60729  -7.63115  10.39 0.55    16.1 0.7   -15.0 0.5 19.00 19.20 18.51 
J2118+5412 2176116580055936512 319.73380  54.21229  57.87 0.04   -85.5 0.1   193.3 0.1 12.41 12.35 12.50 
J2118+1120 1746315255670491904 319.74591  11.33814  17.94 0.16   370.4 0.3   -25.6 0.3 18.11 18.36 17.59 
J2119-0300 2685318075783946368 319.86258  -3.00111  10.77 0.14   -50.1 0.2  -105.2 0.2 16.84 16.89 16.64 
J2120+1303 1747132467687929600 320.12384  13.06513  12.62 0.10   102.8 0.2     0.7 0.2 17.08 17.16 16.90 
J2120+2320 1792207664128299776 320.14210  23.33671  10.62 0.27    32.7 0.5    30.0 0.5 18.97 19.19 18.50 
J2121+0646 1738915641198942080 320.30481   6.78229  13.49 0.19    67.3 0.3   -45.1 0.3 18.23 18.42 17.68 
J2121+5235 2172420060626469248 320.32074  52.58813  18.86 0.21   -40.8 0.4  -113.7 0.3 18.63 19.28 17.88 
J2122+0413 2693095097621419648 320.55112   4.23066  41.33 0.08   -75.7 0.1  -413.2 0.1 16.55 17.02 15.90 
J2122-0314 2684594390974873728 320.61931  -3.23669  10.69 0.63   114.1 1.4   -28.4 1.5 19.96 20.22 19.31 
J2122-0916 6897289256251743744 320.63463  -9.26933  15.33 0.24   257.9 0.4   -49.8 0.5 18.36 18.61 17.84 
J2123+2032 1790303791024282880 320.76242  20.54594  11.30 0.25    41.8 0.4  -153.4 0.5 18.63 18.83 18.24 
J2123+1917 1785659488269249408 320.77548  19.28393  12.61 0.10    38.0 0.1   -33.9 0.2 16.86 16.90 16.73 
J2123-1208 6891429026779675520 320.98213 -12.14208  12.66 0.14    29.7 0.2   -25.5 0.2 17.36 17.38 17.20 
J2124+0638 1738863620555712512 321.09355   6.64807  13.08 0.27    -8.1 0.4   -51.5 0.4 18.62 18.85 18.27 
J2124+1455 1783463523029420544 321.12037  14.93025  14.73 0.23     8.4 0.4   -63.3 0.3 18.43 18.78 17.96 
J2125+1743 1785260090670874240 321.28422  17.72647  15.47 0.39   258.0 0.5   113.5 0.5 19.12 19.53 18.51 
J2125+2752 1847460116290325888 321.29449  27.87178  10.40 0.26    43.8 0.4   -56.4 0.5 18.97 19.23 18.51 
J2125+5003 2171179669768878080 321.42150  50.06568  10.94 0.27   -32.0 0.5   -45.2 0.4 19.13 19.44 18.62 
J2126-0255 2684806459279262976 321.61736  -2.92673  14.75 0.11   205.4 0.2    19.8 0.2 17.22 17.35 16.93 
J2126+0729 1739397914486670208 321.73853   7.48661  13.65 0.25   -34.2 0.4    -2.6 0.4 18.55 18.82 18.14 
J2126+7338 2274076297221555968 321.74108  73.64439  45.04 0.04    55.1 0.1  -314.0 0.1 12.90 12.82 13.00 
J2127+2632 1847118992806013568 321.88958  26.54936  12.23 0.20   185.6 0.3    -6.0 0.4 18.30 18.56 17.91 
J2127-0821 6897451292484010624 321.90903  -8.36581  11.72 0.30   230.9 0.5    28.4 0.5 18.56 18.69 18.16 
J2127+0229 2691890685712023552 321.91500   2.49685  10.09 0.38    60.3 0.5   -86.9 0.5 18.94 19.11 18.58 
J2128+0329 2698026093739557120 322.19684   3.48990  11.47 0.31   174.4 0.6    34.9 0.6 19.03 19.30 18.59 
J2129+0013 2687768066863960576 322.39644   0.22547  15.23 0.06   -81.2 0.1   -35.8 0.1 15.56 15.63 15.39 
J2130+2537 1798927947915336448 322.59111  25.62523  15.27 0.15    88.0 0.3   -82.0 0.3 18.03 18.30 17.59 
J2130+1817 1786065654735928064 322.67029  18.28591  10.54 0.22    54.4 0.2    -2.2 0.3 17.97 18.03 17.75 
J2130+2434 1798237802506593792 322.70627  24.57443  13.70 0.41  -151.8 0.6  -273.4 0.6 19.32 19.89 18.62 
J2131+7227 2273004926219966976 322.75103  72.46089  14.79 0.10   172.4 0.2   201.4 0.3 17.86 18.07 17.41 
J2132+2654 1847190701579945856 323.03796  26.90645  16.41 0.15   109.9 0.2   -97.6 0.2 18.02 18.25 17.58 
J2132+0015 2687733913283870336 323.06942   0.25412  23.40 0.05   413.2 0.1    27.3 0.1 14.66 14.57 14.70 
J2133-0611 2670770991487735424 323.34378  -6.18821  14.22 0.26  -149.7 0.4  -295.8 0.5 18.34 18.64 17.88 
J2133+2414 1797472370615364992 323.43178  24.24857  28.51 0.10   -61.9 0.1  -185.5 0.2 17.10 17.34 16.68 
J2133+1824 1786103278648516352 323.48239  18.40386  12.25 0.57   162.7 1.1    54.5 0.9 19.78 20.38 18.99 
J2134-0602 2670773907771422720 323.50841  -6.04371  11.24 0.16   -56.6 0.3  -123.4 0.2 17.53 17.56 17.37 
J2134+0955 1742342784582615936 323.71147   9.92208  12.94 0.09   -57.6 0.1   -49.7 0.2 15.98 15.95 16.03 
J2134-0501 2671550540937739008 323.73478  -5.01741  23.17 0.15  -307.7 0.3  -359.9 0.4 17.55 17.87 17.04 
J2135+1840 1786138222502901376 323.81506  18.67305  20.69 0.12   141.8 0.2   -30.9 0.2 17.37 17.62 16.96 
J2135-0430 2671606959627000576 323.87616  -4.50276  11.08 0.34  -170.1 0.6   -46.1 0.5 19.16 19.45 18.67 
J2136+0925 1741515470802472576 324.19314   9.43137  11.07 0.17    75.5 0.4    11.2 0.3 17.36 17.43 17.17 
J2137+0016 2687359284761589760 324.37177   0.27683  10.49 0.54    13.9 0.9   -90.3 0.9 19.67 20.31 18.85 
J2138-0056 2686607906002083328 324.52130  -0.93865  13.55 0.32   -27.4 0.5  -236.7 0.5 19.05 19.46 18.46 
J2138+1123 1766620929036759808 324.58289  11.38658  10.08 0.13    38.9 0.2    22.3 0.2 17.36 17.39 17.21 
J2138+2309 1794118516552814336 324.69371  23.15649  23.95 0.04   264.8 0.1   120.8 0.1 15.25 15.28 15.16 
J2139+1521 1771018842404904832 324.90880  15.35619  15.48 0.11   136.4 0.2    18.8 0.2 17.02 17.12 16.78 
J2139-0235 2674134771219567616 324.98581  -2.59930  11.13 0.48     3.6 0.6    20.3 0.6 19.22 19.52 18.78 
J2140-0555 2668196480715605632 325.05446  -5.93155  13.97 0.41   124.0 0.5   -20.0 0.4 18.53 18.88 18.03 
J2140+4851 1978812418219788288 325.17488  48.86078  10.09 0.28   -23.8 0.5   -29.5 0.5 19.25 19.80 18.57 
J2140-0541 2671209215590782208 325.17551  -5.68754  10.27 0.12    18.1 0.2   -80.3 0.2 17.06 17.02 17.01 
J2140+2140 1793628851625008512 325.17738  21.68148  10.22 0.13    31.1 0.2  -127.9 0.2 17.05 17.09 16.97 
J2141+0923 1741417790361772160 325.26275   9.39547  18.96 0.08    32.8 0.1  -112.5 0.1 15.84 15.90 15.69 
J2141+0151 2694329570005647488 325.36697   1.86085  13.05 0.52  -131.9 0.7   -52.5 0.9 19.45 20.00 18.82 
J2141+1146 1766702297192943488 325.36883  11.77287  11.41 0.08   223.6 0.1   -15.9 0.1 15.91 15.84 16.00 
J2141+2258 1794423901612865024 325.41855  22.97293  22.44 0.15   -79.5 0.2  -110.1 0.3 17.70 18.02 17.22 
J2142+2121 1792948357008256512 325.59432  21.35986  14.28 0.28   -41.1 0.3    -0.5 0.4 18.32 18.56 17.90 
J2142+2059 1792830060723673472 325.66982  20.99668  90.64 0.03  -224.7 0.0  -649.6 0.1 13.19 13.25 13.03 
J2143+2829 1801199745097109632 325.82732  28.49415  10.69 0.26   130.1 0.4   -46.3 0.4 18.91 19.18 18.42 
J2143-0659 2667464656943675392 325.85031  -6.99706  55.11 0.05   -11.2 0.1   -91.7 0.1 14.54 14.61 14.37 
J2143+1934 1786444230333492480 325.88384  19.57453  10.23 0.34    77.6 0.8   -55.1 0.5 18.97 19.16 18.46 
J2143+1734 1773934438004155136 325.89156  17.57089  10.26 0.16    12.5 0.3    -8.5 0.3 18.19 18.22 17.97 
J2144+2553 1799515812976881152 326.16747  25.89187  10.94 0.15    73.7 0.3   -97.4 0.3 17.75 17.87 17.47 
J2144+4753 1977776953135753856 326.22464  47.89717  13.63 0.08    86.4 0.1   -43.4 0.1 17.45 17.59 17.16 
J2145+1106 1765847182089067008 326.41155  11.10389  15.64 0.81   179.8 1.2  -367.9 1.1 20.00 20.47 19.17 
J2145-0555 2668055743228735232 326.45924  -5.92979  11.14 0.25   102.1 0.5   -19.4 0.6 18.51 18.56 18.17 
J2146+4626 1974579637737581568 326.53524  46.44130  10.03 0.26   -85.8 0.5  -101.8 0.5 19.31 19.47 18.79 
J2147+1127 1765881576187554432 326.85529  11.46455  18.99 0.33   104.5 0.5  -253.0 0.4 18.49 19.06 17.85 
J2147+1529 1772335163981642880 326.89080  15.49844  16.06 0.96    93.7 1.0     5.3 1.3 19.55 19.79 19.07 
J2147-0824 2666306798185155200 326.96721  -8.40959  20.48 0.13    32.0 0.2   151.6 0.2 17.39 17.67 16.91 
J2147+2531 1799336279047495424 326.97250  25.52761  11.22 0.39   -66.2 0.8  -134.1 0.7 19.56 19.87 19.00 
J2148+1956 1780464093964396672 327.11435  19.94833  16.22 0.25   -34.8 0.4   -50.4 0.4 18.59 19.05 17.98 
J2148+2601 1799385928868168960 327.21721  26.01751  10.46 0.56   139.9 0.9  -124.3 1.1 19.80 19.98 19.33 
J2149+0415 2696628687474414208 327.30677   4.26304  28.44 0.09    13.9 0.1  -219.5 0.1 16.66 17.11 16.07 
J2149+2704 1800070958971784960 327.35044  27.08282  12.58 0.40     2.7 0.6    18.0 0.7 19.23 19.64 18.59 
J2149+4839 1977906588137089024 327.38095  48.65328  15.90 0.29  -121.4 0.4  -405.1 0.5 19.17 19.70 18.40 
J2149+2647 1799850987927155456 327.41949  26.79892  11.95 0.22    -6.1 0.5   -25.1 0.4 18.58 18.80 18.26 
J2149+2139 1793120808535107072 327.48521  21.66657  17.55 0.44   197.3 0.5   -10.4 0.6 18.94 19.58 18.23 
J2150+1732 1773233087024464768 327.56458  17.53435  14.40 0.22   -41.2 0.3    43.0 0.3 18.25 18.57 17.77 
J2150+1953 1780497934010525312 327.60755  19.88643  10.05 0.17   139.4 0.3   -29.5 0.3 17.89 17.98 17.70 
J2151+2615 1799761927489297152 327.81953  26.26035  11.65 0.47   204.2 0.8    75.7 0.8 19.50 20.09 18.77 
J2151+0031 2681243457490130304 327.89589   0.52742  12.62 0.26     3.9 0.3  -121.4 0.3 17.80 17.89 17.58 
J2151+2305 1795037875776233984 327.96246  23.09494  13.52 0.16   -40.0 0.3   -44.1 0.3 17.43 17.51 17.27 
J2152+0223 2693940725141960192 328.10581   2.38748  44.43 0.07    15.4 0.1  -300.6 0.1 12.79 12.69 12.94 
J2153+2948 1897310564741680512 328.36029  29.80649  12.12 0.27    19.0 0.6   -13.7 0.5 18.86 19.18 18.39 
J2153+7011 2224320853443995136 328.36859  70.19239  15.40 0.27  -133.2 0.6   163.1 0.5 19.34 19.90 18.59 
J2153+0726 2700725635303873024 328.39172   7.44521  10.44 0.13    34.1 0.2   -59.1 0.2 17.58 17.66 17.40 
J2153-0214 2673699059671833984 328.42616  -2.24045  17.17 0.14   173.4 0.2    41.0 0.2 17.38 17.57 17.00 
J2154+2657 1799905929149972352 328.50094  26.96334  11.21 0.21   116.9 0.4   -74.0 0.4 18.44 18.67 18.05 
J2154+1300 1767957488499891968 328.62942  13.00712  18.90 0.20   364.1 0.3   -74.2 0.4 18.39 18.83 17.72 
J2154+0956 2726437611640855680 328.74580   9.94838  11.94 0.30    89.5 0.4     1.0 0.5 18.27 18.32 17.98 
J2155+1201 1766164322474245376 328.75607  12.02113  12.69 0.71   -75.6 0.4   -23.0 0.6 18.53 18.77 17.97 
J2155+1614 1769853321424222080 328.91046  16.23635  10.04 0.25    96.6 0.4   -41.6 0.4 18.74 19.00 18.34 
J2156+0559 2697327113581223936 329.22074   5.99010  10.29 0.24    54.9 0.4   -76.8 0.4 18.56 18.73 18.21 
J2157+4515 1973393612591331584 329.29464  45.25931  10.92 0.16   -81.6 0.3  -110.5 0.3 18.29 18.40 18.00 
J2157+0815 2724895585236306560 329.41861   8.26577  11.40 0.33   -50.7 0.8  -203.2 1.0 18.99 19.32 18.44 
J2157+2629 1796837467073673728 329.43654  26.48453  12.56 0.38   -84.8 0.9     5.3 0.8 19.21 19.62 18.62 
J2157-0126 2679806537525967616 329.48321  -1.43925  11.32 1.06    38.9 1.3  -119.7 1.3 19.74 20.13 19.02 
J2157+2428 1795603162191997824 329.49420  24.47915  13.33 0.50   152.5 1.0    38.1 0.9 19.67 20.20 19.12 
J2157+2705 1892992267183979776 329.49982  27.09017  27.02 0.16   350.1 0.3   354.4 0.3 17.85 18.47 17.14 
J2158+2704 1892991957946311936 329.52692  27.06951  14.81 0.19   139.5 0.3    65.3 0.3 18.10 18.31 17.74 
J2158-0652 2620378823103824256 329.58288  -6.87690  10.04 0.73  -100.6 1.0   -86.3 1.0 19.52 19.81 18.92 
J2158+1814 1779145878305570944 329.64837  18.23760  11.81 0.29  -104.2 0.3  -165.2 0.3 18.04 18.10 17.84 
J2158+0527 2697238362376404224 329.68089   5.46137  11.72 0.22   -47.5 0.6   -56.2 0.5 17.62 17.65 17.51 
J2158-0240 2676566272464334720 329.69597  -2.67356  35.52 0.27   -91.2 0.2   -26.2 0.2 17.17 17.68 16.48 
J2159-0629 2668524444418987136 329.79421  -6.49518  12.97 0.44    27.8 0.7   -99.9 0.9 19.49 20.10 18.81 
J2159+2837 1896214179850241408 329.86898  28.62386  10.51 0.18    81.5 0.3    83.2 0.3 17.66 17.78 17.44 
J2200-0226 2676589259128900736 330.09742  -2.43967  11.76 0.49   -14.5 0.8   -55.6 0.7 19.11 19.66 18.37 
J2201+1544 1769541820331697792 330.26064  15.73939  12.00 0.08    58.3 0.2   125.1 0.2 16.35 16.32 16.28 
J2201+1505 1768730586908531712 330.33708  15.09170  10.68 0.06   -30.3 0.1   -89.2 0.1 15.97 15.88 15.99 
J2201+0219 2683345934175922176 330.34654   2.32655  15.67 0.38   -39.6 0.7  -155.8 0.9 19.14 19.54 18.56 
J2201+2014 1780017206911516928 330.41015  20.23417  11.41 0.56    18.7 0.7   -37.1 0.8 19.13 19.46 18.56 
J2202+2919 1896636873351587840 330.52315  29.31846  11.72 0.07    35.4 0.1   -17.7 0.1 15.89 15.82 15.99 
J2202+0237 2683452758602312192 330.72426   2.62736  33.47 0.18   165.1 0.2  -195.8 0.2 16.87 17.19 16.36 
J2203+2434 1795467063268699264 330.80454  24.57828  11.76 0.23   -95.1 0.4   -38.8 0.4 18.52 18.73 18.16 
J2203+1735 1776027972567260416 330.82214  17.59990  14.73 0.31  -170.7 0.5  -122.8 0.4 18.64 19.03 18.06 
J2203+0841 2722273245708777984 330.86216   8.68416  22.42 0.12   116.5 0.2    28.0 0.2 17.36 17.66 16.87 
J2204-0109 2677191860220980480 331.05940  -1.15971  13.41 0.58   110.2 1.1  -303.6 1.1 19.40 20.09 18.66 
J2204+7129 2224491655704638848 331.16767  71.48428  10.64 0.23   -67.0 0.6   -45.2 0.5 18.54 18.77 18.13 
J2205+2820 1893517696302461184 331.48625  28.33925  10.27 0.45   119.2 0.8   108.6 0.8 19.39 19.72 18.84 
J2206-0046 2677321641247692032 331.51006  -0.77583  10.19 0.09    -3.8 0.1   -18.4 0.1 16.01 15.93 16.15 
J2206+0224 2683210316288400768 331.59955   2.41299  15.68 0.72    19.2 1.0   -64.7 1.3 19.63 20.39 18.81 
J2206-0112 2677157569201482624 331.67114  -1.20321  10.19 0.91    46.4 1.0   -14.7 1.1 19.84 20.11 19.46 
J2206+0825 2722195455261832448 331.67442   8.43328  11.55 0.64   -79.3 0.9   -26.9 1.1 19.26 19.57 18.78 
J2206-0459 2621085018806417280 331.73194  -4.99422  21.90 0.28   -35.7 0.5  -182.3 0.6 18.82 19.40 18.08 
J2208+2236 1782917757240791680 332.11671  22.60980  10.77 0.10    74.5 0.2   -47.0 0.1 16.74 16.70 16.70 
J2208+2059 1781605382738862592 332.13116  20.98618  11.04 0.13    80.4 0.2    50.4 0.2 17.51 17.53 17.48 
J2208+2221 1782874287875828864 332.21177  22.35556  14.32 0.21   123.6 0.3   -28.1 0.3 17.67 17.73 17.50 
J2208+3115 1898485156696053504 332.23959  31.25408  11.33 0.06   -67.8 0.1   -56.6 0.1 16.20 16.12 16.31 
J2210+3058 1898416364202028160 332.60113  30.97531  15.10 0.31    49.0 0.6  -142.2 0.6 19.10 19.65 18.40 
J2210-0455 2627035300857269632 332.72057  -4.92784  15.82 0.09    59.9 0.2    36.6 0.1 16.33 16.46 16.03 
J2211+0116 2682094616928734976 332.77200   1.28119  11.02 0.51   -24.0 0.8   -72.5 0.8 19.58 19.95 19.10 
J2211+1136 2727596187657230592 332.92443  11.60059  14.68 0.55    60.1 0.6  -162.0 0.7 19.27 19.20 19.07 
J2212-0901 2615968858057952640 333.07581  -9.02955  14.98 0.11    40.8 0.1    27.0 0.1 16.58 16.55 16.52 
J2212+2338 1879147564661258240 333.22306  23.63339  11.09 0.07    26.9 0.1    -4.5 0.1 15.89 15.75 16.08 
J2213+2925 1894996161487458048 333.32979  29.42726  17.56 0.17   -22.5 0.3  -147.7 0.4 18.20 18.37 17.84 
J2214+1345 2734850353060588928 333.73150  13.76557  10.16 0.16    39.9 0.3   -34.4 0.2 17.45 17.47 17.41 
J2215+3158 1898875311527105152 333.77847  31.97690  19.70 0.11   -52.1 0.2  -146.9 0.2 16.97 17.14 16.65 
J2215-0728 2619561508006403712 333.99781  -7.47659  10.33 0.57    68.9 0.8     6.3 1.0 19.47 19.65 18.97 
J2216+0801 2722715043225172096 334.03931   8.03171  10.86 0.15    -6.3 0.3    55.6 0.3 17.42 17.67 17.00 
J2216-0530 2626108893591397248 334.18375  -5.50211  11.75 0.28     3.3 0.3   -58.0 0.4 18.29 18.35 18.04 
J2216+1211 2727700950499268864 334.24071  12.19074  11.90 0.70    27.2 0.9   -68.5 0.9 19.74 20.15 19.15 
J2216+1425 2735006689870184832 334.24272  14.42514  16.11 0.19    -6.8 0.3   -49.2 0.3 18.10 18.39 17.62 
J2217+3205 1895965724582481280 334.27925  32.08657  10.14 0.18    15.7 0.2   -28.1 0.3 18.15 18.26 17.89 
J2217+4241 1958785020063453312 334.36361  42.69781  12.96 0.38   178.9 0.6   -23.8 0.6 19.68 20.12 19.17 
J2217+4217 1958202240244615552 334.37364  42.28835  13.02 0.44  -110.3 0.6   -82.2 0.7 19.61 20.16 18.90 
J2217-0655 2625620710428582272 334.44024  -6.92669  11.21 0.67    15.9 0.6   -36.0 0.7 18.10 18.24 17.73 
J2218+1554 2735802976806568960 334.65081  15.91328  10.47 0.73    95.2 1.0    -3.5 0.8 19.54 19.81 19.03 
J2218+3951 1956946052506753280 334.67423  39.86195  17.53 0.07    91.1 0.1   -50.0 0.1 16.87 16.92 16.70 
J2218+0319 2706795626682842752 334.67942   3.31726  14.64 0.12   -42.2 0.2     9.7 0.2 16.86 16.95 16.67 
J2218+2123 1778839767397091200 334.70928  21.38430  10.36 0.16   -44.1 0.2  -111.6 0.2 17.90 18.00 17.72 
J2219-0930 2615280147167407104 334.80613  -9.50449  10.29 0.37     3.5 0.7    -3.3 0.8 19.16 19.31 18.68 
J2219+2122 1778836056545324160 334.87073  21.37327  18.61 0.18   368.1 0.2   205.4 0.3 17.77 18.34 17.10 
J2219+1353 2734163982926890624 334.98075  13.89534  10.15 0.39   111.1 0.4   -72.1 0.5 18.72 18.83 18.43 
J2220-0041 2677851743291189888 335.12770  -0.68615  13.71 0.23   -47.6 0.2  -171.0 0.2 17.35 17.50 17.09 
J2220+1555 2735638840336737408 335.17976  15.92484  12.46 0.18   230.8 0.3  -123.4 0.2 17.81 17.97 17.51 
J2220-0600 2625820512307604352 335.18584  -6.00667  12.46 0.43   -44.5 0.5   -24.4 0.5 19.07 19.31 18.52 
J2220+0440 2707587378134583168 335.21733   4.68111  13.72 0.24    42.2 0.3   -19.2 0.3 18.24 18.55 17.81 
J2220+0931 2723350492226010880 335.23929   9.53047  11.36 0.21    51.5 0.4    10.2 0.5 17.73 17.84 17.48 
J2221-0111 2677613351131443328 335.29092  -1.18970  10.82 0.45   -53.1 0.7   -41.8 0.7 19.45 19.87 18.81 
J2221+2446 1878953187324368000 335.38565  24.77664  10.63 0.15   -73.4 0.3   -73.0 0.2 17.74 17.77 17.58 
J2221-0408 2626677723354947968 335.43487  -4.14994  16.59 0.36   383.8 0.6    30.8 0.8 16.40 16.43 16.21 
J2222+3744 1908476521936298496 335.59522  37.73841  12.46 0.11   -55.4 0.1   -31.8 0.2 17.52 17.56 17.38 
J2223+2201 1874954641491354624 335.75692  22.02520  14.06 0.06    52.0 0.1   -61.6 0.1 15.79 15.68 15.94 
J2223+2201 1874954645786146304 335.75734  22.02342  14.25 0.07    51.1 0.1   -62.3 0.1 16.14 16.10 16.18 
J2223+6925 2226267607501444608 335.79466  69.41737  10.56 0.14   -16.3 0.3   -11.2 0.2 18.59 18.71 18.23 
J2223+1338 2734319087081051264 335.80795  13.64911  13.08 0.07    56.6 0.1    -5.2 0.1 15.64 15.50 15.83 
J2223+6837 2225982838287401984 335.88958  68.62447  13.74 0.04   139.2 0.1   245.5 0.1 15.67 15.58 15.74 
J2223+2319 1878189370339859328 335.95228  23.31924  13.27 0.16   128.5 0.3    -7.1 0.3 17.86 17.94 17.66 
J2223+1532 2734807643906462464 335.95367  15.53965  11.38 0.17   -86.6 0.3   -74.6 0.3 17.75 17.89 17.47 
J2224+2158 1874951106733026048 336.00394  21.96921  16.83 0.10  -144.8 0.1   -17.2 0.1 16.78 16.88 16.55 
J2224+0559 2708540070600397568 336.03113   5.98406  18.56 0.55   174.6 0.9    81.1 0.8 19.58 20.28 18.85 
J2224+1753 2737611093613805568 336.03149  17.89665  13.77 0.88  -166.9 1.7  -313.4 2.3 20.05 20.53 19.20 
J2224-0637 2622700373185644800 336.17728  -6.62928  13.91 0.30   -56.2 0.4   -29.7 0.4 18.53 18.69 18.05 
J2224+0406 2707280545670705792 336.19258   4.10693  18.03 0.15    28.6 0.2    22.2 0.2 17.34 17.52 17.05 
J2224+2716 1881612734154248320 336.19461  27.27915  16.00 0.15     9.0 0.3   -73.0 0.2 16.54 16.57 16.22 
J2225+3005 1894563160062140416 336.26157  30.08753  13.01 0.15    40.7 0.2    54.2 0.2 18.08 18.18 17.82 
J2225-0234 2629099187262355712 336.26553  -2.57171  11.26 0.09    37.8 0.2   -58.5 0.2 16.55 16.54 16.56 
J2225+2716 1881611050526390400 336.30284  27.27666  12.66 0.21   -10.0 0.4   -44.4 0.3 18.39 18.64 17.94 
J2225+1545 2736312982698161536 336.30855  15.75501  11.37 0.34  -104.1 0.4  -113.1 0.4 18.74 19.06 18.18 
J2225+1835 1777269424274555776 336.42460  18.58823  23.27 0.09  -126.3 0.1   -78.2 0.1 16.68 16.81 16.42 
J2225-0114 2629899631727265280 336.42734  -1.23492  13.81 0.36  -101.0 0.3   -27.0 0.3 18.14 18.50 17.63 
J2225-0113 2629899631727265920 336.43090  -1.23330  12.83 0.93  -101.6 0.7   -24.6 0.8 19.24 19.76 18.67 
J2226+0112 2702527013306504064 336.62842   1.20313  15.51 0.26   148.0 0.3  -115.6 0.4 17.94 18.07 17.60 
J2227+1753 2737921155893258496 336.91903  17.88890  24.01 0.11   193.0 0.2   -84.4 0.1 16.66 16.87 16.29 
J2228+1207 2730508416002618752 337.00842  12.12574  29.47 0.09   -32.7 0.1   -46.8 0.1 16.22 16.37 15.95 
J2228+2827 1882264022993430656 337.04962  28.45234  15.65 0.11   118.5 0.2     6.5 0.2 17.35 17.48 17.03 
J2228+1040 2729503359295054336 337.07814  10.66862  16.46 0.26    95.2 0.5    83.9 0.3 18.05 18.29 17.70 
J2228+1754 2737918849495239936 337.11594  17.90123  10.97 0.10    60.2 0.2   -43.7 0.1 16.21 16.16 16.28 
J2229+2327 1875613386395668864 337.39256  23.46077  27.36 0.21   224.4 0.6  -224.5 0.4 17.83 18.32 17.19 
J2229+1745 2737737292637935232 337.39905  17.76310  12.00 0.10    91.9 0.2     3.4 0.1 16.65 16.64 16.69 
J2229+3927 1909045549271308928 337.42087  39.45770  17.69 0.12   -43.6 0.2   -27.1 0.2 17.86 18.04 17.50 
J2229+2422 1875741857456294912 337.43600  24.37786  20.05 0.26   165.4 0.5   -25.1 0.5 18.59 19.04 17.92 
J2229+3024 1900545847646195840 337.49226  30.40228  11.04 0.07    55.7 0.1  -115.5 0.1 16.21 16.24 16.12 
J2230+3846 1908964185404897152 337.50768  38.77519  13.43 0.13   -89.6 0.1    -8.9 0.2 17.74 17.79 17.50 
J2230+1002 2729211164080363264 337.53995  10.03490  13.39 0.36    51.2 0.3    -9.1 0.4 17.62 17.71 17.37 
J2230-0023 2630076966632012160 337.61956  -0.39191  22.75 0.05     6.8 0.1    33.1 0.1 15.42 15.48 15.28 
J2230+1256 2730989658498251776 337.65546  12.93929  23.58 0.13    81.7 0.2    -2.3 0.2 17.04 17.18 16.75 
J2230+1523 2736054627915080448 337.73393  15.39911  26.31 0.18   492.5 0.2   201.3 0.2 17.68 18.11 17.09 
J2230+2254 1875301369907249024 337.74687  22.91509  32.22 0.10    82.5 0.2    13.9 0.1 16.98 17.29 16.50 
J2231+0906 2711092621203766912 337.75485   9.10940  11.11 0.48   107.2 0.6  -190.9 0.5 18.97 19.31 18.55 
J2231-0902 2621138310760174592 337.82421  -9.04712  12.13 0.27    24.5 0.7  -125.2 0.5 18.69 19.04 18.18 
J2231+0137 2702619273499003776 337.85519   1.62423  13.30 0.25    64.1 0.4   -50.8 0.4 18.27 18.46 17.85 
J2231+2333 1875431077919202176 337.92010  23.55049  11.15 0.56   -55.6 0.9    43.5 1.0 20.01 20.57 19.19 
J2231+1411 2732864192679430656 337.93929  14.18702  11.96 0.09     4.8 0.1   -46.1 0.1 16.01 15.92 16.08 
J2232-0744 2621565333592122496 338.09895  -7.74340  18.27 0.17  -256.3 0.3  -128.6 0.3 17.91 18.11 17.34 
J2232+2623 1880527279954062848 338.20007  26.38413  13.72 0.14   144.6 0.2   -24.2 0.2 17.85 18.16 17.40 
J2232+0358 2704122988794215168 338.21103   3.97940  16.75 0.24    94.7 0.4    33.7 0.4 18.58 19.12 17.79 
J2232+3205 1901175799087508608 338.21801  32.08862  15.06 0.15   177.5 0.2     9.6 0.2 17.76 17.99 17.32 
J2232+2155 1874375473741569664 338.22994  21.92768  11.94 0.26    64.8 0.4   -23.8 0.4 18.31 18.48 18.00 
J2233+2610 1880503434295761024 338.29868  26.17086  11.85 0.07    82.6 0.1    20.9 0.1 15.73 15.66 15.81 
J2233+2027 1873653644358070400 338.37101  20.45032  11.72 0.44    46.9 0.8   -13.7 0.6 19.35 19.91 18.82 
J2233+3649 1907427720985244928 338.43222  36.82178  10.25 0.26    67.7 0.2    69.4 0.4 18.88 19.30 18.19 
J2233-0631 2622175287664315392 338.43364  -6.53079  13.81 0.74   -78.8 0.8  -342.9 0.8 19.57 20.28 18.72 
J2234+2537 1880428800652241664 338.56659  25.62780  11.68 0.50   -83.2 0.8   -49.2 0.6 19.61 20.04 18.95 
J2234+1456 2733055335904034432 338.57906  14.94831  29.51 0.09   133.6 0.1   -32.4 0.1 16.52 16.76 16.09 
J2235+3620 1904399047486667392 338.75699  36.34763  14.06 0.30     8.6 0.6   -62.3 0.4 19.07 19.61 18.42 
J2235+6439 2205619397609830656 338.86705  64.66074  14.62 0.20   -19.9 0.4   -36.8 0.4 18.90 19.31 18.28 
J2236+0007 2654170736729886976 339.01295   0.12306  20.26 0.07   -97.2 0.1   -69.5 0.1 13.96 13.79 14.18 
J2236-0342 2625405206150216960 339.09628  -3.70419  14.29 0.29   102.8 0.5  -124.0 0.5 18.73 19.21 18.19 
J2237+2220 1874330118886582016 339.27784  22.34825  11.10 0.49   275.2 0.7   -36.4 0.7 19.60 19.92 19.14 
J2237+3206 1901132845117712256 339.41100  32.11305  12.26 0.24    34.8 0.4  -102.5 0.4 18.73 18.97 18.33 
J2238-0329 2625424962999379840 339.69653  -3.48971  11.16 0.64   -96.0 1.0   -97.8 0.9 19.80 20.25 19.08 
J2238+1313 2731772377633104128 339.74444  13.21755  15.72 0.12   106.7 0.2   -68.3 0.1 16.97 17.07 16.72 
J2239+3342 1902873513759656576 339.82256  33.70189  13.70 0.21    68.1 0.3    -2.6 0.3 18.40 18.61 18.10 
J2239+2818 1887302260150228224 339.83500  28.31371  10.34 0.79   -57.0 1.1  -127.9 1.1 20.10 20.69 19.45 
J2239+1904 2833291244003645440 339.91298  19.08023  10.16 0.93    17.7 1.2   -42.7 0.9 19.80 20.01 19.39 
J2239-0454 2624654072204568448 339.91973  -4.90502  10.70 0.13   -10.5 0.1   -30.5 0.1 16.72 16.65 16.68 
J2240-0303 2625541412447911424 340.04554  -3.05611  19.69 0.23  -196.9 0.3  -220.1 0.3 18.35 18.83 17.75 
J2240+2310 1876069099605221760 340.09976  23.16928  10.31 0.55   -25.0 0.9   -96.2 0.9 19.90 20.39 19.13 
J2241+3118 1888836972229230976 340.28390  31.30847  21.33 0.12   163.9 0.2  -129.7 0.2 17.74 18.05 17.28 
J2241+0801 2715786505062211840 340.43031   8.02979  15.53 0.22   102.4 0.4   -21.0 0.4 18.32 18.62 17.77 
J2241+0432 2704955971931335168 340.47297   4.54870  16.20 0.23   119.9 0.4  -199.4 0.3 17.96 18.24 17.48 
J2241+1332 2731866347221858432 340.49039  13.54250  28.06 0.17    63.3 0.2  -394.2 0.2 17.18 17.48 16.71 
J2242+0048 2654423998066862464 340.52635   0.80604  18.96 0.25   142.0 0.4   -76.7 0.4 18.72 19.27 17.96 
J2242+1403 2731922422315395968 340.61895  14.05020  12.01 0.17   117.4 0.3    -2.9 0.2 17.62 17.74 17.38 
J2242-0243 2625527084437039744 340.71025  -2.73075  10.91 0.20   121.4 0.2    79.1 0.2 17.69 17.79 17.43 
J2243+2005 2834500058254189440 340.96337  20.09982  12.08 0.16    22.6 0.3   -27.1 0.2 17.14 17.17 17.09 
J2244+2011 2834595406528921984 341.01766  20.19414  10.29 0.16   153.7 0.2    -3.5 0.2 17.20 17.24 17.08 
J2244+1025 2717510195697147264 341.16375  10.41931  12.09 0.37    90.1 0.5  -122.3 0.4 19.08 19.50 18.54 
J2244+3040 1888086452459286144 341.17378  30.67563  13.08 0.49    31.6 0.7   120.3 0.8 19.18 19.56 18.64 
J2244+1513 2732515029018125312 341.18012  15.23109  17.13 0.22   170.5 0.3   259.1 0.3 18.01 18.36 17.50 
J2244+0644 2712583146653885824 341.20161   6.74047  18.54 0.30   157.7 0.5    48.3 0.4 18.73 19.37 18.01 
J2244+0633 2712384409927302784 341.21577   6.56449  20.95 0.17   199.3 0.3    35.1 0.3 17.91 18.29 17.35 
J2245-1002 2608247533357159424 341.37308 -10.04584  17.63 0.15    54.1 0.2   -47.3 0.2 16.97 17.04 16.77 
J2246+0253 2656454216222569216 341.69361   2.89444  10.46 0.09   -85.8 0.2  -131.6 0.1 16.41 16.39 16.48 
J2247+2304 2836686398471189120 341.82666  23.06940  10.36 0.22   -35.8 0.7    30.1 0.4 18.20 18.36 17.90 
J2248+0436 2705188999676567936 342.09937   4.61078  11.87 0.12   -50.9 0.2   -53.9 0.1 16.95 17.00 16.84 
J2248+1026 2718222954109355520 342.19740  10.44005  11.28 0.28   -30.3 0.4   -69.8 0.3 18.62 18.76 18.23 
J2248+3249 1890612511706016128 342.24089  32.82399  14.99 0.32   -64.6 0.4   -40.9 0.4 19.09 19.53 18.35 
J2249+2236 2836609093355562496 342.27557  22.60914  56.12 0.07   522.7 0.1    59.6 0.1 14.39 14.41 14.31 
J2249-0608 2611836167511100800 342.49860  -6.13702  10.11 0.90    -5.9 0.7   -82.7 0.9 19.38 19.47 18.99 
J2250+1917 2833496852677924480 342.51720  19.28543  19.03 0.41   108.9 0.7   -19.5 0.6 18.97 19.53 18.17 
J2250+1258 2719908367995903744 342.57109  12.97391  13.69 0.26   165.0 0.5    28.2 0.4 18.82 19.17 18.29 
J2250+3231 1890542971890672896 342.60122  32.52866  11.71 0.06   -44.9 0.1   -46.3 0.1 15.63 15.44 15.88 
J2250+6328 2208124536065383424 342.66766  63.47713  12.35 0.05   121.1 0.1   -42.0 0.1 16.46 16.46 16.18 
J2250+0351 2656959231361709056 342.67031   3.85543  12.40 0.31   -99.2 0.5   -49.6 0.5 18.74 19.05 18.37 
J2251+2654 1883032242321525248 342.75105  26.91113  10.37 0.14    -7.8 0.2     0.4 0.2 17.57 17.63 17.38 
J2251-1015 2605271846869877632 342.98132 -10.25147  19.57 0.22   100.8 0.4  -155.4 0.3 17.79 18.06 17.32 
J2251+2111 2835470068028107648 342.99737  21.18587  17.96 0.14   340.1 0.3   272.8 0.2 17.72 17.91 17.40 
J2252+1019 2718032566799805952 343.06724  10.32193  22.00 0.26    69.7 0.3    23.5 0.3 17.94 18.31 17.36 
J2252+0442 2657122444414522368 343.15865   4.71130  13.80 0.27   -45.7 0.4   -37.7 0.3 18.57 18.86 18.03 
J2252+2540 1882626964910248960 343.24171  25.68310  13.76 0.24    44.8 0.5   -90.3 0.4 18.21 18.36 17.92 
J2254+1323 2719852224183359360 343.53737  13.39840  21.78 0.23   326.1 0.4  -200.1 0.3 18.56 19.21 17.80 
J2254+3224 1890126871163145728 343.56342  32.40308  23.97 0.15    18.3 0.2   -36.7 0.2 17.64 18.09 17.06 
J2255+3300 1890216962396479488 343.78798  33.01491  10.55 0.59  -117.8 1.0   -64.6 0.9 19.62 19.86 19.10 
J2255+0710 2712093451662656256 343.80630   7.16688  10.97 0.61    40.2 0.9   -18.5 0.6 19.22 19.13 19.10 
J2255+6110 2014749990114568320 343.95464  61.17146  19.16 0.18   183.6 0.3   210.7 0.3 18.58 19.16 17.87 
J2255-0750 2610488514148351360 343.95852  -7.83420  27.78 0.11   549.3 0.1   -46.9 0.1 16.37 16.57 15.98 
J2255+0545 2711324446359728384 343.98365   5.75514  40.42 0.14   350.8 0.1  -264.7 0.1 16.05 16.34 15.57 
J2255+1047 2718118053828251648 343.99399  10.79611  10.62 0.52   -70.1 0.9  -103.2 0.8 19.51 20.24 18.78 
J2256-0945 2606779964507034240 344.12520  -9.75866  10.70 0.14   -23.1 0.3   -12.3 0.2 17.14 17.09 17.08 
J2256+1252 2719012579552367488 344.19314  12.88068  15.98 0.08   189.6 0.1     9.0 0.1 15.78 15.77 15.77 
J2256-0309 2648753232486356096 344.23954  -3.15367  15.77 0.11    44.1 0.2  -102.3 0.2 17.18 17.27 16.93 
J2256-0852 2606979835105147520 344.24869  -8.87253  12.85 0.53    56.4 0.7  -172.4 0.7 19.24 19.75 18.58 
J2257+0755 2712240064671438720 344.35810   7.92778  21.97 0.14  -165.7 0.2  -168.0 0.2 17.18 17.11 17.17 
J2257+1921 2831963931606829312 344.36501  19.35995  15.05 0.09   -65.8 0.2   -75.8 0.1 16.82 16.90 16.62 
J2257+1205 2718818202217242240 344.38523  12.09093  13.10 0.46    -6.9 0.8    80.9 0.6 18.96 19.20 18.48 
J2258+0158 2655547630230478464 344.57667   1.98212  10.26 0.20    -6.8 0.3    -5.8 0.3 18.14 18.28 17.86 
J2258+6430 2208752769527485568 344.64941  64.50171  15.56 0.07   -29.3 0.2     1.6 0.1 17.20 17.32 16.92 
J2258-0054 2651505207011569152 344.69627  -0.91403  11.93 0.52   234.4 0.7    20.6 0.6 19.54 19.99 18.85 
J2258+1851 2831697712353381376 344.69812  18.86479  18.07 0.13    16.8 0.3   -13.9 0.2 17.63 17.88 17.21 
J2258+0951 2714977745540449664 344.70047   9.86633  12.74 0.38    50.4 0.8   -43.3 0.6 19.11 19.47 18.44 
J2259-0828 2607380156121387648 344.87429  -8.47338  14.32 0.21   102.6 0.4  -112.5 0.4 18.60 18.87 18.07 
J2300+6408 2208530698238308736 345.23443  64.13726  27.51 0.11   -82.4 0.2  -116.6 0.2 17.96 18.54 17.24 
J2301+1631 2828968376599542144 345.30433  16.52130  12.29 0.41   -17.4 0.7   -83.7 0.5 19.09 19.42 18.53 
J2301+2323 2842112183412398336 345.31695  23.38387  19.32 0.07    23.5 0.1    13.4 0.1 16.06 16.05 15.97 
J2301+2029 2832497985019340416 345.32686  20.48497  10.17 0.15   116.3 0.2  -144.1 0.2 17.91 17.98 17.75 
J2301+2351 2842282088022707968 345.44743  23.86051  10.05 0.52    -1.2 0.9    53.7 0.8 19.63 20.01 19.10 
J2301+0857 2713932247421725184 345.45045   8.95736  12.22 0.33  -172.9 0.5  -106.6 0.3 18.76 19.01 18.38 
J2301+1436 2816082757452460416 345.47988  14.60039  12.86 0.08     3.0 0.1    39.0 0.1 16.03 16.00 16.06 
J2302+1404 2815276162594025216 345.60769  14.07887  15.88 0.20   311.6 0.3    38.7 0.3 18.05 18.34 17.59 
J2302-0426 2636318649330041216 345.65185  -4.43421  11.60 0.24  -144.3 0.4  -145.5 0.3 18.57 18.82 18.09 
J2302+2435 2843086827454803712 345.69004  24.59880  12.73 0.42   113.6 0.6    34.1 0.5 19.17 19.67 18.52 
J2302-0045 2650863985573885568 345.69425  -0.75057  12.62 0.35    62.8 0.6  -120.7 0.5 19.17 19.63 18.59 
J2302+2430 2843077206728009472 345.70559  24.50743  13.79 0.17   -50.7 0.3  -125.5 0.2 17.97 18.12 17.63 
J2302+2430 2843077211023524224 345.70973  24.50339  13.61 0.27   -52.4 0.6  -125.5 0.4 18.20 18.44 17.78 
J2303+3014 1886463401496969216 345.76675  30.24937  11.97 0.29    35.7 0.4    42.7 0.5 18.71 18.96 18.30 
J2303+0152 2652566063933448320 345.79091   1.86861  12.97 0.17    51.1 0.3     9.3 0.2 17.69 17.76 17.48 
J2304+2559 2843695170919181696 346.03224  25.99094  11.90 0.61   116.4 0.9    12.9 0.8 19.96 20.39 19.19 
J2304+2415 2842312874347797632 346.06016  24.26473  11.48 0.33   -60.4 0.6   -94.5 0.5 19.31 19.79 18.74 
J2304-0701 2634608741244966016 346.07994  -7.02444  18.23 0.12   240.9 0.2  -224.3 0.3 17.10 17.21 16.82 
J2304-0701 2634608741244388096 346.08227  -7.03148  18.06 0.48   240.2 0.8  -224.4 0.8 19.06 19.67 18.20 
J2304+2438 2842710382160936576 346.13040  24.64553  12.17 0.13   125.6 0.2     7.7 0.2 17.68 17.74 17.48 
J2304+0159 2652547440955473024 346.17743   1.98740  11.72 0.14    53.4 0.3   -67.3 0.2 16.89 16.86 16.80 
J2304-0122 2650584125507949056 346.21560  -1.37262  13.16 0.19   155.3 0.3   -52.4 0.2 17.62 17.72 17.27 
J2305+0725 2665414200901834112 346.37312   7.42928  14.58 0.38   114.6 0.6  -126.5 0.5 18.80 19.23 18.26 
J2305+3149 1886717045085837056 346.45806  31.82738  15.43 0.31    79.4 0.5   -38.9 0.4 18.85 19.32 18.17 
J2305+0645 2665304249738571392 346.46908   6.75311  11.44 0.48   119.7 0.6   -34.1 0.5 19.31 19.67 18.80 
J2306+0908 2714269007216940800 346.50049   9.14009  12.26 0.70   -12.1 1.0   -85.9 0.7 19.67 20.21 19.03 
J2306+2432 2842650153836732928 346.57403  24.53522  19.72 0.05    66.4 0.1   -58.1 0.1 15.37 15.37 15.34 
J2306+1809 2830734604590471424 346.58060  18.16475  20.25 0.13    51.0 0.2   -20.6 0.2 17.64 17.83 17.29 
J2306+2825 1884925429543282048 346.64981  28.42463  12.45 0.09   -68.3 0.1   -77.0 0.1 16.53 16.52 16.54 
J2306+2759 2845665594538512768 346.71536  27.99784  13.24 0.48    26.3 0.8   148.5 0.8 19.63 20.27 18.78 
J2307+0821 2713617271700011008 346.77887   8.36246  10.64 0.46    46.9 0.8  -102.9 0.7 19.21 19.42 18.68 
J2307+2701 2845447204042284032 346.80544  27.02755  11.76 0.17    14.1 0.3   150.2 0.2 18.23 18.40 17.94 
J2307+1400 2815415285174565248 346.84268  14.01268  12.20 0.35  -120.6 0.6   -38.1 0.4 18.80 19.06 18.26 
J2308+2414 2842462137347560320 347.05405  24.24010  25.21 0.15   233.5 0.2   -74.9 0.2 17.87 18.39 17.20 
J2308+1319 2814942392095501952 347.12750  13.32329  16.86 0.06    82.4 0.1    30.9 0.1 15.40 15.37 15.45 
J2308+0553 2663502184540697856 347.14513   5.88558  13.12 0.38    69.6 0.6  -156.7 0.4 18.82 19.01 18.33 
J2308+1245 2811882073278282496 347.14581  12.76126  13.80 0.08     5.3 0.2    17.1 0.1 15.18 15.05 15.35 
J2308+0347 2662208372887759744 347.18456   3.78841  15.45 0.14   -20.4 0.2   -90.4 0.1 17.15 17.08 17.10 
J2308+0039 2651439923508503552 347.19536   0.65106  10.55 0.49   169.9 0.9   -48.4 0.9 19.60 20.01 18.93 
J2308+1659 2818456736203265792 347.20869  16.98763  18.52 0.32  -172.0 0.5  -129.8 0.3 18.52 18.96 17.90 
J2309+5647 2009135638930614912 347.31868  56.79218  10.01 0.31   101.6 0.6    30.9 0.4 19.31 19.67 18.75 
J2309+1801 2818683750991979136 347.32758  18.03222  11.69 0.68    28.1 1.5    19.7 1.0 19.64 20.24 19.02 
J2309+1134 2811484217572663168 347.33610  11.57531  14.37 0.17    24.4 0.3   -65.3 0.2 17.65 17.81 17.29 
J2309-0705 2631652528139944832 347.44912  -7.08869  13.28 0.21    22.8 0.4    13.1 0.5 17.33 17.41 17.00 
J2309+3011 1885744595770968832 347.49686  30.18619  11.61 0.64   123.9 0.8   -46.8 0.7 19.56 20.06 18.92 
J2309+3011 1885744600065811840 347.49700  30.18514  10.95 0.53   120.3 0.7   -45.9 0.6 19.40 19.75 18.83 
J2310+3424 1914595677804443648 347.50422  34.40203  12.27 0.40    96.6 0.5   -38.5 0.4 19.40 19.86 18.78 
J2310+2244 2838876114534014848 347.54798  22.74776  10.88 0.37   -33.2 0.6   -64.0 0.5 19.57 20.04 18.89 
J2310+2652 2845218578639288576 347.68276  26.87231  23.36 0.12   443.1 0.2    82.2 0.1 17.31 17.49 16.97 
J2310-0243 2638053472519840256 347.72873  -2.71938  11.16 0.32   -65.6 0.4  -108.9 0.4 18.77 19.02 18.40 
J2310+2014 2831562468126593024 347.72956  20.24333  18.74 0.12  -101.8 0.2  -132.7 0.1 17.27 17.38 17.01 
J2311+5847 2010655404533609216 347.79938  58.79055  13.98 0.24  -121.8 0.4  -233.2 0.3 18.59 18.91 18.07 
J2311+3503 1914644846590660992 347.80508  35.05365  13.16 0.14   -20.8 0.1  -122.0 0.1 17.74 17.89 17.45 
J2312+1310 2812250821990695936 348.02482  13.18170  31.40 0.12  -132.9 0.2  -254.5 0.2 17.15 17.60 16.54 
J2312+1819 2819079300299524480 348.05751  18.32969  10.58 0.31   -26.3 0.5   -97.8 0.5 18.74 19.00 18.30 
J2312-0030 2651072927142789632 348.08148  -0.51589  13.82 0.46   108.9 0.7   -97.7 0.7 19.54 19.85 19.05 
J2312+1047 2810585920868186240 348.09068  10.78443  13.10 0.07   139.4 0.1   -19.4 0.1 13.06 12.81 13.38 
J2312+2529 2844308831549635840 348.09652  25.48566  13.06 0.39    97.2 0.5  -208.4 0.5 19.27 19.77 18.65 
J2312+2133 2838537563735201664 348.17354  21.55291  12.30 0.23   -24.0 0.4   -28.8 0.3 18.71 18.99 18.20 
J2313+2740 2845408514976562688 348.30908  27.68326  10.42 0.27   228.3 0.4   -37.3 0.4 18.98 19.35 18.47 
J2313+3224 1910053698353680256 348.41969  32.41527  10.94 0.60   142.9 0.9   -61.8 0.8 19.95 20.47 19.39 
J2313+2729 2845358143600048768 348.43911  27.48661  11.03 0.41     5.8 0.7   -97.5 0.5 19.58 19.83 18.96 
J2313+1455 2817075272854044416 348.45738  14.91934  13.19 0.98    52.5 0.9   -86.0 0.8 19.76 20.29 19.05 
J2314+2333 2839397832801325952 348.52799  23.56152  14.54 0.08    32.8 0.1  -103.2 0.1 16.76 16.95 16.42 
J2314+0109 2657451056656635648 348.60797   1.16057  10.98 0.18   124.6 0.3   -46.9 0.3 17.76 17.90 17.54 
J2315-0340 2636996807485877248 348.81642  -3.66966  11.11 0.50   106.3 0.8    30.1 0.5 19.29 19.71 18.70 
J2315-0209 2638553754605793408 348.83091  -2.16051  33.63 0.06   591.9 0.1   177.9 0.1 16.24 16.45 15.88 
J2315-0529 2632243897891836160 348.83304  -5.48376  18.31 0.08   103.2 0.2   -80.5 0.1 16.48 16.74 16.04 
J2315+5339 1995565191542364672 348.94623  53.66036  10.82 0.22   -32.0 0.3   -62.3 0.3 18.54 18.79 18.18 
J2316+1349 2812412377185443840 349.04962  13.82647  10.09 0.85   107.5 0.9  -102.8 0.8 19.84 20.29 19.27 
J2316+1720 2818727009902345600 349.05358  17.34593  15.23 0.14   288.5 0.3   -19.4 0.2 17.82 18.32 17.14 
J2316-0938 2437933525811466112 349.12267  -9.64638  10.13 0.30    68.3 0.5   -96.1 0.4 18.74 18.80 18.44 
J2316+1712 2817973569559904640 349.19560  17.21006  13.09 0.22   -17.9 0.4  -107.7 0.2 18.40 18.61 18.02 
J2317+1830 2818957013992481280 349.36126  18.51271  26.45 0.50   -34.8 1.0  -452.5 0.5 19.38 19.95 18.68 
J2317+0846 2665842293176679808 349.39449   8.77820  10.81 0.86   247.2 1.1   -75.8 0.8 19.97 20.39 19.27 
J2318-1048 2413565565001399680 349.50339 -10.81368  10.56 0.47   154.9 1.0   -13.9 0.7 19.42 19.88 18.82 
J2318+2345 2839231634746334848 349.56207  23.75263  10.38 0.46   -14.1 0.9    -3.7 0.5 19.49 19.82 18.85 
J2318+2345 2839231634746334976 349.56348  23.75316  10.26 0.35   -17.3 0.7    -2.4 0.4 19.02 19.28 18.59 
J2318+3408 1911410083380807936 349.57261  34.14878  10.74 0.46   252.0 0.6    48.4 0.4 19.55 19.84 19.02 
J2318+5458 1996825098731349120 349.65961  54.97084  10.03 0.07    14.2 0.1  -104.9 0.1 16.84 16.78 16.82 
J2318+1236 2811321837744375936 349.68839  12.60070  24.87 0.08   106.0 0.1   -16.8 0.1 15.43 15.42 15.41 
J2318+2117 2837909055400871424 349.73556  21.29731  12.59 0.23     6.4 0.4    58.8 0.3 18.78 19.01 18.32 
J2319+1021 2762356594934263552 349.76608  10.35219  16.78 0.11    57.7 0.2  -132.0 0.1 17.01 17.10 16.81 
J2319-0336 2637042196700093056 349.80922  -3.60346  10.43 0.41   116.5 0.8   -33.2 0.6 19.23 19.51 18.62 
J2319-0229 2637741490390750080 349.89777  -2.48466  24.10 0.10    53.3 0.1  -230.9 0.1 16.96 17.39 16.33 
J2319+2728 2844933221011789952 349.90114  27.48283  12.60 0.08   -31.2 0.1  -106.0 0.1 16.29 16.28 16.28 
J2320+1945 2825325213544431360 350.03593  19.75139  16.85 0.26   297.4 0.4    21.4 0.3 18.79 19.06 18.33 
J2320+1258 2811363550466857344 350.13130  12.97088  11.06 0.10   198.4 0.1    38.2 0.1 16.30 16.27 16.36 
J2320+5325 1995699675562032768 350.21848  53.42581  22.56 0.09   154.9 0.1     5.0 0.1 17.11 17.22 16.76 
J2321+0102 2645295921252503424 350.31348   1.03558  16.22 0.32  -104.9 0.6  -249.2 0.5 18.87 19.08 18.36 
J2321+0102 2645295955612242688 350.31496   1.03908  15.90 0.36  -104.0 0.7  -251.2 0.5 19.03 19.46 18.29 
J2321+6925 2214973561500636544 350.32023  69.43156  16.02 0.08  -136.0 0.2    -8.0 0.1 17.48 17.59 17.23 
J2321+6926 2214973771957744128 350.32042  69.43953  16.05 0.04  -134.1 0.1    -8.8 0.1 14.75 14.62 14.91 
J2321+5511 1996831828951826176 350.38745  55.19426  13.59 0.12    15.2 0.2   144.9 0.1 17.62 17.78 17.31 
J2321+1057 2762779322795219584 350.41261  10.96304  12.49 0.33   -43.5 0.6    -6.8 0.4 18.66 18.78 18.39 
J2321+0940 2762071409106142080 350.42548   9.67351  13.91 0.42   164.3 0.7   119.1 0.5 19.28 19.80 18.55 
J2322+0946 2762076666146759040 350.50228   9.76905  13.71 0.27  -133.0 0.5  -131.4 0.3 18.58 18.90 18.07 
J2322+1147 2810974525213376000 350.67208  11.78446  10.02 0.44  -187.2 0.8  -131.7 0.5 19.44 19.80 18.93 
J2322+2802 2845059871007824768 350.72319  28.04935  12.03 0.10   163.6 0.2     5.6 0.1 17.24 17.33 17.05 
J2322+2107 2825857725062378624 350.74012  21.13319  21.86 0.16  -272.9 0.3  -231.3 0.2 17.93 18.32 17.37 
J2323+3508 1913048360003157504 350.87325  35.14589  22.62 0.08   259.1 0.1    14.8 0.1 17.11 17.33 16.73 
J2323+1856 2825024531473340416 350.88227  18.93589  10.60 0.22   -19.2 0.3   -66.6 0.2 18.44 18.63 18.09 
J2323+1135 2810953668852136064 350.89940  11.59189  12.85 0.28  -137.3 0.4  -115.9 0.3 18.55 18.75 18.15 
J2323+3415 1912118310604657408 350.90788  34.25733  15.72 0.04   -38.5 0.0   -19.7 0.0 14.81 14.69 14.97 
J2324+3330 1911871087990571008 351.01107  33.50221  13.22 0.23   105.5 0.4   -34.2 0.3 18.94 19.34 18.41 
J2324+7045 2227204052104933248 351.04386  70.76520  14.23 0.11   102.8 0.2    17.7 0.1 17.11 17.18 16.95 
J2324+2835 2869130517001766400 351.07841  28.59799  25.52 0.07   -44.9 0.1  -131.9 0.1 16.30 16.47 15.98 
J2324+0837 2761104629147542400 351.13417   8.62334  10.66 0.60   126.5 1.2   -75.4 0.6 19.58 19.82 18.97 
J2324+3014 2870129010998688512 351.18948  30.24465  11.90 0.11   171.1 0.2   -47.4 0.1 17.45 17.55 17.21 
J2325+2511 2841283151645302272 351.30186  25.18929  10.10 0.10    36.8 0.2   -32.0 0.1 17.15 17.17 16.91 
J2325+1403 2813020961166816512 351.33431  14.06149  42.34 0.13   341.2 0.2   114.2 0.1 15.82 16.30 15.20 
J2325-0936 2437760730687096192 351.47670  -9.60634  10.10 0.19    51.9 0.3   -24.3 0.3 17.76 17.87 17.52 
J2326+1600 2814629409239942272 351.52726  16.00486  29.50 0.05   -41.5 0.1  -115.6 0.1 15.08 15.07 14.98 
J2326-0457 2632899099449032576 351.72763  -4.96637  10.49 0.94   -19.0 1.9  -267.3 1.2 19.98 20.43 19.26 
J2326+4955 1943168617756289792 351.74109  49.92732  11.14 0.56     2.3 1.1   -31.3 1.1 20.19 20.61 19.41 
J2327-0159 2643629405222112256 351.77687  -1.99680  12.09 0.33    71.6 0.5   -26.4 0.4 18.85 19.14 18.28 
J2327+4922 1942951949545191168 351.84776  49.37963  10.84 0.30   196.6 0.4  -185.6 0.3 19.08 19.41 18.50 
J2327-0952 2436987189897259264 351.85749  -9.87867  14.38 0.24    43.7 0.3   -24.0 0.3 18.14 18.37 17.67 
J2327+0415 2659860636389069312 351.90869   4.25369  13.49 0.20   -44.9 0.5   -81.4 0.3 17.74 17.92 17.40 
J2327+2638 2841680934336159104 351.97989  26.63848  21.76 0.24   -85.2 0.3  -179.3 0.2 18.33 18.86 17.66 
J2327+2638 2841680934336158976 351.98050  26.63936  21.70 0.14   -72.1 0.2  -177.5 0.1 17.60 17.81 17.21 
J2328+2635 2841679456867414400 352.01156  26.59482  10.19 0.21  -118.8 0.3  -133.0 0.2 18.28 18.38 18.07 
J2328+7059 2227233773282607488 352.19111  70.99245  11.27 0.09    93.8 0.2     9.0 0.1 17.26 17.34 17.02 
J2328+1044 2762617557147396352 352.19392  10.74721  10.53 0.22   110.4 0.4  -144.4 0.2 18.20 18.37 17.83 
J2329+0047 2645449715440904960 352.30895   0.78577  14.62 0.21    73.8 0.4  -108.2 0.3 18.25 18.52 17.82 
J2330+0120 2645509810623287552 352.52425   1.34554  17.46 0.18   214.2 0.3  -143.6 0.2 17.72 17.88 17.31 
J2330+5121 1991357777161163904 352.67072  51.36411  19.07 0.04   160.3 0.1    69.1 0.0 15.08 14.98 15.12 
J2330+1752 2820929640930943488 352.73718  17.87732  18.52 0.22   -53.0 0.4  -179.4 0.3 18.59 19.08 17.91 
J2330+3350 2872720967925458560 352.74693  33.83938  12.03 0.37   171.9 0.4    81.8 0.3 19.09 19.45 18.54 
J2331+0924 2761401084970307712 352.82884   9.40412  21.66 0.24   143.7 0.5   -18.9 0.3 18.32 19.09 17.45 
J2331+3001 2869685285040721536 352.87313  30.02019  10.34 0.37   -16.2 0.6    12.3 0.4 19.18 19.39 18.73 
J2331+1653 2820519145136386688 352.93955  16.89139  10.85 0.43   -26.0 0.6  -114.9 0.5 19.34 19.66 18.79 
J2331+0558 2661252033994618496 352.95370   5.96798  10.74 0.53    23.3 1.0   -74.6 0.6 19.59 19.98 18.94 
J2332+2658 2865535629374939520 353.01682  26.97960  34.29 0.05   444.4 0.1    29.1 0.1 15.34 15.38 15.22 
J2332+3353 2872712618509070080 353.10765  33.89759  10.46 0.12   -34.2 0.1   -35.8 0.1 17.62 17.72 17.41 
J2332+0959 2761731595589115520 353.20507   9.99726  13.49 0.42   -73.0 1.0   -52.1 0.5 19.38 19.75 18.78 
J2333+6614 2210319539237234816 353.36272  66.24103  11.63 0.12   -20.2 0.2    64.5 0.2 17.89 17.94 17.62 
J2334+6206 2015603344284544768 353.62499  62.11375  21.50 0.12   -29.2 0.2    79.1 0.2 17.98 18.41 17.31 
J2334+7314 2228817825940263808 353.64504  73.23897  11.34 0.11   134.8 0.2     3.4 0.2 18.01 18.12 17.68 
J2335+1230 2764723912188128896 353.91242  12.51255  12.06 0.24  -106.5 0.6  -138.8 0.3 18.59 18.78 18.26 
J2335-0442 2633120655335891968 353.97375  -4.70446  17.68 0.07  -194.3 0.1  -133.6 0.1 15.75 15.78 15.68 
J2336+2415 2828248471361734528 354.06627  24.26099  12.66 0.33   -47.6 0.5   -23.0 0.4 19.21 19.54 18.65 
J2336+3252 2872373629627611520 354.07325  32.87396  17.22 0.17   153.0 0.2   -38.0 0.1 17.89 18.06 17.53 
J2336-0300 2639615638024336128 354.09654  -3.00403  22.26 0.19   -23.5 0.3  -154.4 0.2 18.00 18.36 17.41 
J2337-0936 2435696569404865536 354.43690  -9.60893  17.53 0.19    48.3 0.4   -28.6 0.3 17.73 17.95 17.28 
J2338+0638 2756685760634707584 354.50199   6.63933  11.34 0.38   -59.4 0.9   -83.3 0.4 18.64 18.78 18.24 
J2338+1805 2821159713738542848 354.60731  18.09985  12.65 0.42   102.1 0.7   -58.2 0.4 19.24 19.50 18.75 
J2338+3101 2871162547632415744 354.62377  31.03162  10.51 0.34   -22.7 0.3   -44.0 0.2 18.78 18.98 18.37 
J2338+0627 2756665763266917888 354.69602   6.45036  10.68 0.56     2.6 0.9   -22.3 0.5 18.92 19.10 18.42 
J2338+2101 2826254713186397440 354.73592  21.02251  25.36 0.13   273.4 0.2   176.2 0.1 17.70 18.13 17.06 
J2339+3426 2872974856329379968 354.77818  34.43352  11.20 0.23   204.6 0.3   -12.7 0.2 18.45 18.69 18.04 
J2339+4919 1943422948539962240 354.80161  49.33079  10.48 0.30    40.4 0.4   -57.4 0.3 19.18 19.40 18.72 
J2339-0424 2446993162322393088 354.82106  -4.40699  11.11 0.10    24.7 0.1   -32.2 0.1 16.18 16.07 16.25 
J2339+2843 2866228901519900544 354.98738  28.71809  13.01 0.31  -208.5 0.5   -76.6 0.3 18.86 19.14 18.31 
J2340+4357 1925701917774697344 355.19825  43.95768  13.49 0.10    56.2 0.1    21.7 0.1 17.23 17.31 17.03 
J2341+1214 2763917802663393920 355.29948  12.23768  12.64 0.28    82.9 0.5   -30.6 0.3 18.85 19.14 18.29 
J2341+0319 2647710311349589632 355.30854   3.33073  16.86 0.13   -13.8 0.2   -44.5 0.2 17.56 17.70 17.12 
J2342-1001 2435433202010203264 355.69057 -10.02295  20.31 0.22   -21.6 0.5   -89.5 0.3 18.28 18.78 17.63 
J2342+6413 2017135002642810112 355.70585  64.22881  12.02 0.06   -54.9 0.1   -18.8 0.1 16.35 16.32 16.39 
J2342-0638 2439718930832024960 355.72701  -6.63926  13.54 0.20  -114.2 0.5  -123.6 0.2 18.00 18.19 17.60 
J2342+0950 2760011096114471040 355.73800   9.84565  11.56 0.39    42.6 0.6    -6.7 0.4 18.75 18.96 18.36 
J2343+0837 2759588063311504768 355.85590   8.62316  17.46 0.14  -118.8 0.2  -190.4 0.1 17.29 17.48 16.91 
J2343+3232 2871730307948650368 355.96024  32.54606  53.70 0.09  -215.8 0.2   -59.7 0.1 12.99 12.97 13.02 
J2343+4725 1939308236730745472 355.96296  47.42998  19.19 0.13   303.8 0.2   -18.1 0.2 17.97 18.30 17.42 
J2344+1429 2771071908211662464 356.02336  14.48955  11.93 0.34    67.9 0.7   -75.5 0.4 19.25 19.73 18.66 
J2344+5859 1999411936053433856 356.11465  58.98469  13.93 0.16   179.2 0.3    63.3 0.2 18.38 18.61 17.92 
J2344+2924 2867729563092848512 356.15614  29.41387  10.59 0.47    98.6 0.6    51.6 0.4 19.65 20.01 19.07 
J2345+3410 2878163172526469376 356.43595  34.18115  17.58 0.16    40.0 0.2    83.8 0.2 18.05 18.41 17.53 
J2346+3827 1919266093961824128 356.55282  38.45732  15.27 0.29   186.7 0.3  -145.6 0.2 18.89 19.31 18.23 
J2346+2200 2826770319713589888 356.64091  22.01202  11.27 0.09   127.4 0.2    42.0 0.1 16.47 16.48 16.45 
J2346+2913 2867052199506324736 356.69478  29.22038  10.94 0.13    21.3 0.1   -35.6 0.1 17.39 17.47 17.18 
J2346+2728 2865060636057386112 356.69637  27.47984  11.41 0.28   105.7 0.5     4.1 0.3 18.52 18.74 18.06 
J2347+1312 2770050431846042624 356.75888  13.21448  17.19 0.17   285.2 0.3    19.7 0.2 18.00 18.33 17.50 
J2347+0304 2742789930821144320 356.89712   3.07652  39.74 0.08   169.8 0.2   231.5 0.1 16.58 17.08 15.95 
J2347+0656 2744932943406490112 356.91443   6.94535  10.64 0.52   -52.2 0.9    32.3 0.4 19.29 19.48 18.80 
J2347+0246 2742718080312489088 356.99928   2.77821  12.54 0.41    21.3 0.7   -82.1 0.4 19.23 19.70 18.45 
J2348+4102 1921293254101835776 357.02358  41.03792  17.46 0.07     9.1 0.1    36.4 0.1 14.68 14.57 14.83 
J2348+4134 1921344205298938112 357.10113  41.58316  12.68 0.26   335.7 0.4     7.1 0.3 18.95 19.58 18.20 
J2348+3112 2868367245477025920 357.11737  31.21393  13.50 0.42   -35.8 0.6   -21.5 0.4 19.70 20.18 18.87 
J2348+4300 1922778419431649280 357.24227  43.01000  18.93 0.15   167.3 0.2  -247.3 0.1 17.87 18.40 17.18 
J2349+1423 2770647462363429376 357.33264  14.39512  15.00 0.24    74.1 0.4  -150.4 0.2 18.51 18.86 18.03 
J2349-0338 2447374070086854528 357.33792  -3.63335  12.79 0.37    10.4 0.7   -44.3 0.4 18.99 19.26 18.38 
J2349+0907 2758938385082121216 357.34116   9.12072  11.59 0.14    33.9 0.4    -6.4 0.1 17.64 17.57 17.72 
J2349+2131 2823677664085658752 357.36349  21.51672  11.33 0.50   -52.5 1.1    14.6 0.5 19.68 20.16 18.96 
J2349-0124 2641576685735609472 357.44867  -1.41506  15.39 0.43   470.6 0.8  -324.3 0.4 19.07 19.55 18.32 
J2349+2933 2867032958053059200 357.47901  29.56562  47.74 0.05   -54.9 0.1  -501.6 0.0 15.59 15.90 15.10 
J2350-0419 2447183820215313024 357.52713  -4.32250  14.19 0.32    50.4 0.6  -143.3 0.5 18.78 19.11 18.25 
J2350-0751 2436346208978391936 357.63488  -7.86628  13.84 0.48   -22.9 0.7  -137.6 0.6 19.19 19.54 18.64 
J2350-0846 2436043980719301504 357.67807  -8.77249  16.28 0.29   214.8 0.5  -137.8 0.3 18.64 18.99 18.09 
J2350+3307 2874829247112790528 357.71320  33.13193  12.22 0.50   134.4 1.0  -199.1 0.5 19.77 20.22 19.01 
J2351+4103 1921255247935490944 357.76378  41.05490  10.07 0.41     5.6 0.4   -10.8 0.3 18.90 18.97 18.60 
J2351+5839 1999250788878655360 357.89894  58.65390  13.70 0.16    98.9 0.2    -4.6 0.2 18.39 18.70 17.92 
J2352-0336 2447341604429683200 358.00043  -3.61492  10.80 0.07    65.8 0.1    20.0 0.1 15.61 15.50 15.75 
J2352+0212 2739624711723101312 358.01180   2.20190  11.16 0.48   -17.1 0.8    37.8 0.5 19.48 19.95 18.86 
J2352-0253 2448933731627261824 358.13575  -2.88537  33.07 0.14   637.8 0.2   285.1 0.1 17.00 17.00 16.90 
J2352+0930 2759340943776878720 358.15025   9.51046  12.32 0.24   137.0 0.5  -130.2 0.2 18.48 18.88 17.90 
J2353+0707 2746394056920864256 358.26214   7.11978  10.51 0.26    24.3 0.5    11.1 0.2 18.46 18.69 18.06 
J2353+0756 2746592591785639680 358.29775   7.94774  19.70 0.13   215.7 0.2   -58.6 0.1 17.39 17.57 17.04 
J2353+2928 2867203584218146944 358.32628  29.46913  11.53 0.10    44.4 0.1   -13.5 0.1 17.07 17.08 17.04 
J2354+0850 2759049470116155520 358.54658   8.84581  10.33 0.66   101.2 1.2    32.4 0.5 19.96 20.51 19.29 
J2354+0548 2743812644136889600 358.62992   5.81542  11.63 0.37    90.4 0.6  -198.8 0.3 18.37 18.63 17.92 
J2354+3132 2874425180884785920 358.67769  31.54862  10.82 0.42   128.6 1.0   -94.1 0.4 19.59 20.17 18.94 
J2355+3602 2878797526311723776 358.81774  36.04814  14.51 0.10  -176.0 0.1   -38.6 0.1 16.96 17.03 16.78 
J2355+2314 2848334010475644288 358.82398  23.24058  14.74 0.09   143.1 0.2    33.3 0.1 16.69 16.68 16.59 
J2355-1916 2389966854309408512 358.94889 -19.27342  14.78 0.09   155.8 0.1    12.5 0.1 16.72 16.79 16.54 
J2355+3800 2881240087097750528 358.98904  38.00253  12.08 0.13   -14.9 0.1   -14.5 0.1 17.38 17.46 17.18 
J2356+3743 2881215970856879616 359.11900  37.73296  12.96 0.08    42.2 0.1   -49.6 0.1 16.28 16.20 16.28 
J2356+1125 2766386648647246080 359.12073  11.42779  10.01 0.28   115.4 0.5   -23.0 0.2 18.86 19.07 18.42 
J2356+1143 2766498012855959424 359.15596  11.72664  12.83 0.07   150.3 0.2   198.7 0.1 16.35 16.35 16.36 
J2356+1945 2822335370842658304 359.16062  19.76450  12.46 0.08   122.9 0.1   -71.3 0.1 15.99 15.95 16.05 
J2356+0537 2745244002118134400 359.16925   5.62000  12.29 0.21   206.2 0.5    72.0 0.2 18.20 18.44 17.77 
J2357+5057 1944042802521121024 359.30808  50.95503  15.33 0.20   332.9 0.3    70.4 0.2 18.54 18.85 18.04 
J2357+2747 2854432108121022464 359.42241  27.79054  12.39 0.29    15.0 0.4  -103.4 0.2 18.68 19.02 18.22 
J2357+1949 2822330113802737408 359.46219  19.81944  24.92 0.12   176.8 0.2   262.6 0.1 17.08 17.38 16.61 
J2357+2602 2853372247632375040 359.49684  26.04870  13.00 0.11   228.7 0.2    13.0 0.1 17.32 17.44 17.08 
J2358+3556 2878572534449316096 359.64968  35.94771  15.77 0.28     3.4 0.3   -30.2 0.2 18.80 19.30 18.11 
J2358+1358 2767419850275077504 359.66479  13.97716  12.14 0.87    94.3 1.4     0.9 0.4 19.85 20.39 19.15 
J2358+3533 2878546249251932928 359.68548  35.56402  16.30 0.22  -128.9 0.3  -217.4 0.2 18.73 19.07 18.24 
J2358+0304 2739975142397573120 359.69771   3.06909  11.83 0.66    39.7 1.1  -123.2 0.5 19.61 20.01 18.92 
J2358+2553 2853360530961651584 359.73029  25.89836  13.15 0.39     3.9 0.5    40.2 0.3 19.46 19.91 18.77 
J2359-0740 2441483303397892608 359.93233  -7.67764  10.66 0.16   -51.3 0.2   -90.5 0.2 16.89 16.87 16.85 
J2359+2733 2854727528856212992 359.98234  27.55491  12.56 0.52   -75.7 0.7  -130.4 0.3 19.43 19.88 18.73 