WDJ_Name,DR3_source_id,parallax,parallax_error,ra,ra_error,dec,dec_error,absG,bp_rp,SpT,comp,gaia_teff,gaia_teff_err,gaia_logg,gaia_logg_err,gaia_mass,gaia_mass_err,corrected_teff,corrected_mass,corrected_age,bibcode,comment
WDJ000210.72-430955.39,4994877094997259264,120.01426997667465,0.021522488,0.5484242194982256,0.014965798,-43.168439618,0.013544389,13.29135244,0.30948067,DA,H,8428,69,8.354,.017,.821,.011,8428,0.821,1.79,2011ApJ...743..138G,
WDJ000222.65+635744.14,431635455820288128,38.0576410247483,0.058539525,0.6036631273956624,0.04404724,63.962743077,0.048516396,14.91163933,1.1513519,DC,H,4879,38,7.939,.032,.542,.019,5011,0.636,7.01,2013AJ....145..136L,
WDJ000240.09-341339.59,2312821266302222720,67.52906109014079,0.028565476,0.6678798143455957,0.019956531,-34.23105221,0.020090068,14.02815556,0.62922,DC,He,6332,39,8.143,.017,.662,.011,6332,0.662,2.86,2001MNRAS.328..203S,
WDJ000331.63-164358.41,2414888694102153088,26.257755966715187,0.029099617,0.8829245135319762,0.023594236,-16.732887719,0.01800298,11.70571804,-0.06718922,DBA,He,12759,169,8.046,.024,.613,.015,12759,0.613,0.36,2018ApJ...857...56R,
WDJ000506.82+731309.38,537563127588521600,28.982473108704607,0.021286916,1.2813158032238048,0.018194396,73.219815783,0.01856938,11.58332721,-0.1062994,DBZA,He,13700,192,8.073,.024,.631,.014,13700,0.631,0.31,2019ApJ...885...74C,
WDJ000720.55+123021.16,2766234439302571904,57.277001750668994,0.058457207,1.8372377091198708,0.049003586,12.504845484,0.04280521,15.04708238,1.0153313,DCP,H,5223,35,8.274,.022,.758,.015,5285,0.813,7.83,2020A&A...643A.134B,
WDJ000728.90+340339.69,2875903332533220992,29.39643690843301,0.08408872,1.8705300750626102,0.059016228,34.061911026,0.041367214,14.58144047,0.8236561,DC,He,5646,55,8.189,.033,.690,.022,5666,0.705,5.26,2019ApJ...878...63B,
WDJ000754.11+394732.18,383108338321272448,29.100410006901214,0.057270415,1.977553340129352,0.038781334,39.791931936,0.029635338,13.88580454,1.2318163,DC,H,4679,27,6.932,.037,.170,.009,5106,0.287,1.78,2015ApJS..219...19L,Double degenerate candidate
WDJ001122.46+424040.92,384636109728592768,42.676567081763835,0.029079674,2.843289573717145,0.019939901,42.677025069,0.015081563,13.37113639,0.5064955,DA,H,7079,48,7.990,.019,.586,.011,7079,0.586,1.50,2015ApJS..219...19L,
WDJ001214.75+502520.74,395234439752169344,91.96457630276807,0.018302355,3.0582193135460027,0.011451377,50.419974933,0.011166868,14.05443087,0.62923145,DA,H,6483,34,8.237,.014,.740,.009,6483,0.740,3.23,2023MNRAS.520.6111H,
WDJ001324.45+543757.64,420531621029108608,30.976599032214992,0.11511801,3.357850446110235,0.07798965,54.635346221,0.07729477,15.45191867,1.4482307,DC,H,4123,85,7.776,.056,.459,.022,4348,0.631,9.44,2020MNRAS.497..130T,
WDJ001333.22-021319.42,2541549062071571968,25.75842616360543,0.1343942,3.388999601808324,0.115921676,-2.222764443,0.09408428,15.13200462,1.3502731,DC,H,4450,81,7.788,.060,.466,.025,4652,0.608,8.11,2020MNRAS.497..130T,
WDJ001339.15+001924.58,2545505281002947200,25.002390155721077,0.041161615,3.415000986441503,0.03852665,.322678493,0.025415258,12.32627664,0.19382,DA,H,9529,94,7.990,.025,.593,.015,9529,0.593,0.71,2015ApJS..219...19L,
WDJ001347.48-393724.28,4996458845552956928,27.90288828973255,0.11126544,3.4465745563672914,0.08255959,-39.626633041,0.062289212,15.1052658,1.2977295,DC,H,4542,61,7.824,.046,.476,.020,4732,0.608,7.82,2005ApJ...625..838B,
WDJ001349.89-714954.26,4689789625044431616,53.20518497550886,0.0193993,3.4612028621199697,0.01694269,-71.832838826,0.017565913,13.66303179,0.6718788,DAH,H,6275,33,7.874,.016,.516,.009,6275,0.516,1.73,2019A&A...628A...1L,
WDJ001412.79-131101.09,2418116963320446720,53.880866147529254,0.038864173,3.550804206824608,0.033984873,-13.186812817,0.025136456,14.41591784,0.7936468,DAH,H,5871,34,8.212,.017,.721,.011,5869,0.719,4.15,1997ApJS..112..527P,
WDJ001830.36-350144.71,2309122753616241280,28.049074886070553,0.058522884,4.627732498535426,0.041352358,-35.029179201,0.046871483,13.49025871,0.5195198,DAH,H,7008,64,8.048,.026,.621,.016,7008,0.621,1.68,2023MNRAS.518.3055O,
WDJ002116.21+253134.45,2855386170682263424,35.570097016990886,0.050932605,5.317799476419936,0.044227686,25.526273708,0.025962314,13.22974825,0.20468616,DA,H,9630,297,8.567,.059,.962,.037,9630,0.962,1.98,2020MNRAS.497..130T,
WDJ002147.30+264036.16,2855790657816672000,30.42810640951544,0.09171181,5.446718736950243,0.07204261,26.675311242,0.05374351,14.88156963,1.1212711,DC,H,4991,55,7.999,.044,.579,.027,5101,0.660,6.90,2015ApJS..219...19L,
WDJ002215.19+423642.15,385105360675267840,28.989923340265765,0.053261127,5.562166275795596,0.037115812,42.610504359,0.02544346,13.68227933,0.8458538,DC,He,5625,30,7.579,.020,.388,.008,5665,0.405,2.08,1997ApJS..112..527P ,Double degenerate candidate
WDJ002450.37+683446.85,529594417061837824,27.757534144660745,0.07246258,6.214864903552353,0.059630405,68.579783061,0.055250555,14.68405941,0.86151314,DC,He,5644,73,8.251,.041,.732,.028,5663,0.747,5.65,2020MNRAS.497..130T,
WDJ002640.74-552444.12,4920057871348614272,41.57229212565184,0.024641313,6.667393085711431,0.016688896,-55.414268678,0.019412639,13.25716185,0.15869331,DA,H,9935,99,8.649,.018,1.013,.011,9935,1.013,2.12,2011ApJ...743..138G,
WDJ002702.93+055433.40,2747384888699406080,27.05671447191263,0.15803143,6.761796522607595,0.13567491,5.907399733,0.09729188,15.17650229,1.0805111,DC,He,5046,89,8.249,.065,.729,.044,5124,0.800,7.32,2020MNRAS.497..130T,IR-faint white dwarf with collision-induced absorption in the infrared. Multiple solutions for Gaia stellar parameters
WDJ002736.63+054203.13,2555215995900584448,46.118299277557526,0.047717348,6.903825079067502,0.04618759,5.699694118,0.027355764,14.28531142,0.8867035,DA,H,5572,33,7.957,.021,.560,.012,5607,0.581,2.85,2017AJ....154...32S,
WDJ002949.72-544133.01,4920160332088386304,25.885067221156692,0.03570617,7.454836835151149,0.024287688,-54.693403803,0.028612813,13.12106149,0.656147,DA,H,7253,145,7.860,.057,.513,.031,7253,0.513,1.19,1994AAS...184.2809O,
WDJ003036.62-685458.25,4703464251158954496,25.45945540980334,0.040829152,7.651130320862246,0.034495804,-68.916537498,0.03379708,12.76015255,0.46875286,DA,H,8785,228,8.089,.064,.651,.040,8785,0.651,1.00,2023MNRAS.518.3055O,
WDJ003047.74+034657.93,2553935752048977792,35.997256309020244,0.04843781,7.699790352270129,0.04335194,3.783879361,0.030260282,13.873165,0.6159487,DC,He,6418,47,8.066,.022,.614,.014,6418,0.614,2.28,2020MNRAS.497..130T,
WDJ003209.86-025401.65,2528728726428345216,42.48814029561751,0.08286962,8.043925841546262,0.069137536,-2.899783606,0.048760824,15.14830461,1.3120289,DC,H,4496,37,7.820,.024,.473,.008,4691,0.610,8.00,2001ApJS..133..413B,
WDJ003325.28+250613.99,2807462655009880320,26.105468520955217,0.06589643,8.357698108601639,0.05465487,25.104527005,0.036959536,13.89257146,0.6951351,DA,H,6237,49,8.013,.026,.597,.015,6237,0.597,2.16,2015ApJS..219...19L,
WDJ003517.51-171851.57,2364319061964016512,29.94926650561679,0.028480139,8.825832679903346,0.022775507,-17.314343927,0.022403939,12.30437695,0.1803999,DAZ,H,9659,83,8.009,.021,.605,.013,9659,0.605,0.70,2003ApJ...596..477Z,
WDJ003535.84+015308.62,2544456862306151680,31.408605946484506,0.041355424,8.898681967597048,0.03585511,1.884115354,0.023172665,13.1010823,0.09651947,DA,H,10805,129,8.693,.020,1.040,.012,10805,1.040,1.82,2015ApJS..219...19L,
WDJ003614.41-415726.12,4993117773313626496,38.78760267513124,0.044637542,9.064129014855997,0.03076403,-41.958625718,0.031604722,14.34641869,0.82598114,DA,H,5743,33,8.105,.019,.651,.012,5754,0.658,3.57,2000A&A...353..958S,
WDJ003622.31-595527.55,4906743988126708992,43.618785396007375,0.018871129,9.095197453410867,0.015047213,-59.923768762,0.01578705,12.34755084,-0.10379505,DA,H,14378,215,8.603,.012,.990,.007,14378,0.990,0.62,2017ApJ...848...11B,
WDJ003713.77-281449.81,2319052851148048256,26.497874206365157,0.10285412,9.307774339708194,0.07717171,-28.247375087,0.060900744,14.73306317,0.92575264,DC:,He,5339,63,8.129,.044,.651,.028,5396,0.694,6.00,2023MNRAS.518.3055O,
WDJ004056.17-080908.56,2522401586766106624,26.71383397198628,0.093705244,10.234611541271125,0.0766999,-8.154112009,0.049624994,14.34857811,0.7341404,DAP,H,6080,67,8.264,.034,.756,.022,6080,0.756,4.17,2012MNRAS.425.1394K,
WDJ004122.04+555008.35,418491412783587200,43.65935569250702,0.021755258,10.34434410441941,0.012263701,55.83534173,0.014902345,12.19842161,0.06332302,DQ,He,10487,112,8.019,.023,.592,.014,10487,0.592,0.59,2015ApJS..219...19L,
WDJ004126.03-222102.29,2349916559152267008,109.92764165734953,0.02020457,10.356219925370175,0.014851349,-22.352333543,0.010992236,14.50271755,0.91118336,DQpec,He,5368,21,7.990,.014,.563,.009,5430,0.603,4.88,2009AJ....138.1681S,
WDJ004126.61-503258.58,4926464691244602752,31.838248401609455,0.086275816,10.361189667378039,0.05374553,-50.55121291,0.059157096,15.28983883,1.4689465,DC,H,4177,59,7.702,.044,.426,.019,4415,0.594,8.65,2023MNRAS.518.3055O,
WDJ004345.98-100025.02,2377863773908424448,32.12258599900451,0.042391665,10.94092868857244,0.029497655,-10.007548352,0.017187987,12.0676645,-0.27223682,DBAH,He,21334,835,8.893,.032,1.140,.016,21334,1.140,0.35,1992ApJ...396..273A,
WDJ004434.77-114836.05,2377344185944929152,27.082269456854252,0.09925583,11.145304818254537,0.07470905,-11.810744678,0.04806084,14.56536627,0.9947052,DZ,He,5296,81,8.050,.055,.614,.034,5362,0.662,5.78,2023MNRAS.518.3055O,
WDJ004506.34-060819.60,2523840155996531456,33.02656377426889,0.12418174,11.276906382598286,0.10266397,-6.141823276,0.06431907,15.56607495,1.1669083,DC,H,4847,66,8.378,.045,.827,.031,4938,0.925,9.79,2005ApJ...625..838B,
WDJ004519.60-332929.01,5006232026455470848,30.453606691329536,0.18316293,11.341388564246584,0.13079718,-33.497993182,0.1330653,16.02593367,1.50527,DC,H,4015,163,8.151,.107,.673,.070,4176,0.852,11.28,2005ApJ...625..838B,
WDJ004909.90+052318.99,2552928187080872832,231.7799995322092,0.018272836,12.296740250462333,0.016580552,5.376556608,0.008281123,14.12454279,0.5975876,DZ,He,6455,34,8.336,.013,.805,.008,6455,0.805,3.92,1993PASP..105..761W,
WDJ005110.87-202756.24,2356519298275043200,37.15203643080492,0.07299633,12.797965963165797,0.06257491,-20.467538464,0.044128895,14.84213912,1.1551971,DA,H,4881,35,7.893,.030,.516,.017,5019,0.610,6.46,1997ApJS..108..339B,
WDJ005311.22-501322.87,4925740628477887232,28.722002189650667,0.061008543,13.297227906835914,0.038752053,-50.223598159,0.045894,14.46697855,0.84498024,DC,He,5573,56,8.075,.034,.617,.022,5604,0.638,4.71,2023MNRAS.518.3055O,
WDJ005411.42-394041.53,4987578158855872384,37.342951528943914,0.04713559,13.548372174052117,0.031349897,-39.678228748,0.021054123,14.1691162,0.67819405,DA,H,6264,36,8.232,.017,.736,.011,6264,0.736,3.56,2023MNRAS.518.3055O,
WDJ005445.95+225610.59,2803596046661176576,27.375415907349947,0.05978384,13.693638031099955,0.048601672,22.935689877,0.039052427,13.32937263,0.19097137,DA,H,9654,146,8.627,.030,.999,.018,9654,0.999,2.21,2015ApJS..219...19L,
WDJ005503.58+101005.56,2582335342824976768,37.63191922903308,0.05042863,13.765050041326814,0.041208282,10.167997235,0.027624648,13.91132984,0.68980503,DA,H,6230,38,8.032,.019,.608,.012,6230,0.608,2.24,2020MNRAS.497..130T,
WDJ005550.34-112731.50,2472557872820632320,44.55728647476506,0.032979853,13.959371851133993,0.026437938,-11.456806305,0.019696193,13.38248967,0.53005695,DA,H,6952,46,7.950,.019,.562,.011,6952,0.562,1.48,2011ApJ...743..138G,
WDJ005558.30+594802.53,426122397136335872,43.77453946976722,0.050771616,13.996912620479067,0.034136206,59.800451653,0.04139612,15.01204493,1.2447968,DC,H,4645,24,7.837,.022,.483,.012,4821,0.604,7.39,2019ApJ...878...63B,
WDJ010338.56-052251.96,2524879812959998592,34.42280678841111,0.102508575,15.910992808406622,0.08847856,-5.380392038,0.059385948,15.0272264,0.22682571,DAH:,H,9375,285,9.388,.045,1.327,.014,9375,1.327,,2020MNRAS.497..130T,
WDJ010349.92+050430.57,2552121179905893888,45.41923058886876,0.08600779,15.959464909337223,0.0695395,5.076187372,0.050989322,12.22387486,0.35705185,DA,H,8064,59,7.538,.020,.388,.007,8064,0.388,0.68,2015ApJS..219...19L,Double degenerate from 2020A&A...638A.131N (ESO SPY)
WDJ010416.07-035025.39,2531326283993100416,28.098735201370932,0.123552494,16.068647889833105,0.103125475,-3.840718979,0.08310167,15.02347086,0.987772,DA,H,5369,80,8.345,.049,.807,.033,5413,0.847,7.44,2020MNRAS.497..130T,
WDJ010456.47+211958.87,2790494815860044544,30.658316819250558,0.11005897,16.23429528250566,0.09453979,21.331106241,0.07538901,15.13384454,1.0048466,DA,H,5287,74,8.369,.046,.822,.031,5338,0.871,8.05,2015ApJS..219...19L,
WDJ010457.96+212017.54,2790494850219788160,30.80437025180992,0.11375288,16.240488208977617,0.09775115,21.336257946,0.07684265,15.24188967,1.2513084,DC,H,4721,95,8.071,.074,.623,.047,4853,0.735,9.12,2015ApJS..219...19L,
WDJ011044.68+275815.74,307323228064848512,26.312182346241652,0.08207973,17.685426496883654,0.060211167,27.970345458,0.04871057,13.25471435,0.9566994,DAZ,H,6284,437,7.584,.188,.396,.068,6284,0.396,1.30,2006ApJ...643..402K,Double degenerate candidate
WDJ011103.67-722741.26,4687445500635789184,34.7829314436035,0.073872335,17.769303324645957,0.07395175,-72.462218346,0.06210659,15.3344329,1.2226791,DC,H,4158,134,7.718,.087,.432,.034,4406,0.582,8.43,This work,
WDJ011504.60-013316.32,2533575369771883648,29.413692909630164,0.09624577,18.7720107809487,0.0804247,-1.554429285,0.06768196,14.72129577,1.0138416,DA,H,5218,54,8.047,.041,.610,.025,5295,0.666,5.71,1997ApJS..108..339B,
WDJ011800.08+161020.56,2591754107321120896,59.66056792053775,0.019499337,19.500233481464097,0.015854698,16.169486587,0.01280488,12.66117292,0.15732002,DQ,He,9278,86,8.078,.021,.626,.013,9278,0.626,0.89,2005ApJ...627..404D,
WDJ011932.09-141526.77,2456160271800004096,39.366892321560314,0.07252064,19.882964770329576,0.051519435,-14.260033961,0.037620936,14.68632266,1.1137829,DA,H,4966,29,7.837,.026,.485,.014,5100,0.569,5.00,2001ApJS..133..413B,
WDJ012137.80+344042.98,320029150076023808,25.780560205379043,0.06641323,20.406727024227834,0.05128465,34.678637086,0.048098043,13.66819775,0.4443035,DZ,He,7064,104,8.323,.034,.799,.022,7064,0.799,3.09,2015ApJS..219...19L,
WDJ012403.99-424038.43,4983839647522981504,54.19819233573951,0.021207413,21.01841356195337,0.012560086,-42.679671194,0.014919686,13.36215901,0.7197161,DAH,H,6080,29,7.583,.014,.395,.005,6080,0.395,1.41,2007AJ....134..252S,Double degenerate candidate
WDJ012421.57+402358.09,372111985092019840,36.9736631735873,0.065281175,21.093914040878133,0.05286498,40.398900883,0.05077979,14.7468564,1.0098419,DA,H,5256,42,8.086,.029,.635,.019,5325,0.687,5.89,2015ApJS..219...19L,
WDJ012518.05-454531.05,4934162784467241472,46.221211927289175,0.038750824,21.32844218641158,0.023493126,-45.761121908,0.026685607,14.46249364,0.8086271,DA,H,5804,31,8.217,.016,.724,.011,5808,0.727,4.41,2017AJ....154...32S,
WDJ012524.47-260044.45,5037084872486444928,60.35779337436104,0.025622379,21.353109751656604,0.018525556,-26.014678368,0.015053582,13.86374177,0.45787907,DC,He,6941,39,8.227,.018,.718,.012,6941,0.718,2.56,1992AJ....103..267B,
WDJ012833.83+135122.04,2587268134239449728,26.57064810532068,0.024198426,22.14105345017056,0.020399742,13.85589113,0.014824025,11.44555174,-0.0688076,DA,H,13096,182,7.918,.016,.562,.009,13096,0.562,0.27,2008AJ....135..564B,
WDJ012923.99+510846.97,406775841506041344,26.064883309467728,0.034437794,22.350210306133366,0.021522272,51.145887926,0.023191959,10.61549092,-0.3054018,DA,H,22090,454,7.997,.026,.627,.014,22090,0.627,0.04,2018A&A...619A..31S,
WDJ012924.26+102301.34,2585189473147457408,34.174889651065236,0.024873955,22.35044973553913,0.022613436,10.381992921,0.014053339,12.0231226,0.29881477,DA,H,8516,64,7.536,.018,.390,.006,8516,0.390,0.60,2015ApJS..219...19L,Double degenerate candidate
WDJ012953.18-322425.86,5016473702391268096,26.10497929305536,0.054795265,22.472779767157768,0.03638673,-32.407911306,0.033407953,13.73346177,0.5774536,DA,H,6721,52,8.113,.023,.660,.014,6721,0.660,2.09,2023MNRAS.518.3055O,
WDJ013055.01+441423.29,396963005168870528,26.197473023941715,0.10476827,22.72994611259079,0.087185,44.240186816,0.08133415,14.86562101,1.1328812,DZA,H,4964,65,7.968,.054,.560,.032,5081,0.644,6.74,2020MNRAS.497..130T,
WDJ013246.67+460458.78,398672715686799488,25.838179278139194,0.029590104,23.19309921577997,0.023849148,46.082989551,0.022088373,12.06613154,0.110051155,DA,H,10473,99,8.018,.020,.612,.012,10473,0.612,0.58,2015ApJS..219...19L,
WDJ013538.69-543528.10,4912620293662031104,25.825239359977157,0.08643245,23.916462354020357,0.06704466,-54.59069779,0.07271854,15.12506778,1.269556,DC,H,4628,76,7.909,.065,.524,.038,4793,0.647,8.23,2005ApJ...625..838B,
WDJ013613.62-112032.63,2457759374023232768,30.537043174855857,0.025124414,24.05882062824192,0.021384057,-11.342915255,0.014459115,11.63408692,-0.0047359467,DA,H,11834,131,7.937,.017,.569,.009,11834,0.569,0.37,2011ApJ...743..138G,
WDJ013705.08-020738.75,2484544095751034496,27.986138794894188,0.05624181,24.27089696369475,0.048248857,-2.127463611,0.032779764,13.74070592,0.46883392,DA,H,7311,69,8.320,.024,.796,.016,7311,0.796,2.67,2020MNRAS.497..130T,
WDJ013759.39-045944.67,2480523216087975040,79.24319645098669,0.018644404,24.500065421632854,0.015386714,-4.997298039,0.010971936,12.23915893,0.49288273,DA,H,7127,45,7.231,.016,.283,.004,7127,0.283,0.70,1989ApJ...345L..91B,Double degenerate from 2020A&A...638A.131N (ESO SPY)
WDJ013832.02-195446.58,5139880551029408768,41.02282502194559,0.03140379,24.634396282969842,0.02166039,-19.912219232,0.017639551,13.59330482,0.3149023,DA,H,8431,85,8.526,.020,.934,.013,8431,0.934,2.67,2001A&A...378..556K,Double degenerate from 2020A&A...638A.131N (ESO SPY)
WDJ013843.16-832532.89,4617960488907213184,31.923134517016067,0.028039739,24.67511729400346,0.026603952,-83.425922321,0.026124412,13.21428764,0.41867065,DA,H,7631,63,8.071,.022,.637,.013,7631,0.637,1.40,2023MNRAS.518.3055O,
WDJ013856.87+152742.39,2589304876450784128,44.08941717250549,0.028865863,24.736814593222338,0.02373548,15.461345495,0.020740265,13.07016779,0.38471794,DA,H,7874,66,8.048,.021,.623,.013,7874,0.623,1.24,2015ApJS..219...19L,
WDJ013914.39-334903.32,5012346101380568832,25.258166575023008,0.06856203,24.813065432695378,0.045584295,-33.817687215,0.03667915,14.08052512,0.5747719,DA,H,6742,60,8.349,.024,.814,.016,6742,0.814,3.62,2005ApJ...625..838B,
WDJ014128.80+833458.83,572487740053132288,36.89573867932218,0.023812106,25.365225635194538,0.021287108,83.583385577,0.020523844,10.95821705,-0.2501564,DA,H,19004,368,8.046,.023,.648,.014,19004,0.648,0.09,2015ApJS..219...19L,
WDJ014258.08+073045.39,2568588664341691520,25.124104795696304,0.10432589,25.74226476633514,0.09102606,7.512713727,0.0774412,14.39688798,0.8958225,DA,H,5553,71,8.025,.048,.600,.029,5588,0.623,3.46,2020MNRAS.497..130T,
WDJ014300.98-671830.35,4698424845771339520,102.90778143705751,0.01108138,25.75030396963025,0.010806723,-67.312958158,0.009853145,13.75879908,0.6537342,DAZ,H,6350,32,7.981,.015,.578,.009,6350,0.578,1.96,2017AJ....154...32S,
WDJ014511.23+313243.56,303637562009656704,27.30902701289611,0.16177794,26.298410242466307,0.12730567,31.544781129,0.12529846,11.92623414,0.25138855,DA,H,8965,74,7.586,.026,.409,.009,8965,0.409,0.54,2015ApJS..219...19L,Double degenerate candidate
WDJ014641.31+215448.38,98092934167683072,37.71581876685573,0.030828858,26.67130104439892,0.028179096,21.912874456,0.023039693,12.9182267,0.23574257,DA,H,9165,91,8.293,.022,.782,.014,9165,0.782,1.23,2015ApJS..219...19L,
WDJ014743.94-271136.93,5025127443016406144,28.287697097026296,0.049200717,26.932543416338802,0.03477343,-27.194871758,0.027086686,13.53641096,0.56824493,DA,H,6764,50,7.988,.022,.584,.013,6764,0.584,1.68,2012MNRAS.425.1394K,
WDJ014754.82+233943.60,291057843317534464,33.98067208672025,0.024921326,26.97838185952718,0.022680793,23.661677763,0.019056208,11.68529982,-0.05842781,DAZ,H,12990,191,8.082,.014,.657,.009,12990,0.657,0.36,2020ApJ...905...56M,
WDJ014840.45+361530.98,318528007466920192,28.4161821479104,0.07630284,27.168507334793894,0.05904546,36.257579043,0.05176614,14.02648464,0.73114204,DA,H,6105,61,8.048,.032,.617,.020,6105,0.617,2.44,2015ApJS..219...19L,
WDJ015038.47-720716.54,4686800224727589248,31.529255729514464,0.035032243,27.65697882502686,0.034455873,-72.122297713,0.030320387,13.7263066,0.53051376,DC,He,6838,62,8.132,.025,.656,.016,6838,0.656,2.11,2008AJ....136..899S,
WDJ015151.14+642552.55,518201792978858880,57.79924585467076,0.015964454,27.965393161643807,0.010109668,64.430367276,0.010973198,12.75703486,0.27111816,DA,H,8794,71,8.098,.019,.657,.012,8794,0.657,1.01,2011ApJ...743..138G,
WDJ015202.96+470006.66,356922880493142016,60.56433165675938,0.031045204,28.012371952646653,0.025729885,47.002389874,0.023673147,11.40667265,-0.11815357,DA,H,14293,203,7.999,.018,.611,.010,14293,0.611,0.24,2011ApJ...743..138G,
WDJ015251.94+255340.65,297470774951165568,28.687550194767635,0.04314883,28.217471726351114,0.038119473,25.894821795,0.03397754,12.91706531,0.41251183,DA,H,7727,75,7.884,.027,.527,.015,7727,0.527,1.04,2015ApJS..219...19L,
WDJ015825.83+253051.31,105240786245136256,26.128531939144086,0.16716772,29.60851336219769,0.14171943,25.512487773,0.1454248,15.44495005,1.601223,DC,H,3761,248,7.510,.182,.344,.072,4044,0.532,8.54,2020MNRAS.497..130T,
WDJ015939.37+154847.62,78629306318257536,26.147366577767595,0.046650495,29.913679291847156,0.038405422,15.813185116,0.036314756,12.84633778,0.17555714,DC,He,9095,103,8.161,.028,.678,.018,9095,0.678,1.05,2015ApJS..219...19L,
WDJ020110.70+121226.03,2574620550768898432,31.74661557227799,0.052104086,30.29378319092125,0.044290587,12.206833411,0.038885243,13.57774917,0.4606123,DC,He,6952,73,8.026,.036,.590,.022,6952,0.590,1.72,2017MNRAS.472.4173R,
WDJ020210.60+160203.31,78649033103283584,30.988692068034506,0.113236524,30.544335868513087,0.0964006,16.03419175,0.08687216,15.26248423,1.1711979,DZ,H,4883,82,8.202,.060,.708,.040,4985,0.801,9.20,2020MNRAS.497..130T,
WDJ020304.33-122901.74,5149836834977282048,41.50695780590122,0.041751143,30.767860810752634,0.035357952,-12.484344593,0.025115822,12.61296752,0.10624695,DC,He,9881,113,8.178,.025,.691,.016,9881,0.691,0.87,1992AJ....103..267B,
WDJ020511.61-051754.30,2490975272405858048,31.075631146309032,0.15655702,31.302665228191653,0.1398316,-5.296671012,0.11705397,15.57007679,1.521658,DC,H,4084,97,7.836,.069,.481,.033,4301,0.656,9.90,2005ApJ...625..838B,
WDJ020614.67+183624.06,92597914738232448,27.450762980029264,0.1477889,31.564817093600006,0.12480503,18.607116986,0.11538166,15.3432921,1.4301567,DC,H,4285,119,7.804,.089,.464,.042,4500,0.623,8.87,2015ApJS..219...19L,
WDJ020702.30-302332.57,5020119579868434944,34.190639634212566,0.05913818,31.760839161263483,0.03823804,-30.392973949,0.03878053,14.37184613,0.88550377,DA,H,5589,40,8.031,.025,.604,.016,5619,0.624,3.39,2012MNRAS.425.1394K,
WDJ020809.31+372939.12,330661599315957504,30.27058396337334,0.12348944,32.038513707029914,0.10270612,37.493924945,0.09950659,15.092896,0.8661289,DA,H,5689,96,8.543,.048,.940,.031,5701,0.951,6.77,2020MNRAS.497..130T,
WDJ020847.22+251409.97,104648944047154432,25.58646061189819,0.027063332,32.1988039193817,0.023550576,25.235568164,0.02142017,10.26950207,-0.20835686,DA,H,16933,324,7.482,.020,.407,.005,16933,0.407,0.06,2015ApJS..219...19L,Double degenerate candidate
WDJ021120.84+395521.52,333010327952701696,58.23059072433413,0.02650553,32.842803475243166,0.021127582,39.920419532,0.020430056,13.23107998,0.4857483,DAZ,H,7196,48,7.933,.018,.553,.011,7196,0.553,1.33,2018MNRAS.480.3942H,
WDJ021148.18+711913.48,522115156720215040,37.08735474301783,0.053564332,32.95301936514795,0.03897994,71.319561519,0.044168595,14.81083529,1.0598297,DC,He,5032,33,7.984,.026,.559,.016,5135,0.631,6.14,2015ApJS..219...19L,
WDJ021228.98-080411.00,2486388560866377856,59.75689361890807,0.020285225,33.11800785372845,0.014162404,-8.071714161,0.014852743,12.60096107,0.3147831,DA,H,8467,111,7.893,.034,.535,.019,8467,0.535,0.84,2023MNRAS.518.3055O,
WDJ021348.83-334530.03,4970215770740383616,53.33253408289888,0.06488945,33.45437730374648,0.035165343,-33.756736555,0.039031073,14.6222291,0.8296623,DAZ,H,,,,,,,,,,This work,Gaia photometry contaminated by nearby MS star
WDJ021457.04+774559.88,561231932144411008,25.199959791545535,0.10940883,33.74322312156842,0.094275534,77.764949243,0.09887742,15.31784324,1.2120476,DC,H,4798,110,8.175,.081,.691,.054,4911,0.794,9.40,2015ApJS..219...19L,
WDJ021616.35+395125.41,332820971434386432,49.19713714376149,0.02462479,34.06721299807049,0.020873757,39.856628876,0.021794297,12.99554816,0.23081875,DA,H,9203,92,8.349,.021,.819,.014,9203,0.819,1.34,2015ApJS..219...19L,
WDJ021658.02+425805.24,351429930856782464,48.69947562229983,0.06485469,34.24694095145467,0.051810574,42.96552847,0.046559922,14.48224142,0.94199085,DA,H,5409,34,8.001,.023,.584,.014,5464,0.620,3.86,2015ApJS..219...19L,
WDJ021733.53+570647.35,458558784733311232,25.158025285577626,0.028289096,34.391094407816766,0.016935052,57.113047764,0.021721473,10.64376675,-0.3079977,DA,H,22261,453,8.026,.025,.643,.014,22261,0.643,0.04,2011ApJ...743..138G,
WDJ021831.50-393633.22,4963617807621683712,33.24072747109687,0.027477058,34.63416496726178,0.017943375,-39.608868087,0.021135643,13.2762796,0.48470497,DA,H,7176,51,7.963,.020,.570,.012,7176,0.570,1.39,2007AJ....134..252S,
WDJ021839.49+501351.28,355669578975070976,36.978661435679996,0.07235824,34.665317562007694,0.049912892,50.230261358,0.056427922,14.67739093,1.1577168,DA,H,4862,40,7.759,.032,.455,.015,5019,0.551,5.15,2020MNRAS.497..130T,
WDJ022111.49+533330.39,455517329408362752,34.42841726236136,0.066835575,35.29580680811094,0.042620346,53.558239246,0.057987988,13.84115429,0.5580864,DC,He,6709,69,8.153,.029,.669,.019,6709,0.669,2.38,2020MNRAS.497..130T,
WDJ022157.89+044517.91,2516606022320239104,25.35043067477835,0.05417921,35.491103382768834,0.049945787,4.755335938,0.0415769,13.41269371,0.47766876,DA,H,7262,113,8.084,.041,.643,.026,7262,0.643,1.62,2020MNRAS.497..130T,
WDJ022300.22+554427.86,457474219590579328,26.111468546062735,0.056634992,35.75187977057364,0.032167725,55.740540237,0.03859959,13.94282949,0.5285988,DA,H,6993,67,8.342,.024,.811,.016,6993,0.811,3.23,2015ApJS..219...19L,
WDJ022348.96+205553.90,87648226538760064,25.986208610226658,0.17434746,35.95406002920468,0.13603373,20.929514693,0.12475052,15.2372446,1.3500385,DC,H,4420,83,7.821,.066,.473,.030,4622,0.618,8.39,2015ApJS..219...19L,
WDJ022432.27-285459.46,5068532996689788544,34.51672695215518,0.13390781,36.13698787953489,0.07843853,-28.916653308,0.10241723,15.90186404,0.055383682,DC,He,,,,,,,,,,2022ApJ...934...36B,IR-faint white dwarf with collision-induced absorption in the infrared. Multiple solutions for Gaia stellar parameters
WDJ022631.96+645929.92,515289392829738624,32.30409528832831,0.099623874,36.639282799818076,0.054623853,64.989963247,0.07564251,15.44379991,1.4544411,DC,H,4189,57,7.814,.039,.469,.016,4407,0.636,9.35,2015ApJS..219...19L,
WDJ022704.24+591502.04,459237630076876672,26.529918281220287,0.03899645,36.76822557569179,0.025266156,59.250639795,0.027886238,13.06374456,0.4659996,DA,H,7361,67,7.861,.027,.514,.014,7361,0.514,1.15,2020MNRAS.497..130T,
WDJ022724.62+180724.03,85787470611883008,26.726000698594387,0.07678501,36.85299944390921,0.04733904,18.122950902,0.05565584,12.63547988,0.3052721,DA,H,8540,106,7.932,.036,.557,.021,8540,0.557,0.87,2020MNRAS.497..130T,
WDJ023016.63+051550.70,2516322146457318144,37.71098864693572,0.050764423,37.569624898856596,0.044570137,5.263973462,0.034910236,10.70287859,-0.25126553,DA,H,18965,391,7.873,.027,.552,.014,18965,0.552,0.06,2015ApJS..219...19L,
WDJ023114.82+081023.71,19693180966870656,25.701808277998992,0.09997394,37.81316173154888,0.07206925,8.171906589,0.07608918,14.2180384,0.7755852,DC,He,5849,97,8.046,.055,.599,.034,5849,0.599,3.33,1994AAS...184.2809O,
WDJ023117.04+285939.88,131188715200383872,35.88244221995106,0.35496718,37.820416782995245,0.29627073,28.99434117,0.25821966,12.79871297,0.52404404,DA,H,6985,48,7.565,.031,.393,.011,6985,0.393,1.00,2020MNRAS.497..130T,Double degenerate candidate
WDJ023140.97+270950.48,127366331745660288,35.51680767043657,0.085910246,37.92267762016077,0.07595526,27.164762498,0.06260273,14.85263962,1.1907673,DA,H,4779,52,7.815,.036,.472,.014,4942,0.577,6.23,2015ApJS..219...19L,
WDJ023237.91-141151.77,5146358426863612160,59.98534927004329,0.037285626,38.15810435644007,0.026277704,-14.200743519,0.027301822,14.46900996,0.94244003,DA,H,5393,27,7.986,.019,.575,.011,5451,0.613,3.80,2003ApJ...596..477Z,
WDJ023338.98+212513.29,88996326578456192,35.11484352601681,0.081516646,38.41271746811351,0.07339303,21.419368703,0.061047632,14.95715969,1.219862,DC,H,4730,53,7.860,.046,.496,.026,4892,0.607,7.12,2015ApJS..219...19L,
WDJ023407.73-051139.33,2488960249844340352,41.64584528104091,0.024663622,38.53328488591959,0.021800557,-5.193849387,0.01990737,12.44372341,-0.053574562,DA,H,13146,203,8.583,.013,.976,.008,13146,0.976,0.77,2011ApJ...743..138G,
WDJ023521.79-240047.12,5125186299678747008,54.147239355716685,0.035721224,38.840288848544354,0.023150716,-24.015788049,0.025798375,14.3428676,1.1414442,DAH,H,4871,22,7.529,.019,.358,.008,5066,0.453,3.07,2018CoSka..48..307V,Double degenerate candidate
WDJ023530.71+571524.50,457817164137702784,37.51057473263988,0.022231223,38.87956237415102,0.01379525,57.256659448,0.015802361,11.67106559,-0.04528904,DA,H,12658,182,8.047,.014,.635,.008,12658,0.635,0.36,2015ApJS..219...19L,
WDJ023538.55-303225.52,5064259336725948672,30.638196358966205,0.21879067,38.9119710942014,0.114895985,-30.541241974,0.1519111,16.43616398,-0.28250504,DC,He,,,,,,,,,,This work,IR-faint white dwarf with collision-induced absorption in the infrared. Multiple solutions for Gaia stellar parameters
WDJ023551.36+011845.45,2502097283492466560,30.26703621131095,0.056064874,38.96392219393221,0.05120181,1.312458258,0.041238524,13.55806448,0.5725155,DA,H,6750,56,7.997,.025,.589,.015,6750,0.589,1.71,2013AJ....146...34Z,
WDJ023619.57+524412.41,452244667407804800,34.67004915584997,0.024979742,39.082813217412,0.015138774,52.736042466,0.018085944,11.57034929,-0.2003851,DAH,H,17351,310,8.325,.020,.817,.013,17351,0.817,0.23,2015ApJS..219...19L,
WDJ023759.15+163812.95,81606375784491520,31.337198988321703,0.104606345,39.49628021495945,0.10882293,16.635545963,0.06989836,14.52313188,0.8918438,DC,He,5441,70,8.041,.047,.595,.029,5490,0.628,4.97,2015ApJS..219...19L,
WDJ023841.25-264319.88,5070533180139377792,28.54073657616323,0.073665656,39.67192116763964,0.03957545,-26.721321507,0.057011336,13.75805789,0.42092323,DXP,He,7175,81,8.238,.030,.726,.020,7175,0.726,2.36,2001MNRAS.328..203S,
WDJ023919.69+260957.46,126342377182577408,47.92885506170294,0.050964903,39.833594029536606,0.04543897,26.165190873,0.03811224,14.35584827,0.8921938,DA,H,5553,31,7.998,.020,.584,.012,5589,0.607,3.20,2017AJ....154...32S,
WDJ024050.43+314256.44,133116227803380224,30.244813974689695,0.05193306,40.20935559618285,0.044239502,31.715254804,0.03805194,13.41577659,0.4993353,DA,H,7122,62,8.038,.025,.615,.015,7122,0.615,1.59,2006ApJ...643..402K,
WDJ024208.44+111233.00,25405350031335296,29.50905250789179,0.049039014,40.53593988048143,0.040266775,11.207863477,0.03818431,13.45466333,0.33060265,DAH,H,8283,107,8.411,.029,.859,.019,8283,0.859,2.23,2015ApJS..219...19L,
WDJ024300.36-603414.82,4725208704209795712,29.862941859735397,0.05941458,40.751601475129625,0.054853655,-60.571850855,0.053364985,14.60626094,0.8937664,DA,H,5599,51,8.201,.030,.712,.019,5623,0.731,5.03,2023MNRAS.518.3055O,
WDJ024527.76-603858.32,4725152392894633984,28.084047046025706,0.044277996,41.36704743419221,0.044568453,-60.648920386,0.04000851,14.07815946,0.78751373,DA,H,5883,47,7.980,.027,.575,.016,5879,0.572,2.38,2023MNRAS.518.3055O,
WDJ024531.84-195134.42,5128633195616949120,31.10522976636222,0.110026,41.38530828680426,0.08716421,-19.859385245,0.08736212,15.31974307,1.4153423,DC,H,4308,88,7.805,.063,.464,.028,4522,0.621,8.77,2005PASP..117..676R,
WDJ024630.80-022723.46,2495751967528809216,46.574159696518166,0.04863914,41.629328341153524,0.037266165,-2.458695834,0.033364683,13.75341414,0.572093,DAZ,H,6731,51,8.129,.021,.670,.013,6731,0.670,2.15,2003ApJ...596..477Z,
WDJ024836.43+542322.46,453562088496088320,92.0361989364657,0.03017235,42.14855510212976,0.01662889,54.387861136,0.021520222,14.93694437,1.1163254,DAZ,H,4942,21,8.018,.016,.591,.010,5056,0.678,7.47,2003ApJ...596..477Z,
WDJ024944.20+330725.66,139623068897753856,28.006533578848984,0.068367764,42.43512543788919,0.05908184,33.124953233,0.055891264,14.22285179,0.8605404,DA,H,5668,57,7.961,.036,.563,.021,5690,0.576,2.65,2015ApJS..219...19L,
WDJ025007.11+081753.42,20484382662003968,26.315264311677574,0.13956127,42.53054336745423,0.12451488,8.296304512,0.10158439,15.07629268,1.3047676,DC,H,4623,109,7.866,.085,.499,.043,4796,0.622,7.80,2020MNRAS.497..130T,
WDJ025017.18-224130.53,5077717389114829056,27.907503614535976,0.084615216,42.57195406075748,0.047828123,-22.691183181,0.068505414,14.63108595,0.8754368,DA,H,5623,55,8.230,.033,.732,.022,5644,0.749,5.21,2023MNRAS.518.3055O,
WDJ025245.61-752244.56,4640029027306103296,32.05421647120017,0.039182257,43.19806260556297,0.03868492,-75.378032175,0.03683531,14.10047083,0.6979523,DAH,H,6204,52,8.153,.024,.684,.015,6204,0.684,3.01,2023MNRAS.518.3055O,
WDJ025328.32+375959.38,143076256963396480,27.006139683999503,0.07635452,43.36809786490811,0.061785135,37.999245993,0.047721885,13.61124055,0.61089325,DA,H,6572,61,7.956,.030,.564,.018,6572,0.564,1.73,2020MNRAS.497..130T,
WDJ025332.00-654559.93,4696032750850438272,26.991268808163472,0.05071926,43.38328905831113,0.051211953,-65.766290505,0.044861052,14.2574885,0.9258499,DA,H,5451,45,7.859,.032,.502,.018,5508,0.534,2.61,2023MNRAS.518.3055O,
WDJ025617.20+495441.87,439494077735062144,26.50896552264913,0.085328236,44.07186084428097,0.05609012,49.910799158,0.058654215,14.2121999,0.76486206,DA,H,5983,63,8.120,.034,.662,.022,5970,0.653,3.02,2015ApJS..219...19L,
WDJ025617.22-702210.85,4645960583300470656,39.62888730612135,0.013415822,44.08041106952332,0.01324617,-70.370180231,0.012816797,12.06093139,0.10970974,DA,H,10339,90,8.00,.018,.602,.011,10339,0.602,0.58,2011ApJ...743..138G,
WDJ025759.87-302709.99,5065010887285008128,25.951272259410135,0.05765572,44.49846945740548,0.025494976,-30.453348834,0.03888044,13.87288527,0.7049217,DA,H,6173,43,7.975,.024,.574,.014,6173,0.574,2.09,2023MNRAS.518.3055O,
WDJ025959.15+081156.43,8578256576520320,33.93674755945321,0.043516386,44.99859716662171,0.038436413,8.198672825,0.03244901,13.43437809,0.6190653,DAH,H,6528,62,7.809,.029,.482,.015,6528,0.482,1.44,2015ApJS..219...19L,Double degenerate candidate
WDJ030154.44-831446.19,4618550411255512448,29.892176015208495,0.032741655,45.470556288013896,0.03197534,-83.246267416,0.033892035,13.50447365,0.561038,DA,H,6813,51,7.985,.021,.582,.013,6813,0.582,1.64,2023MNRAS.518.3055O,
WDJ030350.56+060748.75,6963383233077632,31.93352888220124,0.045300957,45.961700034802064,0.037317794,6.130449084,0.033209883,12.48565257,-0.05897045,DXP,H,16018,2657,8.761,.276,1.083,.142,16018,1.083,0.62,2020MNRAS.497..130T,
WDJ030407.15-782454.62,4626680917489564160,25.110070383779146,0.06804966,46.031148689142114,0.06059655,-78.415030622,0.061814003,14.39569365,0.96958923,DA,H,5363,58,7.904,.042,.527,.024,5430,0.568,3.16,2023MNRAS.518.3055O,
WDJ030616.69+622222.45,466384799259137920,26.225971241025118,0.027013177,46.57012388299262,0.0155067835,62.372404338,0.017385328,12.0850649,0.06400776,DA,H,11033,106,8.127,.018,.680,.011,11033,0.680,0.58,2015ApJS..219...19L,
WDJ030713.90-071506.24,5179920984941752448,32.89350931668879,0.1323474,46.807060493762165,0.0888998,-7.253737976,0.097286694,14.78509505,0.86917114,DA,H,5637,77,8.336,.044,.802,.030,5655,0.818,5.92,2012MNRAS.425.1394K,
WDJ030850.43+512822.32,439905192004402304,27.20951118988072,0.09088219,47.21087453528712,0.05696557,51.472080123,0.06621277,14.6606547,1.0237713,DA,H,5225,49,8.002,.038,.583,.023,5304,0.638,5.12,2020MNRAS.497..130T,
WDJ031031.02-683603.38,4646535078125821568,96.18335870347249,0.028869182,47.62973152269491,0.02868027,-68.601397936,0.025375301,11.32508269,-0.17495728,DA,H,15866,263,8.077,.020,.660,.012,15866,0.660,0.19,2018MNRAS.480.3942H,
WDJ031057.60+663402.63,492442090962517376,26.043738010489744,0.09936344,47.747663186354636,0.051275395,66.565462704,0.0730978,14.96402959,1.2448921,DC,H,4681,53,7.817,.039,.472,.016,4857,0.589,6.91,2015ApJS..219...19L,
WDJ031124.57-085324.98,5167424240722533760,25.66678918312248,0.12303302,47.85258981730813,0.08997841,-8.89046213,0.09489396,14.66003972,1.0695686,DA,H,5101,68,7.918,.056,.532,.032,5205,0.601,5.01,2020MNRAS.497..130T,
WDJ031138.80-055117.55,5181816233750415488,31.61233940690471,0.14825681,47.91361736623185,0.114443794,-5.854566683,0.11904782,15.58587518,1.5327587,DC,H,3937,194,7.758,.125,.450,.056,4168,0.633,9.92,2020MNRAS.497..130T,
WDJ031225.70-644410.89,4672306015773211008,27.32652085812952,0.018083837,48.10888271337945,0.016437719,-64.736530357,0.017211434,10.50169671,-0.04508972,DA,H,12063,142,7.215,.013,.310,.003,12063,0.310,0.15,2017ApJ...848...11B,Double degenerate from 2020MNRAS.493.2805K
WDJ031318.66-560734.99,4733604373137759616,28.699888722814464,0.017911883,48.32699815199498,0.016027607,-56.127634219,0.01629586,11.88920506,0.058568954,DA,H,10988,118,7.994,.020,.600,.012,10988,0.600,0.49,2023MNRAS.518.3055O,
WDJ031330.78-424243.22,4850844228558819584,25.73196362846894,0.087905616,48.37872853140936,0.070587195,-42.712441963,0.07330854,14.81601764,1.1015072,DC,H,4993,57,7.957,.047,.553,.028,5111,0.624,6.14,This work,
WDJ031613.91-081637.52,5167510797199003904,31.83750430446758,0.06312463,49.05837530139978,0.051859923,-8.277525533,0.05231254,14.21323508,0.65267754,DA,H,6369,68,8.297,.029,.779,.019,6369,0.779,3.86,2006AJ....131..582K,
WDJ031642.12+393222.85,235842052999634944,26.41188213958237,0.05179402,49.175988327509884,0.037579816,39.538958166,0.03500569,12.85470875,0.21470165,DC,He,8749,86,8.074,.026,.623,.016,8749,0.623,1.03,2006ApJ...643..402K,
WDJ031646.48-801446.19,4620280217923548800,28.021102762257065,0.028437799,49.19887223262106,0.029162332,-80.245117068,0.026982225,13.17904211,0.45970535,DA,H,7356,60,7.952,.023,.565,.013,7356,0.565,1.29,2023MNRAS.518.3055O,
WDJ031712.10-291134.21,5058635403471767680,31.745681269139386,0.06754531,49.30129614406431,0.031318262,-29.194923053,0.045664866,14.73671726,0.96432686,DAZH,H,5367,39,8.155,.026,.680,.017,5419,0.720,5.86,2012MNRAS.425.1394K,
WDJ031715.85-853225.56,4613612951211823104,34.035060085143655,0.028635424,49.311809229306355,0.027067846,-85.540486238,0.026818544,12.41411661,-0.37305546,DAH,H,26465,1368,9.172,.050,1.267,.016,26465,1.267,0.34,2015SSRv..191..111F,
WDJ031719.13-853231.29,4613612951211823616,34.02120978857342,0.019133434,49.3261690754573,0.018130966,-85.542123961,0.01788634,11.73738876,-0.18221474,DA,H,16534,287,8.380,.019,.851,.012,16534,0.851,0.29,2010A&A...524A..36K,
WDJ031907.61+423045.45,239721228805415296,32.70621584552832,0.034048796,49.78155251699773,0.02495456,42.512196773,0.021313883,12.36143149,0.029360771,DBA,He,10965,129,8.221,.024,.720,.015,10965,0.720,0.71,This work,
WDJ031938.27+363029.67,234469931207274112,31.17370533742176,0.054219574,49.91004800729301,0.04943138,36.508308879,0.037604395,13.79881413,0.48472023,DZ,He,6830,71,8.326,.024,.800,.016,6830,0.800,3.37,2015ApJS..219...19L,
WDJ032020.30+233331.72,62884540326096896,25.12445211684357,0.14103714,50.08489004605622,0.12949131,23.557181438,0.107076526,14.556321,1.3954391,DC,H,4322,57,7.209,.057,.245,.016,4690,0.400,3.76,2015ApJS..219...19L,Double degenerate candidate
WDJ032511.05-014915.05,3261591090771914240,59.06632710976977,0.057836663,51.297080008868015,0.047307435,-1.824708179,0.043979317,14.76433383,1.0277567,DAZH,H,5165,36,8.048,.027,.611,.017,5248,0.673,6.15,2018MNRAS.480.3942H,
WDJ032631.46+155714.79,54253618862057728,25.91432592710913,0.093822084,51.63193424424977,0.081088625,15.954749,0.06956568,14.48343058,0.8573818,DA,H,5669,82,8.154,.049,.682,.031,5687,0.695,4.30,2020MNRAS.497..130T,
WDJ032646.69-592700.23,4723118914857785472,32.13014458682925,0.052157536,51.69564259837178,0.05089941,-59.450271758,0.045041744,14.4652924,0.67308044,DA,H,6333,62,8.441,.024,.875,.016,6333,0.875,4.80,2023MNRAS.518.3055O,
WDJ032848.80-271900.09,5060587895604134400,43.52575640063314,0.027590504,52.20693584131422,0.01415333,-27.315022254,0.018586835,11.78109064,0.28114796,DA,H,8605,63,7.408,.019,.347,.006,8605,0.347,0.51,2011ApJ...743..138G,Double degenerate from 2020A&A...638A.131N (ESO SPY)
WDJ032850.79-323830.99,5053839127592396032,32.482342377382885,0.06758897,52.21247084443923,0.039200854,-32.64033913,0.055718925,14.8923237,1.2505856,DC,H,4646,42,7.759,.034,.454,.015,4832,0.575,6.68,2012MNRAS.425.1394K,
WDJ033320.37+000720.65,3264551560189562112,28.19347222084746,0.059609547,53.33526250077833,0.05143259,.122364306,0.047425058,13.64137283,0.43458366,DAH,H,7546,103,8.326,.032,.801,.021,7546,0.801,2.44,2009A&A...506.1341K,
WDJ033634.09-221524.08,5088251195844051328,26.00060960895447,0.06946634,54.1431699706355,0.044623163,-22.257677045,0.046735033,14.03572765,0.77545357,DAZH,H,5922,41,7.968,.025,.568,.015,5913,0.563,2.28,2019MNRAS.482.5201K,
WDJ034010.17-361038.22,4860061541910268160,29.076144010914224,0.04928325,55.045720905887954,0.033961777,-36.177409818,0.041388005,14.08864406,0.87243843,DA,H,5608,40,7.829,.027,.488,.014,5642,0.506,2.24,2005PASP..117..676R,
WDJ034323.12+195813.60,63126196662620416,48.17731638628854,0.041852254,55.84669517197853,0.03564216,19.971163898,0.027509369,14.03142802,0.50059223,DA,H,7117,58,8.440,.018,.876,.012,7117,0.876,3.65,2015ApJS..219...19L,
WDJ034347.42-512516.55,4829340465475546880,35.829155176729195,0.02558103,55.94742664288741,0.022642346,-51.423004781,0.025179159,13.57045684,0.5654459,DAZ,H,6742,45,8.011,.019,.597,.012,6742,0.597,1.75,2023MNRAS.518.3055O,
WDJ034434.85+182609.82,44901791432527232,52.9577347158701,0.036208056,56.14712981451253,0.030193085,18.431040082,0.021246562,13.677403,0.52805424,DQ,He,6837,48,8.097,.020,.634,.012,6837,0.634,1.99,2018MNRAS.480.3942H,
WDJ034501.53-034849.73,3249479592234269056,32.22465326868479,0.11544046,56.256346800082056,0.082171746,-3.814990323,0.08186191,15.31656127,1.3844318,DC,H,4362,87,7.847,.065,.487,.031,4563,0.638,8.90,2020MNRAS.497..130T,
WDJ034501.70-034844.85,3249479592235301376,32.184179310179466,0.08204933,56.256971729304496,0.059634868,-3.813627006,0.057159696,14.6997432,1.1044979,DA,H,4993,45,7.869,.039,.503,.022,5118,0.584,5.22,2020MNRAS.497..130T,
WDJ034511.83+194026.08,63054590968017408,35.39859130698322,0.029474277,56.30025386935157,0.026054457,19.673400412,0.019322202,11.9503509,-0.036011696,DA,H,12552,172,8.230,.015,.748,.010,12552,0.748,0.48,2020MNRAS.497..130T,
WDJ034646.52+245602.67,66837563803594880,25.29407980708816,0.2084893,56.696369480991095,0.17906713,24.928929586,0.13638905,15.58844342,1.5443821,DC,He,,,,,,,,,,2022ApJ...934...36B,IR-faint white dwarf with collision-induced absorption in the infrared. Multiple solutions for Gaia stellar parameters
WDJ034706.83+013847.64,3270079526697712768,49.583659361453186,0.055739272,56.779480042933535,0.046820924,1.644754072,0.031829912,14.74837288,1.1141062,DC,H,4959,29,7.879,.024,.508,.014,5088,0.593,5.64,2017AJ....154...32S,
WDJ034722.43+435857.18,243645699341060608,31.33882509769567,0.027680857,56.84246009876369,0.022374293,43.982887843,0.018251022,11.49261855,-0.091685295,DA,H,13661,179,8.001,.016,.610,.009,13661,0.610,0.27,2015ApJS..219...19L,
WDJ034850.19-005832.29,3251244858154433536,32.21690425047798,0.047902428,57.209484369964336,0.046971153,-.976360396,0.03545684,11.56293003,-0.48251915,DA,H,39304,2425,9.123,.038,1.263,.018,39304,1.263,0.10,2011ApJ...743..138G,
WDJ035005.27-685307.56,4667446586695129472,30.01938707133829,0.054044,57.523048471666556,0.05478798,-68.885083342,0.049318317,14.6662591,1.1486301,DA,H,4912,45,7.797,.027,.474,.008,5057,0.564,5.19,2023MNRAS.518.3055O,
WDJ035521.99+094718.13,3302846072717868416,28.587308540469934,0.037111998,58.84239878109967,0.028562853,9.788346085,0.019507138,11.82870634,-0.11470127,DA,H,14518,205,8.294,.016,.793,.011,14518,0.793,0.36,2015ApJS..219...19L,
WDJ035531.89-561128.32,4683172420470864256,30.34526119714858,0.050495524,58.88400935825535,0.048919085,-56.190114941,0.047714207,14.4567804,0.8228779,DAH,H,5771,50,8.191,.027,.707,.018,5778,0.712,4.29,2023MNRAS.518.3055O,
WDJ035556.50+452510.26,244214799689691904,31.77635642321834,0.084625214,58.98552860623971,0.066734836,45.41834621,0.048080057,14.66956649,1.0659714,DA,H,5114,49,7.937,.039,.543,.023,5214,0.610,5.13,2020MNRAS.497..130T,
WDJ035826.49+215726.16,53278867446391040,27.673401020035044,0.07140552,59.61145708005414,0.06358091,21.956122127,0.035740796,13.85669368,0.5682144,DAZ,H,6777,76,8.217,.030,.727,.020,6777,0.727,2.62,2020MNRAS.497..130T,
WDJ040026.68+081406.93,3301319572621418368,53.76923437527852,0.043360464,60.10955102745185,0.037765667,8.233505755,0.028713616,14.34834226,0.9234371,DA,H,5461,30,7.934,.020,.545,.012,5512,0.576,3.02,2018MNRAS.480.3942H,
WDJ040101.51+513130.09,250862824946594816,39.83565887431672,0.07690448,60.25893092179061,0.061101943,51.52145494,0.043462165,15.11395002,1.0527515,DC,He,5018,37,8.191,.027,.690,.018,5104,0.764,7.24,2015ApJS..219...19L,
WDJ040242.39+152742.47,39387328302768640,27.078319144684027,0.07478206,60.67688404539383,0.0613628,15.461932051,0.04156462,13.78723851,0.47123146,DC,He,6894,53,8.151,.028,.668,.018,6894,0.668,2.16,2020MNRAS.497..130T,
WDJ040434.13+250851.68,66144699680456320,37.773456596366515,0.027497007,61.14286168534015,0.027676648,25.146729145,0.01887446,11.70413864,-0.029310226,DA,H,12319,154,8.041,.015,.630,.009,12319,0.630,0.39,2015ApJS..219...19L,
WDJ041010.32+180223.80,46896958359881728,29.316745473424746,0.030947478,62.54334799500532,0.028132198,18.039562945,0.019185323,11.56034278,-0.06096077,DA,H,12987,189,7.993,.015,.604,.009,12987,0.604,0.31,2015ApJS..219...19L,
WDJ041017.34+195426.31,48829075167625472,34.33075515025249,0.12585342,62.57450424836769,0.098441646,19.905851936,0.075356044,15.15233178,1.1059666,DC,H,4965,66,8.181,.050,.695,.033,5060,0.779,8.70,2015ApJS..219...19L,
WDJ041226.33-111747.28,3189621320226676736,28.473738259780664,0.0344855,63.11097622684137,0.024499817,-11.296631833,0.020764127,12.65336744,0.44082737,DAH,H,7474,63,7.634,.021,.420,.008,7474,0.420,0.90,2017MNRAS.466.1127K,Double degenerate from 2020A&A...638A.131N (ESO SPY)
WDJ041246.85+754942.26,551153263105246208,28.534724484089455,0.031753443,63.19263313053734,0.02351819,75.828522114,0.025520643,13.09176642,0.2961464,DAe,H,8598,99,8.266,.026,.764,.017,8598,0.764,1.39,2020MNRAS.497..130T,
WDJ041359.12-212222.67,5090109228757394048,27.86860650736955,0.079546414,63.495782012541,0.042594288,-21.374627512,0.050886597,14.77452827,1.5259838,DC,He,,,,,,,,,,Melis (Private Communication 2024),
WDJ041521.80-073929.20,3195919254111315712,199.6910732720413,0.05120331,63.830787524383176,0.036807783,-7.672952135,0.030754047,11.04403326,-0.1910038,DA,H,16265,278,7.916,.021,.568,.012,16265,0.568,0.13,2011ApJ...743..138G,
WDJ041630.04-591757.19,4678664766393827328,54.57521166121942,0.03179975,64.12477536564242,0.030665617,-59.299996987,0.030347157,11.16562614,-0.12896156,DA,H,14271,241,7.824,.023,.515,.012,14271,0.515,0.18,2009AJ....138.1681S,
WDJ041805.54+421102.19,229143725086190336,33.71702746762618,0.07389992,64.52281719122239,0.05759868,42.183002131,0.03780715,14.6150594,1.0786915,DA,H,5055,37,7.849,.031,.493,.017,5174,0.567,4.43,2015ApJS..219...19L,
WDJ041823.34-500424.14,4782553840532147840,41.92518949684265,0.055612005,64.5990320019372,0.048197675,-50.076441532,0.057861526,15.34102217,1.226677,DC,H,4700,41,8.135,.031,.664,.020,4826,0.779,9.57,2023MNRAS.518.3055O,
WDJ041921.11-093429.44,3191738120628213760,27.27906229826102,0.0793635,64.83727611779408,0.060042106,-9.575226619,0.050562646,14.49144919,0.75522614,DAP,H,5989,69,8.317,.034,.791,.023,5978,0.782,4.65,2012MNRAS.425.1394K,
WDJ042021.33-293426.26,4885878590326674560,32.164813529825906,0.037116114,65.08929314926073,0.024511304,-29.573892388,0.029687162,13.77847619,0.6425648,DAH,H,6423,42,8.021,.020,.602,.012,6423,0.602,2.02,2023MNRAS.518.3055O,
WDJ042129.35+460757.74,232990572675079296,37.652003811045844,0.029867701,65.37272482775845,0.024596384,46.132254801,0.016847592,13.02377947,0.39245224,DA,H,7813,62,7.995,.021,.591,.012,7813,0.591,1.18,2015ApJS..219...19L,
WDJ042313.75+574526.76,470639806179201792,26.764957976659556,0.049906705,65.8068914293591,0.039749607,57.756398501,0.025083173,13.69305483,0.42666054,DC,He,7140,61,8.181,.024,.688,.016,7140,0.688,2.08,2020MNRAS.497..130T,
WDJ042357.67-455042.27,4789516154317811456,33.39804047626621,0.041662067,65.98967568235504,0.03742301,-45.847364214,0.037905406,14.28726993,0.88921356,DA,H,5552,36,7.946,.024,.553,.014,5590,0.576,2.84,2000A&A...353..958S,
WDJ042553.73+121148.34,3307009304776119936,62.38745759498418,0.035116166,66.47344954736745,0.0303338,12.195718426,0.020543182,14.24417344,0.6721544,DC,He,6153,36,8.213,.016,.707,.011,6153,0.707,3.74,2018MNRAS.480.3942H,
WDJ042556.87+461419.44,256832412872262656,26.633851429534154,0.25191358,66.48805052801704,0.1948604,46.238387256,0.11651976,15.74269186,1.2917175,DC,H,4479,170,8.250,.123,.740,.082,4610,0.879,10.51,2015ApJS..219...19L,
WDJ042620.70+043230.62,3283853143218651264,47.06626164222542,0.0682972,66.58906104487706,0.05960423,4.539304949,0.04031593,15.23417452,1.1579514,DA,H,4865,43,8.169,.031,.686,.020,4972,0.782,9.10,2015ApJS..219...19L,
WDJ042643.98-415341.44,4839901583898106496,29.059401187619592,0.04353438,66.68471937121801,0.035094116,-41.895093063,0.04193794,14.1090363,0.72883606,DAZ,H,6127,59,8.124,.028,.665,.018,6127,0.665,2.88,2023MNRAS.518.3055O,
WDJ042731.73-070802.80,3198881613315343872,25.167050345917634,0.058514338,66.8829336668932,0.041345686,-7.133932549,0.033917572,13.73924459,0.5125046,DC,He,6717,56,8.035,.028,.595,.017,6717,0.595,1.89,2020MNRAS.497..130T,
WDJ042926.24-044845.62,3202808828330265088,25.420762665792473,0.026079612,67.35906161867231,0.020932332,-4.812399565,0.016297234,11.52241788,-0.10695267,DA,H,14101,215,8.060,.019,.646,.011,14101,0.646,0.27,2009A&A...505..441K,
WDJ043112.57+585841.29,470826482637310848,181.2730074917688,0.02025858,67.81389197465391,0.01467103,58.969481205,0.013220632,13.6278557,0.44229984,DC,He,7011,40,8.098,.017,.635,.011,7011,0.635,1.86,2018MNRAS.480.3942H,
WDJ043200.36-192049.90,2978374522004181888,29.450037702703288,0.053351358,68.00167504913924,0.039571833,-19.348346335,0.035204872,14.22818228,0.83743477,DA,H,5733,43,8.010,.026,.592,.016,5746,0.600,2.74,2012MNRAS.425.1394K,
WDJ043236.01-390214.13,4864752883148064512,29.927085932849316,0.07689782,68.15405209693478,0.06090399,-39.034054832,0.06827788,14.84943215,1.1983662,DC,H,4748,92,7.804,.066,.476,.028,4914,0.585,6.55,2006ApJ...638..446M,
WDJ043255.87-355729.04,4867574023826934272,38.01933746456792,0.04423652,68.23443471520076,0.03250918,-35.957884336,0.041633688,14.69552272,1.1057739,DA,H,4971,35,7.854,.029,.495,.016,5102,0.578,5.19,2008AJ....136..899S,
WDJ043329.80+041447.85,3282093301842469376,41.1600581542105,0.06524486,68.37458020579481,0.054536507,4.244606931,0.02856771,14.9709659,1.1185665,DA,H,4961,36,8.050,.028,.610,.017,5069,0.694,7.65,2015ApJS..219...19L,
WDJ043333.60-275324.86,4891567154251463680,43.04111025517133,0.047850013,68.39195603631312,0.031163918,-27.890266913,0.04025025,14.75918333,1.0505676,DA,H,5111,30,8.009,.023,.586,.014,5205,0.653,6.09,2012MNRAS.425.1394K,
WDJ043420.54+305422.35,159277625222514048,29.347483481911325,0.12778299,68.58534187037172,0.11913277,30.904942643,0.07565753,15.16145733,1.1975994,DC,H,4764,86,8.044,.070,.606,.044,4895,0.713,8.72,2019ApJ...878...63B,
WDJ043537.44-610540.10,4677461862018523776,39.62327765957029,0.046970233,68.9098125687631,0.04418968,-61.093387838,0.048681397,15.02217699,1.2256413,DC,H,4702,35,7.896,.029,.517,.017,4861,0.631,7.68,2012MNRAS.425.1394K,
WDJ043644.90+270951.52,151650935831913216,57.47181228815324,0.041458268,69.18820274380334,0.037546616,27.163652474,0.023467628,14.40819246,0.8983574,DA,H,5534,29,8.023,.019,.599,.011,5571,0.624,3.54,2018MNRAS.480.3942H,
WDJ043747.41-084910.62,3186021141200137472,106.33898970249588,0.015222114,69.44860243520402,0.012068768,-8.826516219,0.008185626,13.73413465,0.5692425,DQ,He,6601,38,8.050,.016,.604,.010,6601,0.604,2.03,2018MNRAS.480.3942H,
WDJ044028.48+092347.21,3292685210887016192,30.71050539707354,0.06578928,70.11845420078362,0.052528165,9.393148757,0.029190386,14.24157982,0.68008614,DA,H,6279,56,8.281,.026,.768,.017,6279,0.768,3.91,2011ApJ...743..138G,
WDJ044105.03-151903.44,3173236054352419072,26.97051147725898,0.058805034,70.2714685695216,0.03782976,-15.316948798,0.034319296,14.01972991,0.7593956,DA,H,5978,51,7.988,.029,.581,.017,5964,0.573,2.29,2012MNRAS.425.1394K,
WDJ044538.42-423255.05,4815192671404177280,36.597658646859934,0.024485363,71.40848439195314,0.020158283,-42.547051006,0.024775265,13.51494351,0.5683012,DAZ,H,6748,54,7.971,.022,.573,.013,6748,0.573,1.65,2023MNRAS.518.3055O,
WDJ044903.21-241239.20,4893995356962398208,33.69644660891201,0.06594129,72.26441455451501,0.03669737,-24.210624354,0.048436914,14.94470753,1.1632023,DA,H,4873,47,7.964,.038,.557,.023,5002,0.652,7.36,2023MNRAS.518.3055O,
WDJ045551.43+384050.90,199060743352070528,30.99748479750341,0.10685536,73.96547641105211,0.09883757,38.680564765,0.055630177,14.85092728,1.0793991,DA,H,5063,49,8.035,.039,.602,.024,5160,0.675,6.77,2015ApJS..219...19L,
WDJ045722.54+415556.48,201881364339401728,26.23940973481396,0.029559936,74.34402675665797,0.02481554,41.931406902,0.015427248,11.11678431,-0.120536804,DA,H,14268,212,7.787,.021,.496,.010,14268,0.496,0.17,2015ApJS..219...19L,
WDJ045943.21-002238.86,3228023859770327424,40.45859306135544,0.030659817,74.93084674246221,0.024399068,-.378478265,0.015941676,13.21898988,0.07551098,DA,H,11090,122,8.794,.016,1.097,.009,11090,1.097,1.99,2011ApJ...743..138G,
WDJ050243.44-552635.24,4764692171059541120,25.081378488304868,0.033530563,75.68050511818713,0.032334905,-55.444281352,0.03392234,13.27185001,0.37495232,DC,He,7451,76,7.990,.027,.569,.016,7451,0.569,1.37,2007AJ....134..252S,
WDJ050532.42-173137.28,2976789094955826560,26.007352180561508,0.06703378,76.38464292221681,0.04015232,-17.528301665,0.040498164,14.16894069,0.7231846,DA,H,6124,59,8.164,.030,.691,.019,6124,0.691,3.25,2012MNRAS.425.1394K,
WDJ050552.46-172243.48,2982808337003815040,51.68353212880498,0.032835796,76.46937186743125,0.020334452,-17.37579539,0.019840434,14.35124993,0.95910263,DAH,H,5345,25,7.864,.018,.504,.010,5418,0.547,2.90,1993PASP..105..761W,
WDJ050600.41+590326.89,283928743068277376,27.7314544325,0.33217034,76.50184482,0.26717028,59.055930174,0.2412772,16.84995524,-0.0033626556,DC,He,,,,,,,,,,This work,IR-faint white dwarf with collision-induced absorption in the infrared. Multiple solutions for Gaia stellar parameters
WDJ050615.82+144830.29,3392181976588782336,25.922298388522197,0.036934588,76.56591488391379,0.032659553,14.808051167,0.018341063,11.16699453,-0.16557503,DBA,He,15237,285,7.968,.032,.572,.018,15237,0.572,0.18,2015ApJS..219...19L,
WDJ050818.91-145023.81,2986577153625081344,28.860080828467545,0.06341186,77.0798366479455,0.04366238,-14.842148104,0.04334275,14.38497572,0.9070263,DQ,He,5412,38,7.925,.028,.525,.016,5472,0.561,4.12,2012MNRAS.425.1394K,
WDJ050836.43-152312.42,2986473765172532864,26.71167925831214,0.08276188,77.15276531314018,0.055413514,-15.384199088,0.056169517,14.74492396,1.0418835,DA,H,5167,46,8.032,.035,.601,.022,5251,0.662,5.93,2012MNRAS.425.1394K,
WDJ051403.50+080015.12,3242153305741855744,46.58883911407414,0.046113044,78.51360511043823,0.03936522,8.002844238,0.028517282,14.10974044,0.6213083,DA,H,6534,47,8.295,.018,.778,.012,6534,0.778,3.56,2015ApJS..219...19L,
WDJ051530.10+502141.72,261664427174056320,25.963100492667017,0.036591195,78.87440422352716,0.029732745,50.360829402,0.021881014,12.30330877,0.19173431,DA,H,9584,80,7.985,.022,.590,.013,9584,0.590,0.69,2017MNRAS.472.4173R,
WDJ051553.54+283916.81,3422405214775411840,33.264464286798116,0.053663883,78.97396899174726,0.050593097,28.654214368,0.030387439,14.00773967,0.646019,DAH,H,6411,42,8.178,.019,.701,.013,6411,0.701,2.88,2015ApJS..219...19L,
WDJ051942.85-701401.50,4652123895783242112,25.224149020535396,0.09679473,79.92761580231199,0.088955395,-70.232487113,0.10329481,14.97870462,1.2653751,DC,H,4539,67,7.740,.053,.445,.024,4741,0.578,7.15,2023MNRAS.518.3055O,
WDJ052436.27-053510.52,3209308900555979776,27.97647273961461,0.024371896,81.1510733048046,0.01927279,-5.58689903,0.016381603,11.09448279,-0.20526028,DA,H,17080,312,8.009,.023,.622,.013,17080,0.622,0.13,2020MNRAS.497..130T,
WDJ052656.11+443538.77,208021900557436800,25.713421024272073,0.12831931,81.73537137735902,0.10761506,44.592444439,0.07212336,15.0101313,1.24049,DC,H,4680,81,7.853,.063,.492,.030,4849,0.609,7.35,2015ApJS..219...19L,
WDJ052844.01-430449.21,4805691447831511680,26.09059366846687,0.030329073,82.1838544273007,0.027095443,-43.080501799,0.02880667,13.16767981,0.12325668,DA,H,10537,141,8.690,.023,1.038,.013,10537,1.038,1.94,2013MNRAS.431..240O,
WDJ052913.45+430025.89,195470288131984128,27.841428392340838,0.04857983,82.3062138736555,0.032692317,43.006713508,0.024999037,12.75659856,0.18883705,DQ,He,8952,91,8.063,.026,.616,.016,8952,0.616,0.95,2020MNRAS.497..130T,
WDJ052950.25+523953.39,263082591016645504,25.56152480377321,0.04926015,82.46206053812284,0.03858125,52.662395512,0.031852387,12.70101378,-0.2744875,DA,H,21184,516,9.105,.022,1.243,.008,21184,1.243,0.59,2015ApJS..219...19L,
WDJ053026.01+393917.04,190802650815160960,29.530465867327926,0.07656618,82.60811631040099,0.06805354,39.654216468,0.053216584,14.32412049,0.93076706,DA,H,5483,56,7.929,.038,.543,.022,5531,0.572,2.92,2020MNRAS.497..130T,
WDJ053446.50-524150.29,4769136809374612992,25.210146698492064,0.05063821,83.69472719630278,0.04937204,-52.696854753,0.049731776,14.10900786,0.7592926,DA,H,5979,66,8.050,.035,.618,.022,5965,0.610,2.56,2023MNRAS.518.3055O,
WDJ053620.21+412955.62,194394347281717504,31.104452796998295,0.028668307,84.08341137494361,0.023475887,41.498943581,0.019781522,12.11214983,0.45327187,DA,H,7399,53,7.237,.019,.287,.005,7399,0.287,0.64,2015ApJS..219...19L,Double degenerate from 2003ApJ...596..477Z
WDJ053714.90+675950.51,481698110012697728,28.562650289344752,0.04387616,84.31180685169117,0.019163918,67.99709129,0.029171873,13.54300951,0.39577293,DAH,H,7783,68,8.335,.021,.807,.014,7783,0.807,2.24,2020MNRAS.497..130T,
WDJ053916.45+435234.70,197048460976343168,25.432793827472185,0.097205766,84.81945048464368,0.076442525,43.874700384,0.06888593,14.30190335,0.73976517,DC,He,5961,62,8.155,.035,.669,.022,5950,0.662,3.83,2020MNRAS.497..130T,
WDJ054103.86+395946.22,190998058945380608,27.481890772945267,0.08528808,85.268044794409,0.07938652,39.994172828,0.063300885,14.46304605,0.8098812,DA,H,5820,51,8.219,.029,.726,.019,5822,0.728,4.38,2015ApJS..219...19L,
WDJ054249.69-190107.34,2967199704297025664,32.788443495110585,0.029964926,85.70673859254819,0.015860265,-19.01935646,0.021966204,13.014421,0.20905304,DC,He,8763,80,8.192,.021,.698,.014,8763,0.698,1.21,2023MNRAS.518.3055O,
WDJ054307.37+363701.21,3455921181049073280,44.97581993044304,0.035161644,85.77983857130195,0.031919003,36.616751812,0.023019083,13.81679045,0.65173244,DAZ,H,6385,39,8.030,.018,.608,.011,6385,0.608,2.09,2015ApJS..219...19L,
WDJ054457.66+260300.14,3429296884940000000,27.768840537756535,0.079718895,86.24520902910258,0.06652606,26.043862773,0.050828602,14.09412173,1.1925163,DC,H,4778,41,7.244,.036,.258,.010,5059,0.364,2.33,2015ApJS..219...19L,Double degenerate candidate
WDJ054615.61+111558.70,3337021260634868224,27.364693121324386,0.115129,86.5644822366327,0.10936115,11.265614345,0.09385892,14.86097091,1.1441936,DC,H,4902,54,7.924,.048,.534,.028,5033,0.625,6.66,2015ApJS..219...19L,
WDJ054839.48+132551.76,3346603611845335424,28.23164538026661,0.17133656,87.16540432420265,0.13655134,13.43002446,0.118874945,15.58896595,1.5346966,DC,H,4064,151,7.835,.107,.480,.053,4282,0.656,9.95,2020MNRAS.497..130T,
WDJ055118.71-260912.89,2914000658819492864,25.276449756293463,0.059002705,87.8282768450326,0.038529627,-26.153513849,0.048015997,14.19856237,1.1988506,DC,H,4752,39,7.300,.034,.274,.010,5024,0.383,2.56,2023MNRAS.518.3055O,Double degenerate candidate
WDJ055119.48-001021.11,3218697767783768320,89.11206739900385,0.021058416,87.83167502627973,0.01719686,-.171521752,0.015723644,14.1748636,0.6977968,DQP,He,6053,30,8.122,.015,.648,.009,6053,0.648,3.35,2018MNRAS.480.3942H,
WDJ055443.04-103521.34,3011223668834627328,65.40972622036443,0.023127515,88.67903537720267,0.016570702,-10.589940614,0.01688329,13.92931766,0.5735588,DZ,He,6578,39,8.248,.015,.747,.010,6578,0.747,3.33,2020MNRAS.497..130T,
WDJ055509.53-041007.07,3022956969731332096,155.23734721807887,0.01745606,88.79209555773647,0.01484643,-4.178927092,0.0142682865,15.19165306,1.1336575,DZ,He,4821,19,8.173,.014,.689,.009,4932,0.790,7.65,2018ApJ...867..161B,
WDJ055543.03+465048.49,198027266851070848,33.365825441621695,0.06787211,88.9293957002229,0.0653158,46.844437961,0.05920891,14.61327837,1.0542965,DA,H,5118,49,7.896,.039,.519,.022,5222,0.586,4.54,2015ApJS..219...19L,
WDJ055602.01+135446.71,3346787883122375680,36.531953076566666,0.084583156,89.0100431858268,0.09992697,13.910827233,0.08592116,14.74136746,1.104538,DA,H,5016,67,7.918,.053,.531,.031,5132,0.609,5.68,This work,
WDJ055625.46+052148.44,3320184202856435840,123.19885316518207,0.017005328,89.10409821980528,0.014304191,5.359344709,0.011868242,14.42244533,0.83092594,DAH,H,5729,26,8.151,.014,.680,.009,5741,0.688,4.05,2015ApJS..219...19L,
WDJ055802.46-722848.43,4650712810002383104,25.700642738515516,0.050074782,89.51042589054362,0.049836304,-72.479399847,0.049645536,14.06539492,0.5511818,DC,He,6720,78,8.312,.031,.775,.021,6720,0.775,3.33,2023MNRAS.518.3055O,
WDJ055808.89-542804.68,4767805506952137600,25.244673180469462,0.07588219,89.53915644718725,0.069313176,-54.467467013,0.07868953,14.91378876,1.1642113,DA,H,4850,63,7.922,.053,.532,.031,4988,0.629,7.01,2023MNRAS.518.3055O,
WDJ055900.95-041426.99,3024247796382652800,26.28986948977697,0.07376456,89.75392077631963,0.05866688,-4.241929861,0.053764615,14.08048215,0.7173538,DA,H,6136,67,8.107,.034,.655,.021,6136,0.655,2.74,2012MNRAS.425.1394K,
WDJ060231.11+155304.77,3348678699526809600,26.39490994804068,0.065121084,90.63094792748606,0.059448093,15.884058362,0.051273134,13.84678592,0.5274601,DA,H,6980,88,8.280,.032,.769,.021,6980,0.769,2.80,2015ApJS..219...19L,
WDJ060236.71+090423.60,3329569015639064192,26.807748803443513,0.07763825,90.65342240366166,0.06839645,9.07213032,0.05992526,13.97880473,0.76244736,DA,H,5956,51,7.941,.030,.553,.018,5943,0.546,2.15,2015ApJS..219...19L,
WDJ060717.09+733159.70,1114054838014073984,31.011930841066608,0.06021511,91.81489661556931,0.047271118,73.530629835,0.04382578,14.47642203,0.631485,DA,H,6522,65,8.517,.024,.925,.015,6522,0.925,4.83,2015ApJS..219...19L,
WDJ061614.26-591227.41,5482551252566796928,27.72965636869998,0.02030989,94.05898345735092,0.02057744,-59.209,0.02134392,11.16796344,-0.16831875,DB,He,15349,293,7.981,.032,.579,.018,15349,0.579,0.18,2017ApJ...848...11B,
WDJ061813.08-801155.22,5210778263380292096,27.978254313712544,0.017936073,94.55365946188773,0.016915027,-80.19720285,0.01833997,12.11532207,-0.065693855,DA,H,13397,230,8.400,.014,.860,.009,13397,0.860,0.53,2000BaltA...9..125K,
WDJ061848.64+620425.54,1007682723024253184,25.587256572970063,0.13318165,94.70204421533592,0.07973402,62.073346983,0.08720309,15.09200462,1.2068005,DC,H,4768,92,7.994,.077,.575,.047,4905,0.682,8.28,2020MNRAS.497..130T,
WDJ062006.01+420544.38,960039814744267520,26.54123743255337,0.092492074,95.02563294488134,0.06916848,42.09527554,0.0745815,14.12439584,0.58189964,DA,He,6578,105,8.292,.044,.761,.030,6578,0.761,3.44,2020MNRAS.497..130T,He-rich DA (weak Halpha)
WDJ062047.75+064517.12,3324181683539044224,41.624226305569096,0.075575225,95.2013805505328,0.05194126,6.754696087,0.061105244,14.34369787,0.81527805,DA,H,5796,45,8.123,.026,.663,.017,5801,0.666,3.57,2001ApJS..133..413B,
WDJ062141.64-401618.85,5573532025833121408,42.227081283044974,0.030878121,95.42405108830783,0.026243318,-40.27348493,0.03040918,14.19939332,0.67024136,DZ,He,6151,40,8.262,.017,.756,.011,6151,0.756,4.22,2008AJ....136..899S,
WDJ062620.54-185006.83,2940238304793401472,27.93939090383533,0.044026703,96.58626509193994,0.026155395,-18.83495088,0.034082703,13.22920467,0.46937466,DAZ,H,7302,59,7.968,.024,.574,.014,7302,0.574,1.35,2023MNRAS.518.3055O,
WDJ063038.60-020550.49,3117320802840630400,46.72301326202107,0.028012648,97.66032908702128,0.024677552,-2.098121697,0.024514781,13.56109322,0.60641,DA,H,,,,,,,,,,2011ApJ...743..138G,Gaia photometry contaminated by nearby MS star
WDJ063229.37+223004.62,3382277296672027136,26.89018159959546,0.10053672,98.12167986144814,0.08910927,22.500583707,0.08686264,14.39522168,0.9323063,DA,H,5449,66,7.961,.047,.561,.028,5500,0.593,3.27,2015ApJS..219...19L,
WDJ063235.80+555903.12,995112350178946048,26.99828426736271,0.034396812,98.14945030476899,0.028823748,55.983791552,0.028524134,13.01316783,0.15963268,DAH,H,9996,121,8.520,.023,.932,.015,9996,0.932,1.56,2020MNRAS.497..130T,
WDJ063437.49-283420.88,2895487456076198656,34.66262353950732,0.09527538,98.6581908093209,0.06458717,-28.573884238,0.07499183,15.58944015,1.5648689,DC,H,3823,115,7.684,.075,.417,.032,4066,0.604,9.77,2001ApJ...558..761R,
WDJ063629.99+405428.14,957295438016687616,25.20829965654519,0.06316094,99.12447311864413,0.05757686,40.906841471,0.049497373,13.68143376,0.39143562,DA,H,7826,113,8.424,.033,.866,.022,7826,0.866,2.73,2015ApJS..219...19L,
WDJ063931.88+243546.15,3383000470383852672,27.89540092277549,0.04013313,99.88290038154237,0.035213,24.596532329,0.031894427,12.74201804,0.16351318,DC,He,9245,280,8.122,.069,.654,.044,9245,0.654,0.96,2020MNRAS.497..130T,
WDJ064111.93-043212.31,3103811515783541504,49.01907859588942,0.080842994,100.30304724944999,0.064744234,-4.534505318,0.06859865,15.47172272,1.4889164,DC,H,4062,49,7.758,.034,.451,.016,4292,0.627,9.53,2020MNRAS.497..130T,
WDJ064400.61+092605.76,3326650224581677312,33.2847665122633,0.08058522,101.00213566123341,0.051982548,9.434509256,0.062312867,14.02367257,0.71254826,DAH,H,6171,52,8.084,.026,.640,.016,6171,0.640,2.54,2020MNRAS.497..130T,
WDJ064430.17+273111.39,3386162214851684864,25.921471816422457,0.06762422,101.12498552626177,0.0632833,27.519631677,0.056148253,14.00919329,0.5565796,DA,H,6833,119,8.328,.043,.801,.029,6833,0.801,3.36,2015ApJS..219...19L,
WDJ064509.30-164300.72,2947050466531873024,374.48958852876103,0.2313347,101.28662552099249,0.16483414,-16.720932526,0.22725502,11.39133174,-0.27842712,DA,H,,,,,,,,,,2018MNRAS.480.3942H,Gaia photometry contaminated by nearby MS star
WDJ064604.27-224633.04,2925551818747071488,31.255855134227872,0.08974794,101.51832610479936,0.03888282,-22.776233275,0.06817878,15.20016693,1.3595638,DC,H,4376,55,7.781,.036,.462,.012,4586,0.612,8.41,2023MNRAS.518.3055O,
WDJ064722.15+023108.91,3126453655659835136,55.26764708306417,0.03672693,101.84046221080843,0.032180138,2.519253424,0.029556485,14.29787088,0.5013218,DA,H,7109,50,8.594,.015,.976,.009,7109,0.976,4.31,2018MNRAS.480.3942H,
WDJ064737.99+373057.06,943770757800160384,58.533604542987476,0.043553475,101.9070034261302,0.04322811,37.511682824,0.04224004,10.89309235,-0.29527187,DA,H,21394,432,8.145,.024,.712,.014,21394,0.712,0.07,2018MNRAS.480.3942H,
WDJ064806.66-205839.53,2926944659464115328,36.97145360242068,0.055623602,102.0278656259696,0.028645558,-20.977082405,0.0413782,14.69617263,1.0806236,DA,H,5044,28,7.906,.024,.525,.014,5157,0.600,5.32,2023MNRAS.518.3055O,
WDJ064926.55+752124.97,1115546944012493696,26.36234908885923,0.053409345,102.36225064993394,0.03807635,75.356876434,0.045291003,14.03158253,0.6424351,DAH,H,6437,65,8.203,.028,.717,.018,6437,0.717,3.02,2020MNRAS.497..130T,
WDJ065036.81+165753.86,3358418684623972864,34.25404436247562,0.08348562,102.65250649949851,0.069831416,16.96411819,0.06959508,14.85076728,1.0872021,DA,H,5052,61,8.028,.047,.597,.029,5151,0.671,6.76,2015ApJS..219...19L,
WDJ065326.68+640342.05,1100655330324351616,35.84601104436383,0.05402947,103.35982516607625,0.029129073,64.059908973,0.036977075,14.25986417,0.7876797,DA,H,5898,44,8.119,.023,.661,.015,5893,0.657,3.23,2015ApJS..219...19L,
WDJ065330.21-395429.12,5564029702750970112,40.34032643870324,0.030443083,103.37550887005987,0.025669029,-39.907098655,0.027681045,13.95133704,0.7103863,DA,H,6135,37,8.022,.019,.602,.011,6135,0.602,2.29,2017AJ....154...32S,
WDJ065335.34-395533.29,5564028981196462336,40.265354164460945,0.021967687,103.3968889387815,0.018872125,-39.924904558,0.021267017,13.37958562,0.509984,DA,H,7034,49,7.985,.019,.583,.011,7034,0.583,1.52,2017AJ....154...32S,
WDJ065350.43+635558.04,1100267237077449728,35.973434530627046,0.045283567,103.458772370924,0.025475249,63.931021836,0.029896272,14.04522752,0.7341175,DA,H,6066,41,8.050,.021,.619,.013,6066,0.619,2.51,2015ApJS..219...19L,
WDJ065705.91-390935.68,5564171814627287296,60.55813991669191,0.018015416,104.2729232291956,0.015401293,-39.160579035,0.01645108,13.88670964,0.65077686,DA,H,6370,36,8.080,.016,.638,.010,6370,0.638,2.28,2018MNRAS.480.3942H,
WDJ065729.40+055047.87,3129655296079487872,25.63792960506325,0.115821056,104.37203391886605,0.077090956,5.846505272,0.08942166,14.31037175,0.71689606,DC,He,6010,70,8.189,.039,.691,.025,6010,0.691,3.97,2020MNRAS.497..130T,
WDJ065845.23-011552.84,3112162508466471808,26.677218071511078,0.16851246,104.68962096684132,0.12066824,-1.265898332,0.13913429,15.00195669,1.1505795,DA,H,4940,70,8.057,.059,.615,.037,5050,0.702,7.88,2020MNRAS.497..130T,
WDJ065910.86+122526.52,3160815489969826944,27.045123926823567,0.108227625,104.79534998299148,0.08560098,12.423512059,0.0840677,14.72890188,1.1184216,DA,H,4997,59,7.895,.051,.518,.029,5118,0.598,5.55,2020MNRAS.497..130T,
WDJ070041.91-073418.66,3052418589963163264,39.48305869277363,0.053471513,105.1739103714668,0.041130185,-7.571218047,0.0450282,14.49785595,0.7841053,DC,He,5765,45,8.201,.024,.699,.016,5773,0.705,4.89,2006ApJ...643..402K,
WDJ070051.66+315743.83,890661253803216896,50.970300987420025,0.053303834,105.21711939645007,0.048035283,31.959528067,0.044477835,14.87038199,1.1587152,DA,H,4873,40,7.907,.032,.524,.018,5010,0.619,6.69,2018MNRAS.480.3942H,
WDJ070154.84-062746.23,3052844272764398208,48.31878474123209,0.030580536,105.47819286729235,0.023166748,-6.466787117,0.024281953,13.72141401,0.63682365,DA,H,6445,39,7.989,.018,.583,.011,6445,0.583,1.91,2011ApJ...743..138G,
WDJ070219.72-585009.02,5480556532316697216,34.02265603917002,0.020165501,105.58174887557112,0.019507106,-58.834941162,0.019079164,12.24140007,-0.07301521,DA,H,13443,231,8.487,.013,.916,.009,13443,0.916,0.61,2011ApJ...743..138G,
WDJ070356.98+780504.72,1140292483988569856,41.5133492890241,0.035681218,105.98625709703711,0.026271556,78.084106154,0.030195532,14.34598387,0.9595232,DA,H,5357,27,7.862,.020,.503,.011,5428,0.544,2.84,2020MNRAS.497..130T,
WDJ070357.43+253418.34,883006556929519872,39.05155844860329,0.028008621,105.98898550592637,0.022723041,25.571512274,0.022067314,11.84970985,0.002699852,DBA,He,11428,144,7.949,.025,.554,.014,11428,0.554,0.43,2020MNRAS.497..130T,
WDJ070549.32+514250.52,980918204822332416,25.10511412682852,0.15887468,106.45639411132362,0.09188215,51.711985179,0.08849783,15.037701,1.0715065,DA,H,5084,64,8.181,.050,.695,.033,5166,0.765,8.01,2020MNRAS.497..130T,
WDJ070551.92-083526.76,3051506991743533184,39.4223917467585,0.081232674,106.46631765199523,0.06728071,-8.592665767,0.07024133,15.12264685,1.4163666,DC,H,4617,343,7.895,.258,.516,.143,4786,0.640,8.14,2023MNRAS.518.3055O,
WDJ070555.11-505255.45,5504790696302830208,26.935331548164495,0.04242758,106.48065604591164,0.040537767,-50.879600684,0.041454796,13.98462663,0.6630516,DC,He,6202,66,8.051,.033,.604,.020,6202,0.604,2.46,1997ApJS..108..339B,
WDJ070852.28-670631.43,5280944182024023552,58.961279631199595,0.030661715,107.21527304405794,0.027551152,-67.10914626,0.031260073,14.8123795,1.1479731,DCP,H,4862,22,7.8597,.0184,.4967,.0102,5007,0.593,6.18,2020A&A...643A.134B,
WDJ071014.34+374019.47,946030529073021440,41.02930630328309,0.036173355,107.55848561666394,0.031496525,37.670845951,0.031160655,13.57773087,0.49105358,DQ,He,6807,41,7.959,.022,.550,.013,6807,0.550,1.65,2015ApJS..219...19L,
WDJ071206.15-042815.30,3059515898856688000,27.571878532719392,0.095554024,108.02531534339909,0.07872008,-4.470000742,0.08974041,14.67375378,0.9564457,DA,H,5367,80,8.109,.054,.651,.034,5421,0.691,5.38,2020MNRAS.497..130T,
WDJ071550.55-370642.20,5589354543620145024,29.23485623517561,0.039043706,108.9591570899495,0.033338316,-37.111021246,0.034459416,13.91695081,0.48015976,DA,H,7236,67,8.409,.022,.855,.014,7236,0.855,3.32,2023MNRAS.518.3055O,
WDJ071703.10+112541.55,3156974449176326528,33.723788574664404,0.082111515,109.26142807841764,0.07063253,11.427408015,0.06223445,14.86545879,1.2116756,DA,H,4740,54,7.812,.037,.480,.014,4906,0.590,6.72,2020MNRAS.497..130T,
WDJ071801.90+454753.07,974375354722176768,28.179171147673355,0.033467427,109.50718843160705,0.029739147,45.797270998,0.031567343,12.40413507,0.10304928,DC,He,9935,120,8.048,.028,.609,.017,9935,0.609,0.71,2015ApJS..219...19L,
WDJ072205.61+280626.98,885100916128136064,27.44443834091318,0.09180516,110.5243812346018,0.08798154,28.107237761,0.07961626,14.70754974,1.0302086,DA,H,5219,73,8.038,.053,.605,.033,5296,0.661,5.61,2020MNRAS.497..130T,
WDJ072251.38-304234.38,5605383430285597696,42.719650268978846,0.06726724,110.71580901059795,0.04731998,-30.707895364,0.055460185,15.57447344,1.0535984,DA,H,5141,41,8.561,.023,.950,.015,5197,1.014,9.01,2023MNRAS.518.3055O,
WDJ072300.22+161703.98,3169486960220617088,26.898788901515665,0.03513716,110.75082520240822,0.030911772,16.284675051,0.025399031,12.23176963,0.021308899,DA,H,11734,193,8.321,.024,.806,.016,11734,0.806,0.67,2020MNRAS.497..130T,
WDJ072434.96-133828.38,3032020450247993600,27.596665727860515,0.12811232,111.14659429384486,0.091370195,-13.643274488,0.08469742,14.95751307,1.1162548,DA,H,5008,58,8.074,.047,.626,.030,5108,0.705,7.59,2020MNRAS.497..130T,
WDJ072704.15+143440.30,3166841329084630784,32.05991514330606,0.059731133,111.7679543019123,0.060961496,14.577371003,0.047793675,14.23600384,0.845335,DA,H,5695,49,7.990,.030,.580,.018,5713,0.591,2.73,2015ApJS..219...19L,
WDJ073024.53+533211.95,983979721933760768,27.622922661165948,0.13037498,112.60414472110556,0.08070502,53.536256351,0.08943194,15.14586414,1.2996979,DC,H,4589,77,7.895,.068,.515,.039,4761,0.642,8.27,2020MNRAS.497..130T,
WDJ073326.40-445325.34,5510964144860346496,25.59853140193341,0.024414837,113.36056651068681,0.020672824,-44.89045836,0.023421591,12.37610425,0.20563793,DA,H,9409,83,7.998,.022,.597,.013,9409,0.597,0.74,2023MNRAS.518.3055O,
WDJ073330.88+640927.44,1089400763661597440,50.06421573579301,0.03907864,113.37909878073626,0.02361243,64.156476134,0.027642366,14.49832909,1.0407381,DA,H,5140,25,7.824,.020,.480,.011,5249,0.544,3.50,2023MNRAS.520.6111H,
WDJ073337.81-425357.25,5536077746353130240,29.671375455419092,0.017748766,113.40795733715207,0.014237352,-42.896226452,0.017517895,11.5482514,-0.14064407,DA,H,15032,230,8.155,.018,.706,.011,15032,0.706,0.26,2011ApJ...743..138G,
WDJ073427.47+484115.28,976040702520790400,30.760284103926914,0.03055221,113.61355418816183,0.024801655,48.686720451,0.023093026,12.37156071,-0.08981037,DA,H,14100,243,8.595,.014,.984,.009,14100,0.984,0.65,2015ApJS..219...19L,
WDJ074020.79-172449.16,5717278911884258176,109.34396565048813,0.018100515,115.09192337695882,0.01023486,-17.416066116,0.010978539,13.1641811,0.341712,DZA,He,7650,62,8.201,.017,.720,.011,7650,0.720,1.86,2018MNRAS.480.3942H,
WDJ074508.95+262706.45,874900643675606912,25.537296805072955,0.23978734,116.28992179692534,0.19698194,26.448594015,0.19402605,15.74699162,1.5453739,DC,H,3789,525,7.784,.356,.462,.185,4010,0.649,10.53,2015ApJS..219...19L,
WDJ074538.43-335551.34,5588614164276695424,64.81789959144726,0.035157986,116.40863552530242,0.025807532,-33.92345928,0.030963924,15.31445077,1.3848267,DC,H,4293,24,7.798,.011,.461,.001,4509,0.619,8.78,2018MNRAS.480.3942H,
WDJ074725.88+440848.32,926002203218885504,26.08988218684488,0.031303048,116.85726998867094,0.026278244,44.146022602,0.021171678,11.99297259,-0.13677883,DA,H,15198,258,8.443,.019,.890,.012,15198,0.890,0.41,2015ApJS..219...19L,
WDJ074730.10+110734.70,3151407827963355136,36.20611500756712,0.06641926,116.87574034362902,0.06518164,11.12549567,0.046998024,14.41897463,0.37981033,DA,H,7817,184,8.832,.042,1.115,.022,7817,1.115,4.01,2015ApJS..219...19L,
WDJ075014.58+071148.92,3144837318276010624,54.967470992623305,0.061062165,117.56171561701433,0.05576812,7.188998643,0.040492542,15.29254678,1.4003468,DC,H,4280,31,7.783,.024,.463,.011,4496,0.622,8.87,2018MNRAS.480.3942H,
WDJ075015.34+071137.10,3144837112115126400,55.10484642598936,0.05568983,117.56486467239435,0.051466398,7.185680555,0.037946176,15.05133398,1.2336988,DC,H,4680,30,7.894,.025,.515,.014,4842,0.632,7.79,2018MNRAS.480.3942H,
WDJ075252.85-030707.97,3080914632816248448,26.898000309467132,0.13721198,118.21988931324799,0.12510882,-3.118414123,0.080500655,15.14956697,1.2872334,DC,H,4549,101,7.863,.079,.497,.039,4731,0.629,8.17,2020MNRAS.497..130T,
WDJ075305.33+612203.57,1084764020047940096,28.551170646651435,0.039274007,118.27080481648353,0.026062103,61.367371403,0.027111627,13.2342376,0.31111145,DC,He,7921,69,8.111,.023,.645,.014,7921,0.645,1.39,2017MNRAS.472.4173R,
WDJ075308.14-674731.38,5273943488410008832,122.41301924617866,0.011389391,118.30118445721946,0.01144508,-67.79867245,0.011561106,14.21665305,0.85930157,DA,H,5630,24,7.948,.014,.554,.008,5657,0.570,2.66,2018MNRAS.480.3942H,
WDJ075313.28+423001.69,925532265076649472,36.47592121604996,0.109085605,118.30598914907088,0.08317328,42.498714312,0.068449914,15.04336835,1.2758026,DC,H,4585,53,7.808,.038,.467,.015,4773,0.595,7.41,2015ApJS..219...19L,
WDJ075327.26+522931.47,984190381489031424,45.828726282826146,0.037203718,118.36293911754456,0.030191142,52.490939862,0.024424518,13.83867894,0.40649986,DC,He,7259,63,8.318,.020,.780,.013,7259,0.780,2.71,2015ApJS..219...19L,
WDJ075328.47-511436.98,5513896164414899456,30.564841117346543,0.025447091,118.36808586213324,0.023750909,-51.242833502,0.024037424,13.03148371,0.22583485,DAH,H,9283,97,8.388,.022,.845,.014,9283,0.845,1.40,2023MNRAS.518.3055O,
WDJ075356.62-252401.48,5602379190880667904,56.122604596461876,0.036141597,118.48444426494447,0.01684458,-25.399493235,0.024698926,14.77919809,1.1156178,DA,H,4939,21,7.897,.018,.518,.010,5068,0.605,6.04,2018MNRAS.480.3942H,
WDJ075447.40-241527.71,5698587862747531008,26.54253821477268,0.07079772,118.69726684636166,0.03608757,-24.257083321,0.046710048,14.35330726,0.77386856,DAH,H,5942,54,8.205,.029,.717,.019,5933,0.711,3.90,2023MNRAS.518.3055O,
WDJ075508.95-144550.95,5725503293214289280,25.54704881121834,0.015758468,118.787010948362,0.010510483,-14.765529172,0.009607606,10.58970169,0.011130333,DA,H,,,,,,,,,,2011ApJ...743..138G,Gaia photometry contaminated by nearby MS star
WDJ075601.23+574159.82,1081813343155426560,34.02415584354481,0.02856539,119.00460878543225,0.02008669,57.698000264,0.019708917,12.68079579,0.12788677,DC,He,9614,100,8.170,.023,.685,.015,9614,0.685,0.93,2015ApJS..219...19L,
WDJ075631.12+413951.00,922434906461782272,30.55687282256138,0.05624213,119.12962779462013,0.051702045,41.662600113,0.04007255,14.07338653,0.5784073,DA,H,6749,70,8.349,.026,.814,.017,6749,0.814,3.61,2015ApJS..219...19L,
WDJ075959.58+433521.10,923023248261420672,45.5404743108346,0.050161853,119.9964292531568,0.038268372,43.589911946,0.0358991,14.43542975,0.47968102,DCP,H,7215,72,8.695,.020,1.038,.012,7215,1.038,4.44,1995ApJ...451L..67P,
WDJ080131.87+485252.55,933287876501371520,27.909078582449638,0.10055483,120.38204021412537,0.07902155,48.881283417,0.06830926,14.67072849,1.04772,DA,H,5066,66,7.898,.054,.520,.031,5177,0.592,4.99,2015ApJS..219...19L,
WDJ080151.04-282831.73,5597759970724418688,28.536103596783406,0.056324754,120.46329750215591,0.032049008,-28.475904326,0.04246344,14.07421036,0.81329155,DQpec,He,5681,42,7.846,.028,.482,.015,5705,0.494,2.56,2023MNRAS.518.3055O,
WDJ080440.63+223949.68,680099824985004288,25.374012308594423,0.11761064,121.1693081616354,0.089623734,22.662360192,0.06756268,14.67871273,1.0079479,DZ,He,5173,67,8.051,.050,.613,.031,5255,0.674,6.21,2018ApJ...867..161B,
WDJ080527.58+073535.64,3145802036649641472,29.082711246555924,0.10797273,121.36454919817187,0.08457343,7.5915477,0.057745058,14.67592846,0.97190857,DA,H,5339,67,8.095,.047,.641,.030,5397,0.684,5.40,2015ApJS..219...19L,
WDJ080557.67+383344.66,908962109449446656,48.47364548163313,0.06448311,121.48675711924342,0.054782484,38.559958354,0.04463942,15.03918241,1.1384573,DA,H,4906,32,8.061,.025,.617,.016,5020,0.708,8.11,2015ApJS..219...19L,
WDJ080653.75-661816.70,5274517467840296832,51.997041070084805,0.014122055,121.72768417594438,0.013812138,-66.305923649,0.01381604,12.24482815,0.06538963,DQ,He,10393,114,8.041,.023,.605,.014,10393,0.605,0.63,1973MNRAS.163..381W,
WDJ080833.93-530059.48,5320436784269889792,33.293423369031004,0.08465575,122.14154627635229,0.07115818,-53.017034132,0.09017217,15.42162627,1.4581013,DZA,H,4140,95,7.780,.062,.461,.025,4363,0.632,9.41,2023MNRAS.518.3055O,
WDJ080911.21+352757.08,905923368548465152,28.41781844051787,0.028510148,122.29641391165619,0.023120362,35.465475561,0.019646542,12.34998568,0.27352715,DA,H,8771,76,7.804,.024,.488,.012,8771,0.488,0.70,2015ApJS..219...19L,Double degenerate candidate
WDJ080946.17+292032.24,876571935709366272,31.012846153172298,0.041958723,122.44320106973916,0.03732696,29.341960613,0.027453253,13.52907912,0.517746,DA,H,7021,60,8.080,.023,.641,.015,7021,0.641,1.76,2015ApJS..219...19L,
WDJ081200.29-610809.79,5290126272348542080,25.01895300752201,0.05062263,123.00075781004733,0.048086055,-61.135492896,0.051659618,14.08389066,0.68720245,DA,H,6261,58,8.167,.027,.693,.018,6261,0.693,3.03,2023MNRAS.518.3055O,
WDJ081227.07-352943.32,5544743925212648320,89.50642598239092,0.015485769,123.11241756747457,0.011394606,-35.495497597,0.012949865,14.10557908,0.6834936,DAH,H,6239,30,8.178,.013,.700,.009,6239,0.700,3.16,2023MNRAS.518.3055O,
WDJ081237.81+173701.43,657056745624156416,36.97697837962918,0.025288729,123.15787857771257,0.020888582,17.616675388,0.01629087,11.2687151,-0.17600346,DA,H,16028,271,8.045,.021,.641,.012,16028,0.641,0.18,2015ApJS..219...19L,
WDJ081325.13+195729.18,675615677264385536,28.20132685172155,0.17599252,123.35410640150911,0.15271026,19.957924446,0.10144535,15.56375971,1.4783363,DC,H,4084,131,7.828,.095,.476,.047,4303,0.651,9.84,2020MNRAS.497..130T,
WDJ081411.17+484529.81,931573222477949696,58.464372325374796,0.028168336,123.54697243834943,0.021087155,48.757153085,0.014885788,13.77863746,0.55190563,DC,He,6709,42,8.119,.018,.647,.011,6709,0.647,2.18,2018MNRAS.480.3942H,
WDJ081630.14-464113.24,5516345223493485952,43.48066310471772,0.05911103,124.12809430811842,0.04557732,-46.686079026,0.058712162,15.32953479,1.416853,DC,H,4236,35,7.783,.027,.463,.013,4455,0.626,9.06,2023MNRAS.518.3055O,
WDJ081642.04+213735.82,676031052142751488,25.41149460571867,0.072500035,124.17466976410314,0.060954683,21.624870659,0.041769855,13.87116905,0.723259,DA,H,6129,53,7.954,.029,.561,.017,6129,0.561,2.06,2015ApJS..219...19L,
WDJ081716.19-680838.31,5271072526109138176,25.71869041353197,0.10471084,124.31319555776628,0.096314594,-68.142042087,0.10758669,15.20858725,1.356535,DQpec,He,4443,97,7.825,.073,.475,.034,4642,0.618,7.12,2023MNRAS.518.3055O,
WDJ081840.26-311020.33,5548080118369905408,51.65081040631305,0.02400505,124.66898810296499,0.015191334,-31.175806602,0.019060617,13.9522107,0.54034805,DZH,He,6754,49,8.329,.017,.802,.011,6754,0.802,3.48,2019A&A...630A..65B,
WDJ081843.92-151208.31,5723025990435533056,30.412475621671383,0.13600321,124.68326365162834,0.0868281,-15.202597185,0.07671266,15.13950787,1.3987389,DZ,H,3982,205,7.410,.162,.306,.059,4303,0.487,7.09,2023MNRAS.518.3055O,Double degenerate candidate
WDJ082126.70-670320.02,5272690766709543680,93.67197325627788,0.019502597,125.3567266023035,0.019804014,-67.05262825,0.018245209,14.93548435,1.1778765,DA,H,4793,21,7.902,.017,.520,.010,4941,0.624,7.18,2018MNRAS.480.3942H,
WDJ082532.35-072823.21,5753337533146097280,28.18836316738727,0.024402834,126.38450037108348,0.021323808,-7.47297159,0.014671364,11.20579829,-0.15839577,DA,H,15370,253,7.952,.021,.586,.012,15370,0.586,0.17,2020MNRAS.497..130T,
WDJ082533.15-510730.83,5322552760038496512,37.42486806363798,0.046435796,126.38612469395225,0.04077431,-51.1244107,0.0459273,14.82535639,1.092823,DC,He,4953,30,7.943,.025,.534,.015,5072,0.616,6.17,2023MNRAS.518.3055O,
WDJ083039.46+324147.23,710766750855439360,44.665353802349244,0.0398835,127.6636415245351,0.032937527,32.694110282,0.02568484,13.88694989,0.47031498,DA,H,7286,54,8.403,.017,.851,.011,7286,0.851,3.23,2015ApJS..219...19L,
WDJ083123.38+333148.95,710947968027922176,25.0700347548146,0.08495477,127.84768638931226,0.07090396,33.52962192,0.054342624,14.32065068,0.8418217,DA,H,5764,62,8.093,.037,.644,.023,5773,0.650,3.41,2015MNRAS.446.4078K,
WDJ083150.62-164329.97,5709868512742196608,27.739653916571708,0.18142463,127.96353620433617,0.11689768,-16.727218137,0.0898136,15.55209719,1.4954071,DC,H,3941,148,7.732,.096,.439,.039,4177,0.622,9.75,2020MNRAS.497..130T,
WDJ083601.68-100607.45,5748802661860766208,29.021699927791328,0.08673065,129.00695161392923,0.06346551,-10.103039942,0.04887448,14.66333224,1.0461254,DZA,H,5137,49,7.947,.039,.549,.023,5233,0.614,5.09,2016MNRAS.458..325K,
WDJ083759.16-501745.76,5322090003089341440,31.521877370886113,0.019103125,129.4946506540305,0.016576186,-50.295277668,0.01832693,12.08852238,-0.029542923,DA,H,12485,155,8.314,.014,.802,.009,12485,0.802,0.56,2023MNRAS.518.3055O,
WDJ084132.43-325632.92,5639391810273308416,117.3961254185898,0.020453347,130.37950135632184,0.011610207,-32.936494966,0.01605129,12.17066382,0.23041058,DA,H,9086,70,7.770,.020,.472,.010,9086,0.472,0.61,2018MNRAS.480.3942H,Double degenerate candidate
WDJ084248.46-134713.21,5734737438536674432,67.52160151805477,0.032935813,130.70071948402688,0.02487901,-13.787113109,0.01956632,14.74016667,0.8968487,DZ,He,5388,27,8.262,.016,.752,.010,5433,0.790,6.56,2018MNRAS.480.3942H,
WDJ084257.61+240930.84,690287663506579328,26.324403908327472,0.08556259,130.73952478627928,0.06499186,24.158340798,0.02812447,14.13358473,0.8089676,DA,H,5812,45,7.982,.029,.576,.017,5816,0.578,2.49,2015ApJS..219...19L,
WDJ084515.55+611705.79,1042071701528617856,28.572940116783734,0.07236077,131.31481879686416,0.0557686,61.284631247,0.049787417,14.45337965,0.8983097,DA,H,5543,50,8.061,.033,.622,.020,5578,0.646,3.91,2020MNRAS.497..130T,
WDJ084516.87+611704.81,1042071701528617728,28.586495838101396,0.06368104,131.3203418355114,0.049071282,61.284387466,0.04449808,14.26586261,0.7940502,DAH,H,5875,55,8.110,.030,.655,.019,5872,0.653,3.22,2020MNRAS.497..130T,
WDJ084635.27-362206.68,5625513014289760128,30.89269911428532,0.070292234,131.646210629838,0.045482967,-36.368564594,0.05739712,14.85192827,1.1480904,DA,H,4891,35,7.910,.030,.526,.017,5025,0.619,6.60,2023MNRAS.518.3055O,
WDJ084644.41+353833.56,717393648787722624,40.71812474390227,0.03008195,131.68420143770686,0.021958575,35.642359303,0.014932787,12.79269284,0.17022991,DZA,He,9146,87,8.359,.019,.827,.012,9146,0.827,1.52,2012ApJS..199...29G,
WDJ084909.48+342947.73,716504796716020352,32.427634250180944,0.03761492,132.2888165397682,0.02745959,34.496627038,0.019638732,13.12541833,0.44569778,DAZ,H,7445,59,7.944,.022,.560,.013,7445,0.560,1.24,2003ApJ...596..477Z,
WDJ084957.48-015612.38,3073747187092773632,35.83286645656698,0.08029382,132.48992555999462,0.075187854,-1.937605122,0.037915256,14.89363976,1.1500664,DC,H,4884,34,7.935,.030,.540,.017,5015,0.633,6.93,2020MNRAS.497..130T,
WDJ085021.30-584806.21,5302618648583292800,42.95701736036224,0.081023365,132.58517275276228,0.06822805,-58.799684583,0.08814463,15.6774156,0.7390747,DZA,H,5784,51,8.902,.020,1.149,.010,5788,1.153,6.56,2023MNRAS.518.3055O,
WDJ085140.49+162454.38,611645983387812992,32.4004915329676,0.058401085,132.91681776566992,0.050215818,16.414429485,0.026692359,14.15514099,0.7427101,DC,He,5907,42,8.031,.025,.590,.015,5900,0.586,3.00,2015ApJS..219...19L,
WDJ085357.69-244656.23,5652718097353105664,38.84366554322278,0.12579931,133.493382531735,0.08505669,-24.781594568,0.08592056,15.87521103,1.0762329,DC,He,,,,,,,,,,2022ApJ...934...36B,IR-faint white dwarf with collision-induced absorption in the infrared. Multiple solutions for Gaia stellar parameters
WDJ085430.49-250848.99,5652689406971618048,31.883189754776836,0.05185416,133.62751589209054,0.03475599,-25.147182571,0.031359687,13.97851782,0.5939636,DA,H,6648,61,8.249,.024,.748,.016,6648,0.748,3.07,2023MNRAS.518.3055O,
WDJ085534.72-083345.34,5755957119598921728,30.195444072415246,0.12119288,133.8942637469888,0.08848035,-8.5646727,0.06986394,15.0444071,1.2840729,DC,H,4579,61,7.803,.045,.464,.018,4769,0.592,7.35,2020MNRAS.497..130T,
WDJ085804.42+681338.66,1117334024067935872,26.206331046039235,0.105597965,134.51892110131905,0.0641839,68.227162381,0.08154977,15.20956011,1.2203293,DC,H,4740,72,8.061,.058,.617,.037,4871,0.727,8.97,2020MNRAS.497..130T,
WDJ085830.87+412635.75,912718071240545152,26.198430969639848,0.071221925,134.6280725115724,0.052480347,41.441589604,0.044219736,13.94405041,0.5030041,DAH,H,7097,74,8.380,.026,.836,.017,7097,0.836,3.33,2009A&A...506.1341K,
WDJ085912.92-005842.86,5764485618978306176,54.77962132794597,0.047101453,134.80451030320216,0.041583944,-.979103997,0.022364773,14.79641013,1.0989103,DC,H,4997,25,7.947,.020,.548,.012,5112,0.628,6.21,2018MNRAS.480.3942H,
WDJ085914.71+325712.16,712888090655562624,43.36369273523005,0.03258181,134.80958284410502,0.024936683,32.953361564,0.016188858,13.25522829,0.12824917,DQ (warm),He,10015,102,8.622,.017,.982,.010,10015,.982,1.90,2023MNRAS.521..760V,
WDJ090148.66+360707.76,715357559411376128,29.425714668206428,0.02902163,135.45219046168717,0.022699,36.118032375,0.016652329,11.8998901,0.009489059,DA,H,11721,134,8.107,.018,.669,.011,11721,0.669,0.48,2015ApJS..219...19L,
WDJ090208.37+201051.57,684598618544000384,26.124206897947357,0.12184895,135.53532090832815,0.09995659,20.17952759,0.07373602,14.86239157,1.4693851,DQ,He,,,,,,,,,,2019MNRAS.490.4166B,No Gaia fit attempted due to strong C2 molecular bands
WDJ090212.89-394553.32,5620763437599189376,27.46146710804619,0.031886324,135.5541657074046,0.023346454,-39.764881394,0.025659105,13.19181468,0.2809887,DAH,H,8768,100,8.368,.024,.831,.016,8768,0.831,1.64,2023MNRAS.518.3055O,
WDJ090217.30-040655.48,5762406957886626816,26.370669901471793,0.039064355,135.5720608891601,0.029898582,-4.115383596,0.016219826,10.27534281,-0.3406992,DA,H,23799,478,7.875,.027,.566,.014,23799,0.566,0.02,2011ApJ...743..138G,
WDJ090242.68+312043.51,711744456827031680,29.517117100898272,0.03953959,135.67739496479945,0.027132267,31.345376777,0.016681675,12.56219369,0.16532421,DA,H,9849,90,8.222,.021,.737,.013,9849,0.737,0.90,2015ApJS..219...19L,
WDJ090532.93+731454.95,1123700235048742016,38.95967566493263,0.05557456,136.38201415229835,0.03480576,73.246495391,0.04513192,14.70411966,1.0441036,DC,He,5065,26,7.930,.022,.527,.013,5129,0.601,5.85,2015ApJS..219...19L,
WDJ090633.51-262656.02,5648566371510973824,41.34203001692174,0.062216498,136.63982166578865,0.047645666,-26.44926337,0.044294845,14.79357899,1.0997105,DA,H,4990,35,7.945,.028,.547,.017,5106,0.628,6.25,2023MNRAS.518.3055O,
WDJ090734.25-360907.93,5624029566946316928,25.31903682133973,0.07689288,136.89253206334982,0.046822257,-36.152780541,0.061694168,14.5857059,1.020937,DA,H,5217,58,7.947,.044,.550,.026,5302,0.606,4.47,2023MNRAS.518.3055O,
WDJ090834.39+172148.53,611074413433751680,30.67609488820499,0.058526397,137.14241379005358,0.051146127,17.362091104,0.038391765,14.02516036,1.1153269,DC,H,4945,60,7.322,.049,.282,.015,5170,0.368,2.11,This work,Double degenerate candidate
WDJ090912.98-224625.86,5651964996310470144,25.409736167014067,0.16227819,137.3032267935685,0.1184066,-22.774154481,0.11247715,15.30503178,1.3350143,DC,H,4461,101,7.918,.088,.528,.052,4641,0.669,9.07,2020MNRAS.497..130T,
WDJ091216.42+253822.40,688606063549945600,26.46853129618612,0.07467585,138.06870612712666,0.061252777,25.639089067,0.041140907,13.74443922,0.62270737,DA,H,6495,74,8.025,.036,.605,.022,6495,0.605,1.98,2015ApJS..219...19L,
WDJ091228.06-264201.50,5649808720867457664,27.481674408815717,0.048832785,138.11673521214567,0.02701931,-26.701037442,0.037870172,13.60701395,-0.054647446,DA,H,13436,278,9.188,.020,1.268,.006,13436,1.268,1.72,2023MNRAS.518.3055O,
WDJ091245.05+195155.93,636732410620758016,29.453042570307137,0.12312245,138.18725687198966,0.10577956,19.86454892,0.091558255,14.84043083,1.0648937,DA,H,5122,65,8.069,.050,.623,.031,5209,0.689,6.70,2015ApJS..219...19L,
WDJ091353.95+620601.69,1040160612880069888,31.865705970899842,0.05726009,138.47475317354397,0.03193337,62.099581076,0.036373746,14.36667372,0.85043716,DA,H,5684,34,8.079,.021,.635,.013,5702,0.647,3.54,2020MNRAS.497..130T,
WDJ091556.08+532523.86,1022780838739029120,97.34496900005604,0.021751553,138.97555324978268,0.0156158935,53.418310584,0.013578713,13.72375256,0.4155779,DCP,He,7155,59,8.217,.020,.712,.013,7155,0.712,2.26,2018MNRAS.480.3942H,
WDJ091600.94-421520.68,5427528254746168192,44.352647611663194,0.043621037,139.0040832179856,0.032857414,-42.256648801,0.037640177,14.80108375,1.0422192,DZH:,He,5046,31,8.050,.023,.612,.014,5144,0.687,6.64,2023MNRAS.518.3055O,
WDJ091602.69+101110.69,591040864898749312,25.902978910531786,0.042829633,139.01196780707983,0.03658769,10.185939676,0.027868073,12.81046756,0.20568085,DQZ,He,8819,98,8.066,.028,.618,.017,8819,0.618,1.00,2013ApJS..204....5K,
WDJ091620.71-631117.21,5297051821220130560,42.8215722856158,0.018891064,139.08520030780426,0.016583713,-63.188707476,0.017121246,12.94817105,0.14153099,DA,H,10111,97,8.509,.017,.925,.011,10111,0.925,1.45,2023MNRAS.518.3055O,
WDJ091640.76+435941.59,818602457173176192,29.825611869725027,0.039526314,139.16984717746362,0.030383265,43.993691509,0.017970873,12.68467081,0.29479122,DA,H,8587,71,7.992,.022,.592,.013,8587,0.592,0.92,2015ApJS..219...19L,
WDJ091708.67-454613.68,5423545067716723712,35.30793806874175,0.03490413,139.28572099822318,0.026157552,-45.770470107,0.031649396,13.82772778,0.6612301,DAZ,H,6329,40,8.022,.019,.603,.012,6329,0.603,2.11,2023MNRAS.518.3055O,
WDJ091808.59-443724.25,5423896396040719744,35.26898039189224,0.05188843,139.5334458631326,0.041059803,-44.621996185,0.042353045,14.56847352,0.9710846,DAH,H,5332,36,8.020,.025,.595,.015,5396,0.639,4.58,2023MNRAS.518.3055O,
WDJ092256.07+010310.15,3843957354387777152,30.904998327107847,0.057259165,140.73346095181466,0.054506358,1.051581132,0.038370196,13.94891162,0.73656845,DAZ,H,6061,41,7.978,.023,.575,.013,6061,0.575,2.21,2015ApJS..219...19L,
WDJ092430.85+312033.52,700531568527365376,26.18565784987488,0.16410224,141.1275265907068,0.13625784,31.340986296,0.100397974,15.06480844,1.1962795,DC,H,4802,94,7.999,.080,.578,.049,4935,0.681,8.14,2015ApJS..219...19L,
WDJ092449.05-491529.60,5314177402013456256,44.3077163968993,0.03649356,141.19944576930564,0.03140913,-49.255716231,0.032100916,14.59065184,0.8944702,DC,H,5550,33,8.169,.019,.691,.012,5581,0.714,4.95,2023MNRAS.518.3055O,
WDJ092542.84+612012.85,1039163458912998272,36.418482444452685,0.022966078,141.42925684440817,0.015312217,61.337119387,0.015305226,12.73086022,0.36541176,DA,H,8009,63,7.847,.022,.508,.012,8009,0.508,0.91,2020MNRAS.497..130T,
WDJ092840.23+184114.96,633911196927706880,27.41425491280917,0.06906222,142.16834589106065,0.057312135,18.686386696,0.049282137,13.71637323,0.41931725,DA,H,7634,91,8.400,.028,.850,.019,7634,0.850,2.81,2015ApJS..219...19L,
WDJ092907.98-713358.99,5219215228420645248,39.14007615627874,0.019106898,142.27912537923171,0.018316204,-71.564857004,0.018393654,12.99834333,0.30828476,DA,H,8440,71,8.170,.020,.701,.013,8440,0.701,1.25,2011ApJ...743..138G,
WDJ092943.17-173250.68,5681903877597244032,30.082279977782214,0.23931824,142.43136651413647,0.18185578,-17.548790593,0.17861263,13.30997074,0.44529533,DA,H,7451,79,8.072,.038,.636,.023,7451,0.636,1.49,2011ApJ...743..138G,Gaia non-single-star: period 238 days
WDJ093011.42-295943.38,5633102260158519936,30.53195417737113,0.0731876,142.54827449404186,0.050398212,-29.995038441,0.05059792,14.67169601,1.061346,DA,H,5102,59,7.928,.046,.538,.027,5205,0.606,5.11,2023MNRAS.518.3055O,
WDJ093341.05+291123.32,696261653777188864,33.9640815204423,0.04848242,143.4202338763156,0.036359966,29.189022516,0.026251864,13.56863637,0.33107185,DA,H,8278,77,8.477,.020,.902,.013,8278,0.902,2.59,2015ApJS..219...19L,
WDJ093659.79-372130.80,5436014972680358784,38.09532101907259,0.02104008,144.2472834660978,0.012308924,-37.35780984,0.015885115,12.68411719,0.15679932,DQ,He,9232,89,8.089,.022,.633,.014,9232,0.633,0.92,2005ApJ...627..404D,
WDJ093659.94-372126.91,5436014972680358272,38.14894139466596,0.02345998,144.24786563535795,0.013783656,-37.356669138,0.017585604,13.04686246,0.37368107,DA,H,7911,63,8.049,.020,.624,.012,7911,0.624,1.23,2011ApJ...743..138G,
WDJ093736.24-385223.21,5432789383518999168,28.989308532262484,0.050446767,144.39855088975662,0.03616222,-38.871381045,0.03884212,14.27462528,0.8622322,DA,H,5657,45,7.999,.028,.585,.017,5679,0.599,2.86,2023MNRAS.518.3055O,
WDJ093931.74+495148.29,826275295988399232,29.280170479054306,0.07986873,144.87954814477422,0.053731065,49.863352983,0.055717956,14.56900901,0.7583065,DA,H,5997,59,8.369,.028,.826,.019,5985,0.817,4.97,2015ApJS..219...19L,
WDJ093948.69-145836.69,5688717241916173568,28.158351931554613,0.14925815,144.95040824947756,0.11677755,-14.976977665,0.12425195,15.45764216,1.4679203,DC,H,4128,121,7.793,.086,.468,.038,4349,0.640,9.57,2020MNRAS.497..130T,
WDJ094052.75-423225.46,5425208663166556288,26.71251588443601,0.06529268,145.22014550761932,0.045139402,-42.540073547,0.05396524,14.33756297,0.76174545,DC,He,5857,55,8.136,.031,.656,.020,5856,0.655,4.05,2023MNRAS.518.3055O,
WDJ094240.23-463717.68,5410698683096655360,48.834293624743665,0.025127925,145.66808539065448,0.020503987,-46.621755561,0.021447605,14.04104255,0.75430393,DAH,H,5974,30,8.008,.016,.592,.010,5960,0.584,2.36,2023MNRAS.518.3055O,
WDJ094346.61-070348.73,3820383996887145088,34.77579321692736,0.04819578,145.94399301668562,0.039135773,-7.065455075,0.035742808,13.96984122,0.75508595,DA,H,5990,40,7.954,.022,.560,.013,5974,0.551,2.15,2011ApJ...743..138G,
WDJ094639.07+435452.24,820105214691139584,31.2216410211288,0.020063758,146.66279111984443,0.01523052,43.915784877,0.012307904,10.81302663,-0.1152153,DA,H,13821,201,7.575,.016,.423,.005,13821,0.423,0.15,2015ApJS..219...19L,Double degenerate candidate
WDJ094806.16+202315.28,639665392247496576,26.87858435928395,0.119648665,147.02475799718883,0.09937039,20.387622889,0.07763833,14.95017096,1.1438274,DC,H,4909,59,7.996,.050,.577,.031,5030,0.667,7.44,2015ApJS..219...19L,
WDJ094846.64+242125.88,643183348419998336,27.62382600470135,0.04945617,147.1939921992814,0.03776382,24.356707906,0.033247363,11.46076415,-0.22042751,DA,H,17920,327,8.297,.022,.800,.014,17920,0.800,0.20,2023MNRAS.520.6111H,Double degenerate from 2020A&A...638A.131N (ESO SPY)
WDJ095017.14+531514.83,1020653077580086784,36.22795888438665,0.025312496,147.56947299601484,0.017046899,53.25396386,0.015866034,12.90645533,0.2484951,DQ,He,8396,72,8.018,.022,.588,.013,8396,0.588,1.06,2001ApJS..133..413B,
WDJ095021.80+150909.69,616396182856185728,25.501698022112244,0.14761445,147.59053147928725,0.10453409,15.151317035,0.09939652,14.44100249,0.9414902,DC,He,5320,67,7.903,.054,.512,.031,5395,0.557,4.35,2015ApJS..219...19L,
WDJ095447.49+670208.00,1066726497434084864,39.214403155316624,0.044228546,148.69513750597324,0.028137522,67.034868199,0.03615943,14.51903805,0.8288326,DA,H,5761,36,8.227,.019,.730,.013,5769,0.736,4.64,2020MNRAS.497..130T,
WDJ095522.89-711808.37,5242316444456199808,32.728082288570334,0.018152695,148.84355142017552,0.016377132,-71.302790173,0.016468488,11.11244379,-0.13014317,DA,H,14275,208,7.798,.020,.502,.010,14275,0.502,0.17,2011ApJ...743..138G,
WDJ095748.35+243255.54,642685200933153408,36.28237590070732,0.033823702,149.45013366797335,0.027369536,24.547367769,0.022554332,12.81663759,0.30788517,DA,H,8488,74,8.055,.022,.629,.013,8488,0.629,1.04,2015ApJS..219...19L,
WDJ100149.36+144123.79,615733593956317568,51.53569858284947,0.036321424,150.45412521332068,0.032472376,14.68999088,0.04008848,13.86819184,0.5404167,DC,He,6778,48,8.206,.019,.704,.012,6778,0.704,2.64,2018MNRAS.480.3942H,
WDJ100204.09+432645.90,808030648576069760,28.61788532022334,0.10097067,150.51720087536705,0.06702834,43.445591716,0.06128873,15.0541677,1.2265472,DC,H,4699,59,7.910,.051,.524,.030,4857,0.639,7.84,2010ApJS..190...77K,
WDJ100338.84-033756.87,3828424828500179584,29.955226733693525,0.03799624,150.9112590106573,0.03302223,-3.632750476,0.029908482,12.76609806,0.3146925,DA,H,8403,83,7.996,.026,.594,.016,8403,0.594,0.98,2017MNRAS.472.4173R ,
WDJ100424.18-050614.92,3822028007288795264,28.29822331030208,0.14449993,151.09997208483242,0.13045132,-5.105881373,0.13502753,15.48356185,1.4455585,DC,H,4283,123,7.921,.100,.529,.059,4475,0.688,9.82,2020MNRAS.497..130T,IR-faint white dwarf with collision-induced absorption in the infrared. Multiple solutions for Gaia stellar parameters
WDJ100936.36+635837.35,1053211437944753024,25.383552610347007,0.022676548,152.40050033780767,0.015361081,63.97667092,0.017621513,10.76824702,-0.2656088,DA,H,19686,395,7.963,.025,.602,.014,19686,0.602,0.06,2011ApJ...743..138G,
WDJ101039.30-471729.83,5407613384750351232,26.944705515911732,0.060874358,152.6609676787973,0.04407119,-47.291433657,0.050065927,14.29778521,0.79766846,DA,H,5853,40,8.123,.023,.663,.015,5852,0.662,3.39,2023MNRAS.518.3055O,
WDJ101047.91-242710.93,5473389537569200896,25.186106198432732,0.038202643,152.69909190643395,0.024101257,-24.453274862,0.0320859,12.20387315,-0.2895174,DAP,H,21653,449,8.887,.020,1.152,.009,21653,1.152,0.34,2017MNRAS.472.4173R,
WDJ101141.58+284559.07,740483560857296768,67.87941634391845,0.057067357,152.92260660408905,0.045563422,28.763238527,0.037304338,15.7055085,1.7027569,DQpecP,He,,,,,,,,,,2019MNRAS.490.4166B,No Gaia fit attempted due to strong C2 molecular bands
WDJ101201.87-184333.27,5669427512997660800,55.289779758512445,0.035718627,153.00534868598825,0.028627109,-18.725966581,0.035238758,14.0437333,0.61526585,DZH,He,6394,41,8.257,.016,.753,.011,6394,0.753,3.68,2019A&A...630A..65B,
WDJ101341.21-523400.86,5356710428806242816,25.253689177167594,0.047310118,153.42270147366602,0.03973956,-52.56689619,0.03917511,13.65154115,0.53757286,DA,H,6918,56,8.128,.023,.670,.014,6918,0.670,1.98,2023MNRAS.518.3055O,
WDJ101435.97+422622.50,805470233890349440,31.986311580824925,0.04388031,153.6506590750392,0.030312667,42.438998641,0.03150745,13.74550282,0.4047861,DA,H,7731,69,8.443,.020,.878,.013,7731,0.878,2.93,2015ApJS..219...19L,
WDJ101501.75+080611.24,3875651975353757440,33.91636926200421,0.14278452,153.75596571638405,0.1172886,8.103827249,0.109125435,15.14280177,1.2851238,DC,H,4558,83,7.865,.064,.498,.031,4739,0.629,8.14,2015ApJS..219...19L,
WDJ101502.61+080635.70,3875652014008894720,33.9122470623081,0.059225008,153.75957943858663,0.05012953,8.110645546,0.045344524,13.57046384,0.60274124,DA,H,6612,56,7.949,.025,.560,.015,6612,0.560,1.68,2015ApJS..219...19L,
WDJ101812.80-343846.05,5446665014103742336,30.487662982586922,0.0862906,154.5546867185422,0.052489623,-34.647222249,0.059876762,14.83466068,1.0692883,DA,H,5092,49,8.043,.037,.607,.023,5185,0.677,6.64,2023MNRAS.518.3055O,
WDJ101947.34-340221.88,5446784345474819968,36.301437056279674,0.04567943,154.94534529189443,0.029636959,-34.038733711,0.035269734,14.25679709,0.6310139,DAH,H,6483,48,8.371,.019,.828,.013,6483,0.828,4.15,2023MNRAS.518.3055O,
WDJ102203.66+824310.00,1146403741412820864,25.113934628853006,0.09292328,155.5057035143242,0.08316325,82.718613025,0.08755659,14.8990698,0.8895111,DA,H,5600,99,8.382,.054,.833,.036,5621,0.852,6.40,2020MNRAS.497..130T,
WDJ102210.36+461249.40,833470465721350784,30.347857957952062,0.04594007,155.5432196466047,0.031593695,46.213166821,0.03215904,13.63238021,0.50818634,DA,H,7076,76,8.170,.028,.697,.018,7076,0.697,1.99,2015ApJS..219...19L,
WDJ102251.75+390414.73,755877620910173696,25.561014206753132,0.08722077,155.7131371023451,0.061740812,39.069920657,0.064032175,14.33410741,0.652359,DZ,He,6229,62,8.376,.028,.831,.019,6229,0.831,4.52,2015ApJS..219...19L,
WDJ102309.06+632741.49,1052520154368111872,62.73242175911836,0.017548377,155.79074604413694,0.012432505,63.462511557,0.013760781,13.58033027,0.559474,DA,H,6801,41,8.033,.016,.611,.010,6801,0.611,1.78,2018MNRAS.480.3942H,
WDJ102621.35-383038.82,5441714531716273920,34.29547581341642,0.03747878,156.58683401208043,0.018628724,-38.512037286,0.022179283,13.45315116,0.5616379,DA,H,6790,42,7.937,.019,.554,.011,6790,0.554,1.55,2001ApJ...558..761R,
WDJ102907.46+112719.28,3882611201058534400,29.625185021313552,0.060799863,157.28283983716392,0.06046021,11.453992126,0.04591312,13.86313536,0.5506077,DAH,H,6878,87,8.255,.032,.752,.021,6878,0.752,2.77,2015ApJS..219...19L,
WDJ102909.81+020553.67,3855631797052747136,29.759881744415132,0.042949867,157.29040307400862,0.022205163,2.097911392,0.034713034,11.62323101,-0.04507637,DA,H,12612,192,8.007,.016,.611,.010,12612,0.611,0.35,2015ApJS..219...19L,
WDJ102926.67+125733.40,3883918657822146944,27.751855224713587,0.16679694,157.36152035686473,0.1363539,12.95923137,0.14884564,14.67666511,0.8747902,DZH,He,5496,102,8.179,.065,.683,.043,5534,.712,5.74,This work,
WDJ102957.71-262405.08,5469171261208778240,29.246227726542724,0.06946082,157.49020830801925,0.054050237,-26.402325159,0.0588015,14.21756429,0.8345928,DA,H,5737,56,8.002,.034,.587,.020,5750,0.595,2.70,2001ApJ...558..761R,
WDJ103055.44-142400.53,3750749378584132992,36.150100748961634,0.07061436,157.73102118936563,0.066614814,-14.399856026,0.05635565,14.29975656,0.74790573,DA,H,6028,53,8.209,.027,.720,.017,6028,0.720,3.82,2020MNRAS.497..130T,
WDJ103342.76-114138.34,3754712881779364992,27.99429868427151,0.06323965,158.42661793686597,0.04333381,-11.694107912,0.04848038,10.23490596,-0.36422348,DA,H,25388,519,7.938,.030,.602,.016,25388,0.602,0.02,2011ApJ...743..138G,
WDJ103427.04-672239.24,5233071514480420864,42.39643630142637,0.021037739,158.61279509112578,0.018503884,-67.377872936,0.018668845,11.51043476,-0.24362183,DA,H,18779,352,8.386,.020,.859,.013,18779,0.859,0.20,2023MNRAS.518.3055O,
WDJ103702.48+711058.70,1076941716370493696,56.72524358802379,0.04633206,159.23472209527336,0.033105295,71.180915326,0.03690075,15.38084685,1.2272291,DC,H,4693,26,8.155,.020,.677,.013,4818,0.792,9.68,2018MNRAS.480.3942H,
WDJ103706.75-441236.96,5367774809996936960,25.572865807978513,0.06833412,159.27680659309533,0.041394204,-44.209487908,0.05080861,14.147725,0.85459137,DAH,H,5683,45,7.920,.030,.539,.017,5704,0.551,2.44,2023MNRAS.518.3055O,
WDJ103855.57-204056.83,3553682127126319360,70.83755933851121,0.045167703,159.73017337204226,0.039241936,-20.680003392,0.035606503,15.08935095,0.7464924,DQpecP,He,5754,54,8.557,.022,.937,.014,5761,0.943,6.17,2018MNRAS.480.3942H,
WDJ104019.70+100400.78,3870354528331257984,27.114772375892723,0.0746853,160.08163104253396,0.06826991,10.066357453,0.055386994,14.24444681,0.7248764,DC,He,5983,78,8.130,.041,.653,.026,5970,0.644,3.55,2015ApJS..219...19L,
WDJ104153.78+141548.69,3884899559633556224,26.632949584159658,0.069614545,160.47488505020706,0.06724145,14.26243807,0.05043412,13.56340033,0.43725777,DQ,He,7090,75,8.076,.032,.621,.020,7090,0.621,1.75,2015ApJS..219...19L,
WDJ104410.24-691818.08,5231870985222281088,34.18200551905361,0.018500032,161.03897323891857,0.016805068,-69.304949513,0.016689597,10.3873867,0.20537853,DA,H,,,,,,,,,,2011ApJ...743..138G,Gaia photometry contaminated by nearby MS star
WDJ104539.04-190645.03,3554395813252626048,53.1904439406096,0.033818677,161.40389543498608,0.03485264,-19.115192243,0.029738847,14.07000608,0.80075645,DQpec,He,5736,50,7.875,.030,.498,.017,5751,0.506,2.56,2018MNRAS.480.3942H,
WDJ104646.00-414638.85,5391794195555570048,35.41450109065107,0.036895197,161.69292830525222,0.01932898,-41.778054259,0.023875773,13.61713864,0.56980133,DAH,H,6749,42,8.040,.018,.615,.011,6749,0.615,1.83,2023MNRAS.518.3055O,
WDJ104801.84+633448.80,1055313016981775488,29.116321168044408,0.06398958,162.00506255332718,0.046551183,63.57959817,0.049813822,14.64684151,1.031126,DA,H,5206,52,7.985,.038,.572,.023,5289,0.629,5.03,2015ApJS..219...19L,
WDJ105211.73+405004.19,776762672481353984,29.501179180864707,0.06478884,163.0477949905599,0.04949764,40.833666397,0.052211076,14.05085888,0.6540699,DC,He,6237,68,8.113,.034,.642,.021,6237,0.642,2.83,2015ApJS..219...19L,
WDJ105220.53-160804.18,3557394009663078912,25.843512836090724,0.043324336,163.08481812552716,0.034139406,-16.13433318,0.029887863,11.45368273,-0.25056267,DA,H,19297,398,8.376,.024,.853,.015,19297,0.853,0.18,2011ApJ...743..138G,
WDJ105443.32+270657.04,730459763934332416,26.486745966915727,0.03510951,163.67976114608302,0.028262893,27.115694239,0.025105588,11.19479503,-0.3118677,DA,H,22502,478,8.388,.024,.864,.015,22502,0.864,0.11,2015ApJS..219...19L,
WDJ105513.54-551905.16,5353122722363361920,28.28792100073129,0.020582857,163.8036880777044,0.016930899,-55.31698828,0.018093849,11.40819915,-0.11646557,DA,H,14227,202,7.992,.018,.606,.011,14227,0.606,0.24,2011ApJ...743..138G,
WDJ105638.63-225256.08,3549471753507182592,27.65107561727103,0.05112967,164.1605833710925,0.037810262,-22.880920428,0.03573894,13.16447215,0.39243507,DAZ,H,7836,112,8.100,.036,.655,.023,7836,0.655,1.36,2011ApJ...743..138G,
WDJ105735.13-073123.18,3763445409285757824,81.50828167584473,0.024058733,164.39272990821704,0.021687936,-7.522698907,0.01695719,13.79521669,0.42713737,DC,He,7096,47,8.245,.017,.730,.011,7096,0.730,2.49,2001ApJS..133..413B,
WDJ105747.61-041330.16,3789156870225942656,27.506738416300397,0.063148536,164.44952922702902,0.05199676,-4.225755267,0.045064975,13.66296549,0.4641533,DZ,He,6949,75,8.285,.026,.773,.017,6949,0.773,3.02,2019ApJ...885...74C,
WDJ105915.98-281955.96,5456685104084844032,25.34415719267326,0.061882406,164.81504310502604,0.03482766,-28.33251984,0.047805395,13.68210727,0.5933056,DAZ,H,6653,59,8.048,.027,.620,.016,6653,0.620,1.93,2023MNRAS.518.3055O,
WDJ110143.04+172139.39,3982007636324256000,34.66806626167882,0.05320833,165.4273137672631,0.04550546,17.359415983,0.040038105,13.67315409,0.4212904,DA,H,7709,214,8.389,.061,.843,.040,7709,.843,2.66,This work,
WDJ110217.52+411321.18,777395029106166272,28.685274569767024,0.27983484,165.5724057653441,0.16245998,41.214751832,0.2377367,16.03097106,1.6427536,DC,He,,,,,,,,,,2008AJ....136...76H,IR-faint white dwarf with collision-induced absorption in the infrared. Multiple solutions for Gaia stellar parameters
WDJ110318.84+393558.35,776981269136616960,25.720144268702803,0.1664277,165.8289776214342,0.09137224,39.599509904,0.1478814,14.756399,1.1901665,DAZ,H,4860,111,7.798,.087,.463,.040,5015,0.559,5.36,2015MNRAS.446.4078K,
WDJ110446.88-183713.12,3552845261339955200,25.076952180298143,0.043357477,166.19593430863148,0.02954902,-18.620539932,0.03371961,12.90903276,0.35305023,DA,H,8125,82,8.014,.027,.603,.016,8125,0.603,1.09,2011ApJ...743..138G,
WDJ110709.72+144654.40,3968635204109066880,26.08846759758074,0.05983612,166.7892811922314,0.060720302,14.782286477,0.042754512,13.59757285,0.6007347,DA,H,6662,77,7.989,.034,.584,.020,6662,0.584,1.75,2015ApJS..219...19L,
WDJ110742.77+595829.66,861050512312844672,28.993896603250523,0.022654064,166.92651325193873,0.015873712,59.974163018,0.016890394,11.13081393,-0.23352528,DA,H,18320,346,8.116,.023,.688,.014,18320,0.688,0.13,2015ApJS..219...19L,
WDJ110747.90-342051.49,5401688425816913920,38.1949865948946,0.021067634,166.94978505540067,0.0153825935,-34.348805981,0.01592542,11.61001281,-0.08527088,DAH,H,13603,181,8.080,.015,.657,.009,13603,0.657,0.31,2019A&A...623A..46L,
WDJ110759.95-050926.03,3788194488314248832,40.29254567586476,0.03197665,166.99954557056117,0.028024115,-5.159199009,0.022633601,11.11669353,-0.16901588,DAH,H,15703,271,7.918,.022,.568,.012,15703,0.568,0.15,2011ApJ...743..138G,
WDJ110844.12+080139.68,3818473629793533312,26.359349729340636,0.045222417,167.18431413756227,0.041829582,8.026774363,0.038148742,13.13580546,0.43115044,DA,H,7558,81,7.991,.029,.588,.017,7558,0.588,1.27,2015ApJS..219...19L,
WDJ110941.28+551228.70,843807902246527232,27.93046466521592,0.05989619,167.4227076957246,0.0327623,55.207162194,0.039234966,14.3098258,0.5205078,DA,H,6996,70,8.570,.023,.960,.015,6996,0.960,4.36,2015ApJS..219...19L,
WDJ111059.34+202606.91,3990494251184010496,35.91158692311994,0.097151615,167.74334514369752,0.07750293,20.435064419,0.07459647,15.11747998,1.2619915,DC,H,4661,67,7.930,.055,.536,.033,4820,0.655,8.25,2015ApJS..219...19L,
WDJ111536.96+003317.11,3810099989754827136,25.067779790928956,0.08336835,168.9041291890671,0.08583819,.553629721,0.06500476,14.26773135,1.0814781,DA,H,5051,56,7.609,.045,.392,.019,5199,0.466,2.76,2015ApJS..219...19L,Double degenerate candidate
WDJ111640.38+062702.67,3817262208497857024,26.64887528134902,0.06301915,169.16671740866641,0.056765717,6.450631524,0.044126917,13.75142442,0.68109894,DA,H,6262,83,7.925,.042,.545,.024,6262,0.545,1.87,2015ApJS..219...19L,
WDJ111717.11-441134.49,5376644127919488896,37.46978335077424,0.036768164,169.31965746656417,0.02374371,-44.193015167,0.026243765,13.62018791,0.84840584,DC,He,5591,26,7.528,.017,.368,.007,5639,0.388,2.04,2023MNRAS.518.3055O,Double degenerate candidate
WDJ111815.06-031405.57,3790040465258127616,27.330208302296185,0.03492106,169.56038025859314,0.032179758,-3.233870249,0.023105895,12.46783971,0.15974522,DQ,He,9262,112,7.928,.031,.537,.018,9262,0.537,0.73,2005ApJ...627..404D,
WDJ111827.20-472156.96,5374565879145559424,58.69943047458538,0.025764056,169.6111571930751,0.016060121,-47.365669837,0.017774252,14.20855544,0.7377615,DC,He,5910,31,8.077,.016,.619,.010,5903,0.615,3.36,2018MNRAS.480.3942H,
WDJ111912.40+022033.05,3810933247769901696,26.15076506647439,0.029401582,169.80121562342168,0.029759938,2.342650436,0.022163292,11.72046,-0.020435333,DAZ,H,12158,153,8.036,.017,.627,.010,12158,0.627,0.40,2015ApJS..219...19L,
WDJ111913.56-083137.22,3783206210217512320,33.02279893593681,0.07289835,169.8049887591299,0.057116307,-8.526884567,0.054644037,14.4166864,0.89772034,DA,H,5550,47,8.040,.030,.609,.019,5585,0.632,3.63,2020MNRAS.497..130T,
WDJ112412.97+212135.57,3978879594463300992,68.04195101183048,0.028807813,171.04909306103758,0.027916443,21.359804541,0.022003243,13.28877479,0.4572935,DA,H,7373,53,8.037,.019,.615,.011,7373,0.615,1.45,2015ApJS..219...19L,
WDJ112521.40+211114.77,3978862277154958592,26.21658071554746,0.06659612,171.33788793017357,0.060158826,21.186106343,0.058132432,13.98072224,0.6741829,DC,He,6194,81,8.043,.041,.598,.025,6194,0.598,2.42,2015ApJS..219...19L,
WDJ112652.39+591917.10,859082970614616448,39.32530377952526,0.026079513,171.7196686211406,0.01715072,59.321175921,0.020493323,13.09663543,0.12452698,DA,H,10419,104,8.635,.017,1.005,.010,10419,1.005,1.82,2015ApJS..219...19L,
WDJ112709.25-294011.20,3482983495102507904,29.827023718194848,0.030435704,171.78961596381745,0.020259477,-29.670975744,0.01851776,12.3689456,0.20586777,DAZ,H,9402,82,7.989,.022,.592,.013,9402,0.592,0.73,2003ApJ...596..477Z,
WDJ113216.54-360204.95,5398247534240054528,27.442334910467686,0.12239049,173.06891196744695,0.07763508,-36.034791769,0.064244516,15.0982583,1.2763023,DZH,H,4591,68,7.856,.061,.493,.034,4770,0.620,7.87,2023MNRAS.518.3055O,
WDJ113430.48-325002.40,3478127467639543296,104.6570356923785,0.026720122,173.62327851191714,0.015905848,-32.830317252,0.014034917,14.64715515,0.93699646,DC,He,5300,23,8.048,.015,.599,.010,5367,0.646,5.60,2018MNRAS.480.3942H,
WDJ113444.64+610826.68,859567752163281792,35.578581385150564,0.028348604,173.68596255834274,0.021973329,61.140421752,0.022034278,13.12786114,0.43723488,DAZ,H,7502,59,7.967,.022,.574,.013,7502,0.574,1.26,2020MNRAS.497..130T,
WDJ113705.10+294758.29,4019458647338779648,63.73294526558126,0.038901642,174.27051073131526,0.028166372,29.799468952,0.03305645,11.51402894,-0.28808403,DA,H,21336,427,8.517,.021,.944,.013,21336,0.944,0.17,2018MNRAS.480.3942H,
WDJ113840.67-131338.55,3585097235918075776,37.249715682834285,0.050345145,174.66986373824014,0.039822116,-13.226859189,0.03149723,14.28838681,0.73457336,DC,He,5939,38,8.142,.020,.660,.013,5930,0.654,3.80,2020MNRAS.497..130T,
WDJ114122.38-350406.93,3464893058489831552,34.175011362182836,0.08528756,175.3427798667985,0.059488278,-35.069277415,0.052035596,15.06552134,1.2754192,DZA,H,4600,42,7.842,.037,.485,.021,4781,0.611,7.68,2023MNRAS.518.3055O,
WDJ114352.16-013149.34,3793132257595347200,25.244856114259143,0.0954179,175.96607183866348,0.07948403,-1.530377314,0.06350765,14.1736015,0.6130352,DA,H,6556,69,8.343,.030,.810,.020,6556,0.810,3.87,2006AJ....131..582K,
WDJ114542.92-645029.46,5332606522595645952,215.67527344818546,0.018143972,176.45664661730092,0.013777223,-64.843052846,0.015097591,13.09210579,0.28574753,DQ,He,8062,60,8.058,.018,.612,.011,8062,0.612,1.24,2018MNRAS.480.3942H,
WDJ114544.57+630559.15,863131372427958912,41.65614301991526,0.04002879,176.43370614453352,0.03070025,63.098232039,0.033421524,14.29094928,0.9150429,DA,H,5484,30,7.906,.020,.529,.012,5533,0.558,2.76,2015ApJS..219...19L,
WDJ114556.67+314930.69,4021565827014024576,31.91490983810673,0.029308014,176.48532004722605,0.020957839,31.82402592,0.02428259,11.22686011,-0.16805935,DA,H,15735,284,7.996,.023,.612,.013,15735,0.612,0.17,2011ApJ...743..138G,
WDJ114625.77-013636.90,3794567429507510528,30.382153370051498,0.053683765,176.60894298945016,0.0524591,-1.612184642,0.035141367,13.66456476,0.61763763,DA,H,6526,52,7.981,.025,.579,.015,6526,0.579,1.83,2012MNRAS.425.1394K,
WDJ114734.45-745759.24,5224999346778496128,50.081745488051965,0.061554786,176.87525389708776,0.053847168,-74.960435543,0.05134888,15.65323428,1.5712433,DC,H,3821,81,7.742,.050,.443,.023,4052,0.630,10.17,2023MNRAS.518.3055O,
WDJ114803.28-452302.05,5377849123945711872,39.81472931094972,0.03815077,177.01017915071145,0.026528258,-45.385463013,0.019500364,13.79784484,0.7275896,DA,H,6064,33,7.872,.018,.514,.010,6064,0.514,1.88,2012MNRAS.425.1394K,
WDJ114901.67-405114.98,5381346739148118016,25.65907865445846,0.13297433,177.25547310304907,0.0979225,-40.854461555,0.074769236,15.24111329,1.413866,DC,H,4292,63,7.752,.052,.449,.024,4513,0.607,8.58,2023MNRAS.518.3055O,
WDJ114904.52-292151.76,3480776843983381632,32.25779977880486,0.07800231,177.26984536398734,0.04939535,-29.363518895,0.04228995,14.72805371,0.84936905,DA,H,5711,43,8.340,.024,.805,.016,5722,0.815,5.65,1997ApJS..108..339B,
WDJ115007.08+240403.54,4004185576130620288,33.19854054023134,0.28470746,177.52638073486204,0.26191366,24.06456842,0.21714692,16.96259696,1.9530945,DC,He,,,,,,,,,,Melis (Private Communication 2024),
WDJ115020.14-255335.40,3490527755479959936,34.04983611431383,0.046802893,177.58339167883256,0.035280317,-25.893723019,0.026555521,13.95133713,0.5222368,DC,He,6686,57,8.170,.024,.680,.015,6686,0.680,2.52,2023MNRAS.518.3055O,
WDJ115052.33+683115.97,1058284412796260480,58.513040459652075,0.021830898,177.7183379080014,0.017368825,68.520920724,0.019846816,13.96335533,0.5813236,DA,H,6696,41,8.258,.016,.754,.010,6696,0.754,3.06,2018MNRAS.480.3942H,
WDJ115136.10-273221.13,3487220772397809536,39.723022182986554,0.037818126,177.89934110116226,0.027524756,-27.538993078,0.021067416,13.72062441,0.54015064,DQ,He,6773,46,8.104,.020,.638,.012,6773,0.638,2.07,2017AJ....154...32S,
WDJ115403.49-310145.29,3479615106870788864,25.389612812926732,0.072352335,178.51512779713212,0.051901758,-31.029204867,0.041443642,14.13177639,0.69356537,DC,He,6105,63,8.110,.033,.640,.021,6105,0.640,3.10,2023MNRAS.518.3055O,
WDJ115434.57+242239.72,4004395720290994048,37.691438761814716,0.03650986,178.64403769413698,0.03141906,24.377155532,0.026211053,13.43083458,0.28365898,DA,H,8699,85,8.494,.020,.913,.013,8699,0.913,2.30,2015ApJS..219...19L,
WDJ115454.07-623919.42,5334619419176460928,44.537096147770264,0.05155249,178.71821604510643,0.04027214,-62.654677489,0.03835246,14.69914349,1.0992651,DAZ,H,4951,158,7.835,.112,.484,.055,5087,0.570,5.11,This work,
WDJ115612.37+131555.45,3920187251456610816,28.11528172145284,0.09031043,179.04860828273206,0.0817749,13.26580379,0.06055896,14.6466172,1.1912365,DC,H,4769,49,7.671,.042,.416,.018,4954,0.523,4.92,1986AJ.....92..431H,
WDJ115643.84+182219.54,3926968661219149184,37.37908724008802,0.037967134,179.18110449272552,0.033947766,18.372125323,0.023560414,13.40545946,0.37391567,DC,He,7472,62,8.091,.021,.631,.013,7472,0.631,1.57,2015ApJS..219...19L,
WDJ115814.52+000458.51,3795052348495488896,28.90344994737291,0.120867476,179.56038832607362,0.12175262,.083745051,0.07770479,15.20956642,1.36763,DC,H,4415,73,7.802,.054,.463,.023,4621,0.609,8.24,2015ApJS..219...19L,
WDJ115952.05+000751.87,3891115064506627840,35.32557581321628,0.055985328,179.96715968658452,0.04017426,.130902938,0.046179663,13.45375925,0.21124172,DA,H,9420,93,8.654,.019,1.015,.012,9420,1.015,2.45,2015ApJS..219...19L,
WDJ115954.88-601625.45,5341271911184522880,38.49865112070018,0.06099252,179.9765727332387,0.045602553,-60.274277924,0.04579584,14.80262657,1.1720791,DA,H,4783,47,7.786,.028,.468,.008,4947,0.573,6.11,This work,
WDJ120003.37+433541.71,1537794524729363712,26.785972553070913,0.041921157,180.0122629647871,0.028305331,43.594738197,0.031648226,12.8409641,0.38791466,DA,H,7887,72,7.881,.026,.526,.014,7887,0.526,0.99,2015ApJS..219...19L,
WDJ120055.89-103220.61,3575728709655386752,29.71077755980344,0.048871577,180.2324504393254,0.040488664,-10.53920132,0.028802944,13.65147109,0.37542725,DA,H,7949,80,8.444,.022,.879,.015,7949,0.879,2.71,2020MNRAS.497..130T,
WDJ120207.65-100439.65,3575770010060921728,31.606497748664303,0.057505094,180.5310273240379,0.04559148,-10.078167709,0.036343236,13.30964088,0.22396564,DA,H,9274,97,8.548,.022,.949,.014,9274,0.949,2.13,2011ApJ...743..138G,
WDJ120526.67-233312.14,3489719481290397696,95.90170123713744,0.018155761,181.36134404486526,0.015046737,-23.552365031,0.012534779,12.64722056,0.29466438,DAZ,H,8540,66,7.959,.019,.572,.011,8540,0.572,0.90,2012A&A...538A..13K,
WDJ121118.82+072448.16,3904628406009296896,39.50291587148491,0.06736012,182.82811451186146,0.050337303,7.412365727,0.047400996,14.54911177,1.0217552,DA,H,5187,26,7.900,.022,.522,.012,5281,0.581,4.06,2015ApJS..219...19L,
WDJ121129.27+572417.24,1575357587146077056,50.07790021323608,0.027994908,182.87538613424064,0.021054111,57.403149528,0.020559462,14.12079855,0.80248356,DAZ,H,5829,29,7.982,.016,.576,.010,5831,0.577,2.46,2003ApJ...596..477Z,
WDJ121431.83+782256.54,1717341818608187648,30.630577424768575,0.080023766,183.63529946656527,0.08367404,78.381199872,0.06696111,14.85072092,1.1744118,DZ,H,4835,59,7.860,.051,.497,.028,4984,0.596,6.39,2022MNRAS.510.1059B,
WDJ121456.38-023402.84,3694399755554510720,26.28455198774617,0.11714886,183.73652416034884,0.09553314,-2.569318542,0.070583284,14.90546989,0.9862213,DZH,He,5215,65,8.257,.043,.747,.029,5278,0.803,6.99,2017MNRAS.467.4970H,
WDJ121616.94-375848.13,6151294355090597504,26.27858918326513,0.1385765,184.0701993771032,0.09015922,-37.981254592,0.06439999,15.24881323,1.3459606,DC,H,4463,72,7.875,.065,.503,.037,4651,0.644,8.70,2023MNRAS.518.3055O,
WDJ121701.84+684851.45,1683330453627242752,30.52371708306994,0.046091277,184.25245053827993,0.04063391,68.81427579,0.038716435,14.3010591,0.63284683,DA,H,6500,68,8.402,.026,.849,.017,6500,0.849,4.32,2020MNRAS.497..130T,
WDJ121724.77-632945.73,6054148143441683072,26.65415790149909,0.035810925,184.3560852435609,0.027805805,-63.495850349,0.029392187,13.16682683,0.30023098,DZ,He,7996,81,8.305,.022,.789,.015,7996,0.789,2.07,2023MNRAS.518.3055O,
WDJ122048.70+091413.08,3905335598144227200,26.681842450632846,0.34602323,185.201364086683,0.34200624,9.235240552,0.21075943,16.73711608,0.8715229,DC,He,,,,,,,,,,2022ApJ...934...36B,IR-faint white dwarf with collision-induced absorption in the infrared. Multiple solutions for Gaia stellar parameters
WDJ122619.77+183634.46,3947104533054775168,27.880266896677057,0.051266715,186.58165632930147,0.04488984,18.609472738,0.036192015,13.45879463,0.36913586,DAHe,H,7972,104,8.332,.030,.805,.020,7972,0.805,2.04,2023MNRAS.523.2928P,
WDJ122635.58+351309.86,1518943638389520384,28.640923383297263,0.08666507,186.64461212917232,0.05702133,35.219411253,0.049442213,14.50462308,1.062006,DA,H,5102,39,7.792,.024,.463,.007,5221,0.531,3.45,2015ApJS..219...19L,
WDJ122642.02-661218.47,5860131207828395648,64.9877852204088,0.014953448,186.67472230498373,0.011773276,-66.205942615,0.012291902,12.98575868,0.42033386,DA,H,7582,54,7.897,.019,.534,.011,7582,0.534,1.11,2018MNRAS.480.3942H,
WDJ122724.28+315024.04,4015547856277853824,25.720999294357743,0.063392274,186.85155487604302,0.04936929,31.839179856,0.031025378,13.61842319,0.6190319,DA,H,6547,60,7.949,.029,.560,.017,6547,0.560,1.73,2015ApJS..219...19L,
WDJ122747.36-081437.97,3583181371265430656,30.55648357420556,0.028148822,186.94677933912322,0.024733542,-8.244061137,0.017170837,12.15566187,0.013476372,DZAB,He,11248,126,8.271,.016,.773,.011,11248,0.773,0.75,2013ApJ...766..132X,
WDJ122807.73+002219.62,3696778892558087552,30.951952501448474,0.030891564,187.03196035263855,0.025247427,.372532457,0.018183185,12.39542525,0.21605778,DAZ,H,9300,79,7.983,.022,.588,.013,9300,0.588,0.74,2005A&A...432.1025K,
WDJ122956.02-070727.57,3583402849843287680,28.26959265885648,0.084953085,187.48238709193086,0.07448076,-7.124634413,0.053536106,14.62064175,1.1131306,DA,H,4950,57,7.791,.038,.471,.013,5090,0.557,4.79,2020MNRAS.497..130T,
WDJ123156.66-503247.99,6127190796769848960,30.479936326100965,0.025333121,187.98572575262975,0.014673376,-50.547211175,0.0120547265,10.89115528,-0.23061562,DA,H,18012,347,7.935,.024,.583,.013,18012,0.583,0.09,2023MNRAS.518.3055O,
WDJ123322.45+060711.07,3708578473389974528,26.219937584377362,0.12972192,188.3431765175547,0.114344716,6.118156592,0.07466318,14.83002627,0.92053413,DA,H,5473,83,8.278,.052,.763,.035,5508,0.793,6.34,2006AJ....131..582K,
WDJ123445.37-444001.75,6133033635916500608,35.123127209973504,0.043853134,188.68853914333963,0.034776695,-44.668044026,0.04276959,13.91133388,0.56606674,DC,He,6665,73,8.192,.030,.695,.019,6665,0.695,2.70,2023MNRAS.518.3055O,
WDJ123752.23+415624.69,1534384148897669248,27.712041387124042,0.07225858,189.4655440778604,0.04875541,41.941737129,0.047089595,14.34202259,0.9787464,DQP,He,5229,60,7.800,.042,.478,.020,5324,0.533,4.26,2015SSRv..191..111F,
WDJ123849.78-494800.22,6127333286605955072,67.40577870662803,0.01861464,189.70358522660496,0.009179016,-49.800390088,0.010870636,12.93640065,0.047530174,DA,H,11359,114,8.688,.014,1.037,.008,11359,1.037,1.56,2018MNRAS.480.3942H,
WDJ123914.70+452514.14,1541286711100812160,37.253382231738975,0.054415192,189.8071644294833,0.023673985,45.418208469,0.0279102,14.22137954,0.64799213,DA,H,6407,42,8.316,.018,.792,.012,6407,0.792,3.94,2015ApJS..219...19L,
WDJ124030.49+180728.84,3935942939548822272,25.36270920997306,0.11290261,190.1242890675942,0.09140229,18.124217687,0.046083387,14.46477421,0.9805546,DA,H,5352,55,7.944,.042,.550,.025,5418,0.592,3.58,2015ApJS..219...19L,
WDJ124112.37-243428.54,3500086050578451712,26.378055955948522,0.075649284,190.29992428590458,0.062141024,-24.574833669,0.038409293,14.06444093,0.5868149,DZ,He,6551,65,8.321,.026,.796,.017,6551,0.796,3.72,2023MNRAS.518.3055O,
WDJ124155.92-133501.27,3528871819044810368,27.819860007335123,0.047510855,190.48175700844206,0.035670366,-13.584461294,0.022846075,12.9432797,0.26655102,DC,He,8254,75,8.003,.025,.579,.015,8254,0.579,1.08,2023MNRAS.518.3055O,
WDJ124445.04-350744.18,6158704208764041472,44.98155365927719,0.024600137,191.1869172582321,0.019344615,-35.129912718,0.013710757,12.79919026,0.20497322,DQ,He,8743,76,8.045,.021,.605,.013,8743,0.605,0.99,2001ApJ...558..761R,
WDJ124452.69-800927.91,5784295623056963200,46.79163833482646,0.03215487,191.2090527139762,0.029154211,-80.156176254,0.026348755,14.36126826,0.8244734,DC,He,5620,31,8.034,.019,.591,.011,5647,0.608,4.17,2017AJ....154...32S,
WDJ124504.52-491336.69,6079710620510474240,34.406542165642,0.032063894,191.2692810187873,0.027054671,-49.227257002,0.01894929,12.92193514,0.23810863,DQ,He,8497,73,8.059,.022,.613,.013,8497,0.613,1.09,2023MNRAS.518.3055O,
WDJ124828.17-102857.82,3530520910392199680,25.18422790417247,0.0630287,192.1169202934096,0.051411416,-10.483153925,0.03467802,13.8174832,0.4308586,DC,He,7106,78,8.255,.031,.737,.020,7106,0.737,2.55,2020MNRAS.497..130T,
WDJ125007.73+544706.17,1570514066627694336,42.197556360483404,0.07434846,192.53008582614962,0.0511091,54.779477606,0.052664306,15.45429851,1.5836048,DC,H,3780,82,7.544,.059,.359,.025,4054,0.547,8.72,2015ApJS..219...19L,
WDJ125411.51+362058.45,1517239773324267904,35.02891388914993,0.069999605,193.54569553387998,0.046060234,36.349466689,0.04678347,14.88341536,1.2116299,DC,H,4726,34,7.797,.021,.462,.006,4900,0.574,6.41,2015ApJS..219...19L,
WDJ125508.46+465518.88,1531097433767946240,26.838608124499046,0.13130942,193.77814660893796,0.07463945,46.921406935,0.08861605,15.53956495,1.2238102,DC,H,4716,95,8.270,.069,.754,.046,4827,0.867,9.99,2015ApJS..219...19L,
WDJ125946.66+273404.14,1460689760003983232,30.322933667184323,0.043275893,194.94277740395432,0.0267399,27.568145155,0.019060353,12.76372508,0.2947731,DAZ,H,8586,71,8.047,.022,.624,.013,8586,0.624,0.99,2015ApJS..219...19L,
WDJ130009.06+032841.06,3704392873141718912,60.592347518757876,0.039394487,195.0358096931322,0.035247162,3.47422444,0.022644002,14.55014589,0.8627949,DA,H,5650,28,8.190,.016,.705,.010,5669,0.720,4.71,2018MNRAS.480.3942H,
WDJ130021.26+013045.42,3690395231125833600,27.79825842197457,0.09628883,195.086928318218,0.08177838,1.513253102,0.062957145,14.49552794,0.9648285,DA,H,5361,61,7.979,.044,.570,.026,5423,0.611,3.89,2015ApJS..219...19L,
WDJ130121.13+671307.35,1679365202380970880,32.452735083809614,0.03760701,195.33966645901833,0.03439491,67.218829822,0.03214497,13.98699152,0.6085243,DA,H,6573,51,8.227,.021,.733,.014,6573,0.733,3.00,2015ApJS..219...19L,
WDJ130317.88+260313.51,1459546263999675264,26.346934308949315,0.18029922,195.8203330422318,0.15619624,26.05422897,0.10713366,15.48733444,1.4209518,DC,H,4339,109,7.961,.091,.553,.055,4520,0.707,9.89,2015ApJS..219...19L,
WDJ130329.44-355124.90,6154946657841163392,34.73975404344871,0.03736661,195.87083442762506,0.034529697,-35.857771032,0.02605613,13.4004147,0.31250477,DQ,He,7920,72,8.222,.022,.716,.015,7920,0.716,1.66,2001ApJ...558..761R,
WDJ130446.37-052837.60,3629758603668233728,34.350870082119656,0.088460095,196.19194211299157,0.075421005,-5.477124545,0.046549454,14.66463871,1.022871,DA,H,5199,47,7.992,.036,.577,.022,5282,0.635,5.19,2012MNRAS.425.1394K,
WDJ130503.44+702243.05,1686322048672412288,28.87973189858507,0.20093109,196.26097712671188,0.19930379,70.379222243,0.17011614,16.63391779,1.1348476,DC,He,,,,,,,,,,2020MNRAS.497..130T,IR-faint white dwarf with collision-induced absorption in the infrared. Multiple solutions for Gaia stellar parameters
WDJ130744.29-792511.64,5784706428090844160,25.367566180055594,0.11269257,196.9231604360473,0.100313716,-79.420599639,0.08992572,15.16821801,1.2690487,DC,H,4671,78,7.978,.066,.565,.040,4821,0.683,8.63,2023MNRAS.518.3055O,
WDJ130841.20+850228.16,1726678630833373824,60.71101974439407,0.028362986,197.18266882597652,0.027846878,85.040041834,0.025506375,14.72488164,1.0021582,DAH,H,5254,28,8.077,.019,.629,.012,5324,0.681,5.79,2018MNRAS.480.3942H,
WDJ131256.47-472807.91,6085402414245451520,59.58271274566934,0.07882713,198.22106255623274,0.056218233,-47.469135878,0.03870593,15.56604136,1.5477066,DC,H,3855,58,7.695,.037,.422,.016,4097,0.608,9.75,2018MNRAS.480.3942H,
WDJ131257.90+580511.29,1566603962760532736,32.482368518804066,0.24680348,198.24286777773872,0.19198453,58.086104651,0.20113075,11.62639345,0.11186981,DA,H,10313,111,7.697,.028,.451,.010,10313,0.451,0.41,2015ApJS..219...19L,Double degenerate from 2018MNRAS.473.3693G
WDJ131313.14+022645.82,3691685882071367936,32.37919004377416,0.13452885,198.301424712481,0.11059314,2.445563573,0.0825162,15.4249599,1.4544563,DC,H,4165,84,7.796,.058,.469,.024,4384,0.638,9.45,2015ApJS..219...19L,
WDJ131619.57-200732.06,3506567328028533120,43.22843599000571,0.104475886,199.07856135478025,0.07767522,-20.12539842,0.07053333,15.19104761,1.0258579,DZ,He,5094,51,8.376,.032,.827,.021,5163,0.896,7.44,2017AJ....154...32S,
WDJ131727.39-543808.28,6067215083178616704,40.56814706224298,0.03861937,199.3597848725251,0.028138515,-54.637758087,0.028344527,14.12174786,0.81845856,DA,H,5761,30,7.951,.018,.557,.011,5771,0.563,2.44,2023MNRAS.518.3055O,
WDJ131730.86+483333.05,1556005701461744640,25.633156096737455,0.055200644,199.3781249431381,0.037924044,48.558677709,0.04533062,14.17595041,0.82206726,DA,H,5798,54,7.997,.033,.585,.020,5803,0.588,2.57,2016MNRAS.455.3413K,
WDJ131747.24-112106.03,3623233040812235904,25.183127859982562,0.04628474,199.4461952110448,0.038579766,-11.351632975,0.029300703,12.57237035,0.2449894,DAZ,H,9052,92,8.043,.027,.623,.016,9052,0.623,0.86,2009A&A...505..441K,
WDJ131748.97+215713.60,3943650619138622848,31.479325451039447,0.06299374,199.45391340120707,0.045517873,21.952537701,0.032066733,14.18130209,0.63399124,DCP,He,6334,50,8.240,.023,.726,.015,6334,0.726,3.54,2015ApJS..219...19L,
WDJ131830.01+735318.25,1688618481786030336,27.44898629886217,0.13882436,199.62250318845074,0.1323522,73.888194803,0.11858261,14.05755355,1.0839577,DA,H,4999,35,7.352,.035,.292,.011,5205,0.372,2.07,This work,Double degenerate candidate
WDJ131924.74-214754.87,3506061587037686144,50.610678511416516,0.07329723,199.85306656459497,0.052215625,-21.800622585,0.055637274,15.0579508,0.79187393,DA,H,5882,44,8.618,.019,.989,.012,5880,0.987,6.33,2018MNRAS.480.3942H,
WDJ131925.56-782328.17,5787859896160384384,51.86204910091279,0.03469525,199.86311537171025,0.02779743,-78.39274226,0.030446205,14.53907236,0.89302444,DAH,H,5542,27,8.129,.017,.665,.011,5575,0.689,4.59,2020A&A...643A.134B,
WDJ131958.95-563928.42,6063252374582712320,27.92986625898576,0.050160833,199.99584343541102,0.026480054,-56.658131911,0.032640554,13.65121028,0.44872093,DC,He,7009,47,8.108,.022,.641,.014,7009,0.641,1.88,2023MNRAS.518.3055O,
WDJ132115.10+462323.65,1551062778220116992,30.412603324295603,0.02362744,200.3113995188326,0.014675464,46.390276826,0.017628318,11.94480399,-0.11698437,DA,H,14627,207,8.373,.015,.844,.010,14627,0.844,0.40,2015ApJS..219...19L,
WDJ132550.44-601508.04,5869567658943170048,27.82427545537884,0.027326781,201.45974925838163,0.015358759,-60.25189014,0.02038094,11.98954432,0.022583008,DB,He,11080,128,7.984,.025,.573,.014,11080,0.573,0.49,2023MNRAS.518.3055O,
WDJ132756.43-281716.98,6188345358621778816,27.477832395024784,0.059218373,201.9827309849427,0.05006413,-28.288604573,0.042183276,13.14953735,0.388669,DQ,He,6439,138,7.604,.057,.405,.021,6439,0.405,1.35,2023MNRAS.518.3055O,Double degenerate candidate
WDJ133013.64-083429.47,3630035787972473600,62.148457744031475,0.044410374,202.55182636426164,0.034712452,-8.576952469,0.024762943,11.32226078,-0.13416195,DA,H,14563,215,7.971,.019,.595,.011,14563,0.595,0.21,2018MNRAS.480.3942H,
WDJ133059.42+302953.65,1468213546275054208,39.151778207748755,0.04150627,202.7451095388818,0.027763197,30.497779187,0.021912992,13.93812546,0.6288004,DZH,He,6351,39,8.168,.017,.694,.011,6351,0.694,3.19,2019ApJ...878...63B,
WDJ133216.49-440838.71,6087659745978472064,29.254918869809106,0.08754991,203.06695530267777,0.06855875,-44.144696109,0.0764933,14.50866249,0.7999134,DC,He,5705,78,8.174,.045,.681,.029,5719,0.691,4.93,2023MNRAS.518.3055O,
WDJ133314.60-675117.19,5845312191917620224,37.98249334818587,0.04755501,203.30228743634967,0.034471195,-67.856188353,0.04497717,14.56465735,0.8467922,DZ,He,5514,91,8.203,.049,.714,.032,5547,0.740,5.95,2023MNRAS.518.3055O,
WDJ133601.82+482846.25,1552488776081383040,27.1290308579767,0.022946008,204.00669563598618,0.014988843,48.479322946,0.019011032,11.2330524,-0.13729668,DB,He,14480,242,7.921,.029,.544,.016,14480,0.544,0.20,2015ApJS..219...19L,
WDJ133630.61+362348.54,1472029470098019072,28.216511424138186,0.04165612,204.12623679187843,0.022763966,36.396172734,0.02434912,13.50429959,0.5706558,DA,H,6747,48,7.957,.022,.566,.013,6747,0.566,1.62,2011ApJ...743..138G,
WDJ133631.85+034045.94,3713594960831605760,119.75661648253032,0.030381203,204.11607940811783,0.0213619,3.674479287,0.013744921,14.76791759,1.1483755,DA,H,4858,19,7.821,.016,.476,.009,5010,0.572,5.68,2015ApJS..219...19L,
WDJ133807.43-680434.65,5850533227210203520,25.13703393455326,0.025006132,204.5242635092557,0.017485319,-68.076676222,0.020246169,12.57659216,0.26716423,DA,H,8832,75,7.984,.022,.588,.013,8832,0.588,0.85,2011ApJ...743..138G,
WDJ133850.48+701707.64,1686708050268594944,37.72907009770777,0.028657429,204.70502791427148,0.026746718,70.285346679,0.025789954,10.65561951,-0.2785654,DAZ,H,20319,409,7.928,.025,.585,.013,20319,0.585,0.05,2003ApJ...596..477Z,
WDJ134121.80+050045.85,3714914271705535360,68.15547717234477,0.05366574,205.33890852183194,0.04412148,5.012820021,0.03656486,15.48183881,1.490633,DC,H,4022,33,7.746,.023,.445,.010,4255,0.624,9.58,2018MNRAS.480.3942H,
WDJ134202.88-341519.45,6165095738576250624,48.11495272535425,0.061757725,205.49961107955724,0.0599311,-34.2503035,0.04970935,14.64976532,1.036416,DA,H,5163,44,7.962,.032,.558,.019,5254,0.620,5.07,2017AJ....154...32S,
WDJ134349.01-344749.39,6165010320266420096,27.68709079805623,0.08825405,205.9515587576205,0.07361706,-34.797384258,0.06362916,14.48967662,0.9987831,DA,H,5136,79,7.808,.052,.471,.022,5247,0.536,3.40,2023MNRAS.518.3055O,
WDJ134441.03-650942.13,5851860818806598528,25.89708662672929,0.0914298,206.17182447927112,0.06531181,-65.160837759,0.069612525,14.82240855,1.1656322,DA,H,4789,125,7.793,.093,.460,.043,4955,0.564,5.86,2023MNRAS.518.3055O,
WDJ134532.97+420043.66,1500607765872799616,26.688730792614344,0.058675405,206.3862133954136,0.035796456,42.012696954,0.045082442,14.17680361,1.2517185,DC,H,4639,32,7.181,.032,.239,.009,4968,0.361,2.55,2015ApJS..219...19L,Double degenerate candidate
WDJ134602.06+570032.79,1658578797618935680,40.048293005701275,0.016650368,206.50700407557588,0.013845028,57.009951197,0.014903328,11.49977105,-0.10845184,DA,H,14095,195,8.045,.017,.637,.010,14095,0.637,0.27,2015ApJS..219...19L,
WDJ134724.37+102138.01,3725570772761744384,48.05968617454268,0.03251016,206.84747992491234,0.023821874,10.35993413,0.018854035,13.43224065,0.5337572,DAZ,H,6926,48,7.976,.020,.577,.012,6926,0.577,1.56,2003ApJ...596..477Z,
WDJ134803.01+233446.44,1251824057289839744,84.31052432709014,0.028874354,207.00533857595104,0.018640501,23.580123422,0.017066456,14.96746695,1.2689066,DC,H,4576,20,7.767,.016,.457,.007,4769,0.586,7.21,2018MNRAS.480.3942H,
WDJ134902.30+115513.53,3728074738695246336,35.288635840394356,0.15832463,207.26032349188753,0.11217287,11.918082965,0.08873522,15.54897635,1.3436146,DCP,He,4446,57,8.050,.059,.599,.037,4607,0.742,8.10,2015ApJS..219...19L,
WDJ134944.61+275521.76,1451566149955227520,33.35000037311801,0.043916624,207.43457407157464,0.034236614,27.923018085,0.026883457,13.89049422,0.48042202,DA,H,7240,61,8.392,.020,.844,.013,7240,0.844,3.22,2015ApJS..219...19L,
WDJ135118.41+425316.90,1502063317405058304,25.43081634238371,0.061022557,207.82807062370065,0.034246527,42.886914579,0.044033285,13.86707651,0.51156807,DZ,He,6748,68,8.324,.025,.799,.016,6748,0.799,3.47,2007ApJ...663.1291D,
WDJ135122.69-273357.82,6177238676273826304,26.591086040491863,0.03335363,207.8448460418247,0.031021915,-27.566936073,0.026974399,12.24813538,0.17364788,DA,H,9701,123,7.977,.032,.586,.018,9701,0.586,0.66,2011ApJ...743..138G,
WDJ135211.79+105351.87,3727155340815968256,28.289535665648362,0.075493015,208.04801123198573,0.056142896,10.896895613,0.043958608,14.0047011,0.76776314,DA,H,5957,50,7.965,.029,.566,.017,5944,0.559,2.23,2015ApJS..219...19L,
WDJ135315.53-091633.37,3618657732410663808,50.7380729734288,0.023519935,208.31631313530912,0.022079477,-9.277531063,0.017671393,13.07608084,0.26495647,DAH,H,8881,81,8.325,.020,.803,.013,8881,0.803,1.41,2018MNRAS.480.3942H,
WDJ135509.42-262248.95,6178524211524592640,30.742292845991056,0.064660415,208.79046080131985,0.06040694,-26.380645799,0.049706798,14.04975728,0.7332611,DA,H,6090,70,8.064,.036,.627,.022,6090,0.627,2.54,2020MNRAS.497..130T,
WDJ135907.82-233327.18,6275184065428686464,29.78675152196095,0.03492331,209.78098315561274,0.031804863,-23.557797421,0.029003395,12.35617071,0.203475,DA,H,9441,91,7.993,.024,.595,.014,9441,0.595,0.73,2011ApJ...743..138G,
WDJ140115.27-391432.21,6114344102909485824,35.99700185293731,0.09366565,210.3120538712025,0.08774743,-39.242325886,0.07604916,15.03666865,0.91072273,DAH,H,5512,56,8.430,.032,.864,.021,5540,0.891,7.13,2023MNRAS.518.3055O,
WDJ140324.75+453333.02,1505825635741455872,29.084471595454005,0.1896375,210.85141442192878,0.13141732,45.558796841,0.14919573,16.34022589,-0.1395874,DC,He,,,,,,,,,,2022ApJ...934...36B,IR-faint white dwarf with collision-induced absorption in the infrared. Multiple solutions for Gaia stellar parameters
WDJ140556.01+664802.01,1671668067321674368,27.241718373835003,0.10769442,211.47791787708388,0.11548888,66.800517373,0.09202129,15.57784649,1.552494,DC,H,3924,185,7.735,.116,.440,.049,4159,0.624,9.82,2015ApJS..219...19L,
WDJ140608.61-695726.60,5846206030463663232,27.916679168210628,0.037073698,211.5339792183295,0.026458796,-69.957553262,0.03005183,13.47631678,0.5657377,DA,H,6768,46,7.945,.021,.559,.012,6768,0.559,1.58,2023MNRAS.518.3055O,
WDJ140644.61+313022.68,1454347089739329152,25.34202172871194,0.12610169,211.6847679298423,0.079555094,31.507180332,0.08593705,14.98374329,1.1963711,DC,H,4792,84,7.924,.073,.533,.043,4936,0.637,7.44,2015ApJS..219...19L,
WDJ140709.63-062641.95,3643555726544985088,40.66405958675241,0.03126774,211.79068041081237,0.029045174,-6.444673086,0.025573583,13.05017967,0.3229456,DA,H,8344,81,8.172,.023,.702,.015,8344,0.702,1.29,2017MNRAS.472.4173R,
WDJ140945.24+421600.65,1498447607777405312,27.86208403650869,0.02338002,212.4384138272362,0.014641204,42.266804579,0.018223813,12.29154299,0.15505314,DAZ,H,9965,88,8.065,.020,.639,.012,9965,0.639,0.70,2003ApJ...596..477Z,
WDJ141039.98+024513.10,3667514634669861120,36.090776392033106,0.0641562,212.6664169381908,0.052882064,2.752550552,0.043650765,14.30951412,0.88839436,DAZ,H,5562,46,7.968,.030,.566,.018,5598,0.588,2.94,2012AJ....143..103S,
WDJ141041.67-751030.18,5790182751914903424,30.005025888207147,0.07587495,212.6706728371364,0.06319823,-75.175574557,0.05903549,14.78157903,1.1273823,DZA,H,4951,42,7.900,.036,.520,.020,5078,0.606,5.99,2023MNRAS.518.3055O,
WDJ141159.17-592044.99,5867776696271127424,69.44139909126426,0.027122809,212.9972497484374,0.013838091,-59.346097246,0.019791266,13.75986831,0.58574677,DA,H,6653,37,8.108,.015,.657,.010,6653,0.657,2.13,2023MNRAS.518.3055O,
WDJ141215.41+153253.03,1232045934759720192,27.4104824036052,0.118880846,213.06115792105268,0.09181872,15.548192475,0.08314018,15.07917839,1.1282902,DC,H,4985,86,8.144,.064,.671,.042,5081,0.753,8.36,2015MNRAS.446.4078K,
WDJ141220.36-184241.64,6296317052576778240,30.05643854888609,0.08533346,213.08541806996297,0.07529426,-18.712081769,0.059166487,14.33875559,0.83761024,DAH,H,5721,86,8.080,.050,.635,.031,5734,0.644,3.41,2023MNRAS.518.3055O,
WDJ141421.47-363020.36,6118079453145005312,28.42732000897935,0.1034346,213.58857636935136,0.09816526,-36.506801061,0.08539476,14.86306659,1.0931778,DA,H,5097,81,8.068,.060,.622,.038,5187,0.691,6.87,2001ApJ...558..761R,
WDJ141622.47-653126.81,5852538324131652736,25.916162253285165,0.05137884,214.08991617913537,0.032789744,-65.524482797,0.03823337,13.44820145,0.29169083,DA,H,8609,86,8.473,.022,.900,.014,8609,0.900,2.29,2023MNRAS.518.3055O,
WDJ142054.81-090508.76,6329136310728635776,26.115112879302444,0.20408776,215.2262553539713,0.19046696,-9.085973351,0.16199723,12.39896754,0.3996086,DA,H,7785,71,7.569,.032,.398,.011,7785,0.398,0.77,2011ApJ...743..138G,Gaia non-single-star: period 87 days
WDJ142254.17-460549.72,6093257119157372160,26.44775330173365,0.075387724,215.7238796925909,0.04824623,-46.09695644,0.059537437,14.05235293,0.5989685,DC,He,6480,63,8.215,.029,.710,.019,6480,0.710,3.13,2023MNRAS.518.3055O,
WDJ142428.39-510233.63,5898935893701856128,31.594571865323505,0.05118632,216.1162780749529,0.040176988,-51.043219846,0.03870191,13.82543937,0.5852785,DQ,He,6553,63,8.087,.029,.627,.018,6553,0.627,2.22,2023MNRAS.518.3055O,
WDJ142439.15+091714.16,1176717792385803136,29.9940998640532,0.02589168,216.1621620566705,0.027100021,9.286601914,0.0237695,11.72869417,-0.028862,DA,H,12392,195,8.062,.017,.643,.010,12392,0.643,0.39,2015ApJS..219...19L,
WDJ142659.43+492100.45,1507571286545131648,29.505038325639863,0.046297982,216.746919872262,0.036871403,49.350326734,0.03847595,14.09101792,0.5434227,DC,He,6760,75,8.342,.028,.794,.019,6760,0.794,3.41,2006AJ....131..582K,
WDJ143015.38-240326.12,6272326022391660928,30.706253163826453,0.10718876,217.56159413428307,0.093911685,-24.058989555,0.07401805,14.86916113,1.1568184,DA,H,4866,58,7.902,.051,.521,.029,5004,0.616,6.67,2023MNRAS.518.3055O,
WDJ143019.96-252040.40,6271903947364173056,31.6444279533687,0.05716954,217.58272827853395,0.050617635,-25.344317962,0.050841354,14.03726225,0.5784111,DA,H,6742,69,8.322,.026,.796,.017,6742,0.796,3.44,2023MNRAS.518.3055O,
WDJ143307.64-812014.13,5772718006135360128,47.87776291302787,0.014489068,218.27725146023997,0.012079826,-81.338990679,0.012133859,11.82487225,-0.02193737,DA,H,12147,139,8.115,.014,.675,.009,12147,0.675,0.45,2011ApJ...743..138G,
WDJ143642.85+433234.61,1493367245581725184,36.82085174361035,0.054718636,219.17654632121884,0.04102715,43.545188857,0.044503946,15.04081115,1.2620811,DC,H,4634,40,7.848,.034,.489,.019,4809,0.611,7.56,2015ApJS..219...19L,
WDJ143826.23-560110.20,5893318763718868736,25.613849958373628,0.045441803,219.6075536632588,0.028384939,-56.019833103,0.039385512,13.29725731,0.2746544,DC,He,8210,80,8.235,.024,.725,.016,8210,0.725,1.53,2023MNRAS.518.3055O,
WDJ144251.51-782353.67,5785654859950570496,41.68513173425078,0.029791117,220.70555085347556,0.025314022,-78.398115459,0.025250139,14.04881489,0.691412,DA,H,6206,35,8.125,.017,.666,.011,6206,0.666,2.76,2011ApJ...743..138G,
WDJ144318.17-143715.32,6310804634396281984,34.81126483149145,0.06109086,220.8246683173382,0.053291846,-14.621491706,0.042869948,13.90896402,0.58439636,DA,H,6669,68,8.211,.028,.723,.018,6669,0.723,2.73,2018A&A...619A..31S,
WDJ144528.12+292124.29,1282448170543051520,26.029760423314034,0.0777612,221.36675906461159,0.034970984,29.356776909,0.053113498,14.43934085,0.9476929,DA,H,5418,49,7.967,.035,.564,.021,5473,0.599,3.45,2020MNRAS.497..130T,
WDJ144528.47+292132.07,1282448170543051648,26.051812220545155,0.025351685,221.36825769066093,0.011669338,29.35890026,0.017388642,11.5928627,-0.033539772,DA,H,12445,167,7.964,.015,.586,.009,12445,0.586,0.34,2015ApJS..219...19L,
WDJ144710.68-694040.21,5799644049485006848,33.75797961312144,0.06597206,221.789175235124,0.039406944,-69.678089155,0.05019922,14.41968523,1.3159294,DC,H,4466,26,7.243,.024,.256,.007,4804,0.397,3.38,2023MNRAS.518.3055O,Double degenerate candidate
WDJ144725.34-174215.75,6282457918962299776,75.19475017006016,0.05011494,221.85046184472634,0.047384948,-17.705900749,0.041842844,15.5382156,1.1109543,DC,H,4980,37,8.448,.022,.875,.015,5055,0.957,9.48,2018MNRAS.480.3942H,
WDJ145806.49+293729.52,1281989124439286912,34.997480888577215,0.029295487,224.52776170185118,0.012641944,29.622205825,0.019860448,13.21829993,0.46278858,DAZ,H,7342,53,7.975,.020,.578,.012,7342,0.578,1.34,2003ApJ...596..477Z,
WDJ150324.74-244129.02,6227687980608264064,38.51144034415773,0.05358926,225.85243533894737,0.04329892,-24.691552721,0.03590842,13.69575781,0.8489971,DA,H,5666,32,7.596,.019,.396,.008,5697,0.409,1.71,2023MNRAS.518.3055O,Double degenerate candidate
WDJ150549.31-071440.95,6332763530870415488,37.08223709770063,0.042694103,226.45454432971792,0.0409437,-7.244792848,0.031352554,13.60866063,0.5851841,DAH,H,6668,52,8.001,.023,.591,.014,6668,0.591,1.78,2011ApJ...743..138G,
WDJ150938.86+633225.48,1620030637207462912,28.712405974404376,0.018488402,227.41111121842917,0.01751407,63.539968654,0.017387157,12.01901293,0.119924545,DA,H,10318,91,7.954,.019,.574,.011,10318,0.574,0.55,2015ApJS..219...19L,
WDJ151127.63+320417.92,1276688069644366592,29.282034893204052,0.021155085,227.86423379804015,0.011433484,32.071916307,0.015137687,11.47689727,-0.13355255,DA,H,14772,218,8.085,.018,.662,.011,14772,0.662,0.25,2015ApJS..219...19L,
WDJ151358.72-201445.94,6255777749623059584,36.26462738154875,0.02322832,228.49419535096666,0.019859672,-20.246012999,0.015670178,11.8928931,0.06809807,DA,H,10903,112,7.982,.019,.592,.011,10903,0.592,0.49,This work,
WDJ151431.85-462555.28,5903884280152869632,44.27070083208887,0.030293226,228.62919181771886,0.022380084,-46.432107325,0.020271182,13.27352899,0.35838795,DQZ,He,7541,57,8.025,.019,.591,.012,7541,0.591,1.40,2023MNRAS.518.3055O,
WDJ151534.80+823028.99,1722236328978172928,26.13265621298822,0.11000227,228.8897622941915,0.10757746,82.50875584,0.10352578,15.25083478,1.3467064,DZH,H,4481,141,7.883,.107,.508,.056,4665,0.647,8.70,2020MNRAS.497..130T,
WDJ151552.91+664242.88,1645204475617697536,26.163541605673657,0.023554469,228.97065850101615,0.02231874,66.712339661,0.02133609,12.50989166,0.13220406,DA,H,10298,110,8.272,.021,.771,.014,10298,0.771,0.87,2011ApJ...743..138G,
WDJ151907.38-485423.83,5902612969841664768,28.259854761499465,0.037605576,229.7812819740319,0.030376637,-48.907728366,0.02485231,12.79376663,0.19662762,DQZ,He,8872,81,8.070,.023,.621,.014,8872,0.621,0.99,2023MNRAS.518.3055O,
WDJ152316.52-341207.40,6206195620664214400,30.635244715507298,0.036578923,230.81688080569793,0.033081416,-34.203156526,0.022977246,12.80161577,0.21228504,DC,He,8711,95,8.031,.028,.597,.017,8711,0.597,0.98,1985ApJS...59..197B,
WDJ152542.94+562908.61,1602197696772907648,31.040520042425857,0.04138395,231.4283640402841,0.036584605,56.485075625,0.03992461,14.20907494,0.9108906,DA,H,5497,39,7.852,.027,.499,.015,5547,0.527,2.50,2018ApJS..239...26L,
WDJ152621.06+293622.69,1273685372108354176,43.088926111572626,0.040815637,231.58818633161613,0.022042546,29.607065523,0.030608958,14.66839735,1.0645075,DA,H,5084,28,7.913,.022,.529,.012,5191,0.599,5.06,2015ApJS..219...19L,
WDJ152915.63-642811.20,5826604589994061312,30.819371521992778,0.06569021,232.3134790788234,0.046952017,-64.469220829,0.042672377,14.35355989,0.9495506,DA,H,5202,64,7.768,.035,.463,.011,5304,0.521,2.98,2023MNRAS.518.3055O,
WDJ152926.39-141614.44,6265877455415860224,26.650611605512278,0.11049506,232.3589540215717,0.1020294,-14.272101333,0.08118055,14.9737129,1.007473,DA,H,5267,87,8.254,.057,.745,.038,5325,0.796,7.43,2023MNRAS.518.3055O,
WDJ153044.96-620304.10,5827454649955072256,26.560293924691777,0.06945836,232.6852692206827,0.050027926,-62.052493007,0.046131995,14.34970638,0.8107414,DAZ,H,5879,61,8.167,.034,.691,.022,5876,0.689,3.72,2023MNRAS.518.3055O,
WDJ153417.50+021848.12,4424031479858305408,29.631328620498664,0.05362264,233.57240228280588,0.04332646,2.31299512,0.04302033,13.57675062,0.33855438,DA,H,8195,98,8.462,.027,.892,.017,8195,0.892,2.58,2015ApJS..219...19L,
WDJ153451.17+464948.77,1401010605309570816,32.47346851508901,0.08045107,233.71014323116611,0.06418295,46.831191991,0.0779203,15.32735039,1.4076729,DC,H,4308,71,7.812,.049,.468,.021,4520,0.625,8.84,2015ApJS..219...19L,
WDJ153505.81+124745.20,1193520666521113344,51.94608187314988,0.034417957,233.77345316505165,0.028620463,12.795090042,0.024904301,14.16823998,0.7940893,DZH,He,5790,42,8.068,.021,.629,.013,5796,0.633,3.97,2019A&A...630A..65B,
WDJ153744.44+650148.75,1641386833807056640,34.66318030869148,0.01757515,234.43392018999566,0.01752063,65.030951277,0.016520593,12.31676503,0.18620586,DA,H,9589,79,8.001,.020,.600,.012,9589,0.600,0.71,2015ApJS..219...19L,
WDJ154033.36+330852.51,1370654257498865536,33.82968098724219,0.021332333,235.13812228463908,0.012590071,33.148292986,0.018448185,12.69632651,0.27893448,DA,H,8726,73,8.039,.021,.620,.013,8726,0.620,0.94,2015ApJS..219...19L,
WDJ154053.08-485837.95,5985749857190372480,27.413519285263284,0.108071476,235.22114035547256,0.079530545,-48.978079392,0.06570479,15.00248396,1.1810341,DZA,H,4830,49,7.977,.043,.565,.026,4962,0.665,7.77,2023MNRAS.518.3055O,
WDJ154234.63+232941.56,1218051664291152000,35.98643987847095,0.052557603,235.64453413619768,0.0332757,23.493062716,0.040729806,14.37729742,0.80423546,DA,H,5839,43,8.170,.023,.694,.015,5840,0.694,3.88,2015ApJS..219...19L,
WDJ154605.44+375127.50,1376326912864142336,26.677641749444703,0.019145915,236.52226060434174,0.01477637,37.857699206,0.01627995,11.62172518,-0.06806469,DA,H,13290,184,8.054,.015,.641,.009,13290,0.641,0.32,2015ApJS..219...19L,
WDJ154730.02-375508.46,6009537829925128064,65.68911952047122,0.025664976,236.87270043635263,0.022582669,-37.919946061,0.017703138,12.0882752,0.104569435,DA,H,10392,90,8.026,.018,.617,.011,10392,0.617,0.59,2018MNRAS.480.3942H,
WDJ154835.89+570826.43,1598771000065137536,26.36804129682261,0.061062817,237.14779028811617,0.059340704,57.140059669,0.05525181,14.45284335,0.791729,DC,He,5770,63,8.164,.035,.674,.023,5778,0.679,4.59,2009AJ....138..102K,
WDJ154937.89-395455.21,6008386881767536128,26.457319634629865,0.029899416,237.40755429897118,0.022861496,-39.915687194,0.017778669,11.50921922,-0.09090233,DB,He,13268,178,7.976,.024,.573,.014,13268,0.573,0.29,2017MNRAS.472.4173R,
WDJ155131.68-385049.90,6008581907636919936,28.1172141621663,0.09604696,237.88222215628065,0.08172219,-38.847995754,0.06481281,14.69711444,0.949316,DC,He,5289,44,8.074,.033,.615,.021,5356,0.663,5.81,2023MNRAS.518.3055O,
WDJ155226.38+181018.69,1202826348825240832,27.12155147242134,0.031849384,238.10918727468706,0.024304587,18.172376927,0.022135088,11.98235465,-0.11725807,DA,H,14813,217,8.406,.016,.866,.010,14813,0.866,0.41,2015ApJS..219...19L,
WDJ155534.21+502547.74,1403348682426861568,32.759749385751086,0.03578185,238.8908958944991,0.032950055,50.429903962,0.036555417,13.98947385,0.72606087,DA,H,6103,41,8.029,.021,.606,.013,6103,0.606,2.36,2015ApJS..219...19L,
WDJ155647.51-080601.24,4348098485293072128,30.56570938445895,0.17251037,239.19966693189042,0.15264224,-8.101247731,0.101016425,15.7648064,0.44581413,DC,He,,,,,,,,,,2008MNRAS.385L..23R,IR-faint white dwarf with collision-induced absorption in the infrared. Multiple solutions for Gaia stellar parameters
WDJ155857.70+041705.16,4425632987265111680,44.42666298530873,0.04850509,239.74023399639623,0.03651968,4.284440515,0.03312479,14.23363747,0.5493269,DCP,He,6730,51,8.421,.019,.848,.013,6730,0.848,3.81,2015ApJS..219...19L,
WDJ160027.92-131949.93,6264127170346899712,27.1993784966671,0.112937555,240.11566582254122,0.1021067,-13.331032181,0.07195326,14.8192149,1.103468,DC,He,4953,83,7.930,.071,.527,.042,5073,0.609,6.10,2023MNRAS.518.3055O,
WDJ160041.14-165430.24,6250213984568447872,32.954658273242494,0.1539148,240.16772844051536,0.14677216,-16.90752823,0.10555093,15.60342206,1.5718193,DC,H,3854,125,7.716,.084,.432,.037,4091,0.618,9.91,2020MNRAS.497..130T,
WDJ160112.71+531659.84,1404831472640252928,26.5510410936279,0.034638554,240.30182069433775,0.032983646,53.284497827,0.03414406,13.58654077,0.58219147,DA,H,6723,63,7.999,.027,.590,.016,6723,0.590,1.74,2015ApJS..219...19L,
WDJ160123.19+364834.29,1372458109403442432,30.46677204995983,0.018667227,240.34717326878896,0.01387364,36.807100831,0.016834967,11.82724822,0.05019188,DA,H,11120,125,7.973,.020,.588,.012,11120,0.588,0.46,2015ApJS..219...19L,
WDJ160137.01-383209.35,5998095590373665792,30.704672907428535,0.085374065,240.40583697613482,0.065898806,-38.536699134,0.040925864,14.53011938,1.1348572,DA,H,4906,36,7.692,.030,.426,.013,5067,0.517,4.02,2023MNRAS.518.3055O,
WDJ160241.98+575815.32,1622697949337226112,30.90336916527265,0.019060478,240.67479538266184,0.018135328,57.971156198,0.018253084,11.26092415,-0.15839767,DA,H,15563,263,8.001,.021,.614,.012,15563,0.614,0.18,2011ApJ...743..138G,
WDJ160415.07-072658.01,4349513797276615680,37.211176065553744,0.12911148,241.06154741718146,0.11390077,-7.451408128,0.07207431,15.76857698,1.1721153,DCP,H,4920,69,8.546,.042,.940,.028,4995,1.029,9.37,2020MNRAS.497..130T,
WDJ160420.47-133123.84,4341773063622911872,26.66553227344414,0.087050244,241.0848720407589,0.08397736,-13.523745817,0.04896768,14.55440929,1.0947495,DA,H,5008,50,7.784,.032,.468,.010,5140,0.547,4.22,2020MNRAS.497..130T,
WDJ160453.59+005512.97,4411572123331402880,30.799262899377702,0.100216515,241.22047388566963,0.081343874,.920085674,0.06482319,14.85700061,1.1659851,DC,H,4836,59,7.865,.052,.499,.029,4984,0.598,6.44,2015ApJS..219...19L,
WDJ160454.29-720347.59,5806672265237931776,27.058708413326933,0.064772576,241.22286805079347,0.0557394,-72.062613031,0.047736138,14.34287631,1.4905243,DC,H,4093,35,6.747,.042,.130,.008,4716,0.304,2.72,2023MNRAS.518.3055O,Double degenerate candidate
WDJ160606.17+702226.94,1647162396588999552,27.890910682107265,0.035736244,241.52613666214512,0.035959046,70.374030218,0.034301165,13.81291547,0.65320015,DA,He,6264,57,7.949,.029,.542,.017,6264,0.542,2.02,2020MNRAS.497..130T,He-rich DA (weak Halpha)
WDJ160700.89-140423.88,4341495230772911616,36.346777024107254,0.060727764,241.75248100208216,0.055717144,-14.073243692,0.035903756,14.29798653,0.83238316,DAH,H,5718,37,8.051,.024,.617,.015,5732,0.626,3.14,2020MNRAS.497..130T,
WDJ160714.17+342346.59,1323922779935068160,29.108059638823814,0.04967148,241.80923165473118,0.035170108,34.395150719,0.04133975,14.30066328,0.89536476,DA,H,5554,47,7.957,.031,.559,.018,5591,0.582,2.89,2015ApJS..219...19L,
WDJ161125.61+132217.94,4458207634145130368,44.91266293097439,0.030715879,242.8567551085962,0.02290657,13.369230871,0.020140998,13.33394203,0.22878456,DA,H,9235,90,8.553,.019,.953,.012,9235,0.953,2.19,2015ApJS..219...19L,
WDJ161330.58+442754.13,1385719147346936064,32.95522892258367,0.049314275,243.37674074976155,0.043834876,44.466731475,0.04285015,14.59067166,0.9538841,DA,H,5262,73,7.978,.050,.569,.030,5338,0.620,4.54,2020MNRAS.497..130T,
WDJ161424.60+090603.91,4452997701376633728,35.90492074716555,0.07196835,243.60253936247815,0.0588055,9.099383612,0.045275338,14.95362486,1.2065563,DC,H,4765,40,7.886,.035,.511,.020,4919,0.618,7.18,2015ApJS..219...19L,
WDJ161916.31-183114.19,6246049446837287680,26.031110367581075,0.12713408,244.81721957837848,0.11447477,-18.520304274,0.07711464,15.05760247,0.87556076,DA,H,5666,83,8.519,.044,.924,.029,5680,0.937,6.78,2020MNRAS.497..130T,
WDJ162125.64-055219.84,4355229123137665792,25.61471664342262,0.1670551,245.3565170578911,0.13080592,-5.872323485,0.10317335,14.92311078,1.2228489,DC,H,4667,108,7.796,.084,.472,.037,4844,0.590,6.98,2020MNRAS.497..130T,
WDJ162224.44-551132.01,5931881969426463616,27.38854593982261,0.073193446,245.60272991434124,0.061996177,-55.191814715,0.045578018,14.44227788,0.943285,DA,H,5397,76,7.960,.053,.559,.031,5456,0.596,3.48,2023MNRAS.518.3055O,
WDJ162333.84-391346.16,6018034958869558912,77.45445300678792,0.043276638,245.8914359505284,0.036845494,-39.229487465,0.025916446,10.44563196,-0.34853935,DA,H,24073,488,8.006,.026,.636,.014,24073,0.636,0.03,2018MNRAS.480.3942H,
WDJ162558.78-344145.71,6022366686772364288,28.592531075298076,0.11827397,246.49360513413214,0.09884903,-34.695932894,0.060316958,14.59656501,1.1030312,DAH,H,4998,56,7.807,.038,.479,.014,5129,0.559,4.55,2023MNRAS.518.3055O,
WDJ162626.33+193839.32,1201036206454896000,36.269798985125675,0.046608295,246.6088998396101,0.033093117,19.645207514,0.030784272,14.29019174,0.72865295,DA,H,6104,46,8.237,.021,.738,.014,6104,0.738,3.90,2015ApJS..219...19L,
WDJ162753.49+091216.02,4452521234885949184,39.85582927285886,0.03975985,246.97243578912594,0.028750809,9.202359409,0.02516847,14.03441125,0.5621681,DA,H,6800,47,8.340,.017,.809,.011,6800,0.809,3.48,2015ApJS..219...19L,
WDJ162818.90-173917.89,4323956302321933952,30.98376237586422,0.091642134,247.07819308961302,0.08268559,-17.65547647,0.054070838,14.75147777,1.1553383,DA,H,4863,44,7.803,.030,.466,.010,5017,0.562,5.41,2020MNRAS.497..130T,
WDJ162825.00+364615.85,1331106782752978688,62.9108969334804,0.014343127,247.10143735940747,0.011107231,36.774387265,0.013305671,12.77670439,0.18741798,DZA,He,8964,80,8.309,.018,.793,.012,8964,0.793,1.43,2018MNRAS.480.3942H,
WDJ162838.60+705321.70,1653044367185115264,30.570707255398414,0.06887022,247.16082705032514,0.06970316,70.88732927,0.062617175,14.94553043,1.147129,DA,H,4903,44,7.983,.036,.569,.022,5026,0.660,7.35,2015ApJS..219...19L,
WDJ163029.74-373936.84,6018613473779340928,30.103145629282423,0.14089909,247.6221914093688,0.11350172,-37.661469123,0.07855164,15.3128934,0.6122036,DC,He,6449,126,8.917,.042,1.147,.021,6449,1.147,4.44,2023MNRAS.518.3055O,IR-faint white dwarf with collision-induced absorption in the infrared. Multiple solutions for Gaia stellar parameters
WDJ163058.32-281815.48,6044265144466741888,25.453252242541144,0.19749743,247.7417021026549,0.1840705,-28.304307946,0.13000697,15.52664841,1.5299091,DC,H,3952,135,7.721,.090,.434,.035,4190,0.617,9.65,2023MNRAS.518.3055O,
WDJ163233.17+085122.67,4440264291578812928,77.35287594638186,0.026699724,248.13945312098198,0.01781464,8.855146771,0.010318747,14.33894333,0.87302494,DA,H,5594,24,8.016,.015,.595,.009,5624,0.614,3.21,2018MNRAS.480.3942H,
WDJ163337.05-371314.28,6018693257096471424,47.404525154122666,0.072568975,248.40166561890604,0.063457415,-37.221023815,0.035959493,14.814707,0.88656616,DC,He,5433,38,8.243,.023,.726,.015,5475,0.760,6.30,2023MNRAS.518.3055O,
WDJ163411.51+755857.56,1703379704562897280,29.85625658519689,0.018163119,248.54986256763962,0.019031612,75.98331289,0.016817365,11.61918377,0.037312508,DA,H,12816,1092,8.006,.079,.611,.046,12816,0.611,0.33,1985ApJS...59..197B,
WDJ163421.55+571008.87,1431176943768691328,67.35385415177373,0.021381365,248.58069229122174,0.021348972,57.174460982,0.017820662,13.99055326,0.6850052,DQ,He,6126,33,8.020,.017,.584,.010,6126,0.584,2.45,2018MNRAS.480.3942H,
WDJ163441.85+173634.09,4466388790929771904,39.03397945199561,0.019681277,248.67472884862158,0.012849365,17.609323877,0.01171426,11.09493415,0.14571476,DAZ,H,9754,69,7.250,.016,.305,.004,9754,0.305,0.31,2003ApJ...596..477Z,Double degenerate from 2021MNRAS.502.4972K
WDJ163501.43+431736.35,1405343643196929536,68.9911960837904,0.016140647,248.75733560704234,0.014027228,43.292088244,0.014755491,13.91018937,0.62082195,DAZ,H,6516,36,8.153,.015,.685,.009,6516,0.685,2.53,2018MNRAS.480.3942H,
WDJ163626.53-873706.08,5765270154886903168,26.41670344679564,0.06669609,249.08060794045755,0.061337885,-87.61997811,0.059646707,14.5948031,0.81596184,DQ,He,5655,69,8.207,.039,.702,.026,5674,0.716,5.33,2023MNRAS.518.3055O,
WDJ163854.47+054041.63,4435778215414219520,27.75141237334975,0.050721,249.72557959614127,0.040863596,5.676341159,0.02576062,13.55111545,0.30524635,DA,H,8496,106,8.517,.027,.928,.017,8496,0.928,2.58,2011ApJ...743..138G,
WDJ163927.82+332522.24,1326398777041821568,32.78695169783191,0.016534455,249.86581266633254,0.012583083,33.420771062,0.014966392,12.1954082,0.14688206,DA,H,9989,85,8.012,.019,.608,.011,9989,0.608,0.65,2015ApJS..219...19L,
WDJ164057.15+534109.32,1425909733315616000,49.650091057029,0.020746969,250.23722256910077,0.02076348,53.685075008,0.019725831,13.44199125,0.40596485,DAHe,H,7729,68,8.253,.020,.753,.013,7729,0.753,1.83,2020MNRAS.499.2564G,
WDJ164136.61+151237.93,4462612140287443840,32.2108886076323,0.24323241,250.40262072819695,0.18630622,15.207554739,0.15252945,13.15832653,0.4652071,DA,H,7329,57,7.921,.032,.547,.018,7329,0.547,1.25,2015ApJS..219...19L,
WDJ164725.24-544237.58,5929529014509678720,45.19750017005106,0.024311498,251.85428165844772,0.018873384,-54.711658498,0.015515508,13.21649508,0.29712486,DA,H,8530,73,8.332,.019,.807,.012,8530,0.807,1.61,2023MNRAS.518.3055O,
WDJ164825.63+590322.66,1431783457574556672,91.33996015398594,0.021994025,252.10793777808894,0.019554926,59.05497069,0.026872756,12.08227809,-0.018343925,DA,H,12182,139,8.285,.014,.783,.009,12182,0.783,0.57,2018MNRAS.480.3942H,
WDJ164951.45-215503.96,4126670518631322880,27.19899060755582,0.10517185,252.46319070028173,0.098200224,-21.917995391,0.044244204,14.71252794,1.0473232,DA,H,5129,49,7.978,.040,.567,.024,5223,0.632,5.53,2020MNRAS.497..130T,
WDJ165044.34-324923.08,6027138331058857088,36.87624064795583,0.049509242,252.68421278441602,0.040276434,-32.825247744,0.023172341,13.8875932,0.77714443,DA,H,5907,32,7.848,.019,.500,.011,5899,0.496,1.93,2009AJ....137.4547S,
WDJ165237.59-011356.41,4379328051494006784,33.05643788787638,0.08517795,253.1572177264134,0.07023052,-1.23396096,0.042766843,14.73778226,0.9029083,DA,H,5542,57,8.256,.034,.748,.022,5571,0.772,5.77,2006A&A...448..579C,
WDJ165335.21-100116.33,4334641562477923712,30.647531686545562,0.04216529,253.39740924172665,0.033182655,-10.022140991,0.01711952,13.13974051,0.46597576,DAe,H,7345,86,7.912,.033,.542,.019,7345,0.542,1.23,2023MNRAS.518.3055O,
WDJ165401.26+625354.91,1631578537252535040,32.485170632628424,0.09504248,253.49992630712626,0.091531724,62.899252393,0.103959456,15.61798876,0.4474964,DC,He,,,,,,,,,,2022ApJ...934...36B,IR-faint white dwarf with collision-induced absorption in the infrared. Multiple solutions for Gaia stellar parameters
WDJ165445.69+382936.63,1351956512512484480,36.63590480423582,0.04196449,253.6904651272502,0.036300316,38.49205533,0.0365662,14.40414661,0.8146496,DAZH,H,5808,51,8.173,.027,.695,.017,5812,0.698,4.01,2011ApJ...739..101Z,
WDJ165538.10-232555.73,4125468645047515904,26.148747330025024,0.055497147,253.9087557434822,0.052157983,-23.432621532,0.024659397,13.56016244,0.52418137,DA,H,6994,53,8.095,.022,.650,.014,6994,0.650,1.82,2023MNRAS.518.3055O,
WDJ165538.91+253346.61,1306197930941817984,27.40347397821024,0.053342175,253.9123765651336,0.035263386,25.562076654,0.0397604,14.15403411,0.07349777,DA,H,11455,200,9.267,.023,1.292,.007,11455,1.292,2.11,2015ApJS..219...19L,
WDJ165709.86+212648.66,4565048312887877888,47.63472232582776,0.015451988,254.2912014468113,0.010697388,21.444299763,0.010852762,12.46928919,0.2261095,DA,H,9206,74,8.010,.020,.604,.012,9206,0.604,0.79,2015ApJS..219...19L,
WDJ165823.76-805857.14,5775307733975564160,44.623962255613,0.053946346,254.6028167797075,0.044660285,-80.981144351,0.04528316,14.97827365,1.2229195,DC,H,4689,34,7.851,.029,.491,.016,4858,0.607,7.28,2023MNRAS.518.3055O,
WDJ165847.03-061708.94,4340322876499078400,31.43948495916572,0.087342225,254.69744435236353,0.06750295,-6.286389464,0.032781675,14.46464911,0.9091091,DA,H,5521,42,8.057,.029,.620,.018,5559,0.646,3.97,2001ApJS..133..413B,
WDJ165935.92+442543.45,1358325021299899136,35.088798995129714,0.039564483,254.8978367372638,0.035166766,44.427641028,0.038007885,14.29996752,0.89954376,DA,H,5541,38,7.949,.024,.554,.014,5580,0.578,2.88,2015ApJS..219...19L,
WDJ165940.02+320320.46,1313405848136604672,26.714809434811368,0.063389555,254.91549115855923,0.047012467,32.054605727,0.058592327,14.4800944,0.66163635,DA,H,6407,66,8.474,.026,.897,.017,6407,0.897,4.84,2012ApJS..199...29G,
WDJ165948.42+440104.04,1358301480583401728,31.592126103461204,0.028831732,254.95157127905017,0.0240252,44.018227313,0.027394531,12.28706727,-0.4145136,DAH,H,29613,729,9.227,.024,1.284,.007,29613,1.284,0.27,2011ApJ...743..138G,
WDJ170038.34-872352.90,5765288880944438144,30.72765918352157,0.019301858,255.16288398592232,0.0158679,-87.398429636,0.017476892,12.03018939,0.06860256,DA,H,10897,102,8.074,.018,.647,.011,10897,0.647,0.56,2017MNRAS.472.4173R,
WDJ170054.19-690832.65,5808208420421074560,27.858070049167946,0.045086805,255.22365345026074,0.023597678,-69.142778415,0.031580202,13.68628013,0.3755436,DA,H,7946,72,8.466,.020,.894,.013,7946,0.894,2.85,2023MNRAS.518.3055O,
WDJ170246.27+102241.24,4444590625015876864,34.10814927862353,0.10031094,255.69307888203147,0.06985922,10.37917494,0.062823765,15.31936578,1.0491562,DA,H,5147,79,8.404,.049,.846,.033,5209,0.909,8.91,2015ApJS..219...19L,
WDJ170256.34-531436.57,5923906524348891904,37.46175778118273,0.024342936,255.73472300903356,0.020300068,-53.244144,0.014476811,11.39387776,-0.1491785,DA,H,15052,232,8.059,.019,.648,.011,15052,0.648,0.22,2011ApJ...743..138G,
WDJ170427.96-005026.31,4380188694219651456,37.0438407087865,0.05206191,256.1154385767648,0.0414235,-.840892725,0.023274735,14.11945304,0.6179342,DA,H,6540,45,8.302,.018,.783,.012,6540,0.783,3.61,2023MNRAS.518.3055O,
WDJ170430.68-481953.11,5938773880045035776,38.7985744266728,0.10571842,256.1279365266128,0.100220926,-48.332517131,0.06989194,14.96023384,1.0425625,DC,He,5070,39,8.108,.031,.636,.020,5157,0.704,6.74,2023MNRAS.518.3055O,
WDJ170438.32-144620.79,4139348334376604928,30.611188471562638,0.056751173,256.1585103696403,0.050746366,-14.773970418,0.033816505,13.83746096,0.45308685,DA,H,7433,80,8.415,.024,.860,.016,7433,0.860,3.12,2020MNRAS.497..130T,
WDJ170502.87-014502.70,4379812558164849408,35.33116549115744,0.115669705,256.2612585138335,0.08370243,-1.751498752,0.05599905,15.08348482,1.231081,DC,H,4700,44,7.938,.039,.541,.023,4853,0.656,8.13,2020MNRAS.497..130T,
WDJ170530.44+480312.36,1408135749896104192,25.377764715018387,0.014894377,256.3769859404461,0.013304566,48.053122599,0.014594723,11.41158383,0.248662,DA,H,8918,66,7.236,.018,.296,.005,8918,0.296,0.39,2015ApJS..219...19L,Part of a triple degenerate from 2000MNRAS.314..334M
WDJ170530.97+480310.27,1408135749896103936,25.346993471006332,0.017805303,256.37914740185556,0.01602428,48.052539878,0.017282369,11.54718026,-0.10775471,DA,H,14224,201,8.081,.017,.659,.011,14224,0.659,0.27,2015ApJS..219...19L,Part of a triple degenerate from 2000MNRAS.314..334M
WDJ170552.58+260551.20,4573071139998034048,28.84056913260366,0.05394392,256.4689165835993,0.037856147,26.096296101,0.040972587,14.33445013,0.7506256,DA,H,6038,53,8.231,.026,.734,.017,6038,0.734,3.98,2020MNRAS.497..130T,
WDJ170641.36-264334.71,4108828945319007744,76.65460424054565,0.032999184,256.6722063533694,0.028351394,-26.72673303,0.017309554,14.42889823,0.71536446,DAH,H,6128,31,8.343,.013,.809,.009,6128,0.809,4.61,2020A&A...643A.134B,
WDJ170807.97+025737.08,4388138816124225792,56.0375054933106,0.025768792,257.03313523649365,0.02004245,2.958532441,0.011977931,13.83796597,0.5102196,DZ,He,6720,44,8.304,.015,.785,.010,6720,0.785,3.40,2018MNRAS.480.3942H,
WDJ171126.76-144753.69,4139531467491239680,44.0851697476335,0.02478484,257.86278605601507,0.021835463,-14.799464554,0.014169598,12.47490859,0.10462856,DQ,He,9916,108,8.095,.024,.638,.015,9916,0.638,0.77,2017AJ....154...32S,
WDJ171306.09+693125.51,1638563322306634368,38.094317490497396,0.01771891,258.2746730693291,0.016526297,69.522226866,0.020709045,11.23216199,-0.16787052,DA,H,15732,272,7.999,.021,.614,.012,15732,0.614,0.17,2015ApJS..219...19L,
WDJ171409.55-053419.96,4361621688038664064,38.19956410381718,0.026854282,258.53979522340876,0.020055465,-5.572611867,0.016170084,12.53630304,0.18527985,DA,H,9628,82,8.159,.020,.697,.013,9628,0.697,0.87,This work,
WDJ171436.16-161243.30,4136103572502555264,26.982312116904165,0.044948958,258.6502611537059,0.039924834,-16.212009112,0.027006486,13.10131881,0.06899738,DAH,H,11135,138,8.738,.019,1.066,.011,11135,1.066,1.81,2023MNRAS.518.3055O,
WDJ171450.80+391837.43,1341543072245722752,25.26306472568276,0.03206364,258.7115968201552,0.027766315,39.311287363,0.03039857,13.30663517,0.5867481,DAH,H,6694,53,7.777,.019,.467,.007,6694,0.467,1.31,2015ApJS..219...19L,Double degenerate candidate
WDJ171620.72-082118.60,4359722208685335552,25.997995801331406,0.0788436,259.08473264311164,0.06394825,-8.354717904,0.046048567,13.84475535,0.70438576,DQ,He,6065,70,7.883,.041,.504,.023,6065,0.504,2.05,2020MNRAS.497..130T,
WDJ171652.09-590636.29,5915797694789556096,33.51342257405333,0.034569595,259.21692233405224,0.025495151,-59.110125419,0.020708906,13.25329491,0.29321957,DAH,H,8608,86,8.369,.022,.831,.015,8608,0.831,1.74,2023MNRAS.518.3055O,
WDJ171835.16+015653.21,4387171623850187648,26.201540655864466,0.026422424,259.64457600631647,0.018227277,1.946843921,0.013927325,11.48723414,-0.051403046,DA,H,12685,185,7.913,.015,.558,.009,12685,0.558,0.30,2015ApJS..219...19L,
WDJ171952.83-013001.84,4367353266060378624,25.99086571562051,0.18369882,259.968670193468,0.15845947,-1.501352636,0.1157933,15.16441073,1.2892628,DC,H,4560,96,7.885,.087,.509,.050,4737,0.639,8.31,1984ApJ...276..602G,
WDJ171955.76+363936.32,1336988963803208192,28.539797198378277,0.051695786,259.9816981773375,0.041765682,36.657849908,0.048891347,14.23063641,1.0987082,DQpec,He,6727,394,8.356,.157,.804,.105,6727,.804,3.53,This work,
WDJ172006.79+102227.98,4491748511228743808,26.59883064884768,0.09561993,260.0281059063947,0.06402972,10.374857878,0.05172953,14.77339272,1.0971088,DC,He,4972,54,7.904,.048,.512,.028,5092,0.591,5.84,2020MNRAS.497..130T,
WDJ172239.79-355441.65,5975317695158795776,27.181933126147726,0.07539913,260.66620016114894,0.06700024,-35.911195886,0.051900346,13.9216417,0.5012512,DA,H,7098,129,8.364,.043,.825,.029,7098,0.825,3.22,2023MNRAS.518.3055O,
WDJ172413.32+275655.30,4598266758185956864,25.93620095654303,0.061774544,261.0557203663249,0.042336866,27.948430367,0.054643825,14.38012481,0.76742744,DA,H,5983,57,8.237,.029,.738,.019,5971,0.729,4.05,2006AJ....131..582K,
WDJ172945.19+143541.28,4542785981266940416,31.388141758116536,0.11433585,262.43867945180284,0.078352466,14.594900198,0.07448584,15.46495303,1.2159519,DC,H,4785,74,8.273,.053,.756,.036,4890,0.861,9.81,2020MNRAS.497..130T,
WDJ173334.29+794916.65,1706631093589103872,37.26832477152694,0.05474183,263.4026382542802,0.051983196,79.821045457,0.05315373,14.77174036,0.80503845,DC,He,5611,74,8.304,.039,.767,.027,5633,0.785,5.96,2015ApJS..219...19L,
WDJ173337.18+290338.04,4598775557191664384,25.273672084987524,0.05262637,263.405013064845,0.035231657,29.061263632,0.045801956,14.03105173,0.6138668,DC,He,6458,57,8.187,.026,.691,.017,6458,0.691,2.97,2020MNRAS.497..130T,
WDJ173351.73-250759.90,4110161965722210432,26.83917785256645,0.1483044,263.46489603409555,0.11319423,-25.134575214,0.08285985,14.55095804,0.887825,DA,H,5597,64,8.165,.043,.689,.028,5623,0.708,4.71,2023MNRAS.518.3055O,
WDJ173404.42+442303.09,1348795004265872000,26.691153911189527,0.0791304,263.51794884093624,0.06463177,44.383892252,0.08423892,14.83384775,1.0558681,DA,H,5131,62,8.064,.046,.620,.029,5217,0.685,6.57,2020MNRAS.497..130T,
WDJ173700.72-542556.56,5921433963191695872,49.41402788576175,0.03826525,264.2522973062449,0.03472138,-54.43440977,0.027368946,14.06325328,0.6328268,DA,H,6567,82,8.274,.031,.764,.021,6567,0.764,3.37,2017ApJ...848...11B,
WDJ173800.77-311237.21,4055353888055627008,25.280182059529665,0.13888653,264.50184556069706,0.15323424,-31.211392513,0.1236148,15.15965699,1.2512493,DC,H,4663,69,7.966,.061,.558,.037,4816,0.677,8.57,2023MNRAS.518.3055O,
WDJ173834.39-082614.02,4168312459956062208,32.88322413354134,0.038403515,264.64381660649286,0.03226,-8.437445721,0.026349502,13.44619596,0.5045824,DAZ,H,7094,52,8.050,.021,.622,.013,7094,0.622,1.63,2018RNAAS...2b..64M,
WDJ173837.46-342729.28,4053455379420643584,25.48714452012428,0.1277312,264.65436339408853,0.12829448,-34.45985961,0.09927052,14.82670391,1.2946072,DA,H,4825,119,7.826,.092,.478,.044,4980,0.578,6.02,2023MNRAS.518.3055O,
WDJ174146.25+240149.67,4581383928942599296,31.62869258736207,0.044617657,265.4425590120623,0.026318617,24.028871183,0.03712736,13.9276032,0.4898262,DA,H,7190,66,8.399,.021,.849,.014,7190,0.849,3.33,2015ApJS..219...19L,
WDJ174220.63-203935.92,4118171568655203328,34.42121799353367,0.07472694,265.5857106590457,0.06881655,-20.660597819,0.05294839,14.58396117,0.8412342,DC,He,5592,46,8.170,.028,.678,.018,5618,0.697,5.34,2023MNRAS.518.3055O,
WDJ174246.61-650514.67,5909078751020702080,33.42616162337801,0.03803779,265.6962669848697,0.022360712,-65.086778676,0.024428224,13.50700754,0.2310257,DC,He,8580,88,8.458,.022,.874,.014,8580,0.874,2.18,2023MNRAS.518.3055O,
WDJ174248.51+433809.21,1349256249394224128,31.860504525564018,0.047444206,265.7019319995027,0.042418234,43.634946189,0.046425205,14.43747324,0.9288616,DA,H,5466,46,7.997,.030,.582,.018,5513,0.613,3.54,2015ApJS..219...19L,
WDJ174300.75+170145.74,4549622027311531904,29.923520847514162,0.10605212,265.75195462436517,0.070699915,17.028114307,0.07355726,15.45336846,1.3447285,DC,H,4416,63,7.999,.051,.577,.031,4585,0.723,9.85,2015ApJS..219...19L,
WDJ174322.98+143452.25,4500646618315862144,29.13163090410563,0.029254418,265.8445760299887,0.020293742,14.582481256,0.021418322,12.17445599,0.08126068,DC,He,10224,126,7.947,.028,.550,.016,10224,0.550,0.57,2015ApJS..219...19L,
WDJ174349.28-390825.95,5961193055261256320,46.827728375345906,0.024407944,265.95465665671156,0.021069786,-39.140329295,0.01632087,11.88731945,0.024140358,DA,H,11605,207,8.088,.027,.658,.016,11605,0.658,0.49,2023MNRAS.518.3055O,
WDJ174512.54-215309.25,4117081643422165120,25.51116278111209,0.30450496,266.30004249455715,0.20840138,-21.889106504,0.17369242,15.41286927,1.5412235,DC,H,3977,244,7.648,.179,.402,.073,4233,.584,8.97,This work,
WDJ174554.56-131755.39,4149820323678136192,25.774732374798816,0.037564863,266.4775850280396,0.03204081,-13.298289785,0.026073787,11.63730582,-0.00938797,DA,H,11902,131,7.946,.017,.574,.010,11902,0.574,0.37,2011ApJ...743..138G,
WDJ174611.08-625141.41,5909739660590724224,29.040445392700438,0.041264545,266.545673982487,0.021416662,-62.863215018,0.023026837,13.20883036,0.45295334,DA,H,7403,58,7.990,.022,.587,.013,7403,0.587,1.34,2023MNRAS.518.3055O,
WDJ174620.41-123425.48,4150020774057837440,26.978554813584594,0.07942917,266.5849927821716,0.070828214,-12.574051234,0.055934176,14.35721941,0.73716354,DA,H,6066,48,8.263,.025,.755,.016,6066,0.755,4.19,2020MNRAS.497..130T,
WDJ174708.31+285909.76,4596322473734130304,27.340476513680514,0.06814795,266.7839678975251,0.048651803,28.985349491,0.05745584,14.6880304,1.1794147,DC,H,4832,53,7.745,.042,.449,.019,4996,0.548,5.24,2015ApJS..219...19L,
WDJ174736.82-543631.16,5920900901901635968,73.98991155650216,0.045405053,266.9004492986834,0.038865585,-54.610019421,0.032170042,15.27923154,1.3615437,DC,H,4358,25,7.821,.021,.473,.012,4565,0.625,8.69,2016ApJS..224...36K,
WDJ174746.92-520710.89,5945252202546434432,25.693455504527915,0.04561782,266.94588261912196,0.034422092,-52.120167583,0.028321639,12.71937858,-0.109929085,DAH,H,14852,292,8.824,.015,1.116,.008,14852,1.116,0.93,2015SSRv..191..111F,
WDJ174807.99+705235.92,1638979384378696704,160.99524492008814,0.011894624,267.01612290514834,0.011553451,70.881573814,0.012840864,14.81226625,1.0028296,DXP,He,5137,19,8.060,.013,.606,.008,5224,0.671,6.27,2018MNRAS.480.3942H,
WDJ174826.86+450327.85,1350517492310907392,33.432694862273635,0.028446442,267.112959074912,0.02499958,45.057546958,0.027978366,13.16558692,0.22271156,DC,He,8685,86,8.264,.022,.745,.015,8685,0.745,1.37,2015ApJS..219...19L,
WDJ174935.61-235500.63,4068499305485306240,37.58944269316784,0.032315794,267.3988352699508,0.029291965,-23.917411618,0.02292552,13.24000543,0.47686005,DAZ,H,7255,51,7.959,.020,.568,.011,7255,0.568,1.35,2020MNRAS.497..130T,
WDJ174950.15+824626.06,1711005951573009792,61.17533188584654,0.01278488,267.4081765462069,0.01177688,82.788639738,0.012683021,13.14979167,0.4877491,DA,H,7188,47,7.868,.018,.517,.010,7188,0.517,1.23,2018MNRAS.480.3942H,
WDJ175325.53-840510.03,5767614206300408576,26.26554068929414,0.08666133,268.34825162612174,0.07390589,-84.085628733,0.076905005,14.89464073,1.0751362,DC,He,5024,64,8.039,.051,.593,.032,5123,0.666,6.52,2023MNRAS.518.3055O,
WDJ175352.16+330622.62,4604247070649603584,28.00831648075472,0.017056381,268.4671344074668,0.014247405,33.106421701,0.014866053,11.05356603,-0.20177269,DA,H,17089,314,7.975,.023,.603,.013,17089,0.603,0.12,2020MNRAS.497..130T,
WDJ175554.31-245648.94,4067477554248982528,26.620732410951504,0.030317232,268.97634115420817,0.028020363,-24.946847254,0.022146067,11.987376,-0.054403305,DA,H,13001,201,8.290,.015,.788,.010,13001,0.788,0.48,2023MNRAS.518.3055O,
WDJ175704.46+405249.39,4611543459874840832,32.30244986667201,0.053396195,269.26869568512836,0.04485922,40.88184327,0.049987845,14.53579131,0.9465809,DC,He,5337,91,7.976,.061,.555,.037,5404,0.598,4.91,2015ApJS..219...19L,
WDJ175822.90+141737.92,4499839473701254400,46.9345748997573,0.040697172,269.59165943528427,0.030000895,14.291323641,0.031515364,14.43761744,0.96352863,DA,H,5344,28,7.925,.020,.539,.012,5412,0.582,3.43,2017AJ....154...32S,
WDJ175919.66+392504.95,4611204329256349312,25.504174100540563,0.087562904,269.83135394787206,0.07706858,39.416227725,0.08170354,15.08909232,1.2904987,DC,H,4570,90,7.825,.067,.476,.031,4757,0.605,7.67,2020MNRAS.497..130T,
WDJ175931.34-620108.87,5911160263973498496,26.00894086298751,0.044209775,269.88065754463514,0.024922913,-62.01961806,0.02407076,13.06536734,-0.15115833,DA,H,16224,271,9.064,.014,1.225,.005,16224,1.225,1.12,2023MNRAS.518.3055O,
WDJ180127.52+504958.36,2123432247756223488,32.28350022570592,0.060497597,270.3637638128127,0.057215344,50.834036673,0.058270678,14.91603508,1.1997662,DC,H,4781,47,7.863,.041,.498,.023,4936,0.603,6.82,2015ApJS..219...19L,
WDJ180314.84-805750.43,6363592840482769792,29.71977625382749,0.12075538,270.8144899330855,0.100080505,-80.965508649,0.09617607,15.41941168,1.1908951,DC,H,4801,65,8.253,.048,.743,.032,4906,0.846,9.71,2023MNRAS.518.3055O,
WDJ180315.18-371725.54,4037085334973293824,37.838174306992435,0.06582509,270.8136282284708,0.05830461,-37.292289833,0.050001815,14.67965087,0.9386368,DA,H,5408,46,8.136,.029,.668,.019,5456,0.704,5.40,2023MNRAS.518.3055O,
WDJ180345.86-752318.35,6414612172876713472,31.950997924972423,0.053905368,270.9436187931623,0.04159831,-75.387623742,0.043313008,14.37112714,0.8795643,DAH,H,5595,40,8.033,.025,.605,.016,5624,0.624,3.38,2023MNRAS.518.3055O,
WDJ180723.38+035701.80,4470233817461336704,33.14024103308712,0.022916501,271.8474122720613,0.01937981,3.949936576,0.01797202,12.20336631,0.12628174,DA,H,10229,91,8.067,.019,.641,.012,10229,0.641,0.65,2015ApJS..219...19L,
WDJ180853.83-704231.62,6431530976766770560,28.136036258487806,0.102475315,272.226991193065,0.05410658,-70.711048105,0.08002892,15.16917557,1.22258,DC,H,4721,62,8.016,.052,.588,.032,4860,0.700,8.72,2023MNRAS.518.3055O,
WDJ180901.95-410140.69,6725656144031366144,32.006745488129084,0.05999324,272.25923909312166,0.05468401,-41.028245919,0.045237113,14.08402558,0.8757334,DC,He,5730,1042,7.881,.617,.501,.344,5746,0.509,2.59,2023MNRAS.518.3055O,
WDJ180919.46+295720.85,4590489981163833984,40.8987531032596,0.024862198,272.3314145421405,0.018075036,29.956121007,0.021770015,11.18693134,-0.31252098,DA,H,22522,455,8.383,.022,.861,.014,22522,0.861,0.11,2018A&A...619A..31S,
WDJ181311.31-860811.23,6345857271249415424,25.899694273597387,0.08047118,273.2954162774291,0.075118616,-86.137469248,0.07164928,14.85466219,1.1303177,DA,H,4948,69,7.952,.056,.550,.033,5069,0.636,6.66,2023MNRAS.518.3055O,
WDJ181539.13-114041.83,4153937891610652928,25.59616738772784,0.12505485,273.91228198686537,0.108085975,-11.679005239,0.09678113,14.84918471,1.1370049,DC,He,4967,52,7.966,.047,.548,.028,5081,0.628,6.27,2020MNRAS.497..130T,
WDJ181548.96+553232.22,2149331587745863680,26.36555778203698,0.051898114,273.9546416308343,0.0476122,55.54195242,0.05494269,14.20405082,1.2685452,DC,H,4629,47,7.193,.043,.243,.012,4955,0.366,2.62,2023MNRAS.518.3055O,Double degenerate candidate
WDJ181608.87+245442.85,4578913738632417920,26.568348412325353,0.04643666,274.0368445501772,0.028273804,24.910261319,0.037369344,13.94466479,0.5681782,DAP,H,6800,64,8.276,.024,.766,.016,6800,0.766,3.03,2015ApJS..219...19L,
WDJ181706.50+132824.99,4497414466452138496,66.11036115185362,0.043105718,274.2750771257661,0.028813126,13.468650787,0.0321296,14.71646865,1.1504936,DA,H,4873,26,7.803,.011,.476,.00,5022,0.571,5.59,2018MNRAS.480.3942H,
WDJ181745.57-133531.54,4146666271458052352,30.73855177216986,0.07524195,274.44086424296796,0.06860265,-13.590736868,0.060296968,14.54131701,0.7599716,DA,H,6002,79,8.356,.037,.817,.025,6002,0.817,4.93,2020MNRAS.497..130T,
WDJ181909.96-193438.00,4094555467661923328,25.32803118076205,0.17138295,274.79043182692766,0.1461726,-19.578275647,0.1290555,15.19516216,1.4022369,DC,H,4198,137,7.640,.110,.400,.047,4448,0.566,7.96,2020MNRAS.497..130T,
WDJ181959.24+173919.13,4523585076572785408,29.238794593694085,0.08636171,274.9978425015281,0.056988295,17.655692169,0.06936405,14.99513932,1.177494,DC,H,4835,59,7.974,.049,.563,.029,4967,0.662,7.71,2015ApJS..219...19L,
WDJ182021.81+261936.58,4585067258532443776,25.136013035851267,0.11415105,275.09025830901385,0.06660136,26.326857323,0.086716495,15.23607396,1.1003628,DA,H,4863,112,8.161,.083,.681,.055,4971,0.777,9.06,2020MNRAS.497..130T,
WDJ182119.83+610107.38,2158285185808357504,72.95158681123607,0.023179354,275.33398631827845,0.025189532,61.015613111,0.020206537,14.71471771,1.1694622,DA,H,4823,22,7.765,.017,.458,.008,4985,0.558,5.54,2018MNRAS.480.3942H,
WDJ182147.11+550906.70,2149253075743572224,32.31628800770552,0.055178076,275.44680377709807,0.054299187,55.152068785,0.05401407,14.78024735,1.1196041,DA,H,4955,73,7.891,.059,.515,.033,5083,0.600,5.84,2020MNRAS.497..130T,
WDJ182159.54-595148.52,6635520414133666944,33.16230061013863,0.061761912,275.4974771755342,0.037105802,-59.865069175,0.03972182,14.16016926,1.1997919,DA,H,4748,31,7.268,.027,.265,.007,5029,0.374,2.48,2023MNRAS.518.3055O,Double degenerate candidate
WDJ182228.37-653738.06,6437614815119680768,27.881315725591048,0.08746028,275.6162667890474,0.04262898,-65.628326241,0.05427816,14.75461432,1.0840511,DA,H,5054,42,7.960,.035,.556,.021,5160,0.630,5.92,2023MNRAS.518.3055O,
WDJ182347.60-112347.38,4154063678315488640,27.7131512340902,0.09352956,275.9479337575762,0.07229604,-11.396643175,0.07285707,14.37180256,0.8722706,DA,H,5645,77,8.060,.048,.622,.030,5668,0.637,3.47,2020MNRAS.497..130T,
WDJ182359.62+202248.81,4528439381757452928,25.983609011559857,0.09507439,275.9976036536862,0.04918982,20.379900227,0.079350576,14.91234536,1.1149502,DC,H,4996,48,8.026,.039,.596,.024,5103,0.676,7.15,2020MNRAS.497..130T,
WDJ182404.55-130842.29,4152557420406043264,52.46918029121872,0.03869167,276.0180151415966,0.03459136,-13.147921434,0.03473487,13.9991674,0.7300167,DAZ,H,6079,36,8.022,.018,.601,.011,6079,0.601,2.34,2003ApJ...596..477Z,
WDJ182417.72+120945.86,4484277256704949376,30.474289666049742,0.07544925,276.07404877731443,0.064226486,12.161442221,0.0678122,14.77956596,1.0546398,DA,H,5129,69,8.027,.052,.597,.032,5219,0.662,6.15,2020MNRAS.497..130T,
WDJ182458.45+121316.82,4484289866726156160,25.020714874169244,0.18359144,276.2422613916052,0.1486798,12.216546262,0.16345412,15.51868957,1.5426884,DZ,He,4203,153,7.713,.101,.430,.040,4438,0.596,7.27,2020MNRAS.497..130T,
WDJ182524.24+113557.34,4484184592790777728,50.9211557107518,0.047670227,276.3495179023449,0.04067779,11.599460821,0.04234506,14.83449626,1.1451626,DA,H,4883,31,7.885,.026,.511,.015,5022,0.604,6.32,2020MNRAS.497..130T,
WDJ182624.44+112049.58,4483974792231866624,37.05524967317251,0.06555638,276.6017656969174,0.05610358,11.345859461,0.055728298,14.80592872,1.1526756,DA,H,4885,47,7.862,.041,.498,.023,5027,0.591,6.01,2020MNRAS.497..130T,
WDJ182909.86-042935.49,4257461275049675008,38.75868769376996,0.04036885,277.2911485745855,0.024404798,-4.494509755,0.03269559,12.48422532,0.24830818,DAZ,H,8993,79,7.963,.023,.576,.013,8993,0.576,0.79,2003ApJ...596..477Z,
WDJ182951.89-053623.17,4257063458004688896,25.195209407880572,0.09059898,277.4667343892952,0.07725264,-5.60592013,0.07214647,14.39013086,0.87604713,DA,H,5602,54,8.050,.036,.616,.023,5630,0.635,3.54,2020MNRAS.497..130T,
WDJ182952.07-053622.88,4257063453704172416,25.096873878343093,0.06669485,277.46749142258335,0.05833047,-5.605810489,0.053115383,13.81864714,0.57453537,DC,He,6601,69,8.102,.032,.637,.020,6601,0.637,2.24,2020MNRAS.497..130T,
WDJ183020.27+544727.21,2150504594853811456,58.70115957870829,0.025382891,277.5824046874412,0.023560314,54.792169722,0.024764625,14.2942654,0.57965755,DXP,H,6711,43,8.473,.014,.897,.010,6711,0.897,4.38,2018MNRAS.480.3942H,
WDJ183158.72+465828.98,2118649750133781376,42.87431405136569,0.019994948,277.99512133290307,0.020423653,46.974880203,0.020556007,13.24681192,0.45443344,DA,H,7396,55,8.016,.019,.602,.012,7396,0.602,1.39,2020MNRAS.497..130T,
WDJ183351.29-694203.57,6432020637402543616,30.385735000990085,0.019722503,278.4645953291086,0.009428982,-69.701025167,0.014366574,12.03314973,0.36362362,DA,H,8010,58,7.392,.019,.338,.006,8010,0.338,0.61,2023MNRAS.518.3055O,Double degenerate candidate
WDJ183352.68+321757.25,4589139574728058880,25.39533259754041,0.03245637,278.469415217647,0.024913149,32.29882902,0.025860086,13.08444753,0.34763432,DZA,He,7743,182,8.158,.053,.693,.033,7743,0.693,1.64,2020MNRAS.497..130T,
WDJ183358.35+194552.99,4525569007873380736,25.468757571315738,0.044474076,278.4932621914955,0.02262277,19.76296151,0.034654547,13.3712768,0.41298294,DQ,He,7236,58,7.985,.023,.566,.014,7236,0.566,1.47,2005ApJ...627..404D,
WDJ183518.23+642117.68,2256410856215182464,33.08560649612383,0.059695058,278.82458962359647,0.061893445,64.355419196,0.058248162,14.9747615,1.1424656,DC,H,4908,62,8.007,.049,.583,.030,5028,0.674,7.57,2020MNRAS.497..130T,
WDJ183852.85-441631.32,6709854989379725056,29.56894173262197,0.093830846,279.7211332515367,0.07736414,-44.276057837,0.07101836,14.59175591,0.8828926,DA,H,5561,96,8.167,.057,.689,.037,5590,0.711,4.87,2023MNRAS.518.3055O,
WDJ183856.35-535726.05,6651133479247436032,27.968117024648482,0.09954705,279.73641833480906,0.08270137,-53.958660931,0.08812386,14.77781814,1.0410614,DA,H,5146,57,8.042,.044,.606,.028,5232,0.670,6.21,2023MNRAS.518.3055O,
WDJ184228.68-615153.66,6631915390382416256,38.97532368864952,0.023907095,280.61691048552876,0.017569037,-61.866280431,0.01780154,12.59742565,0.16040325,DC,He,9194,87,8.019,.023,.590,.014,9194,0.590,0.84,1995A&A...297..216W,
WDJ184257.75-110853.18,4107012041007171456,41.39989256375489,0.026474858,280.73956204875253,0.023068052,-11.149222463,0.020968692,12.26051407,0.16871262,DA,H,9746,96,7.996,.024,.598,.014,9746,0.598,0.67,2011ApJ...743..138G,
WDJ184325.72+042022.83,4280632829779587072,40.18727540946696,0.024701128,280.8566038830056,0.022917176,4.339980897,0.021960825,12.77243182,0.27330303,DA,H,8797,81,8.108,.022,.663,.014,8797,0.663,1.02,2015ApJS..219...19L,
WDJ184506.32-364113.39,6730516225919672704,39.01591957020655,0.050345004,281.2782185044749,0.05336209,-36.689103189,0.05111393,13.97274924,0.6410446,DC,He,6312,49,8.086,.024,.626,.015,6312,0.626,2.53,2001ApJ...558..761R,
WDJ184650.69-452139.33,6705845452725619072,35.59775341256576,0.09650487,281.7106149585099,0.082336076,-45.36069464,0.07709917,14.89822795,1.1586304,DC,H,4856,44,7.916,.039,.529,.022,4994,0.626,6.92,2023MNRAS.518.3055O,
WDJ184700.42+181107.49,4512265810525783680,34.48687938632927,0.03711978,281.7521201081823,0.026923215,18.185921628,0.030280003,13.02055049,0.2262659,DA,H,8541,230,8.194,.062,.717,.040,8541,.717,1.26,This work,
WDJ184733.18+282057.54,4539227892919675648,25.00183655108982,0.12042596,281.88982126084704,0.078602314,28.347790775,0.10577581,15.42935056,1.2016392,DC,H,4794,100,8.248,.072,.739,.049,4900,0.843,9.72,2020MNRAS.497..130T,
WDJ184741.53+122631.75,4504577986571873280,34.66285952309895,0.02856155,281.9233284741538,0.02524693,12.442162852,0.022605654,12.75501694,0.14861298,DA,H,10052,128,8.374,.025,.837,.016,10052,0.837,1.10,2020MNRAS.497..130T,
WDJ184907.50-073619.82,4252064631569619712,28.472628830670313,0.078226514,282.2809980432427,0.06703044,-7.605648435,0.06332864,14.12593383,0.6394291,DC,He,6286,91,8.185,.042,.689,.028,6286,0.689,3.25,2020MNRAS.497..130T,
WDJ184947.86-095744.38,4203108841963846016,30.607259498561366,0.033602256,282.44943018192106,0.022560053,-9.963257232,0.026771301,11.74703623,-0.017565727,DA,H,12133,155,8.050,.017,.636,.010,12133,0.636,0.41,2023MNRAS.518.3055O,
WDJ185005.58-285117.29,6761581964903088256,28.31242408817808,0.083576635,282.5228862658415,0.07869813,-28.854709687,0.07200357,14.59143427,1.0481586,DA,H,5327,93,8.021,.065,.595,.039,5391,0.639,4.61,2023MNRAS.518.3055O,
WDJ185105.72+773837.50,2292861388958880640,32.843771451182356,0.053839706,282.7792208388355,0.055539574,77.64345475,0.050498456,14.61714811,1.0411644,DCP,He,5108,38,7.887,.030,.502,.017,5211,0.566,5.15,2015ApJS..219...19L,
WDJ185517.99+535923.18,2146645790077864704,35.69802710499613,0.060651347,283.82469497692875,0.058354873,53.989619104,0.061121326,15.09502107,1.2606163,DC,H,4646,48,7.894,.040,.515,.023,4812,0.636,7.97,2020MNRAS.497..130T,
WDJ185709.09-265059.22,4073522222505044224,25.31035146032523,0.060404416,284.2893030769022,0.051758554,-26.850209202,0.045831867,13.37247888,0.51930237,DA,H,7020,61,7.967,.027,.573,.016,7020,0.573,1.49,2023MNRAS.518.3055O,
WDJ185713.94+202628.60,4518917168694695168,30.664021808718655,0.05371904,284.30800821487065,0.029084478,20.439885536,0.039851185,14.02964258,0.60029984,DA,H,6616,44,8.273,.019,.764,.012,6616,0.764,3.29,2015ApJS..219...19L,
WDJ185730.18+335725.78,2092134443120038528,32.9424428214072,0.019994352,284.37596554710456,0.016249947,33.958727226,0.018484794,12.222923,0.012500763,DA,H,11904,140,8.333,.016,.814,.011,11904,0.814,0.66,2015ApJS..219...19L,
WDJ185739.34+533033.30,2146576589564898688,40.39310935403938,0.050550234,284.4157312016983,0.05522275,53.509017102,0.051071003,14.97379343,1.2118263,DC,H,4738,40,7.879,.034,.507,.019,4896,0.617,7.28,2015ApJS..219...19L,
WDJ185934.75-162656.29,4088653838978654336,25.85682973577344,0.047425848,284.89474888395716,0.043247357,-16.449004411,0.040545326,12.93729838,0.3696432,DA,H,7995,86,7.993,.029,.591,.017,7995,0.591,1.11,2023MNRAS.518.3055O,
WDJ190010.25+703951.42,2262849634963004416,77.66955060572354,0.01612259,285.0438740245104,0.014829385,70.666527539,0.016651798,12.69684496,-0.022785187,DAH,H,12540,143,8.671,.013,1.029,.008,12540,1.029,1.09,2018MNRAS.480.3942H,
WDJ190255.35-044012.64,4254454797960984192,28.57920320291943,0.14243715,285.73067800741086,0.1253827,-4.672029279,0.11956728,15.23350358,1.2386112,DC,H,4670,92,8.025,.075,.594,.047,4813,0.712,9.02,2023MNRAS.518.3055O,
WDJ190525.34-495625.77,6658005048964693760,33.822647993477126,0.021375034,286.35620865429087,0.016568916,-49.940673695,0.014990869,12.20503203,0.033773422,DZ,He,10917,115,8.262,.016,.767,.010,10917,0.767,0.80,2023MNRAS.518.3055O,
WDJ191100.25-382031.89,6718079679950008704,35.693275175071356,0.120116144,287.7542740968359,0.10306098,-38.343123994,0.105260484,15.357037,1.4940834,DC,H,4083,115,7.683,.083,.418,.036,4328,0.593,8.89,2023MNRAS.518.3055O,
WDJ191144.26-272954.76,6763036202147206912,28.87200948122916,0.032166462,287.934992599382,0.028145216,-27.498990922,0.024488287,11.94038806,0.001824379,DB,He,11475,160,8.020,.028,.595,.016,11475,0.595,0.47,2023MNRAS.518.3055O,
WDJ191246.12+024239.11,4268167357267580160,31.423589860246384,0.06969002,288.1910816047972,0.055890083,2.708949002,0.049941983,13.99828199,0.59796715,DZ,He,6466,57,8.248,.024,.747,.016,6466,0.747,3.51,2020MNRAS.497..130T,
WDJ191248.57+534313.45,2140481412496465152,45.10856274327606,0.017943675,288.20344525336986,0.017469503,53.721006237,0.016209602,11.51843895,-0.2016201,DA,H,17190,312,8.290,.020,.795,.013,17190,0.795,0.22,2015ApJS..219...19L,
WDJ191316.54+294928.33,2039140284770609152,26.96819448194644,0.05273663,288.3186898477552,0.03482401,29.825798043,0.043484148,14.09232736,0.7074814,DA,H,6197,47,8.138,.023,.675,.015,6197,0.675,2.90,2015ApJS..219...19L,
WDJ191338.68+133627.36,4320094439580536320,29.64811045537169,0.024772532,288.41121770775476,0.016261851,13.606796833,0.01745449,11.4548751,-0.096375465,DA,H,13757,180,7.984,.017,.600,.010,13757,0.600,0.26,2015ApJS..219...19L,
WDJ191435.99+142825.88,4320303621677848832,25.55995590389446,0.05312048,288.6495149621364,0.038624324,14.47210048,0.039921697,13.7464405,0.5588455,DA,H,6842,55,8.162,.023,.692,.015,6842,0.692,2.19,2015ApJS..219...19L,
WDJ191647.11+804430.04,2295446546953958272,28.23374984233122,0.077127285,289.19828027970055,0.0725571,80.742419985,0.07942993,14.66839781,0.98934746,DA,H,5293,70,8.053,.049,.615,.031,5360,0.663,5.24,2015ApJS..219...19L,
WDJ191858.23-434920.40,6664729284121316864,29.09715161409304,0.12639631,289.74255557852166,0.1298474,-43.821814416,0.13349687,15.31295638,0.9132042,DC,He,5363,133,8.508,.071,.904,.047,5403,0.945,6.99,2023MNRAS.518.3055O,
WDJ191858.63+384321.48,2052891361294411520,84.24434883357806,0.016932584,289.74443824673165,0.0135654565,38.72151455,0.015135022,14.09643189,0.6377926,DC,He,6310,33,8.176,.015,.683,.010,6310,0.683,3.14,2018MNRAS.480.3942H,
WDJ191936.23+452743.55,2127093140445053696,35.63902364485457,0.035216633,289.9002558182952,0.029253969,45.463486758,0.03592759,14.19808599,1.191021,DA,H,4775,24,7.314,.020,.278,.006,5039,0.384,2.53,This work,Double degenerate candidate
WDJ192002.82-361102.65,6742379406616165376,26.93593428627298,0.032968763,290.01236601912075,0.02954167,-36.184651447,0.026914166,10.71711622,-0.28495502,DB,He,21963,746,8.138,.025,.682,.015,21963,0.682,0.06,2017ApJ...848...11B,
WDJ192034.92-074000.07,4201781696994073472,95.17577811152343,0.029248245,290.1452376415212,0.025757298,-7.667404304,0.023150485,12.14612518,0.03678894,DBQA,He,10805,117,8.051,.023,.612,.014,10805,0.612,0.57,1993PASP..105..761W,
WDJ192126.76+061322.71,4293873732939569920,55.10270735394486,0.03377345,290.36210073488405,0.026706422,6.222660165,0.028067792,14.29157469,0.78135395,DA,H,5908,31,8.147,.016,.679,.010,5902,0.675,3.46,2020MNRAS.497..130T,
WDJ192140.42+144041.40,4319908862597055232,50.307603765615106,0.029690132,290.4182563607856,0.020935532,14.677830427,0.019586064,11.52711016,-0.1453228,DA,H,15162,227,8.151,.018,.704,.011,15162,0.704,0.25,2018MNRAS.480.3942H,
WDJ192206.20+023313.29,4288942973032203904,25.37754916372097,0.2655271,290.52614409765994,0.19966051,2.553562745,0.20874715,16.14175839,0.7534504,DZ,He,,,,,,,,,,2022MNRAS.517.4557E,IR-faint white dwarf with collision-induced absorption in the infrared. Multiple solutions for Gaia stellar parameters
WDJ192359.24+214103.62,2018864362679341824,28.2020421169934,0.24582139,290.9970123214632,0.13925697,21.683979184,0.18752097,11.91629278,0.29414177,DA,H,8773,109,7.516,.041,.384,.014,8773,0.384,0.54,2020MNRAS.497..130T,Double degenerate candidate
WDJ192626.93+462015.10,2127566548919332608,29.708664431972874,0.026976781,291.6119077731095,0.02366523,46.337761499,0.026116308,13.19555464,0.35276222,DA,H,8149,76,8.209,.022,.725,.014,8149,0.725,1.46,2020MNRAS.497..130T,
WDJ192724.75+564455.34,2142307563871222912,31.453672385861786,0.045553967,291.85417216073256,0.04702459,56.749022731,0.042907022,14.19933279,0.6190891,DA,H,6551,66,8.351,.026,.815,.017,6551,0.815,3.92,2020MNRAS.497..130T,
WDJ192743.10-035555.23,4213409341688406912,41.925119657022975,0.035875082,291.92958062045557,0.032487657,-3.931159306,0.028208436,13.61900455,0.5265045,DZ,He,6848,49,8.133,.019,.674,.012,6848,0.674,2.26,This work,
WDJ192938.65+111752.41,4314903198513595776,27.32572636218529,0.028911313,292.4111297688326,0.019485964,11.298326063,0.019255767,10.67360058,-0.2800541,DA,H,20415,415,7.947,.025,.595,.014,20415,0.595,0.05,2020MNRAS.497..130T,
WDJ193019.71-005730.56,4215241712185612544,28.493859008495786,0.046342444,292.5821471170634,0.038276594,-.95850823,0.033733267,13.42929836,0.35454845,DC,He,7601,73,8.147,.025,.667,.016,7601,0.667,1.63,2020MNRAS.497..130T,
WDJ193538.63-325225.56,6744843579679059968,29.274788275831405,0.09860473,293.91033169537735,0.080375694,-32.873674545,0.078093834,14.53069581,0.99137497,DZAH,H,5305,47,7.967,.035,.563,.021,5376,0.610,4.12,2023MNRAS.518.3055O,
WDJ193618.58+263255.79,2024985481361040384,33.17633880912521,0.027934402,294.0773693746511,0.016452359,26.548814101,0.022095509,11.28879029,-0.33520412,DA,H,24229,469,8.518,.022,.949,.014,24229,0.949,0.12,1998A&AS..132..341M,
WDJ193713.75+274318.74,2025389380082340992,54.77671608585927,0.015628505,294.3094997066659,0.009329971,27.721965844,0.012071256,11.75426896,-0.012428284,DA,H,12022,131,8.046,.014,.633,.009,12022,0.633,0.42,2018MNRAS.480.3942H,
WDJ193955.83+661856.08,2248748668919802496,28.411101137293127,0.08143305,294.98351300214057,0.0832475,66.317211339,0.071310334,14.96836033,1.0263214,DC,He,5122,47,8.153,.034,.665,.022,5199,0.727,6.80,2020MNRAS.497..130T,
WDJ194008.62+834857.77,2301882675705225472,27.985135012397926,0.10368887,295.0014920007454,0.09591255,83.814244205,0.10006498,15.50910803,1.2287102,DC,H,4805,87,8.310,.060,.781,.041,4905,0.883,9.83,2015ApJS..219...19L,
WDJ194454.70-360310.92,6740493675455190784,33.772243270545864,0.0307527,296.2283129332621,0.02276217,-36.053640911,0.01609237,11.70815154,-0.061418533,DA,H,13084,189,8.107,.015,.672,.009,13084,0.672,0.36,2017MNRAS.472.4173R,
WDJ194522.76-490420.23,6671045050707117568,29.114998874188032,0.124341145,296.343063413061,0.09865178,-49.072897528,0.09088438,15.30672389,1.4006348,DC,H,4324,102,7.807,.076,.465,.035,4536,0.620,8.71,2023MNRAS.518.3055O,
WDJ194530.33+465006.84,2080526555267049984,34.77257375541674,0.05773082,296.3734338738044,0.051409956,46.833448075,0.05417166,14.87856818,1.164648,DA,H,4855,36,7.893,.031,.516,.018,4996,0.613,6.66,2018ApJS..239...26L,
WDJ194530.35+465015.52,2080526555267050496,34.71155822672623,0.05092507,296.37353353455154,0.046987865,46.835846064,0.048523102,14.67164055,0.96128845,DA,H,5383,44,8.113,.028,.654,.018,5435,0.693,5.33,2018ApJS..239...26L,
WDJ194549.13-153135.63,4181798519823760256,32.34600723053907,0.033341296,296.45452937613027,0.032818187,-15.52681209,0.022519741,12.2226334,-0.01789093,DA,H,12377,170,8.387,.017,.850,.011,12377,0.850,0.64,2023MNRAS.518.3055O,
WDJ194923.50+074731.69,4298029268399256704,27.371463891321117,0.032882642,297.3485024123124,0.022868153,7.791587218,0.020764535,12.55444413,0.22379208,DA,H,9245,81,8.078,.022,.645,.013,9245,0.645,0.86,2015ApJS..219...19L,
WDJ195003.62+003357.09,4240231824768647040,27.86770911656514,0.068264015,297.51534354306546,0.055311903,.566471372,0.045060255,14.06268334,0.8013115,DA,H,5833,42,7.940,.027,.551,.016,5834,0.552,2.30,2020MNRAS.497..130T,
WDJ195119.15+420941.40,2078430778727685632,26.02870801293099,0.07830392,297.82914454488747,0.06540584,42.160917933,0.07226668,14.82749006,1.0815125,DA,H,5109,51,8.039,.039,.605,.024,5200,0.673,6.48,2020MNRAS.497..130T,
WDJ195151.76+402629.07,2073772770741915264,25.03227350803417,0.098855585,297.9655705001743,0.07876027,40.440249335,0.089485824,15.10646148,1.1136265,DC,He,4953,61,8.132,.049,.651,.032,5051,0.733,7.20,2020MNRAS.497..130T,IR-faint white dwarf with collision-induced absorption in the infrared. Multiple solutions for Gaia stellar parameters
WDJ195211.78-732235.48,6368021054841781376,31.175107122096428,0.254172,298.04460720551947,0.17105624,-73.375397937,0.21371898,17.13143677,1.1734409,DC,He,,,,,,,,,,2023MNRAS.518.3055O,IR-faint white dwarf with collision-induced absorption in the infrared. Multiple solutions for Gaia stellar parameters
WDJ195629.23-010232.67,4235280071072332672,86.46580129657241,0.016304245,299.11983048810464,0.013281665,-1.045547363,0.009520753,13.27540485,0.39505768,DAH,H,7790,89,8.168,.026,.698,.017,7790,0.698,1.54,2018MNRAS.480.3942H,
WDJ195639.81-511544.83,6666783962114636288,31.648831880322557,0.11237368,299.1659752731846,0.08543542,-51.262382182,0.08138324,15.13648343,1.2490273,DC,H,4637,73,7.926,.062,.533,.037,4799,0.655,8.33,2023MNRAS.518.3055O,
WDJ200348.80-474800.18,6670827416123874688,32.733902460119374,0.06017841,300.9530742196671,0.046196014,-47.800997915,0.041610822,14.03324692,0.7721195,DA,H,5924,52,7.968,.030,.568,.017,5915,0.563,2.28,2023MNRAS.518.3055O,
WDJ200445.49+010929.21,4237555506083389568,30.91104286964033,0.06284509,301.1895540023265,0.051217444,1.157988858,0.037602905,14.17149029,0.5955658,DA,H,6642,78,8.367,.029,.826,.020,6642,0.826,3.88,2020MNRAS.497..130T,
WDJ200534.87-105654.43,4190813690536580608,57.81496694057579,0.06256401,301.4001192327908,0.057843115,-10.948816264,0.041159824,15.47935141,1.2799196,DC,H,4577,33,8.142,.024,.668,.016,4713,0.797,10.01,2018MNRAS.480.3942H,
WDJ200610.36-435554.45,6673731810450381056,25.363127139024556,0.040213186,301.54195540450917,0.032851007,-43.931994483,0.027596552,12.70103699,0.23737144,DA,H,9131,92,8.146,.025,.687,.016,9131,0.687,0.98,2013MNRAS.431..240O,
WDJ200632.25-210142.90,6865904860773722496,25.579794386997083,0.103969924,301.63434790909923,0.085545614,-21.028408927,0.06451263,14.66638725,1.0610027,DA,H,5119,59,7.938,.048,.544,.028,5218,0.611,5.12,2020MNRAS.497..130T,
WDJ200654.88+614310.27,2237893023118101504,30.011281626832208,0.07376474,301.73026367592576,0.068547346,61.718798049,0.06825599,13.74386971,0.96748734,DA,H,5330,31,7.402,.026,.315,.009,5448,0.359,1.71,2015ApJS..219...19L,Double degenerate candidate
WDJ200707.98-673442.18,6424223313252632576,26.000873352682163,0.047285017,301.7837173352278,0.021832436,-67.579058229,0.040877517,13.53610368,0.39961815,DAH,H,7768,74,8.326,.023,.801,.015,7768,0.801,2.20,2023MNRAS.518.3055O,
WDJ200850.81-161943.62,6874124023727679104,26.012661567586594,0.10712083,302.21260820284687,0.09310255,-16.328943788,0.0667777,14.83052995,0.85930824,DC,He,5539,75,8.304,.044,.767,.030,5568,0.791,6.19,2020MNRAS.497..130T,
WDJ201017.52-214645.80,6853784501721502720,37.159250812763176,0.020841109,302.5734900783276,0.018328551,-21.780805186,0.012899141,12.22310675,0.17257881,DA,H,9720,79,7.969,.020,.582,.012,9720,0.582,0.66,2011ApJ...743..138G,
WDJ201056.85-301306.63,6749419923164242816,61.69348763255287,0.032288823,302.7351163460641,0.025648989,-30.219616097,0.020999355,11.20998361,-0.15526962,DA,H,15124,242,7.940,.020,.579,.011,15124,0.579,0.18,2018MNRAS.480.3942H,
WDJ201216.01-221023.03,6853523539508720000,28.092865786696006,0.08478877,303.0671023281717,0.07555629,-22.172929932,0.057012185,14.58163222,0.86527824,DC,He,5514,62,8.124,.039,.648,.025,5551,0.674,5.31,2020MNRAS.497..130T,
WDJ201222.27+311348.88,2053953008490747392,32.50904134365335,0.02340384,303.0929561505318,0.016015394,31.230655649,0.01927492,12.33309881,-0.22787666,DBP,He,18365,599,8.885,.034,1.135,.017,18365,1.135,0.54,2015ApJS..219...19L,
WDJ201231.78-595651.67,6443365570172526848,60.795117719634625,0.033516385,303.13547786692294,0.023110058,-59.953872302,0.025636211,14.55212452,0.91399,DC,He,,,,,,,,,,2018MNRAS.480.3942H,IR-faint white dwarf with collision-induced absorption in the infrared. Multiple solutions for Gaia stellar parameters
WDJ201248.76-465902.59,6672244029484054272,36.0271009770449,0.066271536,303.20435877847524,0.05520404,-46.984955909,0.041625213,14.15138858,0.8136053,DA,H,5809,50,7.993,.029,.583,.017,5813,0.585,2.54,2008AJ....136..899S,
WDJ201355.68+064244.83,4249667902270614272,43.57360725110433,0.037871387,303.480854630129,0.03220263,6.709863753,0.025164394,13.86040157,0.56529045,DC,He,6646,46,8.150,.019,.667,.013,6646,0.667,2.44,2015ApJS..219...19L,
WDJ201530.35+000111.80,4230380819051252736,39.26401056209517,0.08122226,303.8764068574582,0.065086484,.019607033,0.050802883,14.99936129,1.1225014,DC,H,4917,45,8.034,.036,.600,.022,5032,0.689,7.78,2020MNRAS.497..130T,
WDJ201649.72-794553.12,6361559602963567744,41.40794678918845,0.03256997,304.2156381070316,0.027080934,-79.765969751,0.028130325,14.25739648,0.88187885,DA,H,5569,35,7.942,.022,.551,.013,5605,0.572,2.76,2009AJ....137.4547S,
WDJ201722.68-401043.73,6692573110423893376,25.317306193182493,0.122296885,304.34486912941435,0.09862764,-40.179875455,0.08271997,14.81534547,1.139246,DZA,H,4968,84,7.937,.070,.542,.041,5088,0.626,6.32,2023MNRAS.518.3055O,
WDJ201756.19-124639.44,6879524790480960896,35.62797473990114,0.09685098,304.48399394632025,0.08630666,-12.779306735,0.05642531,15.37438568,1.1829071,DC,H,4824,51,8.238,.037,.732,.025,4928,0.832,9.57,2023MNRAS.518.3055O,
WDJ202011.65-382445.66,6693352488073255936,35.52576128593937,0.053283803,305.0493056447216,0.046834365,-38.412965551,0.038384747,13.93233197,0.4695263,DA,H,7290,68,8.432,.022,.871,.014,7290,0.871,3.39,2023MNRAS.518.3055O,
WDJ202016.78-652523.10,6429048245152936320,25.985871774911487,0.068504855,305.0718740192769,0.034783725,-65.424021231,0.054367315,14.23147046,0.6691189,DAZ,H,6342,65,8.298,.028,.779,.019,6342,0.779,3.91,2023MNRAS.518.3055O,
WDJ202025.46-302714.65,6797171060323993728,57.27289689365631,0.02108817,305.1057046665205,0.01813394,-30.454499721,0.013874239,12.38668275,0.09788132,DC,He,9934,106,8.045,.024,.607,.014,9934,0.607,0.71,2023MNRAS.518.3055O,
WDJ202030.93-420256.74,6680097978480311040,25.019580062122905,0.060390342,305.12962670730053,0.048378166,-42.051065812,0.039031725,13.55504008,0.4557476,DQ,He,6969,71,8.018,.036,.585,.022,6969,0.585,1.69,2023MNRAS.518.3055O,
WDJ202157.83+545438.25,2185261016407220224,26.34657296786822,0.054199442,305.49141960874664,0.049866073,54.911766364,0.05201226,14.33926066,0.73661804,DC,He,5967,54,8.177,.028,.683,.018,5956,0.675,3.95,2020MNRAS.497..130T,
WDJ202221.70+833355.41,2302010356492847744,25.83262187610003,0.061581507,305.58554329865973,0.05670345,83.56616033,0.06409532,14.25421144,0.7688923,DC,He,5836,92,8.060,.051,.608,.032,5837,0.609,3.50,2015ApJS..219...19L,
WDJ202748.03-563031.58,6468965052723781888,27.991742255312733,0.13922092,306.9507028568986,0.116444655,-56.51056148,0.10195396,15.49888465,1.4622536,DZ,H,4139,118,7.816,.085,.470,.040,4359,0.641,9.55,2023MNRAS.518.3055O,
WDJ202749.54-430115.21,6679105566157898880,47.017877602594595,0.07208387,306.95766636088626,0.049920693,-43.024437304,0.04014646,15.54151911,1.1491737,DC,H,4879,40,8.390,.026,.836,.018,4966,0.930,9.72,2023MNRAS.518.3055O,
WDJ202837.91-060842.77,4217793816094052480,28.090753744074537,0.03476667,307.15892488566755,0.03005896,-6.145024577,0.021756744,12.44784396,0.03755951,DA,H,11335,291,8.402,.040,.858,.026,11335,0.858,0.84,2023MNRAS.518.3055O,
WDJ202956.94-643420.13,6429465338016396928,26.786847343667503,0.04393029,307.48934676598947,0.026871184,-64.572251814,0.03223226,13.40102801,0.40101814,DQ,He,7287,67,8.030,.025,.593,.015,7287,0.593,1.53,2023MNRAS.518.3055O,
WDJ203100.56-145041.38,6875432476922523520,26.421470099614655,0.16156611,307.75250488100187,0.13743313,-14.844839792,0.10358984,15.44604889,1.2147026,DC,H,4700,152,8.201,.111,.707,.073,4819,0.822,9.84,2020MNRAS.497..130T,
WDJ203102.15+393454.05,2064284054100290048,28.406371692673495,0.08047764,307.7613181311808,0.063905686,39.582285992,0.07388959,15.14315283,1.2526455,DC,H,4638,77,7.916,.064,.528,.037,4801,0.650,8.25,2020MNRAS.497..130T,
WDJ203109.57-165841.93,6862687522250677376,43.8252568096078,0.06373722,307.788986272223,0.051562965,-16.978023791,0.03222105,14.30112535,0.9045048,DAZ,H,5460,53,7.900,.036,.525,.021,5513,0.556,2.78,2017AJ....154...32S,
WDJ203321.86+395409.76,2064689567732385792,48.20099105867645,0.036887772,308.34127538452407,0.027241161,39.902262011,0.030933062,14.63974384,0.78319645,DA,H,5913,36,8.380,.017,.833,.011,5908,0.829,5.25,2020MNRAS.497..130T,
WDJ203421.89+250349.75,1831553382794173824,67.40845955050386,0.036736973,308.58920706023395,0.026971776,25.061315564,0.029570073,10.68014601,-0.2754326,DAZ,H,20145,402,7.932,.024,.587,.013,20145,0.587,0.05,1996AJ....111.2361H,
WDJ203841.42-364913.60,6683212727417918848,31.603497428504554,0.029983038,309.673797930939,0.023060737,-36.820713922,0.0150466,12.39306073,0.19625187,DA,H,9500,80,8.031,.021,.617,.013,9500,0.617,0.75,2017ApJ...848...11B,
WDJ204234.75-200435.94,6857939315643803776,45.93297534758786,0.042822085,310.6464920929421,0.037352264,-20.077075762,0.01701153,10.68853389,-0.2632227,DA,H,19507,381,7.900,.025,.568,.013,19507,0.568,0.06,2011ApJ...743..138G,
WDJ204349.21-390318.02,6681773947733560192,42.835439744302434,0.022399927,310.95500102382533,0.016940724,-39.056563846,0.011784687,11.90487215,0.042411804,DA,H,11228,138,8.048,.020,.632,.012,11228,0.632,0.50,2011ApJ...743..138G,
WDJ204421.46-680521.36,6424566979354709248,51.09919524779962,0.025467075,311.09157996484674,0.013792389,-68.090280063,0.01952255,11.8815453,-0.18100452,DA,H,16420,267,8.463,.017,.905,.011,16420,0.905,0.34,2018MNRAS.480.3942H,
WDJ204832.02+511047.25,2169971345155578752,25.81926394084028,0.08596358,312.1316516720466,0.06979445,51.178970711,0.07453588,14.89718229,1.1653557,DC,H,4902,67,7.937,.056,.542,.033,5031,0.633,6.84,2020MNRAS.497..130T,
WDJ204906.70+372814.05,1871118140493076224,56.86464999528999,0.019170428,312.2788230257468,0.013367498,37.471227965,0.015337529,11.81000585,-0.12300396,DAP,H,14710,200,8.297,.015,.796,.010,14710,0.796,0.35,2018MNRAS.480.3942H,
WDJ204911.00-544617.50,6470278694244646912,25.478978250969046,0.03837481,312.2972637957969,0.030684888,-54.772764049,0.027345186,13.02511304,0.4296379,DA,H,7552,61,7.909,.024,.541,.013,7552,0.541,1.14,2023MNRAS.518.3055O,
WDJ205020.65+263040.76,1844125748497557632,52.2405887964418,0.0313769,312.5839931387123,0.023094911,26.509985873,0.021082785,13.98261532,1.125413,DA,H,4909,19,7.270,.016,.267,.004,5154,0.357,2.08,2018MNRAS.480.3942H,Double degenerate candidate
WDJ205050.50-612235.61,6454251250683840896,29.141595455010595,0.05156574,312.7104740905372,0.0351666,-61.376940558,0.039789416,14.09770363,0.5315094,DA,H,6962,74,8.433,.025,.871,.017,6962,0.871,3.82,2023MNRAS.518.3055O,
WDJ205059.90-245203.79,6805808514433280000,37.30838144532712,0.035947282,312.75063543471464,0.030129159,-24.868564776,0.018048292,13.26767504,0.43614006,DA,H,7512,58,8.069,.020,.635,.013,7512,0.635,1.45,2012ApJS..199...29G,
WDJ205213.41-250415.13,6805792571514600960,55.61070406267471,0.042975903,313.05629209179705,0.036594573,-25.071549085,0.022114227,14.75654597,1.1290445,DCP,H,4908,23,7.853,.020,.493,.011,5048,0.584,5.70,2020A&A...643A.134B,
WDJ205216.84-220633.42,6808651507904773888,49.208390883803354,0.032270093,313.0701935873609,0.028890718,-22.108638622,0.013903478,13.39546482,0.32534218,DCP,He,7811,60,8.187,.019,.693,.012,7811,0.693,1.60,2006ApJ...643..402K,
WDJ205442.80-203925.93,6857295585945072128,31.972417854804814,0.034418654,313.6786580077452,0.031288948,-20.657156068,0.015009043,12.6427644,-0.26127625,DAH,H,20362,413,9.049,.018,1.222,.007,20362,1.222,0.58,2011ApJ...743..138G,
WDJ205647.78-045039.54,6913810483611035776,61.76040049605228,0.051647812,314.2025650622027,0.038013004,-4.845307595,0.019602336,15.30045352,1.3413506,DC,H,4416,27,7.879,.023,.506,.013,4606,0.652,8.97,2018MNRAS.480.3942H,
WDJ205944.90+551730.02,2188860027203347968,43.95969839109637,0.05097908,314.9391995264964,0.049715627,55.293530803,0.04507231,15.27677752,1.311121,DC,H,4519,39,7.936,.031,.539,.019,4690,0.674,8.97,2015ApJS..219...19L,
WDJ210031.31+505117.73,2169025009235266816,29.38191682032395,0.021594217,315.1300682400015,0.018625908,50.854479065,0.019423628,12.40457962,0.18918419,DA,H,9622,80,8.063,.020,.637,.012,9622,0.637,0.76,2015ApJS..219...19L,
WDJ210105.20-490624.27,6478328218869704192,74.94562437295559,0.030896338,315.2697235104514,0.022870628,-49.107748478,0.020882051,14.63577541,1.0447035,DA,H,5118,23,7.922,.017,.534,.010,5219,0.601,4.92,2018MNRAS.480.3942H,
WDJ210144.81+314839.47,1864760695541016832,31.021951538103117,0.022116201,315.43555738302473,0.012793717,31.809526968,0.01749501,12.45712958,0.1187067,DQ,He,9851,103,8.056,.024,.614,.015,9851,0.614,0.74,2015ApJS..219...19L,
WDJ210202.67+191257.67,1789361097242243584,30.517760623185413,0.050224207,315.5105304081467,0.038110744,19.214667481,0.03105291,13.65623831,0.59209824,DA,H,6666,52,8.029,.023,.608,.014,6666,0.608,1.86,2015ApJS..219...19L,
WDJ210212.07+245736.37,1841254644460354688,35.6744079808157,0.051580314,315.5517236968786,0.039639182,24.96114661,0.029202418,14.19980887,0.75572395,DA,H,6013,38,8.127,.020,.667,.013,6013,0.667,3.12,2015ApJS..219...19L,
WDJ210222.23-482749.59,6479860113444922368,26.05302372799561,0.030633235,315.59326494335255,0.0224137,-48.463469186,0.020359961,12.05403768,0.25838757,DA,H,8869,72,7.646,.019,.429,.007,8869,0.429,0.59,2015MNRAS.453.1879K ,Double degenerate candidate
WDJ210632.02-393556.68,6774018369099513216,39.59629445672317,0.03730366,316.6340691070173,0.03118814,-39.599951541,0.019316735,13.22213873,0.3924942,DA,H,7804,62,8.132,.020,.675,.013,7804,0.675,1.45,2007AJ....134..252S,
WDJ210646.77+010635.24,2690697646876721152,25.990593262581598,0.08804834,316.6953107982944,0.07745992,1.109296941,0.05709359,13.93526396,0.7276287,DA,H,6096,69,7.982,.038,.578,.022,6096,0.578,2.19,2020MNRAS.497..130T,
WDJ210745.04+074044.48,1737167215848315264,26.072175267185923,0.05487638,316.9376228461788,0.037843373,7.678466911,0.0273488,13.42106233,0.5034275,DA,H,7103,64,8.032,.026,.612,.016,7103,0.612,1.59,2015ApJS..219...19L,
WDJ210854.87-031202.98,6912866381081015552,28.532184783053495,0.0984931,317.2286124265704,0.07823861,-3.201588062,0.061997276,14.53844714,0.9669666,DC,He,5257,52,7.939,.041,.532,.024,5339,0.584,4.94,2020MNRAS.497..130T,
WDJ211050.04-212922.52,6831993452567326592,31.387970870480295,0.0760061,317.7088580739271,0.066916406,-21.492069707,0.04614621,14.1256352,0.7594757,DA,H,5984,59,8.071,.032,.631,.020,5970,0.622,2.67,2001ApJS..133..413B,
WDJ211240.64-292217.96,6788656957673130112,30.49476296128998,0.04304661,318.169718137829,0.03380676,-29.372320611,0.028368989,12.53787631,0.11712837,DZQ,He,9773,102,8.312,.020,.797,.013,9773,0.797,1.14,2023MNRAS.518.3055O,
WDJ211316.85-814912.88,6348672845649310464,61.808662503533576,0.015287907,318.32847993315755,0.01370141,-81.821932839,0.014051449,12.56115873,0.15435982,DAZH,H,9914,84,8.242,.018,.751,.011,9914,0.751,0.92,2019MNRAS.490..202S,
WDJ211328.93+072704.19,1739921801713625600,34.038319081335814,0.0489868,318.37195756952786,0.036364447,7.451685603,0.03893389,13.70393253,0.6692724,DA,H,6307,40,7.911,.021,.537,.012,6307,0.537,1.80,2015ApJS..219...19L,
WDJ211345.93+262133.27,1841683423932168832,31.555599964989078,0.23916283,318.44188156209646,0.18541282,26.357563804,0.18151104,12.11815721,0.3486576,DA,H,8201,64,7.497,.029,.375,.010,8201,0.375,0.63,2015ApJS..219...19L,Double degenerate candidate
WDJ211856.26+541241.24,2176116580055936512,57.764273032111554,0.021591842,319.7337822945517,0.018957462,54.212315287,0.019373653,11.20150056,-0.14059639,DA,H,14785,227,7.899,.020,.555,.011,14785,0.555,0.18,2018MNRAS.480.3942H,
WDJ211936.53-555014.47,6462911897617050240,39.90801402525795,0.019592665,319.9056307295825,0.015424736,-55.838199466,0.013320577,12.27874458,0.18682766,DAZ,H,9529,76,7.967,.020,.579,.012,9529,0.579,0.69,2019MNRAS.490..202S,
WDJ212042.15+581923.35,2191146977029443584,25.79750445985154,0.02941464,320.1756900399741,0.027223345,58.322537105,0.02872481,12.94398348,0.35625076,DA,H,8159,74,8.032,.024,.614,.014,8159,0.614,1.11,2015ApJS..219...19L,
WDJ212121.30-255716.33,6791196382856581376,40.776809267560395,0.046480395,320.3405431910768,0.03901447,-25.955026415,0.030786341,10.9718522,-0.2538805,DA,H,19206,374,8.069,.024,.662,.014,19206,0.662,0.09,2023MNRAS.518.3055O,
WDJ212147.85-013032.20,2685959542034846464,28.466963732042146,0.06291742,320.4487062481401,0.05602453,-1.510062653,0.04418483,13.74288974,0.6315918,DA,H,6474,47,8.018,.023,.601,.014,6474,0.601,1.98,2006ApJ...643..402K,
WDJ212205.59-383834.68,6583325635088476544,42.74947275792763,0.055243127,320.5242595713073,0.043599032,-38.643252106,0.028993418,14.49304081,1.0486422,DC,He,5060,21,7.809,.017,.481,.008,5175,0.550,5.08,2017AJ....154...32S,
WDJ212212.35+041356.77,2693095097621419648,41.29650575679993,0.054522194,320.5511061176594,0.042984843,4.230598362,0.040248,14.61742353,1.109045,DA,H,4969,39,7.800,.022,.475,.006,5105,0.559,4.73,2017AJ....154...32S,
WDJ212602.02-422453.76,6578917727331681536,39.095492827700156,0.28859046,321.50808945217244,0.22324294,-42.414653418,0.1861484,13.72050546,0.8946085,DC,He,5483,25,7.522,.028,.363,.011,5554,0.392,2.21,2023MNRAS.518.3055O,Double degenerate candidate
WDJ212625.46+551332.38,2177776331525931136,29.66018429980513,0.02485271,321.60818429995106,0.02285191,55.226506246,0.022044044,12.11938823,-0.052161217,DA,H,13073,200,8.371,.014,.840,.009,13073,0.840,0.54,2015ApJS..219...19L,
WDJ212657.66+733844.66,2274076297221555968,44.99172121775193,0.026173517,321.7411073722628,0.023299627,73.644344742,0.023951262,11.15299004,-0.15297031,DA,H,15127,281,7.891,.024,.552,.013,15127,0.552,0.16,2015ApJS..219...19L,
WDJ213343.31+830332.43,2300234782654298624,37.85468226443516,0.02341459,323.4408604164549,0.019756395,83.061530622,0.024099445,10.93711103,-0.21788406,DA,H,17488,324,7.929,.023,.579,.013,17488,0.579,0.10,2015ApJS..219...19L,
WDJ213343.70+241457.72,1797472370615364992,28.534344946925525,0.07758702,323.4317678387499,0.057729073,24.248541533,0.03752155,14.36436754,0.6536751,DA,H,6433,52,8.405,.022,.851,.015,6433,0.851,4.45,2020MNRAS.497..130T,
WDJ213424.51+365519.95,1951870157081161216,25.35548579839861,0.03936294,323.60151362874427,0.025074832,36.921687343,0.031102296,13.35135568,0.4437523,DA,H,7556,73,8.123,.026,.669,.016,7556,0.669,1.55,2015ApJS..219...19L,
WDJ213517.95+463318.21,1977417206686680704,25.620630154692385,0.075748,323.8239530533549,0.05925376,46.553247666,0.066110924,14.82871304,1.1884975,DA,H,4909,64,7.883,.055,.510,.031,5044,0.600,6.11,2020MNRAS.497..130T,
WDJ213616.39-131834.50,6842831888437047680,42.72462937260394,0.024649557,324.0694778922574,0.019375183,-13.310215996,0.017351264,11.80740052,0.14475632,DA,H,9928,78,7.737,.012,.465,.002,9928,0.465,0.47,2017ApJ...848...11B,Double degenerate candidate
WDJ213721.24-380838.22,6585792870460638336,30.891736629457768,0.055703536,324.33847295829395,0.040124387,-38.143993619,0.033321943,13.99004062,0.5250912,DC,He,6856,65,8.312,.025,.775,.017,6856,0.775,3.16,2023MNRAS.518.3055O,
WDJ213849.48-404127.74,6578616598584224640,30.836625351317657,0.029298143,324.7053576524865,0.020404281,-40.690813737,0.01967916,10.96408222,-0.2501049,DA,H,19013,377,8.051,.024,.651,.014,19013,0.651,0.09,2009A&A...505..441K,
WDJ213957.13-124549.09,6844375121726139520,27.214815353387,0.059095655,324.98911367423483,0.049986277,-12.763911562,0.0453253,13.58126496,0.38370323,DA,H,7914,130,8.392,.037,.845,.024,7914,0.845,2.46,2020MNRAS.497..130T,
WDJ214023.96-363757.44,6589369272547881856,25.094679902885137,0.046152603,325.0982250112434,0.038944956,-36.63268509,0.027493518,12.9680403,-0.08707142,DQ (warm),He,13294,225,8.842,.021,1.111,.011,13294,1.11,1.28,2021AJ....162..188B,
WDJ214157.57-330029.80,6592315723192176896,62.070431106683316,0.022531694,325.48889307069965,0.019006483,-33.008781819,0.012985098,13.41233881,0.4237051,DZAH,He,7113,55,8.194,.017,.715,.011,7113,0.715,2.33,2019A&A...630A..65B,
WDJ214241.01+205958.12,1792830060723673472,90.54537622087194,0.016760439,325.66979005004237,0.014557916,20.996591688,0.0147408,12.95900339,0.23365974,DQ,He,8495,70,8.090,.019,.632,.012,8495,0.632,1.13,2018MNRAS.480.3942H,
WDJ214254.49+080527.35,2701893698904233216,33.449721324571804,0.08623358,325.7266672210618,0.068734646,8.090064138,0.07823726,14.67483452,1.1795044,DA,H,4819,48,7.732,.039,.443,.017,4987,0.544,5.20,2015ApJS..219...19L,
WDJ214324.09-065947.99,2667464656943675392,55.09641571877749,0.026583664,325.8503130310157,0.023882892,-6.997071915,0.021493448,13.22953673,0.26084995,DA,H,8905,76,8.424,.018,.868,.012,8905,0.868,1.79,2023MNRAS.518.3055O,
WDJ214756.59-403527.79,6584418167391671808,35.79038990362896,0.49214008,326.9853019752975,0.36603162,-40.591551463,0.28800872,17.72812415,1.9252586,DZQH,He,,,,,,,,,,2022MNRAS.517.4557E,IR-faint white dwarf with collision-induced absorption in the infrared. Multiple solutions for Gaia stellar parameters
WDJ214913.61+041550.35,2696628687474414208,28.49346191916868,0.06605005,327.3067713284782,0.051517285,4.26300928,0.046435703,13.92154409,1.0241013,DA,H,5173,40,7.429,.034,.322,.013,5324,0.383,1.95,2015ApJS..219...19L,Double degenerate candidate
WDJ214954.57+281659.59,1800298527816525824,28.778038816406326,0.026581464,327.47861432394507,0.017886844,28.282882807,0.026431378,11.90095997,-0.00891304,DB,He,11808,163,8.032,.027,.603,.016,11808,0.603,0.44,2015ApJS..219...19L,
WDJ215008.33-043900.36,2669936427801840256,28.170978842640096,0.13760856,327.53585450237625,0.12190554,-4.651048175,0.103034176,15.02364469,0.9406662,DC,He,5304,85,8.303,.054,.766,.037,5357,0.813,6.85,2020MNRAS.497..130T,IR-faint white dwarf with collision-induced absorption in the infrared. Multiple solutions for Gaia stellar parameters
WDJ215140.11+591734.85,2202703050401536000,118.15513655131949,0.015516662,327.91636041932077,0.013385709,59.292929783,0.014718417,14.73536803,1.05058,DAH,H,5105,20,7.987,.015,.572,.009,5202,0.640,5.84,2019A&A...623A..46L,
WDJ215225.38+022319.58,2693940725141960192,44.32554473415862,0.042837746,328.1058138452951,0.036346592,2.387435456,0.03472178,11.01002041,-0.21663284,DAZ,H,17508,338,7.981,.024,.608,.014,17508,0.608,0.11,2015ApJS..219...19L,
WDJ215406.45-011709.55,2679976510857026048,39.183229490258725,0.14069952,328.52692140279817,0.1245553,-1.287140657,0.13644168,12.46040614,0.528389,DA,H,,,,,,,,,,2011ApJ...743..138G,Gaia photometry contaminated by nearby MS star
WDJ215500.60-275038.15,6617996741403360128,42.54106742188578,0.0554137,328.7534119439353,0.040139027,-27.843202987,0.030463941,14.42301491,0.9061947,DC,He,5402,28,7.944,.020,.536,.012,5462,0.573,4.33,2006ApJ...643..402K,
WDJ215738.36-510031.52,6558209044297239424,67.3023587798894,0.019673504,329.40949351204483,0.01276908,-51.010522347,0.012060194,13.65637143,0.5812311,DQP,He,6549,41,7.969,.018,.555,.011,6549,0.555,1.85,2018MNRAS.480.3942H,
WDJ215759.55+270519.13,1892992267183979776,27.050299199005078,0.1139696,329.4998751667885,0.08034966,27.090221474,0.102297366,14.98725937,1.3096008,DC,H,4538,74,7.735,.060,.443,.027,4741,0.576,7.10,2020MNRAS.497..130T,
WDJ215839.14-023916.44,2676567307551465088,35.67030213187298,0.10397367,329.66265410837985,0.090918265,-2.654689363,0.080687426,14.85570694,1.1559105,DC,H,4871,48,7.893,.042,.516,.024,5010,0.611,6.54,2020MNRAS.497..130T,
WDJ215847.13-024024.42,2676566272464334720,35.73985670231318,0.11412252,329.6959589702344,0.08946858,-2.673567057,0.07820281,14.91568503,1.2168541,DC,H,4734,54,7.829,.039,.479,.016,4901,0.590,6.74,2020MNRAS.497..130T,
WDJ220045.37-571123.28,6412251624488840448,34.04527197548114,0.032367814,330.18731506526683,0.022038333,-57.190063045,0.022811769,13.50372504,0.50228786,DAZ,H,7114,55,8.097,.021,.651,.013,7114,0.651,1.74,2019MNRAS.490..202S,
WDJ220052.62+582202.29,2199371701965748992,26.290988765893182,0.061433658,330.21931034417605,0.05430721,58.367195337,0.055189416,14.4194976,0.9168949,DA,H,5512,47,8.005,.032,.588,.019,5553,0.615,3.44,2020MNRAS.497..130T,
WDJ220253.65+023741.53,2683452758602312192,33.36473668359621,0.110158555,330.72427923881315,0.07695102,2.627332246,0.08099958,14.46794151,0.8218975,DA,H,5776,59,8.200,.034,.712,.022,5783,0.717,4.34,2020MNRAS.497..130T,
WDJ220420.86-751326.06,6358158435541361792,52.55356615073231,0.020893855,331.0777160495511,0.016097704,-75.223577169,0.018223586,13.59154796,0.26006794,DA,H,8875,81,8.628,.017,.999,.010,8875,0.999,2.75,2018MNRAS.480.3942H,
WDJ220437.98-312713.76,6613289285448236288,40.68647932612694,0.071405604,331.1599442158698,0.05575478,-31.455714054,0.05783495,14.94766556,1.1811218,DA,H,4810,33,7.918,.028,.530,.016,4953,0.632,7.26,2023MNRAS.518.3055O,
WDJ220552.11-665934.73,6397887600292497408,31.817014162930548,0.04961701,331.46692325727855,0.03433509,-66.992643189,0.042244773,14.40147511,0.99739456,DAH,H,5264,40,7.839,.030,.489,.016,5352,0.540,3.01,2023MNRAS.518.3055O,
WDJ220655.28-600135.32,6409446323650635264,26.818585573027924,0.07563839,331.7283303179938,0.04394952,-60.026922798,0.052068397,14.68426535,1.0884228,DA,H,5043,44,7.896,.037,.518,.021,5158,0.593,5.15,2023MNRAS.518.3055O,
WDJ220751.81+342845.79,1900382604528495744,25.1555820773693,0.027155131,331.9660859133797,0.015312389,34.479245627,0.017766165,12.15798685,0.13365364,DA,H,10295,94,8.032,.020,.620,.012,10295,0.620,0.61,2020MNRAS.497..130T,
WDJ220947.10+142947.13,2735175263041913088,36.81069130204574,0.032477777,332.4474306675097,0.02796521,14.497536196,0.027123839,13.34279087,0.4208393,DA,H,7630,74,8.159,.024,.692,.015,7630,0.692,1.60,2015ApJS..219...19L,
WDJ221153.92+564946.77,2198431172852758656,26.433202563749642,0.021410532,332.9765582239247,0.017730389,56.830231369,0.017913627,11.23691192,-0.18783855,DA,H,16833,308,8.073,.022,.659,.013,16833,0.659,0.16,2015ApJS..219...19L,
WDJ221217.96-142945.98,2600033326799287296,26.32629723583775,0.026805585,333.07597858189456,0.021581687,-14.495701887,0.020670535,12.0983959,0.40153027,DA,H,7742,60,7.348,.022,.322,.007,7742,0.322,0.64,2009A&A...505..441K,Double degenerate from 2020A&A...638A.131N (ESO SPY)
WDJ221408.94+372713.33,1955134710179436672,34.25887086709693,0.059221834,333.5354553608698,0.02987927,37.451820885,0.039105404,14.49674523,0.61587334,DCP,He,6424,61,8.467,.024,.878,.016,6424,0.878,4.37,2015ApJS..219...19L,
WDJ221434.75-385907.27,6573778541262656256,55.07638243122623,0.045776866,333.6505901090524,0.028664872,-38.98698989,0.026612788,14.48804703,0.7336292,DA,H,6063,37,8.353,.017,.816,.011,6063,0.816,4.79,2018MNRAS.480.3942H,
WDJ221747.62+370750.92,1907041590544054656,49.22495919851993,0.06031002,334.4509702052192,0.023822285,37.131214644,0.034550093,15.26244282,1.3313503,DC,H,4444,29,7.873,.024,.502,.014,4634,0.645,8.77,2017AJ....154...32S,
WDJ221800.59+560214.92,2006217676803960960,25.405615248301334,0.09391802,334.50334166619103,0.07777339,56.038507792,0.08288647,15.05849258,1.3550816,DC,H,4413,63,7.691,.051,.423,.022,4637,0.569,7.35,2020MNRAS.497..130T,
WDJ221851.14+483929.00,1999615350008375552,25.26221981661823,0.031210748,334.7140696139945,0.024152676,48.657859716,0.024791434,13.00296055,0.49506664,DA,H,7206,54,7.762,.015,.467,.003,7206,0.467,1.09,2015ApJS..219...19L,Double degenerate candidate
WDJ221948.31-652917.49,6404417771644764160,39.16966647297012,0.018744502,334.95343920227526,0.012818041,-65.491059391,0.013542359,12.46371937,0.10649586,DZ,He,9821,92,8.280,.017,.777,.011,9821,0.777,1.07,2019MNRAS.490..202S,
WDJ222233.82+122142.65,2730707260103011712,25.996176268460907,0.21852942,335.6441298826141,0.24564467,12.362690818,0.27288637,15.44084937,1.5047302,DC,H,4196,123,7.808,.095,.466,.045,4415,0.633,9.28,2006AJ....131..582K,
WDJ222547.07+635727.37,2205493129867600256,26.32583675563172,0.06785298,336.4571586662378,0.06583368,63.963577944,0.057416953,14.58019392,1.0591259,DC,He,5071,46,7.826,.021,.468,.001,5187,0.536,4.82,2020MNRAS.497..130T,
WDJ222802.06+120733.38,2730508416002618752,29.48847601584292,0.05240672,337.0084201763495,0.043502647,12.125732101,0.04615921,13.54972164,0.4138975,DZ,He,7189,96,8.294,.030,.780,.020,7189,0.780,2.80,2015ApJS..219...19L,
WDJ222933.96+232742.24,1875613386395668864,27.370349864309038,0.121011555,337.392590451659,0.07569562,23.460735428,0.088713594,14.99253474,1.0916176,DA,H,5064,71,8.126,.054,.659,.035,5153,0.732,7.69,2006ApJ...643..402K,
WDJ223033.53-751524.30,6357629089412187648,66.50946818877851,0.037933405,337.64687646646456,0.03190892,-75.264875292,0.03449195,15.55747538,1.5276613,DC,H,3911,40,7.727,.026,.437,.012,4147,0.621,9.81,2018MNRAS.480.3942H,
WDJ223039.98-751355.24,6357630601240673792,66.47070776146106,0.033906218,337.67375451280134,0.02851331,-75.240124533,0.0313551,15.29847952,1.4253864,DC,H,4194,25,7.729,.019,.438,.008,4426,0.605,8.83,2018MNRAS.480.3942H,
WDJ223055.62+152353.66,2736054627915080448,25.953928762056144,0.11481699,337.7340044944927,0.0963013,15.39913314,0.106462196,14.73627354,0.9716797,DA,H,5378,111,8.154,.072,.680,.047,5429,0.719,5.78,2015ApJS..219...19L,
WDJ223059.16+225454.09,1875301369907249024,32.26884686363105,0.077722296,337.7468817897082,0.04920231,22.915087348,0.05730303,14.50830723,0.7833023,DC,He,5774,51,8.205,.029,.701,.019,5781,0.706,4.87,2020MNRAS.497..130T,
WDJ223418.67-553403.40,6505318682415051520,26.507830186704645,0.095709324,338.5785887891414,0.06445455,-55.5667877,0.08097807,14.9823289,1.2503395,DC,H,4687,69,7.842,.051,.486,.023,4857,0.602,7.20,2023MNRAS.518.3055O,
WDJ223418.83+145654.42,2733055335904034432,29.52235256470349,0.062625475,338.5790836043328,0.056961585,14.948304697,0.052786566,13.85451981,0.68044853,DA,H,6294,57,8.013,.028,.597,.017,6294,0.597,2.11,2020MNRAS.497..130T,
WDJ223601.50-554852.02,6505113009316709760,31.342372852632206,0.07104064,339.005531942553,0.043887585,-55.815141797,0.05940239,14.72728536,1.0262413,DZ,He,5132,47,8.060,.034,.618,.021,5218,0.683,6.40,2023MNRAS.518.3055O,
WDJ223607.66-014059.65,2628943473222829440,25.629882923568882,0.043384872,339.0329378597287,0.03776237,-1.683172354,0.033846047,12.74235611,0.14880943,DAH,H,10019,163,8.366,.033,.832,.022,10019,0.832,1.09,2023MNRAS.518.3055O,
WDJ223634.58-432911.11,6520844168856463104,33.000582119530456,0.044703685,339.14606247902447,0.025219643,-43.48789814,0.029012384,13.747941,0.68560505,DA,H,6244,36,7.915,.019,.539,.011,6244,0.539,1.85,2023MNRAS.518.3055O,
WDJ223700.03-542241.81,6506903598362207872,33.93425187849354,0.024380129,339.24993359958677,0.015182127,-54.378429797,0.019314747,12.8559824,0.33879948,DA,H,8223,66,8.006,.021,.599,.012,8223,0.599,1.05,2023MNRAS.518.3055O,
WDJ224157.63+133239.12,2731866347221858432,28.018180274496682,0.11404222,340.4903979900573,0.085597806,13.542447435,0.07585067,14.39903963,0.7633419,DA,H,5986,78,8.250,.041,.746,.027,5974,0.737,4.15,2015ApJS..219...19L,
WDJ224905.55+223631.99,2836609093355562496,56.08437039953461,0.03177679,342.27564454271646,0.023294276,22.60915123,0.024854185,13.11460824,0.11547756,DA,H,10534,101,8.662,.016,1.021,.010,10534,1.021,1.85,2018MNRAS.480.3942H,
WDJ225123.02+293944.49,1884744525522874880,50.051821712590645,0.19301312,342.8523234476119,0.107209586,29.662959273,0.14588429,13.83898444,0.8598099,DA,H,5635,25,7.680,.020,.429,.008,5669,0.445,1.89,2018MNRAS.480.3942H,Double degenerate candidate
WDJ225257.98+392817.40,1929287700069881856,25.285692732624717,0.106156446,343.24297222302283,0.06764465,39.472061413,0.08062767,14.94293228,1.1783504,DC,H,4898,62,7.963,.053,.556,.032,5024,0.648,7.16,2020MNRAS.497..130T,
WDJ225335.70-143828.19,2410908771246898176,27.354849454472994,0.12566844,343.4014451022774,0.12700108,-14.641314903,0.09283423,14.69597265,0.9741459,DA,H,5324,96,8.098,.066,.643,.042,5384,0.688,5.55,2023MNRAS.518.3055O,
WDJ225338.11+813039.98,2286958798223194624,26.657881178995325,0.092112914,343.4149199274473,0.0788608,81.511615276,0.093458764,14.78299614,1.0605431,DC,He,5182,170,8.058,.118,.605,.074,5264,0.665,6.10,2020MNRAS.497..130T,
WDJ225353.39-064654.49,2611561706216413696,117.13884218186048,0.03412185,343.48356406407754,0.029973496,-6.784830206,0.028107641,15.76473364,1.420248,DZ,He,4263,27,8.085,.019,.630,.012,4428,0.791,8.49,2018MNRAS.480.3942H,
WDJ225549.47-075002.39,2610488514148351360,27.81335016316558,0.05546747,343.95859926848874,0.045773003,-7.834205456,0.04313932,13.57616652,0.60055065,DA,H,6612,66,7.952,.030,.562,.018,6612,0.562,1.69,2011ApJ...743..138G,Double degenerate candidate from 2017MNRAS.467.1414M
WDJ225555.71+054522.59,2711324446359728384,40.32504459144833,0.07215303,343.98369758918585,0.06694037,5.755099154,0.04240385,14.06935128,0.76998425,DA,H,5931,78,7.997,.041,.585,.025,5922,0.579,2.37,2015ApJS..219...19L,
WDJ225725.27+513008.56,1989342372349280384,27.349629742073244,0.048581503,344.355883797685,0.036591485,51.50155494,0.03748499,13.91369426,0.63516235,DA,H,7125,162,8.354,.053,.819,.035,7125,0.819,3.13,2020MNRAS.497..130T,
WDJ230056.46+640815.95,2208530698238308736,27.396659829888286,0.08694685,345.23440338625664,0.07583741,64.137246829,0.06986351,15.12476909,1.299881,DC,H,4591,75,7.867,.065,.500,.036,4768,0.627,8.00,2020MNRAS.497..130T,
WDJ230232.34-330907.96,6554977369168846720,28.207252752819613,0.10274833,345.6363714937803,0.08150608,-33.152846819,0.08435872,15.02677395,1.2389431,DC,H,4709,85,7.898,.073,.517,.042,4867,0.631,7.66,2023MNRAS.518.3055O,
WDJ230303.62+463241.98,1936315366080098432,25.293424279639208,0.11590642,345.7680835951542,0.07761437,46.54434134,0.08474645,15.33037015,1.220396,DC,H,4749,82,8.143,.064,.669,.042,4870,0.778,9.43,2020MNRAS.497..130T,
WDJ230345.52-371051.56,6552878165248320896,30.89281388045086,0.104922295,345.9396539080561,0.07080076,-37.183606804,0.08916137,15.45211734,1.4073486,DZ,H,4270,88,7.884,.072,.508,.041,4469,0.668,9.60,2023MNRAS.518.3055O,
WDJ230550.09+392232.88,1929838143078434432,27.85637084537078,0.11171863,346.4581107500541,0.07535219,39.373684788,0.080487885,15.12983868,0.5391903,DC,He,,,,,,,,,,2020MNRAS.497..130T,IR-faint white dwarf with collision-induced absorption in the infrared. Multiple solutions for Gaia stellar parameters
WDJ230812.71+241425.53,2842462137347560320,25.002337009641497,0.11735623,347.054087870281,0.09086448,24.240093233,0.08086679,14.83480102,1.1629734,DC,H,4898,84,7.885,.073,.511,.041,5035,0.603,6.22,2015ApJS..219...19L,
WDJ230840.77-214459.60,2386223463892847872,30.51442511975755,0.026079083,347.1713269930119,0.02206257,-21.750322691,0.02478311,11.18856296,-0.17856693,DA,H,16050,299,7.995,.024,.612,.014,16050,0.612,0.16,2006ApJ...643..402K,
WDJ230958.53+550649.43,1996725077535283200,60.89459838316985,0.030127829,347.49706026663284,0.022518907,55.113943715,0.021213379,14.52735985,0.9007664,DA,H,5531,26,8.107,.016,.651,.010,5566,0.676,4.42,2018MNRAS.480.3942H,
WDJ231022.85-685023.96,6387649708219253248,47.4605098981335,0.015364289,347.5960284009902,0.01220944,-68.838563167,0.013244627,11.952885,0.038321495,DB,He,10780,116,7.909,.024,.530,.013,10780,0.530,0.47,2017AJ....154...32S,
WDJ231206.10+131058.07,2812250821990695936,31.282438774010394,0.08562997,348.0247961434684,0.073955424,13.181666194,0.0635816,14.61390802,1.0484829,DA,H,5163,55,7.923,.043,.535,.025,5258,0.597,4.57,2015ApJS..219...19L,
WDJ231425.18-063247.88,2631876970245863552,38.57857358338997,0.037505496,348.60340453593443,0.031767838,-6.547389129,0.030869495,13.25625883,0.35123348,DQ,He,7630,67,8.033,.023,.596,.014,7630,0.596,1.37,2005ApJ...627..404D,
WDJ231518.81-020940.60,2638553754605793408,33.64304526277897,0.04553601,348.8309956262001,0.04045307,-2.160487549,0.037012648,13.8603125,0.57150173,DZ,He,6634,58,8.216,.022,.727,.015,6634,0.727,3.06,2007ApJ...663.1291D,
WDJ231530.40-144005.68,2407167579853954688,34.64356991865684,0.041071992,348.8774599977209,0.03374169,-14.668508405,0.02977663,13.18775619,0.26807117,DA,H,8853,86,8.386,.021,.843,.014,8853,0.843,1.65,2012MNRAS.425.1394K,
WDJ231726.74+183052.75,2818957013992481280,26.4097423305852,0.30900025,349.3612506311023,0.24705675,18.51264244,0.20181873,16.46061082,1.2735405,DZ,He,4676,223,8.876,.118,1.135,.060,4753,1.252,4.70,2021NatAs...5..451H,
WDJ231732.63-460816.77,6527675297155337472,25.98487885256309,0.31201923,349.38930735155714,0.16511944,-46.138877995,0.27474588,16.39751748,1.8456917,DQpec,He,,,,,,,,,,This work,IR-faint white dwarf with collision-induced absorption in the infrared. Multiple solutions for Gaia stellar parameters
WDJ231909.52-061249.96,2631967439437024384,27.549346022634083,0.20146462,349.786950152912,0.13508196,-6.220944476,0.13721938,15.04522047,1.3017502,DC,H,4563,89,7.808,.071,.477,.031,4750,0.607,7.73,1984ApJ...276..602G,
WDJ231935.39-170528.47,2405805697263561600,39.14554778417111,0.023963513,349.8985763665459,0.02293412,-17.091194976,0.019004956,12.02250487,0.013136864,DBA,He,11263,142,8.042,.025,.608,.015,11263,0.608,0.51,2018ApJ...857...56R,
WDJ232418.87+283554.82,2869130517001766400,25.576109257386264,0.048786882,351.0783979189295,0.032971494,28.597975899,0.033960335,13.32444839,0.487463,DA,H,7251,69,8.007,.027,.597,.016,7251,0.597,1.45,2015ApJS..219...19L,
WDJ232519.87+140339.61,2813020961166816512,42.483894789910536,0.11199559,351.33436317893205,0.075340346,14.061510483,0.071317285,13.95609162,1.0856276,DA,H,5009,22,7.325,.021,.284,.006,5218,0.363,2.00,2006ApJ...643..402K,Double degenerate candidate
WDJ232606.59+160019.28,2814629409239942272,29.591357603626907,0.032866165,351.52725412109226,0.023360888,16.004842689,0.021542724,12.40863945,0.109311104,DC,He,9915,110,8.043,.026,.606,.016,9915,0.606,0.71,2015ApJS..219...19L,
WDJ232847.64+051454.24,2660358032257156736,57.062001208183894,0.025052086,352.19670801911326,0.021700494,5.247213099,0.017294206,11.84412999,0.030276299,DAZ,H,11529,206,8.042,.027,.629,.016,11529,0.629,0.46,2014ApJ...783...79X,
WDJ233135.66+410130.68,1923682286712356992,28.020644467724075,0.0260231,352.9001436534956,0.017234858,41.024752434,0.016831977,11.1255546,-0.18580627,DA,H,16665,293,7.986,.022,.608,.013,16665,0.608,0.14,2015ApJS..219...19L,
WDJ233145.31-665607.80,6389551313580046464,25.307395472897053,0.037062604,352.94070556634716,0.030486727,-66.935793496,0.033408403,13.16680726,0.4139347,DA,H,7658,85,8.046,.030,.621,.018,7658,0.621,1.33,2017MNRAS.472.4173R,
WDJ233203.52+265846.12,2865535629374939520,34.31347518669618,0.032602977,353.0168871633017,0.021027084,26.979606507,0.019882299,12.99441452,0.17844868,DAH,H,9809,96,8.471,.020,.900,.013,9809,0.900,1.45,2015ApJS..219...19L,
WDJ233536.62-161743.66,2395444208921491456,41.07940673709926,0.022347217,353.9029925799428,0.019455446,-16.296092844,0.017440092,11.47057281,-0.084918976,DA,H,13507,176,7.973,.015,.593,.009,13507,0.593,0.27,2011ApJ...743..138G,
WDJ233850.74-074119.97,2439184705619919488,53.58088711025224,0.01703276,354.7115585243981,0.0142944,-7.688979888,0.013400666,11.9381065,0.06836319,DA,H,10873,99,8.009,.017,.608,.010,10873,0.608,0.52,2018MNRAS.480.3942H,
WDJ233852.80-182612.68,2393875961742886656,26.875843211509732,0.03870408,354.72036510138236,0.030721646,-18.437478692,0.030708559,12.63427249,0.38508034,DA,H,7901,84,7.750,.021,.465,.006,7901,0.465,0.86,2011ApJ...743..138G,Double degenerate from 2020A&A...638A.131N (ESO SPY)
WDJ233856.32+210118.30,2826254713186397440,25.366648545801482,0.099561326,354.7359604756,0.08045495,21.022534013,0.05933143,14.70429846,1.0112171,DA,H,5242,71,8.044,.053,.608,.033,5316,0.661,5.48,2015ApJS..219...19L,
WDJ234300.85-644737.90,6485572518732377856,26.891667546595418,0.055184506,355.75129108999397,0.04497412,-64.79435009,0.043666773,14.14526767,0.81409836,DC,He,5683,46,7.905,.030,.514,.017,5705,0.526,2.84,2023MNRAS.518.3055O,
WDJ234315.00-165941.02,2394366515727615104,40.341056748870756,0.08166515,355.8112320552475,0.06871897,-16.995765798,0.06520487,15.15827035,1.056057,DZ,He,5059,68,8.327,.042,.793,.029,5134,0.866,7.47,2012MNRAS.425.1394K,
WDJ234350.72+323246.73,2871730307948650368,53.76190380786143,0.026916465,355.9602000462695,0.022229537,32.546047334,0.01629802,11.6192942,-0.043276787,DA,H,12587,177,8.004,.014,.609,.008,12587,0.609,0.35,2018MNRAS.480.3942H,
WDJ234612.48+115850.20,2763719512612656000,27.554674460511976,0.08247442,356.5515387869607,0.06603643,11.980175116,0.050858352,14.32630242,0.70321846,DC,He,6073,53,8.222,.028,.713,.019,6073,0.713,4.02,2015ApJS..219...19L,
WDJ234735.13+030431.87,2742789930821144320,39.72482767357154,0.06240614,356.89714083822736,0.05766454,3.076547364,0.03731396,14.56324411,1.1024036,DC,H,4994,36,7.781,.018,.466,.003,5129,0.547,4.29,2015ApJS..219...19L,
WDJ234816.77-442811.76,6531195177474061824,27.393743451381912,0.09921126,357.07170466983615,0.071768515,-44.47116135,0.07865726,14.86714692,0.9275913,DZ,He,5350,70,8.316,.042,.788,.028,5397,0.830,6.83,2007ApJ...663.1291D,
WDJ234935.57-521528.02,6521660556236440960,32.36258564033391,0.05131272,357.3985424278736,0.027069667,-52.258038471,0.03760938,14.51717906,0.65473557,DC,He,6246,57,8.417,.024,.844,.016,6246,0.844,4.57,2023MNRAS.518.3055O,
WDJ234955.03+293404.02,2867032958053059200,47.7389030880973,0.03311171,357.47900108933186,0.02180107,29.565554972,0.018175405,13.97323118,0.80542564,DA,H,5813,28,7.861,.017,.507,.010,5817,0.509,2.07,2015ApJS..219...19L,
WDJ235231.92-025311.75,2448933731627261824,33.34508699640179,0.08218241,358.13584047870006,0.07108442,-2.885329951,0.05219233,14.59238927,0.12447548,DA,H,10587,251,9.356,.035,1.318,.010,10587,1.318,,2011ApJ...743..138G,
WDJ235401.07-331631.08,2313836325604479616,43.099606869890664,0.022411184,358.50281735147115,0.017200086,-33.277087909,0.016115611,12.64811954,0.29198456,DA,H,8559,76,7.962,.023,.574,.013,8559,0.574,0.89,2011ApJ...743..138G,
WDJ235419.41-814104.96,6350786278796634112,37.10451137426575,0.061009444,358.58382867378697,0.052155424,-81.684550559,0.053653795,15.06969658,1.3060055,DZH,H,4476,44,7.769,.035,.457,.016,4679,0.597,7.82,2023MNRAS.518.3055O,
WDJ235422.99-514930.65,6521875098442800512,32.899269134524666,0.07602692,358.59611824771713,0.03900667,-51.827016183,0.054025628,15.14981625,1.321312,DC,H,4469,45,7.806,.030,.465,.011,4670,0.605,8.00,2023MNRAS.518.3055O,
WDJ235456.28+402729.54,1921351390779081600,45.28594096552742,0.02269904,358.73571764929716,0.015414419,40.455849236,0.013716755,13.13235498,0.312006,DQ,He,7902,60,8.033,.020,.596,.012,7902,0.596,1.26,2015ApJS..219...19L,