n:error50 corrfield z2:72.0 z1:1224.0 data:neg,"[453.38865684 475.05106925 516.15752952 594.37927097 667.50905676
 541.38739505 665.18577308 462.06944854 643.33949234 629.56553407
 570.62529247 547.26766356 541.08817183 547.37435091 567.52832222
 534.07936147 486.2391472  567.22696662 587.35831373 561.70109583
 502.97413544 498.70517192 550.50793051 584.5401236  498.01741155
 546.73720454 503.90927732 482.64662777 485.45275064 482.96082573
 480.24889731 501.9894719  441.38449292 517.58181509 452.56582977
 449.52483795 456.12463074 433.4201513  419.49184061 400.68846597
 417.98090949 385.82297589 393.73489851 343.21910119 345.137612
 358.19162439 381.12778585 348.17358729 351.07737827 370.35087733
 342.56109617 294.5747372  351.18759414 290.79520267 309.37478067]","[ 1.80996008e-01  1.81205716e-01  1.81511828e-01  1.81846365e-01
  1.82182709e-01  1.82234396e-01  1.82694708e-01  1.82756507e-01
  1.83121936e-01  1.83308598e-01  1.83866530e-01  1.84202410e-01
  1.84513175e-01  1.84766838e-01  1.84945198e-01  1.85523360e-01
  1.85522539e-01  1.85643654e-01  1.86204848e-01  1.86273086e-01
  1.86449001e-01  1.86470468e-01  1.86670694e-01  1.87162047e-01
  1.87363449e-01  1.87989148e-01  1.88644794e-01  1.89217643e-01
  1.89571720e-01  1.90221746e-01  1.90782377e-01  1.90435819e-01
  1.90529128e-01  1.90425465e-01  1.90629100e-01  1.91071917e-01
  1.91403125e-01  1.91622751e-01  1.91934857e-01  1.92413042e-01
  1.92613699e-01  1.92818627e-01  1.92972938e-01  1.93273153e-01
  1.93767993e-01  1.93834926e-01  1.94344231e-01  1.94852643e-01
  1.95377347e-01  1.95568027e-01  1.95539029e-01  1.95718627e-01
  1.95991945e-01  1.96026916e-01  1.96191951e-01  1.96090298e-01
  1.96216366e-01  1.96134499e-01  1.96044841e-01  1.96163495e-01
  1.96156086e-01  1.95944280e-01  1.95831432e-01  1.95911710e-01
  1.96086886e-01  1.95867979e-01  1.96244025e-01  1.96097946e-01
  1.96248902e-01  1.96227317e-01  1.96116312e-01  1.95842825e-01
  1.96249927e-01  1.96741566e-01  1.97216348e-01  1.97533293e-01
  1.97811325e-01  1.98149028e-01  1.98342702e-01  1.98196563e-01
  1.98440261e-01  1.98752610e-01  1.99217068e-01  1.99449526e-01
  1.99553451e-01  1.99522964e-01  1.99729717e-01  1.99714806e-01
  1.99573439e-01  2.00028607e-01  2.00302345e-01  2.00322264e-01
  2.00253088e-01  2.00045374e-01  2.00050898e-01  2.00528433e-01
  2.00615198e-01  2.00764819e-01  2.01158511e-01  2.01390022e-01
  2.01513547e-01  2.01574852e-01  2.01707878e-01  2.02092334e-01
  2.02099448e-01  2.02364934e-01  2.02540122e-01  2.02855476e-01
  2.03317137e-01  2.03666906e-01  2.04060645e-01  2.04225213e-01
  2.04424535e-01  2.04933142e-01  2.05619364e-01  2.05544557e-01
  2.05674349e-01  2.06271255e-01  2.06572518e-01  2.07012498e-01
  2.07611212e-01  2.08005064e-01  2.08358824e-01  2.08835375e-01
  2.09345592e-01  2.09756647e-01  2.10273883e-01  2.10415441e-01
  2.10421424e-01  2.10736053e-01  2.10924251e-01  2.10921773e-01
  2.11267802e-01  2.11592627e-01  2.11827045e-01  2.11761411e-01
  2.11981197e-01  2.12108325e-01  2.12395114e-01  2.12500049e-01
  2.12504223e-01  2.12591553e-01  2.12912819e-01  2.13097248e-01
  2.13342177e-01  2.13542963e-01  2.13556358e-01  2.13440895e-01
  2.12963266e-01  2.13362351e-01  2.13411277e-01  2.13218160e-01
  2.13210803e-01  2.12959670e-01  2.12933070e-01  2.12658215e-01
  2.12890864e-01  2.13244879e-01  2.13152343e-01  2.13442524e-01
  2.13371066e-01  2.13277692e-01  2.13328628e-01  2.12955362e-01
  2.12519533e-01  2.12417535e-01  2.12392781e-01  2.12315923e-01
  2.11930871e-01  2.11314446e-01  2.10554931e-01  2.09781022e-01
  2.09357345e-01  2.09405689e-01  2.09376787e-01  2.09518477e-01
  2.09419695e-01  2.09055308e-01  2.08772937e-01  2.08473307e-01
  2.08465532e-01  2.08486251e-01  2.07735179e-01  2.06959492e-01
  2.06369422e-01  2.05827589e-01  2.05141044e-01  2.04528499e-01
  2.03743651e-01  2.03043140e-01  2.02485906e-01  2.01941947e-01
  2.01367446e-01  2.00703831e-01  2.00271780e-01  1.99713008e-01
  1.99445878e-01  1.99037978e-01  1.98801170e-01  1.98291299e-01
  1.97518081e-01  1.96968409e-01  1.96460344e-01  1.96236199e-01
  1.95784718e-01  1.95389541e-01  1.95162583e-01  1.95182513e-01
  1.94830048e-01  1.94094335e-01  1.93623350e-01  1.93128444e-01
  1.92835686e-01  1.91970853e-01  1.91435990e-01  1.91128572e-01
  1.90146610e-01  1.89720221e-01  1.88951567e-01  1.88442186e-01
  1.88084491e-01  1.87794942e-01  1.87476389e-01  1.86854004e-01
  1.85938876e-01  1.85035431e-01  1.84268092e-01  1.83551997e-01
  1.83192800e-01  1.82389545e-01  1.81789283e-01  1.81027399e-01
  1.80503227e-01  1.79827162e-01  1.79324430e-01  1.79326472e-01
  1.79194976e-01  1.78616413e-01  1.78035683e-01  1.77547380e-01
  1.77162522e-01  1.77102133e-01  1.76999868e-01  1.76760609e-01
  1.76518788e-01  1.76222033e-01  1.76097748e-01  1.75768446e-01
  1.75798484e-01  1.75564903e-01  1.74993770e-01  1.74228143e-01
  1.73572934e-01  1.73170939e-01  1.72591387e-01  1.71766588e-01
  1.70942570e-01  1.70433841e-01  1.70099783e-01  1.69019845e-01
  1.68136950e-01  1.67480025e-01  1.66635651e-01  1.66186141e-01
  1.65255870e-01  1.64177874e-01  1.63297195e-01  1.62813285e-01
  1.62217511e-01  1.61744859e-01  1.61431918e-01  1.61275782e-01
  1.60818099e-01  1.60011251e-01  1.59391034e-01  1.58487390e-01
  1.57904903e-01  1.57544215e-01  1.56612593e-01  1.55537505e-01
  1.54977995e-01  1.54178455e-01  1.53699363e-01  1.52986360e-01
  1.51969639e-01  1.51047712e-01  1.49640619e-01  1.48693732e-01
  1.47475934e-01  1.46334390e-01  1.45098100e-01  1.43947378e-01
  1.42776600e-01  1.41538676e-01  1.40328827e-01  1.38979935e-01
  1.38081349e-01  1.37272596e-01  1.36154777e-01  1.35239825e-01
  1.34658585e-01  1.34156457e-01  1.33352161e-01  1.32674274e-01
  1.31568845e-01  1.30273828e-01  1.29240013e-01  1.28282872e-01
  1.26980840e-01  1.25698818e-01  1.24593124e-01  1.23360399e-01
  1.22055650e-01  1.20984299e-01  1.19846175e-01  1.18480355e-01
  1.16958661e-01  1.15878174e-01  1.14639324e-01  1.13222530e-01
  1.11748564e-01  1.10407261e-01  1.09125414e-01  1.08214147e-01
  1.07384241e-01  1.06681647e-01  1.05203635e-01  1.03744165e-01
  1.02188469e-01  1.00631810e-01  9.89476080e-02  9.75275430e-02
  9.60113213e-02  9.46926959e-02  9.31776865e-02  9.13971656e-02
  8.96855645e-02  8.81057793e-02  8.64960689e-02  8.51610227e-02
  8.31892587e-02  8.11784253e-02  7.92000999e-02  7.74727533e-02
  7.64631356e-02  7.53370947e-02  7.38892260e-02  7.22958357e-02
  7.09858121e-02  6.96959012e-02  6.83630245e-02  6.66773333e-02
  6.50889014e-02  6.37394489e-02  6.23845379e-02  6.13565404e-02
  6.02409671e-02  5.85938101e-02  5.74403749e-02  5.64312804e-02
  5.50909365e-02  5.38693827e-02  5.29202444e-02  5.14860166e-02
  5.02170482e-02  4.89792142e-02  4.76083954e-02  4.60597648e-02
  4.47644928e-02  4.32858741e-02  4.20301283e-02  4.06827104e-02
  3.92071702e-02  3.79394869e-02  3.65382033e-02  3.52969993e-02
  3.44654971e-02  3.36669032e-02  3.29277237e-02  3.22613235e-02
  3.13234406e-02  3.04851543e-02  2.96904291e-02  2.88505779e-02
  2.79527439e-02  2.68616930e-02  2.61260313e-02  2.53900606e-02
  2.45834206e-02  2.40620123e-02  2.34133536e-02  2.25843785e-02
  2.21120432e-02  2.16045382e-02  2.09598564e-02  2.06270055e-02
  1.99967296e-02  1.89169414e-02  1.80859427e-02  1.75622634e-02
  1.69811297e-02  1.61890873e-02  1.53688734e-02  1.47602414e-02
  1.39933514e-02  1.28342796e-02  1.19642283e-02  1.10494598e-02
  1.03244018e-02  9.72474178e-03  8.82643287e-03  7.89386649e-03
  7.16718307e-03  6.46432338e-03  5.90643581e-03  5.11291582e-03
  4.55843232e-03  3.95605360e-03  3.17863060e-03  2.00537155e-03
  1.05791587e-03  1.01274671e-04 -8.10086176e-04 -1.85202412e-03
 -2.26793001e-03 -2.72387419e-03 -3.33996595e-03 -3.79531497e-03
 -4.59793970e-03 -5.17385030e-03 -5.89984885e-03 -6.41148968e-03
 -6.70385349e-03 -7.53884572e-03 -8.49682312e-03 -9.51834668e-03
 -1.05063882e-02 -1.12071833e-02 -1.16229978e-02 -1.21329888e-02
 -1.25170533e-02 -1.32304010e-02 -1.37559978e-02 -1.38900162e-02
 -1.44783833e-02 -1.49390396e-02 -1.51335795e-02 -1.55194487e-02
 -1.59162145e-02 -1.65477311e-02 -1.70209360e-02 -1.77247798e-02
 -1.84819459e-02 -1.88531680e-02 -1.93435348e-02 -1.96944529e-02
 -2.02371343e-02 -2.07536536e-02 -2.10761407e-02 -2.14471825e-02
 -2.18890851e-02 -2.22784120e-02 -2.24855745e-02 -2.28795369e-02
 -2.31627210e-02 -2.32788994e-02 -2.38316592e-02 -2.41238138e-02
 -2.42592907e-02 -2.44307056e-02 -2.45137427e-02 -2.45254978e-02
 -2.48229477e-02 -2.49466333e-02 -2.48382114e-02 -2.48763889e-02
 -2.52802702e-02 -2.56691493e-02 -2.55306125e-02 -2.52204881e-02
 -2.50637628e-02 -2.53644769e-02 -2.51947927e-02 -2.48938593e-02
 -2.50397910e-02 -2.53442000e-02 -2.54385767e-02 -2.52154831e-02
 -2.52171353e-02 -2.55807186e-02 -2.56949233e-02 -2.57878152e-02
 -2.55980550e-02 -2.57002071e-02 -2.62145550e-02 -2.64723794e-02
 -2.63311418e-02 -2.64334931e-02 -2.66715799e-02 -2.72705803e-02
 -2.74373011e-02 -2.73748655e-02 -2.73311452e-02 -2.72650649e-02
 -2.74048902e-02 -2.78513687e-02 -2.78197626e-02 -2.80430489e-02
 -2.80443311e-02 -2.79673504e-02 -2.80518693e-02 -2.80042245e-02
 -2.78758851e-02 -2.78603894e-02 -2.78393922e-02 -2.78773124e-02
 -2.80226593e-02 -2.77928826e-02 -2.75045886e-02 -2.77545982e-02
 -2.78450461e-02 -2.80101976e-02 -2.82083564e-02 -2.80419499e-02
 -2.78796919e-02 -2.79208531e-02 -2.78038996e-02 -2.76675038e-02
 -2.77379191e-02 -2.70644528e-02 -2.70322217e-02 -2.72016476e-02
 -2.70589114e-02 -2.63951608e-02 -2.57880245e-02 -2.52868045e-02
 -2.49988298e-02 -2.46222687e-02 -2.39104677e-02 -2.30735481e-02
 -2.22031080e-02 -2.15895349e-02 -2.04725077e-02 -1.96068546e-02
 -1.85161828e-02 -1.74325282e-02 -1.66016806e-02 -1.57720858e-02
 -1.44528164e-02 -1.33411660e-02 -1.21233054e-02 -1.12794591e-02
 -1.03059237e-02 -9.40234453e-03 -8.53569631e-03 -7.74132480e-03
 -7.04118571e-03 -6.08715663e-03 -5.32935653e-03 -4.57314534e-03
 -3.86660519e-03 -2.86969697e-03 -1.75965709e-03 -5.82921340e-04
  5.58797248e-04  1.45180144e-03  2.27512615e-03  3.18022763e-03
  4.39597829e-03  5.27825152e-03  6.39892675e-03  7.29732222e-03
  8.53771426e-03  9.90192720e-03  1.13119105e-02  1.25283610e-02
  1.37080150e-02  1.50070801e-02  1.64027183e-02  1.77158834e-02
  1.90303475e-02  2.04344696e-02  2.15681807e-02  2.28547127e-02
  2.40041721e-02  2.56113980e-02  2.70320809e-02  2.84910890e-02
  2.99408467e-02  3.11626744e-02  3.21305060e-02  3.32811307e-02
  3.44554316e-02  3.57924568e-02  3.66967928e-02  3.80266089e-02
  3.87972825e-02  3.96143911e-02  4.04261508e-02  4.17694643e-02
  4.28805699e-02  4.37431917e-02  4.48529777e-02  4.57581774e-02
  4.63706924e-02  4.70826703e-02  4.76507174e-02  4.85185383e-02
  4.92459146e-02  4.99051792e-02  5.10703251e-02  5.22262410e-02
  5.33251244e-02  5.43749036e-02  5.53559772e-02  5.58762643e-02
  5.67618763e-02  5.76247633e-02  5.82304487e-02  5.92811392e-02
  6.02818185e-02  6.09428355e-02  6.18845991e-02  6.24843252e-02
  6.28197364e-02  6.33436149e-02  6.37610515e-02  6.45290798e-02
  6.50125621e-02  6.57638462e-02  6.63964257e-02  6.71000528e-02
  6.76035754e-02  6.79890040e-02  6.84297306e-02  6.88374046e-02
  6.94728329e-02  7.02922971e-02  7.09381902e-02  7.12984311e-02
  7.17815698e-02  7.19629841e-02  7.30039173e-02  7.36837916e-02
  7.41432262e-02  7.45739887e-02  7.52431976e-02  7.62535413e-02
  7.70859407e-02  7.82793121e-02  7.89490393e-02  7.99035684e-02
  8.09561036e-02  8.20076258e-02  8.29153672e-02  8.34938820e-02
  8.42452440e-02  8.52409503e-02  8.59477702e-02  8.67670881e-02
  8.74298557e-02  8.77819620e-02  8.78994580e-02  8.84664670e-02
  8.94085972e-02  9.00957812e-02  9.03459893e-02  9.07308268e-02
  9.13607534e-02  9.17107717e-02  9.21286067e-02  9.25741454e-02
  9.32471861e-02  9.37546687e-02  9.40823950e-02  9.44870160e-02
  9.47466691e-02  9.52690423e-02  9.55728417e-02  9.62252955e-02
  9.66980637e-02  9.68623858e-02  9.73794518e-02  9.76462939e-02
  9.77503275e-02  9.83453007e-02  9.91394576e-02  9.93567077e-02
  9.97057291e-02  1.00329344e-01  1.00436164e-01  1.00169429e-01
  1.00064415e-01  1.00162692e-01  1.00288809e-01  1.00562343e-01
  1.00583720e-01  1.00918918e-01  1.01078508e-01  1.01055903e-01
  1.01394726e-01  1.01632477e-01  1.01478624e-01  1.01415839e-01
  1.01733428e-01  1.02016432e-01  1.02094530e-01  1.02271279e-01
  1.02626997e-01  1.02817368e-01  1.02742997e-01  1.02421940e-01
  1.02645499e-01  1.02960973e-01  1.03688063e-01  1.03837568e-01
  1.03690833e-01  1.03906962e-01  1.04198689e-01  1.04254926e-01
  1.03959855e-01  1.04235736e-01  1.04214175e-01  1.03983605e-01
  1.03573629e-01  1.03815025e-01  1.04335755e-01  1.04204375e-01
  1.04120638e-01  1.03844868e-01  1.03669046e-01  1.03654796e-01
  1.03760264e-01  1.03407668e-01  1.03387067e-01  1.03533373e-01
  1.03127660e-01  1.02654218e-01  1.02465961e-01  1.01918742e-01
  1.01481100e-01  1.01261714e-01  1.00759379e-01  1.00579303e-01
  1.00269350e-01  1.00383148e-01  1.00322442e-01  9.99160057e-02
  9.97563531e-02  9.94811475e-02  9.90688956e-02  9.88567005e-02
  9.86633388e-02  9.85055219e-02  9.81428899e-02  9.77460860e-02
  9.71698829e-02  9.70948150e-02  9.69547519e-02  9.65321717e-02
  9.59420945e-02  9.54534320e-02  9.49933975e-02  9.40132526e-02
  9.36524788e-02  9.33067884e-02  9.30268346e-02  9.23846263e-02
  9.18370416e-02  9.13243780e-02  9.08544870e-02  9.05486039e-02
  9.02448161e-02  8.97610325e-02  8.93304077e-02  8.90654891e-02
  8.88097842e-02  8.81398210e-02  8.78997769e-02  8.77013842e-02
  8.73349903e-02  8.66654067e-02  8.62268436e-02  8.59428394e-02
  8.59310305e-02  8.55868125e-02  8.50512910e-02  8.44021431e-02
  8.40632271e-02  8.32407580e-02  8.27029094e-02  8.26611455e-02
  8.21850669e-02  8.14623909e-02  8.05524816e-02  7.95949584e-02
  7.91251998e-02  7.86528606e-02  7.79366760e-02  7.72006047e-02
  7.67268870e-02  7.63273600e-02  7.56357484e-02  7.49636169e-02
  7.44470483e-02  7.36123767e-02  7.29167151e-02  7.24827298e-02
  7.17586143e-02  7.14485538e-02  7.12829724e-02  7.08003439e-02
  7.05468615e-02  7.00446124e-02  6.93963436e-02  6.90665143e-02
  6.89607801e-02  6.86340470e-02  6.79540341e-02  6.72314147e-02
  6.60291808e-02  6.54439680e-02  6.46053726e-02  6.40258943e-02
  6.34546821e-02  6.30341709e-02  6.25671387e-02  6.23868318e-02
  6.19453653e-02  6.17477383e-02  6.18898177e-02  6.21916140e-02
  6.21235937e-02  6.18647869e-02  6.18551363e-02  6.15942536e-02
  6.08227220e-02  6.02450432e-02  5.99449829e-02  5.96521363e-02
  5.94025251e-02  5.95381722e-02  5.93963657e-02  5.93197630e-02
  5.97295957e-02  5.98437736e-02  5.96081586e-02  5.93715768e-02
  5.95363374e-02  5.98715859e-02  5.97681124e-02  5.99928711e-02
  6.00491261e-02  6.02428636e-02  6.03146790e-02  6.05554762e-02
  6.09621685e-02  6.09225888e-02  6.09443498e-02  6.11043010e-02
  6.10509948e-02  6.10959644e-02  6.10894243e-02  6.09194721e-02
  6.09693690e-02  6.15436547e-02  6.19109709e-02  6.19614266e-02
  6.17730776e-02  6.17710923e-02  6.20185481e-02  6.21580290e-02
  6.24356585e-02  6.25046364e-02  6.25972693e-02  6.26974875e-02
  6.28464652e-02  6.31244328e-02  6.31728462e-02  6.35107779e-02
  6.38042985e-02  6.40105644e-02  6.45133233e-02  6.47728752e-02
  6.48325046e-02  6.51260422e-02  6.56414782e-02  6.63374818e-02
  6.67780186e-02  6.72644436e-02  6.77183615e-02  6.81520846e-02
  6.83420539e-02  6.87423594e-02  6.93203181e-02  6.99383757e-02
  7.04705002e-02  7.10536474e-02  7.14817558e-02  7.16135676e-02
  7.21065538e-02  7.26756448e-02  7.29954150e-02  7.30839892e-02
  7.34377916e-02  7.38352343e-02  7.46662272e-02  7.54342564e-02
  7.57102512e-02  7.61143473e-02  7.65312642e-02  7.70058720e-02
  7.74867391e-02  7.77506731e-02  7.83087617e-02  7.87962717e-02
  7.91334504e-02  7.98990185e-02  8.02188267e-02  8.07501656e-02
  8.15578069e-02  8.19441597e-02  8.20537701e-02  8.24537317e-02
  8.29208698e-02  8.32781498e-02  8.37113180e-02  8.42930122e-02
  8.49034942e-02  8.54018607e-02  8.59920276e-02  8.65454320e-02
  8.67732844e-02  8.66482413e-02  8.67863412e-02  8.71573371e-02
  8.76252299e-02  8.77907495e-02  8.79193114e-02  8.84639659e-02
  8.88688655e-02  8.94765028e-02  9.01660402e-02  9.09142546e-02
  9.12088168e-02  9.15161021e-02  9.18537013e-02  9.23941926e-02
  9.27480766e-02  9.31667017e-02  9.33925488e-02  9.34796353e-02
  9.42338476e-02  9.48484751e-02  9.53214670e-02  9.55026942e-02
  9.56472491e-02  9.60204250e-02  9.63026585e-02  9.71466740e-02
  9.83881864e-02  9.91204528e-02  9.98204190e-02  1.00254569e-01
  1.00478433e-01  1.00522608e-01  1.00501770e-01  1.01072393e-01
  1.01596601e-01  1.02357034e-01  1.02542755e-01  1.02719279e-01
  1.02720724e-01  1.02915628e-01  1.03425977e-01  1.03660991e-01
  1.03673977e-01  1.03769656e-01  1.04022934e-01  1.04455718e-01
  1.04527639e-01  1.05003739e-01  1.05988460e-01  1.06183338e-01
  1.06499083e-01  1.06581691e-01  1.06824783e-01  1.07063899e-01
  1.07088137e-01  1.07533268e-01  1.08177471e-01  1.08585629e-01
  1.09044913e-01  1.09282909e-01  1.09307326e-01  1.09557131e-01
  1.09651243e-01  1.09604794e-01  1.09858657e-01  1.10008375e-01
  1.10369137e-01  1.10867194e-01  1.11326820e-01  1.11495023e-01
  1.11583833e-01  1.11669060e-01  1.11775211e-01  1.12135943e-01
  1.12538332e-01  1.12554684e-01  1.12348332e-01  1.12300465e-01
  1.12578179e-01  1.12794427e-01  1.12842189e-01  1.13113127e-01
  1.13403695e-01  1.14023979e-01  1.14538649e-01  1.15106848e-01
  1.15954996e-01  1.16556008e-01  1.17029715e-01  1.17568403e-01
  1.18205701e-01  1.19209710e-01  1.20009723e-01  1.20846032e-01
  1.21373226e-01  1.22047662e-01  1.22589304e-01  1.23116688e-01
  1.23585161e-01  1.24005369e-01  1.24600290e-01  1.25295727e-01
  1.26100300e-01  1.26961903e-01  1.27713308e-01  1.28544253e-01
  1.29610483e-01  1.30574811e-01  1.31200006e-01  1.31373131e-01
  1.31806952e-01  1.32171103e-01  1.32781112e-01  1.33721039e-01
  1.34593626e-01  1.35200425e-01  1.35864222e-01  1.36615376e-01
  1.37360400e-01  1.38055779e-01  1.38663286e-01  1.39109701e-01
  1.39564594e-01  1.40103817e-01  1.40705950e-01  1.41150453e-01
  1.41723841e-01  1.42157602e-01  1.42704085e-01  1.42780761e-01
  1.43295840e-01  1.43992292e-01  1.44134207e-01  1.44729384e-01
  1.45162617e-01  1.45729339e-01  1.45977668e-01  1.46514266e-01
  1.47187930e-01  1.47887761e-01  1.48339402e-01  1.48938178e-01
  1.49515674e-01  1.49918604e-01  1.50561054e-01  1.50966611e-01
  1.51685107e-01  1.52651537e-01  1.53512550e-01  1.54392984e-01
  1.55305425e-01  1.55984254e-01  1.56669617e-01  1.57045879e-01
  1.57689895e-01  1.58123025e-01  1.58805933e-01  1.59126211e-01
  1.59922106e-01  1.60663451e-01  1.61462756e-01  1.62007500e-01
  1.62849482e-01  1.63581462e-01  1.64114740e-01  1.64880747e-01
  1.65573594e-01  1.66525387e-01  1.67211610e-01  1.67555362e-01
  1.68287698e-01  1.69066205e-01  1.69835295e-01  1.70810783e-01
  1.71768077e-01  1.72546852e-01  1.72976529e-01  1.73500107e-01
  1.73891622e-01  1.74178466e-01  1.74833571e-01  1.75223593e-01
  1.75592102e-01  1.76144609e-01  1.76560223e-01  1.76758355e-01
  1.76641410e-01  1.76939099e-01  1.76877740e-01  1.76960782e-01
  1.77065398e-01  1.77582186e-01  1.77923910e-01  1.78204530e-01
  1.78604980e-01  1.78660666e-01  1.78525931e-01  1.78457415e-01
  1.78035241e-01  1.77920210e-01  1.78049615e-01  1.78021428e-01
  1.77995241e-01  1.77862920e-01  1.77690898e-01  1.77491497e-01
  1.77056131e-01  1.77076131e-01  1.77549343e-01  1.77777542e-01
  1.78015200e-01  1.78064211e-01  1.78066115e-01  1.78031171e-01
  1.78145020e-01  1.78304753e-01  1.78536137e-01  1.78617584e-01
  1.78721426e-01  1.78879806e-01  1.79012913e-01  1.78986792e-01
  1.78596765e-01  1.78116049e-01  1.77970817e-01  1.78000185e-01
  1.77997660e-01  1.78209914e-01  1.78207913e-01  1.78215709e-01
  1.78120407e-01  1.77752329e-01  1.77604767e-01  1.77555003e-01
  1.77869685e-01  1.78495908e-01  1.78800711e-01  1.78872299e-01
  1.78971976e-01  1.79364620e-01  1.79716829e-01  1.79515439e-01
  1.79236683e-01  1.78949093e-01  1.78381399e-01  1.78618265e-01
  1.78735263e-01  1.78530486e-01  1.78057969e-01  1.78188519e-01
  1.78238716e-01  1.78599023e-01  1.78688082e-01  1.78978631e-01
  1.79034949e-01  1.78886037e-01  1.78873606e-01  1.78627787e-01
  1.78546550e-01  1.78469387e-01  1.78225335e-01  1.78242110e-01
  1.78173754e-01  1.77717096e-01  1.77284975e-01  1.77128604e-01
  1.77376948e-01  1.77314451e-01  1.77443554e-01  1.77613965e-01
  1.77937013e-01  1.78071074e-01  1.78032990e-01  1.78230141e-01
  1.78755943e-01  1.79004357e-01  1.79198099e-01  1.79467695e-01
  1.79710229e-01  1.79483284e-01  1.79246192e-01  1.79371817e-01
  1.79581919e-01  1.80230962e-01  1.80398245e-01  1.80285858e-01
  1.80415329e-01  1.80307528e-01  1.80385378e-01  1.80592269e-01
  1.80689244e-01]","[0.12330018 0.12405119 0.12454597 0.12505167 0.12564379 0.12632808
 0.12651704 0.12683242 0.12702612 0.12713083 0.12700566 0.12699794
 0.12665494 0.12613941 0.12596534 0.12584604 0.12597211 0.12608122
 0.12600218 0.12650553 0.1267814  0.12727043 0.12787909 0.12794831
 0.12837763 0.12863875 0.12863425 0.12856031 0.12848496 0.12843996
 0.12846864 0.12900784 0.12940861 0.12990167 0.13022838 0.13035575
 0.13049318 0.13083862 0.13101649 0.13115597 0.13133411 0.1316956
 0.13205437 0.13246868 0.13286816 0.13316087 0.13338265 0.13346833
 0.13349681 0.13374593 0.13400578 0.1344108  0.13501254 0.13590953
 0.13669205 0.13734789 0.13788288 0.13822979 0.13851806 0.13876745
 0.13892382 0.1392462  0.13946027 0.13947104 0.13953374 0.13996543
 0.1399488  0.14020825 0.14048075 0.14070943 0.1410403  0.14153947
 0.14157186 0.14136918 0.14119464 0.14123445 0.1413271  0.14144567
 0.14176098 0.14226969 0.14235323 0.14232229 0.14235639 0.14251493
 0.14233635 0.14210701 0.14163408 0.14141981 0.14143768 0.14125444
 0.14111775 0.14084034 0.14069001 0.14035332 0.14023308 0.13999608
 0.14006532 0.14016901 0.14007923 0.13991927 0.13968751 0.13975622
 0.13961061 0.13918906 0.13927657 0.13928111 0.13932954 0.13925532
 0.13933449 0.13933034 0.1391984  0.13907892 0.13902427 0.13886211
 0.13877093 0.13894729 0.13889633 0.13877058 0.13902467 0.13914629
 0.13900718 0.13894252 0.13889426 0.13862934 0.13809743 0.13805756
 0.13787219 0.13760001 0.13740224 0.13703549 0.13695765 0.13685996
 0.13666127 0.136592   0.13670043 0.13683485 0.13663868 0.13644111
 0.13627218 0.13625148 0.13609651 0.1361014  0.1360545  0.13593903
 0.13581488 0.13578613 0.13598096 0.13622837 0.13638354 0.13618575
 0.13617051 0.13601051 0.13574034 0.13559508 0.13546931 0.13558245
 0.13556734 0.13557718 0.13582095 0.13573045 0.13571986 0.13550622
 0.13535653 0.13516998 0.13511269 0.13485572 0.13431993 0.13398547
 0.13378662 0.13373007 0.13401899 0.13424309 0.13432457 0.13426992
 0.13403469 0.13385484 0.13371867 0.13377573 0.1337693  0.13347284
 0.13331335 0.13318887 0.13311563 0.1330875  0.13313402 0.13334948
 0.13372151 0.13392359 0.13428511 0.13442188 0.1345146  0.13471295
 0.1347015  0.13466019 0.13465745 0.13465455 0.13468295 0.1346197
 0.13452023 0.13449855 0.13464072 0.13489032 0.13514859 0.13513402
 0.13493694 0.13479701 0.1347251  0.13440418 0.13436883 0.13435522
 0.13427023 0.13418463 0.1341609  0.13427747 0.13409101 0.1338104
 0.1342185  0.13438089 0.13439339 0.13430799 0.13427673 0.13432837
 0.13440849 0.1343582  0.13439997 0.134596   0.1346127  0.13480123
 0.13482981 0.13541409 0.13585278 0.13585717 0.13569007 0.13591826
 0.1359972  0.13556802 0.13546539 0.13549979 0.13536439 0.13548782
 0.13546989 0.13520831 0.13502617 0.13476209 0.1344696  0.13424604
 0.13392402 0.13372598 0.13336039 0.13320567 0.13323952 0.13341036
 0.13339036 0.13316122 0.13312843 0.1331956  0.13330442 0.13332913
 0.13308184 0.13335736 0.13374882 0.13379564 0.13352093 0.13297977
 0.13303739 0.13335893 0.13361793 0.13376651 0.13392998 0.13392079
 0.13397747 0.13387593 0.13413345 0.13460766 0.13469875 0.13484353
 0.13477759 0.13465266 0.13475824 0.13488976 0.13482915 0.13487674
 0.13476979 0.13469976 0.1347783  0.13473003 0.13475901 0.13455137
 0.13457445 0.13474678 0.13502904 0.13496974 0.13472187 0.13461129
 0.13454235 0.13462499 0.13443806 0.13394031 0.1336501  0.13320432
 0.13249916 0.13188896 0.13162609 0.13139492 0.13126956 0.13112583
 0.13077197 0.13034411 0.12999403 0.12967008 0.12937999 0.12929319
 0.1290736  0.12867748 0.12840685 0.1283377  0.12838191 0.12822089
 0.12823493 0.12833824 0.12828625 0.12829233 0.12845304 0.12836543
 0.1279956  0.12746467 0.12748205 0.12763003 0.12756409 0.12770636
 0.12794394 0.12806063 0.12821048 0.12803411 0.12806173 0.12826643
 0.12846351 0.12860989 0.12871299 0.12862412 0.12900813 0.12948328
 0.13013299 0.13054664 0.13029668 0.13004234 0.12995096 0.129918
 0.12981075 0.12952159 0.12927942 0.12939155 0.12930195 0.12896418
 0.12879469 0.12835703 0.12798242 0.12792254 0.12774866 0.1275122
 0.12741428 0.12725886 0.12688388 0.12692921 0.12683822 0.12677911
 0.12702942 0.12755356 0.12773092 0.12794874 0.12801541 0.12801424
 0.12814991 0.12814542 0.12852698 0.1287792  0.12859508 0.12853391
 0.12843562 0.12793939 0.12782877 0.12779038 0.12773569 0.12776885
 0.12770461 0.12790265 0.12787285 0.1276541  0.12757195 0.12737139
 0.12746637 0.12769741 0.12762665 0.12761681 0.12755901 0.12735445
 0.1272726  0.12752766 0.12773863 0.12784235 0.127943   0.12812247
 0.12842317 0.12881744 0.12917665 0.12964498 0.129898   0.12992627
 0.12980472 0.12976642 0.12978541 0.12976304 0.12967719 0.12938551
 0.12925253 0.12940247 0.12918406 0.12912215 0.12922253 0.12960392
 0.12979044 0.13008826 0.13034977 0.13071197 0.13047095 0.13028974
 0.1303566  0.13027844 0.13054755 0.13067394 0.13095384 0.13095978
 0.13066511 0.13072168 0.13119684 0.1313508  0.13143182 0.13139662
 0.13070227 0.13014353 0.12970757 0.1295499  0.12909492 0.12832817
 0.127876   0.12740502 0.12690745 0.12656593 0.12622206 0.12606235
 0.12590264 0.12627135 0.12661563 0.12658231 0.12675553 0.12694166
 0.1271646  0.12720162 0.12733745 0.12756291 0.12777587 0.12774728
 0.1276351  0.12776544 0.12780227 0.12790384 0.1280991  0.12829206
 0.12825737 0.12823336 0.12795963 0.1276896  0.12738656 0.12708739
 0.12708417 0.12690013 0.1266751  0.12652319 0.12622183 0.12598848
 0.125891   0.12592912 0.12579857 0.12555653 0.12546561 0.12553996
 0.12551069 0.12540078 0.1251912  0.12500727 0.12466233 0.12417545
 0.12390581 0.12368104 0.12380543 0.12385349 0.12359606 0.12349198
 0.12368497 0.12393057 0.12396791 0.12386155 0.12374253 0.12375749
 0.12396865 0.124192   0.12411907 0.12427901 0.12449338 0.1245214
 0.12466372 0.12488201 0.12489673 0.12501701 0.12525117 0.12541071
 0.12549326 0.1256271  0.12565307 0.12610991 0.12645585 0.12705565
 0.12756612 0.12793159 0.12824285 0.12863086 0.12873926 0.12885576
 0.12920351 0.12896927 0.12922255 0.12948032 0.12954112 0.12936229
 0.12923196 0.12924331 0.12953894 0.12972673 0.12955424 0.12936451
 0.12921815 0.12922461 0.12890518 0.12868975 0.12835499 0.12809317
 0.12803222 0.1278249  0.12730007 0.12710892 0.1268867  0.12698634
 0.12706684 0.12724633 0.12734485 0.12759477 0.12768528 0.1277399
 0.12797224 0.12804967 0.12819996 0.12816978 0.12800474 0.12773213
 0.12744218 0.12726327 0.12741535 0.12731159 0.12693072 0.12718611
 0.12727442 0.12733178 0.12720854 0.12703608 0.12695778 0.12695847
 0.1267105  0.12656946 0.12631193 0.12596279 0.12569214 0.1253198
 0.12523564 0.12510329 0.12518866 0.1249155  0.12433226 0.12377224
 0.12339288 0.12316703 0.12314002 0.12313882 0.12297424 0.12289846
 0.12281222 0.12244228 0.12261885 0.12288626 0.12323842 0.12305571
 0.12304321 0.12342939 0.12344452 0.12351375 0.12404439 0.12472925
 0.12513245 0.12531624 0.12536237 0.12522259 0.1247359  0.12426295
 0.124002   0.12369972 0.12373722 0.1241621  0.12397751 0.12375642
 0.12406429 0.12383012 0.1239073  0.12450627 0.12452533 0.12504946
 0.12587675 0.12638029 0.12696055 0.12718499 0.12788436 0.12837815
 0.12870016 0.12887803 0.12901189 0.12926741 0.12944115 0.12980359
 0.12980748 0.12969537 0.12991124 0.13050413 0.13096095 0.13160553
 0.13139096 0.13152602 0.13191542 0.13240968 0.1324999  0.13195532
 0.13170335 0.13119407 0.13122299 0.1310093  0.13072621 0.13039436
 0.13000034 0.12991146 0.12960697 0.1292876  0.12913736 0.12895759
 0.12899801 0.12944673 0.12998766 0.13005824 0.12989661 0.12976013
 0.12993397 0.12995771 0.12979885 0.12995701 0.13032657 0.13048313
 0.13053529 0.13072959 0.13104506 0.1312005  0.13139592 0.13127631
 0.13124693 0.13092895 0.13088157 0.13089541 0.13089126 0.13112809
 0.13127628 0.13110964 0.13052774 0.13037195 0.13017534 0.12972367
 0.12955127 0.12979427 0.13004    0.13006029 0.12989495 0.12949519
 0.12952567 0.12905266 0.12877904 0.12866698 0.1282258  0.12787926
 0.12771238 0.12754688 0.12712762 0.12675299 0.12661159 0.12636068
 0.12614545 0.12621999 0.126505   0.12697009 0.12692651 0.12686093
 0.12641947 0.12620936 0.12615197 0.12583407 0.12555983 0.12553134
 0.12555788 0.12524766 0.12516254 0.12523534 0.12544056 0.12521558
 0.12482279 0.12469957 0.12467936 0.12465302 0.12439812 0.12419153
 0.12392323 0.12384282 0.12351688 0.12278108 0.12256137 0.12257464
 0.12228313 0.12243359 0.12234427 0.12184919 0.12181182 0.12158981
 0.12142942 0.12080744 0.12032071 0.12017041 0.11985504 0.11967394
 0.11955868 0.11937391 0.11902997 0.11864157 0.11869629 0.11865649
 0.11860409 0.11824661 0.11785748 0.11754967 0.11737462 0.11706966
 0.11708722 0.11734298 0.11726894 0.11738029 0.11735982 0.11752979
 0.11756506 0.11775649 0.11801622 0.11788926 0.11752887 0.11725056
 0.11664719 0.1158841  0.1152706  0.11458438 0.11398521 0.11359036
 0.11341491 0.11331405 0.1131409  0.1129599  0.11243732 0.1119666
 0.11162124 0.11123467 0.11053464 0.11020346 0.10966986 0.10891251
 0.10851603 0.10815319 0.10794778 0.10791787 0.10761844 0.10716723
 0.10680468 0.10667778 0.1063752  0.10590793 0.10582366 0.10592307
 0.10570452 0.10579948 0.10600006 0.10580986 0.10579382 0.10529252
 0.1047102  0.10452392 0.10421691 0.10426486 0.10448591 0.10441224
 0.10416024 0.10400165 0.10417511 0.10443314 0.10529058 0.10555889
 0.10609323 0.10643559 0.10664205 0.10685743 0.1072093  0.10724438
 0.10745624 0.10755952 0.10736694 0.10689621 0.10689901 0.10709726
 0.10703191 0.10709205 0.10762754 0.10819834 0.10857713 0.10895367
 0.10926706 0.10922071 0.10950482 0.10968759 0.10935376 0.10918915
 0.10953206 0.10980176 0.10963298 0.10948153 0.10979152 0.10975629
 0.10978071 0.10974098 0.10958831 0.10936668 0.10912805 0.10921176
 0.10929139 0.10940552 0.10978271 0.11000527 0.11036249 0.11087934
 0.11116645 0.11108133 0.11098831 0.11112399 0.11149551 0.11175641
 0.11177045 0.11194627 0.11205945 0.11225499 0.11236067 0.11225259
 0.11223576 0.11258215 0.11289311 0.11316097 0.11344387 0.11376892
 0.11361316 0.11360379 0.11393584 0.11382344 0.1136746  0.113352
 0.11325744 0.11325849 0.11304034 0.11260842 0.11241465 0.11216297
 0.11181827 0.11128822 0.11079494 0.11027052 0.10983709 0.10993282
 0.10981315 0.10969335 0.10970064 0.10994672 0.11001395 0.10998714
 0.10943787 0.108796   0.10892941 0.10934469 0.10961062 0.109525
 0.1094494  0.10957403 0.10964973 0.10982938 0.11009821 0.10978304
 0.11012663 0.11035601 0.11010338 0.11002631 0.11032502 0.11058248
 0.11072651 0.11096531 0.11145069 0.11158735 0.11180985 0.11193077
 0.11208855 0.11194479 0.11215327 0.11278463 0.11320473 0.11325541
 0.11301223 0.11317686 0.11334006 0.11294252 0.11266572 0.11256213
 0.11208906 0.11161568 0.11153128 0.11152074 0.11145727 0.11113811
 0.11101138 0.11087098 0.11118836 0.11133479 0.11079785 0.11063189
 0.1107545  0.11077844 0.11080665 0.11063772 0.11027071 0.10974226
 0.10872746 0.10815186 0.1078292  0.10745043 0.1072232  0.10700069
 0.10671598 0.10624711 0.10543887 0.10466592 0.10435428 0.10407908
 0.10393962 0.10381062 0.10334483 0.10310652 0.10316179 0.10332604
 0.10361186 0.10347757 0.10331424 0.10274787 0.10239351 0.10192023
 0.10164587 0.10188098 0.10222001 0.10232813 0.1025161  0.10245673
 0.10215575 0.10196239 0.10182107 0.10198296 0.10222455 0.10204454
 0.10210731 0.10236053 0.10239487 0.10253871 0.10289035 0.10299169
 0.10290532 0.1032334  0.10352605 0.10395278 0.10439001 0.10425788
 0.10394103 0.10416729 0.10481886 0.10552495 0.10536622 0.10493946
 0.10491128 0.10503134 0.1050737  0.10461349 0.10441101 0.1042594
 0.10363317 0.10320436 0.10298781 0.10309378 0.10331813 0.10267558
 0.10216555 0.10165674 0.1018788  0.10137874 0.10082566 0.10048299
 0.10018902 0.10029189 0.10031197 0.09969166 0.09940994 0.09908925
 0.09850251 0.09777138 0.09705363 0.09656483 0.09635326 0.09656174
 0.09697776 0.09728296 0.09735696 0.09699361 0.09646534 0.09666614
 0.09698031 0.09701314 0.09713974 0.09753617 0.0981876  0.09846971
 0.09869962 0.09896799 0.09919049 0.0996224  0.0994764  0.09893832
 0.0987972  0.09907679 0.09917767 0.09922146 0.09989823 0.10005032
 0.10022857 0.10085366 0.10163491 0.10205665 0.10230755 0.10238621
 0.10267152 0.10290121 0.10304789 0.10323593 0.10384242 0.10400601
 0.10379058 0.10409293 0.10423276 0.10477561 0.10542617 0.10550453
 0.10547275 0.10576188 0.10540787 0.10503273 0.1049464  0.10561276
 0.10530896 0.10511647 0.10495741 0.10506549 0.10491478 0.10500499
 0.1054474  0.1057844  0.10582074 0.10536727 0.10485639 0.10447536
 0.10406068 0.10372546 0.10339648 0.10289845 0.10294993 0.10320779
 0.10319375 0.10338183 0.1037633  0.10412954 0.10407081 0.10399817
 0.10407415 0.10418007 0.1043608  0.10459704 0.10491953 0.10500638
 0.10487962 0.10483912 0.10463396 0.10473201 0.10467452 0.10484099
 0.10490029 0.10521826 0.10547012 0.10574872 0.10614535 0.10680123
 0.1075568  0.10830102 0.10869894 0.10910894 0.10961524 0.11013739
 0.1106258  0.11060074 0.11024405 0.10966576 0.10927405 0.10895965
 0.1085245  0.1084899  0.10805705 0.10784684 0.10749239 0.10701787
 0.1062682  0.10599569 0.10561153 0.10528486 0.10514066 0.10502464
 0.10509261 0.10476867 0.10504501 0.10518884 0.10528456 0.1052845
 0.10558073 0.10586994 0.10617866 0.10618262 0.10607963 0.10588039
 0.1059269  0.10635509 0.10650077 0.10670371 0.10695607 0.10743291
 0.10773722 0.10777868 0.10806305 0.1086148  0.10915253 0.10942795
 0.10937424 0.10953794 0.10972089 0.10969052 0.10986569 0.10993047
 0.11027755 0.11048738 0.11061143 0.11102412 0.11123113 0.11149016
 0.11167226 0.11210639 0.11251992 0.11287111 0.11331843 0.11367881
 0.11376306 0.11411086 0.11428654 0.11448574 0.11459816 0.11495209
 0.11509854 0.11539201 0.11584879 0.11655503 0.11707304 0.1175701
 0.1180064  0.1184723  0.11903847 0.11935741 0.11961908 0.11942922
 0.11944853 0.11988073 0.12021504 0.1208557  0.12154695 0.12207871
 0.12250197]","[ 301.01004384  301.86576492  302.75116291  303.64719383  304.5445889
  305.35726026  306.29188029  307.10472588  308.01485167  308.86417609
  309.83348284  310.73234785  311.62480921  312.50339173  313.36016965
  314.34460634  315.14227141  315.97784454  316.95641205  317.77370048
  318.62788326  319.43075764  320.2912122   321.2503813   322.11386011
  323.11692188  324.13092085  325.11714081  326.03268517  327.04762329
  328.03296117  328.713409    329.54178374  330.30554041  331.17220011
  332.12055766  333.034325    333.91230488  334.82248066  335.78853802
  336.66201889  337.53905716  338.39831718  339.31009081  340.2902404
  341.12081629  342.10640685  343.08997289  344.08123789  344.95818191
  345.75492225  346.62743973  347.53452495  348.36030809  349.23241856
  350.00641438  350.8615756   351.63861928  352.41517036  353.26846623
  354.07523839  354.80780835  355.57331112  356.40914471  357.28215134
  358.01420229  358.95829421  359.71261504  360.5771375   361.3787239
  362.14765298  362.86109611  363.81965384  364.80796079  365.79322246
  366.72299137  367.64062181  368.58435817  369.47446496  370.23984178
  371.14751577  372.08054902  373.07375966  373.98100401  374.83195183
  375.62799854  376.5142927   377.31975235  378.08049962  379.06834863
  379.98545624  380.80689313  381.59507869  382.32544862  383.14115039
  384.13657033  384.98437458  385.85877571  386.82434481  387.72665467
  388.58398248  389.41920888  390.2820489   391.24325328  392.05948354
  392.9772816   393.85982024  394.79658597  395.79115417  396.74325988
  397.71350792  398.5944724   399.49085176  400.51157936  401.6054156
  402.39443346  403.26559919  404.32226776  405.26108     406.25758254
  407.32029764  408.30135999  409.26499345  410.27950559  411.31033586
  412.30227449  413.3388879   414.21899859  415.04307396  415.99455908
  416.89318517  417.71202834  418.67753546  419.63548774  420.55765442
  421.35230445  422.26535124  423.13954027  424.08363951  424.95139635
  425.77305094  426.63148226  427.59260809  428.49308311  429.42221479
  430.33296555  431.16245091  431.93431046  432.54745181  433.54671542
  434.39349229  435.13020564  435.95056424  436.66498711  437.47972863
  438.18587988  439.11872176  440.11019427  440.90382605  441.86817157
  442.66570955  443.44661362  444.29393545  444.94274397  445.56696011
  446.34412629  447.15597889  447.94701106  448.5945997   449.13383374
  449.60918104  450.0793738   450.70918812  451.5570029   452.36651822
  453.2584523   454.03738608  454.69347033  455.38879747  456.07569924
  456.90025538  457.73621917  458.20191109  458.66023992  459.20403447
  459.7712527   460.27013818  460.80237465  461.25476608  461.74406258
  462.29909227  462.86439249  463.41116106  463.91260984  464.52404658
  465.07165113  465.76106438  466.37980835  467.08315798  467.65475321
  468.09344471  468.63836787  469.20402274  469.90511141  470.49277102
  471.11035577  471.81072523  472.62827528  473.26516763  473.71702628
  474.29552036  474.86212687  475.52835096  475.91723168  476.4619553
  477.11644102  477.44673979  478.04328351  478.47563551  479.03253182
  479.66248565  480.32555749  480.97558562  481.47851821  481.84088586
  482.20964559  482.6414359   483.09810095  483.72530263  484.14070531
  484.65694017  485.09174207  485.6339653   486.1075697   486.66134778
  487.45088683  488.18061524  488.69601594  489.20514584  489.75981626
  490.36094806  491.11809448  491.8572601   492.5299213   493.19989233
  493.84378999  494.57182382  495.19889447  496.00406979  496.67777609
  497.1830602   497.58937339  498.05046528  498.6371613   499.13429434
  499.50882612  499.8837557   500.41359644  501.03024276  501.2750954
  501.61790272  502.07315923  502.4345419   502.99335695  503.31063525
  503.55284155  503.89240764  504.42803566  504.90876303  505.44901057
  506.06925334  506.76905265  507.31747186  507.68874113  508.15364478
  508.47300408  508.95520191  509.55058899  509.85303804  510.08137285
  510.57303321  510.940566    511.47349791  511.88512254  512.13880763
  512.43955513  512.48825788  512.77411353  512.91938147  513.10334514
  513.23672748  513.4133921   513.57941649  513.71008362  513.85336384
  513.92294363  514.22227186  514.56913015  514.75774181  515.05095847
  515.51452471  516.01730725  516.36554457  516.77978582  516.96389995
  517.04798798  517.27186064  517.53639349  517.61644968  517.70257143
  517.88054448  517.98812472  518.05791623  518.25296785  518.41677688
  518.45493777  518.41054036  518.59392602  518.69402637  518.70153765
  518.68012492  518.72713277  518.80460467  519.07294223  519.3827272
  519.75985494  519.72999368  519.70892108  519.63582291  519.56035146
  519.41821225  519.41398304  519.35987781  519.40817047  519.35354367
  519.16007635  519.00063012  518.90739709  518.79891904  518.83060264
  518.53663079  518.2216391   517.92516711  517.7555614   517.94595819
  518.07618475  518.04366343  517.93635884  517.97049878  518.01564711
  518.0390486   517.8828177   517.77224107  517.7805871   517.78665949
  517.95605732  518.08018696  517.93532931  518.03912845  518.21579375
  518.2246897   518.29297388  518.49674793  518.45661903  518.50088842
  518.56090284  518.54947382  518.44910109  518.47673804  518.41104021
  518.4548213   518.45204266  518.38667368  518.4230043   518.38765141
  518.43184972  518.67953902  518.94146281  519.23764524  519.57049785
  519.76609026  520.01258255  520.27877076  520.52258016  520.73888896
  520.85052784  521.14492386  521.44295394  521.70112173  522.10800418
  522.44629859  522.68835109  523.11875628  523.52995823  523.87328488
  524.37553056  524.72028367  524.82657149  525.06515888  525.46629914
  525.83945024  526.09898383  526.34001605  526.68934378  526.9579144
  527.01675681  527.2292097   527.41733999  527.70488152  528.05707916
  528.25126052  528.42895578  528.71521293  529.01477043  529.38909876
  529.63979432  530.01397836  530.3627861   530.6196924   530.66747319
  530.83201575  530.99254358  531.17577317  531.2891782   531.72539231
  532.14157448  532.47457473  532.89090441  533.12461091  533.47786454
  533.75426726  534.14158433  534.64342339  534.86185791  535.02283109
  535.14127633  535.27630633  535.56332978  535.98757049  536.36351207
  536.8140098   537.09088371  537.45999406  538.03566816  538.37148257
  538.77682822  539.32443123  539.76684995  540.20220248  540.51281744
  540.90982759  541.18911629  541.43454725  541.8859369   542.27870507
  542.74611581  543.10642159  543.47668559  543.95494455  544.41442133
  544.82860384  545.26610941  545.79623248  546.22967018  546.72673753
  547.3170338   547.66376479  548.15722446  548.73144465  549.28263308
  549.87221635  550.50494474  550.97188446  551.54003693  552.24741337
  552.86819953  553.27967682  553.69940672  554.41658397  555.2339224
  555.96613534  556.44269197  557.18399229  557.99763324  558.55550964
  559.02784222  559.62154244  560.39475831  561.04077169  561.4816602
  562.05891677  562.64776441  563.40157803  563.98731748  564.34072611
  564.838389    565.56313563  566.14920761  566.65883387  566.96386417
  567.51365169  568.19300171  568.86182049  569.5454332   570.11088632
  570.50167678  571.16674815  571.68403358  572.32415126  573.0139535
  573.61243112  574.28492557  575.00555209  575.66233296  576.32231676
  576.94927681  577.51665451  578.29511179  579.10763576  579.60955325
  580.20687987  580.75934777  581.29445121  582.03791421  582.78076097
  583.40523229  584.12473686  584.85378961  585.45987693  586.49621207
  587.16615458  587.71410455  588.44350137  589.47843532  590.48323415
  591.42437401  592.23825297  593.10707951  594.17928303  595.32741098
  596.49441563  597.50979667  598.82469205  599.99488222  601.30255187
  602.60517031  603.75178729  604.90282379  606.35398657  607.68042135
  609.07652421  610.24398377  611.49276062  612.70085957  613.887346
  615.03244349  616.12423235  617.37279607  618.50357082  619.6351299
  620.74019795  622.02636329  623.37850594  624.77399393  626.15207014
  627.37786218  628.566504    629.80317783  631.23055919  632.45916203
  633.84028911  635.08198866  636.54292656  638.08052093  639.65188016
  641.10524942  642.53606082  644.04602931  645.61888644  647.14181793
  648.66629303  650.25179774  651.66911676  653.18378778  654.61694197
  656.35292606  657.96116869  659.59946278  661.2434194   662.73982382
  664.06953646  665.52405155  666.98795634  668.57165156  669.86091912
  671.43416097  672.64652085  673.89995589  675.15604715  676.75773312
  678.21055934  679.50401287  680.95161639  682.25683903  683.3751993
  684.56625853  685.64539586  686.9355369   688.12853051  689.27523989
  690.77006767  692.25778621  693.71386728  695.13622816  696.5230838
  697.59851924  698.91600562  700.21661589  701.35032285  702.78277187
  704.18760677  705.36721491  706.73286688  707.86756653  708.82341883
  709.90430458  710.904978    712.14338469  713.19913492  714.44735398
  715.5998281   716.80811785  717.88592655  718.88162457  719.91313206
  720.92311398  722.08909259  723.39103502  724.57490895  725.56713411
  726.65106514  727.52094444  728.97601828  730.18074849  731.24669208
  732.29406602  733.49690959  734.93391893  736.25113265  737.82350359
  739.03741097  740.45862632  741.94696183  743.42917757  744.80353878
  745.95102744  747.22944303  748.69045602  749.94418307  751.27720459
  752.49773567  753.49429166  754.32270595  755.47686131  756.90451196
  758.15223899  759.08090229  760.11483706  761.32341292  762.32569155
  763.39041126  764.4678034   765.71860544  766.85149285  767.84833184
  768.90177462  769.84602738  770.9724964   771.93453763  773.15986326
  774.25388479  775.11232548  776.24524103  777.18671079  777.99880944
  779.18749075  780.52466107  781.42601311  782.42838331  783.6352302
  784.44801198  784.97723172  785.634679    786.44521337  787.2739248
  788.21219678  788.97366274  789.97032726  790.82924562  791.5504208
  792.54648834  793.45986065  794.07018935  794.75652811  795.74007386
  796.6972555   797.49412465  798.37243029  799.39237974  800.28215929
  800.96125155  801.44115483  802.3550657   803.34462965  804.66470049
  805.52141925  806.14149135  807.05495539  808.0313738   808.8174652
  809.31764965  810.2763365   810.99058732  811.53842099  811.94141401
  812.87123492  814.02865424  814.64593374  815.30630725  815.81056878
  816.39259895  817.10900693  817.92487769  818.36577281  819.08046256
  819.9329431   820.33373758  820.67945643  821.2605747   821.54459188
  821.91952229  822.47083146  822.78645625  823.37624654  823.8639966
  824.69384429  825.38055826  825.78737469  826.39436705  826.90188873
  827.29356949  827.85017669  828.41884851  829.01520745  829.45140358
  829.85768702  830.10408441  830.76934829  831.38127647  831.75669977
  831.99145357  832.30832545  832.65380186  832.56815998  832.99133871
  833.43398781  833.94079218  834.14668688  834.42747449  834.74249843
  835.09456216  835.56713644  836.03545306  836.35550781  836.70979269
  837.20098685  837.7120069   837.85928655  838.3842005   838.9543131
  839.38332061  839.54835482  839.9084674   840.4059286   841.12718139
  841.5609953   841.83339266  842.01584137  842.46042985  842.49081952
  842.76384508  843.4519996   843.7782583   843.89077847  843.84317406
  843.76182748  844.09126262  844.42029085  844.54872078  844.65429428
  844.97969667  845.37365477  845.52681258  845.68812927  845.97874948
  846.00467994  846.14593872  846.50221721  846.6223051   847.0836525
  847.65763396  847.95851612  848.4534684   848.73963665  848.90308842
  849.33182411  849.9488285   850.38150997  850.51230057  850.6060051
  850.30676195  850.52317189  850.53193165  850.75066287  850.9746698
  851.32416112  851.63452996  852.17991365  852.50984789  853.0496834
  853.86823085  854.82193662  855.46473589  855.94543428  856.63539266
  857.11749063  857.17675819  857.39448188  857.84105735  858.28788121
  858.77178989  859.58894834  860.16585534  860.79377083  861.83775949
  862.63627643  863.13952304  863.64834097  864.49298918  865.48260464
  866.10869555  867.01276851  867.7717478   868.64778814  869.41919971
  870.33505587  871.39370573  872.07002162  872.79787789  873.64411048
  874.30502005  875.05468004  875.76442063  876.3433407   877.11876208
  878.34903686  879.38988744  880.15100039  880.70299512  881.4280951
  882.36029781  883.20987854  884.17408078  884.95702692  885.76206691
  886.56271441  887.40712702  888.37728268  889.13876927  890.14891118
  891.12546615  892.02877601  893.18947427  894.13326596  894.91003634
  895.89350478  897.08124903  898.42246606  899.5311403   900.7014833
  901.82255294  902.92437923  903.82049698  904.90597425  906.15497849
  907.4321259   908.62773711  909.87084095  910.97480203  911.82026859
  913.00279941  914.23680986  915.24604137  916.04628565  917.09058671
  918.18760549  919.66506252  921.06952623  922.03989563  923.13654425
  924.23951971  925.37962127  926.52766461  927.48617489  928.71511396
  929.88134967  930.90667362  932.31565352  933.3333291   934.55144107
  936.02148938  937.09887989  937.92360738  939.02959879  940.19869899
  941.26621018  942.40160482  943.67658234  944.99319766  946.19024992
  947.47819432  948.71189181  949.65138842  950.26124822  951.1188118
  952.19350574  953.35211406  954.23168404  955.07850025  956.31302561
  957.41677677  958.73884362  960.12341162  961.55732648  962.57306757
  963.61329588  964.67653949  965.92451717  966.99478738  968.13470684
  969.08755901  969.90801905  971.36049869  972.70074769  973.90684081
  974.81776424  975.69690796  976.80139353  977.80076925  979.36549571
  981.31959492  982.7775631   984.20403023  985.36541727  986.32240496
  987.09204212  987.79270798  989.08676977  990.32398828  991.82417865
  992.74705825  993.66576922  994.41421409  995.35828311  996.60332706
  997.56566625  998.30316727  999.13940524 1000.1391072  1001.30856648
 1002.1016666  1003.3144382  1005.07447041 1005.99012367 1007.05055393
 1007.87782754 1008.88776347 1009.88392347 1010.65383786 1011.8447939
 1013.24175631 1014.39430419 1015.61093373 1016.61010938 1017.38714214
 1018.37724219 1019.22127825 1019.92430995 1020.93300507 1021.83657525
 1022.99155491 1024.27237836 1025.49020638 1026.4207034  1027.27081297
 1028.13376182 1028.99423151 1030.11310717 1031.26841285 1032.04607095
 1032.59931444 1033.32757231 1034.35842332 1035.29550594 1036.08249261
 1037.13047735 1038.18988172 1039.58518113 1040.88491908 1042.23739312
 1043.8760784  1045.25321849 1046.52409797 1047.88903712 1049.38230327
 1051.21296201 1052.83243047 1054.49087563 1055.8514429  1057.33900977
 1058.68383525 1060.01811502 1061.29988161 1062.55639913 1063.99513114
 1065.49587012 1067.13389447 1068.83702132 1070.39202966 1072.03165449
 1073.93324304 1075.71911563 1077.15604443 1078.11270382 1079.37068219
 1080.54920621 1081.98565292 1083.75300069 1085.43695644 1086.8888573
 1088.40774887 1089.99498015 1091.59829091 1093.16727317 1094.65932601
 1095.93663456 1097.211794   1098.58037554 1100.02374725 1101.31112538
 1102.70512391 1103.91065817 1105.27066619 1106.12148072 1107.46400958
 1109.01486754 1109.9604778  1111.38887371 1112.62841311 1114.05981901
 1115.13353718 1116.5236959  1118.05152568 1119.59612196 1120.87522951
 1122.32545213 1123.74037715 1124.9628099  1126.50836684 1127.7352419
 1129.27835362 1131.15608721 1132.88454116 1134.69613043 1136.54243333
 1138.05717011 1139.57549158 1140.75110286 1142.21002197 1143.42177758
 1144.94353079 1146.10390366 1147.76967644 1149.3754274  1151.04826632
 1152.44217384 1154.19590403 1155.85517709 1157.30617083 1159.03473836
 1160.65528361 1162.53940966 1164.11913567 1165.28822839 1166.93207612
 1168.64397329 1170.35283771 1172.31976021 1174.30093773 1176.07730764
 1177.41756379 1178.88202829 1180.2038071  1181.37320335 1182.95888306
 1184.24308449 1185.52452971 1187.03271575 1188.37297519 1189.43561946
 1190.09926549 1191.26580062 1191.97184718 1192.86483252 1193.7774984
 1195.22432851 1196.44035937 1197.59926798 1198.8922331  1199.77047344
 1200.38580565 1201.09518437 1201.36394481 1202.04429111 1203.06772178
 1203.90105014 1204.70469039 1205.360573   1205.96786909 1206.53601994
 1206.79971863 1207.59320561 1208.94763825 1210.00000134 1211.08966526
 1211.93907147 1212.70865019 1213.46339748 1214.38293529 1215.36806682
 1216.41827615 1217.27596186 1218.13510207 1219.09051536 1220.0119729
 1220.74462556 1221.02392776 1221.17574026 1221.78396079 1222.58453509
 1223.36634318 1224.42972645 1225.22319222 1226.02628159 1226.7085873
 1227.04952686 1227.6752621  1228.40515501 1229.60416842 1231.18151193
 1232.36551188 1233.27751019 1234.19512504 1235.49713353 1236.75620959
 1237.30801082 1237.73794528 1238.13801948 1238.20089388 1239.33756947
 1240.31006305 1240.81740432 1240.95843189 1241.9194452  1242.78432414
 1244.03673069 1244.94631494 1246.11795414 1246.98757334 1247.57277762
 1248.35645847 1248.8598961  1249.57101233 1250.26799598 1250.72777073
 1251.53794186 1252.25215792 1252.46024459 1252.69624814 1253.29927533
 1254.42001379 1255.13805235 1256.07820113 1257.08037276 1258.27507666
 1259.24044657 1259.96571677 1261.01827438 1262.5332292  1263.70882507
 1264.79448504 1265.97433398 1267.10450195 1267.60651194 1268.10616202
 1269.05893276 1270.12120611 1271.72796696 1272.69992162 1273.32681671
 1274.24441583 1274.89259035 1275.77165093 1276.81551962 1277.73175988]","[ 15.4851316   15.33302259  15.17983991  15.05528642  14.94086038
  14.85952663  14.70721791  14.54543484  14.46597091  14.24295681
  14.12467609  13.94658504  13.78583587  13.70891671  13.66509626
  13.66356284  13.53276217  13.38473067  13.32509734  13.11832692
  12.97247179  12.76431436  12.56180931  12.49065869  12.33019934
  12.23005653  12.13298054  11.97741802  11.80757114  11.69501551
  11.53792221  11.14065137  10.84338756  10.54683436  10.28583471
  10.08507762   9.94346527   9.83136003   9.75132601   9.65741359
   9.56214098   9.53274521   9.46886654   9.51225879   9.62036224
   9.55642749   9.6334747    9.60842932   9.62953578   9.65171759
   9.49483333   9.47993279   9.53572297   9.64337545   9.78575942
   9.72369841   9.71912552   9.50307561   9.38089868   9.39532785
   9.32252282   9.1793547    8.95532533   8.80311548   8.78785337
   8.76499647   8.69892896   8.51552643   8.48363474   8.41207703
   8.3299752    8.41392733   8.41244385   8.32792877   8.34772013
   8.4407384    8.60810088   8.93778636   9.21472656   9.51265492
   9.72018936   9.90351687  10.20369119  10.49157317  10.44569523
  10.21630027  10.02375208   9.92701375   9.95887678  10.05013699
  10.0364402   10.04125808  10.07746546   9.9216823    9.92854278
   9.87642985   9.90273745  10.01912615   9.99818534   9.93193681
   9.72365363   9.59404629   9.44291774   9.28093637   9.21789436
   9.15620183   9.08757648   8.95459593   8.78883469   8.67204358
   8.55690318   8.50730815   8.51911204   8.53953491   8.60228095
   8.67624366   8.74039791   8.63555783   8.57018328   8.54485904
   8.55797086   8.61591168   8.58948478   8.55836538   8.60735624
   8.70929484   8.81433028   8.8275972    8.84202479   8.81014109
   8.74501306   8.65583799   8.60759075   8.59781048   8.67424048
   8.67362965   8.56781258   8.4596677    8.46122996   8.48641593
   8.32842014   8.24099002   8.29482706   8.20444456   8.24568006
   8.29890285   8.30731407   8.20584423   7.99284782   8.17818437
   8.29943642   8.1426407    8.15767951   8.20154513   8.39075387
   8.58761816   9.015581     9.67578068  10.22262682  10.83387889
  11.09675039  11.0532161   11.12246827  10.74176505  10.5293618
  10.5323647   10.55093861  10.69110144  10.6009334   10.32786761
  10.11622385  10.01024468  10.04125232  10.34134042  10.4692884
  10.83747429  11.01332545  11.1025956   11.30081842  11.49026969
  11.88790259  12.2079722   11.82761894  11.64576964  11.51944867
  11.48800526  11.41476675  11.34666177  11.29714144  11.19583397
  11.11613587  11.25855212  11.23552283  11.06720417  11.05575069
  10.84122336  10.93915458  10.82411169  10.95509046  10.91406171
  10.4547293   10.10611275   9.84391761   9.71695617   9.26348617
   9.01500381   8.98620662   9.00941208   8.77991333   8.36609106
   8.06105591   7.74973669   7.70452863   7.34742981   6.95443954
   6.69062241   6.28653517   6.01498787   5.74687777   5.58598584
   5.51287824   5.52062631   5.64866261   5.74570536   5.95534653
   6.30672944   6.51641591   6.80149852   6.9940223    7.43541693
   8.06637165   8.51988494   8.55899729   8.9309372    9.10726181
   8.76041356   8.70847445   8.90457129   8.84891162   8.8485183
   8.64545772   8.27083091   8.05020265   7.8946039    7.66049814
   7.51610371   7.31937644   7.16779461   7.0408967    6.87129161
   6.67931531   6.36674786   6.0966495    5.83120446   5.51799619
   5.25015669   5.06976318   4.68130519   4.2518808    4.13349734
   4.04304961   3.95252854   4.01050933   4.04520215   4.22020222
   4.42939749   4.52078693   4.25379576   4.25107014   4.00184986
   3.70875647   3.47084267   3.50808183   3.65737042   3.76399233
   3.77952836   3.85331806   4.05102211   4.07541048   4.11094798
   4.30416224   4.39773534   4.77531429   5.02698708   5.1069905
   5.13720777   4.91329035   4.94895729   4.91771055   4.96263787
   4.91433746   4.91783718   5.00363803   5.11212604   5.14521324
   5.05747379   4.90277079   4.99532001   5.26885189   5.64356069
   5.94271025   6.15428396   6.53927432   7.03545224   6.84633912
   6.57014511   6.78126111   7.14563985   7.10834728   6.81212921
   6.65065452   6.16793902   5.7001578    5.7405413    6.18873633
   6.02715091   5.79791236   5.57174361   5.32656377   5.15361151
   5.16981468   5.25731364   5.41175156   5.523829     5.6440585
   5.95520409   5.97533113   6.01383007   5.96279998   5.83479062
   5.76215915   5.8536724    6.04388501   6.29899054   6.55338442
   6.80138344   6.97797495   7.05805196   7.23338418   7.30702799
   7.77864177   8.22275237   8.79763377   9.20731136   8.99250935
   8.83720498   8.97522948   9.1998671    9.172839     9.23676059
   9.38478383   9.75333473   9.90340872   9.84796102   9.88042163
   9.64066171   9.44805036   9.66199434   9.54145314   9.36398422
   9.45633222   9.48069585   9.23288079   9.46909708   9.68344161
   9.92264676  10.0786176   10.44743111  10.6827948   11.03911529
  11.14499244  11.33764546  11.73973073  11.90066972  11.99616466
  11.98047546  11.60307711  11.1153107   10.81017488  10.4693245
  10.35618283  10.24110949  10.00744739   9.86951748   9.91823512
   9.7974718    9.5897469    9.63023269   9.54330557   9.4899016
   9.34632592   9.11946834   9.04877191   8.96148473   9.15073165
   9.10959621   8.99903926   8.767391     8.69737316   8.74403896
   8.96680909   9.0598082    8.96859005   8.72246246   8.68339798
   8.49631227   8.44751461   8.40262392   8.36463248   8.26835406
   8.19706643   8.28779433   8.41239948   8.62547142   8.75301709
   8.98745723   9.06866858   9.18620881   9.39672369   9.69756672
   9.86251541  10.11457771  10.33136041  10.55703051  10.30643308
  10.13976334  10.11174508   9.99159641  10.03319848  10.04153092
  10.2566263   10.31780751  10.26891137  10.59345227  11.34762409
  11.6949656   12.00462882  12.27034449  11.88107816  11.59931066
  11.66991668  11.90192437  11.77064987  11.47714121  11.40736992
  11.40485379  11.36965016  11.24536984  11.07995914  11.04014061
  11.07071149  11.47161026  11.65232389  11.72125194  12.0831838
  12.41098166  12.61040548  12.64664864  12.82231484  13.32973441
  13.5707869   13.6110971   13.39818577  13.40736472  13.57043206
  13.83016587  13.88061622  14.12677     14.19152092  14.12111927
  13.64155212  13.32130081  12.59889045  12.11135011  12.15730561
  11.9225303   11.31894892  10.707084    10.38804533  10.33041302
  10.25023394  10.08183412  10.10737988  10.06536513   9.60930554
   9.33742977   9.33315827   9.44508923   9.46205223   9.35578069
   9.02821328   8.67085307   8.71572177   8.50279341   8.31713898
   8.11960971   8.04737362   7.90360113   7.80296073   7.72722563
   7.65662016   7.55390604   7.45324011   7.51471895   7.50739027
   7.53153621   7.69603397   7.69124667   7.37372798   7.44647618
   7.61559437   7.64311322   7.80121777   8.03032835   8.25430703
   8.53984074   8.9878831    9.05231233   9.09752561   9.20993566
   9.52187592   9.73969594  10.07132415  10.19463395  10.40506927
  10.61257067  10.96583391  11.20221404  11.33228618  11.16117063
  11.46195955  11.57114499  11.58129228  11.50775593  11.55191488
  11.49459267  11.34403095  11.29291631  11.43625304  11.59652084
  11.61935898  11.65689752  11.54163701  11.63235762  11.7563047
  11.72432359  11.38857409  11.2469898   11.21074252  11.09632495
  11.14090784  11.0170337   10.92263932  10.84552886  10.73348059
  10.70572241  10.87706638  10.98019631  11.18353491  11.40703076
  11.79198089  12.12728666  12.11407224  12.07189861  12.14181533
  12.2873124   12.68462433  12.82287245  12.60646563  12.87256333
  13.12634833  13.34841644  13.56504248  13.5438754   13.59111954
  13.77879917  13.89656547  14.00647219  14.01347618  14.03325022
  13.94290147  13.84655856  13.97928862  13.88196347  14.03587084
  14.20433557  13.94567795  13.75633906  13.97982646  14.20126301
  14.37836736  14.61458099  14.43280796  14.65700403  14.51321981
  14.21027159  14.49031511  15.14659698  15.97844617  16.13089368
  16.51182825  17.16048838  17.17723751  16.97812818  17.21681778
  17.59605423  17.39769782  17.37464029  17.26265643  17.12713278
  16.90469041  16.53985498  16.38874068  16.1553382   16.34605208
  16.86787278  16.80987947  16.63960407  16.95567662  16.64012523
  16.54181402  16.95233622  16.79965063  17.02540167  17.54277928
  17.67623975  17.58924394  16.98345487  17.1415438   17.32548077
  17.00359634  16.8447226   17.19359604  17.59898368  17.80829422
  18.07643238  17.98746366  17.97156311  18.1915085   18.95874975
  19.75753676  20.6830114   20.15746896  20.00777258  20.61467772
  21.25589644  21.21241444  20.5628718   20.21085565  19.37181461
  19.48624585  19.42229635  19.05471542  18.36465457  17.51128405
  17.35029706  17.22405582  17.01907955  17.13245542  16.95179429
  16.93510373  17.30819902  18.02379774  18.13754556  17.77041289
  17.88839702  18.47712913  19.16190537  19.32467194  19.71133253
  20.47701402  20.89325024  21.24045584  21.85526686  22.48329115
  22.99465941  23.54550118  23.42195786  23.4070038   23.16663667
  23.12945566  23.18454699  23.25039672  23.37985053  23.40249777
  23.22540494  22.77267063  22.77558646  22.69228274  22.21048627
  22.08670081  22.29925639  22.5684109   22.60402287  22.5047043
  22.16552745  22.59603092  22.58530649  22.59020251  22.81480932
  22.63013246  22.32470999  22.29704498  22.4105503   22.3295078
  22.26980242  22.30366368  22.43562651  22.50178585  22.62465092
  22.7844487   22.89225965  22.91418914  22.98976529  23.02461391
  23.07610094  23.2039107   23.36157627  23.56870016  23.75847473
  23.88898344  23.89350661  23.76879306  23.76209538  23.79298943
  23.75510374  23.7099017   23.30092834  23.05240418  22.82495241
  22.45915742  22.19001692  21.98206076  21.76531026  21.64289758
  21.55891523  21.51665775  21.50973183  21.57380506  21.55726345
  21.60079309  21.54139133  21.37244861  21.58478781  22.00687027
  22.15598728  22.3314775   22.72053616  22.98100594  23.09067037
  23.11703212  23.13746328  23.03001964  22.86776436  23.09568999
  23.27999104  23.05166399  22.95571605  22.88968672  22.76680276
  22.60836571  22.38242849  22.36050818  22.4315301   22.26250609
  22.38355561  22.88763231  23.43417569  23.84420205  24.44971067
  25.10887624  25.20255406  25.0944805   25.06860405  24.6991388
  24.28109871  24.31324259  23.72865602  23.82027897  24.3035062
  24.77899696  24.91729503  25.12203088  25.60936355  25.93329044
  25.97883184  26.02410298  26.28817862  26.60129207  26.68486008
  26.88971647  27.00702778  27.27693545  27.37659133  27.41974838
  27.69161174  27.95617136  28.29843702  28.82459413  29.16840866
  29.47481698  29.97301257  30.65813703  31.10238913  31.49419442
  32.01717036  32.48666966  32.79635986  33.36673862  33.70024348
  33.77837103  33.72862841  33.69203955  33.72770843  33.80440611
  33.76965102  33.69593674  33.71527983  33.68883322  33.65928695
  34.03643701  34.1975571   34.56966305  34.69469743  34.78727895
  34.8279218   34.88939007  34.73516601  34.7608526   34.85492923
  34.66766838  34.4384797   34.32741661  34.24954209  34.0773073
  34.09869411  34.51418549  34.73225251  34.73019794  34.58116644
  34.44701399  34.39898364  34.28920093  34.05084476  33.74763242
  33.67603189  33.77941703  34.06310923  34.06307879  33.98499174
  34.33213379  34.51511368  34.71462384  34.84523673  35.00270927
  35.09272278  35.12406656  35.31402179  35.45347353  35.53341067
  35.62681685  35.7969961   36.10252592  36.72395338  37.43877197
  38.0170242   38.39026127  38.71734044  39.04121728  39.58994714
  39.84789038  40.38608332  40.73535164  41.1462817   41.58429537
  41.77013093  41.95713739  42.3724339   42.6762798   42.78397504
  43.01745617  43.33956969  43.51058599  43.66573812  44.04925497
  44.38413344  44.81575494  45.04257142  45.15879027  45.69172152
  45.79649536  45.8592216   46.19784842  46.51751594  46.8869501
  47.05630854  47.13495755  47.23393387  47.33660511  47.63586549
  48.10783954  48.18108837  48.28446603  48.43100573  48.60634209
  49.02675132  49.08877198  48.81705812  48.88775494  49.09873697
  49.18222299  48.93454849  48.70406754  48.69399263  48.62008898
  48.58276202  48.50826981  48.10148851  48.16086942  48.27675619
  48.24267247  48.21205478  48.30689913  48.5813987   48.82960784
  49.09765441  49.26158729  49.4239137   49.86250081  49.99837015
  50.18860443  49.97531012  50.03097164  50.16028202  50.25336897
  50.27352636  50.11257917  50.10481137  50.12724359  49.98188561
  49.8772782   50.25488439  50.27126577  50.09386894  50.26504549
  50.66523518  50.92026708  50.94809974  51.0000805   51.19112216
  51.34647488  51.52928909  51.40262657  51.72926896  52.10639171
  52.22255552  52.43004506  52.68276389  52.5942234   52.81435454
  52.98209849  53.16557561  53.31445978  53.36539071  53.46586803
  53.36072562  53.16425706  53.15179689  52.87995745  53.18494051
  53.31604135  53.54070386  53.83307244  54.18688719  54.25888776
  54.14096314  53.95836629  54.10909338  54.37617675  54.43637173
  54.16981462  54.1983099   54.95915325  54.64608894  54.80626949
  54.98615358  55.58059713  55.96140778  56.14458663  56.25466527
  56.43937793  56.48573188  56.75847156  57.16466185  57.45697726
  57.41372187  57.60903758  57.83844316  58.06472985  58.30221338
  59.22997471  59.86023173  60.02113729  60.37265798  60.73090137
  61.38336674  61.59322813  61.74489759  61.76889139  62.11668911
  62.54010948  63.16764954  63.24414886  62.78959998  62.73496158
  63.20800153  63.51628372  63.73974502  64.16771965  64.51569685
  64.777422    64.92772354  65.50557638  66.48908823  67.85520116
  68.45292826  69.05007639  69.6349172   70.58411503  71.09785894
  71.54402987  72.04413818  72.67262093  73.65092272  74.57130439
  74.82034634  75.35353542  75.9246285   76.00887789  76.07290146
  76.25715383  76.28637118  76.50698269  76.78270301  77.36409191
  77.85591359  78.22978705  78.20773368  78.01188217  78.61015051
  79.25753946  79.491927    80.04136255  80.84845075  81.8861223
  82.33437346  82.60582997  82.89653155  83.24838653  83.81703847
  83.88410242  83.4755861   83.45539717  83.52302511  83.71346402
  83.9849394   84.32968591  84.43362807  84.38190631  84.89000061
  85.32266808  85.72209079  85.89599823  85.89168152  86.00695318
  86.22054277  86.26539888  86.31956163  87.11083798  87.20463231
  86.80379467  87.1019388   86.95496115  87.61867223  88.22590983
  87.87615129  87.43539468  87.07264612  86.4546222   85.69868053
  85.27750346  85.56866672  85.34213001  85.1111276   84.84886421
  84.73053118  84.85894723  85.44254994  86.30951806  87.29773991
  87.92094193  87.98726102  88.08080043  87.94243285  88.12159682
  88.47996659  88.91790379  89.55658947  90.65700221  91.79070568
  92.5268773   93.43716262  94.52363047  95.16963958  95.53042934
  96.03754593  96.83936888  97.76291934  98.58738409  99.11948496
  99.30317082  99.61771346  99.47665815  99.5524056   99.55325782
 100.11691808 100.36677286 100.82045068 101.14579353 101.43128599
 101.23725951 101.2619758  101.05058098 101.42629964 102.46377208
 103.47963514 104.05481775 104.37381005 104.68088819 104.90521955
 104.85768087 104.60087945 104.55022766 104.40300712 104.59091326
 104.58893384 104.27797514 104.37578438 104.26666127 104.28921005
 104.00858121 103.57188429 102.78362585 102.40352271 101.97104066
 101.60397976 101.09819067 100.35064399 100.27253984  99.9101035
  99.82834068 100.02138614 100.11908972 100.18362151 100.31244372
 100.37010243 100.63228671 100.65229225 100.98104723 101.21480668
 101.46196671 101.9340429  101.99266723 102.37366451 102.84242341
 102.99316089 102.77399463 102.29258173 101.93577044 102.68084888
 103.21226808 102.81660555 101.95328784 102.08675287 102.28074592
 102.49704763 102.62668601 102.92293823 103.06889555 102.81512557
 102.96149471 103.25824254 103.57760163 103.62948833 103.28170576
 103.28130212 103.43518872 103.3138468  103.15705448 103.3130666
 103.60940673 103.70138547 103.56472113 103.54580082 103.53328411
 103.61783191 103.39226878 103.59292787 104.43056796 105.39408277
 106.06261228 106.7065732  107.14219026 107.10968374 107.22126787
 107.25953433 107.33725107 107.26706445 106.88148371 106.62433532
 106.13695765 106.10313386 106.01276669 105.92029021 105.99936662]","[87.25468769 69.66486879 65.02973621 62.13740439 58.7708954  47.66650226
 50.21163829 32.67324404 40.76998376 37.55673107 32.72760506 29.63620555
 28.1679251  26.75695647 27.84210235 24.70102574 22.33370371 25.37985422
 27.4454516  25.14519445 22.51621464 22.58689652 24.08354603 25.37883212
 21.49103759 23.95299182 20.94175489 20.72189195 20.46848518 19.41967929
 19.58161739 20.06353446 17.25290558 19.97358402 16.86027941 17.0698797
 17.44673905 15.85801406 15.40522126 14.43512403 14.95653287 13.5480771
 13.12449662 11.70367421 11.27816383 11.60905723 12.20898865 10.91244162
 10.84481643 11.2929699  10.66087889  9.20096897 10.87158684  8.70277737
  9.22172482]"
n:error50 corrfield z2:72.0 z1:1224.0 data:pos,"[ 323.77123001  327.34071382  323.59507502  314.60192638  328.98273747
  322.56173424  327.22225759  320.54548323  337.24428521  354.36155663
  342.77476558  338.42941205  323.00912003  372.53836422  380.7290469
  376.19200847  409.41237482  388.6074435   414.12680893  420.47649363
  428.64939372  433.10467809  393.13656174  392.41563138  428.36283293
  427.87133588  475.23247624  461.97685878  502.34114182  476.39737544
  517.69860754  501.91609525  506.2516844   563.0996414   539.04638335
  569.04570273  630.27990235  577.21092843  648.76020126  566.41216446
  574.36487169  725.66879135  701.53879867  672.88820915  706.10477304
  763.09728039  745.16142779  833.69699989  823.16156148 1077.37796007
  714.3460393   744.9043782   605.60907867  638.14463096  731.63939279
  835.22625576  854.46778086  494.53150645]","[ 2.47031447e-01  2.40601543e-01  2.40020706e-01  2.33457952e-01
  2.35153601e-01  2.37133038e-01  2.32610734e-01  2.09592786e-01
  2.25328508e-01  2.12400948e-01  2.22705722e-01  2.11065459e-01
  2.09740474e-01  2.23556406e-01  2.26938125e-01  2.25609608e-01
  2.14968535e-01  2.16232665e-01  2.23772388e-01  2.10943583e-01
  2.16971641e-01  2.14628341e-01  2.00203456e-01  2.07576576e-01
  1.99145304e-01  1.99305217e-01  2.00147891e-01  2.04617476e-01
  2.00152463e-01  2.10185548e-01  2.08490814e-01  1.85506472e-01
  1.92143707e-01  1.81202680e-01  1.81354869e-01  1.78022650e-01
  1.91320522e-01  1.85634001e-01  1.88827936e-01  1.82306164e-01
  1.80386166e-01  1.87202510e-01  1.79536056e-01  1.78134654e-01
  1.77438194e-01  1.74203044e-01  1.70198833e-01  1.75235852e-01
  1.80488863e-01  1.70220306e-01  1.77396206e-01  1.74870449e-01
  1.66396817e-01  1.68223774e-01  1.59434292e-01  1.54352795e-01
  1.57969388e-01  1.59107692e-01  1.48807032e-01  1.54791209e-01
  1.61010821e-01  1.51394093e-01  1.51828419e-01  1.54514243e-01
  1.52787317e-01  1.44942107e-01  1.50771014e-01  1.46070140e-01
  1.41704458e-01  1.49591077e-01  1.44880465e-01  1.39246218e-01
  1.38432617e-01  1.35256782e-01  1.39387307e-01  1.34138117e-01
  1.33771864e-01  1.45514609e-01  1.35150614e-01  1.13763375e-01
  1.27330719e-01  1.35733504e-01  1.30527125e-01  1.29721938e-01
  1.28282973e-01  1.23575046e-01  1.34094776e-01  1.38692953e-01
  1.41208004e-01  1.45670226e-01  1.36811007e-01  1.46599238e-01
  1.34254396e-01  1.33478719e-01  1.30519860e-01  1.37780593e-01
  1.34033961e-01  1.30757370e-01  1.33070337e-01  1.23275719e-01
  1.30769162e-01  1.22922841e-01  1.30590056e-01  1.34936910e-01
  1.25696967e-01  1.27668633e-01  1.25153673e-01  1.32155906e-01
  1.21288641e-01  1.14264433e-01  1.26265208e-01  1.19109264e-01
  1.20503489e-01  1.19246751e-01  1.29273953e-01  1.09326066e-01
  1.18607276e-01  1.27638959e-01  1.14629267e-01  1.21693569e-01
  1.15891706e-01  1.06927855e-01  1.15796416e-01  1.09645391e-01
  1.13539943e-01  9.32731479e-02  1.08039981e-01  1.11888554e-01
  1.14599381e-01  1.32032781e-01  1.20007160e-01  1.18922980e-01
  1.20965878e-01  1.21182220e-01  1.21172012e-01  1.14958384e-01
  1.17173970e-01  1.21584907e-01  1.25068772e-01  1.27039317e-01
  1.25292886e-01  1.28690108e-01  1.25886817e-01  1.23400652e-01
  1.23748333e-01  1.21794930e-01  1.18804698e-01  1.16534819e-01
  1.19976455e-01  1.26746346e-01  1.23464587e-01  1.33497111e-01
  1.25585286e-01  1.28462596e-01  1.21573329e-01  1.13683799e-01
  1.17135185e-01  1.25825790e-01  1.17336719e-01  1.18932035e-01
  1.13926416e-01  1.18467645e-01  1.25771838e-01  1.23268273e-01
  1.15644625e-01  1.19598714e-01  1.24314832e-01  1.35682538e-01
  1.27616492e-01  1.24773829e-01  1.14584497e-01  1.11861313e-01
  1.09818568e-01  1.08050032e-01  9.75210308e-02  9.88130638e-02
  1.08887740e-01  1.04373461e-01  1.05723554e-01  1.07623690e-01
  1.05266675e-01  9.80854292e-02  9.36854544e-02  1.04334340e-01
  1.01583228e-01  9.88104585e-02  9.44850578e-02  9.52002838e-02
  9.08775122e-02  9.25471634e-02  9.37470295e-02  9.15974694e-02
  9.41625222e-02  8.75655866e-02  8.20522811e-02  8.96137345e-02
  8.36799431e-02  8.89754664e-02  8.85786363e-02  9.68437112e-02
  1.02647241e-01  9.83607396e-02  9.01866852e-02  9.04957423e-02
  8.98704517e-02  8.54254718e-02  8.48917819e-02  9.64499272e-02
  9.48260385e-02  8.97307014e-02  9.30380857e-02  8.90749340e-02
  8.17795028e-02  7.83643293e-02  7.91178933e-02  9.21725725e-02
  9.10558638e-02  9.89684911e-02  1.00881462e-01  1.04119581e-01
  1.10579762e-01  1.05397941e-01  9.31465777e-02  9.60610494e-02
  8.58091323e-02  7.14814603e-02  7.94852539e-02  9.01737658e-02
  1.05214572e-01  8.87000382e-02  8.64495878e-02  7.94965658e-02
  9.23998082e-02  8.92677413e-02  7.53327364e-02  6.61474506e-02
  8.01562268e-02  8.68130196e-02  9.14625909e-02  9.25107560e-02
  9.97644177e-02  9.61546439e-02  8.94060152e-02  1.03480142e-01
  9.56307428e-02  8.49960436e-02  1.01372001e-01  9.92950471e-02
  1.08758093e-01  1.15980786e-01  1.07643626e-01  9.95252989e-02
  1.04762946e-01  1.10951469e-01  1.11403959e-01  9.06970296e-02
  1.05595448e-01  1.12133355e-01  1.16525257e-01  1.15742589e-01
  1.07469283e-01  1.22794290e-01  1.25052237e-01  1.40079920e-01
  1.30627129e-01  1.18783308e-01  1.25102550e-01  1.39749856e-01
  1.36743588e-01  1.30894270e-01  1.32862059e-01  1.39540171e-01
  1.35102862e-01  1.25310032e-01  1.28780025e-01  1.06642411e-01
  1.17098810e-01  1.30841867e-01  1.34039921e-01  1.33167796e-01
  1.37809068e-01  1.23979023e-01  1.32567754e-01  1.28093838e-01
  1.24821844e-01  1.22309563e-01  1.11056131e-01  1.26491178e-01
  1.24218168e-01  1.19057997e-01  1.09884728e-01  1.10025597e-01
  1.02116108e-01  1.10697378e-01  1.03915178e-01  8.80435119e-02
  8.93913572e-02  1.00734200e-01  1.02060148e-01  9.93698482e-02
  1.04653911e-01  1.10835220e-01  1.10152225e-01  1.11189152e-01
  1.06377880e-01  1.05896106e-01  1.04700363e-01  1.08563847e-01
  1.10784991e-01  1.09938289e-01  1.15741050e-01  1.07594277e-01
  1.03425674e-01  1.03245257e-01  1.08072658e-01  9.34270320e-02
  9.46435683e-02  1.15812121e-01  1.10668516e-01  1.07329557e-01
  1.14421113e-01  1.10732607e-01  1.10701784e-01  1.03840333e-01
  1.05292966e-01  1.02567316e-01  1.13728639e-01  1.15995302e-01
  1.30802929e-01  1.29966100e-01  1.32343028e-01  1.35109960e-01
  1.40540191e-01  1.43788120e-01  1.46128545e-01  1.42677362e-01
  1.42456410e-01  1.41140182e-01  1.44239753e-01  1.49202736e-01
  1.52190664e-01  1.47292085e-01  1.45948810e-01  1.45336689e-01
  1.41429641e-01  1.27882781e-01  1.49628051e-01  1.52756053e-01
  1.51589763e-01  1.61965889e-01  1.61755509e-01  1.68633010e-01
  1.61283345e-01  1.62414116e-01  1.56963609e-01  1.49966482e-01
  1.64270536e-01  1.63181072e-01  1.62212839e-01  1.75546146e-01
  1.83096534e-01  1.82788078e-01  1.85816329e-01  1.94728516e-01
  1.95433620e-01  1.96183765e-01  1.98478580e-01  1.97089473e-01
  2.02824310e-01  2.01343168e-01  1.95399168e-01  2.00358701e-01
  1.96861362e-01  1.93409906e-01  1.80023470e-01  1.60178245e-01
  1.76970804e-01  1.85675790e-01  1.92526711e-01  1.96879486e-01
  1.95696422e-01  1.99878387e-01  1.96104297e-01  1.98142787e-01
  2.05535911e-01  1.97153044e-01  1.97673935e-01  2.03213404e-01
  1.90037066e-01  1.93431986e-01  1.86334265e-01  1.73293078e-01
  1.75809797e-01  1.71166743e-01  1.61343537e-01  1.30029539e-01
  1.59025795e-01  1.65261728e-01  1.58182091e-01  1.68275560e-01
  1.67214880e-01  1.70658979e-01  1.66994325e-01  1.61264179e-01
  1.52223769e-01  1.29014036e-01  1.42878965e-01  1.66087157e-01
  1.74793344e-01  1.86265662e-01  1.80671965e-01  1.88289542e-01
  1.97540274e-01  2.11485998e-01  2.20186172e-01  2.28368144e-01
  2.25439218e-01  2.17262340e-01  2.10897276e-01  2.03805264e-01
  2.01879947e-01  1.98734919e-01  2.00502774e-01  1.91926790e-01
  1.98919640e-01  2.04090270e-01  1.90537982e-01  1.89951212e-01
  1.79563859e-01  1.75320936e-01  1.59291291e-01  1.66143849e-01
  1.61305401e-01  1.60668589e-01  1.55400849e-01  1.56816567e-01
  1.46263854e-01  1.35864723e-01  1.39243683e-01  1.33316598e-01
  1.41630950e-01  1.37686168e-01  1.42793163e-01  1.49535001e-01
  1.49096622e-01  1.66088887e-01  1.58128946e-01  1.54438350e-01
  1.50287947e-01  1.50495933e-01  1.55082585e-01  1.55884645e-01
  1.53883873e-01  1.68771986e-01  1.77005255e-01  2.01504932e-01
  1.77858207e-01  1.68124970e-01  1.50768062e-01  1.46395221e-01
  1.50691722e-01  1.48447561e-01  1.60041867e-01  1.59883771e-01
  1.57914891e-01  1.80169493e-01  1.64003813e-01  1.50696159e-01
  1.42919648e-01  1.31432292e-01  1.32022263e-01  1.37410927e-01
  1.45369347e-01  1.59839826e-01  1.78406037e-01  2.24023226e-01
  1.81445587e-01  1.53970363e-01  1.49163653e-01  1.49943290e-01
  1.45064556e-01  1.46976578e-01  1.55897315e-01  1.71651039e-01
  1.89141385e-01  2.22452775e-01  1.94104385e-01  1.81576566e-01
  1.79465282e-01  1.77840647e-01  1.91221809e-01  2.07291132e-01
  2.20198110e-01  2.47363135e-01  2.96042961e-01  4.02867074e-01
  2.97292425e-01  2.42421223e-01  2.08107231e-01  1.94732806e-01
  1.72864098e-01  1.67808627e-01  1.60081636e-01  1.63254281e-01
  1.57557409e-01  1.51195173e-01  1.60907532e-01  1.62756974e-01
  1.46388132e-01  1.57144673e-01  1.53145293e-01  1.51479525e-01
  1.51210296e-01  1.53795090e-01  1.55859870e-01  1.51751153e-01
  1.50487329e-01  1.35642654e-01  1.38707400e-01  1.20426925e-01
  1.17894896e-01  1.00390678e-01  9.58387442e-02  9.03765347e-02
  8.07336999e-02  3.83610787e-02  6.77736310e-02  8.43304825e-02
  8.26236310e-02  9.53430017e-02  9.61727831e-02  8.91690207e-02
  8.37309582e-02  7.92068747e-02  6.86266762e-02  4.93390335e-02
  6.40875740e-02  6.66583367e-02  7.33087593e-02  8.51358390e-02
  9.33854062e-02  9.03249223e-02  9.13987694e-02  8.87948560e-02
  9.64831859e-02  1.02130909e-01  9.85135575e-02  1.01124273e-01
  1.10580852e-01  1.08098631e-01  1.20597747e-01  1.14106895e-01
  1.29373254e-01  1.28858443e-01  1.53898795e-01  1.71815027e-01
  1.43739049e-01  1.25730369e-01  1.16819954e-01  1.19484649e-01
  1.16205885e-01  1.20259020e-01  1.21032517e-01  1.24048949e-01
  1.35115281e-01  1.65871525e-01  1.19072596e-01  9.89004666e-02
  9.54197450e-02  5.84787233e-02  4.69245631e-02  3.43664391e-02
  1.56069610e-02 -4.97078260e-03 -4.02809890e-02 -9.51294418e-02
 -3.91231188e-02 -1.63538003e-02  6.63764619e-03  1.74736413e-02
  1.35435338e-02  3.17278783e-02  2.90647882e-02  2.96187246e-02
  2.38344996e-02  2.53487468e-02  3.54080740e-02  3.70290928e-02
  4.47119287e-02  4.35278028e-02  4.93517103e-02  4.22763301e-02
  4.65072057e-02  4.63011997e-02  4.54184295e-02  5.30995663e-02
  5.49226594e-02  5.19168215e-02  5.15816159e-02  5.46858879e-02
  6.10373637e-02  5.41119132e-02  5.60529307e-02  5.19091854e-02
  4.88265527e-02  4.21585235e-02  4.20796670e-02  3.72495076e-02
  4.39317422e-02  4.36681222e-02  4.79990108e-02  4.91811740e-02
  4.78146206e-02  5.24200007e-02  4.28191997e-02  3.96050364e-02
  4.52709987e-02  5.29995101e-02  4.76224983e-02  5.31798155e-02
  5.37177745e-02  4.00508545e-02  5.52790102e-02  5.48376869e-02
  4.12679889e-02  4.10110900e-02  4.28790971e-02  4.94201210e-02
  3.21635296e-02  4.32119194e-02  2.61395278e-02  3.08515054e-02
  4.62447955e-02  4.36417927e-02  4.53318255e-02  4.23576476e-02
  4.47455976e-02  5.16037263e-02  5.14000360e-02  4.38966182e-02
  5.34723802e-02  3.59364410e-02  4.43951753e-02  3.83763683e-02
  3.86770732e-02  2.90773076e-02  1.82734525e-02  3.38574651e-02
  2.97950172e-02  4.43954461e-02  2.37420084e-02  3.13413158e-02
  2.33399932e-02  2.25338721e-02  2.71714175e-02  1.38871827e-02
  1.82635603e-02  2.23246763e-02  1.90630595e-02  2.17494289e-02
  2.46658614e-02  1.54565170e-02  1.83410198e-02  2.04952937e-02
  1.19225604e-02  1.74172710e-02  1.33009430e-02  1.87304259e-02
  2.15925671e-02  2.05211149e-02  1.84926523e-02  2.72672645e-02
  2.60255912e-02  2.85902772e-02  2.46606519e-02  1.83999931e-02
  2.06358206e-02  2.21081827e-02  1.66353191e-02  2.14466900e-02
  1.40086553e-02  1.63335775e-02  2.16443962e-02  2.05325054e-02
  1.04301913e-02  1.13038421e-02  2.02423549e-02  1.56173391e-02
  1.14006175e-02  1.39171694e-02  1.49535217e-02  1.59107545e-02
  9.30316397e-03  9.40821166e-03  8.10741674e-03  2.42735775e-02
  1.03470425e-02  1.26996392e-02  1.08065822e-02  7.74451393e-03
  1.75808399e-02  1.60166381e-02  1.22000190e-02  1.44601860e-02
  1.72007982e-02  2.04130392e-02  1.57586617e-02  1.55929703e-02
  2.02237112e-02  1.78943174e-02  2.02643116e-02  5.45262011e-03
  1.50892554e-02  1.05368628e-02  1.98304046e-02  1.66604704e-02
  1.20144681e-02  1.27777036e-02  1.64374664e-02  1.56462961e-02
  8.96054184e-03  1.83839832e-02  1.27155446e-02  8.94664832e-03
 -3.92358180e-04  2.95518948e-03  9.50227328e-03  1.21397057e-02
  1.98594288e-03  2.09063753e-03  4.14796924e-03  2.47964086e-03
  2.89708279e-03 -9.18493167e-04 -1.55581526e-02  4.81250226e-03
 -3.70449509e-04  2.57921129e-03  1.18246886e-02  4.24929460e-03
  3.99516270e-03  9.99209493e-03  4.34929476e-03  1.24598974e-02
  3.24624387e-03  1.08355260e-02  3.11403743e-03  2.65556092e-03
 -1.99266054e-04  8.54492724e-03  9.64874324e-03  6.20880197e-03
  1.70127219e-02  2.87758174e-02  1.74436457e-02  1.93015631e-02
  1.94936591e-02  2.27003764e-02  2.72462738e-02  3.15504146e-02
  3.59867994e-02  3.61006424e-02  3.65022838e-02  3.72260375e-02
  3.35462278e-02  3.26592834e-02  3.34958886e-02  4.03650640e-02
  3.26775801e-02  3.39288928e-02  3.10684351e-02  3.40520076e-02
  3.69212684e-02  3.43321841e-02  3.83789177e-02  4.80661856e-02
  4.52137403e-02  4.96996154e-02  5.74062927e-02  5.81703624e-02
  5.53875477e-02  5.30532667e-02  5.07256127e-02  5.37550563e-02
  5.49783141e-02  5.36402405e-02  5.36310468e-02  4.60021747e-02
  6.15626067e-02  5.62965163e-02  5.72271691e-02  6.02634312e-02
  5.99183520e-02  5.74250184e-02  5.97771148e-02  5.79358099e-02
  6.27190796e-02  5.75281034e-02  6.50466399e-02  6.51547445e-02
  5.92748869e-02  6.41001559e-02  6.19341224e-02  5.51912261e-02
  6.08221638e-02  5.67083783e-02  5.14306162e-02  5.41510702e-02
  5.46514218e-02  6.54699611e-02  6.43823123e-02  5.67020730e-02
  6.51868096e-02  6.44181535e-02  5.64058146e-02  4.76903659e-02
  5.22802713e-02  5.61603597e-02  5.84902770e-02  6.45914597e-02
  5.49897374e-02  5.80250104e-02  5.01188140e-02  4.26765395e-02
  4.79375151e-02  4.97256103e-02  4.87185760e-02  5.15821454e-02
  5.06256615e-02  5.06954350e-02  4.61998971e-02  5.37493584e-02
  5.12605052e-02  4.58588687e-02  4.51492696e-02  3.96068631e-02
  3.61799133e-02  4.42485838e-02  4.28040778e-02  3.61916500e-02
  3.13729724e-02  4.70257560e-02  3.94909373e-02  3.31835378e-02
  4.52496035e-02  4.42418780e-02  4.00987249e-02  3.63715079e-02
  4.42991749e-02  4.88656047e-02  4.60253254e-02  4.21127017e-02
  3.82558667e-02  4.15512196e-02  5.10473735e-02  4.49474228e-02
  4.36811046e-02  3.92927532e-02  3.80980346e-02  4.71893045e-02
  3.64084180e-02  4.26877408e-02  4.57176164e-02  3.98800091e-02
  4.25100733e-02  5.01527636e-02  6.22233361e-02  6.06605409e-02
  5.65135584e-02  5.40249713e-02  6.40641534e-02  6.60372443e-02
  6.11227828e-02  5.91687385e-02  6.01763476e-02  7.44085124e-02
  7.48202448e-02  7.35271871e-02  7.53990420e-02  7.21846354e-02
  7.83034052e-02  7.08777832e-02  7.99613350e-02  8.71332684e-02
  7.13610313e-02  8.37288456e-02  8.08603324e-02  8.55095876e-02
  8.23029829e-02  7.76383371e-02  7.78274864e-02  7.97262362e-02
  7.42127472e-02  7.40071247e-02  7.95635568e-02  7.29901378e-02
  7.19613432e-02  8.39570428e-02  9.25881831e-02  7.98778441e-02
  9.56785967e-02  9.51685044e-02  9.21677231e-02  9.25441821e-02
  9.58422261e-02  9.10001066e-02  1.00401616e-01  1.11796679e-01
  1.08499440e-01  1.06704899e-01  1.04274859e-01  1.05643442e-01
  1.05581657e-01  1.04124379e-01  1.07930191e-01  1.16067168e-01
  1.10298268e-01  1.19972765e-01  1.10262330e-01  1.06032697e-01
  1.26527988e-01  1.23932849e-01  1.24379635e-01  1.28380291e-01
  1.29318203e-01  1.33241731e-01  1.23591633e-01  1.23496985e-01
  1.23536521e-01  1.30992939e-01  1.32420197e-01  1.35881815e-01
  1.45055980e-01  1.48605170e-01  1.42749786e-01  1.40787819e-01
  1.56923746e-01  1.53768089e-01  1.47125659e-01  1.55516503e-01
  1.60207468e-01  1.63232507e-01  1.65641413e-01  1.68882962e-01
  1.69430228e-01  1.73518460e-01  1.68560919e-01  1.75572024e-01
  1.70991459e-01  1.88159136e-01  1.75484905e-01  1.74330246e-01
  1.73830657e-01  1.79287335e-01  1.72965602e-01  1.80564406e-01
  1.71049101e-01  1.77804752e-01  1.77491811e-01  1.86230759e-01
  1.93902298e-01  1.92384323e-01  1.91738011e-01  1.89935848e-01
  1.89222665e-01  1.92243783e-01  1.88943163e-01  1.80290070e-01
  1.80635936e-01  1.84430450e-01  1.75081308e-01  1.77726419e-01
  1.78048713e-01  1.72387991e-01  1.78666758e-01  1.83443016e-01
  1.75371797e-01  1.69467489e-01  1.70338650e-01  1.69528220e-01
  1.63559236e-01  1.69092067e-01  1.71203242e-01  1.66529526e-01
  1.70767405e-01  1.60666135e-01  1.64005642e-01  1.71126665e-01
  1.67318427e-01  1.59279571e-01  1.65412135e-01  1.63277306e-01
  1.71832514e-01  1.69104491e-01  1.59067599e-01  1.64333944e-01
  1.61731908e-01  1.65935951e-01  1.62355932e-01  1.62120755e-01
  1.57594221e-01  1.58750467e-01  1.67764980e-01  1.57278561e-01
  1.60483310e-01  1.55120863e-01  1.43326299e-01  1.47684295e-01
  1.45934921e-01  1.59450521e-01  1.50548402e-01  1.38548624e-01
  1.47756001e-01  1.43217262e-01  1.34183322e-01  1.35551264e-01
  1.34132768e-01  1.33905792e-01  1.31528587e-01  1.27299210e-01
  1.35274342e-01  1.33987053e-01  1.41082879e-01  1.35671715e-01
  1.37458221e-01  1.37785078e-01  1.34013730e-01  1.42102695e-01
  1.24129864e-01  1.27981451e-01  1.29684582e-01  1.27559997e-01
  1.33339824e-01  1.29172823e-01  1.25752608e-01  1.21958641e-01
  1.24570661e-01  1.32315407e-01  1.32692142e-01  1.26644309e-01
  1.33637747e-01  1.35191692e-01  1.34374453e-01  1.26176565e-01
  1.20048237e-01  1.25030140e-01  1.23661513e-01  1.27659194e-01
  1.30229346e-01  1.18323202e-01  1.19754893e-01  1.22445762e-01
  1.24417122e-01  1.28691457e-01  1.33064187e-01  1.30574286e-01
  1.25866643e-01  1.23391058e-01  1.23623775e-01  1.26307254e-01
  1.26908703e-01  1.31762111e-01  1.37368186e-01  1.29625818e-01
  1.27668513e-01  1.33841684e-01  1.24145469e-01  1.32013052e-01
  1.40022091e-01  1.30946153e-01  1.33067786e-01  1.32709206e-01
  1.32548764e-01  1.36441098e-01  1.34476704e-01  1.36779678e-01
  1.39123082e-01  1.42959875e-01  1.40820539e-01  1.50828591e-01
  1.49920922e-01  1.50130984e-01  1.55601962e-01  1.52984014e-01
  1.54205666e-01  1.53773760e-01  1.57194519e-01  1.46454706e-01
  1.56414372e-01  1.56707255e-01  1.59503720e-01  1.48876611e-01
  1.56888999e-01  1.60805974e-01  1.68273586e-01  1.58019102e-01
  1.66867836e-01  1.63235383e-01  1.61409710e-01  1.63036362e-01
  1.69553844e-01  1.73605960e-01  1.78797699e-01  1.76549949e-01
  1.69214593e-01  1.71091048e-01  1.71354125e-01  1.84073546e-01
  1.76662836e-01  1.76975656e-01  1.81807621e-01  1.80892362e-01
  1.87073435e-01  1.82804023e-01  1.86917530e-01  1.86124999e-01
  1.92208849e-01  1.93717316e-01  1.91285698e-01  1.92946728e-01
  1.81996253e-01  1.85378779e-01  1.83854287e-01  1.84924069e-01
  1.95979580e-01  1.90071122e-01  1.88736379e-01  1.94445957e-01
  1.98134691e-01  2.00706179e-01  1.93132465e-01  2.01902544e-01
  1.87673417e-01  1.97141248e-01  2.03730042e-01  1.99926969e-01
  1.95299560e-01  1.93692494e-01  1.98677054e-01  2.02414269e-01
  2.06282259e-01  1.99765018e-01  2.00094796e-01  2.02906052e-01
  2.08487095e-01  2.10985646e-01  2.10504592e-01  1.99244747e-01
  2.12844095e-01  2.12253607e-01  2.07454541e-01  2.03625831e-01
  2.18095167e-01  2.14153153e-01  2.13424523e-01  2.20474028e-01
  2.23814947e-01  2.13554171e-01  2.20596478e-01  2.27620314e-01
  2.17394213e-01  2.20540376e-01  2.28306035e-01  2.31098266e-01
  2.23696226e-01  2.26248739e-01  2.23298669e-01  2.33778168e-01
  2.37217883e-01  2.41142635e-01  2.35531080e-01  2.27789583e-01
  2.29344985e-01  2.32992791e-01  2.45379757e-01  2.38313846e-01
  2.42425510e-01  2.40342878e-01  2.40625217e-01  2.42809653e-01
  2.40467598e-01  2.33309251e-01  2.37483487e-01  2.43486604e-01
  2.43976883e-01  2.54888092e-01  2.55103131e-01  2.61843337e-01
  2.56584685e-01  2.53454857e-01  2.64151501e-01  2.59177367e-01
  2.70046650e-01  2.63643017e-01  2.70206768e-01  2.68581895e-01
  2.68029613e-01  2.70479503e-01  2.63722581e-01  2.65991824e-01
  2.83066723e-01  2.77431704e-01  2.80647145e-01  2.76413512e-01
  2.68817509e-01  2.67808852e-01  2.60936625e-01  2.63382197e-01
  2.62462877e-01  2.66929030e-01  2.62804080e-01  2.59814942e-01
  2.57410721e-01  2.62802621e-01  2.58540907e-01  2.54743151e-01
  2.47304516e-01  2.52838440e-01  2.54549373e-01  2.51373620e-01
  2.46096021e-01  2.44841534e-01  2.41395852e-01  2.48159276e-01
  2.45148960e-01]","[0.17366052 0.16428133 0.15418171 0.17528426 0.2019681  0.18932224
 0.19532981 0.20937175 0.16118308 0.20027654 0.15794187 0.2065575
 0.20841423 0.16776919 0.14902287 0.13619335 0.16603961 0.14724155
 0.13401692 0.17599025 0.14743883 0.13590308 0.16862346 0.1398606
 0.16963736 0.17074249 0.19318791 0.16321384 0.13166551 0.14383372
 0.11503789 0.14396255 0.12676309 0.14503105 0.14198068 0.16803261
 0.14712175 0.15774826 0.1439542  0.14188312 0.16972264 0.15475937
 0.13606946 0.15263891 0.15434431 0.1447296  0.13884115 0.14845689
 0.1532657  0.14839481 0.12090587 0.10591554 0.14639259 0.15843602
 0.17039715 0.15246639 0.17271666 0.16599716 0.16520057 0.15522377
 0.14408293 0.16512709 0.1565953  0.15408234 0.14362452 0.14104188
 0.16245077 0.15381236 0.17615995 0.15659649 0.18718748 0.20055484
 0.17518059 0.18448783 0.17050146 0.16412482 0.18166577 0.13064709
 0.15245269 0.2076287  0.16602436 0.16213848 0.17154021 0.19649747
 0.17580775 0.19782805 0.15386646 0.15445882 0.16801237 0.15243831
 0.17983374 0.15245212 0.1463162  0.1354972  0.14281851 0.12211378
 0.14389069 0.163511   0.16634862 0.17461142 0.14080158 0.1469267
 0.16134545 0.10592253 0.1354352  0.14075637 0.14211662 0.12796791
 0.15129057 0.18536515 0.15392239 0.15914041 0.15468881 0.14528869
 0.17778344 0.1693767  0.16589781 0.13815158 0.1639915  0.17240623
 0.17453137 0.20350133 0.18732638 0.17000997 0.12828221 0.15793843
 0.17527792 0.16287134 0.15651929 0.14583335 0.14671882 0.14290889
 0.1246004  0.1314389  0.15092528 0.16018556 0.15283027 0.15167169
 0.12974914 0.15749741 0.13106898 0.14413813 0.14684047 0.13824167
 0.14876151 0.15229964 0.18468728 0.19594593 0.18636855 0.17510509
 0.17011064 0.16760633 0.16459799 0.14508606 0.14061292 0.16014748
 0.14867797 0.1430824  0.16022501 0.14757232 0.15898403 0.14825021
 0.15191183 0.13310811 0.15426189 0.15933766 0.12654435 0.11966848
 0.10814431 0.13019869 0.12455569 0.1411384  0.16685417 0.15766623
 0.14469177 0.11698951 0.12503081 0.15764229 0.16308122 0.16291786
 0.15151413 0.16618687 0.14730671 0.11666897 0.12452456 0.12406401
 0.14938191 0.12144445 0.15108282 0.16085071 0.16179454 0.16073065
 0.15953722 0.14511891 0.14550029 0.14160671 0.16962362 0.16019299
 0.16975553 0.17242023 0.18772026 0.16412817 0.19105972 0.19391736
 0.1764835  0.16089707 0.17899465 0.16513194 0.1670259  0.15561609
 0.16285912 0.14336957 0.16721927 0.17188017 0.1671513  0.1266956
 0.1569644  0.18001319 0.15879204 0.15030398 0.14863111 0.14707758
 0.16233653 0.14976251 0.12520739 0.14011424 0.13432749 0.14779462
 0.11437465 0.17385893 0.19123471 0.15396419 0.11670847 0.14679294
 0.1620516  0.1454856  0.15455428 0.14729936 0.13235346 0.14660708
 0.16427718 0.15410316 0.19691354 0.16690557 0.16370898 0.1669459
 0.15351467 0.14303109 0.16851098 0.16061822 0.17212624 0.18734672
 0.16739167 0.15631814 0.14843484 0.15267662 0.15917765 0.16180784
 0.16091448 0.15517918 0.2078444  0.19355148 0.15577731 0.11860536
 0.12207563 0.13282739 0.17678104 0.17562869 0.16869475 0.14416327
 0.13600731 0.11079737 0.14722653 0.17088163 0.16891678 0.17423379
 0.15895854 0.14429131 0.15894221 0.1411636  0.15550054 0.15549734
 0.1521912  0.16606332 0.16076569 0.14060116 0.15515531 0.12600269
 0.13250177 0.15391274 0.18342319 0.18767178 0.17330722 0.15629628
 0.15305989 0.17726984 0.19251971 0.15166544 0.17690841 0.17534019
 0.13513476 0.10443665 0.13082406 0.16905832 0.16511395 0.15560048
 0.15038573 0.15995471 0.14221929 0.13018649 0.11923083 0.15370218
 0.13879301 0.11652511 0.1361352  0.12626935 0.1593704  0.13272846
 0.12432925 0.15104328 0.12129657 0.13578567 0.15926998 0.16913713
 0.16685662 0.11725116 0.12606254 0.15406775 0.12766172 0.1455988
 0.14073305 0.16090143 0.15582964 0.13900045 0.12149597 0.12016341
 0.1498863  0.13594598 0.1353442  0.12133235 0.10833976 0.1295758
 0.16114355 0.19501911 0.15155837 0.14867745 0.15982707 0.15508406
 0.16453786 0.15209047 0.14739226 0.1646495  0.1577238  0.16583042
 0.14297568 0.13793726 0.1317759  0.13633564 0.14210649 0.13957298
 0.14578016 0.12502671 0.12987732 0.15663157 0.12576212 0.12120367
 0.13294116 0.14721232 0.14412921 0.14561391 0.15110336 0.12378027
 0.13847652 0.12464562 0.14583093 0.15159068 0.13339257 0.15623611
 0.17107598 0.1313231  0.13401376 0.14424702 0.13467782 0.15283314
 0.14841272 0.15167334 0.16368403 0.14686192 0.13922529 0.116493
 0.14866712 0.15661857 0.13756327 0.15224078 0.15084044 0.14879174
 0.12368652 0.12084961 0.13300164 0.13784557 0.13862571 0.12524193
 0.13976485 0.15402291 0.16878602 0.17452632 0.19644265 0.17897805
 0.15872698 0.1716564  0.1650699  0.15508914 0.16597102 0.13171871
 0.12255175 0.14614419 0.11347173 0.11674684 0.11843366 0.14472206
 0.13664095 0.14129639 0.15051817 0.188577   0.1711099  0.14106875
 0.15135159 0.14387967 0.16191507 0.17698782 0.20390729 0.18576979
 0.18023417 0.1485095  0.1840406  0.16563292 0.17950554 0.20019265
 0.15799491 0.16979485 0.14269011 0.15587008 0.160072   0.12960293
 0.13853464 0.12552548 0.11904377 0.13992134 0.13489755 0.12083875
 0.10837019 0.11164433 0.15252188 0.14525582 0.13281317 0.12309818
 0.14255261 0.11935421 0.15528123 0.14342522 0.15689946 0.13464245
 0.14858086 0.15959163 0.13900477 0.15485959 0.1559425  0.16077992
 0.16000372 0.16150056 0.15944023 0.15120719 0.15280939 0.13192445
 0.14908714 0.12303944 0.13040481 0.16575049 0.14199509 0.13867714
 0.15689312 0.14507957 0.14615817 0.14796489 0.14645235 0.15984616
 0.1463946  0.18086971 0.17819987 0.14725354 0.15388003 0.12645504
 0.14162548 0.12966157 0.12845734 0.11003896 0.12020613 0.1157474
 0.15310837 0.17691891 0.18580203 0.15384759 0.13732393 0.13552807
 0.15401333 0.16082772 0.14216296 0.12852401 0.17281587 0.13167219
 0.12310781 0.14686345 0.13708909 0.12262078 0.13526489 0.12646433
 0.1055764  0.11021219 0.08714276 0.10657019 0.09398315 0.14700514
 0.14584178 0.16415183 0.16512685 0.16456583 0.1445519  0.1498625
 0.16993503 0.14401078 0.17242792 0.1627938  0.16440476 0.17592766
 0.15337141 0.14684848 0.1651629  0.19214834 0.17572288 0.15886272
 0.173712   0.16469114 0.15265611 0.15153924 0.14087998 0.13699257
 0.15207551 0.15106038 0.09572809 0.11673631 0.09533842 0.10983432
 0.12186588 0.12008073 0.10876991 0.13126074 0.11151519 0.12248324
 0.14558624 0.13771243 0.15014811 0.14507062 0.15319664 0.14925407
 0.13609494 0.11068028 0.14380613 0.14245629 0.12567069 0.14833852
 0.15171278 0.15462561 0.13471414 0.15217293 0.15520791 0.16215796
 0.12333723 0.1400741  0.14872543 0.1305323  0.1360313  0.12139713
 0.13333027 0.1501253  0.16791447 0.16308453 0.13845143 0.13345055
 0.12499754 0.1113759  0.11338965 0.12018707 0.12962704 0.12693687
 0.12954058 0.13447285 0.15257728 0.12714704 0.13841304 0.12466174
 0.10682745 0.1341731  0.11175321 0.10468414 0.11499607 0.15588641
 0.17311227 0.179281   0.18262587 0.16893176 0.14468328 0.11913551
 0.11448672 0.11785785 0.10546427 0.12607137 0.09454535 0.08288375
 0.12689514 0.0968966  0.12601874 0.12002039 0.09493742 0.10773577
 0.12930955 0.1076509  0.13303517 0.14197136 0.15776551 0.15151163
 0.1859425  0.1960977  0.16395957 0.14721231 0.14011708 0.17098419
 0.16842399 0.15074136 0.16375209 0.18372275 0.14609246 0.16843719
 0.14199486 0.16253025 0.15437421 0.17257858 0.20792971 0.16471324
 0.17526357 0.17423017 0.17724549 0.15552296 0.138817   0.14422087
 0.15763518 0.17741103 0.15339842 0.15414908 0.13082866 0.13655299
 0.12768686 0.14802234 0.16407596 0.14721662 0.17641833 0.15818917
 0.15859415 0.1331954  0.11090878 0.13668591 0.143089   0.15866455
 0.1556668  0.15278764 0.17229692 0.17580582 0.16928092 0.16643229
 0.17065662 0.15651207 0.16259943 0.16127035 0.14482743 0.17209607
 0.18768626 0.1873477  0.15915522 0.14093295 0.1393611  0.14064465
 0.12768581 0.12810284 0.158908   0.17026037 0.15521588 0.17055241
 0.15153997 0.12093672 0.13485892 0.15320124 0.12709036 0.12822723
 0.13772978 0.13403159 0.13219463 0.11911139 0.12482998 0.1121841
 0.0828087  0.10113949 0.11042057 0.16768552 0.14789624 0.16337916
 0.13889795 0.16678178 0.17152684 0.12694224 0.12275032 0.14706644
 0.16362449 0.1613047  0.13538395 0.1199847  0.14911649 0.15153306
 0.15842137 0.1741791  0.15511941 0.16326061 0.14624456 0.17506536
 0.16686708 0.1687505  0.17995865 0.14705246 0.13822839 0.15954032
 0.13456752 0.16699541 0.17382598 0.13430299 0.17971645 0.16502968
 0.15810626 0.13850291 0.13378752 0.11680862 0.1231182  0.11779019
 0.1242059  0.12714976 0.13768166 0.14272916 0.13109833 0.12154156
 0.14200386 0.13488745 0.1224807  0.11279313 0.12070408 0.11049219
 0.11801288 0.12147331 0.13806943 0.16383373 0.13944348 0.12738355
 0.13920578 0.13716051 0.16124523 0.17975878 0.16753484 0.17606339
 0.15376279 0.14237931 0.13263433 0.14404241 0.13459334 0.11874653
 0.12313814 0.12380466 0.13848889 0.14350488 0.14207893 0.15005734
 0.16462767 0.15681011 0.12709244 0.13256738 0.10858605 0.13266587
 0.12468258 0.10112711 0.12413417 0.14080029 0.17003723 0.13631022
 0.10768772 0.13485406 0.11940704 0.09773578 0.07459806 0.1226751
 0.09177624 0.10385568 0.12392075 0.11808093 0.11806986 0.10050609
 0.09682624 0.09325111 0.08894855 0.07986677 0.1006862  0.1226602
 0.09214718 0.08872612 0.09472107 0.09902541 0.1146904  0.10397386
 0.1143139  0.11654488 0.10906948 0.11373898 0.12234272 0.1385934
 0.17134887 0.15832842 0.15747924 0.12891135 0.11088988 0.12472035
 0.12959449 0.10569157 0.10541851 0.11108718 0.1202009  0.14508599
 0.16733225 0.1195357  0.14177003 0.17415841 0.13865806 0.1169635
 0.14041055 0.14282237 0.12786395 0.121773   0.1404009  0.13465921
 0.14144888 0.14265593 0.11722756 0.10546205 0.1166022  0.12729652
 0.11978876 0.11031905 0.13861489 0.1233059  0.13970488 0.15236785
 0.13624431 0.11375962 0.11275892 0.14260707 0.13531443 0.12682485
 0.14344294 0.12360653 0.13729338 0.15125044 0.1489332  0.1271954
 0.11733051 0.12779976 0.13579015 0.14330621 0.14888942 0.16123966
 0.14211266 0.17841575 0.19587042 0.16460384 0.15336673 0.13334087
 0.15339216 0.13596375 0.16265024 0.13875571 0.12722622 0.12513282
 0.13121426 0.10565454 0.10765943 0.10422633 0.1009092  0.10293589
 0.09261151 0.1302975  0.0922611  0.11486775 0.13632022 0.12272419
 0.08389538 0.07345989 0.09042358 0.12556527 0.11581089 0.12244628
 0.12397972 0.12059401 0.1138325  0.10987211 0.15203279 0.13201508
 0.12358681 0.14391197 0.14639246 0.12172731 0.1332298  0.14522375
 0.11843975 0.10966109 0.13869784 0.13469686 0.14324362 0.13562394
 0.14722953 0.139613   0.13570282 0.15418791 0.16385914 0.15990696
 0.13033349 0.1566617  0.163484   0.15157897 0.16176975 0.16073702
 0.1505932  0.15302346 0.14565653 0.12002245 0.11513978 0.10895967
 0.11521029 0.10650525 0.1602821  0.15936516 0.12300466 0.10006451
 0.14999404 0.14946321 0.14958806 0.15953548 0.16727164 0.18617344
 0.14648478 0.16011148 0.16215256 0.1465593  0.15347    0.15768601
 0.14620306 0.14577975 0.14315042 0.09989051 0.10206512 0.09636246
 0.0908176  0.10130268 0.07652863 0.089395   0.09876592 0.0968183
 0.13112625 0.1195966  0.14404951 0.11005838 0.11989106 0.10460233
 0.09723333 0.11508593 0.11259352 0.10078225 0.11194384 0.13099854
 0.13559996 0.1370235  0.11836975 0.13723851 0.1597714  0.12804158
 0.12993506 0.15805964 0.12792025 0.12999095 0.12605676 0.12152692
 0.12447121 0.12011397 0.13345609 0.12264275 0.16179325 0.13274094
 0.13092151 0.10787876 0.13380449 0.16645301 0.1441862  0.13699349
 0.16116158 0.14929772 0.16300786 0.14749877 0.15071323 0.16244082
 0.12331747 0.14645326 0.14389092 0.14679501 0.15269882 0.12345263
 0.10426429 0.11192464 0.13209496 0.11474463 0.09537967 0.13173152
 0.14802651 0.08350186 0.10640465 0.08890925 0.08162549 0.08950678
 0.09350673 0.0751771  0.05178164 0.09621367 0.08476229 0.07519382
 0.10837461 0.09650879 0.09485816 0.1032819  0.11370418 0.07995516
 0.08223782 0.11624103 0.10575903 0.12061614 0.14518146 0.12381548
 0.1044843  0.1274178  0.12925654 0.15398152 0.13549768 0.12815404
 0.11143077 0.10985029 0.11304174 0.07833009 0.11230346 0.1181963
 0.13727808 0.10935732 0.15024116 0.12942158 0.13127094 0.12743547
 0.11126574 0.11489709 0.12209409 0.12301581 0.11818203 0.12322984
 0.11956983 0.11360046 0.13757956 0.11550894 0.16360786 0.14366332
 0.12294482 0.15316227 0.12702028 0.1107456  0.12284546 0.16979468
 0.12808705 0.13314006 0.13885609 0.16010474 0.1499508  0.1214783
 0.12448145 0.14157435 0.14869162 0.16160663 0.13699747 0.1463777
 0.1405242  0.14757323 0.1648279  0.14624355 0.12999521 0.13012178
 0.11150588 0.10105473 0.12290404 0.14078564 0.15902988 0.15452089
 0.10330129 0.1225085  0.13633101 0.13086853 0.14210139 0.12286295
 0.1217866  0.1096102  0.1295864  0.12887616 0.11638328 0.09615633
 0.12016987 0.1309187  0.11918269 0.15447307 0.16323089 0.1791813
 0.14756465 0.14829379 0.12175313 0.13213243 0.13372078 0.16180619
 0.19474006 0.18955149 0.18256824 0.14886299 0.1389839  0.1407412
 0.11420476 0.14632091 0.12828343 0.1331048  0.12304913 0.11114168
 0.0861053  0.10902858 0.10158784 0.09950144 0.09172474 0.1227386
 0.12009841 0.09617948 0.14096705 0.149396   0.13776399 0.10575402
 0.13027748 0.12597907 0.14740071 0.15441951 0.14311307 0.1290089
 0.09901324 0.11129188 0.11991467 0.12614489 0.13930622 0.12817842
 0.14445644 0.11999414 0.12184224 0.13212099 0.14196352 0.15374806
 0.14229823 0.14731827 0.13442124 0.12117218 0.14054615 0.12374741
 0.1277617  0.15763169 0.13770731 0.14342803 0.14496382 0.13841
 0.1413284  0.17747222 0.14676148 0.13995906 0.1536326  0.17726457
 0.14866225 0.14118524 0.16478657 0.14800543 0.12083659 0.1150855
 0.14376318 0.13457324 0.10476448 0.11037821 0.10513234 0.09888876
 0.13207295 0.12163748 0.15166039 0.13915729 0.15112327 0.14154629
 0.13738009 0.11934451 0.11647012 0.10384651 0.13758195 0.14806441
 0.14916094]","[ 303.42351174  301.86708706  302.54078675  302.05840618  304.15148539
  304.85108698  305.08259844  299.92476181  304.00758565  302.34649956
  304.97049921  303.39288156  304.27567709  309.22969358  311.14055201
  311.12238992  309.84158549  309.8649348   314.23094721  310.57441057
  313.3624607   313.43578611  309.58144017  313.72651051  311.67680842
  312.5847098   314.47973876  316.31132795  315.72321133  320.93080756
  320.94530798  313.65620595  316.53617071  314.94851475  315.51396478
  315.87855218  320.93503517  318.8872882   320.75153577  320.57459917
  321.03955785  323.38516184  321.09031895  322.27957955  322.93150797
  322.76448222  322.26550509  325.05659516  327.89545259  325.82773839
  328.56456205  328.4535408   327.32821103  328.71091149  326.97100756
  325.67775703  327.50143959  328.14285464  326.11463674  328.92674791
  332.03754892  329.44466839  330.31219581  332.14419467  332.414565
  330.75050934  334.72650408  333.35173424  333.76537929  336.35555656
  336.46717284  335.25003185  335.00602668  335.0851849   337.15864885
  336.11468782  337.29851097  341.34918103  339.01314961  334.17448708
  338.74495852  341.78797168  341.24012762  342.38026659  342.6623315
  341.78558654  345.64205877  347.95387445  350.45711362  352.64587366
  350.36068594  354.63276569  350.91045944  351.99226836  351.98496025
  354.92286335  354.69496932  355.05968164  356.36835871  354.57344566
  357.38489325  355.09640301  358.73472343  361.10622421  358.38011662
  360.3887775   360.06175154  363.56000164  359.98068224  359.21842259
  363.8529626   362.44689431  363.82577915  364.52656919  369.4889844
  362.33224522  366.9036782   370.65402384  366.32137924  369.98299514
  368.56101021  367.55476598  370.38047894  368.90775842  371.08767339
  364.42041322  371.52780365  373.68635951  375.58889992  383.4759024
  378.73755926  379.6356481   380.78996809  381.69467887  382.7341976
  381.59632101  383.25088935  385.79343571  387.53427996  389.30417076
  389.54467074  391.44290406  391.23055783  391.06441556  392.33741804
  392.5228633   392.93435943  393.08750588  394.89871848  398.40479954
  397.55921739  402.49906164  400.56160613  401.88401197  400.47168407
  398.09782996  400.31279419  404.57212618  402.38840473  404.43176554
  403.54727746  405.70571617  409.60924656  408.53366657  406.60884154
  409.47456095  411.79643131  418.21444909  415.02042689  415.10225035
  411.10803006  410.81269676  411.41356453  411.42946717  408.18093175
  409.18766286  414.52480624  413.41765773  414.84364116  417.41061705
  417.18084838  416.17197297  413.73451078  418.19579127  418.65074184
  417.36895201  416.80408949  417.32806097  416.21902255  418.19431545
  419.35576231  419.21689682  421.42468866  419.61551512  418.93089346
  422.38546488  421.12464536  423.91586937  425.39210356  430.30756415
  433.72844554  431.38894617  428.82334689  430.18873727  430.17171241
  428.46572268  429.28657603  435.66112312  435.92235124  433.64200184
  435.86260268  435.09974271  433.2280096   432.35152557  434.30661989
  440.41054103  440.2082775   445.04710931  446.31905942  448.77240513
  452.96501078  450.93544216  446.21679013  448.51545718  444.2982275
  438.96883643  443.99508015  449.04551419  456.99007234  450.24310751
  451.6926282   449.70110026  454.2641845   453.96202981  448.81873307
  444.66251103  452.58023933  456.74154962  459.42660462  460.85948614
  464.6879511   463.53516126  463.25954733  469.84467799  466.17166536
  461.65938931  470.85363406  470.73017089  476.99020367  480.76238734
  478.23704719  475.52184115  477.60022639  480.99231556  481.73065351
  472.42673057  480.6133688   484.38315098  488.83350926  489.05772474
  487.50006107  493.58289356  495.07669696  504.02262289  500.20289442
  494.81898321  500.22438827  508.23779495  506.57148879  504.46117868
  505.96620427  510.2278722   508.84900495  504.67627574  507.48083613
  497.06219154  503.15544954  510.97771592  514.09634427  514.44589985
  517.09498518  510.97334692  516.13590218  515.3782864   514.20738385
  513.66844069  509.76998258  518.61982794  517.87606353  515.51422138
  512.24759577  513.25623419  510.34585314  514.49529889  511.67407674
  505.04504297  506.88399865  512.51794508  514.71171502  514.56886334
  517.60866866  521.89126491  522.31594217  525.01469651  522.6842347
  522.61838916  522.71129793  526.67990035  527.91706917  528.72257343
  531.91462109  528.34191667  526.93518345  528.18879205  531.80455205
  524.30267787  526.32089443  539.00629784  535.43305017  534.94753836
  539.97801268  539.21898     540.38477545  537.39979133  538.44333031
  537.86893177  544.99890781  546.83532669  555.80857568  556.4214296
  558.22372553  560.78375073  564.4878187   567.48644154  569.30780644
  568.39090885  569.5938034   568.82634959  571.38095497  575.75385888
  578.17744513  576.42185996  576.64483338  578.67119753  576.37929358
  568.80613847  582.65272249  584.61505183  585.19207837  592.20461815
  593.71830571  599.08094123  594.23224278  596.73412654  593.78969101
  590.68686968  599.56092133  600.77473389  601.98696536  609.49574892
  615.27325461  615.76903325  618.7301129   627.14871041  626.52114747
  627.69086165  629.50045407  630.96941287  635.44752165  634.68346157
  632.39199289  635.6912889   635.02382037  634.65969406  626.06733255
  614.31542998  625.68978157  632.94063215  638.25937634  641.19866031
  641.69517349  645.73361027  643.1934866   645.01122932  651.37937163
  646.18134149  648.2140689   652.9603653   645.00496881  648.33961136
  645.2567204   636.94949059  638.72907062  637.30866115  632.15750166
  613.40310989  633.50389046  637.12476747  633.0590265   641.40699427
  641.6754857   644.16556374  643.25650597  640.28872588  636.43006962
  621.89259341  633.05166583  647.36803584  653.68277459  662.39899287
  659.36944897  665.37087347  671.98538873  682.38536007  689.13995048
  695.99646228  694.6808442   689.7786421   687.69506092  683.7329525
  682.70308965  681.6516796   683.64692455  681.53633857  685.40824115
  689.64733612  680.61580374  681.63753431  675.46705736  674.26659573
  666.09694668  669.49381038  667.62011268  666.98330354  666.5046188
  666.11282984  662.16036216  656.33022617  657.18001068  655.1575261
  660.15085261  658.87221661  663.20766687  667.64188244  668.53814548
  680.5789363   677.08796994  676.04243738  674.4847541   674.21763201
  678.88435903  679.63205441  678.7957354   690.34822892  696.63260724
  714.57362384  699.30139612  692.67312176  682.79754611  682.48012756
  685.12825283  684.92430533  693.56376962  693.91304903  692.96461081
  710.19709843  699.30588003  690.9251167   687.49521444  680.1138339
  680.25979782  685.48580578  690.8360543   701.54813436  715.72412908
  749.73853988  720.06282138  702.4217545   698.49689442  700.55343484
  698.73197383  699.8057371   707.36683099  720.4745659   733.02595405
  758.38528686  737.68996701  730.99996023  730.9937508   730.33242492
  739.96932211  752.56260926  764.76277214  786.060099    827.58744082
  919.31261356  829.17767092  786.48609592  761.77506576  753.67740308
  740.75170314  735.22321888  729.2962492   731.48784347  729.54786884
  724.68775469  733.83049699  734.83313955  725.66895618  732.02837869
  729.76018503  729.58358664  731.5465819   734.64680456  735.84060349
  732.81455965  734.53860225  724.94015375  727.11233965  714.30036822
  713.66019112  702.29577033  699.88800071  698.33448981  692.59622725
  662.64080918  683.32906623  696.17579255  696.4674408   705.49718656
  707.84923414  703.16091763  701.46167882  698.96326639  691.12336707
  677.94432591  689.24952622  693.33708567  698.47510795  707.18511157
  714.68356811  712.57507154  713.16244814  712.56226885  718.8378381
  723.50571306  721.31433456  725.74729148  733.151465    731.54796649
  742.37611403  738.30465035  749.43160334  750.4153853   770.37206285
  784.0987511   763.82426574  750.96529483  745.60439093  748.01012624
  746.42629664  751.82968525  752.1886529   755.29634968  764.27510142
  788.33804315  755.02446058  741.69291034  739.44692471  712.78541595
  706.34203231  697.93923122  685.83527193  673.80641197  650.19487205
  615.22758493  651.08377907  666.57454427  683.30362804  691.95137024
  689.15262815  703.03474125  703.25480105  704.17561286  700.11878114
  702.33150745  709.07248061  711.06710919  718.84703533  718.27399403
  722.39143331  718.71288306  721.52436775  723.0220004   722.47658604
  729.72951992  732.20044659  730.02973114  731.75881657  733.75898078
  740.35213729  738.38490989  738.62155041  735.48528032  733.49360654
  730.20582889  730.14690249  728.04736073  733.57519031  733.75834431
  738.5757372   738.68600859  738.63489351  743.27940267  737.02126239
  734.49178602  739.76281701  747.41324605  743.6413671   749.31903995
  751.66572245  740.22433197  753.1928876   753.40975316  743.55727968
  744.47681287  745.73203786  751.58364192  740.24938139  749.65223822
  739.03184322  743.77455447  754.55503188  752.69960488  755.58508241
  754.89837502  758.82523245  763.66750412  764.59075227  761.45401763
  767.72793843  756.03121416  759.90956808  757.27875262  758.0245885
  752.44943817  747.05302535  758.04589686  756.14862192  768.21825579
  752.0776129   758.4727978   752.05495662  752.18774053  757.366478
  748.91137548  752.63313082  755.97637766  754.24601411  758.00303434
  759.73733215  753.37692624  756.8898098   759.10185707  753.72742218
  758.43652079  756.37177101  759.98105092  762.91464914  765.13814854
  764.17313662  771.55562731  771.39751918  774.55509396  773.47468276
  769.8915406   773.65323124  773.82605942  769.4611385   773.88316822
  769.36153573  770.9126313   775.92903332  776.1992804   769.63424327
  770.92270923  777.89816524  773.79282233  771.62871153  774.52432826
  776.17896377  776.3004742   773.50642495  774.60539253  774.2849396
  787.98654469  776.50235416  779.23798273  779.86211317  780.27488385
  787.34550164  784.79902001  782.96463337  786.14358771  789.67829754
  792.5580014   788.87878948  790.22724304  795.28493837  792.50568139
  795.71092528  785.41447644  793.40088254  791.12658258  798.42035711
  797.75128755  794.14606298  795.48796199  799.4621309   800.15975006
  796.78592702  806.09376347  799.20811877  797.16630653  790.68314479
  794.83075149  802.79624213  804.48345538  794.93101359  796.74044329
  797.76427162  798.1152626   799.1437081   797.04904098  786.49110422
  803.65844626  800.48224747  804.06782789  812.14192503  806.72514015
  806.89252898  812.43644144  809.57473281  816.2372256   809.27257807
  815.5450191   810.99734693  810.34769675  811.11820543  817.69564945
  819.21780012  815.26921961  826.20895113  838.04284398  826.92562773
  830.35470049  830.16451212  833.64368943  838.10205085  842.73790684
  847.74068601  849.67431779  849.40339311  852.33643064  848.99548948
  848.64423889  851.15966361  856.3896524   852.37073276  853.24881473
  854.00511072  859.01776977  860.46565685  858.63373258  860.88849753
  869.59742711  868.18517522  873.45243267  880.71804611  882.53464748
  880.85684713  878.19525916  877.22236609  881.11690469  884.60082619
  886.19337812  886.54023963  880.30821739  896.20581519  889.99370424
  891.19347151  895.85948157  897.42137477  894.24696637  896.26994358
  895.80987645  904.2455677   896.78179274  905.31287648  908.38385644
  900.61885274  906.39337861  905.16387558  898.97321159  905.04692737
  902.09194557  898.64765161  901.50892762  903.46360537  914.73070196
  916.48813426  907.71251245  916.5420299   915.85634012  908.18653995
  902.07925275  907.66728877  913.50087433  914.15502645  922.86088949
  913.69192135  916.71254287  911.56958421  905.90779236  909.58240691
  912.99527079  912.7285642   918.51875078  922.12082444  922.82522628
  916.64942258  922.85203474  918.87633899  915.31547463  916.76706152
  911.11059979  909.8967056   917.21438402  916.66380769  910.92585805
  907.83904461  921.90282329  915.87063883  911.70631917  923.0425727
  923.38677003  918.20172196  916.64254951  925.78380668  929.72623484
  930.02382416  927.12915061  923.38968191  926.36509475  936.39015981
  930.37571324  931.38470428  929.4977266   928.86463976  936.1981823
  927.06501172  933.40816916  937.58083971  932.55763516  935.89308792
  944.41137497  956.40525865  956.67008154  951.42502043  952.7398001
  961.72502755  964.49859083  960.73503123  961.36704597  963.52456854
  977.20594453  978.06292707  978.78810868  983.75864621  977.84566129
  984.62218029  976.91552043  986.98036426  998.83312279  983.39584259
  994.98092469  993.13157441  997.18824917  994.72796711  992.46550445
  993.10007053  993.41555613  988.99287289  989.30176601  996.84356147
  991.27881288  991.41141619 1003.59873164 1016.05145983 1000.07312852
 1020.76581122 1020.85643173 1016.49834001 1017.5086578  1022.42184146
 1019.79319299 1030.68505447 1044.18917376 1039.98222687 1038.9941036
 1037.04627783 1039.5999819  1039.84757139 1040.16163718 1043.66849369
 1052.36872999 1048.35017814 1057.82529956 1046.49572654 1043.57277791
 1070.14597025 1067.10271568 1067.14333248 1072.17595442 1074.0244119
 1079.50760345 1068.36615189 1069.26273224 1073.1040837  1080.23279777
 1085.18393639 1086.22158501 1097.48410511 1103.75415638 1097.61370841
 1095.41588132 1113.22409967 1111.95322295 1105.57474941 1116.36964914
 1122.77869412 1126.1500132  1130.18367089 1134.55361464 1134.76946025
 1141.51689126 1136.36754805 1145.24185217 1140.91177674 1164.27768013
 1148.807682   1150.1653862  1148.01466057 1154.8965109  1150.18419585
 1163.00540909 1150.65861711 1161.24743512 1161.32357642 1177.20258605
 1183.40638481 1184.52000665 1186.35748644 1180.93294857 1184.46537085
 1189.73630301 1184.5437774  1170.47382619 1172.12362396 1177.65683553
 1165.80873972 1170.55000916 1174.52625831 1170.49557452 1176.497821
 1184.32448675 1172.1158805  1165.20510624 1169.57799042 1166.84144441
 1161.43331385 1167.70776356 1178.54453232 1167.66712798 1177.67913391
 1164.01781354 1169.70019043 1177.82826365 1174.61080182 1165.37575858
 1177.88306367 1174.7465457  1183.33998446 1184.78131624 1177.63805048
 1178.59394225 1178.12028218 1188.54971128 1179.0886716  1177.82783037
 1173.87538297 1176.38687339 1189.06565955 1174.57372098 1180.46609912
 1178.16777424 1163.31310709 1167.96218022 1167.18845398 1184.12700344
 1175.0226527  1162.26600454 1174.08556041 1167.76505293 1158.76282807
 1161.68870167 1159.98232066 1162.73354572 1162.72296085 1157.30627634
 1165.3320987  1163.06118721 1174.11850037 1167.67578742 1174.17827931
 1172.56478503 1167.55549233 1180.85996424 1159.81774959 1163.6512265
 1166.9298866  1166.4578817  1176.30737352 1169.33035913 1167.69941762
 1164.09145723 1165.86916399 1179.47730469 1180.31104339 1172.01449697
 1184.02722479 1185.85266016 1185.51956283 1174.71660298 1168.76270068
 1174.460124   1174.85008664 1181.94548398 1185.08598848 1169.54574629
 1172.19892416 1175.89175742 1180.12839191 1187.5922727  1199.88728814
 1194.84868308 1188.56912793 1186.36447413 1186.2675445  1196.11679387
 1196.49949621 1199.85325957 1206.23102515 1196.74491928 1193.99459136
 1203.18601592 1192.6382852  1204.67685228 1215.03485451 1204.12990022
 1210.2627707  1210.54817602 1210.61365632 1214.88187648 1210.70453892
 1216.8974988  1220.03533193 1225.9086499  1225.94987004 1240.39011242
 1236.68458799 1239.55737802 1247.7651992  1243.86790985 1251.84959378
 1246.94787949 1251.17197926 1240.04163231 1250.08148118 1250.88597106
 1255.0715533  1246.98921921 1254.81609286 1260.10308081 1269.89098815
 1257.30183925 1269.85627043 1264.94370288 1263.87120345 1268.57810831
 1279.99572633 1286.572544   1293.56294012 1290.48273318 1280.19663167
 1284.27908778 1286.2253901  1307.03404638 1298.31032976 1298.45886958
 1306.85436323 1304.64862488 1318.06187072 1311.50701727 1315.95895664
 1316.88320237 1324.28961978 1330.70902977 1330.5024123  1333.40751045
 1316.64108727 1319.64722504 1318.45292159 1318.78152789 1339.53460474
 1331.04162388 1329.48568854 1338.22598891 1346.60898899 1351.74475085
 1337.62445346 1355.96697989 1337.23416073 1349.24546617 1356.24825957
 1354.64264243 1348.55216651 1348.1556891  1354.54878063 1361.52643326
 1375.36767233 1362.27965572 1358.74817276 1361.39141384 1373.0012171
 1380.15099152 1375.94223087 1364.00287645 1386.53181323 1385.20192973
 1375.34247031 1371.36105846 1391.38448307 1384.90395367 1386.61339966
 1396.84304836 1402.16349041 1390.61737409 1402.21552595 1412.34929186
 1400.21654701 1405.35405284 1416.10485686 1419.36118478 1411.84205938
 1415.29495877 1413.7929325  1431.30425234 1443.38946497 1445.96276438
 1432.00193382 1426.57482013 1429.05908345 1433.85155242 1459.88077917
 1447.39223972 1455.57663106 1448.09814954 1450.76116112 1455.80829021
 1454.49483083 1442.03673157 1448.69374621 1458.71470616 1461.34082718
 1478.74628957 1480.60287302 1492.49800481 1483.40979241 1480.25528301
 1500.13521655 1493.6183915  1518.18778119 1505.79545168 1518.82117605
 1514.43999109 1512.66128525 1518.25125753 1506.32752748 1512.5127345
 1541.36882576 1532.12561436 1539.9904766  1533.62056029 1517.63536299
 1513.80419299 1508.64806239 1509.73345326 1507.89418103 1517.58213917
 1513.023813   1509.39414378 1509.7364498  1515.63105032 1513.72791085
 1507.23998241 1501.18038716 1512.77331449 1513.0900054  1508.45692498
 1498.01721411 1495.94876836 1490.58228225 1503.01936023 1499.65882962]","[ 30.59176997  23.1139567   21.21922227  27.54410862  33.93569613
  24.50059638  31.84862298  36.27753774  22.35520754  35.35224535
  20.19431405  31.34064693  33.93368614  34.17235815  33.63341237
  27.02471375  37.9024283   23.79730169  36.56431302  29.42013431
  29.3769687   27.54459404  22.58265094  33.83110347  30.29606654
  28.59765938  35.54828868  30.96901041  29.57631246  40.50062277
  37.39831751  26.33629172  24.96822556  34.77491494  30.937436
  34.96948888  35.81283128  22.07494038  20.80249534  32.93833725
  34.89591621  26.46835679  13.34838177  25.83415437  25.69622585
  25.4777611   23.43611348  26.98833237  30.22060472  33.92320349
  27.80757985  25.19846462  34.1682207   32.9760785   34.86684625
  28.92717049  25.66109808  15.12256536  22.9908345   22.97330736
  25.45194073  20.20268175  17.27139742  18.31296578  17.66820162
  18.27902488  33.98444849  25.52923939  36.56999277  26.15935162
  35.53009576  33.1617198   22.49883524  25.99879344  23.90294464
  21.209731    27.47668924  13.90660541  19.84826969  35.74472701
  28.47315445  19.2475277   24.83482372  31.68066127  30.83576334
  28.65447282  19.95153929  17.0226741   29.06437398  25.8818594
  24.5916441   24.22382358  19.56797486  26.91036049  28.82131126
  22.02272242  25.47432553  33.76456715  29.20593349  37.99124495
  30.45383129  25.48567515  25.90048691  25.33128496  20.91355818
  28.08487049  23.3793686   25.31789137  14.70240588  29.22557184
  22.19370688  26.51469959  27.32699856  31.060814    36.35914416
  27.06961293  32.09054814  26.29163882  18.38283225  22.5185696
  19.59706672  38.24468175  22.1187036   21.07438645  19.01106737
  17.31635148  31.04636157  29.65988475  30.08697059  36.13526287
  20.56707836  27.97674407  19.93617797  19.1759577   22.63685102
  28.3335781   27.1919255   27.61192515  19.62615116  22.51573495
  23.74435985  17.67373145  18.18961577  16.51508183  21.85571417
  24.17815413  34.41614656  35.56687352  31.39104471  31.26595359
  25.14657217  26.51733832  31.57239676  20.28669495  28.54983499
  27.09152552  26.86223282  25.48504749  30.82760012  37.54066901
  40.49360109  34.59168096  35.45506378  22.08703503  27.1645476
  33.2516664   26.61619526  38.2563236   29.0597282   35.24114943
  23.80219238  23.38305439  32.41235664  30.13033221  32.7321848
  28.67163125  33.83615311  32.47576708  33.2838304   43.91475274
  43.1134922   53.4916783   38.2408804   28.4342394   38.20909677
  24.97603397  31.29301768  20.6843625   17.20264421  26.12510518
  22.94463147  21.63114892  27.00029735  28.95334131  38.63889929
  32.46084206  37.37730989  34.72605785  43.88046257  49.04690941
  51.36326306  37.26516369  37.11385672  41.83834914  34.64252108
  25.1274501   28.92247571  37.08168927  38.29681488  25.38611345
  24.62951373  26.68068941  33.04668933  30.09287776  40.40370163
  36.40880549  28.07894917  35.85549061  29.79708389  32.00813317
  38.178405    30.50331017  29.0218743   31.50015636  23.03145962
  26.04252656  36.02165532  28.62481892  33.69794102  31.61844267
  50.29479217  52.7325884   29.34526827  33.23633255  36.7811888
  23.49010915  36.73005939  40.78306518  37.71427052  38.87549123
  34.29830911  29.47016654  50.91858303  45.7348223   34.95224932
  28.56878965  39.75276682  39.4515729   50.63597681  45.92590574
  50.79217014  50.21170706  40.23097469  35.26502579  30.1059976
  24.72165193  29.49158427  25.17445957  45.61591575  42.80301397
  57.70690807  34.91569135  26.9530388   37.13403414  37.33522055
  31.76421447  49.46365133  49.28497344  35.19986279  34.46169663
  28.38133369  28.31372291  28.5380197   26.75630262  30.09914148
  26.4755223   27.02535165  27.19348931  37.70908884  36.09348864
  25.98835968  27.1950144   25.7567529   37.75329717  31.52910213
  29.68161682  42.88272685  45.26703909  40.2019961   30.77061091
  40.22592587  41.49283704  43.52362604  28.39879667  24.39085075
  34.76566008  39.51817131  22.82179817  35.19943152  40.75656062
  33.25591426  36.9774092   35.93684945  53.85790041  44.61529985
  35.69098486  33.50795878  48.85778745  38.76697212  44.03137886
  33.85942859  31.426507    30.48731244  38.35310951  41.26775774
  31.6154014   39.460863    49.28540628  20.87337954  30.56197485
  36.81053984  42.02198859  46.02466221  44.11064454  36.40005041
  36.64593444  41.02048015  37.15452216  37.33742285  40.40640374
  34.53499666  36.66942495  33.38843152  38.17315547  31.29768021
  34.1880014   41.23589186  24.77282884  22.87222923  36.37173881
  33.40943804  36.35598798  37.89550668  56.69181001  45.8291064
  35.70802743  43.59626561  31.15039293  37.88861669  38.49410814
  49.75186672  54.23029965  34.10896006  48.2861278   39.74729183
  43.62314244  33.62436018  47.90655273  58.32038596  40.76104195
  45.36032782  41.36737621  43.57641017  66.95907779  44.25410188
  40.5790767   30.09393588  53.1287198   53.49413485  41.23902821
  49.68760076  37.46184555  47.74599547  58.65466189  43.74835076
  36.90100012  38.98116037  51.80994048  53.10722228  41.88919204
  46.83186322  52.53418142  37.11888567  28.34965     41.96499256
  27.4471316   42.18921087  46.77530683  39.89979153  43.70541941
  51.35352776  37.89011977  21.91481502  36.68477555  39.7720011
  35.71170523  54.8957021   36.19844299  25.4675118   45.67070499
  45.68751922  36.01567486  45.0126548   41.1584267   55.06887335
  43.05469475  62.70714854  47.4686598   44.44937568  48.57243528
  43.78949001  44.48337736  37.69581962  38.67537433  35.92373226
  40.8075695   36.56925381  32.0690212   54.86313073  53.85578429
  43.81714797  46.13935003  44.40101785  76.21485968  58.0350565
  55.11731007  44.84594765  51.70800185  51.2125535   59.27721757
  74.75950573  54.96261479  59.64855748  45.79542985  72.02125803
  44.18063119  70.69629224  69.78278422  43.84087981  55.99280884
  38.19019944  45.45402363  46.99156061  30.22226046  36.86018907
  30.72039404  48.86632532  56.01933062  60.90439355  42.77762987
  53.77730267  42.53424332  35.97580612  45.03156991  39.71820204
  35.05675077  43.76650737  28.20395713  48.67722085  69.76829602
  57.29471131  63.15623428  60.62623018  55.92412751  48.39838877
  59.21851763  53.5976974   51.92670729  64.68658772  59.05961399
  43.91890839  53.84047536  39.14232722  35.13584595  37.66441535
  31.9085931   44.16878694  56.48258577  33.48287147  45.68368467
  55.54649176  37.60461783  45.45573394  60.13135695  45.29360002
  38.76298978  27.49814867  56.157055    64.16011685  59.56601276
  43.01594142  37.61990841  62.24771693  53.46070112  74.06083295
  37.10399646  52.55287121  58.45430958  66.60653409  79.30563385
 102.05606624  75.65635538  61.42586826  46.93904868  65.04390073
  48.66482739  65.68076183  48.64457053  70.25411048  40.2253836
  34.86361648  38.67692371  58.2785154   62.99195616  46.98981702
  26.51188009  58.76964206  62.54888962  49.48979035  40.23124875
  45.74549524  47.41683602  46.27360837  64.66994606  66.58667062
  34.58926629  37.58804132  49.07476032  57.34438019  48.57103034
  61.1203283   54.34770721  69.61605216  65.52562086  48.47637962
  34.91947894  43.36938925  63.85918737  60.23924478  55.4100342
  66.2125077   56.95705362  41.06366917  48.22624466  47.32936473
  43.54274557  35.37890638  62.78799671  59.02306837  49.54819965
  61.81714023  59.74822834  43.97202625  51.13502073  53.70196999
  33.34654474  44.24534512  40.85215062  48.70626587  41.59049325
  41.37664577  63.93707729  49.68950092  49.43465225  44.43229586
  30.3730617   61.53384063  72.56986227  66.98820843  54.08035097
  65.9175355   60.82378427  60.39002916  72.42130021  58.92426109
  43.5407266   41.70492443  37.47300041  46.88899254  53.33516146
  39.77385789  48.39723026  64.84771961  62.26196748  51.90039464
  56.72137499  39.71780713  41.04494208  63.28151934  57.11329594
  43.57232807  53.55768656  35.29831731  50.09052663  38.30318796
  55.47857929  58.210242    46.75910599  63.1716594   48.21591003
  64.93498397  88.30664516  67.6368088   56.00322249  48.350573
  58.73520391  47.68291235  56.50026813  54.56897335  48.91424536
  61.25897431  35.89540664  39.46205953  47.36834527  47.39033018
  27.32266379  35.57642747  55.55407338  46.35235968  58.03913917
  72.87670421  42.33063899  56.29225181  52.71074773  43.57502576
  48.78286821  30.11731377  34.67395216  47.01860238  54.19837201
  68.38632722  74.49479021  58.67474462  47.10414459  59.0877957
  68.73730717  83.18988154  71.08113278  74.89352637  91.24022635
  75.19894806  80.59057805  37.62631526  55.96684403  52.71043752
  63.2655679   82.83344151  69.49507642  74.00501329  77.59011327
  60.73470202  59.7178322   40.13720091  39.91488108  54.59733197
  64.3011423   59.87238285  53.98817887  52.80521627  65.9116876
  49.16547064  45.03471888  54.39547652  51.6622715   55.69656944
  52.51666656  56.79171932  35.1106675   34.34014211  68.3114887
  66.90284642  68.95433053  66.78745104  71.64689804  83.88603544
  88.04089675  97.5556496   83.25252646  74.50836594  73.90989039
  77.76067805  65.95584306  68.5941258   72.83320377  76.84824706
  76.14884086  67.12714308  48.87048508  53.36589884  55.51874454
  56.77102302  32.33514711  59.48983311  62.93152666  61.46188285
  66.8310164   44.80569127  48.83063059  67.76285168  89.42766713
  75.50879642  46.30052715  51.90305394  61.6291459   69.40130308
  64.71666571  53.13348104  64.27162299  72.01492285  47.46553832
  56.54439295  64.12950089  59.77448639  67.41563851  55.32621785
  70.51412578  61.51855754  60.7848738   64.69315739  71.79731644
  84.09250637  96.64961759  60.49815838  62.72492601  61.64955569
  73.401298    94.89960811  84.70107264  54.56782404  67.99856147
  47.10868967  61.80462754  60.6157375   63.2229325   65.37371997
  71.06881792  71.70218188  77.61813324  76.23250339  76.23175306
  71.14927713  70.01748392  81.75470117  74.09843784  69.11786561
  61.50773665  72.85517707  60.02540489  87.51396114  72.94505709
  71.1548849   43.13069271  64.50127502  81.43762723  45.80044843
  63.78453117  45.51820767  45.98853055  44.09058487  48.90162698
  57.55925595  72.0700809   51.25394447  73.83428182  59.26659338
  53.03424556  67.53236655  46.51541327  72.32343568  59.35810218
  87.79231236 104.28631489  87.48316354  83.17951802  57.82242893
  50.61361425  55.30497517  64.26820947  60.82276772  65.54378217
  64.58313003  40.03293877  45.82685818  53.87568662  76.74091266
  98.85367874  93.76648316  91.36643076 104.8518795   79.56236255
  73.99045263  87.7355711   98.40747825  79.52133732  69.11251774
  73.86578292 109.96794063  69.91248959  83.75797268 111.22824303
  69.94776683  77.7017315   75.11789864  62.08197714  64.99936464
  64.47130064  71.15706255  66.20509935  75.28803328  85.08884958
 106.52898589  75.62981161  80.67742043  69.21677018  49.61349749
  63.75411717  74.12198221  92.41354729  64.78915983  94.354324
  80.83789718  71.8736006   87.07679677  89.92555929  66.94410137
  80.64553953  77.66988489 103.68697357 137.14575195 136.21974716
 109.67122509  95.66667816  65.22769456  73.5112045   88.88815253
  72.14246131  87.35618751  75.78846884  74.74731993  68.64127951
  74.57263345  60.78216298  61.91739954  72.98616235  66.46198365
  72.68983732  33.10871573  56.19505377  72.7632551   56.45320514
  85.86808008  85.00052274  72.23115065  59.99651715  68.88821853
  46.74893543  70.5282873   87.23472203  83.44212432  57.08632506
  56.71663811  53.47023677  62.45542784  56.47220032  58.08407194
  66.97734101  64.1118166   78.99987699  41.7244189   86.81480822
  68.46181828  70.37494401  71.07320766  92.95634271  96.59020365
  87.94587597  83.61674728  98.11555648 120.60059082  82.36613454
  82.94923998  64.15671928  69.87277657 116.73886877 109.05595816
  93.82842549  95.49986202  78.66509141  77.27530079  94.81216063
  91.13580225  56.72456065  60.15375034  54.83585675  74.99136086
  77.15468951  81.82359957  73.57078465 108.72210579  55.48238499
 109.41235229 106.79526726  80.43505711  77.80821034  88.93375095
 104.78067553 110.44040827 121.8104693  103.45406616 102.72208012
  99.71396941 102.55579282  96.82226383 108.63359311  93.5682858
  86.10229406  99.67534857  82.89040491  44.86360955  58.49374764
 114.06570318 101.27778943  85.34276592  84.51213894  84.08552539
  89.86545165  64.23886718  67.1567086  105.87988841  85.30907189
 116.18394283  69.65376504  78.59968326 101.00675697  89.00743547
  76.17712579  62.21015126  84.32974654  83.58503587  94.39144498
  97.69270992  86.30680991  91.12671216  89.11626831  69.28477069
  87.38154988  80.92950898  80.99768387  80.35061565 117.89241624
  94.88716717 113.44406524  84.31032746  80.65651081 101.79880612
 137.37555025 112.09318794 130.52822105 125.18186477 177.73986094
 142.73783788 157.37201047 171.48116217 135.37572215 166.08697492
 182.78557229 161.60587467 103.00816423 108.08833618 111.63644786
  86.6130334   96.77260463 127.49932745 143.21748439 122.17041062
 138.2642797   93.77369566  79.44209297 112.14674974  75.14161864
  84.55684646  68.35594256 150.83573838  85.85576967 135.18127707
 103.78903933 114.67248176 102.33384517 106.1887173   96.77979935
 141.65371895 127.46479499 104.67989268 141.94579242 172.31835717
 118.0528697  133.70007892 174.58974227 120.31398159 100.04082534
 104.21934334 107.117932   120.62635136  82.82390947 100.17515517
 134.9152365  112.44485126  97.11462952 101.5464107  105.90993809
 110.81578621 112.23681324 117.1435924   94.32448681 101.95982788
 107.25470881  96.72812896 121.70273476 138.90428241 124.33921772
 102.20799136  80.29294679 108.11708957  93.93555176 137.95219317
 102.97495243  81.92311669 119.67498815 106.89721927  88.36630674
  94.0064173  108.52805197 132.37040375 100.88532924 116.94085915
 117.22448598  90.84995527 134.24042003 132.5659603  106.01814049
 137.04895855 129.35015937 126.06909265 102.79334926 106.78884303
  95.48156563 109.5780622  127.75389091 120.7031597   88.44410061
  89.71335364  84.61881441  99.16159703 117.49748021 175.89295607
 149.24646557 135.31792839 133.67469491 120.59030059 173.25432141
 162.05442137 135.15058087 125.12754065 111.88696676  94.81166583
 107.79679353 110.27172005 130.52151242 128.26672021 119.37659724
 145.07837085 144.65361661 138.30121643 125.58602039  94.48330815
 124.92901333 118.79486106 122.45355507 140.67546973 153.05503333
 118.28594583 138.26837294 143.16791368 128.06675662 176.79634663
 131.1661544  120.61426456 133.89798511  97.53984846  90.88144294
  88.19381566 138.19407187 106.00882855  99.2712695   91.87023385
  83.25236315  90.93642705  69.97053675  76.53194153 102.82767578
 129.86490731 136.63938118 130.20537968 117.53259323  93.76058648
 105.26671912 114.66404704 152.61252747 152.90938558 139.40249792
 153.01303967 132.67607679 174.78226897 160.07883579 141.83896058
 152.01548788 136.77277274 169.42498516 187.43947945 184.25656067
 157.18388555 132.78729531 132.8430239  108.60362584 164.8205162
 149.87225167 143.21835393 144.81000418 169.06246879 176.58915674
 127.90265867 183.04374173 178.32548491 164.96939096 137.18487667
 161.82284078 154.41405342 163.7552436  149.28311743 160.19485332
 225.56207577 180.83788171 135.1464823  111.60215808 146.38559062
 174.18834558 128.35424638 154.1983574  184.16388702 169.80338187
 126.10590282 129.95867963 121.01265922  93.36278753 116.74581202
 111.55241168 108.38143898 129.03886914 141.27424098 133.18801905
 143.97412661 142.62669026 135.85142107 112.44309854 133.4523637
 123.60157513 143.13041623 161.74047745 218.43237083 183.20927461
 107.70843683 161.18675323 153.42343404 139.28052888 205.36643853
 176.22300858 190.09475918 136.77963154 153.3658659  160.84824223
 170.14192123 140.66182664 138.18603632 143.09766903 152.4033635
 161.6565746  169.04195803 173.97163124 149.21895962 156.74948533
 185.2434865  184.23352452 246.07265625 217.0416026  236.19968267
 211.56190516 193.57042956 202.75704143 176.32485989 196.65536035
 210.94888932 194.59954191 212.55146491 203.06993277 152.30167359
 111.70972444 160.41664084 120.8727841   99.39017877 127.2555176
 134.68307362 133.24109023 164.72617659 131.01111454 170.99105133
 150.51679539 191.20570289 208.9476612  180.69592126 177.42282996
 138.88346813 123.90996098 106.72993284 128.8330003  127.31022866]","[  9.76873266   9.8584974    9.88566332   9.5094083   10.0362137
   9.84950024  10.07911803   9.937305    10.76189759  11.18355156
  10.93281712  11.02077797  10.78796771  12.73309915  12.99787535
  13.25902609  14.78784486  13.87883727  14.88548076  15.49896918
  16.38981921  16.66403611  15.05949834  15.90148384  17.49513058
  17.73583749  20.58460355  19.53080645  21.55752178  20.71292937
  23.07157587  23.42743707  23.59128862  26.63369912  26.52473848
  28.2761083   32.78885398  29.76738076  34.45689029  30.58338218
  30.81133146  39.21102164  39.65331737  38.56108719  39.69010886
  45.89150896  46.4367428   55.70372389  56.07398809  84.90927818
  59.22119198  66.7599267   57.48186993  64.62741897  82.84184817
 121.1873624  120.24028653  96.06629214]"
