n:it10samp10 corrfield z2:180.0 z1:1224.0 data:pos,"[ 331.96587907  326.49449923  337.47111524  340.2935014   324.49489194
  340.98276688  325.21988949  352.97845641  364.04091791  386.21197778
  365.7204882   384.35157207  362.5442746   399.86573717  394.74452268
  400.12751952  438.91596542  447.41794325  428.98488388  434.50343293
  426.47771131  457.95325623  456.30835683  448.60524414  436.60139972
  436.30182159  519.84275315  542.31285156  509.49002814  526.08501317
  562.48656813  554.8356558   536.22571581  576.00912456  632.07308684
  603.43838728  604.13732736  632.17757961  654.92118661  609.81746625
  587.31201307  691.26308827  702.06540066  657.50998997  708.93283516
  761.56262629  756.23010976  826.8479289   818.18364523 1075.77250617
  713.49234412  746.30204837  605.97620342  613.37887092  731.63383008
  835.22029499  857.13024198  494.52750301]","[0.22998447 0.22878695 0.22760012 0.22639919 0.22518755 0.22395979
 0.22267988 0.22133295 0.21995444 0.2186176  0.2172349  0.21585564
 0.2144712  0.21307535 0.21162127 0.21022487 0.20882107 0.2073588
 0.20588475 0.2043836  0.20282135 0.20127893 0.19973486 0.19820219
 0.19667435 0.19510969 0.19356108 0.19201003 0.19036681 0.18874968
 0.18713925 0.18552392 0.1839228  0.18229318 0.18070286 0.17910749
 0.17755622 0.17598859 0.1744356  0.17289316 0.17133796 0.16975697
 0.16824391 0.16681147 0.16533311 0.16387744 0.16243198 0.16104162
 0.15971701 0.15844721 0.15717281 0.15587806 0.15462074 0.15341499
 0.15227634 0.15112387 0.14993972 0.14883739 0.1478198  0.14688845
 0.14599009 0.14511146 0.14423898 0.14337199 0.142506   0.1417335
 0.14097808 0.14031596 0.13974443 0.13920668 0.13863655 0.13810896
 0.13764624 0.13721258 0.1367587  0.1362858  0.13585574 0.13544579
 0.13505531 0.13468394 0.13430098 0.13390625 0.13351374 0.13314741
 0.13277192 0.13237904 0.13200087 0.13160456 0.13120025 0.13084155
 0.13048834 0.1301384  0.12977662 0.12939079 0.12897192 0.12849016
 0.12802498 0.12757214 0.12714392 0.1266667  0.12619404 0.12577861
 0.12538092 0.12495576 0.12452548 0.12407289 0.12363475 0.1232114
 0.1227586  0.12231294 0.12188104 0.12147627 0.12105817 0.12066478
 0.12031638 0.12000663 0.11969759 0.1194296  0.11920634 0.11898409
 0.11878571 0.11859403 0.11847041 0.11836731 0.11822912 0.1180947
 0.11798235 0.11793256 0.11789245 0.11788548 0.11793728 0.11805263
 0.1181612  0.11823833 0.11834389 0.11843774 0.11852611 0.11861169
 0.11869286 0.11878468 0.11887819 0.11898091 0.11903552 0.11907942
 0.11918262 0.1193433  0.11946562 0.11961004 0.11972768 0.11984753
 0.11995599 0.12006515 0.12018189 0.12026794 0.12033815 0.12040551
 0.12052158 0.1206636  0.12081387 0.1209331  0.12100617 0.12103495
 0.1211054  0.12120374 0.12125557 0.12125925 0.12124771 0.12121303
 0.12115877 0.12108146 0.12097001 0.12087251 0.12073131 0.12054908
 0.12034021 0.12012616 0.11989149 0.11960203 0.11928814 0.11895503
 0.11861425 0.11827631 0.11792087 0.11755499 0.11720618 0.11681906
 0.11642332 0.11604259 0.11568815 0.11528529 0.11490487 0.1145325
 0.11417553 0.11382137 0.1134711  0.11314299 0.11278065 0.11237213
 0.11191533 0.11146166 0.11101851 0.11064916 0.11027465 0.10985787
 0.10948289 0.10914214 0.10882529 0.10853066 0.10828811 0.10805536
 0.10783128 0.10761199 0.10738234 0.10713744 0.1068755  0.10663004
 0.10639523 0.10624529 0.10614543 0.10600475 0.10581954 0.10559559
 0.10542768 0.1052808  0.10512309 0.10496853 0.10481451 0.10469375
 0.10453648 0.10440946 0.10432741 0.10428435 0.10429339 0.10430566
 0.10428929 0.10429825 0.10439866 0.10457508 0.10479924 0.10507089
 0.1054196  0.10578081 0.10614064 0.10648596 0.10683801 0.10725253
 0.107734   0.10821994 0.10875131 0.10933639 0.10986041 0.11043965
 0.11103955 0.11162599 0.11226398 0.11297374 0.11370068 0.11442791
 0.11518383 0.11601497 0.11692972 0.11784129 0.11875545 0.11969922
 0.12066736 0.12160788 0.12249532 0.12337212 0.12432192 0.12526397
 0.12614506 0.12696926 0.12775277 0.12856257 0.12939702 0.13015134
 0.13088871 0.13161705 0.132336   0.13303054 0.13367867 0.13433254
 0.13499725 0.13565698 0.13631143 0.13691132 0.13750016 0.13807445
 0.13870793 0.13931253 0.13988815 0.14046974 0.14103697 0.1416076
 0.14213372 0.14268979 0.14323453 0.14377241 0.14434097 0.14493645
 0.14552454 0.1461151  0.14667549 0.14725311 0.14782925 0.14841
 0.14903494 0.14966036 0.15026877 0.15087132 0.15148733 0.15210339
 0.15274763 0.15342809 0.15407777 0.1547032  0.15540071 0.15611451
 0.15681354 0.15755949 0.15831185 0.15905695 0.1598774  0.16072533
 0.16153627 0.16239315 0.16326086 0.16412488 0.16504706 0.16599107
 0.16697212 0.16795158 0.16894859 0.16991774 0.170902   0.17194417
 0.17294377 0.17391538 0.17491043 0.17588979 0.17685784 0.17783627
 0.17877324 0.17963591 0.18053766 0.18141461 0.18227647 0.18311135
 0.18397119 0.18480332 0.18565336 0.18648589 0.18732253 0.18815138
 0.18893438 0.18964836 0.19034476 0.19102481 0.19163491 0.1922708
 0.19292024 0.19350211 0.19406785 0.19461107 0.19512347 0.19560981
 0.19612815 0.19667342 0.19714705 0.19755751 0.19795882 0.19832246
 0.1986785  0.19899236 0.19926135 0.19954427 0.19983698 0.20007711
 0.20024089 0.20035516 0.20049979 0.20065178 0.20071094 0.20073751
 0.20077378 0.20077914 0.20077535 0.20077892 0.2007177  0.20057412
 0.20039641 0.20020121 0.20000833 0.19977667 0.199559   0.19930332
 0.19903103 0.1987438  0.19839524 0.19806979 0.19775608 0.19746394
 0.19719948 0.19693602 0.19667195 0.19636607 0.19601292 0.195668
 0.19533114 0.19501761 0.19467644 0.19435602 0.19403867 0.19373448
 0.19340872 0.193036   0.19263025 0.19225825 0.19190112 0.19156531
 0.19123481 0.19085583 0.1904542  0.19004429 0.18962107 0.18922021
 0.1888366  0.18845098 0.18808213 0.18768788 0.18729576 0.18689808
 0.1865457  0.18623939 0.18592234 0.18556908 0.18524646 0.18496974
 0.18467569 0.18435663 0.18405975 0.18378843 0.18350611 0.18322117
 0.1829537  0.18270626 0.18249921 0.18229286 0.18205769 0.18182475
 0.18159469 0.18135566 0.18112516 0.18088315 0.180655   0.18034443
 0.18002708 0.17971068 0.17938327 0.17903737 0.17864487 0.17822922
 0.17781737 0.17737506 0.17695063 0.17653365 0.17608219 0.17557335
 0.175062   0.17456394 0.17404935 0.17352886 0.17300593 0.1724703
 0.17190084 0.17131562 0.17069916 0.170047   0.16939297 0.16872853
 0.16804218 0.16728941 0.1665117  0.16571926 0.16486864 0.16403388
 0.16319848 0.16233651 0.16145781 0.16058199 0.15967864 0.15874119
 0.15780643 0.15683835 0.15585905 0.15485355 0.15381894 0.15277935
 0.15172161 0.15062441 0.14951821 0.14840708 0.14728553 0.14616587
 0.14501949 0.14387692 0.14266529 0.14141768 0.14020651 0.13898172
 0.13769513 0.13639286 0.13509517 0.13377337 0.13247728 0.13124212
 0.12998723 0.12875895 0.12753131 0.12632005 0.12514605 0.12395302
 0.12275556 0.1215675  0.12034305 0.11906256 0.11779874 0.11655891
 0.11535429 0.11416804 0.11296957 0.11181529 0.11065861 0.10947558
 0.10827746 0.10709302 0.10590365 0.10472407 0.1035722  0.10243791
 0.10133397 0.10021799 0.09908324 0.09793473 0.09677917 0.0956273
 0.09451159 0.09341415 0.09234685 0.09128048 0.09023871 0.08923097
 0.08817619 0.08712085 0.08609282 0.08513152 0.08418776 0.08330697
 0.08242188 0.08146582 0.08053723 0.07959657 0.07863397 0.0776673
 0.07669574 0.07572719 0.07477461 0.07384269 0.07292987 0.0719587
 0.07101933 0.07010016 0.06920118 0.06830657 0.06742737 0.06654049
 0.06565401 0.06480839 0.06394415 0.06309155 0.06221478 0.06134319
 0.06049876 0.05964748 0.05877963 0.05793397 0.05712299 0.05632113
 0.05547041 0.05462653 0.05382451 0.0530335  0.05222343 0.05146688
 0.05072284 0.04994415 0.0491542  0.04833325 0.04757356 0.04681856
 0.04605483 0.04526279 0.04447386 0.04367599 0.04289515 0.04215916
 0.04140977 0.04064548 0.03989805 0.03918088 0.03843116 0.03770707
 0.03700306 0.03624143 0.03544991 0.03468612 0.03393128 0.03318527
 0.03244208 0.03175183 0.0310906  0.03045716 0.02984471 0.02923388
 0.02859395 0.0279359  0.02732824 0.02675728 0.02617247 0.02556843
 0.02497053 0.02442993 0.02387818 0.02330235 0.0227375  0.02214399
 0.02153361 0.02097149 0.02046065 0.01996737 0.01946801 0.0189426
 0.01840207 0.01786717 0.01734964 0.01685244 0.01633455 0.01584116
 0.015357   0.01484811 0.01434759 0.01380544 0.01325053 0.01270371
 0.01214929 0.01164424 0.01117228 0.01070869 0.01024559 0.00976493
 0.00932142 0.00895168 0.00861904 0.00826338 0.00785674 0.00746046
 0.00704664 0.00664499 0.00625437 0.0058733  0.00553049 0.00516077
 0.00483826 0.00453742 0.00420664 0.003913   0.00361163 0.00334061
 0.00314895 0.00298983 0.00282892 0.00269323 0.00255434 0.00244121
 0.00235251 0.00229449 0.00225334 0.00222442 0.00222189 0.00219771
 0.00221152 0.00225115 0.00227381 0.00230899 0.00234778 0.00236116
 0.00242054 0.00252866 0.00263362 0.0027564  0.00288775 0.0030782
 0.00332477 0.00354849 0.00377205 0.00400115 0.00422604 0.00446441
 0.00472139 0.00501237 0.00532122 0.00567118 0.00601368 0.00638963
 0.00676362 0.00710191 0.00749383 0.00792647 0.00836951 0.00881912
 0.00928014 0.00975296 0.01025789 0.01078039 0.01125032 0.0116972
 0.01214568 0.01258464 0.01305302 0.01351993 0.01397322 0.01440077
 0.01482444 0.01524784 0.01571661 0.01619208 0.01670591 0.01721031
 0.01775698 0.01834616 0.01891987 0.01948997 0.02007672 0.02067314
 0.02126332 0.02189563 0.02252207 0.0231891  0.02388042 0.02455993
 0.0251989  0.02579418 0.02641326 0.02706226 0.0277437  0.02843434
 0.02911518 0.0298098  0.03056644 0.03133976 0.03207019 0.03277756
 0.0335377  0.0343134  0.03508561 0.03588097 0.03667427 0.03747924
 0.0383332  0.03919033 0.04001852 0.04084154 0.04168287 0.04250981
 0.04330277 0.04413676 0.04497278 0.04579247 0.04662509 0.04745174
 0.04827951 0.04912364 0.05000981 0.05086086 0.05166929 0.05247468
 0.05327989 0.05407457 0.0548197  0.05558686 0.05640766 0.05720595
 0.05797168 0.05874392 0.05954895 0.06032896 0.06112708 0.06192448
 0.06268383 0.06342261 0.06415725 0.06488161 0.065582   0.06631438
 0.06705208 0.06774542 0.06841438 0.06904289 0.06967199 0.07035194
 0.07108214 0.07179165 0.07252096 0.07322806 0.0739338  0.07468262
 0.07544113 0.07616848 0.07685736 0.07758135 0.0782995  0.07898754
 0.07969748 0.08041944 0.0810882  0.08178671 0.08248834 0.08318068
 0.08388364 0.08461146 0.0853041  0.08597065 0.08668089 0.08739037
 0.08814143 0.0888866  0.08961752 0.09037891 0.09110795 0.09179086
 0.09250764 0.09327664 0.09409483 0.09492901 0.09573528 0.09651946
 0.097326   0.09810149 0.09884954 0.09961033 0.10038936 0.10112542
 0.10180535 0.10249641 0.10323682 0.10394574 0.10468776 0.10545277
 0.10620768 0.1069653  0.10771212 0.10847827 0.10919615 0.10993023
 0.11066541 0.11143197 0.11220351 0.11295243 0.11371878 0.11446905
 0.11522101 0.11605743 0.11688862 0.11768434 0.11847162 0.1192755
 0.1200285  0.12081309 0.12165204 0.12248904 0.12333445 0.12421836
 0.12505307 0.12586742 0.1266529  0.12742867 0.12822862 0.12904649
 0.12985994 0.13065329 0.13149197 0.13231833 0.1330954  0.13391685
 0.13474352 0.13556864 0.13641415 0.13728536 0.13809932 0.1388709
 0.1396496  0.1403917  0.1411605  0.14193774 0.14267366 0.14341646
 0.14418457 0.14496756 0.1457174  0.14643056 0.14714473 0.14779203
 0.14843718 0.1490895  0.14973455 0.15038682 0.15101586 0.15165517
 0.15230063 0.15288502 0.15341096 0.15399004 0.15457936 0.15514658
 0.15573612 0.15635695 0.15690364 0.15738582 0.15785501 0.15836968
 0.15888113 0.15936677 0.15983027 0.1602914  0.16077397 0.16128171
 0.16179636 0.16228059 0.16271394 0.16313282 0.16355386 0.16391496
 0.16427978 0.16462661 0.16490129 0.16510374 0.16532882 0.1655875
 0.16582744 0.16598451 0.16612793 0.16627018 0.16639973 0.16648452
 0.16658013 0.16669376 0.16674462 0.16678912 0.1668093  0.1668072
 0.1667643  0.16672771 0.16669025 0.16663567 0.1665947  0.16652614
 0.16642567 0.16630726 0.16616105 0.16602807 0.16590826 0.16579198
 0.16569084 0.16559232 0.16550114 0.16541167 0.16528741 0.16517504
 0.1650657  0.16491662 0.16474817 0.16460573 0.16447748 0.16437603
 0.16423481 0.16408992 0.16395287 0.16382945 0.1636633  0.16349424
 0.16332764 0.16314051 0.1629225  0.1627581  0.16261499 0.16244112
 0.16227091 0.16215004 0.16203043 0.16187168 0.16168366 0.16151391
 0.16137657 0.16122893 0.1611013  0.16102831 0.16092607 0.16078222
 0.16066799 0.16053383 0.16041617 0.16029975 0.16020167 0.16013081
 0.16002057 0.15989066 0.15976224 0.15965664 0.15953288 0.15939536
 0.1592498  0.15911181 0.15899702 0.15889485 0.15879597 0.15866416
 0.15856374 0.15852554 0.15848042 0.15848768 0.15851626 0.15861457
 0.15871478 0.1588063  0.15890661 0.15908168 0.15926773 0.15950198
 0.1597151  0.15989865 0.16012078 0.16035755 0.16058529 0.16081279
 0.16106782 0.16131939 0.16156264 0.16182092 0.16204225 0.1622946
 0.16255978 0.16285129 0.1632009  0.16357162 0.1640128  0.16446302
 0.16489261 0.16536681 0.16584961 0.16635238 0.16684123 0.16738237
 0.16786532 0.16832112 0.16883603 0.16937899 0.16994732 0.17047616
 0.17099588 0.17152951 0.17204497 0.17260374 0.1731768  0.17375855
 0.17430122 0.17486168 0.17545096 0.17605917 0.17663885 0.17727302
 0.17790334 0.17853807 0.1791974  0.17986425 0.18056355 0.18129122
 0.18202275 0.18273162 0.1834005  0.18410608 0.18477595 0.18550169
 0.18626616 0.18705522 0.18783253 0.18862602 0.18943607 0.19029169
 0.19116042 0.19201602 0.19288014 0.19377433 0.19466934 0.19556507
 0.19650309 0.1973806  0.19823259 0.19908141 0.19996401 0.20083
 0.20172484 0.20258521 0.20345737 0.20431904 0.20517563 0.20601988
 0.20690474 0.20781967 0.20869435 0.20957359 0.21044676 0.21129296
 0.21214775 0.21305501 0.21396065 0.21490413 0.2158496  0.21675184
 0.21762895 0.21851119 0.21941171 0.22026849 0.2211036  0.22192443
 0.22278161 0.22358482 0.22440549 0.22522841 0.226009   0.22677069
 0.2275546  0.22834164 0.22910837 0.2298615  0.23069182 0.23148989
 0.23224941 0.23306548 0.23382156 0.23455388 0.23528238 0.23599285
 0.23670062 0.23734847 0.23798685 0.2386028  0.23920346 0.23983191
 0.24042332 0.24099509 0.24157995 0.24216657 0.2427264  0.24328459
 0.24383866 0.24438608 0.2449233  0.2454637  0.24595893 0.24638746
 0.2468384  0.24731642 0.24771625 0.24811877 0.24844305 0.24874918
 0.24902769 0.249281   0.24951843 0.24973492 0.24999398 0.25028064
 0.25050848 0.25064227 0.25077343 0.2508776  0.25095677 0.25105087
 0.25113032 0.25116293 0.25116023 0.25108913 0.25096018 0.25076022
 0.25057212 0.25036079 0.25010166 0.24978589 0.24945581 0.24911526
 0.24874995 0.24841974 0.2480619  0.24763095 0.24721154 0.24680757
 0.24630813 0.24571422 0.24506407 0.24436567 0.24360752 0.24286202
 0.24214126 0.24142094 0.24065926 0.23985077 0.23901426 0.23813242
 0.23720384 0.23625189 0.23525495 0.23422864 0.23320371 0.23217353
 0.23112136]","[0.16898072 0.16853635 0.16809367 0.16780373 0.16753834 0.16723097
 0.16694539 0.16665602 0.16633542 0.16603041 0.16568807 0.16539108
 0.16519015 0.16504303 0.16489588 0.16474061 0.16466643 0.16458797
 0.1645491  0.16452862 0.16448425 0.16449216 0.16449316 0.16452181
 0.16453984 0.16457636 0.16456647 0.16452765 0.1643891  0.16430428
 0.16421012 0.16411976 0.1640813  0.16400771 0.16393069 0.16384883
 0.16382912 0.16374582 0.16366594 0.16357799 0.1634005  0.1631909
 0.16308282 0.1631147  0.16302452 0.16289621 0.16283876 0.16276922
 0.16279169 0.16292292 0.16302497 0.16306626 0.16305951 0.16303875
 0.16298198 0.16292803 0.16283314 0.16275411 0.16268778 0.16266225
 0.16258239 0.16250479 0.1624461  0.16232215 0.16216932 0.16203517
 0.16191798 0.16182537 0.16181414 0.161764   0.16164614 0.1615141
 0.16132194 0.16116665 0.16098838 0.16075    0.16058868 0.1604719
 0.16039572 0.16028871 0.16022148 0.16020445 0.16011831 0.16001014
 0.15998714 0.15998514 0.15995315 0.15989128 0.15977713 0.15964293
 0.15952713 0.15938959 0.15917766 0.15890639 0.1585863  0.15821699
 0.15796286 0.15774684 0.1575459  0.15729659 0.15710129 0.15692667
 0.15680111 0.15675232 0.15663043 0.15647704 0.1563235  0.15611362
 0.15586252 0.15562106 0.15540714 0.1552646  0.15512385 0.15497188
 0.15484639 0.15475566 0.15459221 0.15444284 0.15437345 0.1544243
 0.15449585 0.15458202 0.15456186 0.15445684 0.15430617 0.15410726
 0.15389202 0.15369523 0.15347787 0.15323151 0.15303955 0.15297977
 0.15295852 0.15287657 0.15286616 0.15279404 0.15270177 0.15266444
 0.15271445 0.15284112 0.1530204  0.15317244 0.15322993 0.15328975
 0.15338841 0.15353549 0.1536261  0.15367945 0.15369115 0.15372958
 0.15374587 0.15367453 0.15356238 0.15344562 0.15330207 0.15317585
 0.15317941 0.15320156 0.15324461 0.15327771 0.15324317 0.15321735
 0.15321201 0.15324743 0.15329313 0.15334233 0.15334895 0.15329772
 0.15330832 0.15331664 0.15328902 0.15330341 0.15330442 0.15330546
 0.15318635 0.15305748 0.1529761  0.1528775  0.15275976 0.15270359
 0.15273848 0.15278309 0.15280841 0.15287955 0.15299028 0.15309622
 0.15319778 0.15324184 0.15336749 0.15342846 0.15353395 0.15366246
 0.15374865 0.15381116 0.15392128 0.15409677 0.15419459 0.15425441
 0.15420486 0.15417445 0.15422817 0.15432463 0.15441733 0.15444389
 0.15449616 0.15459018 0.15465021 0.15464313 0.15463567 0.15457487
 0.15449549 0.15442054 0.15433891 0.15423897 0.15413269 0.15398218
 0.15386646 0.15385374 0.15385181 0.15381836 0.15374826 0.15357667
 0.15344922 0.15328159 0.153104   0.15296123 0.152844   0.15267746
 0.15244815 0.15221376 0.15195909 0.15172132 0.15156486 0.15145636
 0.15130379 0.15114303 0.15112061 0.15114757 0.15117183 0.15114307
 0.15113869 0.15105649 0.15094652 0.15080116 0.15063336 0.15059888
 0.15062514 0.15062885 0.15063258 0.15062162 0.15052341 0.15037872
 0.15028418 0.15014854 0.14999193 0.14985447 0.14970539 0.14957474
 0.14952622 0.14958822 0.14975691 0.14993692 0.15009451 0.15026492
 0.15044124 0.15059943 0.15061832 0.15053222 0.15054878 0.15060485
 0.15054694 0.15046046 0.15033778 0.15021747 0.15015923 0.15009169
 0.1500213  0.15000763 0.15004878 0.15007491 0.15003894 0.14998045
 0.14984869 0.14971573 0.14957719 0.14943715 0.14936964 0.14929809
 0.14930096 0.1493252  0.14927668 0.14933078 0.14937266 0.1493881
 0.14934477 0.14939867 0.1494658  0.149463   0.14944991 0.14943982
 0.14940716 0.14927539 0.14913707 0.14901209 0.14884921 0.14863326
 0.14842582 0.14823428 0.14800589 0.14778671 0.14757268 0.14739918
 0.14723319 0.14708155 0.14695306 0.14671723 0.1465542  0.14645277
 0.14626978 0.14609242 0.14599442 0.14595059 0.14595401 0.1459743
 0.14596313 0.14594327 0.14596151 0.1459476  0.14590343 0.14584228
 0.14575271 0.14560698 0.14542208 0.14521449 0.14502304 0.14495635
 0.14483152 0.14465886 0.14446737 0.14425383 0.14401874 0.14374875
 0.14339955 0.14296809 0.14262077 0.14230956 0.14197804 0.14164473
 0.14138316 0.14112908 0.14094962 0.14076151 0.14062179 0.14048177
 0.14025827 0.13990721 0.13960551 0.13940454 0.13914396 0.13892788
 0.13875935 0.1385867  0.1383905  0.13820245 0.13813028 0.13808755
 0.13817247 0.13836338 0.13851831 0.13862624 0.13876942 0.13890911
 0.13909435 0.13930145 0.13945231 0.13964815 0.13987127 0.14010621
 0.14027862 0.14037021 0.14044091 0.14058932 0.14077201 0.14094962
 0.1411127  0.1412097  0.14133015 0.14145928 0.14152773 0.14154455
 0.14149574 0.14139783 0.14128634 0.14119074 0.14116338 0.14115885
 0.14111306 0.14103934 0.14090276 0.1407949  0.14069183 0.14061529
 0.14057429 0.14051009 0.14048032 0.14042459 0.14039827 0.14044852
 0.14050441 0.14051316 0.1404749  0.14050763 0.14054044 0.14049315
 0.14037848 0.14023162 0.14012536 0.13998655 0.1398457  0.13983636
 0.13984802 0.13982464 0.13985477 0.13991604 0.1399148  0.1398542
 0.13977646 0.13968732 0.13963234 0.13962053 0.13964184 0.13962774
 0.13952618 0.13938343 0.13919435 0.13899177 0.13885958 0.13870704
 0.13854305 0.13852998 0.13849997 0.13845954 0.1384196  0.13831184
 0.13820718 0.13808986 0.13802465 0.13795562 0.13794853 0.13798379
 0.13805287 0.13818967 0.13832197 0.13849274 0.13874714 0.13892089
 0.13904301 0.13913951 0.13921951 0.13932513 0.13940493 0.13943602
 0.13944269 0.13946974 0.13950379 0.13954545 0.13963751 0.13967013
 0.13970846 0.13976235 0.13980715 0.13984769 0.13987949 0.13990677
 0.13990308 0.13989734 0.13986704 0.13982834 0.139873   0.13994941
 0.13998594 0.14003385 0.14012245 0.14025532 0.14042438 0.14061656
 0.14078543 0.14094859 0.14100745 0.14104548 0.14105157 0.14104982
 0.14115743 0.14126894 0.14139737 0.14155537 0.14171488 0.14191699
 0.1420888  0.14231079 0.14259145 0.14292237 0.14326205 0.14346455
 0.1436328  0.1439     0.14416331 0.14430638 0.14449896 0.14466799
 0.14477051 0.14488154 0.14500583 0.14516629 0.14539572 0.14565711
 0.14586311 0.14601346 0.1461282  0.14625777 0.14639459 0.14659538
 0.14677442 0.14697934 0.14713873 0.14730462 0.14750244 0.14772151
 0.14791818 0.14806145 0.14815475 0.14836055 0.14855203 0.14871823
 0.14884441 0.14900735 0.14912347 0.14921342 0.14928474 0.14940658
 0.14956803 0.14971625 0.1498084  0.14987024 0.14991216 0.14998954
 0.15007813 0.15018897 0.15031213 0.15049406 0.15071934 0.15102565
 0.15125988 0.15139215 0.15152583 0.15174216 0.15185737 0.15203214
 0.15224157 0.15236416 0.15250981 0.15257203 0.15257079 0.15266365
 0.1527418  0.1528632  0.15302802 0.15316608 0.1531803  0.15310511
 0.15303311 0.15298284 0.15297637 0.152989   0.1530615  0.15310423
 0.15314256 0.15325004 0.15330744 0.15337734 0.153453   0.15351303
 0.15361452 0.15373037 0.15381012 0.15389578 0.15400554 0.15411522
 0.15418532 0.1542414  0.15432172 0.15434967 0.1543124  0.1543299
 0.15443423 0.15451838 0.15463646 0.15468266 0.15478174 0.154812
 0.15475355 0.15464156 0.15444759 0.15417513 0.15386604 0.15365152
 0.15339914 0.15305852 0.15275334 0.15241241 0.15212109 0.15189397
 0.15166858 0.15132154 0.15102059 0.15076268 0.15041493 0.15001954
 0.14961518 0.14928958 0.14895917 0.14863817 0.14829382 0.14798835
 0.14771661 0.14735387 0.14706282 0.14678911 0.14647339 0.14609453
 0.14566306 0.14535389 0.14510153 0.14479418 0.14449422 0.14415715
 0.14379177 0.14347155 0.14319571 0.14285823 0.14245845 0.14206534
 0.14164858 0.14121566 0.14082492 0.14052753 0.14025884 0.13997597
 0.13967602 0.13935113 0.13902657 0.13873979 0.13840027 0.13806455
 0.1376826  0.13736218 0.13704064 0.13668552 0.13635898 0.13603689
 0.13573053 0.13543933 0.13519532 0.13498351 0.13480051 0.13458588
 0.13438525 0.13418808 0.13391942 0.13364433 0.13346369 0.13323326
 0.13307428 0.1329365  0.13275145 0.13261557 0.13249258 0.13242338
 0.13236485 0.13218972 0.13203139 0.13189138 0.13181061 0.13175969
 0.1317153  0.13171427 0.13180269 0.13186988 0.13206475 0.13226033
 0.13248886 0.13271288 0.13295837 0.13317479 0.13334056 0.13348141
 0.13374304 0.13404221 0.13433935 0.13459661 0.13487453 0.13521894
 0.13551029 0.13577955 0.13604804 0.13632435 0.13663721 0.13701076
 0.13733754 0.13762533 0.13786365 0.13812234 0.13835518 0.13861625
 0.13879254 0.13892277 0.13907474 0.13925961 0.13948224 0.1398245
 0.14016891 0.14047387 0.14081355 0.14119492 0.14159555 0.14193818
 0.14219562 0.14246362 0.14266716 0.14283011 0.14297558 0.14315991
 0.14333675 0.14352119 0.14373435 0.14395389 0.14411507 0.14430015
 0.14452232 0.14469698 0.14486867 0.14505725 0.14525487 0.14551331
 0.14574278 0.14599034 0.14624846 0.14655673 0.14683341 0.1471145
 0.14735068 0.14754733 0.14777382 0.14804648 0.14838446 0.14872542
 0.14903843 0.14939514 0.14981399 0.15022105 0.15055615 0.15084857
 0.15109668 0.15136328 0.15161496 0.15187649 0.15217116 0.15250342
 0.15271906 0.1529228  0.15313802 0.15339287 0.15365359 0.15388892
 0.15410334 0.1542886  0.15445273 0.15456767 0.15468949 0.15482793
 0.15494991 0.15509148 0.15522301 0.15530187 0.15538941 0.15552334
 0.15566693 0.15574338 0.15571383 0.15571069 0.15572487 0.15577679
 0.15582652 0.1559885  0.15619189 0.156273   0.15630603 0.15625911
 0.15619154 0.15612256 0.1559975  0.15590393 0.15577838 0.1556708
 0.15552437 0.15536131 0.15514833 0.15494355 0.15475637 0.15465
 0.15458415 0.15453037 0.15450404 0.15441013 0.15422438 0.15414026
 0.15412109 0.15402665 0.15387139 0.1538069  0.15378443 0.15366083
 0.15349515 0.15342839 0.15338988 0.15340886 0.15341265 0.15338262
 0.15343153 0.15351155 0.15345215 0.15326223 0.15310426 0.15302437
 0.15292909 0.15287787 0.15288635 0.15293029 0.15286588 0.15274198
 0.1525886  0.1524508  0.15239388 0.15233016 0.15219094 0.15201667
 0.15178073 0.15153487 0.1512649  0.15101872 0.15093361 0.150858
 0.1506865  0.15057365 0.15049281 0.15037119 0.15017716 0.14994593
 0.14976038 0.1496215  0.14957515 0.14954012 0.14950025 0.14948486
 0.1495505  0.14958568 0.14959354 0.14959693 0.1495272  0.14949029
 0.14954835 0.1496318  0.14968585 0.14967904 0.14980421 0.15000855
 0.15015129 0.15044006 0.15073157 0.15101497 0.15131309 0.15164612
 0.1519182  0.1522027  0.15254307 0.15281843 0.15306556 0.15331155
 0.15356272 0.15373574 0.15390145 0.15403686 0.1542318  0.15439521
 0.15460461 0.15480924 0.15501491 0.15532812 0.15560182 0.15589861
 0.15621286 0.15661709 0.15706068 0.15740131 0.15763575 0.15784607
 0.1581455  0.15845041 0.15872611 0.15897492 0.15912436 0.159216
 0.15930963 0.15932566 0.15934971 0.1594993  0.15962929 0.15973412
 0.15983848 0.15981796 0.15974134 0.15971411 0.15974721 0.15970306
 0.15968183 0.15968949 0.15968523 0.15962305 0.15958711 0.15963486
 0.15968087 0.15967962 0.15964741 0.15965504 0.15968233 0.15973347
 0.15979295 0.15988919 0.15997162 0.16004941 0.16019285 0.16032823
 0.16054172 0.16074439 0.16088568 0.16093013 0.16097402 0.16109644
 0.16121719 0.16131527 0.16139151 0.16146888 0.16158702 0.16165149
 0.16181511 0.16204623 0.16217896 0.16231848 0.16237185 0.16232812
 0.16233522 0.16236482 0.16240358 0.16247204 0.16256915 0.16260575
 0.16256759 0.16243084 0.1622677  0.16214119 0.16205871 0.16197604
 0.16188443 0.16173739 0.1615759  0.1614777  0.16145156 0.16149867
 0.16153081 0.16156503 0.16166181 0.16179423 0.16194278 0.1620548
 0.16213832 0.16230057 0.16249293 0.16271614 0.16293792 0.16315833
 0.16328483 0.16334728 0.16348679 0.16369582 0.16391869 0.16411229
 0.16435997 0.1646887  0.16498793 0.16518013 0.16526752 0.165376
 0.16562425 0.16588007 0.16619707 0.16663722 0.16703079 0.1674512
 0.16788729 0.16822761 0.16851516 0.16879728 0.16906558 0.16929951
 0.16945722 0.16951825 0.16956926 0.1695932  0.16964804 0.16973325
 0.16972478 0.16967366 0.16964076 0.16958088 0.16958861 0.1695606
 0.16952604 0.1694979  0.16950794 0.16962104 0.1697787  0.16994994
 0.17017477 0.17037621 0.17061218 0.17091912 0.17113626 0.17139332
 0.17162775 0.17188052 0.17225417 0.17256355 0.17281011 0.17311705
 0.17347575 0.17379526 0.17407562 0.17431034 0.1744412  0.17452215
 0.17459068 0.17474015 0.17497239 0.17519405 0.17547879 0.1757544
 0.1759802  0.17619038 0.17641049 0.17663398 0.17684574 0.17710157
 0.17740037 0.17762114 0.17793646 0.17822077 0.17849359 0.17868117
 0.17886088 0.17904514 0.17915239 0.17936369 0.1795876  0.17980417
 0.1800265  0.18024457 0.18040643 0.18056445 0.18063678 0.18072912
 0.18080842 0.18085989 0.1810115  0.18112293 0.18117512 0.18114738
 0.1810875  0.1810584  0.18100531 0.18095434 0.180857   0.18074881
 0.18072293 0.18078948 0.18082795 0.18085083 0.18092176 0.18109938
 0.18130012 0.18150115 0.18175533 0.18208803 0.18239746 0.18261441
 0.182905   0.18310788 0.1831725  0.18325726 0.18339175 0.18357763
 0.18380961 0.18396802 0.18404211 0.18411802 0.1842698  0.18449456
 0.18471629 0.18484929 0.18488872 0.18492727 0.18500275 0.18514356
 0.18527174 0.18546235 0.18558344 0.18578496 0.18599751 0.18615499
 0.1862355  0.18633333 0.18643324 0.1865252  0.1865901  0.18657191
 0.18648351 0.18633835 0.18617373 0.18604023 0.18595044 0.18586441
 0.18577987 0.1856537  0.18543625 0.18522945 0.18504527 0.18487123
 0.18476978 0.18470412 0.18459952 0.18460485 0.18455826 0.18451271
 0.1844999  0.18437466 0.18429725 0.18421766 0.18413355 0.18405037
 0.1839604  0.18385866 0.18375024 0.18366781 0.18358892 0.18356484
 0.18361954 0.18364049 0.18359705 0.18353102 0.18344412 0.1833175
 0.18319863 0.18319105 0.18315607 0.18316768 0.18316214 0.18319724
 0.18325007 0.18329224 0.18331648 0.18325316 0.18323919 0.18317027
 0.18304991 0.18286282 0.1826819  0.18242165 0.18227638 0.18215043
 0.18199594 0.1818146  0.18167388 0.18146737 0.18117618 0.18089747
 0.18054824 0.18021554 0.17989992 0.17953936 0.17919193 0.17884538
 0.17847269 0.17819591 0.17795132 0.17765819 0.17732304 0.17700968
 0.17670735 0.1762789  0.17586073 0.1754289  0.17500319 0.17459424
 0.17417304 0.17374501 0.17333374 0.1729042  0.17241524 0.17196521
 0.17154841 0.17110339 0.17068624 0.17028886 0.17002014 0.16973864
 0.16938728]","[ 321.05028714  321.53511281  322.02227205  322.50339809  322.97981141
  323.4497896   323.90156088  324.33005665  324.74680397  325.17555603
  325.58775249  325.99936438  326.40743534  326.80977398  327.19153853
  327.59022958  327.98461906  328.35832721  328.72615103  329.08360212
  329.41920091  329.75875683  330.09572548  330.43430683  330.7723718
  331.09664297  331.42445874  331.74981898  332.04301595  332.34270221
  332.64248947  332.93870131  333.23771105  333.52596996  333.8253104
  334.12139597  334.43023982  334.73181371  335.03657167  335.34331414
  335.64376044  335.93385259  336.24490015  336.58110119  336.90037914
  337.22548405  337.55222158  337.89543918  338.2592412   338.6399848
  339.01783536  339.38707043  339.76745504  340.16375077  340.58144006
  340.99282974  341.39204575  341.81764135  342.270908    342.75252393
  343.2443346   343.74182349  344.24018766  344.73919074  345.237396
  345.76706012  346.30150013  346.86752573  347.46428437  348.07194929
  348.66760033  349.27738026  349.90888463  350.54996193  351.18308622
  351.80857045  352.44868227  353.09540844  353.74837893  354.40763013
  355.06228637  355.71213714  356.36197852  357.02075789  357.67561652
  358.32346815  358.97602852  359.62141082  360.26338373  360.92140337
  361.58098257  362.24124421  362.89682477  363.54307409  364.17664736
  364.78639115  365.4017211   366.02119731  366.64912503  367.25781766
  367.86699536  368.49660439  369.13247843  369.757197    370.37919832
  370.992576    371.61065316  372.23349531  372.84446085  373.45774723
  374.07566889  374.70318839  375.32526371  375.95602797  376.60313982
  377.26427759  377.9253614   378.6014904   379.29414021  379.98656546
  380.6876988   381.3912208   382.12049277  382.85742147  383.58068092
  384.30512287  385.03782014  385.79431307  386.55438852  387.32719969
  388.1230023   388.94359229  389.76173619  390.56801451  391.38546813
  392.19821378  393.00891368  393.8186842   394.6268156   395.43941535
  396.252913    397.0702918   397.86855538  398.66270636  399.48047315
  400.32158809  401.14766594  401.9827997   402.80703832  403.63229996
  404.45318729  405.27429304  406.09854323  406.91049034  407.71614737
  408.52058791  409.3451793   410.18060665  411.01969396  411.84610879
  412.65352786  413.44290134  414.24974273  415.06843074  415.8679997
  416.64768337  417.42103461  418.18439072  418.93946235  419.68444337
  420.41467377  421.15079934  421.86846259  422.56871068  423.25728378
  423.94320651  424.62007726  425.27324843  425.91573794  426.54983875
  427.18027977  427.811353    428.43456725  429.05263968  429.67731183
  430.28506884  430.88839047  431.49775669  432.11796204  432.71657518
  433.32442709  433.93542089  434.55258085  435.17062406  435.7899741
  436.41876534  437.0322698   437.62511215  438.19636676  438.76902366
  439.34609091  439.95504359  440.56132309  441.14857576  441.75341913
  442.37252008  443.00145562  443.64000691  444.30150784  444.96697119
  445.63509141  446.30447544  446.96875289  447.62584049  448.27507429
  448.93108493  449.59128506  450.28896762  451.00895059  451.71047797
  452.39158632  453.05484004  453.74272303  454.43965426  455.13203036
  455.82575887  456.5200474   457.22922062  457.92105074  458.62556636
  459.35019682  460.09270758  460.85893572  461.62705256  462.38248693
  463.14945143  463.95880962  464.80370596  465.67081726  466.5602789
  467.48656913  468.42006001  469.35355248  470.28060757  471.21165319
  472.17279984  473.16657246  474.16354654  475.18310628  476.22929521
  477.24718863  478.29240024  479.34860745  480.39891381  481.47474403
  482.58610171  483.70647818  484.82828502  485.96564052  487.14094044
  488.3590681   489.57790027  490.80012239  492.03917966  493.29198018
  494.53326005  495.74976528  496.962628    498.21398946  499.46338778
  500.68345122  501.87598945  503.0495981   504.23828581  505.44131744
  506.60520468  507.76188502  508.915499    510.06567287  511.20464774
  512.32101158  513.44122934  514.5682911   515.69416151  516.81859338
  517.91572047  519.00849951  520.09497443  521.21377622  522.31848405
  523.4087784   524.50365412  525.5922246   526.68370707  527.75251192
  528.83876061  529.92012938  530.99848812  532.09457409  533.20649751
  534.31560804  535.42710963  536.52362086  537.63033257  538.73736094
  539.84782553  540.983407    542.1203166   543.24908907  544.37603654
  545.51161455  546.64854703  547.8019904   548.97678849  550.13587277
  551.28278273  552.47083184  553.66888544  554.86008098  556.07869189
  557.30241092  558.52348318  559.78788077  561.06921705  562.33143634
  563.6212504   564.91918357  566.21680509  567.5492667   568.89599485
  570.26580636  571.63694024  573.02024439  574.38982352  575.77012675
  577.18620582  578.58005717  579.9599144   581.35539246  582.74377375
  584.12775522  585.52011661  586.89045455  588.21903338  589.57254404
  590.913649    592.24822232  593.56886683  594.90610385  596.22876389
  597.56380437  598.89024671  600.22068905  601.54805137  602.84967905
  604.11177479  605.36476612  606.60915824  607.81247585  609.03271016
  610.26256673  611.4520145   612.63300294  613.80127714  614.95136111
  616.08613034  617.2413389   618.41385727  619.54287791  620.63339807
  621.71907538  622.78196083  623.84053824  624.87389481  625.87991714
  626.89540253  627.91798221  628.90768849  629.84936992  630.7601267
  631.69063399  632.62582027  633.50203192  634.35788434  635.22061394
  636.06357346  636.9001301   637.74193274  638.54218849  639.28881329
  640.01358997  640.72722     641.44197298  642.13124031  642.82920376
  643.50170117  644.16305241  644.81443448  645.42580146  646.0516927
  646.68480029  647.33166912  647.99613891  648.66094985  649.32497356
  649.9615752   650.56701361  651.17758214  651.79304508  652.42303992
  653.0349722   653.66030262  654.28723394  654.92255438  655.54362004
  656.13340767  656.70100985  657.29045196  657.8895755   658.50201814
  659.11733936  659.70040695  660.26796386  660.82976667  661.38276934
  661.94998097  662.52823094  663.10459043  663.69165541  664.26150559
  664.83225694  665.39994267  665.99679939  666.62307864  667.24161785
  667.83598504  668.44972238  669.09221049  669.72308151  670.33705098
  670.96549943  671.61048068  672.248343    672.88442696  673.53155121
  674.19159411  674.87782535  675.56455347  676.23178439  676.89946092
  677.56830646  678.23171918  678.90112372  679.56176272  680.23107806
  680.84441691  681.45176111  682.05803383  682.65676813  683.24329303
  683.79870473  684.33797411  684.8783926   685.39702222  685.92775623
  686.46205017  686.9729364   687.4450598   687.91488724  688.3927825
  688.85777806  689.31773083  689.77519012  690.22392869  690.64830703
  691.06142738  691.45208347  691.81681111  692.17940033  692.53445094
  692.87300029  693.1649572   693.43818731  693.70114218  693.92288645
  694.15598486  694.38756701  694.59939252  694.79871539  694.99921478
  695.17850137  695.33300666  695.48906227  695.62299434  695.74980418
  695.85728643  695.94407126  696.02676629  696.09391427  696.13235064
  696.16317087  696.188475    696.2046955   696.21997726  696.21515794
  696.21161837  696.15843496  696.07971831  696.02676218  695.96264551
  695.85425714  695.7342965   695.61740174  695.48372519  695.36895604
  695.29597734  695.20768586  695.13685407  695.06652751  695.0071878
  694.97270529  694.92458442  694.8741618   694.82988275  694.75742395
  694.64598469  694.54503374  694.46024801  694.39927589  694.3490196
  694.28746802  694.25753166  694.22462659  694.17084161  694.10424496
  694.04643933  693.98463196  693.92762299  693.88823987  693.85963974
  693.85001064  693.83130401  693.79879751  693.75678483  693.70964725
  693.66410074  693.64265315  693.63326424  693.64489472  693.65808558
  693.68792754  693.7401421   693.7584957   693.77542535  693.81203469
  693.89591934  693.99166218  694.13269532  694.27070384  694.35862765
  694.46526681  694.56163137  694.64099497  694.71661094  694.78756875
  694.86088854  694.94752013  695.04646888  695.15629171  695.22370367
  695.31265904  695.41401277  695.52830813  695.64382038  695.77214526
  695.89460236  696.01797407  696.16834872  696.3031306   696.44284121
  696.5630582   696.68695315  696.82948193  696.96703792  697.09071897
  697.22968958  697.39196685  697.56085456  697.69348444  697.82921773
  697.994489    698.16785064  698.32924197  698.52725819  698.73377251
  698.91423594  699.08837804  699.23898013  699.43293204  699.62879298
  699.81845848  699.98774812  700.15724111  700.31916242  700.4918018
  700.69701929  700.89290065  701.07754321  701.27437329  701.49225844
  701.68563311  701.89645025  702.12014866  702.3016322   702.46234252
  702.64370456  702.82814368  703.01669594  703.20577089  703.43320065
  703.68089793  703.94529116  704.22276723  704.50160816  704.76052722
  705.00550486  705.2859253   705.59047972  705.88593059  706.16564837
  706.44802676  706.77001977  707.08478086  707.38236684  707.6842617
  707.96366169  708.2330813   708.53725206  708.87735567  709.22929707
  709.57624587  709.90228635  710.22051674  710.54208274  710.87404994
  711.22244054  711.55808767  711.91090452  712.27088047  712.61200672
  712.95945796  713.27845526  713.58749162  713.90284311  714.21031168
  714.55264069  714.91926209  715.29188908  715.66221782  716.02104317
  716.40816236  716.84649132  717.30974876  717.75497394  718.16284399
  718.57648375  718.97640614  719.3820523   719.79856384  720.22225229
  720.67283178  721.1017964   721.56340586  722.0380092   722.48902975
  722.96474578  723.43232371  723.9206736   724.46506217  725.03249362
  725.59841907  726.18015406  726.75691218  727.35180928  727.96641317
  728.60335651  729.25296498  729.91144571  730.58843875  731.25113175
  731.94265686  732.65412677  733.35470982  734.06764608  734.78306411
  735.47955081  736.21112638  736.98123878  737.75048982  738.53320461
  739.32370286  740.15771758  741.03291598  741.89236189  742.75219847
  743.61843654  744.48445684  745.36031336  746.25035906  747.16520238
  748.09197255  749.05125521  750.00619745  750.98831908  751.97068754
  752.92609397  753.9237696   754.95222405  755.9865674   757.0268783
  758.07567045  759.13485608  760.21841786  761.31641129  762.37598715
  763.41924664  764.46695251  765.50823544  766.56852625  767.62452059
  768.6724427   769.7040206   770.73245985  771.76384994  772.82947825
  773.90197977  775.00632034  776.10614932  777.24075929  778.4081333
  779.56491488  780.71873382  781.88851884  783.06836828  784.24569987
  785.45714005  786.66369012  787.9074937   789.17163859  790.42811816
  791.65750989  792.85561982  794.07255634  795.31253931  796.58341862
  797.86689206  799.14302851  800.43146284  801.76617002  803.11588156
  804.43285841  805.73263144  807.07575416  808.42983079  809.78201775
  811.15369698  812.52717206  813.91153189  815.33695272  816.76298119
  818.16945549  819.57641174  820.99406498  822.39970397  823.78100005
  825.19920467  826.62246576  828.03061963  829.44327631  830.85226362
  832.26697368  833.69921947  835.16765512  836.6096252   838.02356113
  839.44049823  840.85616288  842.26800098  843.64460572  845.0425972
  846.48526683  847.91307753  849.31395894  850.71954884  852.15216323
  853.56479886  854.99325836  856.41661483  857.80882839  859.18757409
  860.56038055  861.92723169  863.27444254  864.64644759  866.02281846
  867.3619956   868.68085557  869.96891705  871.25922843  872.59580305
  873.97544059  875.33726703  876.71603048  878.07665151  879.43983656
  880.84405087  882.26298341  883.65381505  885.00923624  886.3979528
  887.78203627  889.14324251  890.52747831  891.92555965  893.27918188
  894.66456184  896.05218096  897.43125892  898.82559187  900.24173494
  901.62391923  902.97777016  904.37738967  905.7813763   907.21730603
  908.65178143  910.08131884  911.53575857  912.96378637  914.35214903
  915.77325252  917.2421624   918.75987875  920.29981063  921.81660937
  923.30898644  924.8173197   926.30277747  927.76176887  929.22908944
  930.71959943  932.17085432  933.57055763  934.97963028  936.43505941
  937.8647101   939.32930484  940.81189991  942.2862714   943.76601262
  945.2403116   946.73299279  948.17871075  949.64576782  951.11967002
  952.62034534  954.12825648  955.60878276  957.10727986  958.59885948
  960.09895794  961.68365263  963.26347376  964.80467744  966.34417992
  967.90179107  969.40825511  970.95259191  972.55349956  974.14827928
  975.74910826  977.39047239  978.98785713  980.56921547  982.12627992
  983.66580995  985.23163926  986.81599794  988.40148656  989.97424455
  991.59297054  993.20479265  994.77420439  996.38198031  997.99536796
  999.61459591 1001.25976154 1002.93667567 1004.55654046 1006.14089489
 1007.73820391 1009.3104488  1010.91654509 1012.52893133 1014.09471177
 1015.66378042 1017.26279665 1018.87854727 1020.46288684 1022.01561926
 1023.56753748 1025.04476134 1026.51611936 1027.99101089 1029.46335081
 1030.95680638 1032.43067794 1033.91697923 1035.42088106 1036.86394165
 1038.24681113 1039.68577801 1041.14059799 1042.56498407 1044.01474565
 1045.49728792 1046.8969909  1048.22124221 1049.53303732 1050.90274754
 1052.27370344 1053.61726511 1054.94431158 1056.2664644  1057.6119561
 1058.98132555 1060.35846564 1061.71060063 1063.00348827 1064.28154498
 1065.56974103 1066.78945153 1068.01659986 1069.2274481  1070.36463352
 1071.41773167 1072.49092509 1073.60661204 1074.70419975 1075.71748253
 1076.71543784 1077.71586198 1078.70373702 1079.63992732 1080.59250321
 1081.56852828 1082.47303707 1083.37072912 1084.23527174 1085.06891738
 1085.86213948 1086.6624943  1087.46139046 1088.24123799 1089.03700415
 1089.80381407 1090.53574415 1091.24270562 1091.91885485 1092.61194505
 1093.32882963 1094.04388312 1094.77588601 1095.5082659  1096.24025275
 1096.97585098 1097.67199982 1098.38830589 1099.11796976 1099.79725213
 1100.46567359 1101.16741654 1101.89261646 1102.64007895 1103.33997488
 1104.04778914 1104.77126032 1105.51142663 1106.20414264 1106.89491096
 1107.57725164 1108.22599822 1108.83835944 1109.50352123 1110.19774907
 1110.85205515 1111.51673414 1112.24348674 1112.96428481 1113.63273647
 1114.251141   1114.89068207 1115.57841231 1116.24944319 1116.95183522
 1117.72281614 1118.44794071 1119.12335785 1119.83502352 1120.52040292
 1121.22554668 1121.92760011 1122.64730454 1123.39136218 1124.08624722
 1124.74417534 1125.39910666 1126.08149992 1126.74941703 1127.3984923
 1128.03479221 1128.66680581 1129.32555146 1129.99949676 1130.68923699
 1131.34141417 1132.03012503 1132.80201905 1133.57482166 1134.41033537
 1135.27779893 1136.23416823 1137.1955674  1138.13228091 1139.08011905
 1140.12067745 1141.17046901 1142.27481215 1143.35606826 1144.41001577
 1145.51638659 1146.63719919 1147.74275612 1148.85345429 1149.99361323
 1151.13182711 1152.26286212 1153.4067058  1154.49527837 1155.6188872
 1156.75749836 1157.93814331 1159.19105317 1160.46737053 1161.83067068
 1163.19806913 1164.52990522 1165.90962611 1167.29138953 1168.69716018
 1170.07845027 1171.51753503 1172.8936819  1174.24882427 1175.68795169
 1177.15768981 1178.65756328 1180.11023557 1181.55497356 1183.01221726
 1184.45478875 1185.96701893 1187.49446663 1189.04101665 1190.54532079
 1192.0758158  1193.63312559 1195.20977236 1196.73901343 1198.33976385
 1199.93702066 1201.53942531 1203.18063459 1204.8299065  1206.50991361
 1208.21696963 1209.93638109 1211.64460907 1213.30066634 1215.00405034
 1216.66892265 1218.40325431 1220.19793061 1222.03768615 1223.86103842
 1225.70437023 1227.58742424 1229.54122797 1231.51336778 1233.47099782
 1235.44351486 1237.4635575  1239.4827272  1241.50352728 1243.58645423
 1245.58530978 1247.52712398 1249.45594036 1251.43680758 1253.41433519
 1255.45020915 1257.44881972 1259.46698172 1261.48080649 1263.49864216
 1265.50898156 1267.5666088  1269.64351812 1271.6571215  1273.68165142
 1275.71100658 1277.71593806 1279.72405508 1281.80666813 1283.87544487
 1285.99786499 1288.13496386 1290.21384093 1292.25146101 1294.30274743
 1296.38385899 1298.41818548 1300.42606166 1302.40920786 1304.42257684
 1306.34865    1308.29757299 1310.2651293  1312.18237627 1314.08747456
 1316.02226916 1317.96616255 1319.87829874 1321.77160623 1323.75590045
 1325.6947354  1327.59745883 1329.58087339 1331.47664498 1333.35092095
 1335.20561806 1337.01856961 1338.83639853 1340.56782018 1342.29768965
 1344.01039891 1345.71065942 1347.4423503  1349.1229886  1350.78270172
 1352.458003   1354.12824481 1355.76056443 1357.40314154 1359.05803279
 1360.70266019 1362.32935321 1363.97479853 1365.56539691 1367.0540441
 1368.57673649 1370.14655545 1371.60198816 1373.05614921 1374.39168366
 1375.71065675 1377.0010953  1378.26861136 1379.50789382 1380.69622616
 1381.94124082 1383.21635263 1384.40197906 1385.44600863 1386.4909312
 1387.50180606 1388.49934712 1389.52271728 1390.52380464 1391.45991738
 1392.34524364 1393.13071059 1393.82232836 1394.40076014 1394.98710147
 1395.5472699  1396.04812114 1396.46284535 1396.84839806 1397.21869371
 1397.54658924 1397.92376617 1398.25496282 1398.47655538 1398.70573266
 1398.94857714 1399.05755871 1399.01562516 1398.90463115 1398.73283663
 1398.47700296 1398.23876567 1398.02337259 1397.80904003 1397.53393928
 1397.17814253 1396.76447172 1396.29998989 1395.77385884 1395.21262374
 1394.59275516 1393.92285296 1393.27072601 1392.6072659  1391.90024314]","[  5.57915076   5.38018296   5.21113628   5.04931697   4.91209781
   4.80409004   4.7219323    4.65316131   4.60659217   4.58072104
   4.56660401   4.56091107   4.55218187   4.52912368   4.52810861
   4.51869751   4.50372356   4.51339785   4.51089831   4.53813282
   4.57627846   4.56259001   4.53681467   4.48942356   4.42245056
   4.37429685   4.33369015   4.3097244    4.3096454    4.28735609
   4.24491233   4.19649955   4.14189419   4.1390322    4.12175562
   4.12771728   4.12092905   4.11510092   4.11711503   4.14017623
   4.14382663   4.15588811   4.16070541   4.1462121    4.15245156
   4.14984382   4.13788264   4.08732027   4.0358611    3.98206103
   3.94751567   3.89882883   3.84887103   3.78930015   3.73157821
   3.65812108   3.59095021   3.50978362   3.4333745    3.36678355
   3.30996376   3.26303144   3.20767881   3.14122078   3.07541093
   3.04383069   3.00218704   2.99284013   3.00848761   3.02175996
   3.04201431   3.07405379   3.08266518   3.10068683   3.09512784
   3.05655752   3.04613411   3.05598143   3.06341836   3.08394884
   3.11500399   3.1417474    3.14392654   3.16870128   3.18457976
   3.17595377   3.1697468    3.1543364    3.14729533   3.16398933
   3.19552577   3.23134191   3.28433219   3.33199391   3.37229927
   3.38149847   3.41703026   3.48662707   3.5653372    3.57687078
   3.5348282    3.49558598   3.4934914    3.44531612   3.37430138
   3.33488945   3.29352923   3.23948453   3.14995161   3.09744897
   3.06138625   3.03233497   3.0238415    3.01662075   3.00683547
   2.99325523   2.99931119   3.00203054   3.00075582   2.96572897
   2.92643167   2.90728621   2.89494069   2.88458111   2.86994609
   2.85035174   2.8286787    2.78522285   2.73229536   2.67655316
   2.65202539   2.63010305   2.613386     2.63755632   2.65449128
   2.63068716   2.60295635   2.58318739   2.56166004   2.56447416
   2.58399913   2.61951877   2.63555963   2.66688584   2.67909537
   2.72141222   2.78105056   2.83899309   2.8489769    2.85316199
   2.86690208   2.84791514   2.81544995   2.78454352   2.76188817
   2.71589991   2.68923722   2.66681725   2.6540783    2.6222177
   2.56915992   2.54457846   2.55121558   2.58768601   2.63878801
   2.70736725   2.77937113   2.80644736   2.83151546   2.80718964
   2.74042086   2.70590293   2.69378661   2.70691157   2.70097268
   2.67403558   2.65163075   2.62316651   2.62030652   2.66394712
   2.72435461   2.7693873    2.83465936   2.87569737   2.88368799
   2.90283036   2.89613223   2.90941115   2.92624389   2.92289769
   2.93249031   2.97171446   3.01156348   3.07667235   3.15789698
   3.27612574   3.41060634   3.54851619   3.699402     3.92305129
   4.18123708   4.42815114   4.67493943   4.92321171   5.1341689
   5.30639116   5.45081182   5.60966457   5.78474015   5.95201728
   6.04931423   6.10385887   6.146888     6.18784018   6.23945378
   6.27273975   6.28792354   6.27612059   6.26091155   6.25587016
   6.24560885   6.23328383   6.1856094    6.11830922   6.09725981
   6.08841226   6.12344628   6.15136754   6.14456121   6.06401195
   5.95547947   5.85118626   5.72802761   5.63534099   5.58805451
   5.52645607   5.46265208   5.40440596   5.31971941   5.21861168
   5.15033715   5.15427133   5.16283146   5.15051318   5.16183518
   5.17509152   5.2126035    5.27345499   5.34834537   5.43345195
   5.49898221   5.5631845    5.63123877   5.65255407   5.6426444
   5.60828641   5.51713652   5.41692464   5.33738287   5.24381284
   5.18754477   5.175404     5.19468226   5.25922979   5.30640869
   5.37153698   5.40248551   5.42283832   5.48115171   5.53825374
   5.52714538   5.44584009   5.35489137   5.29282808   5.25983482
   5.20611957   5.14492414   5.09465102   5.03769303   4.96829997
   4.88033271   4.75416221   4.62738264   4.5101103    4.39374124
   4.23700667   4.10809176   3.99774698   3.94107392   3.85332977
   3.70746079   3.61301143   3.54002834   3.47560488   3.36774856
   3.36402412   3.37395699   3.31961899   3.33456465   3.41897675
   3.50293011   3.5785559    3.66462473   3.73151354   3.80082044
   3.84911942   3.91411486   3.95904156   3.99046335   4.04974587
   4.12724967   4.22364066   4.30416395   4.41235387   4.50383499
   4.58448423   4.67814581   4.72198237   4.75629472   4.78313562
   4.81376328   4.83159975   4.80705075   4.76118132   4.70521638
   4.65149583   4.6250923    4.59225651   4.56161984   4.51552539
   4.45972972   4.41542114   4.36868426   4.33477842   4.28738076
   4.26860436   4.26087477   4.25834364   4.23697363   4.19376016
   4.15744277   4.14695981   4.15889383   4.15543142   4.15940066
   4.20603772   4.32798382   4.47976174   4.62145469   4.77134501
   4.90509589   5.04277143   5.146243     5.22430659   5.31675929
   5.4667392    5.61931171   5.75443771   5.89046449   6.02128535
   6.15704141   6.24585676   6.35996882   6.4696439    6.54720758
   6.59713779   6.6217708    6.61031782   6.57969074   6.52627174
   6.47817133   6.4189661    6.33300333   6.29501559   6.27385582
   6.27802814   6.32751887   6.3405738    6.31468664   6.29032918
   6.30648614   6.29923699   6.24593686   6.21546647   6.25790715
   6.28277288   6.24499027   6.26867377   6.27320924   6.18211374
   6.11517784   6.0857638    6.05040484   5.98280406   5.92153696
   5.78224935   5.6319434    5.48781932   5.33888165   5.20012256
   5.07257709   4.97733645   4.89588323   4.82530684   4.75577182
   4.70842644   4.66604804   4.6660696    4.68833532   4.68173861
   4.74143821   4.84834653   4.96144274   5.10620045   5.28995211
   5.46962444   5.64907481   5.85003773   6.09499681   6.3083277
   6.50084914   6.71045714   6.91212082   7.13595648   7.40732791
   7.6701189    7.94021276   8.20052377   8.46352731   8.73293817
   8.99790813   9.34413076   9.64786658   9.88925154  10.11655488
  10.37061571  10.57920885  10.68904722  10.82400586  10.97610544
  11.13076802  11.27136343  11.45232581  11.65444588  11.83527798
  12.00262427  12.12714925  12.2703027   12.42883701  12.54640419
  12.63843168  12.78573713  12.96208653  13.10447317  13.22551232
  13.37073297  13.4656271   13.49293202  13.54290988  13.64044834
  13.80147631  13.97362032  14.0993111   14.20746157  14.33684778
  14.41658053  14.53822152  14.72150122  14.90799126  15.07238258
  15.19312651  15.29780873  15.39509226  15.52572391  15.6395207
  15.76800472  15.88854692  15.98594676  16.07839962  16.19058274
  16.27734709  16.37403673  16.44347844  16.54710353  16.65042802
  16.80656236  16.95211534  17.07799555  17.20198623  17.32772256
  17.40175542  17.46740535  17.557098    17.72667573  17.9591786
  18.18124444  18.41913041  18.66495563  18.82957269  18.97953973
  19.11148836  19.1972968   19.24712622  19.24473594  19.2195852
  19.17678193  19.10643092  19.05177535  19.04635124  19.01156531
  18.96156874  18.91960038  18.90627158  18.92584195  19.01846167
  19.1226297   19.19912587  19.26905129  19.37452154  19.49784232
  19.61474396  19.74813749  19.94108587  20.15011882  20.28301617
  20.44269872  20.59237988  20.75404007  20.92286239  21.04949106
  21.10732754  21.22731529  21.33074935  21.37353174  21.3643718
  21.35988667  21.36437396  21.32994606  21.26945854  21.18892991
  21.06542064  20.9449045   20.82545466  20.73586421  20.66656043
  20.5921281   20.51242378  20.44005501  20.40192438  20.42584138
  20.46453193  20.48887566  20.49767135  20.49878648  20.55551135
  20.67642358  20.81429564  21.03614992  21.28108125  21.52109216
  21.77372607  21.98593897  22.16343885  22.33466635  22.48881088
  22.67651137  22.95887804  23.19879713  23.38549028  23.53626121
  23.69324487  23.82266358  23.9425266   24.02868124  24.2015158
  24.38003926  24.59975944  24.79794111  24.93848768  25.00744798
  25.01911941  25.05536579  25.10505281  25.1708277   25.18977857
  25.22593255  25.25804648  25.31860396  25.33633461  25.32705977
  25.34932859  25.40409303  25.51827787  25.6316306   25.75793264
  25.85021206  26.00594089  26.12726749  26.28392524  26.42075924
  26.57422948  26.73016732  26.85062859  26.95418109  27.04405822
  27.18471082  27.34436721  27.50033497  27.68445429  27.88172747
  28.04976528  28.22102923  28.37615005  28.5014229   28.64880981
  28.84343188  28.97237832  29.0646759   29.1358908   29.25250398
  29.3821183   29.4554665   29.5008028   29.56798548  29.66496254
  29.7483892   29.84595282  29.91460487  30.01292163  30.0713576
  30.10337828  30.12949409  30.18653352  30.25353227  30.24921465
  30.20401984  30.22165928  30.26783385  30.31906614  30.36868072
  30.41490522  30.41443303  30.49910023  30.58043754  30.62720025
  30.73551538  30.90430207  31.07895094  31.27925127  31.46100942
  31.66294853  31.9055769   32.13889019  32.39682756  32.60957907
  32.82502681  33.0659825   33.31695405  33.51802412  33.75324387
  34.03598681  34.29138863  34.51748521  34.71743721  34.90848967
  35.07289664  35.2225875   35.31687095  35.48373484  35.66620185
  35.84370566  35.98253289  36.10018428  36.17012432  36.20697944
  36.20737982  36.1610678   36.0979552   36.01111609  35.91735438
  35.82291283  35.68060169  35.48573283  35.28003379  35.11767149
  34.95843093  34.80825902  34.65788381  34.49117284  34.35738809
  34.24689299  34.16015708  34.10646397  34.12421533  34.13702802
  34.14491274  34.18077097  34.27493072  34.39954254  34.52783054
  34.68468954  34.83348991  34.96751509  35.11886725  35.27388047
  35.47197484  35.72644657  35.9680898   36.20776886  36.42604341
  36.6024341   36.80497939  37.02130017  37.26861731  37.53860917
  37.79293317  38.07479838  38.3444439   38.55761549  38.77450659
  38.97206114  39.18201466  39.37531838  39.57270491  39.78315464
  40.00195298  40.27063269  40.539501    40.72263559  40.8261457
  40.96143554  41.14737638  41.31437792  41.52954003  41.71384968
  41.91408247  42.13899902  42.40099475  42.68304559  42.94122894
  43.20615298  43.44664227  43.72420114  44.02770529  44.35474857
  44.67969053  44.9768641   45.34907974  45.71873604  46.09117466
  46.52683658  46.99866275  47.44741706  47.85908147  48.33661206
  48.88141016  49.40629515  49.92636556  50.36268493  50.79708882
  51.23252828  51.66504815  52.08702771  52.45572679  52.81285801
  53.15411265  53.52452596  53.8906481   54.25178113  54.55092776
  54.88464868  55.26323899  55.5433981   55.7922963   56.06882443
  56.36827454  56.69333408  56.96466452  57.11066049  57.24731255
  57.42891486  57.64339209  57.84859094  58.06907937  58.38003842
  58.74894867  59.07519708  59.45076149  59.89584351  60.35706489
  60.78335822  61.24310267  61.68623573  62.09016299  62.45660499
  62.81723173  63.160768    63.41624191  63.66659036  63.95271791
  64.18231945  64.42921691  64.66960105  64.85031473  65.00577464
  65.1569405   65.2966883   65.47632978  65.6638743   65.86277666
  66.03134681  66.18184458  66.30670195  66.4292334   66.58384783
  66.76442374  67.00846632  67.22153127  67.39216237  67.57341157
  67.74082337  67.94067785  68.17184871  68.42359896  68.69343574
  69.01678519  69.31397585  69.58642544  69.91498242  70.21446194
  70.4617426   70.62589489  70.85593413  71.13176072  71.31113545
  71.52004806  71.81303549  72.04928795  72.30383243  72.56895717
  72.83801924  73.08633384  73.36016067  73.71002124  74.06719371
  74.34737831  74.54265536  74.78749611  74.9974883   75.1425399
  75.34558711  75.53545254  75.71329193  75.85701556  75.98494068
  76.14027594  76.32656547  76.44621116  76.56006439  76.68926861
  76.85653443  77.00509396  77.11454862  77.28087677  77.50015784
  77.6617009   77.83326506  77.90420457  77.9744995   78.13396423
  78.36144038  78.61125528  78.83841567  78.98174429  79.18203889
  79.38367666  79.53768375  79.76166822  80.01058647  80.18179835
  80.30065268  80.42879402  80.57963124  80.75512528  80.95701654
  81.03383505  81.11869803  81.19390764  81.3168141   81.50574145
  81.6871635   81.91113888  82.19283348  82.37696441  82.53953255
  82.77294379  83.05355899  83.38275541  83.68901105  84.05806225
  84.47587987  85.01628994  85.62021907  86.1717965   86.63807587
  87.03663907  87.46657941  87.8917889   88.32234815  88.80067385
  89.23654934  89.57345468  89.85134515  90.06759031  90.32580613
  90.72878554  91.16239558  91.60190791  92.15921225  92.72449825
  93.27710734  93.8243932   94.41630398  94.90528607  95.40485112
  95.8907698   96.29066736  96.57852408  96.86610352  97.26086743
  97.69405639  98.11076125  98.59722711  99.0426453   99.48300902
  99.88200141 100.27607701 100.73539798 101.1188963  101.49688624
 101.95134257 102.33887524 102.75362579 103.19259387 103.65620427
 104.03221223 104.35899646 104.74951315 105.15641819 105.60739867
 106.04635084 106.51890142 106.99755279 107.43268635 107.91509251
 108.43413192 108.90719902 109.37971117 109.77744672 110.10073557
 110.46155545 110.82310812 111.17862272 111.52586745 111.8811074
 112.24965145 112.61449073 112.91986171 113.21706829 113.54273149
 113.96579279 114.33108969 114.69957664 115.04454688 115.30722684
 115.58821864 115.85289827 116.19075797 116.63266848 117.00821415
 117.48534311 118.01306013 118.61935227 119.15935388 119.65872815
 120.27707224 120.96343242 121.6639005  122.35589726 123.06001325
 123.65862454 124.15361973 124.62326286 125.03539402 125.50470172
 125.91778167 126.39264933 126.94164536 127.42080689 127.81306181
 128.04299609 128.28417708 128.64227306 128.95126236 129.34757604
 129.82012374 130.16914536 130.48461482 130.83214229 131.14270036
 131.46881625 131.75597546 132.0198114  132.23234452 132.39512159
 132.42029099 132.40707537 132.41594158 132.4780171  132.50904948
 132.50845107 132.3946985  132.28830294 132.19598702 132.21281647
 132.22529964 132.25384186 132.4097968  132.64518454 132.91734809
 133.26195556 133.70370424 134.16911957 134.49855215 134.83880067
 135.25595212 135.64056362 136.02411054 136.41328144 136.85389031
 137.36891589 137.86204962 138.30501929 138.78936989 139.25609928
 139.73782436 140.23587532 140.69074432 141.02991495 141.35840638
 141.68690949 142.11405615 142.5841509  143.04055301 143.54255128
 143.98327252 144.3109952  144.59837733 144.80919344 145.01617552
 145.13950333 145.22958487 145.35009271 145.55238984 145.87709765
 146.1772994  146.47363471 146.74847132 147.03591353 147.28550752
 147.58436069 148.03104581 148.45299811 148.94389408 149.45306468
 149.99563922 150.46454311 150.89452687 151.20048333 151.55579357
 151.90795792 152.24525757 152.64924157 153.03008498 153.32804839
 153.55557811 153.83164066 154.22711113 154.57396013 154.93353816
 155.3171415  155.70762574 156.1977069  156.79777633 157.36467441
 157.9154152  158.61201168 159.41764503 160.22274611 161.01996836
 161.83065213 162.70894777 163.54852475 164.37408643 165.25896853
 166.04501688 166.60777045 167.07635533 167.60872657 168.25612965
 169.06152823 169.8945548  170.75171906 171.66461574 172.64194346
 173.6574655  174.62214716 175.41549779 176.09179044 176.78855196
 177.5676532  178.40860265 179.16838731 179.9690695  180.66303335
 181.37381434 182.14799261 182.88129523 183.52602604 184.20120383
 184.90180952 185.65201003 186.39660079 187.07440026 187.60754029
 187.98556807 188.35063953 188.81845248 189.30670675 189.87217655
 190.4359399  191.02255454 191.55289334 192.04740533 192.45264698
 192.81782539 193.27157791 193.75796286 194.16066102 194.61622816
 194.94965207 195.12599983 195.3477772  195.50353602 195.72143656
 196.02559571 196.38112106 196.691631   196.96779129 197.27455356
 197.56701194 197.79345673 197.9920132  198.2756005  198.67497659
 199.05368701 199.39398921 199.82515798 200.288148   200.65179939
 201.03042351 201.48057876 201.85517196 202.18295771 202.40956707
 202.68499258 203.02655198 203.44841556 203.82004071 204.01655205
 204.193563   204.29805944 204.3269078  204.25239898 204.20081383
 204.17223851 204.29006671 204.44841922 204.5963799  204.7359187
 204.86091429 204.9444893  204.90470687 204.74846463 204.52822352
 204.34962263 204.21574284 204.01951819 203.75698731 203.48482606
 203.15633133 202.82602749 202.42912719 201.97560497 201.46552153
 200.90160153 200.32659872 199.60426207 198.9527217  198.34496368
 197.72212796 197.09986266 196.3924782  195.68942407 194.96033041
 194.0994012  193.09000701 192.17694298 191.28659802 190.3635813
 189.4616532  188.47846104 187.61635375 186.72037197 185.71715489]","[  7.15353999   7.0710233    7.38800894   7.43112284   7.18179778
   7.45774182   7.21820279   7.85075323   8.17811404   8.67727779
   8.25552046   8.90356561   8.59433058   9.65566369   9.56271731
  10.05516932  11.27838043  11.30983388  11.02137229  11.40865233
  11.51591453  12.60713647  12.45146397  12.69355084  12.55140775
  12.81026257  15.61011926  16.13997752  15.48895286  16.26634907
  17.71666161  18.14021653  17.68845422  19.6360408   22.10667457
  21.82449429  23.17613113  24.92096262  26.97411069  26.93722937
  26.14798932  32.47837308  35.36954391  34.79911888  38.00278895
  44.19034562  46.15107484  54.87982456  55.16193011  84.91470835
  59.15041838  66.61818108  57.38760972  62.27918844  82.84121832
 121.18649753 121.21652129  96.06551444]"
n:it30samp10 corrfield z2:180.0 z1:1224.0 data:pos,"[ 331.96587907  326.49449923  337.47111524  340.2935014   324.49489194
  340.98276688  325.21988949  352.97845641  364.04091791  386.21197778
  365.7204882   384.35157207  362.5442746   399.86573717  394.74452268
  400.12751952  438.91596542  447.41794325  428.98488388  434.50343293
  426.47771131  457.95325623  456.30835683  448.60524414  436.60139972
  436.30182159  519.84275315  542.31285156  509.49002814  526.08501317
  562.48656813  554.8356558   536.22571581  576.00912456  632.07308684
  603.43838728  604.13732736  632.17757961  654.92118661  609.81746625
  587.31201307  691.26308827  702.06540066  657.50998997  708.93283516
  761.56262629  756.23010976  826.8479289   818.18364523 1075.77250617
  713.49234412  746.30204837  605.97620342  613.37887092  731.63383008
  835.22029499  857.13024198  494.52750301]","[ 1.35969636e-01  1.34553051e-01  1.33120535e-01  1.31605243e-01
  1.29941952e-01  1.28265493e-01  1.26568615e-01  1.24850727e-01
  1.23177950e-01  1.21457972e-01  1.19696117e-01  1.17959369e-01
  1.16190253e-01  1.14380775e-01  1.12511350e-01  1.10654587e-01
  1.08826106e-01  1.06964194e-01  1.05053836e-01  1.03170614e-01
  1.01276418e-01  9.93929755e-02  9.74897616e-02  9.55862872e-02
  9.36987897e-02  9.18055603e-02  8.98825130e-02  8.79038751e-02
  8.59168350e-02  8.39306806e-02  8.19167752e-02  7.99142063e-02
  7.78749808e-02  7.58307679e-02  7.37649971e-02  7.16871981e-02
  6.96532271e-02  6.76855678e-02  6.57175927e-02  6.37618856e-02
  6.18128190e-02  5.98575078e-02  5.79339649e-02  5.60040684e-02
  5.41243607e-02  5.23258089e-02  5.05713519e-02  4.88181520e-02
  4.70992660e-02  4.54312535e-02  4.37393517e-02  4.20476982e-02
  4.03727534e-02  3.87335783e-02  3.71660325e-02  3.56611865e-02
  3.42150883e-02  3.28393501e-02  3.15198113e-02  3.02347092e-02
  2.90069560e-02  2.78210519e-02  2.66910813e-02  2.56158068e-02
  2.45875437e-02  2.35663465e-02  2.26174940e-02  2.17047423e-02
  2.08708927e-02  2.01022294e-02  1.93188621e-02  1.85857755e-02
  1.79274016e-02  1.72761627e-02  1.67012256e-02  1.62040499e-02
  1.57400837e-02  1.52881235e-02  1.48264565e-02  1.43310635e-02
  1.38419871e-02  1.34202220e-02  1.30153468e-02  1.26316547e-02
  1.22609958e-02  1.18775268e-02  1.15291015e-02  1.11516133e-02
  1.08049768e-02  1.04231374e-02  1.00149764e-02  9.54685849e-03
  9.09807591e-03  8.63544799e-03  8.15938029e-03  7.64305494e-03
  7.19332035e-03  6.81455071e-03  6.42930473e-03  6.00157401e-03
  5.54078480e-03  5.07895176e-03  4.58660107e-03  4.07377583e-03
  3.56780813e-03  3.04683094e-03  2.52521056e-03  1.99061713e-03
  1.44457066e-03  9.00622444e-04  2.98691211e-04 -2.72609390e-04
 -8.44698517e-04 -1.45299841e-03 -2.06638164e-03 -2.60208820e-03
 -3.12217100e-03 -3.68016939e-03 -4.22373367e-03 -4.74850557e-03
 -5.26741696e-03 -5.74663074e-03 -6.16856345e-03 -6.54491049e-03
 -6.90691799e-03 -7.30873285e-03 -7.68537891e-03 -8.04481670e-03
 -8.31696951e-03 -8.56257818e-03 -8.75502521e-03 -8.88165533e-03
 -8.95119351e-03 -9.04627983e-03 -9.11825664e-03 -9.20808170e-03
 -9.23504996e-03 -9.18993460e-03 -9.20922653e-03 -9.20193938e-03
 -9.21958807e-03 -9.22662873e-03 -9.21581612e-03 -9.16948022e-03
 -9.11109414e-03 -9.06889397e-03 -8.97682235e-03 -8.87343192e-03
 -8.73512896e-03 -8.62161790e-03 -8.49202503e-03 -8.35297274e-03
 -8.25181467e-03 -8.20344004e-03 -8.15987161e-03 -8.15231166e-03
 -8.13936882e-03 -8.13944236e-03 -8.13110562e-03 -8.18155629e-03
 -8.22676955e-03 -8.24543510e-03 -8.25325848e-03 -8.27318817e-03
 -8.36284691e-03 -8.48147668e-03 -8.59032372e-03 -8.73704288e-03
 -8.97609776e-03 -9.21774201e-03 -9.48765142e-03 -9.73682114e-03
 -1.00145986e-02 -1.02952798e-02 -1.05924992e-02 -1.09493781e-02
 -1.13758125e-02 -1.18503533e-02 -1.23166761e-02 -1.28167415e-02
 -1.33853639e-02 -1.39618520e-02 -1.45790564e-02 -1.51998469e-02
 -1.58172116e-02 -1.64064803e-02 -1.70559184e-02 -1.77333802e-02
 -1.84116382e-02 -1.90816986e-02 -1.97633399e-02 -2.04022161e-02
 -2.10320713e-02 -2.16499805e-02 -2.22335733e-02 -2.28482342e-02
 -2.34942214e-02 -2.41774700e-02 -2.47956142e-02 -2.53379758e-02
 -2.58684430e-02 -2.64086854e-02 -2.69192786e-02 -2.73907042e-02
 -2.78949303e-02 -2.83650970e-02 -2.88174725e-02 -2.92894189e-02
 -2.97582486e-02 -3.02583515e-02 -3.07066173e-02 -3.11009017e-02
 -3.14574441e-02 -3.18114904e-02 -3.21751547e-02 -3.25373410e-02
 -3.28776011e-02 -3.32160799e-02 -3.35506872e-02 -3.38812942e-02
 -3.41904358e-02 -3.45320485e-02 -3.49280441e-02 -3.52765128e-02
 -3.56795890e-02 -3.60496040e-02 -3.63334124e-02 -3.65955941e-02
 -3.67842117e-02 -3.69390574e-02 -3.70925357e-02 -3.72399261e-02
 -3.73291915e-02 -3.73737043e-02 -3.74431355e-02 -3.75461159e-02
 -3.76059401e-02 -3.76147187e-02 -3.75671797e-02 -3.74872874e-02
 -3.73684682e-02 -3.71802373e-02 -3.69743964e-02 -3.67239067e-02
 -3.64637918e-02 -3.61297917e-02 -3.57120627e-02 -3.52425875e-02
 -3.47904588e-02 -3.43539734e-02 -3.38788472e-02 -3.33465906e-02
 -3.27823865e-02 -3.22041730e-02 -3.15594752e-02 -3.08645410e-02
 -3.01196621e-02 -2.92852425e-02 -2.84357113e-02 -2.75295626e-02
 -2.65476260e-02 -2.55778278e-02 -2.46957848e-02 -2.37767014e-02
 -2.28113996e-02 -2.18814954e-02 -2.09450134e-02 -1.99911908e-02
 -1.90648463e-02 -1.81630387e-02 -1.72852347e-02 -1.64273643e-02
 -1.56239982e-02 -1.48864150e-02 -1.41663219e-02 -1.34504701e-02
 -1.27395584e-02 -1.20159925e-02 -1.13178143e-02 -1.06314900e-02
 -9.94890121e-03 -9.31559073e-03 -8.68994496e-03 -8.01966856e-03
 -7.36012167e-03 -6.71438067e-03 -6.05672815e-03 -5.44512290e-03
 -4.80658068e-03 -4.20511776e-03 -3.62735320e-03 -3.10512058e-03
 -2.60555386e-03 -2.10835345e-03 -1.61589059e-03 -1.11673364e-03
 -5.78394030e-04  2.21521353e-05  6.13238879e-04  1.20181039e-03
  1.77298189e-03  2.35445122e-03  2.95583553e-03  3.55834748e-03
  4.12937820e-03  4.67373161e-03  5.23887672e-03  5.80068719e-03
  6.35781688e-03  6.89979068e-03  7.43241153e-03  7.97058859e-03
  8.53414371e-03  9.08509807e-03  9.63499491e-03  1.01864997e-02
  1.07297282e-02  1.12636881e-02  1.18355350e-02  1.24194122e-02
  1.29917401e-02  1.35504625e-02  1.41359376e-02  1.47142781e-02
  1.53034772e-02  1.59710284e-02  1.66324225e-02  1.73360285e-02
  1.80654366e-02  1.88226103e-02  1.95558488e-02  2.03260811e-02
  2.11174189e-02  2.19798572e-02  2.28959477e-02  2.38085739e-02
  2.47567689e-02  2.57279722e-02  2.66779904e-02  2.76236116e-02
  2.85702930e-02  2.94970175e-02  3.03773369e-02  3.12704620e-02
  3.21659506e-02  3.29907160e-02  3.38062480e-02  3.46003976e-02
  3.53610780e-02  3.60996402e-02  3.67942607e-02  3.75411847e-02
  3.83064884e-02  3.91205997e-02  3.98563360e-02  4.05655261e-02
  4.13212110e-02  4.20763993e-02  4.28334059e-02  4.36210764e-02
  4.43452806e-02  4.50171428e-02  4.56125559e-02  4.61849314e-02
  4.67761265e-02  4.73297861e-02  4.78635905e-02  4.84184320e-02
  4.89340891e-02  4.94606210e-02  4.99153966e-02  5.03586414e-02
  5.07552997e-02  5.10885236e-02  5.13796886e-02  5.16855134e-02
  5.19217785e-02  5.21488587e-02  5.23275396e-02  5.24301288e-02
  5.24201600e-02  5.22935510e-02  5.21974359e-02  5.21158115e-02
  5.20062180e-02  5.18787440e-02  5.16606165e-02  5.14065489e-02
  5.11182811e-02  5.08172473e-02  5.05407084e-02  5.02504095e-02
  4.99676383e-02  4.96366914e-02  4.92480347e-02  4.88573151e-02
  4.84502891e-02  4.79947008e-02  4.75214248e-02  4.70448700e-02
  4.65568248e-02  4.60721052e-02  4.56169458e-02  4.51561509e-02
  4.46832139e-02  4.42425168e-02  4.38275199e-02  4.34003653e-02
  4.29606137e-02  4.24952954e-02  4.20227953e-02  4.16009811e-02
  4.12168021e-02  4.08954599e-02  4.06325494e-02  4.03446812e-02
  4.00642029e-02  3.98219697e-02  3.95424955e-02  3.92307878e-02
  3.89537584e-02  3.86796019e-02  3.83324003e-02  3.79594708e-02
  3.75322202e-02  3.71154302e-02  3.66904802e-02  3.63052174e-02
  3.59432991e-02  3.55812538e-02  3.52139987e-02  3.48179213e-02
  3.44093059e-02  3.39347323e-02  3.35456247e-02  3.32084592e-02
  3.29171663e-02  3.26522790e-02  3.24167964e-02  3.21530078e-02
  3.18845687e-02  3.16460885e-02  3.13619798e-02  3.10848912e-02
  3.08176850e-02  3.05642240e-02  3.02960361e-02  3.00883035e-02
  2.99348815e-02  2.97546136e-02  2.95692162e-02  2.93716187e-02
  2.91729940e-02  2.90194578e-02  2.88628843e-02  2.86817211e-02
  2.85085261e-02  2.83428397e-02  2.81777768e-02  2.79664346e-02
  2.77049558e-02  2.74816491e-02  2.72968662e-02  2.70935775e-02
  2.68623243e-02  2.65721387e-02  2.61968314e-02  2.57409448e-02
  2.52792988e-02  2.48170446e-02  2.44577499e-02  2.40958452e-02
  2.36660869e-02  2.32446571e-02  2.28167662e-02  2.23361321e-02
  2.18859542e-02  2.14469925e-02  2.09795880e-02  2.04483890e-02
  1.99260254e-02  1.94041979e-02  1.88231863e-02  1.82266096e-02
  1.76460880e-02  1.70589417e-02  1.64659152e-02  1.58088050e-02
  1.51138825e-02  1.43279273e-02  1.35056631e-02  1.26469592e-02
  1.17348201e-02  1.08329251e-02  9.86748030e-03  8.89286712e-03
  7.87600814e-03  6.85922968e-03  5.82328294e-03  4.77841193e-03
  3.72671533e-03  2.64234848e-03  1.48136261e-03  3.41339288e-04
 -8.37856935e-04 -2.01674338e-03 -3.20725202e-03 -4.40080386e-03
 -5.55505837e-03 -6.76000438e-03 -8.06190862e-03 -9.38801935e-03
 -1.08101817e-02 -1.21863458e-02 -1.35526799e-02 -1.49351976e-02
 -1.63203122e-02 -1.76977697e-02 -1.91344610e-02 -2.06144834e-02
 -2.20695106e-02 -2.35262881e-02 -2.49727293e-02 -2.64119953e-02
 -2.78331152e-02 -2.92206148e-02 -3.05463113e-02 -3.18827988e-02
 -3.32384770e-02 -3.45735109e-02 -3.58573374e-02 -3.71147796e-02
 -3.83928779e-02 -3.96366991e-02 -4.08995085e-02 -4.21856270e-02
 -4.35026904e-02 -4.47712087e-02 -4.59853087e-02 -4.71853418e-02
 -4.83643469e-02 -4.95668455e-02 -5.07877654e-02 -5.19509260e-02
 -5.30735283e-02 -5.41659235e-02 -5.52365024e-02 -5.63077370e-02
 -5.73483288e-02 -5.83466559e-02 -5.92617794e-02 -6.01467956e-02
 -6.10454668e-02 -6.19059512e-02 -6.27655019e-02 -6.36016427e-02
 -6.44650889e-02 -6.53569773e-02 -6.62421505e-02 -6.70905750e-02
 -6.79770130e-02 -6.88461177e-02 -6.97299797e-02 -7.06218726e-02
 -7.15294061e-02 -7.24779508e-02 -7.33667036e-02 -7.42105275e-02
 -7.50100927e-02 -7.58212518e-02 -7.66701290e-02 -7.74997395e-02
 -7.83083984e-02 -7.91262636e-02 -7.99293045e-02 -8.07266720e-02
 -8.15150495e-02 -8.23417554e-02 -8.31669828e-02 -8.39734029e-02
 -8.47511556e-02 -8.55182278e-02 -8.62574190e-02 -8.70224986e-02
 -8.78118953e-02 -8.85832464e-02 -8.93527977e-02 -9.01143246e-02
 -9.08876006e-02 -9.16621400e-02 -9.24101115e-02 -9.31676453e-02
 -9.39008362e-02 -9.46200672e-02 -9.53496039e-02 -9.60875960e-02
 -9.67874951e-02 -9.74503997e-02 -9.80396247e-02 -9.86081525e-02
 -9.92169961e-02 -9.98328323e-02 -1.00432641e-01 -1.01057434e-01
 -1.01717579e-01 -1.02343646e-01 -1.02970031e-01 -1.03587316e-01
 -1.04247226e-01 -1.04968153e-01 -1.05690184e-01 -1.06395097e-01
 -1.07111514e-01 -1.07758275e-01 -1.08439055e-01 -1.09155887e-01
 -1.09853859e-01 -1.10592187e-01 -1.11345474e-01 -1.12097010e-01
 -1.12818535e-01 -1.13538592e-01 -1.14217649e-01 -1.14897462e-01
 -1.15575680e-01 -1.16288202e-01 -1.16994196e-01 -1.17649717e-01
 -1.18296881e-01 -1.19008162e-01 -1.19733147e-01 -1.20394066e-01
 -1.21039477e-01 -1.21621417e-01 -1.22224401e-01 -1.22825061e-01
 -1.23376595e-01 -1.23886209e-01 -1.24417843e-01 -1.24975333e-01
 -1.25444903e-01 -1.25900799e-01 -1.26396997e-01 -1.26906128e-01
 -1.27404548e-01 -1.27902663e-01 -1.28362699e-01 -1.28818155e-01
 -1.29278365e-01 -1.29714395e-01 -1.30114083e-01 -1.30511113e-01
 -1.30967739e-01 -1.31393681e-01 -1.31793758e-01 -1.32160115e-01
 -1.32506470e-01 -1.32822181e-01 -1.33123045e-01 -1.33420060e-01
 -1.33721124e-01 -1.34055191e-01 -1.34369913e-01 -1.34575907e-01
 -1.34763419e-01 -1.35007789e-01 -1.35276001e-01 -1.35469565e-01
 -1.35606406e-01 -1.35716786e-01 -1.35836848e-01 -1.35961675e-01
 -1.36079294e-01 -1.36193992e-01 -1.36304794e-01 -1.36388058e-01
 -1.36459234e-01 -1.36548588e-01 -1.36619790e-01 -1.36649348e-01
 -1.36699862e-01 -1.36742364e-01 -1.36788652e-01 -1.36792896e-01
 -1.36788328e-01 -1.36741529e-01 -1.36677201e-01 -1.36627678e-01
 -1.36534214e-01 -1.36447953e-01 -1.36308693e-01 -1.36131977e-01
 -1.35910381e-01 -1.35736226e-01 -1.35533867e-01 -1.35337104e-01
 -1.35133662e-01 -1.34928384e-01 -1.34726605e-01 -1.34501906e-01
 -1.34318838e-01 -1.34126208e-01 -1.33925682e-01 -1.33724937e-01
 -1.33518666e-01 -1.33328002e-01 -1.33115980e-01 -1.32802029e-01
 -1.32460842e-01 -1.32071277e-01 -1.31692934e-01 -1.31322364e-01
 -1.30901256e-01 -1.30456990e-01 -1.30001960e-01 -1.29520713e-01
 -1.29025314e-01 -1.28531625e-01 -1.28061978e-01 -1.27617249e-01
 -1.27197782e-01 -1.26826435e-01 -1.26443043e-01 -1.26006511e-01
 -1.25523727e-01 -1.25069099e-01 -1.24642550e-01 -1.24197176e-01
 -1.23749013e-01 -1.23258533e-01 -1.22746806e-01 -1.22217303e-01
 -1.21656968e-01 -1.21098704e-01 -1.20552400e-01 -1.19963946e-01
 -1.19412013e-01 -1.18857534e-01 -1.18261192e-01 -1.17615704e-01
 -1.16900354e-01 -1.16191459e-01 -1.15437690e-01 -1.14670041e-01
 -1.13932540e-01 -1.13202590e-01 -1.12418288e-01 -1.11588573e-01
 -1.10745820e-01 -1.09911512e-01 -1.09063190e-01 -1.08179763e-01
 -1.07231019e-01 -1.06262653e-01 -1.05294225e-01 -1.04324501e-01
 -1.03344313e-01 -1.02365008e-01 -1.01372114e-01 -1.00423584e-01
 -9.94642028e-02 -9.85033155e-02 -9.75501108e-02 -9.66330086e-02
 -9.56873213e-02 -9.46960119e-02 -9.36740762e-02 -9.26656165e-02
 -9.16858694e-02 -9.07156554e-02 -8.97686585e-02 -8.88264292e-02
 -8.78851550e-02 -8.69620630e-02 -8.60451567e-02 -8.51042092e-02
 -8.41397406e-02 -8.31867645e-02 -8.22520739e-02 -8.13408419e-02
 -8.04986403e-02 -7.96444780e-02 -7.87964046e-02 -7.79675098e-02
 -7.71041376e-02 -7.62687968e-02 -7.54099836e-02 -7.45725892e-02
 -7.37146900e-02 -7.28597300e-02 -7.20206333e-02 -7.12283994e-02
 -7.04248225e-02 -6.96151634e-02 -6.88214389e-02 -6.80287162e-02
 -6.72311740e-02 -6.64637053e-02 -6.57634761e-02 -6.50393545e-02
 -6.43377119e-02 -6.36472037e-02 -6.29711730e-02 -6.22773755e-02
 -6.15573643e-02 -6.08331945e-02 -6.01599635e-02 -5.94609813e-02
 -5.87647443e-02 -5.80764093e-02 -5.74019500e-02 -5.66918388e-02
 -5.59674415e-02 -5.52063332e-02 -5.44333726e-02 -5.36795184e-02
 -5.29109715e-02 -5.21609638e-02 -5.14738544e-02 -5.07614719e-02
 -5.00090939e-02 -4.92649969e-02 -4.85633032e-02 -4.79242647e-02
 -4.73188009e-02 -4.66866626e-02 -4.60236407e-02 -4.53554687e-02
 -4.46957371e-02 -4.40529911e-02 -4.34116313e-02 -4.27374973e-02
 -4.20404032e-02 -4.13422279e-02 -4.06523252e-02 -3.99767248e-02
 -3.93162893e-02 -3.85695004e-02 -3.77318408e-02 -3.68872649e-02
 -3.60449822e-02 -3.52339905e-02 -3.43850588e-02 -3.35430115e-02
 -3.26983856e-02 -3.18829717e-02 -3.10440381e-02 -3.01692649e-02
 -2.93123604e-02 -2.84146732e-02 -2.75653613e-02 -2.67286093e-02
 -2.58101717e-02 -2.48812094e-02 -2.39182534e-02 -2.29462743e-02
 -2.19959598e-02 -2.10374405e-02 -2.00563055e-02 -1.90595400e-02
 -1.80789331e-02 -1.70985025e-02 -1.61586580e-02 -1.52019258e-02
 -1.42063260e-02 -1.32318557e-02 -1.22293724e-02 -1.12259763e-02
 -1.02178113e-02 -9.20321483e-03 -8.26632501e-03 -7.30063837e-03
 -6.36329125e-03 -5.40786389e-03 -4.46205851e-03 -3.54769426e-03
 -2.61155536e-03 -1.68107801e-03 -7.84426781e-04  1.25680864e-04
  9.91306056e-04  1.85969530e-03  2.75446730e-03  3.68499345e-03
  4.65467322e-03  5.68558626e-03  6.71844154e-03  7.74358894e-03
  8.76474561e-03  9.76898979e-03  1.07664586e-02  1.17284491e-02
  1.26981779e-02  1.37236849e-02  1.47905689e-02  1.58457666e-02
  1.68568546e-02  1.79033737e-02  1.89343180e-02  1.99087369e-02
  2.09095401e-02  2.19014411e-02  2.29012259e-02  2.38883278e-02
  2.49075819e-02  2.59031468e-02  2.68100817e-02  2.76881106e-02
  2.85986365e-02  2.94832788e-02  3.03412366e-02  3.12601679e-02
  3.21770052e-02  3.31033163e-02  3.39888533e-02  3.49096364e-02
  3.58685321e-02  3.68244256e-02  3.77837210e-02  3.87276237e-02
  3.96625595e-02  4.06013232e-02  4.15175644e-02  4.24174856e-02
  4.33015832e-02  4.41576272e-02  4.50167516e-02  4.58594374e-02
  4.66643286e-02  4.74231369e-02  4.81901168e-02  4.89474527e-02
  4.97082237e-02  5.04762166e-02  5.11919487e-02  5.18856672e-02
  5.26090115e-02  5.33238801e-02  5.39678724e-02  5.45543933e-02
  5.51468109e-02  5.56972288e-02  5.61900677e-02  5.66837138e-02
  5.71460453e-02  5.75724891e-02  5.79882172e-02  5.83899110e-02
  5.88034363e-02  5.92283176e-02  5.96280115e-02  5.99967863e-02
  6.03721273e-02  6.06985535e-02  6.09525365e-02  6.11802342e-02
  6.13683312e-02  6.14894590e-02  6.15898299e-02  6.16540460e-02
  6.17559384e-02  6.18179652e-02  6.18217587e-02  6.18149775e-02
  6.18223815e-02  6.18132361e-02  6.17671198e-02  6.17287661e-02
  6.16199786e-02  6.15105240e-02  6.13690641e-02  6.11486150e-02
  6.08928632e-02  6.06339183e-02  6.03944679e-02  6.01660737e-02
  5.99598240e-02  5.97381293e-02  5.95124741e-02  5.92650698e-02
  5.89962422e-02  5.87455497e-02  5.84939492e-02  5.81720613e-02
  5.78815442e-02  5.76224609e-02  5.73649666e-02  5.71109919e-02
  5.68200925e-02  5.65568170e-02  5.62664409e-02  5.59612543e-02
  5.56288524e-02  5.53536431e-02  5.51461575e-02  5.49702573e-02
  5.48165338e-02  5.46930756e-02  5.45268836e-02  5.43365601e-02
  5.41524316e-02  5.40305763e-02  5.39557954e-02  5.38599839e-02
  5.37617847e-02  5.36455446e-02  5.34875676e-02  5.33480184e-02
  5.32441905e-02  5.30950444e-02  5.29421469e-02  5.27306677e-02
  5.25458024e-02  5.24117499e-02  5.22942810e-02  5.21936299e-02
  5.21230204e-02  5.20853072e-02  5.20528419e-02  5.20464000e-02
  5.20803729e-02  5.21554139e-02  5.22731961e-02  5.24180352e-02
  5.25925311e-02  5.27646849e-02  5.28791758e-02  5.30081767e-02
  5.32224162e-02  5.34423314e-02  5.36232391e-02  5.38138786e-02
  5.40291124e-02  5.42530474e-02  5.45216915e-02  5.47661226e-02
  5.50044225e-02  5.53037502e-02  5.56596926e-02  5.59748442e-02
  5.62457194e-02  5.65480939e-02  5.68531986e-02  5.71375159e-02
  5.74520287e-02  5.77403453e-02  5.80090906e-02  5.83474231e-02
  5.87145874e-02  5.90960086e-02  5.95550961e-02  6.00212932e-02
  6.05384841e-02  6.10471856e-02  6.15856265e-02  6.21421556e-02
  6.26857058e-02  6.32551923e-02  6.38234961e-02  6.44449011e-02
  6.50689595e-02  6.57027749e-02  6.63201264e-02  6.69330704e-02
  6.75309480e-02  6.80924236e-02  6.87236021e-02  6.93606218e-02
  7.00750683e-02  7.08064972e-02  7.15881858e-02  7.23724879e-02
  7.31075334e-02  7.38882129e-02  7.46764431e-02  7.54315565e-02
  7.61713736e-02  7.68750131e-02  7.76641435e-02  7.84593774e-02
  7.92471288e-02  8.00637308e-02  8.09026402e-02  8.17275439e-02
  8.25343907e-02  8.33606955e-02  8.42395461e-02  8.51555723e-02
  8.60361260e-02  8.69088016e-02  8.77163313e-02  8.85305160e-02
  8.94132867e-02  9.03124621e-02  9.11908714e-02  9.20981994e-02
  9.29945829e-02  9.38842013e-02  9.47501082e-02  9.56150871e-02
  9.64879921e-02  9.73488748e-02  9.82536217e-02  9.92179587e-02
  1.00184531e-01  1.01184789e-01  1.02191103e-01  1.03179860e-01
  1.04168935e-01  1.05170397e-01  1.06128085e-01  1.07089195e-01
  1.08054375e-01  1.09053495e-01  1.10038525e-01  1.11023488e-01
  1.12038433e-01  1.13062559e-01  1.14085012e-01  1.15076139e-01
  1.16038129e-01  1.17004269e-01  1.17969866e-01  1.18967202e-01
  1.19994506e-01  1.21057172e-01  1.22164140e-01  1.23252570e-01
  1.24305528e-01  1.25387078e-01  1.26432497e-01  1.27512243e-01
  1.28652087e-01  1.29753362e-01  1.30856963e-01  1.31963360e-01
  1.33029416e-01  1.34069293e-01  1.35097667e-01  1.36160926e-01
  1.37189554e-01  1.38204514e-01  1.39215583e-01  1.40213806e-01
  1.41192026e-01  1.42110852e-01  1.43044723e-01  1.43981095e-01
  1.44924771e-01  1.45838021e-01  1.46717402e-01  1.47536563e-01
  1.48355993e-01  1.49176089e-01  1.49962789e-01  1.50722646e-01
  1.51481612e-01  1.52199924e-01  1.52938470e-01  1.53681077e-01
  1.54368237e-01  1.55057575e-01  1.55743100e-01  1.56433069e-01
  1.57094558e-01  1.57747815e-01  1.58360640e-01  1.58939436e-01
  1.59485938e-01  1.59988963e-01  1.60480672e-01  1.60937117e-01
  1.61370356e-01  1.61766824e-01  1.62125451e-01  1.62449326e-01
  1.62737451e-01  1.62983991e-01  1.63221367e-01  1.63416211e-01
  1.63589972e-01  1.63710356e-01  1.63809199e-01  1.63918302e-01
  1.64040538e-01  1.64099163e-01  1.64131129e-01  1.64104087e-01
  1.64074993e-01  1.63990176e-01  1.63857644e-01  1.63700345e-01
  1.63533956e-01  1.63260903e-01  1.62948595e-01  1.62589825e-01
  1.62173019e-01  1.61738833e-01  1.61269945e-01  1.60732044e-01
  1.60191265e-01  1.59600452e-01  1.59029622e-01  1.58484361e-01
  1.57851001e-01  1.57139075e-01  1.56386464e-01  1.55611486e-01
  1.54811786e-01  1.53999475e-01  1.53136637e-01  1.52259782e-01
  1.51393702e-01  1.50466177e-01  1.49442045e-01  1.48394777e-01
  1.47315078e-01  1.46220262e-01  1.45039854e-01  1.43870589e-01
  1.42646440e-01  1.41385485e-01  1.40076197e-01  1.38768506e-01
  1.37390535e-01]","[0.10757922 0.10753675 0.10748625 0.10745685 0.1074508  0.10740291
 0.10736127 0.10732764 0.10741872 0.10757914 0.10771513 0.10792448
 0.10823223 0.10852529 0.10878295 0.10897696 0.10912753 0.10927171
 0.10943073 0.10967031 0.10998645 0.11030532 0.1105951  0.11092025
 0.11122748 0.11147924 0.11169384 0.11190777 0.11208187 0.11224964
 0.11237065 0.1124991  0.11266423 0.11280475 0.11293381 0.11307779
 0.11328448 0.11346953 0.11371501 0.11405143 0.11443042 0.1147823
 0.11512964 0.11544252 0.11580715 0.11618437 0.11655745 0.11688195
 0.11720497 0.11749873 0.1176382  0.1176939  0.11769267 0.11763153
 0.11757477 0.11751343 0.11744377 0.11733765 0.11721783 0.11707237
 0.11697152 0.11688    0.11684512 0.11680491 0.11675622 0.11666825
 0.11645844 0.11622973 0.11595425 0.11564651 0.11533576 0.11498173
 0.11464472 0.11431856 0.11397548 0.11358733 0.11320647 0.11285032
 0.11252761 0.11217117 0.11180499 0.11146142 0.11115579 0.11088139
 0.11057841 0.1102173  0.10991434 0.1096442  0.10939227 0.10916431
 0.10887506 0.10859882 0.10834459 0.10811008 0.10790069 0.10776446
 0.10759746 0.10745563 0.10735117 0.10727408 0.10720232 0.10714946
 0.10701598 0.10681901 0.10661638 0.10646332 0.10636683 0.10628628
 0.10617391 0.10592864 0.10567897 0.10548282 0.10527309 0.10506724
 0.10488133 0.10466177 0.10448478 0.10435002 0.1041808  0.10397005
 0.10385827 0.10382375 0.10381088 0.10380488 0.10381717 0.10383825
 0.10378777 0.10371615 0.10365774 0.10359263 0.10348274 0.10338029
 0.10323211 0.10313504 0.10307107 0.10295135 0.10286273 0.10283298
 0.10278246 0.10260439 0.10242582 0.10234666 0.10226458 0.1021499
 0.10200895 0.10182298 0.10164507 0.10145859 0.10133799 0.10125919
 0.10117559 0.10111136 0.10106575 0.10107997 0.1010815  0.10101924
 0.10088746 0.10078427 0.100768   0.1007267  0.10072399 0.10071359
 0.10069471 0.10073039 0.10073907 0.10070524 0.10063523 0.10055837
 0.1005026  0.10041232 0.10027182 0.1001326  0.10002643 0.09991199
 0.09977913 0.09967879 0.09957144 0.09946353 0.09931079 0.09915302
 0.09902088 0.098886   0.09875963 0.09863353 0.09851859 0.09837253
 0.09825519 0.09817696 0.09800895 0.09776445 0.0975655  0.09751483
 0.09751497 0.09747772 0.09745782 0.09752024 0.09759066 0.09767785
 0.09773097 0.09776294 0.0977946  0.09780168 0.09772019 0.09764192
 0.09760834 0.09758894 0.09761944 0.09765339 0.0976438  0.09766412
 0.09768739 0.09775529 0.09773586 0.09763869 0.09750143 0.09739377
 0.09727524 0.09713909 0.09704768 0.09702701 0.09701914 0.09704611
 0.0971214  0.09716791 0.09720806 0.09724061 0.09722736 0.0971673
 0.09711934 0.09706238 0.09704555 0.09706195 0.09710441 0.09718529
 0.09729898 0.097446   0.09758456 0.09773423 0.0978558  0.09802184
 0.09813901 0.09818521 0.09823926 0.09829288 0.09839249 0.09845706
 0.0984354  0.09836233 0.09825876 0.09820046 0.09810297 0.09797173
 0.09790162 0.09790097 0.09792554 0.09792939 0.09784772 0.09769599
 0.09752159 0.09738069 0.09724993 0.09712892 0.09705986 0.09699913
 0.09698164 0.09696662 0.09687619 0.09672925 0.09657007 0.09644771
 0.09636076 0.09628602 0.09625677 0.09628651 0.09633874 0.09638534
 0.09639678 0.09636451 0.09622936 0.09603387 0.09581344 0.0955959
 0.09540062 0.09519193 0.09492786 0.0946183  0.09428852 0.09384901
 0.09340055 0.09303426 0.09275351 0.09257769 0.09249536 0.09247018
 0.09250256 0.09248357 0.0924495  0.09233781 0.09219743 0.09211579
 0.0920467  0.09203725 0.09209018 0.09212862 0.09221274 0.09227508
 0.09233072 0.09243169 0.09256743 0.09271536 0.09292136 0.09318064
 0.09348705 0.09378378 0.09412906 0.09449121 0.09487579 0.09524603
 0.09566537 0.09605462 0.09643025 0.09679973 0.09719524 0.09761525
 0.09804839 0.09851719 0.09896811 0.09927111 0.09946181 0.09957968
 0.09965441 0.09974699 0.09979898 0.09978253 0.09972392 0.09956893
 0.09935125 0.09913271 0.09892088 0.09870949 0.09851742 0.09841804
 0.09834921 0.09830971 0.098324   0.09840502 0.09849583 0.09860893
 0.09875138 0.09887145 0.09894511 0.09891146 0.09883045 0.09874812
 0.09875313 0.0988095  0.09876777 0.09867287 0.09860854 0.09854206
 0.0984461  0.09832559 0.0982724  0.09822084 0.09807143 0.09789912
 0.09772688 0.09751956 0.09728824 0.09699114 0.09666364 0.0963037
 0.09597887 0.0957608  0.0955845  0.09542594 0.09537527 0.09539743
 0.09547866 0.0955423  0.09557075 0.09559833 0.09561208 0.09558289
 0.09556425 0.09555559 0.09556318 0.09560978 0.09564421 0.09563431
 0.09566919 0.09571761 0.09574522 0.09574545 0.09576491 0.09580252
 0.09584221 0.09584281 0.09587281 0.09594479 0.09598091 0.09602063
 0.09603832 0.09606157 0.09607363 0.09608625 0.09610029 0.09611351
 0.09616702 0.09631553 0.09647987 0.09658976 0.0966423  0.09668837
 0.09673776 0.09682716 0.09696296 0.09711553 0.09728681 0.09744704
 0.09752924 0.0975956  0.09764892 0.09773716 0.09778561 0.09782331
 0.09782248 0.09779535 0.0978086  0.09786733 0.09803379 0.09814515
 0.09823797 0.09836151 0.09848841 0.09859486 0.09866486 0.09870955
 0.09869056 0.09867175 0.09874473 0.09886841 0.09903114 0.09915597
 0.09922841 0.09933673 0.09942885 0.09947115 0.09944533 0.09940157
 0.099331   0.09923463 0.0991878  0.09910076 0.09900316 0.09890343
 0.09881296 0.09870115 0.09852927 0.09833008 0.09817042 0.09792385
 0.09758367 0.09724782 0.09691529 0.09661578 0.09642643 0.09630882
 0.09621576 0.09610466 0.09597089 0.09580649 0.09568513 0.09555079
 0.09540163 0.09526132 0.09507425 0.09489878 0.09470386 0.09449063
 0.09424789 0.09395884 0.09362751 0.09326246 0.09286248 0.09245007
 0.09202552 0.09159831 0.09120028 0.09084448 0.09044091 0.09005323
 0.08976967 0.08947597 0.08924638 0.08897865 0.08869683 0.0884612
 0.08831672 0.08817639 0.08806622 0.08802199 0.08806196 0.08810221
 0.08820192 0.08839798 0.08864741 0.08890115 0.0890288  0.08911914
 0.0893004  0.0895322  0.08978264 0.09000382 0.0902626  0.0905851
 0.09091622 0.09127203 0.09165432 0.09205191 0.09242614 0.09279649
 0.09322336 0.09364286 0.09404336 0.09438353 0.09463012 0.09486848
 0.09512959 0.09539081 0.09559715 0.09576017 0.09588885 0.0960342
 0.09629909 0.09661834 0.09700101 0.09736781 0.09768733 0.09797425
 0.09823896 0.0984968  0.09883318 0.09919324 0.0995398  0.09987406
 0.10022223 0.10058551 0.10092608 0.10119132 0.10139965 0.10156857
 0.10169337 0.1017677  0.10179739 0.10181201 0.10185546 0.10191745
 0.10198688 0.10200747 0.10206956 0.10208246 0.10213193 0.10225921
 0.1024202  0.1025226  0.10257412 0.10262686 0.10265915 0.10263552
 0.10256597 0.10243937 0.10232475 0.10226571 0.10220315 0.1021378
 0.10212039 0.10214354 0.10217211 0.10217989 0.10214466 0.10214432
 0.1021751  0.10220924 0.10216808 0.10208459 0.10203622 0.10197642
 0.10191832 0.10184167 0.10174219 0.10166965 0.10159473 0.10146368
 0.10133176 0.10118014 0.10105172 0.10094795 0.10083538 0.10074469
 0.10063927 0.10053225 0.10046767 0.10038761 0.10034642 0.10034566
 0.10039922 0.1004271  0.10044707 0.1004863  0.10055142 0.10055198
 0.10050756 0.10046251 0.10041653 0.10036334 0.10034264 0.1004058
 0.1004418  0.1004122  0.10029113 0.10021035 0.10015607 0.10011801
 0.10010376 0.10014523 0.10025131 0.10034538 0.10039351 0.1004512
 0.10056484 0.10070001 0.10077902 0.10072657 0.10068523 0.1006638
 0.10063738 0.10058712 0.10050456 0.10044908 0.10034547 0.10022867
 0.10015187 0.10008427 0.10002547 0.09997841 0.09990662 0.09984609
 0.09976675 0.09962348 0.09945687 0.09927915 0.09916731 0.09906355
 0.09895842 0.09887691 0.09882084 0.09879323 0.09876252 0.09873498
 0.09873145 0.09875098 0.09870517 0.09861064 0.09849837 0.09840493
 0.09834426 0.0982168  0.09804143 0.09785677 0.09767018 0.09748017
 0.09733448 0.09724659 0.09714416 0.0970496  0.09698119 0.09687835
 0.09673913 0.09652882 0.09637531 0.09623526 0.09614597 0.09603713
 0.09588878 0.09570865 0.09545669 0.09519883 0.09487953 0.09455237
 0.09422454 0.09389154 0.09349339 0.09310661 0.09272197 0.09237097
 0.09201321 0.09161627 0.09118879 0.09074324 0.09031408 0.08996426
 0.08966425 0.08940117 0.08917736 0.08899462 0.08886556 0.08866904
 0.08846077 0.08832606 0.08821555 0.08808478 0.08791501 0.08770811
 0.08750164 0.08726059 0.08703556 0.08677667 0.08652246 0.086349
 0.0862762  0.08628246 0.08632224 0.08633959 0.0863118  0.08629456
 0.08626861 0.08629298 0.08644512 0.08656598 0.08668939 0.08682346
 0.08698253 0.08713655 0.08727701 0.08742088 0.08767228 0.08797388
 0.08823714 0.08844142 0.08857763 0.08871976 0.08878287 0.08884247
 0.08897313 0.08911798 0.08924056 0.08930454 0.08934035 0.08938777
 0.08938253 0.08933108 0.08934499 0.08932621 0.08928016 0.0892007
 0.0891338  0.08909259 0.08907657 0.0891329  0.0892224  0.08931654
 0.08944789 0.08961493 0.08973224 0.08984341 0.09001837 0.09019062
 0.09038965 0.09055378 0.09068129 0.09081626 0.09099312 0.09116216
 0.09133648 0.0913945  0.09140146 0.09139414 0.09138664 0.09135856
 0.09133672 0.09136105 0.09142277 0.09150836 0.09154801 0.09160902
 0.09162501 0.09159388 0.09155381 0.09153918 0.09153156 0.09153385
 0.09156978 0.09162721 0.09170479 0.09175961 0.09178079 0.09177564
 0.09179579 0.09176275 0.09168792 0.09163264 0.09158311 0.09150849
 0.09140487 0.09125366 0.09105788 0.09082747 0.09054496 0.09024608
 0.08990663 0.08956048 0.08926075 0.08899508 0.08870551 0.08837305
 0.08800811 0.08770262 0.08747237 0.08723858 0.08697428 0.08679091
 0.08665455 0.08651358 0.08638373 0.08632759 0.08630057 0.08626988
 0.08628668 0.08632058 0.08634481 0.0863498  0.08635318 0.08636199
 0.08638646 0.08636517 0.08635073 0.08632041 0.08624023 0.0862101
 0.08625007 0.08634877 0.08643482 0.08651914 0.08664989 0.08682295
 0.08701825 0.08723579 0.08747312 0.08764813 0.08786408 0.08806118
 0.08825    0.08845939 0.08870183 0.0889241  0.08911018 0.08926451
 0.08933667 0.08941567 0.08954637 0.08966256 0.08979046 0.08987842
 0.08997031 0.09006021 0.09015267 0.09029021 0.09046386 0.09068044
 0.09098947 0.09126667 0.09162455 0.09193857 0.09227885 0.09265377
 0.09300478 0.09338139 0.09371231 0.09403956 0.09448439 0.09495067
 0.09539116 0.09583599 0.09630632 0.09671197 0.0971065  0.09752397
 0.0979931  0.09845324 0.09890063 0.0993501  0.09971148 0.09997962
 0.10011652 0.10024891 0.10043923 0.10056956 0.10070956 0.1009104
 0.10116901 0.10146962 0.10170251 0.10193464 0.10214174 0.10241207
 0.10278207 0.1031656  0.10346515 0.10368508 0.10389961 0.1040785
 0.10423287 0.1043277  0.10438383 0.104431   0.10446589 0.10448309
 0.10446302 0.10450315 0.10451331 0.10449339 0.10446181 0.10443486
 0.10435158 0.10418373 0.10401365 0.10378159 0.10350452 0.10323706
 0.10289427 0.10252367 0.1021131  0.1016244  0.10114564 0.10070803
 0.10027347 0.09986033 0.09948111 0.09907822 0.09868754 0.09830859
 0.09800886 0.09774565 0.09743417 0.09707763 0.09677868 0.09647725
 0.09609197 0.09566007 0.0953086  0.09498108 0.09466677 0.09437898
 0.09413402 0.0939047  0.09373245 0.09359451 0.09343415 0.09335999
 0.09326401 0.09318188 0.09314146 0.09311482 0.09306387 0.09301259
 0.09303021 0.09305523 0.09312002 0.09319163 0.09333775 0.09351364
 0.09369163 0.09383842 0.09386512 0.09387169 0.09392141 0.09396563
 0.09407586 0.09423367 0.09441838 0.09461944 0.09481057 0.09507124
 0.09533603 0.09558963 0.09580762 0.09598964 0.09619809 0.09644222
 0.09671641 0.09697384 0.09721666 0.09737815 0.09752887 0.09763496
 0.09769723 0.09775651 0.09786508 0.09798993 0.09808223 0.09814953
 0.09818732 0.09820125 0.09817445 0.0981607  0.09815287 0.09811963
 0.09801074 0.0979495  0.09790353 0.09795051 0.09798856 0.0979913
 0.09792434 0.09782476 0.09768644 0.09756815 0.09748774 0.09745088
 0.09741636 0.09737268 0.09733241 0.09727291 0.09721523 0.09716179
 0.09713416 0.09702865 0.09686031 0.09669305 0.09661167 0.09653873
 0.09645697 0.09640592 0.09632469 0.09629227 0.09628827 0.09625413
 0.09621394 0.0962327  0.09625492 0.09628809 0.0963469  0.0963572
 0.09633986 0.09636399 0.09644022 0.09647057 0.09646227 0.09650657
 0.09657026 0.09665453 0.09676125 0.09694591 0.09713749 0.09734932
 0.09753956 0.09769874 0.097851   0.09797354 0.09808743 0.09821621
 0.09832326 0.09845567 0.09854049 0.09860819 0.09860625 0.09862168
 0.09866743 0.09872546 0.09878048 0.09886172 0.09899898 0.09908033
 0.09911937 0.09915121 0.09920914 0.09932165 0.09944363 0.09959829
 0.09980151 0.10004013 0.10030924 0.10063616 0.10095896 0.10124909
 0.10145942 0.10162504 0.10181373 0.10196686 0.10211446 0.10217432
 0.10212295 0.10205338 0.10205803 0.10211093 0.10217896 0.1022822
 0.10246482 0.10267651 0.10292476 0.1031846  0.10345939 0.1036909
 0.10390827 0.10409316 0.10427241 0.10444797 0.10462681 0.10476781
 0.10493091 0.10516248 0.10534174 0.10548494 0.105679   0.10587945
 0.1060308  0.10612708 0.10615289 0.10611695 0.10608371 0.10607505
 0.10613454 0.10624057 0.10633996 0.10641428 0.10648854 0.1065924
 0.10673992 0.10692491 0.1071108  0.10726311 0.10739423 0.10759114
 0.1077279  0.10782459 0.10793103 0.10802759 0.1081029  0.10818707
 0.10831258 0.10843241 0.1085449  0.10863743 0.10876084 0.10888505
 0.10899736 0.10909841 0.10914585 0.10916485 0.10917475 0.10923346
 0.10926883 0.10929485 0.1093487  0.1093618  0.10930959 0.10923851
 0.10915206 0.10903054 0.10899724 0.109029   0.10903342 0.10897537
 0.10889925 0.10882029 0.10876918 0.10869297 0.10862207 0.10856771
 0.10851834 0.10854598 0.10855007 0.10857257 0.10860859 0.10859222
 0.10858633 0.10862108 0.10859521 0.10852322 0.10841719 0.10831504
 0.10826108 0.10818145 0.10807304 0.10798222 0.10784912 0.10775906
 0.10768959 0.10764932 0.10763188 0.10761421 0.10757047 0.10750421
 0.10743351 0.10742276 0.10741007 0.10741454 0.10746118 0.1075765
 0.10767333 0.10771931 0.10771719 0.10768382 0.1077064  0.10776051
 0.10779187 0.10782487 0.10783976 0.10777949 0.10774774 0.10773914
 0.10774314 0.10776452 0.1078328  0.10790862 0.10795995 0.10800646
 0.10801593 0.10797746 0.10788936 0.10778929 0.10772059 0.10763776
 0.10759292]","[ 322.94148214  323.44353874  323.9383923   324.40461421  324.82098406
  325.23099316  325.63198106  326.02407682  326.42798484  326.81449303
  327.18530288  327.5611694   327.92404521  328.27173556  328.59814976
  328.92698879  329.26319895  329.58633451  329.89136571  330.20290633
  330.5085147   330.81548791  331.11387236  331.40989398  331.70915378
  332.00433689  332.28745865  332.54985895  332.80712848  333.06257688
  333.30651417  333.55195028  333.78268463  334.00949297  334.22647973
  334.437046    334.660092    334.90316022  335.14385826  335.38658744
  335.62938717  335.86781165  336.11491463  336.35754057  336.61540482
  336.89903178  337.1957288   337.49080479  337.79541047  338.11539842
  338.4244147   338.73066386  339.04031968  339.35976351  339.70192031
  340.06377995  340.44372741  340.84570733  341.26504037  341.69417292
  342.14124959  342.6008312   343.07811061  343.57234372  344.08118893
  344.59076446  345.12351038  345.66736495  346.23721215  346.82847043
  347.4134882   348.01461751  348.64078832  349.26872903  349.92240949
  350.60246433  351.29318581  351.98726455  352.67736653  353.35486219
  354.03377529  354.73590114  355.44358377  356.15833846  356.87719353
  357.59109961  358.31720577  359.03243723  359.75811443  360.470362
  361.17247585  361.85244121  362.53900292  363.22019193  363.89620843
  364.55699791  365.24123582  365.95085496  366.65735819  367.34726922
  368.02460567  368.70080928  369.36488427  370.02043962  370.67722589
  371.32741886  371.97659692  372.61997672  373.25800165  373.89587778
  374.51164078  375.13811132  375.76342809  376.37416924  376.9815173
  377.61747072  378.25809483  378.88390545  379.51427213  380.15076929
  380.78914385  381.44220154  382.11640331  382.80721137  383.50275906
  384.18271732  384.8718051   385.56735796  386.29572091  387.03400875
  387.79242612  388.57566437  389.3805328   390.17533108  390.97874787
  391.77557736  392.59652572  393.44513313  394.26894385  395.10325087
  395.92767755  396.75560647  397.5909652   398.44030841  399.29509166
  400.14406599  401.01273016  401.88590198  402.7729486   403.65013078
  404.5338649   405.42175698  406.29420338  407.14557916  407.99524547
  408.83037225  409.66794866  410.50042577  411.3363997   412.14853435
  412.96294628  413.78816336  414.61754363  415.44177175  416.23691431
  417.01977496  417.80635025  418.57700971  419.30866733  420.03866599
  420.75630545  421.48208756  422.19535066  422.90674186  423.61089169
  424.28959576  424.93827592  425.565964    426.19658097  426.812111
  427.39754491  427.97894503  428.54228937  429.10328859  429.6648565
  430.23747314  430.78344141  431.3165289   431.8484065   432.38309159
  432.9120801   433.45824761  434.00718726  434.56042661  435.12745602
  435.68036036  436.21909611  436.74085711  437.29000754  437.87109089
  438.45662162  439.03700884  439.62959449  440.23866791  440.8327358
  441.44090556  442.05614629  442.66261217  443.26979174  443.86231142
  444.47700439  445.11475689  445.76837619  446.42243975  447.0716884
  447.72131758  448.38026968  449.03970381  449.70045187  450.36270652
  451.03430753  451.69107836  452.32309472  452.97588954  453.60384348
  454.2462803   454.92686873  455.6166943   456.33938354  457.07695418
  457.81507481  458.55599418  459.3231937   460.11082851  460.88680323
  461.64746154  462.42795474  463.23183333  464.06174806  464.90683813
  465.77043599  466.66633414  467.57089042  468.49677365  469.42800869
  470.39440732  471.40027024  472.4312023   473.45500251  474.47265355
  475.50946176  476.57395169  477.65490607  478.7436873   479.86526755
  481.01224989  482.18487484  483.40193553  484.62786305  485.88272835
  487.17610493  488.4659216   489.71558559  490.98507395  492.27895515
  493.55751252  494.84134268  496.13575662  497.41879587  498.6914791
  499.95370411  501.20786397  502.43682315  503.63475133  504.82545642
  506.01507862  507.20322627  508.39857191  509.58248549  510.76169939
  511.94031018  513.09547422  514.24833003  515.42525818  516.59793579
  517.76491344  518.93940019  520.09137964  521.25855053  522.40771653
  523.54582356  524.65576031  525.75465695  526.85329107  527.95018366
  529.05170006  530.17497235  531.33234871  532.48582024  533.63893678
  534.78378249  535.93510824  537.09782014  538.26201984  539.41016577
  540.54493003  541.69216146  542.83854132  543.98358731  545.12184718
  546.2557262   547.39396883  548.54740045  549.69545809  550.84439758
  551.99576191  553.14376036  554.28815832  555.45462322  556.62879978
  557.79776026  558.96088709  560.14025265  561.31757807  562.50264304
  563.73332316  564.96246632  566.21658942  567.48620483  568.77239029
  570.04578838  571.34127843  572.65042804  574.00166798  575.3847667
  576.76721504  578.17176424  579.59212584  581.00264663  582.41280202
  583.8261268   585.23046268  586.61023912  587.99937556  589.39159836
  590.74426232  592.09358653  593.43248189  594.75348884  596.06294141
  597.34762691  598.66407792  599.9925078   601.35146951  602.66585268
  603.96588419  605.29461105  606.62421827  607.95692926  609.30963059
  610.62594216  611.9118146   613.15279498  614.38090069  615.62141262
  616.84066314  618.04904395  619.27182411  620.47215846  621.67972598
  622.84386845  624.00202299  625.13238441  626.22338423  627.28817747
  628.36261959  629.39486974  630.42189211  631.41923758  632.36857176
  633.2456615   634.04905125  634.8713238   635.70266342  636.51681385
  637.31975796  638.0637685   638.78402367  639.48184363  640.17088117
  640.8750214   641.56914408  642.26714779  642.93277521  643.55996589
  644.18507273  644.79944603  645.3818863   645.95209006  646.51996997
  647.07984579  647.64157439  648.22194174  648.7979595   649.36536652
  649.95327207  650.55742065  651.15346263  651.74104182  652.31098174
  652.87579615  653.47304708  654.09456522  654.75726537  655.45825399
  656.14263577  656.83169059  657.54588568  658.23495601  658.90154614
  659.59042784  660.28062744  660.92064583  661.54330479  662.12915014
  662.72106421  663.30692784  663.91917036  664.54647246  665.17370402
  665.79766409  666.40121974  666.99593702  667.54635544  668.15398019
  668.79553349  669.46718654  670.15613768  670.86416614  671.5532087
  672.23949715  672.9459275   673.62135097  674.30088702  674.98657954
  675.68152251  676.36604632  677.09047838  677.85121417  678.59365232
  679.33242496  680.06204122  680.79099793  681.55056068  682.30778312
  683.04786641  683.79334658  684.54337855  685.2929072   686.00997128
  686.69218059  687.40018847  688.13457558  688.85590193  689.55704202
  690.21784422  690.82058525  691.36799118  691.91152111  692.45423574
  693.06606735  693.67557087  694.23779191  694.80416475  695.36491318
  695.88862113  696.43225652  696.98296112  697.51287586  697.99786335
  698.48766705  698.97768193  699.42645787  699.86373564  700.31041996
  700.75156035  701.1880426   701.5799396   701.94519124  702.24660683
  702.52248714  702.77257051  702.98481831  703.20366323  703.37695987
  703.54324251  703.67920868  703.81389226  703.93357808  704.0460942
  704.15357242  704.23706168  704.26556876  704.30703948  704.31965774
  704.33042554  704.33143398  704.32825802  704.35294997  704.34191832
  704.26113872  704.16284317  703.99567399  703.85972262  703.72867118
  703.58579551  703.43910883  703.29423715  703.106155    702.88765535
  702.68565123  702.48083956  702.28149574  702.08644888  701.90238613
  701.74194165  701.62370493  701.4964155   701.35519696  701.22703194
  701.13394458  701.05967881  700.96974901  700.90355615  700.82222155
  700.72270494  700.60113856  700.51272474  700.46237264  700.42127165
  700.39407111  700.34905828  700.28947821  700.269076    700.27657254
  700.30411826  700.344949    700.38490197  700.44709945  700.53776726
  700.68594384  700.8536858   701.01112101  701.19514985  701.37840763
  701.5770447   701.75536001  701.91299369  702.07589477  702.26343527
  702.4232459   702.59335664  702.7513565   702.90303498  703.04312248
  703.1524135   703.30398157  703.48569292  703.69754507  703.90133771
  704.07769484  704.26582326  704.46673784  704.66048717  704.8647979
  705.07303956  705.28727991  705.47382913  705.66069151  705.85976833
  706.07929011  706.30638883  706.55282233  706.77999969  706.98836286
  707.20881279  707.4298905   707.65495014  707.87033116  708.08451687
  708.31718412  708.5435526   708.78712754  709.03997672  709.28403234
  709.5214788   709.78688107  710.0788916   710.42216178  710.77929446
  711.10660306  711.4278974   711.75996308  712.0733169   712.36099786
  712.6719738   712.98142021  713.2968857   713.58079993  713.81955068
  714.05653702  714.30527497  714.5448335   714.83435686  715.0995208
  715.33830148  715.5892537   715.81113832  716.02242701  716.23432242
  716.46664072  716.69974305  716.96226429  717.22450947  717.48642916
  717.72299762  717.96367473  718.23957502  718.52067605  718.75611246
  718.9814343   719.25034456  719.52952318  719.854042    720.16417903
  720.47637256  720.82208787  721.19601708  721.55460772  721.89466718
  722.295381    722.70429992  723.08353712  723.45219862  723.82759885
  724.20218912  724.60343781  725.00730073  725.40766078  725.82486535
  726.26846128  726.71434821  727.11768548  727.54295864  727.98631377
  728.45340042  728.93617428  729.44136279  729.95743195  730.47671466
  730.99305407  731.48613154  731.99368569  732.58068856  733.18199239
  733.74281543  734.28577389  734.8805599   735.51665419  736.17075993
  736.81624569  737.45861779  738.10536838  738.75475044  739.40680191
  740.07800596  740.75846253  741.42704467  742.10769288  742.81818214
  743.51210996  744.20949762  744.90297989  745.6281917   746.36181146
  747.12645665  747.90461506  748.67270748  749.47477867  750.27265987
  751.11073497  751.97470742  752.87279758  753.73796687  754.62385045
  755.50574087  756.39360206  757.28274973  758.16906887  759.07470223
  759.94904322  760.83012239  761.7170886   762.60498216  763.49806138
  764.37825417  765.27460905  766.25086975  767.25040329  768.2893374
  769.32004194  770.34608692  771.41227827  772.49835144  773.59439547
  774.71124815  775.84013669  776.96987724  778.08055801  779.1704185
  780.24026678  781.27174246  782.3137922   783.40027697  784.52318741
  785.62573874  786.70690095  787.8034627   788.90277318  790.03508925
  791.18349142  792.34846474  793.53827904  794.72696887  795.90713354
  797.12219067  798.30674402  799.49262977  800.71347145  801.97514884
  803.2951461   804.6135221   805.97003359  807.33919907  808.68308504
  810.02316816  811.40993326  812.83397287  814.27059108  815.70206022
  817.14679826  818.62326198  820.15314261  821.7001986   823.24901337
  824.80041335  826.36198552  827.92601146  829.50179435  831.04126834
  832.5913777   834.14455856  835.6934771   837.21694167  838.76777631
  840.35951347  841.98030561  843.59343096  845.18542538  846.77214323
  848.34081779  849.90473653  851.46606902  853.01334814  854.55605125
  856.12568559  857.72133356  859.30879996  860.88089341  862.43268671
  863.92552121  865.42885125  866.92842983  868.41410961  869.93119149
  871.42525861  872.94279306  874.4446636   875.96700769  877.48892531
  878.99964349  880.47243124  881.95748814  883.44950807  884.92881292
  886.41002437  887.89752005  889.36261014  890.76992965  892.19975416
  893.61031132  895.01295473  896.4055158   897.81611051  899.25369888
  900.69678238  902.09509635  903.52087058  904.94832862  906.37192551
  907.78288572  909.22807511  910.68612217  912.18019674  913.68834281
  915.17922291  916.68598842  918.17781955  919.61061615  921.06649261
  922.5641144   924.0564904   925.51003389  926.90799469  928.27740688
  929.67287037  931.09899456  932.5299928   933.95309861  935.36308204
  936.77322     938.21618483  939.68428366  941.15738161  942.62499702
  944.08004644  945.52367667  947.05395842  948.6762764   950.30362125
  951.93120888  953.53246794  955.17719144  956.81497752  958.45715473
  960.07021052  961.7050404   963.37855835  965.04076741  966.74242481
  968.39909147  970.04742762  971.77698014  973.52231393  975.30198864
  977.08966769  978.85812692  980.63516253  982.43381839  984.24955761
  986.05515112  987.86272278  989.62842434  991.41178604  993.23906034
  995.04518669  996.87832785  998.71467919 1000.56080249 1002.41841522
 1004.2027719  1006.01743121 1007.80706504 1009.61681705 1011.41426239
 1013.1818065  1014.97116056 1016.7569422  1018.50981217 1020.27614873
 1022.00267879 1023.73818628 1025.50415323 1027.31109359 1029.16360407
 1031.0805863  1032.99864489 1034.91044061 1036.81838054 1038.71348546
 1040.59969004 1042.45226889 1044.3141962  1046.23287511 1048.19224206
 1050.14159653 1052.05146708 1054.00144682 1055.94203311 1057.82501111
 1059.73991864 1061.65393539 1063.57389641 1065.48004804 1067.4191525
 1069.33961544 1071.17063672 1072.97196825 1074.80664664 1076.61294494
 1078.39297258 1080.23544654 1082.08131526 1083.94326602 1085.763722
 1087.62456173 1089.53049166 1091.43680195 1093.34799455 1095.24614218
 1097.13229141 1099.02666862 1100.89924793 1102.7574365  1104.60073364
 1106.41043459 1108.22562416 1110.02119114 1111.77622311 1113.48195826
 1115.1966586  1116.90498898 1118.62416599 1120.35325874 1122.02568094
 1123.6764138  1125.36508797 1127.04533181 1128.64349127 1130.17855675
 1131.72250542 1133.21970015 1134.65297375 1136.09120528 1137.4989802
 1138.86725049 1140.22765807 1141.57636615 1142.94484075 1144.32876149
 1145.68684338 1147.01429923 1148.35393873 1149.63425173 1150.82762034
 1151.98891384 1153.10626006 1154.14663746 1155.16400691 1156.14306422
 1157.16789319 1158.1483871  1159.06188556 1159.96497512 1160.88498702
 1161.78422965 1162.64029619 1163.50216192 1164.27710841 1165.0513407
 1165.78945097 1166.43491712 1167.0382531  1167.63642483 1168.25858716
 1168.89424151 1169.55567432 1170.20123277 1170.84358166 1171.45955431
 1172.04472304 1172.65519848 1173.26192595 1173.78285287 1174.34236594
 1174.9421849  1175.54831246 1176.16282986 1176.72880424 1177.33004347
 1177.89542215 1178.4417147  1178.9568962  1179.54258902 1180.21197778
 1180.91985926 1181.65642131 1182.42704042 1183.14580789 1183.83421571
 1184.5318732  1185.31059258 1186.14900781 1186.96287393 1187.77441848
 1188.56102104 1189.29339435 1190.04425609 1190.83366558 1191.56642858
 1192.29192151 1192.94660777 1193.6381617  1194.39227809 1195.15885515
 1195.93911193 1196.75112152 1197.60718118 1198.47315713 1199.37461856
 1200.32431917 1201.31804722 1202.36418577 1203.43586093 1204.53447613
 1205.62490453 1206.64670903 1207.68906851 1208.83647241 1209.99139057
 1211.10267735 1212.22519472 1213.37148357 1214.52698128 1215.733545
 1216.91179683 1218.08243931 1219.32865596 1220.64704235 1221.91752763
 1223.13121739 1224.38925929 1225.65459868 1226.88966863 1228.15702276
 1229.38936207 1230.59904925 1231.89385441 1233.22636477 1234.58675762
 1236.05585752 1237.53377387 1239.07064532 1240.59598568 1242.16007877
 1243.75222559 1245.32983581 1246.93481848 1248.54231026 1250.21934547
 1251.89450158 1253.58794753 1255.26156294 1256.93576513 1258.59254375
 1260.20074837 1261.90290816 1263.6203394  1265.44749723 1267.30262164
 1269.22940243 1271.16373342 1273.03766176 1274.97073819 1276.91494058
 1278.8183163  1280.69956557 1282.53364082 1284.48559789 1286.45086521
 1288.4037555  1290.39549935 1292.41935569 1294.4291948  1296.4151556
 1298.43326955 1300.52584658 1302.67338452 1304.78622704 1306.89180703
 1308.90272788 1310.92361134 1313.03989192 1315.18151082 1317.3001356
 1319.45973016 1321.6109549  1323.75631319 1325.87421624 1327.99410892
 1330.12855667 1332.25443866 1334.44697206 1336.71827494 1338.99428799
 1341.30959375 1343.6327765  1345.93446521 1348.23891245 1350.55847409
 1352.81725941 1355.09309761 1357.37783064 1359.69831788 1361.99775576
 1364.2955527  1366.63516813 1368.9873833  1371.33151643 1373.6291165
 1375.88783998 1378.14536979 1380.4153744  1382.73688666 1385.10110011
 1387.52002556 1390.01387944 1392.48268823 1394.91043496 1397.38415311
 1399.80019773 1402.26970319 1404.83150041 1407.35173443 1409.87671544
 1412.40415394 1414.87645704 1417.31615591 1419.74455304 1422.23815803
 1424.7015791  1427.14889865 1429.58481445 1431.99637553 1434.38875879
 1436.69407804 1439.02318826 1441.35708328 1443.69458006 1445.98272383
 1448.22496559 1450.38965752 1452.55408894 1454.71525559 1456.82746337
 1458.89679708 1460.9658591  1462.97731616 1465.01257025 1467.051602
 1469.02454502 1471.0154521  1473.0062569  1475.00455102 1476.95862588
 1478.9027365  1480.78741656 1482.6205643  1484.40169086 1486.1127079
 1487.80884219 1489.45978287 1491.07448537 1492.64403617 1494.16741469
 1495.64199935 1497.07213219 1498.44836119 1499.80696003 1501.09895943
 1502.35490482 1503.53119954 1504.68111178 1505.8489074  1507.03356285
 1508.12036558 1509.15447117 1510.10448107 1511.05591089 1511.93099095
 1512.7316362  1513.48647212 1514.22217989 1514.78776129 1515.29312386
 1515.72662688 1516.06830863 1516.3899615  1516.65944973 1516.82859934
 1516.99356771 1517.08076389 1517.19696555 1517.35570485 1517.38782614
 1517.30288874 1517.15347159 1516.9745866  1516.75809483 1516.51454141
 1516.19329374 1515.86179677 1515.54885182 1515.13664431 1514.57701618
 1513.98142629 1513.33490676 1512.6695659  1511.86660008 1511.07877827
 1510.20118934 1509.25507164 1508.23184337 1507.20946447 1506.08007725]","[  7.74305348   7.50659496   7.26594726   7.03176978   6.80768992
   6.59045643   6.36361337   6.14532059   5.88729413   5.63772904
   5.39824821   5.0933236    4.76564499   4.44643909   4.16954283
   3.93319828   3.72459734   3.53432383   3.36038808   3.1721562
   2.98070451   2.79938857   2.6487764    2.50219815   2.39095382
   2.30065118   2.23613298   2.18811537   2.14487871   2.14227749
   2.15536619   2.18176389   2.18904393   2.21183254   2.19129374
   2.16254155   2.15985056   2.17908845   2.20039601   2.25145283
   2.31635729   2.37424388   2.46620547   2.53724308   2.68186344
   2.89478876   3.13117729   3.35655542   3.57063269   3.79650959
   3.93113895   3.98754538   4.02238624   4.02671382   4.06412169
   4.12872725   4.18982006   4.24091398   4.28759528   4.31400485
   4.34174739   4.35365997   4.37451393   4.37157493   4.36205037
   4.32971745   4.26669563   4.20072508   4.13191088   4.06351807
   3.99412328   3.90217271   3.8159709    3.75392636   3.69361405
   3.63251967   3.54812964   3.44720379   3.36119978   3.27748269
   3.18652399   3.10542255   3.05003409   3.01565442   2.98937002
   2.99217033   3.02814665   3.07964983   3.12553917   3.1499085
   3.17277418   3.21930266   3.30293051   3.42578499   3.59272289
   3.7725648    3.9381165    4.10938147   4.2620492    4.37683074
   4.51223238   4.64172563   4.75657126   4.85398459   4.90767959
   4.94118094   4.97575621   4.99653924   4.99555029   4.9862355
   5.01037783   5.0434369    5.07639374   5.10121913   5.08011801
   5.07344568   5.03233514   5.01733477   4.99535314   4.9572811
   4.9538136    4.9763435    4.99818096   5.00516297   4.99849526
   5.01274714   5.03270512   5.08605234   5.11334155   5.14759755
   5.17566469   5.1705253    5.13588889   5.1022518    5.04856379
   5.03787865   4.99562451   4.90053552   4.84789972   4.79773611
   4.74570558   4.63395655   4.55189514   4.45161647   4.40238627
   4.4077506    4.37835797   4.33052156   4.2470373    4.15286088
   4.04171739   3.93923997   3.80246102   3.69012237   3.59567209
   3.51317431   3.45879719   3.43319708   3.41392821   3.44376591
   3.49974598   3.54357915   3.55139591   3.54713124   3.54044396
   3.52798679   3.49387724   3.47511162   3.45130039   3.40297393
   3.34329581   3.25934295   3.16711494   3.04196037   2.94273001
   2.89203678   2.85326589   2.83316599   2.83342047   2.83448245
   2.82559901   2.83994554   2.88797207   2.94481499   2.99590939
   3.02061597   3.0608709    3.11618529   3.17962637   3.26867174
   3.38737976   3.44656893   3.47089297   3.49254263   3.47713054
   3.49146415   3.55065812   3.63229025   3.69336209   3.70527969
   3.71727282   3.71770538   3.70971491   3.69839946   3.7038745
   3.6829249    3.64718821   3.67960722   3.71339217   3.73423324
   3.73594086   3.69787998   3.6119208    3.50584237   3.39816083
   3.32290082   3.25001534   3.20327387   3.1674373    3.16168902
   3.17965281   3.24205566   3.35383098   3.43913952   3.58234547
   3.72704735   3.80259552   3.85418387   3.86793592   3.84959934
   3.85247253   3.88672131   3.8983494    3.9091972    3.90808786
   3.94262049   3.98297578   4.00419153   4.01634352   4.03620832
   4.08644535   4.10318809   4.1330466    4.17047651   4.25511165
   4.33495585   4.34759635   4.34599868   4.36975235   4.44393784
   4.51652524   4.54325879   4.59334516   4.64943219   4.68438619
   4.71907898   4.77550566   4.79839517   4.8058795    4.78211958
   4.72861117   4.7069298    4.76997663   4.8134959    4.82808579
   4.8545166    4.88873875   4.92447059   4.98932062   5.04675385
   5.06849765   5.10048558   5.17402165   5.29237186   5.42045441
   5.50938575   5.55841776   5.54391597   5.53372549   5.519006
   5.49799392   5.52297294   5.58513046   5.63118923   5.67231133
   5.72567443   5.78279712   5.85120791   5.91382188   5.98446365
   6.06872399   6.13652198   6.19172575   6.24892934   6.28842508
   6.33975714   6.39295361   6.44646897   6.49455899   6.52649353
   6.54698556   6.553076     6.51941926   6.45761179   6.37024541
   6.27268129   6.18545018   6.08140342   5.98466495   5.92204714
   5.82469943   5.75296718   5.70054059   5.69066851   5.71786463
   5.7891397    5.8705045    5.99472069   6.11290307   6.21715788
   6.3247747    6.4865788    6.65614433   6.88752427   7.14934944
   7.42184541   7.72764254   8.00344622   8.22815676   8.39587411
   8.50999378   8.58271311   8.65094982   8.69078145   8.66924094
   8.60138507   8.49885735   8.41777845   8.35348119   8.29156048
   8.25890553   8.26426976   8.31070403   8.34718715   8.36006939
   8.38738875   8.43650594   8.51771386   8.61706165   8.71434258
   8.80270244   8.81722444   8.782888     8.71184253   8.69990828
   8.69253927   8.6136747    8.4982748    8.40630246   8.285348
   8.20908177   8.13173442   8.09508551   8.05972268   7.9932349
   7.97804185   7.98234759   8.00818697   8.09062055   8.12467793
   8.1722969    8.24248111   8.34608685   8.41498655   8.4466052
   8.46872303   8.5677659    8.67410024   8.81308196   8.93246525
   8.96388125   9.01571486   9.04823737   9.08239035   9.17197081
   9.28804957   9.34007961   9.3598663    9.36865502   9.3666132
   9.35552391   9.29006249   9.18824035   9.01307136   8.77316817
   8.51300527   8.27468964   8.0308082    7.76639101   7.53604915
   7.309858     7.11497026   6.93251865   6.74230808   6.54058219
   6.35753744   6.18855993   6.06280271   5.97774304   5.85382478
   5.75553382   5.65593419   5.58851561   5.59745749   5.66733526
   5.75847554   5.88031068   6.05104194   6.1919473    6.24028051
   6.27817717   6.3008144    6.15603182   6.0296073    5.86558526
   5.66745693   5.45851039   5.32794933   5.21017804   5.16591402
   5.22145423   5.18904647   5.17144787   5.19867849   5.33049521
   5.42995212   5.51562206   5.60655119   5.66718999   5.7756527
   5.97486695   6.21272295   6.45276915   6.66575608   6.8647978
   7.09587431   7.3144739    7.47026791   7.60714975   7.75763055
   7.91580789   8.02316682   8.16007684   8.31215862   8.46097418
   8.60118756   8.75951833   8.8908851    8.96904316   9.01129633
   9.04587553   9.07863715   9.12987561   9.17979096   9.1840354
   9.24263511   9.391503     9.60825058   9.87604106  10.15580059
  10.31757872  10.47767512  10.65883439  10.76734142  10.83886704
  10.92734683  10.97424856  11.01309257  11.02958297  11.06228798
  11.05222296  11.07787574  11.15946953  11.25040414  11.27156588
  11.28314459  11.30901153  11.40832352  11.55269616  11.75391458
  12.00625097  12.29812289  12.62257287  12.96049114  13.29617123
  13.64728205  14.01058232  14.34711423  14.65011767  14.95355023
  15.28844855  15.61533847  15.93326784  16.20903147  16.46628976
  16.66980629  16.84431444  16.97120938  17.15104422  17.37067608
  17.56400816  17.7756572   17.97220719  18.15816129  18.29753045
  18.45441883  18.5674868   18.57318975  18.55305012  18.56955977
  18.58012108  18.56367272  18.5121611   18.46751709  18.38955994
  18.34951661  18.30134748  18.23045083  18.17734401  18.10400472
  18.03476951  18.01708538  17.98908646  17.98637266  17.94478695
  17.86508934  17.8064555   17.74967863  17.72926748  17.72240922
  17.71893246  17.6967757   17.64295088  17.57403926  17.5220064
  17.46198001  17.35639895  17.26988431  17.25361257  17.22772436
  17.20593566  17.15636731  17.11155561  17.09523261  17.05459023
  17.00574452  16.94235511  16.88388366  16.88548825  16.87289559
  16.85069791  16.78430855  16.67810906  16.57698801  16.48531185
  16.34330479  16.24976516  16.12657988  15.99422557  15.90250493
  15.80650309  15.66294554  15.46176326  15.26274704  15.10546813
  14.98195187  14.87801706  14.78008959  14.68537635  14.57660838
  14.51857792  14.50223792  14.5055066   14.4984336   14.44718718
  14.40080236  14.35991162  14.26980222  14.14667977  14.04715634
  13.97001391  13.95801314  13.98397748  14.01666253  14.00947069
  14.00930099  14.09729799  14.24072644  14.36351364  14.47516413
  14.559359    14.62386261  14.68927998  14.74123495  14.80146417
  14.84610809  14.85785855  14.87951877  14.87741064  14.82873803
  14.76691432  14.71715466  14.65430277  14.63719191  14.65329396
  14.67458504  14.66437522  14.68092607  14.73993364  14.80210883
  14.84579048  14.91121387  15.0134397   15.16257006  15.27174312
  15.37695738  15.48747592  15.58270461  15.67110051  15.80945985
  15.96664156  16.03963692  16.10257767  16.1817701   16.32491535
  16.51305027  16.64384221  16.71116105  16.82798417  16.97532998
  17.02453076  17.02332794  17.0202538   16.98759972  16.93433681
  16.85937317  16.76751342  16.66683604  16.58681495  16.49875641
  16.43376481  16.40724449  16.43815543  16.47546499  16.50132192
  16.51091902  16.59211761  16.69555657  16.8186276   16.97662414
  17.15072968  17.37827981  17.63565965  17.89985823  18.20443861
  18.56585623  18.91826731  19.15848285  19.39138608  19.57178946
  19.69869993  19.84754082  19.96510022  20.10628173  20.24487246
  20.34169699  20.45387444  20.62973347  20.75676533  20.84671271
  20.90038584  20.86260058  20.78589353  20.72615365  20.73635917
  20.72712449  20.73121925  20.7705843   20.84838067  20.96676177
  21.09496362  21.12892702  21.16540096  21.29476708  21.39242724
  21.48668527  21.60380958  21.70572758  21.78927705  21.93174707
  22.0729478   22.18372672  22.27863125  22.38869007  22.52078187
  22.60363992  22.66757719  22.78705219  22.97313232  23.21562981
  23.44586532  23.69936622  23.97078739  24.28219604  24.61683193
  24.93674538  25.25787362  25.61889973  25.9371715   26.18057991
  26.38604077  26.53926808  26.70811477  26.94530129  27.16295788
  27.40568068  27.64194467  27.8682407   28.08428265  28.26194656
  28.38715593  28.55565894  28.7042599   28.83585421  28.96642329
  29.10489051  29.16732102  29.17883576  29.20430686  29.24023003
  29.30703536  29.44035763  29.59329957  29.74268107  29.81784302
  29.91491239  30.04325706  30.13590147  30.23317188  30.32902855
  30.428671    30.56476839  30.6417016   30.68824156  30.71932148
  30.73213481  30.72542398  30.74660172  30.71631463  30.63215194
  30.53021109  30.41754702  30.30174457  30.25848953  30.25194791
  30.25548238  30.28606438  30.35554055  30.44415902  30.54782764
  30.63230542  30.62977305  30.50440865  30.35472312  30.15764921
  30.09373879  30.14224137  30.17118039  30.13915642  30.03337321
  29.87723995  29.65961314  29.4235116   29.20937683  28.97845048
  28.72391862  28.50193927  28.31889173  28.15722285  27.99868118
  27.86630045  27.78256769  27.71602123  27.63927331  27.54372679
  27.48182598  27.42521189  27.4568822   27.50302235  27.53697311
  27.54488878  27.5698949   27.64512476  27.74271471  27.90660624
  28.07428008  28.2278437   28.47650388  28.81617268  29.21494971
  29.55893653  29.91085088  30.20240892  30.52294286  30.88913722
  31.20082155  31.53180357  31.87167163  32.1179706   32.31051049
  32.60382945  32.91333704  33.17832151  33.46862428  33.79544737
  34.11690692  34.45400421  34.74587874  34.98857507  35.26890395
  35.5498508   35.84777473  36.20251423  36.62445273  37.06199104
  37.47778267  37.92643543  38.4659966   39.11138686  39.65441156
  40.205139    40.79000105  41.50884647  42.15601674  42.79223972
  43.34329581  43.82087682  44.34569632  44.95419398  45.5098499
  46.05211838  46.63057522  47.20008941  47.83681566  48.44003972
  48.96546223  49.47167706  49.92961709  50.32216391  50.69605087
  51.13356071  51.5602996   51.88857839  52.18456975  52.54211634
  52.84031026  53.06631042  53.28700669  53.5569499   53.87479427
  54.22618028  54.5537841   54.89624135  55.22708021  55.45251219
  55.66372239  55.82544657  55.97997122  56.11667919  56.20381265
  56.35089416  56.57368572  56.82034561  57.10389553  57.44489655
  57.7671025   58.01836179  58.24716545  58.42842243  58.64476406
  58.77210404  58.91089138  59.02832002  59.07395306  59.02298324
  58.95710057  58.95940156  58.96780491  59.05238164  59.11704241
  59.20838864  59.40901255  59.51556259  59.56419268  59.53848986
  59.58137085  59.66685594  59.73060102  59.72808766  59.66893041
  59.61089529  59.44852189  59.34636474  59.30888219  59.27273011
  59.22892263  59.20814772  59.20899587  59.18078034  59.16943793
  59.06425485  58.9886266   58.91772158  58.86636674  58.81660559
  58.6657102   58.50896361  58.27361777  58.02081505  57.76257569
  57.45841472  57.20074523  57.0466992   56.88999555  56.73153303
  56.59743352  56.52429781  56.43406667  56.25754925  56.08459441
  55.92670234  55.75419949  55.58039368  55.46894098  55.44752188
  55.43273607  55.49077887  55.62296632  55.87436087  56.15975741
  56.48670852  56.89722255  57.38691514  57.78258498  58.07818718
  58.32057386  58.58449511  58.84324086  59.119726    59.45954911
  59.83740979  60.24590084  60.66027024  61.10478099  61.55287067
  61.96326399  62.36450291  62.69722638  62.92495455  63.15015483
  63.39157465  63.62773253  63.85160362  64.0595565   64.30782396
  64.57530285  64.8422977   65.15574413  65.50331882  65.83704958
  66.06210025  66.37075256  66.63161892  66.83233148  67.07447653
  67.38578708  67.78969005  68.28556504  68.68790845  69.14420901
  69.52580844  69.88720111  70.27605969  70.72759476  71.25794079
  71.81745064  72.4244929   73.00046155  73.54831142  74.06229156
  74.61357827  75.2983852   76.05121975  76.80840031  77.57216945
  78.2731317   78.89495939  79.46190707  79.96725441  80.42542297
  80.83746316  81.2333079   81.72258431  82.24389796  82.6449065
  82.94766888  83.19736872  83.52409402  83.9091447   84.36055139
  84.81140918  85.17964866  85.5718892   85.85552558  85.99102694
  86.03784058  86.08917408  86.19265357  86.3323233   86.4752296
  86.66135668  86.83408912  86.9095768   86.95727061  86.95037188
  86.94632265  86.93197083  86.93544368  86.97942955  87.04019421
  87.04970526  87.13945601  87.27895433  87.33336599  87.30484732
  87.22019178  87.14482266  87.05670204  86.99396141  87.07676043
  87.35088094  87.61041102  87.78522969  87.92187113  88.06896366
  88.28324416  88.50964052  88.64232323  88.81924082  89.02384153
  89.12081393  89.2899317   89.44863964  89.67664069  89.90615307
  90.07024657  90.30820032  90.64140946  91.13011492  91.68781264
  92.3317056   93.00139638  93.670027    94.32537028  94.96921437
  95.60318359  96.16567954  96.68323585  97.29093933  97.94615703
  98.5259831   99.09688744  99.68328871 100.28655642 100.84703822
 101.47845382 102.1664653  102.90900494 103.77278711 104.63958502
 105.33170493 106.011193   106.73594248 107.47617935 108.23448437
 108.99493964 109.79819271 110.60054367 111.40888647 112.21858094
 113.04435128 113.93229615 114.89493696 115.81146089 116.70919813
 117.4956489  118.23494458 118.95889107 119.67322061 120.33250477
 120.92725569 121.64220938 122.36081744 122.91399574 123.39830309
 123.82642016 124.22883665 124.59455722 124.8500312  125.01751789
 125.15602728 125.16103643 125.28868242 125.47300223 125.63459646
 125.82649491 126.14278362 126.42062568 126.75092973 127.10928829
 127.32535582 127.56378506 127.85191379 128.24437445 128.61413612
 128.92163232 129.19589827 129.47080487 129.7635212  130.20576849
 130.83373893 131.45248672 131.95382313 132.33765604 132.79146285
 133.18383637 133.57204987 133.93767288 134.1846961  134.32871752
 134.46964246 134.6916057  134.88001717 134.98695092 135.04980306
 135.03816504 135.01690974 134.9870233  134.86179599 134.68344979
 134.65650974 134.77981794 134.94679893 135.10723063 135.21658654
 135.33141534 135.42673069 135.48869611 135.47013719 135.36176745
 135.25683793 135.21171357 135.12602708 135.14281705 135.27522048
 135.43728469 135.70352447 136.06325297 136.36242243 136.61576232
 136.80504604 136.99194658 137.2489961  137.53232171 137.76862314
 137.96747281 138.00408134 138.09411983 138.23830485 138.47620467
 138.6813289  138.78404002 138.82506892 138.75860822 138.68575865
 138.59223412 138.45229532 138.39542719 138.34421378 138.34970379
 138.36140547 138.35413408 138.33983149 138.38160724 138.51525027
 138.67923842 138.81504362 139.00845073 139.20566544 139.30960024
 139.40005996 139.62768651 139.88431664 140.06426088 140.23379214
 140.39272072 140.52486528 140.70324926 140.78720951 140.84950053
 140.82774279 140.64449972 140.40664197 140.14760901 139.86433778]","[  7.15353999   7.0710233    7.38800894   7.43112284   7.18179778
   7.45774182   7.21820279   7.85075323   8.17811404   8.67727779
   8.25552046   8.90356561   8.59433058   9.65566369   9.56271731
  10.05516932  11.27838043  11.30983388  11.02137229  11.40865233
  11.51591453  12.60713647  12.45146397  12.69355084  12.55140775
  12.81026257  15.61011926  16.13997752  15.48895286  16.26634907
  17.71666161  18.14021653  17.68845422  19.6360408   22.10667457
  21.82449429  23.17613113  24.92096262  26.97411069  26.93722937
  26.14798932  32.47837308  35.36954391  34.79911888  38.00278895
  44.19034562  46.15107484  54.87982456  55.16193011  84.91470835
  59.15041838  66.61818108  57.38760972  62.27918844  82.84121832
 121.18649753 121.21652129  96.06551444]"
n:it50samp10 corrfield z2:180.0 z1:1224.0 data:pos,"[ 331.96587907  326.49449923  337.47111524  340.2935014   324.49489194
  340.98276688  325.21988949  352.97845641  364.04091791  386.21197778
  365.7204882   384.35157207  362.5442746   399.86573717  394.74452268
  400.12751952  438.91596542  447.41794325  428.98488388  434.50343293
  426.47771131  457.95325623  456.30835683  448.60524414  436.60139972
  436.30182159  519.84275315  542.31285156  509.49002814  526.08501317
  562.48656813  554.8356558   536.22571581  576.00912456  632.07308684
  603.43838728  604.13732736  632.17757961  654.92118661  609.81746625
  587.31201307  691.26308827  702.06540066  657.50998997  708.93283516
  761.56262629  756.23010976  826.8479289   818.18364523 1075.77250617
  713.49234412  746.30204837  605.97620342  613.37887092  731.63383008
  835.22029499  857.13024198  494.52750301]","[ 1.29697069e-01  1.28297089e-01  1.26873861e-01  1.25378509e-01
  1.23805766e-01  1.22212917e-01  1.20601037e-01  1.18976260e-01
  1.17344806e-01  1.15627591e-01  1.13882200e-01  1.12152940e-01
  1.10458601e-01  1.08746931e-01  1.07008504e-01  1.05253648e-01
  1.03509825e-01  1.01702389e-01  9.98804515e-02  9.80962243e-02
  9.62963963e-02  9.44978888e-02  9.26985099e-02  9.08763414e-02
  8.90083450e-02  8.70574148e-02  8.50762274e-02  8.30048159e-02
  8.08788429e-02  7.87784800e-02  7.67063633e-02  7.46416291e-02
  7.25992809e-02  7.05462078e-02  6.85081582e-02  6.65072425e-02
  6.45175071e-02  6.25138220e-02  6.05595537e-02  5.86577606e-02
  5.68189824e-02  5.50074035e-02  5.31734799e-02  5.13661658e-02
  4.95794240e-02  4.77913866e-02  4.60288704e-02  4.42755148e-02
  4.25833227e-02  4.09380422e-02  3.93647019e-02  3.78449773e-02
  3.64039351e-02  3.50212572e-02  3.36408268e-02  3.23022243e-02
  3.09594806e-02  2.96399486e-02  2.83872566e-02  2.71652534e-02
  2.59282434e-02  2.47383546e-02  2.36580222e-02  2.25787959e-02
  2.15164188e-02  2.05183343e-02  1.95997293e-02  1.87717530e-02
  1.80765976e-02  1.74042826e-02  1.67480117e-02  1.61296962e-02
  1.55637502e-02  1.50318875e-02  1.45417285e-02  1.40839790e-02
  1.35999691e-02  1.31650352e-02  1.27376109e-02  1.23198871e-02
  1.19402236e-02  1.15297099e-02  1.11059668e-02  1.07132346e-02
  1.03357341e-02  9.98889202e-03  9.63811613e-03  9.28937484e-03
  8.99999752e-03  8.71521607e-03  8.38980268e-03  8.02412001e-03
  7.60060451e-03  7.16669158e-03  6.75513711e-03  6.31724513e-03
  5.80622268e-03  5.32654950e-03  4.85020611e-03  4.43745149e-03
  4.00477799e-03  3.60470781e-03  3.15327173e-03  2.65535657e-03
  2.16292561e-03  1.69789141e-03  1.21974714e-03  7.08680198e-04
  1.82349361e-04 -3.55002222e-04 -8.89241471e-04 -1.36388543e-03
 -1.86535527e-03 -2.41482473e-03 -2.94489291e-03 -3.45590496e-03
 -3.95177403e-03 -4.41892650e-03 -4.87075705e-03 -5.25067209e-03
 -5.60975177e-03 -5.91848827e-03 -6.20493717e-03 -6.47607735e-03
 -6.68777961e-03 -6.85622452e-03 -7.00937755e-03 -7.10671072e-03
 -7.20747213e-03 -7.28518568e-03 -7.32151239e-03 -7.32152212e-03
 -7.37407838e-03 -7.43718361e-03 -7.52540165e-03 -7.60112059e-03
 -7.62707960e-03 -7.65193741e-03 -7.63849391e-03 -7.62015461e-03
 -7.56323351e-03 -7.52459834e-03 -7.46013364e-03 -7.37709474e-03
 -7.28480263e-03 -7.21168137e-03 -7.08245320e-03 -6.89114601e-03
 -6.68158559e-03 -6.46647645e-03 -6.26183396e-03 -6.12113948e-03
 -6.04146101e-03 -6.01638844e-03 -6.00356682e-03 -5.94731144e-03
 -5.87569203e-03 -5.82393454e-03 -5.73568941e-03 -5.65452880e-03
 -5.59975411e-03 -5.56309721e-03 -5.54317100e-03 -5.54183269e-03
 -5.54463872e-03 -5.55672342e-03 -5.63380688e-03 -5.77635876e-03
 -5.96984849e-03 -6.14675420e-03 -6.32315072e-03 -6.58506910e-03
 -6.91260766e-03 -7.27775429e-03 -7.63333395e-03 -8.02174036e-03
 -8.38684998e-03 -8.80080913e-03 -9.30977803e-03 -9.86344794e-03
 -1.04102669e-02 -1.09378250e-02 -1.15143477e-02 -1.21554266e-02
 -1.27668400e-02 -1.33153076e-02 -1.38363221e-02 -1.43676070e-02
 -1.48838056e-02 -1.53847342e-02 -1.59742366e-02 -1.66228164e-02
 -1.72687633e-02 -1.79083207e-02 -1.86033210e-02 -1.93192766e-02
 -2.00079282e-02 -2.06747596e-02 -2.12817215e-02 -2.18716772e-02
 -2.24333448e-02 -2.29538636e-02 -2.34635610e-02 -2.39451774e-02
 -2.44408937e-02 -2.49362653e-02 -2.54409719e-02 -2.58971350e-02
 -2.63211308e-02 -2.67068103e-02 -2.70725053e-02 -2.74259520e-02
 -2.77668324e-02 -2.81243205e-02 -2.84704290e-02 -2.87951354e-02
 -2.91292956e-02 -2.94414905e-02 -2.98105151e-02 -3.01873239e-02
 -3.05252217e-02 -3.08586240e-02 -3.11618754e-02 -3.14051312e-02
 -3.16325154e-02 -3.18125319e-02 -3.19770365e-02 -3.21248429e-02
 -3.22310725e-02 -3.23493544e-02 -3.24771068e-02 -3.25374569e-02
 -3.25913325e-02 -3.26307803e-02 -3.26513487e-02 -3.26745925e-02
 -3.26526565e-02 -3.25543011e-02 -3.24207084e-02 -3.22988657e-02
 -3.21456627e-02 -3.19332085e-02 -3.17171947e-02 -3.14760308e-02
 -3.11950567e-02 -3.08700034e-02 -3.04702199e-02 -3.00043306e-02
 -2.95250276e-02 -2.90007916e-02 -2.84396615e-02 -2.78171308e-02
 -2.71623703e-02 -2.64788738e-02 -2.57979666e-02 -2.51151857e-02
 -2.43450215e-02 -2.35701265e-02 -2.27770538e-02 -2.19834413e-02
 -2.11947951e-02 -2.03752781e-02 -1.95154486e-02 -1.86097516e-02
 -1.76600299e-02 -1.67505014e-02 -1.58523890e-02 -1.49423592e-02
 -1.40611595e-02 -1.31924991e-02 -1.23236666e-02 -1.14474291e-02
 -1.05589970e-02 -9.71823114e-03 -8.86958235e-03 -8.08937831e-03
 -7.34787722e-03 -6.65094172e-03 -6.00386576e-03 -5.35037669e-03
 -4.65110045e-03 -3.97769849e-03 -3.34907622e-03 -2.76036029e-03
 -2.14957170e-03 -1.55041641e-03 -9.68288721e-04 -3.88032264e-04
  1.23208285e-04  6.41556833e-04  1.13738326e-03  1.63184482e-03
  2.16889354e-03  2.74848489e-03  3.28923404e-03  3.78118820e-03
  4.28963539e-03  4.88632140e-03  5.42628660e-03  5.94429189e-03
  6.47245506e-03  6.99981867e-03  7.52760495e-03  8.04466413e-03
  8.54073440e-03  9.03258744e-03  9.50726105e-03  9.99114363e-03
  1.04937168e-02  1.10810233e-02  1.16411601e-02  1.21374858e-02
  1.26547953e-02  1.32063444e-02  1.37893552e-02  1.43775853e-02
  1.49318592e-02  1.54431445e-02  1.60482244e-02  1.67298256e-02
  1.74354481e-02  1.82203415e-02  1.90260102e-02  1.98551063e-02
  2.07026822e-02  2.15141803e-02  2.23147112e-02  2.31280979e-02
  2.39740414e-02  2.48494348e-02  2.57656428e-02  2.66813731e-02
  2.76060191e-02  2.85304649e-02  2.94419473e-02  3.03346421e-02
  3.12439607e-02  3.21559315e-02  3.30536636e-02  3.39673012e-02
  3.48919987e-02  3.58402065e-02  3.67431793e-02  3.76505339e-02
  3.85647562e-02  3.94910722e-02  4.04055727e-02  4.13109120e-02
  4.21839539e-02  4.30929655e-02  4.40566122e-02  4.49525004e-02
  4.58326952e-02  4.66734142e-02  4.75015218e-02  4.83227982e-02
  4.91270909e-02  4.99041666e-02  5.06319676e-02  5.13790053e-02
  5.21107298e-02  5.28385378e-02  5.35480936e-02  5.42122568e-02
  5.47849845e-02  5.53204324e-02  5.58364428e-02  5.63326518e-02
  5.67464779e-02  5.71205698e-02  5.74888465e-02  5.77922879e-02
  5.80802034e-02  5.83697931e-02  5.85740395e-02  5.87759764e-02
  5.89421169e-02  5.90356696e-02  5.91023615e-02  5.91543547e-02
  5.91402308e-02  5.90184605e-02  5.88456667e-02  5.86530970e-02
  5.84456168e-02  5.82061000e-02  5.79273066e-02  5.76114166e-02
  5.72937469e-02  5.69905291e-02  5.66679243e-02  5.62883486e-02
  5.59133699e-02  5.55035948e-02  5.51587907e-02  5.47869460e-02
  5.44205227e-02  5.40741270e-02  5.37258353e-02  5.33579154e-02
  5.29878981e-02  5.26174885e-02  5.22503184e-02  5.18917558e-02
  5.15541191e-02  5.12906852e-02  5.10284783e-02  5.06998210e-02
  5.03303106e-02  4.99669077e-02  4.95742818e-02  4.91467111e-02
  4.87280961e-02  4.83551073e-02  4.79959543e-02  4.76313401e-02
  4.72809814e-02  4.68936814e-02  4.65221597e-02  4.61036874e-02
  4.56863179e-02  4.52416027e-02  4.47911402e-02  4.43679006e-02
  4.39790279e-02  4.35869376e-02  4.31951667e-02  4.27616064e-02
  4.23326541e-02  4.19152954e-02  4.14725267e-02  4.10344709e-02
  4.06340003e-02  4.02600583e-02  3.98849133e-02  3.95479936e-02
  3.92081524e-02  3.88683208e-02  3.85169329e-02  3.82330988e-02
  3.79784240e-02  3.77310839e-02  3.75551715e-02  3.74377707e-02
  3.72656452e-02  3.70463263e-02  3.68357505e-02  3.66344889e-02
  3.64491395e-02  3.62567854e-02  3.61205450e-02  3.59618093e-02
  3.57548105e-02  3.55799118e-02  3.54193198e-02  3.52591020e-02
  3.51181780e-02  3.49825875e-02  3.48391282e-02  3.46561851e-02
  3.44374497e-02  3.41848310e-02  3.39709950e-02  3.37751556e-02
  3.36173449e-02  3.34126820e-02  3.31785442e-02  3.29013922e-02
  3.25969835e-02  3.22155084e-02  3.17811803e-02  3.13342518e-02
  3.08994114e-02  3.03748194e-02  2.98137380e-02  2.92581683e-02
  2.86885981e-02  2.80925944e-02  2.74666069e-02  2.68183215e-02
  2.61690818e-02  2.55150775e-02  2.48209880e-02  2.40779632e-02
  2.33032926e-02  2.25427961e-02  2.17705094e-02  2.09588360e-02
  2.00273746e-02  1.90719706e-02  1.81294033e-02  1.71767546e-02
  1.62154380e-02  1.52118459e-02  1.41976773e-02  1.31697172e-02
  1.21355284e-02  1.11202075e-02  1.00465172e-02  8.99221611e-03
  7.89452991e-03  6.75980620e-03  5.59091762e-03  4.41703708e-03
  3.24861878e-03  2.05156024e-03  8.53076524e-04 -3.03385568e-04
 -1.51558170e-03 -2.76322352e-03 -4.06192134e-03 -5.39599696e-03
 -6.72193996e-03 -8.00748833e-03 -9.25146204e-03 -1.05438119e-02
 -1.18405880e-02 -1.30978421e-02 -1.44072036e-02 -1.57270909e-02
 -1.70313002e-02 -1.83621990e-02 -1.96692592e-02 -2.09640139e-02
 -2.22413467e-02 -2.34755789e-02 -2.46720488e-02 -2.58839978e-02
 -2.70578837e-02 -2.82397930e-02 -2.94364667e-02 -3.05985573e-02
 -3.17519165e-02 -3.28830354e-02 -3.40210950e-02 -3.51772565e-02
 -3.63089047e-02 -3.74001119e-02 -3.84639907e-02 -3.95403959e-02
 -4.05926858e-02 -4.16366656e-02 -4.26373533e-02 -4.36186039e-02
 -4.45984645e-02 -4.55885830e-02 -4.66252417e-02 -4.76900455e-02
 -4.87052969e-02 -4.97052489e-02 -5.07353635e-02 -5.17129320e-02
 -5.27089898e-02 -5.37307394e-02 -5.47375427e-02 -5.57440324e-02
 -5.67213849e-02 -5.76743067e-02 -5.86230971e-02 -5.95540474e-02
 -6.04929285e-02 -6.13573444e-02 -6.22468936e-02 -6.31766283e-02
 -6.41365525e-02 -6.50776128e-02 -6.59957888e-02 -6.68947188e-02
 -6.78241823e-02 -6.87491589e-02 -6.96374104e-02 -7.05240822e-02
 -7.14049830e-02 -7.22358323e-02 -7.30812563e-02 -7.39093788e-02
 -7.46992453e-02 -7.54514623e-02 -7.61635114e-02 -7.69034389e-02
 -7.76837521e-02 -7.84682475e-02 -7.92301258e-02 -7.99152880e-02
 -8.06021232e-02 -8.13783124e-02 -8.21906363e-02 -8.29886347e-02
 -8.38136610e-02 -8.46299711e-02 -8.54343201e-02 -8.62316615e-02
 -8.69876002e-02 -8.76993457e-02 -8.83979175e-02 -8.91197084e-02
 -8.98047447e-02 -9.04468058e-02 -9.10787791e-02 -9.16752094e-02
 -9.22507436e-02 -9.28137735e-02 -9.34081672e-02 -9.40409211e-02
 -9.46757306e-02 -9.53527218e-02 -9.60158947e-02 -9.66937662e-02
 -9.74059544e-02 -9.81223402e-02 -9.88262009e-02 -9.95424782e-02
 -1.00315132e-01 -1.01059963e-01 -1.01745323e-01 -1.02451654e-01
 -1.03204499e-01 -1.03910464e-01 -1.04571707e-01 -1.05224661e-01
 -1.05922917e-01 -1.06625480e-01 -1.07289461e-01 -1.07960338e-01
 -1.08617911e-01 -1.09289834e-01 -1.10012613e-01 -1.10810280e-01
 -1.11619305e-01 -1.12421724e-01 -1.13177157e-01 -1.13893756e-01
 -1.14606953e-01 -1.15274493e-01 -1.15960235e-01 -1.16673929e-01
 -1.17378425e-01 -1.18072071e-01 -1.18703227e-01 -1.19348277e-01
 -1.19941058e-01 -1.20528415e-01 -1.21149223e-01 -1.21707526e-01
 -1.22270164e-01 -1.22831309e-01 -1.23377543e-01 -1.23901509e-01
 -1.24392242e-01 -1.24886742e-01 -1.25450358e-01 -1.26022975e-01
 -1.26553548e-01 -1.27063981e-01 -1.27559082e-01 -1.28056034e-01
 -1.28587751e-01 -1.29112735e-01 -1.29613669e-01 -1.30106352e-01
 -1.30506320e-01 -1.30867794e-01 -1.31186778e-01 -1.31478979e-01
 -1.31761278e-01 -1.32070990e-01 -1.32376544e-01 -1.32686051e-01
 -1.32986446e-01 -1.33308819e-01 -1.33578886e-01 -1.33827440e-01
 -1.34056020e-01 -1.34307599e-01 -1.34564586e-01 -1.34803473e-01
 -1.35025558e-01 -1.35229773e-01 -1.35445425e-01 -1.35640178e-01
 -1.35804517e-01 -1.35924837e-01 -1.36036235e-01 -1.36149508e-01
 -1.36221672e-01 -1.36325436e-01 -1.36428268e-01 -1.36472566e-01
 -1.36473462e-01 -1.36451748e-01 -1.36391422e-01 -1.36262548e-01
 -1.36111173e-01 -1.35951337e-01 -1.35785661e-01 -1.35573854e-01
 -1.35347693e-01 -1.35127915e-01 -1.34845110e-01 -1.34570296e-01
 -1.34296530e-01 -1.34040633e-01 -1.33798975e-01 -1.33577089e-01
 -1.33307523e-01 -1.33040474e-01 -1.32816102e-01 -1.32574814e-01
 -1.32306152e-01 -1.32029821e-01 -1.31762639e-01 -1.31447631e-01
 -1.31081116e-01 -1.30684994e-01 -1.30266049e-01 -1.29828237e-01
 -1.29374741e-01 -1.28927669e-01 -1.28481732e-01 -1.28031349e-01
 -1.27586036e-01 -1.27126343e-01 -1.26680837e-01 -1.26242176e-01
 -1.25805588e-01 -1.25395852e-01 -1.24968883e-01 -1.24473885e-01
 -1.23967100e-01 -1.23401464e-01 -1.22848791e-01 -1.22261521e-01
 -1.21651567e-01 -1.21012461e-01 -1.20342688e-01 -1.19674130e-01
 -1.18961232e-01 -1.18234437e-01 -1.17530159e-01 -1.16829458e-01
 -1.16057778e-01 -1.15292536e-01 -1.14567631e-01 -1.13817222e-01
 -1.13043075e-01 -1.12216735e-01 -1.11418815e-01 -1.10627420e-01
 -1.09780460e-01 -1.08871084e-01 -1.07987292e-01 -1.07096337e-01
 -1.06200913e-01 -1.05357227e-01 -1.04518498e-01 -1.03686539e-01
 -1.02877632e-01 -1.01997215e-01 -1.01144510e-01 -1.00329765e-01
 -9.95456259e-02 -9.87123274e-02 -9.78402265e-02 -9.69748970e-02
 -9.60885537e-02 -9.51902743e-02 -9.42593193e-02 -9.33300754e-02
 -9.24057622e-02 -9.15282158e-02 -9.06730640e-02 -8.98209912e-02
 -8.89109650e-02 -8.80000713e-02 -8.71423316e-02 -8.63029304e-02
 -8.54527030e-02 -8.46002715e-02 -8.37264055e-02 -8.28232330e-02
 -8.19123049e-02 -8.10080134e-02 -8.00690578e-02 -7.91493023e-02
 -7.82572162e-02 -7.73675492e-02 -7.64799315e-02 -7.56205537e-02
 -7.47653829e-02 -7.39037089e-02 -7.30207255e-02 -7.21085563e-02
 -7.11849842e-02 -7.02326838e-02 -6.92093044e-02 -6.81965481e-02
 -6.71366472e-02 -6.61100555e-02 -6.51354891e-02 -6.42509593e-02
 -6.34391408e-02 -6.26239701e-02 -6.18086461e-02 -6.10348202e-02
 -6.03365718e-02 -5.96079736e-02 -5.88933588e-02 -5.82039068e-02
 -5.75991189e-02 -5.69599459e-02 -5.62882663e-02 -5.56050699e-02
 -5.49118634e-02 -5.42381378e-02 -5.35564236e-02 -5.28254258e-02
 -5.20896937e-02 -5.13583751e-02 -5.06090718e-02 -4.98698451e-02
 -4.91186399e-02 -4.84377610e-02 -4.76934277e-02 -4.69263514e-02
 -4.61673043e-02 -4.54136779e-02 -4.46849039e-02 -4.39372561e-02
 -4.31849886e-02 -4.24057603e-02 -4.16333997e-02 -4.08756930e-02
 -4.01701220e-02 -3.93982592e-02 -3.86034839e-02 -3.78011892e-02
 -3.70380814e-02 -3.62959829e-02 -3.55431650e-02 -3.48234549e-02
 -3.40661755e-02 -3.33055723e-02 -3.25564511e-02 -3.18386810e-02
 -3.10877244e-02 -3.02884102e-02 -2.94638471e-02 -2.85884317e-02
 -2.76666417e-02 -2.67107908e-02 -2.57990278e-02 -2.49439567e-02
 -2.40448069e-02 -2.31723225e-02 -2.23331619e-02 -2.14666143e-02
 -2.05418761e-02 -1.96021160e-02 -1.86733130e-02 -1.77305108e-02
 -1.68065824e-02 -1.59050018e-02 -1.50086705e-02 -1.41485552e-02
 -1.32816680e-02 -1.23841218e-02 -1.14945708e-02 -1.05782296e-02
 -9.65562208e-03 -8.69145881e-03 -7.70483994e-03 -6.68358095e-03
 -5.67463851e-03 -4.69948069e-03 -3.72305292e-03 -2.72960018e-03
 -1.75576122e-03 -8.23278819e-04  1.26037337e-04  1.08543760e-03
  2.06019815e-03  3.02960086e-03  3.91603325e-03  4.78046145e-03
  5.67367313e-03  6.56198611e-03  7.42400606e-03  8.28133245e-03
  9.10923712e-03  9.92723645e-03  1.07488193e-02  1.16331318e-02
  1.24868977e-02  1.33106890e-02  1.41693967e-02  1.50205474e-02
  1.58840888e-02  1.67492484e-02  1.76693764e-02  1.86502030e-02
  1.95581027e-02  2.04276571e-02  2.12638950e-02  2.21102883e-02
  2.29692412e-02  2.38582491e-02  2.47565130e-02  2.56460845e-02
  2.65557845e-02  2.74719812e-02  2.83044202e-02  2.91376302e-02
  2.99998703e-02  3.08412807e-02  3.16646990e-02  3.24507268e-02
  3.32670504e-02  3.41056612e-02  3.49692914e-02  3.58046558e-02
  3.66070934e-02  3.73838266e-02  3.81272557e-02  3.88312125e-02
  3.95602894e-02  4.02996646e-02  4.09782046e-02  4.16580036e-02
  4.23650515e-02  4.30307188e-02  4.36942824e-02  4.43626242e-02
  4.50267104e-02  4.56420502e-02  4.62766826e-02  4.68923870e-02
  4.74591341e-02  4.80261361e-02  4.86183113e-02  4.91428634e-02
  4.96495182e-02  5.01373132e-02  5.06176011e-02  5.11120547e-02
  5.15782935e-02  5.20299184e-02  5.24448672e-02  5.28478900e-02
  5.32170895e-02  5.35869365e-02  5.39131391e-02  5.42233660e-02
  5.44559677e-02  5.46637122e-02  5.48383252e-02  5.49905134e-02
  5.51498513e-02  5.52421148e-02  5.53259228e-02  5.53758260e-02
  5.53848468e-02  5.52903047e-02  5.51418693e-02  5.49385480e-02
  5.48199074e-02  5.46810653e-02  5.44858904e-02  5.42773637e-02
  5.40662704e-02  5.38386387e-02  5.36164311e-02  5.33748642e-02
  5.31208008e-02  5.28696267e-02  5.26472580e-02  5.24154839e-02
  5.21406531e-02  5.18953769e-02  5.16136486e-02  5.12940751e-02
  5.10091074e-02  5.07797369e-02  5.05791194e-02  5.03829911e-02
  5.01238589e-02  4.98104812e-02  4.95145094e-02  4.92226190e-02
  4.89105541e-02  4.86169585e-02  4.83149781e-02  4.79958335e-02
  4.76986398e-02  4.74275132e-02  4.72182117e-02  4.70104329e-02
  4.67684286e-02  4.65383445e-02  4.63037582e-02  4.60473820e-02
  4.57815945e-02  4.54853791e-02  4.52096300e-02  4.49258796e-02
  4.46754804e-02  4.44380134e-02  4.42296352e-02  4.40335788e-02
  4.38099292e-02  4.36110943e-02  4.34248577e-02  4.32612431e-02
  4.31195180e-02  4.29592245e-02  4.28034396e-02  4.26873941e-02
  4.26003853e-02  4.25529574e-02  4.25462254e-02  4.25013428e-02
  4.24659019e-02  4.24451088e-02  4.24438490e-02  4.24442668e-02
  4.24509311e-02  4.24607681e-02  4.24510719e-02  4.24380647e-02
  4.24680867e-02  4.25534665e-02  4.26723129e-02  4.28181404e-02
  4.29586501e-02  4.31282073e-02  4.33351969e-02  4.35659753e-02
  4.38645458e-02  4.41909140e-02  4.45128480e-02  4.48529338e-02
  4.51863007e-02  4.55224997e-02  4.58796202e-02  4.62509316e-02
  4.65928807e-02  4.69847611e-02  4.74236134e-02  4.79035966e-02
  4.84080911e-02  4.89314194e-02  4.94415586e-02  4.99678061e-02
  5.05256604e-02  5.11178772e-02  5.17505198e-02  5.24186553e-02
  5.30911749e-02  5.37585871e-02  5.44183208e-02  5.50732969e-02
  5.56970121e-02  5.63593249e-02  5.69448980e-02  5.75618905e-02
  5.82391860e-02  5.89563720e-02  5.97157024e-02  6.04934597e-02
  6.12784698e-02  6.20761786e-02  6.28345782e-02  6.36161935e-02
  6.43798775e-02  6.51246220e-02  6.59377638e-02  6.66950756e-02
  6.74638013e-02  6.82384665e-02  6.90323525e-02  6.98743327e-02
  7.07161896e-02  7.15811266e-02  7.24695957e-02  7.33468526e-02
  7.42474064e-02  7.51748880e-02  7.60685196e-02  7.69856532e-02
  7.79576385e-02  7.89251009e-02  7.98587727e-02  8.07680505e-02
  8.16770128e-02  8.25852372e-02  8.34478388e-02  8.42989179e-02
  8.52095704e-02  8.61132710e-02  8.69676644e-02  8.78526208e-02
  8.87744416e-02  8.97246525e-02  9.06848541e-02  9.16298946e-02
  9.26101821e-02  9.35539671e-02  9.45179828e-02  9.54694981e-02
  9.64580594e-02  9.74670396e-02  9.84382212e-02  9.93623154e-02
  1.00319387e-01  1.01263288e-01  1.02187438e-01  1.03137220e-01
  1.04091705e-01  1.05050931e-01  1.05957409e-01  1.06857958e-01
  1.07786313e-01  1.08740483e-01  1.09763575e-01  1.10769848e-01
  1.11765277e-01  1.12798168e-01  1.13857510e-01  1.14890444e-01
  1.15924061e-01  1.16924905e-01  1.17967667e-01  1.19011055e-01
  1.20001717e-01  1.20988598e-01  1.21933507e-01  1.22886739e-01
  1.23848153e-01  1.24806616e-01  1.25769166e-01  1.26706632e-01
  1.27603299e-01  1.28535238e-01  1.29496960e-01  1.30412202e-01
  1.31305687e-01  1.32175584e-01  1.33009553e-01  1.33851122e-01
  1.34704640e-01  1.35528069e-01  1.36321915e-01  1.37079671e-01
  1.37845370e-01  1.38634584e-01  1.39410893e-01  1.40139077e-01
  1.40881875e-01  1.41610373e-01  1.42252950e-01  1.42904640e-01
  1.43589184e-01  1.44291095e-01  1.44932204e-01  1.45582422e-01
  1.46232678e-01  1.46896363e-01  1.47536621e-01  1.48125511e-01
  1.48667103e-01  1.49148458e-01  1.49612591e-01  1.50007210e-01
  1.50386684e-01  1.50777542e-01  1.51172144e-01  1.51558764e-01
  1.51976859e-01  1.52375116e-01  1.52718520e-01  1.53032380e-01
  1.53315629e-01  1.53613368e-01  1.53884668e-01  1.54138821e-01
  1.54337050e-01  1.54507765e-01  1.54671409e-01  1.54786630e-01
  1.54817804e-01  1.54774377e-01  1.54683958e-01  1.54591616e-01
  1.54404026e-01  1.54141057e-01  1.53812993e-01  1.53480749e-01
  1.53178584e-01  1.52874067e-01  1.52528393e-01  1.52157301e-01
  1.51737119e-01  1.51283161e-01  1.50788530e-01  1.50311806e-01
  1.49770081e-01  1.49144051e-01  1.48497237e-01  1.47829051e-01
  1.47217929e-01  1.46554840e-01  1.45824409e-01  1.45063907e-01
  1.44207605e-01  1.43290961e-01  1.42359419e-01  1.41420767e-01
  1.40458056e-01  1.39458613e-01  1.38419412e-01  1.37332086e-01
  1.36177336e-01  1.34943874e-01  1.33638445e-01  1.32333244e-01
  1.31038870e-01]","[0.07821115 0.07842593 0.07861566 0.07885073 0.0791188  0.07938071
 0.07961757 0.07982212 0.07999565 0.08014178 0.0802658  0.08045572
 0.08067026 0.08089291 0.08114169 0.08133241 0.0815217  0.08171494
 0.08195485 0.08222087 0.08244037 0.08260121 0.08277735 0.08294812
 0.08304091 0.08308263 0.08305732 0.08294579 0.082753   0.08262149
 0.08245611 0.08224326 0.08205016 0.08190054 0.08180031 0.08180026
 0.08181067 0.08175246 0.08171275 0.08170497 0.08162646 0.08147228
 0.08124899 0.08098017 0.08074377 0.08057216 0.08035977 0.08010025
 0.07985908 0.07966202 0.07946758 0.07925787 0.07912229 0.07900238
 0.07886498 0.07878296 0.07877327 0.07878615 0.07880904 0.07884492
 0.07881904 0.07873236 0.07871557 0.07863756 0.07856165 0.07853326
 0.07861107 0.07865013 0.07867933 0.0786643  0.07866104 0.07863065
 0.0785337  0.07839988 0.07835082 0.0782919  0.07818215 0.07799833
 0.07782089 0.07767609 0.07748902 0.0773049  0.0771096  0.07692951
 0.07675475 0.07662683 0.07659563 0.07663016 0.07662158 0.07658986
 0.07653409 0.07644203 0.07633581 0.07613972 0.0759969  0.07591555
 0.0758452  0.07573489 0.07565939 0.07560877 0.07555279 0.07547568
 0.07529983 0.07511405 0.07489898 0.0746877  0.0743983  0.07404909
 0.07372865 0.0733917  0.07305207 0.07270198 0.07234285 0.07196244
 0.07163533 0.07134547 0.07107382 0.07095776 0.07084989 0.07068016
 0.07048492 0.07027506 0.07009518 0.06992653 0.06973315 0.06953557
 0.06937296 0.06922904 0.06915409 0.06909776 0.06903586 0.06893758
 0.06882434 0.06874184 0.06865324 0.06855955 0.068418   0.06823727
 0.06801459 0.06780905 0.0676103  0.06743606 0.06725153 0.06705208
 0.06682607 0.0666392  0.06651374 0.06640595 0.06629408 0.06624103
 0.06618639 0.06604524 0.06585306 0.06563876 0.06545461 0.06528871
 0.06520309 0.06517246 0.06518963 0.06514427 0.06508433 0.06503956
 0.06502392 0.0649744  0.06485686 0.06469773 0.06453664 0.06438083
 0.06422838 0.06412607 0.06413839 0.06418221 0.06423682 0.06434585
 0.06445103 0.06458274 0.06470221 0.06482224 0.06499909 0.06524815
 0.06548679 0.06566472 0.06575692 0.06583777 0.06594821 0.0660562
 0.06617388 0.06630185 0.06648854 0.06674856 0.06702884 0.06725748
 0.06748186 0.06771806 0.06787852 0.06800849 0.0682039  0.06838386
 0.0685449  0.06867165 0.06876372 0.06892047 0.06904806 0.06912416
 0.06918855 0.06927913 0.06938555 0.06950813 0.06962336 0.06975487
 0.06990923 0.07006287 0.07009512 0.07012323 0.07022206 0.07038947
 0.07047186 0.07056088 0.07064698 0.07069252 0.07076546 0.07078156
 0.07081395 0.07083941 0.0708593  0.07079748 0.07074076 0.0706749
 0.07058339 0.07048272 0.07037643 0.07015599 0.06987509 0.06960629
 0.06937042 0.06920761 0.06905578 0.06896085 0.06892546 0.06883768
 0.06871042 0.06858949 0.06841477 0.06818445 0.06796978 0.06778339
 0.06752924 0.06717388 0.06682879 0.06655649 0.06629603 0.06604061
 0.06588908 0.06570549 0.06556616 0.06544596 0.06536204 0.0653008
 0.0651586  0.0650317  0.06493511 0.06481737 0.06469045 0.064546
 0.06437906 0.06422916 0.06405562 0.06393723 0.06376045 0.06361046
 0.06344441 0.06322447 0.06301289 0.0628079  0.06266341 0.06253292
 0.0623735  0.06224359 0.06211452 0.06202243 0.06195762 0.06191327
 0.06190268 0.06181982 0.06169223 0.06159317 0.06152658 0.0615132
 0.06154841 0.06157939 0.06159603 0.06163052 0.06161381 0.06166036
 0.06174479 0.06181621 0.06187851 0.06188538 0.06196269 0.0620506
 0.06219004 0.06235832 0.0625672  0.06281137 0.06307246 0.06333129
 0.06355169 0.06369489 0.06384749 0.06396513 0.06409482 0.06428096
 0.06448712 0.0647066  0.06497468 0.06531028 0.06574463 0.06617919
 0.0665957  0.06693798 0.06723512 0.06751505 0.06775477 0.06798558
 0.0682013  0.06840233 0.06860045 0.06881638 0.06901304 0.06912609
 0.06915842 0.06912249 0.06902196 0.06891554 0.06881393 0.06873109
 0.06864256 0.06856651 0.06847106 0.06834769 0.06818665 0.06806572
 0.06797517 0.06787808 0.06787803 0.06789577 0.06789679 0.06787297
 0.06782628 0.06777887 0.06766469 0.06751147 0.06738408 0.06723715
 0.06714219 0.06703894 0.06693533 0.06686669 0.06674797 0.06662921
 0.06649896 0.06636643 0.06624484 0.06612478 0.06597965 0.06582036
 0.06567268 0.06561622 0.06557957 0.06550832 0.0654371  0.06534406
 0.06519583 0.06507053 0.06503988 0.06500286 0.06496397 0.06497729
 0.06504072 0.06507305 0.06512417 0.0651957  0.06529158 0.06534681
 0.06542299 0.06547536 0.0655701  0.0656661  0.06574449 0.06578443
 0.06587788 0.06603813 0.06618652 0.06630917 0.06639743 0.0665014
 0.06657753 0.06659748 0.0665806  0.06659822 0.06664006 0.06669642
 0.0667601  0.06686459 0.0669661  0.06704616 0.06713412 0.06724044
 0.06738866 0.06753735 0.06774609 0.06800056 0.06826168 0.0685132
 0.06874039 0.06898082 0.06919844 0.06942188 0.06959262 0.0697435
 0.06987375 0.07003061 0.07016422 0.07023505 0.07023326 0.07019983
 0.07020495 0.07026813 0.07032289 0.07035588 0.0703739  0.07037214
 0.07037907 0.07038754 0.07033548 0.07025318 0.07023345 0.07023388
 0.07020215 0.0701865  0.07013747 0.07004606 0.06993624 0.06982207
 0.06971112 0.06960162 0.06943991 0.06930773 0.06920536 0.06905773
 0.06884008 0.06859821 0.06836039 0.06811652 0.06790083 0.0677254
 0.06751852 0.06732728 0.06722613 0.06713072 0.06702923 0.06699959
 0.06706875 0.06718812 0.06735024 0.06751922 0.06764915 0.06783859
 0.06804539 0.06828844 0.06851352 0.06876607 0.06907454 0.06938664
 0.06964221 0.06987238 0.07010327 0.0703381  0.07054624 0.07071788
 0.0708495  0.07092941 0.07094036 0.07086874 0.07084362 0.0708892
 0.07090472 0.07088643 0.07089729 0.07087163 0.07084439 0.0708025
 0.07073059 0.07070043 0.07062516 0.07051019 0.07040935 0.07028704
 0.07011634 0.06998241 0.06985581 0.0696939  0.06951108 0.06936522
 0.06922643 0.06911072 0.06899829 0.06892488 0.06884003 0.0687417
 0.06873856 0.06880937 0.0688979  0.06894457 0.06902364 0.06915733
 0.0692927  0.06936112 0.06935379 0.06937137 0.06945933 0.0695329
 0.06960516 0.06959545 0.0696062  0.06959975 0.06958687 0.06962608
 0.06966471 0.06965946 0.06970138 0.0697423  0.06975887 0.06972276
 0.06968622 0.0697381  0.06981893 0.06981892 0.06979427 0.06972985
 0.0696716  0.06963421 0.06953913 0.06941217 0.06929711 0.06918316
 0.06906218 0.06896434 0.06892409 0.06890947 0.06888583 0.06880918
 0.06875765 0.06874291 0.06872263 0.0687023  0.06862094 0.06856314
 0.06851122 0.0683745  0.06822372 0.06806114 0.06789584 0.06781022
 0.06772944 0.0676484  0.06752204 0.06737451 0.06732152 0.06730094
 0.06731576 0.06739834 0.06752433 0.06770155 0.06790574 0.06809085
 0.06819804 0.06828252 0.0683259  0.06842697 0.06851222 0.0686362
 0.06879971 0.06890005 0.06894731 0.06901639 0.06913949 0.06923439
 0.06930203 0.06930268 0.06931818 0.06938215 0.06949686 0.06954389
 0.06954057 0.06949836 0.06946013 0.06940693 0.06928222 0.06913557
 0.06899141 0.06882101 0.06870459 0.0686256  0.06854393 0.06843751
 0.06829887 0.06811761 0.06789765 0.06768164 0.06748393 0.06729668
 0.0671216  0.06689999 0.06660755 0.06630281 0.06598555 0.06562551
 0.06518733 0.06473693 0.06429863 0.06391334 0.06358588 0.06328859
 0.06300165 0.06267769 0.06234994 0.06209046 0.0618891  0.06167787
 0.06145826 0.0613444  0.06124617 0.06110221 0.06095656 0.06081224
 0.060683   0.06059832 0.0605042  0.06044179 0.06038848 0.06033541
 0.06029313 0.06025972 0.06024877 0.06029385 0.06034066 0.06036588
 0.06036758 0.06037164 0.06040865 0.06044939 0.06055577 0.06068635
 0.06080547 0.06096462 0.06116188 0.06141386 0.06166051 0.06186898
 0.0619894  0.06208467 0.06213838 0.06220232 0.06232761 0.06246486
 0.0626338  0.06280678 0.063033   0.0633295  0.06362123 0.06387314
 0.06408776 0.06429785 0.06446885 0.064685   0.06490649 0.06513076
 0.06533622 0.06548914 0.06558958 0.06568422 0.06568671 0.06562847
 0.06555402 0.06547093 0.06540053 0.06526307 0.06509446 0.06492607
 0.06467082 0.06442015 0.06417152 0.06391327 0.06370525 0.06352039
 0.06333747 0.06312241 0.06288581 0.06264928 0.06241738 0.06217713
 0.06195623 0.06175457 0.06150313 0.06126462 0.06111958 0.06102458
 0.06100619 0.06099988 0.06097303 0.06091378 0.06079259 0.0606533
 0.06048243 0.06036268 0.06032542 0.06031186 0.0603066  0.06035617
 0.06038593 0.06046273 0.06064875 0.06089916 0.06119649 0.06152625
 0.06184268 0.06209857 0.06233945 0.06253149 0.06272796 0.06286172
 0.06296294 0.06303479 0.06307417 0.06307218 0.06305195 0.06308445
 0.06317826 0.06329434 0.06335236 0.06338687 0.06344118 0.06347176
 0.06345989 0.06339892 0.06334409 0.06328051 0.06319416 0.06310752
 0.06304816 0.06297524 0.0628797  0.06289734 0.06292934 0.06301093
 0.0630882  0.06306579 0.06306434 0.06311063 0.06323086 0.06333477
 0.06345899 0.06355943 0.06366273 0.06379126 0.06388557 0.06397458
 0.06405004 0.06412146 0.0642319  0.06434922 0.06440808 0.06445399
 0.06452569 0.06459703 0.06465895 0.06473649 0.06488118 0.06501815
 0.06509262 0.0651845  0.06528414 0.06532571 0.06527356 0.06521666
 0.06518723 0.06518347 0.06510271 0.06496666 0.06478615 0.06458561
 0.06439448 0.06423225 0.06406969 0.06388157 0.06365825 0.06346054
 0.06333401 0.06325393 0.06320255 0.06317918 0.06315503 0.06315769
 0.06323464 0.06333621 0.0634894  0.06367306 0.06389434 0.06410713
 0.06426906 0.06436537 0.06446055 0.06453601 0.06459753 0.06465037
 0.06469514 0.06474575 0.06475212 0.06472461 0.06464101 0.06454847
 0.06445922 0.06432927 0.06420482 0.06409401 0.06405092 0.06401512
 0.06399242 0.06395951 0.063944   0.06396466 0.06399438 0.06404086
 0.06412908 0.06421234 0.06430663 0.06444133 0.06454296 0.06473742
 0.0648757  0.0650173  0.0652517  0.06557114 0.06589836 0.06618697
 0.06641083 0.06661859 0.06684865 0.0670606  0.06721684 0.06731217
 0.06740439 0.06756588 0.06774166 0.06788101 0.06801343 0.06822152
 0.06846335 0.0686639  0.06893487 0.06925837 0.06957008 0.06998368
 0.07040312 0.07082304 0.07123703 0.07165242 0.07200633 0.07226584
 0.0725217  0.07274006 0.0729319  0.0731006  0.07319458 0.07332588
 0.0735148  0.07370598 0.0738606  0.07393223 0.07399781 0.07401289
 0.07408668 0.07419711 0.07434266 0.07447918 0.07465698 0.07490401
 0.07513382 0.07535304 0.07555834 0.07575656 0.07598655 0.07615669
 0.07621819 0.076255   0.07621455 0.07610624 0.07596588 0.07574762
 0.07550264 0.07521372 0.0749087  0.07458652 0.0742769  0.0739292
 0.07351784 0.07311479 0.07266402 0.07216481 0.07172474 0.07130127
 0.07090131 0.07048579 0.07001931 0.06959242 0.0691911  0.06877515
 0.06842871 0.06806242 0.06768984 0.06736557 0.06705861 0.06673466
 0.06636472 0.06601133 0.06563313 0.06520982 0.06480693 0.06442948
 0.06404714 0.06361816 0.06316931 0.06281919 0.06249561 0.06217782
 0.06188098 0.06152383 0.06116641 0.06087689 0.06056922 0.06022019
 0.05989905 0.0595729  0.05923182 0.05883468 0.0584797  0.05813169
 0.05776995 0.05740401 0.05711578 0.05685971 0.05663474 0.05642496
 0.05624632 0.05611287 0.05595138 0.05578092 0.05564744 0.05552239
 0.05544851 0.05546824 0.05557255 0.05569679 0.05580768 0.05588795
 0.05603804 0.05621258 0.05640336 0.05657307 0.05678277 0.057013
 0.05719512 0.05739579 0.05755183 0.05765606 0.05775292 0.05786716
 0.05807488 0.05830758 0.05852371 0.05874164 0.05894471 0.05908812
 0.05927219 0.05942155 0.05955843 0.05967281 0.0598555  0.06004773
 0.06027683 0.06045696 0.06062946 0.06082612 0.06104786 0.06132165
 0.06159741 0.06182264 0.06203954 0.06232947 0.06264494 0.0629946
 0.06326953 0.06352225 0.06374796 0.06396488 0.06415686 0.06430403
 0.06449797 0.06471466 0.06499155 0.065267   0.06556568 0.06591678
 0.06621034 0.06650419 0.06681422 0.06715184 0.06746088 0.06775774
 0.0681008  0.06846922 0.06884894 0.069241   0.06966087 0.07011618
 0.07056476 0.07099804 0.07142425 0.07187236 0.07227424 0.07261984
 0.07292868 0.07321552 0.07346852 0.0736343  0.073733   0.07382911
 0.07387194 0.07390486 0.07394446 0.0739821  0.07395797 0.07397128
 0.07402804 0.07405702 0.07412186 0.07418164 0.07424493 0.07423316
 0.07424391 0.07427036 0.07433195 0.07435466 0.07436851 0.07439279
 0.07444834 0.07448793 0.07456575 0.07463645 0.07471334 0.07477663
 0.07479828 0.0748894  0.07498751 0.07503747 0.07503626 0.07508114
 0.07516696 0.07516425 0.07513312 0.07517838 0.07524709 0.0753309
 0.07538352 0.07546859 0.07555672 0.07552419 0.075484   0.07543864
 0.07532121 0.07518404 0.07505147 0.07495905 0.0748645  0.07479638
 0.0747807  0.07477486 0.0747348  0.07464905 0.07449836 0.07432246
 0.0741538  0.07401568 0.07385099 0.07366831 0.0735331  0.07340655
 0.07329969 0.07324374 0.0732173  0.07313363 0.07305378 0.07300542
 0.07299291 0.07301673 0.07307271 0.07312551 0.07318141 0.07320368
 0.07327449 0.07338041 0.07345711 0.07350766 0.07357361 0.0736291
 0.07366178 0.07367995 0.07374122 0.07385253 0.0739559  0.07402569
 0.07407154 0.07417859 0.07428735 0.07437175 0.07436166 0.0743053
 0.0742249  0.07416084 0.07407853 0.07400658 0.07391536 0.07381464
 0.0737862  0.07378207 0.07371173 0.07359319 0.073488   0.0733885
 0.07329222 0.073215   0.07318283 0.07317134 0.07317844 0.07323712
 0.07329317 0.07335591 0.07344487 0.07356824 0.0736649  0.07376705
 0.07392055 0.07411544 0.07429845 0.07442013 0.07450272 0.07459408
 0.07473424 0.07486953 0.0749451  0.07497615 0.07493369 0.07489809
 0.07485626 0.07487029 0.07481275 0.07474797 0.07474592 0.07476822
 0.07482282 0.07483104 0.07470002 0.07456927 0.0744896  0.07435344
 0.07415868 0.07389052 0.07363672 0.07337036 0.0731334  0.07295427
 0.07278736 0.07264613 0.07260651 0.07256156 0.07251746 0.07252474
 0.0725379  0.07257253 0.07267105 0.07287793 0.0730753  0.07328905
 0.07350866 0.07371135 0.07396222 0.07425417 0.07450956 0.07475903
 0.07495649 0.07512054 0.07532081 0.07553805 0.075708   0.0759134
 0.07614593 0.0763675  0.07659394 0.07682373 0.07698827 0.07710143
 0.07718097 0.07720163 0.0772348  0.0772085  0.07718496 0.07718044
 0.07720515 0.07729384 0.07741572 0.07751762 0.0775939  0.07771258
 0.07793074]","[ 322.95775517  323.44466028  323.92238085  324.37463756  324.7997349
  325.21606114  325.62413102  326.02618878  326.42396416  326.7915115
  327.14770669  327.50684768  327.87538281  328.23623794  328.58653583
  328.92971984  329.27415119  329.59548191  329.90964967  330.23414761
  330.55166778  330.86792893  331.18189621  331.48625204  331.7731408
  332.03029635  332.27525086  332.4878295   332.67989138  332.87768804
  333.0819947   333.28630734  333.49567012  333.69889639  333.90454893
  334.1205111   334.33804277  334.54854949  334.77340589  335.01367036
  335.27285006  335.53867867  335.79497944  336.05806471  336.32606328
  336.59202681  336.86460026  337.13845592  337.43130228  337.73811944
  338.06716151  338.41228089  338.78218584  339.17014329  339.55709543
  339.95663351  340.35314976  340.75584921  341.17956827  341.61202023
  342.03762513  342.47755138  342.95362965  343.42859709  343.90795553
  344.40817114  344.93460326  345.49114428  346.09253972  346.70077313
  347.31340746  347.93808667  348.57993788  349.23262891  349.89942412
  350.57689581  351.24442786  351.92835275  352.61435731  353.30328218
  354.00513703  354.6956027   355.38068676  356.07609118  356.77623699
  357.48671435  358.19537271  358.90429315  359.63379646  360.36432137
  361.07920817  361.77872548  362.45676168  363.13008615  363.8113456
  364.48261237  365.12654348  365.78125002  366.43646333  367.11424152
  367.78397204  368.46480059  369.12577119  369.76907838  370.41359603
  371.06782369  371.71609656  372.35103326  372.97976527  373.60355255
  374.22769443  374.8731803   375.50796477  376.12429419  376.74711797
  377.37618902  378.0105201   378.65537283  379.30546137  379.98168106
  380.6652096   381.36730149  382.07718171  382.79205924  383.5288073
  384.28162168  385.03998292  385.81913989  386.59746186  387.38478066
  388.1876572   389.0044642   389.80127508  390.59410585  391.37709489
  392.16517301  392.97253607  393.78040888  394.60310601  395.42787215
  396.26794228  397.10114719  397.94461639  398.79544502  399.64998755
  400.4968458   401.3661433   402.26054309  403.16263384  404.06723102
  404.96805143  405.84360372  406.69464438  407.52391674  408.34815667
  409.18998121  410.03803237  410.87776627  411.7323152   412.58417178
  413.42552192  414.25956952  415.08696107  415.90668056  416.72455057
  417.53875937  418.32593041  419.08554842  419.8234206   420.56802195
  421.31224369  422.02011134  422.69981852  423.36278681  424.02919477
  424.68103954  425.34245893  425.98258764  426.58131911  427.16012149
  427.74089398  428.3290164   428.89541698  429.43345178  429.98331243
  430.55929367  431.14627519  431.72825793  432.31622437  432.91001296
  433.46475652  433.99317991  434.52211135  435.05303125  435.55883283
  436.05462553  436.56159719  437.07718703  437.61818437  438.16572789
  438.72487641  439.30156643  439.88219603  440.4743967   441.05970015
  441.64461007  442.22466491  442.825545    443.44005333  444.07100486
  444.71046449  445.35484054  446.00367828  446.64451877  447.29024497
  447.9452643   448.59521152  449.2546975   449.88808532  450.51710133
  451.16316502  451.81067982  452.47151016  453.15915334  453.85366642
  454.56866857  455.29041527  456.01940976  456.76689088  457.50855653
  458.24554529  459.01282752  459.7828414   460.55958719  461.34526214
  462.13014827  462.93597175  463.77756387  464.6356752   465.48832941
  466.35598812  467.25137166  468.14856736  469.05774942  469.9860779
  470.93561638  471.92100106  472.93811589  473.9625499   475.00949346
  476.07525544  477.1714317   478.2843338   479.41234024  480.54056679
  481.67082952  482.84458619  484.0223239   485.21020314  486.40013204
  487.58941152  488.79567705  490.02335496  491.27499009  492.54988365
  493.80715559  495.06053894  496.32166135  497.57033083  498.81446507
  500.0606198   501.31267971  502.57272964  503.81038636  505.05374543
  506.26456597  507.45791282  508.63011631  509.7783839   510.93090359
  512.10780315  513.27235902  514.41482228  515.53817566  516.67404407
  517.80484785  518.92772357  520.05012735  521.13754888  522.22980425
  523.31106535  524.3922128   525.49676224  526.62480029  527.7331094
  528.81682543  529.9108558   531.05299402  532.16582026  533.26807375
  534.37632879  535.48551898  536.59596724  537.70186058  538.79768398
  539.89232615  540.9787366   542.07125571  543.17461275  544.3245299
  545.46116094  546.56433872  547.68004234  548.81562293  549.96945906
  551.12688895  552.26670785  553.38457371  554.55466027  555.76814176
  556.99639489  558.26990219  559.55680717  560.85886244  562.17291841
  563.46888419  564.76068942  566.06156457  567.38247748  568.72168648
  570.08575156  571.45153059  572.82449279  574.19964386  575.56966409
  576.93111262  578.30402881  579.68028852  581.05034319  582.43138641
  583.82080974  585.22609978  586.60718869  587.99321948  589.38579446
  590.78767066  592.18442118  593.57751323  594.95319357  596.35186216
  597.78495553  599.17961274  600.56664075  601.93185957  603.29137672
  604.648484    605.99712084  607.33075107  608.6361072   609.95530616
  611.26653014  612.5767473   613.87782388  615.15280626  616.37277805
  617.57013675  618.75665312  619.93257025  621.0583026   622.16076059
  623.26042393  624.31993313  625.37028873  626.42232081  627.42124502
  628.41882254  629.39424986  630.32440369  631.23766144  632.1419844
  633.0045048   633.79893437  634.56048936  635.30931669  636.04850397
  636.7674704   637.46138429  638.13111237  638.79883974  639.47544302
  640.13925569  640.76673413  641.39683014  642.00452774  642.65315153
  643.28400514  643.91790041  644.56408246  645.20873089  645.84017122
  646.46959766  647.09811325  647.72792591  648.36210182  649.0086691
  649.70234183  650.3968231   651.04868007  651.67345781  652.3015123
  652.9100074   653.49529058  654.08565318  654.70502112  655.33243079
  655.95577048  656.58828711  657.19653775  657.81408528  658.40161291
  658.98936535  659.55812904  660.1219203   660.70231286  661.30483507
  661.90566365  662.50632128  663.07945501  663.65575887  664.23946538
  664.80621363  665.37509491  665.9673867   666.57587853  667.18317162
  667.81474799  668.4436092   669.07239361  669.6927918   670.35738476
  671.04117522  671.72934802  672.46389976  673.23565778  673.9704999
  674.6740456   675.38312005  676.09697551  676.8208894   677.54031554
  678.29852465  679.04101979  679.75030993  680.48126551  681.2213179
  681.96059079  682.71218715  683.46760128  684.21800684  684.94152293
  685.64094739  686.31654388  687.01864608  687.73354809  688.47479828
  689.18403743  689.8727632   690.53188143  691.17141283  691.75518872
  692.30092079  692.83619555  693.37966946  693.85989439  694.31359307
  694.77049368  695.21709868  695.64473289  696.05040802  696.43991921
  696.82846769  697.21296095  697.56732774  697.88550216  698.18025834
  698.48536978  698.78275649  699.05155225  699.23438886  699.39960232
  699.57309609  699.73912464  699.89811293  700.02700094  700.14840859
  700.25965379  700.36561455  700.48390301  700.56020341  700.64935371
  700.70672934  700.73718655  700.74299441  700.74540593  700.75124707
  700.7357666   700.71824585  700.72973703  700.70166296  700.64793656
  700.55679176  700.43972167  700.32806057  700.24406539  700.1880013
  700.09807853  700.00520185  699.93820444  699.83294843  699.71918529
  699.61519537  699.49230759  699.38631972  699.28901622  699.20320104
  699.14698793  699.11675032  699.07542126  699.0596806   699.03656313
  699.00131237  698.98844981  698.97979708  698.98524782  698.98452899
  698.97080265  698.97263177  699.00079083  699.04649306  699.08280572
  699.13483147  699.1917416   699.27676652  699.37449576  699.47331694
  699.56438466  699.62145766  699.6576123   699.72851673  699.80923999
  699.86822225  699.96238376  700.04280694  700.10410747  700.17430679
  700.24463627  700.33527679  700.44242394  700.55278984  700.67572304
  700.79294171  700.96112568  701.11032875  701.22999697  701.32753704
  701.43732903  701.56197029  701.69921766  701.81424267  701.93198417
  702.07458967  702.21727486  702.36307636  702.54138412  702.70864024
  702.88770242  703.09233172  703.32269394  703.58108662  703.8190254
  704.02815041  704.23397774  704.45582866  704.73079109  705.00416795
  705.21437445  705.39805049  705.5906402   705.76391332  705.94295472
  706.13076179  706.32313746  706.54350505  706.79382457  707.05252007
  707.29397014  707.55997062  707.85558436  708.15923336  708.48802676
  708.8313133   709.18234168  709.51059965  709.81071345  710.10868021
  710.37579595  710.65229679  710.91813395  711.15840955  711.39439055
  711.63782498  711.87141206  712.06406025  712.27680238  712.53319412
  712.77511169  712.98534623  713.22905815  713.50237122  713.78084106
  714.02683101  714.26835156  714.53605402  714.79857963  715.07038871
  715.33175311  715.556358    715.72679282  715.88848546  716.05495832
  716.25423143  716.47919549  716.70645936  716.96617228  717.21198452
  717.43965963  717.67384005  717.91471722  718.19969204  718.4737781
  718.78429635  719.09748647  719.38612544  719.71961071  720.04851815
  720.37629991  720.71254922  721.06214493  721.43366855  721.80372303
  722.12440681  722.43859398  722.78149386  723.13973564  723.51010585
  723.87732763  724.21744833  724.56103781  724.92152083  725.28648847
  725.71826586  726.17599802  726.66435955  727.17183071  727.68598893
  728.18034408  728.67681423  729.16937323  729.67066705  730.1557284
  730.67997793  731.22241472  731.77991937  732.31979967  732.85578894
  733.40583958  733.96549115  734.53629086  735.09713157  735.67168884
  736.26769861  736.8926269   737.52413787  738.15546174  738.81867061
  739.45925818  740.09858822  740.78213012  741.49734739  742.22846408
  742.98805016  743.79760089  744.6236397   745.45572797  746.29299506
  747.16599634  748.05124907  748.93247443  749.86187499  750.78606006
  751.71060079  752.6223376   753.52309423  754.40884672  755.33162378
  756.25397609  757.1438731   758.04881404  758.97573858  759.90890559
  760.83463232  761.79694316  762.80079521  763.82765264  764.87425385
  765.9372737   767.01291789  768.0846916   769.15656662  770.23214724
  771.30378461  772.38371782  773.45126484  774.51396867  775.57817168
  776.6234391   777.68280157  778.79940709  779.9289105   781.1039516
  782.26786487  783.46080574  784.67383527  785.90996111  787.17023682
  788.43075416  789.72804935  791.03668987  792.32999499  793.62191093
  794.96945175  796.31360573  797.62491611  798.9553586   800.30478296
  801.69646044  803.06878981  804.43944163  805.85711216  807.32754378
  808.77918381  810.24028289  811.70637607  813.13299959  814.55831721
  815.9796023   817.38466199  818.85106256  820.29722116  821.71358133
  823.1068119   824.54162732  826.01107149  827.47556418  828.96027998
  830.45655569  831.98242781  833.50896072  835.03299383  836.52086194
  837.99193664  839.46503351  840.98661689  842.50937933  843.98849399
  845.45464764  846.93145159  848.41139967  849.91004874  851.43443089
  852.96543711  854.4922137   856.0494855   857.59276363  859.11223728
  860.63229785  862.15160429  863.64617994  865.13814807  866.63693598
  868.15614675  869.70308424  871.26190707  872.8475786   874.49782662
  876.14331185  877.83358606  879.49970806  881.12271874  882.66742328
  884.15006939  885.63394912  887.11859558  888.57142555  889.96087033
  891.38026155  892.78863361  894.17658648  895.49360379  896.84372657
  898.22570754  899.61985211  901.02549494  902.41705944  903.81687663
  905.26360069  906.71588359  908.16590001  909.63413548  911.09684902
  912.57356266  913.98953628  915.46343128  916.9611676   918.4527062
  919.94029958  921.40594471  922.89115506  924.38261385  925.90274438
  927.41723372  928.91984973  930.37807544  931.89855047  933.44061193
  934.9931305   936.51362709  938.01753498  939.53101868  941.01422322
  942.53821805  944.06568922  945.58250802  947.07171304  948.59506993
  950.16181519  951.75298932  953.39395252  955.08246194  956.80534872
  958.48832208  960.11734375  961.791001    963.44040915  965.0599815
  966.70855277  968.41612164  970.14166328  971.85951048  973.59194677
  975.31262992  977.0166534   978.7144719   980.3791509   982.0530061
  983.75616967  985.45085648  987.17431266  988.90493483  990.68139032
  992.48419232  994.32215904  996.14818908  997.93740159  999.72531878
 1001.53379859 1003.32928351 1005.08498058 1006.85731059 1008.64011777
 1010.44189706 1012.24133378 1013.96169554 1015.6629105  1017.39672002
 1019.12692608 1020.83532971 1022.54567086 1024.22621197 1025.89841739
 1027.58001626 1029.3298218  1031.05149331 1032.74427352 1034.47593283
 1036.20578209 1037.9480977  1039.68757296 1041.48426591 1043.34643352
 1045.1314308  1046.88183924 1048.598635   1050.32603852 1052.0722722
 1053.85331037 1055.64340643 1057.42481377 1059.2297842  1061.04341427
 1062.77222687 1064.50602902 1066.27473384 1068.02513754 1069.75704246
 1071.45080651 1073.18020566 1074.937438   1076.72679728 1078.48901888
 1080.21834501 1081.92269099 1083.59171609 1085.2211779  1086.88113621
 1088.55494162 1090.16573409 1091.77588025 1093.41241935 1095.00473296
 1096.59400223 1098.18530023 1099.77462214 1101.3098978  1102.86453929
 1104.40363704 1105.89008617 1107.37627564 1108.89425528 1110.34331865
 1111.77432357 1113.18953374 1114.60456698 1116.03426501 1117.43214639
 1118.81043438 1120.14538206 1121.47425031 1122.76880664 1124.06416484
 1125.3100906  1126.53571934 1127.66964091 1128.77360222 1129.83832747
 1130.87874275 1131.93103552 1132.90665505 1133.87417696 1134.80871562
 1135.69829434 1136.47091013 1137.1873156  1137.84228829 1138.59116727
 1139.31112694 1139.96672195 1140.60937521 1141.2516488  1141.87212471
 1142.4908881  1143.08582174 1143.6687536  1144.2547557  1144.87587454
 1145.48560596 1146.04433399 1146.6397303  1147.19785617 1147.71042446
 1148.26031473 1148.87920809 1149.52725645 1150.17618181 1150.75189279
 1151.26651767 1151.80087886 1152.34097885 1152.86107594 1153.40305373
 1153.93788017 1154.45308432 1154.99535439 1155.56937771 1156.21054589
 1156.85425004 1157.45899618 1158.07451414 1158.68223863 1159.26480084
 1159.83375536 1160.36415529 1160.91295438 1161.44766574 1162.01998343
 1162.60847804 1163.2368891  1163.88084624 1164.49370188 1165.13366418
 1165.78722781 1166.47248192 1167.18910747 1167.88244186 1168.57622658
 1169.31487521 1170.08752148 1170.90048109 1171.76361888 1172.58322213
 1173.41895959 1174.27426118 1175.15051117 1176.03192726 1176.91510804
 1177.79644016 1178.65034335 1179.49993059 1180.40512232 1181.37827609
 1182.39007626 1183.43589004 1184.48012475 1185.55995039 1186.68151459
 1187.82843527 1189.05451453 1190.31817063 1191.57335422 1192.8513934
 1194.11787053 1195.38887749 1196.68506105 1197.99941732 1199.2721185
 1200.59825489 1201.97832917 1203.41036339 1204.87091811 1206.3460666
 1207.80213918 1209.27952204 1210.80098214 1212.36741301 1213.9835644
 1215.64915255 1217.3247347  1218.99386306 1220.65771418 1222.31654084
 1223.9365267  1225.60768394 1227.1843069  1228.80773968 1230.51331004
 1232.26883882 1234.07839741 1235.91413575 1237.7589966  1239.61809057
 1241.421348   1243.25974293 1245.08070183 1246.8814188  1248.77715962
 1250.60752287 1252.45498466 1254.30784066 1256.18537242 1258.12604714
 1260.063879   1262.03571516 1264.04402783 1266.03767051 1268.06199968
 1270.12834982 1272.16015032 1274.23058053 1276.3690677  1278.50028527
 1280.58553282 1282.64275828 1284.70235324 1286.76089639 1288.7555389
 1290.73766844 1292.81361378 1294.88602347 1296.89623085 1298.95768134
 1301.07715668 1303.23713439 1305.41207769 1307.56640757 1309.76897686
 1311.92844439 1314.11636553 1316.28914904 1318.51417992 1320.76910583
 1322.97569284 1325.11529753 1327.30837864 1329.48908098 1331.6473321
 1333.84897522 1336.0649198  1338.29240546 1340.45153129 1342.60970561
 1344.81026851 1347.04313617 1349.37170598 1351.6837817  1353.98275773
 1356.33017009 1358.70535534 1361.04547645 1363.3807999  1365.67301846
 1368.02726557 1370.39144031 1372.68692161 1374.98710723 1377.23986397
 1379.51041486 1381.78540113 1384.05832498 1386.34131207 1388.59343267
 1390.79164461 1393.04233904 1395.3419224  1397.57992818 1399.80298767
 1402.00239486 1404.15240402 1406.32287441 1408.51599987 1410.66647246
 1412.76367559 1414.80515724 1416.86976025 1418.96770005 1421.05123541
 1423.06024481 1425.09413171 1427.11209374 1429.01375013 1430.92672992
 1432.89339432 1434.88988648 1436.79223885 1438.72092364 1440.64827159
 1442.59169507 1444.49045965 1446.31125131 1448.05818579 1449.71389369
 1451.35380927 1452.88651534 1454.3902019  1455.91796904 1457.46969161
 1459.00968546 1460.5992401  1462.15786221 1463.6374127  1465.07876977
 1466.47488632 1467.89554782 1469.28600686 1470.64723082 1471.92721146
 1473.17341004 1474.41263801 1475.582546   1476.62784389 1477.56076116
 1478.42950491 1479.30397081 1480.0314125  1480.64798455 1481.16286756
 1481.66390672 1482.21428365 1482.77128704 1483.26608193 1483.72828195
 1484.11713767 1484.44847541 1484.72549115 1485.0370333  1485.24133526
 1485.31631563 1485.36750521 1485.38574492 1485.49657839 1485.52456907
 1485.44588436 1485.32122226 1485.03960365 1484.65983285 1484.26488666
 1483.86127936 1483.41846617 1482.92195148 1482.37253847 1481.74782367
 1481.02271456 1480.18186618 1479.23089033 1478.28575961 1477.36837089]","[  6.29819084   6.10862624   5.93597404   5.75837079   5.58200098
   5.39765201   5.21665996   5.05708175   4.9005604    4.73952556
   4.58320567   4.41850829   4.2657334    4.12865399   4.02896715
   3.9752118    3.91082785   3.85588213   3.79216086   3.74319217
   3.73421632   3.77755677   3.84305737   3.92444618   4.00325655
   4.08660873   4.18183464   4.26905503   4.35249016   4.40048096
   4.40403686   4.39697986   4.38141713   4.34387418   4.28101031
   4.23149013   4.18788002   4.13287352   4.0800689    4.02901928
   3.97338933   3.88513033   3.80235932   3.71334889   3.63030258
   3.59206579   3.56121582   3.55407012   3.58541629   3.62835348
   3.6578102    3.67184228   3.68554247   3.70533384   3.72395269
   3.7536305    3.792501     3.82973903   3.85807997   3.8752852
   3.88200422   3.86974323   3.87126252   3.87013909   3.8742159
   3.89285543   3.92806616   3.9714244    4.02205692   4.06831373
   4.09975711   4.11571391   4.11894962   4.10494414   4.12130813
   4.14496191   4.16898532   4.18239401   4.20673871   4.24653124
   4.29691054   4.36096649   4.42215519   4.47890803   4.53015966
   4.57979849   4.64189614   4.71155524   4.76488463   4.80566171
   4.807314     4.78737999   4.7724551    4.73570384   4.73753643
   4.75981192   4.78571238   4.81882231   4.85376561   4.8850517
   4.91022625   4.91678998   4.90211887   4.90462008   4.90217088
   4.92304306   4.91498267   4.87886582   4.86266302   4.84324603
   4.82341589   4.78766906   4.75891554   4.75900656   4.75897138
   4.74604106   4.75804846   4.80248431   4.85773188   4.87192095
   4.88357099   4.88915669   4.87548192   4.82891211   4.74146651
   4.63484423   4.52043573   4.35953565   4.25510492   4.17188812
   4.05106206   3.91432349   3.82592615   3.76151554   3.70794083
   3.69247099   3.66325899   3.64919991   3.60954224   3.58409532
   3.55917744   3.57140522   3.57716381   3.56724191   3.54511267
   3.50590464   3.4444249    3.37340886   3.30361656   3.22211487
   3.15296858   3.12939731   3.11635771   3.15334715   3.18303472
   3.18743634   3.17218155   3.12160627   3.03150329   2.9526797
   2.91374504   2.89377412   2.91060827   2.93390061   2.94115475
   2.98313283   3.05202903   3.12302827   3.17606018   3.23830624
   3.25913071   3.28357749   3.30679494   3.28797894   3.26113418
   3.22309393   3.2198196    3.226627     3.19867609   3.15641249
   3.08884383   3.0017783    2.91683789   2.85571263   2.78576075
   2.69222715   2.58461656   2.50445901   2.4617641    2.40817002
   2.36603946   2.35019693   2.38236829   2.430914     2.46030939
   2.49973885   2.57581806   2.64991659   2.73983419   2.8149303
   2.88933449   3.00018306   3.09413928   3.17418496   3.25334896
   3.35266624   3.4457434    3.54206633   3.63840209   3.73799027
   3.85805992   3.97518397   4.01753702   4.05097722   4.12149014
   4.21558068   4.26966003   4.3416967    4.40558406   4.43407092
   4.46710605   4.49166214   4.53399975   4.58505007   4.63978856
   4.62316958   4.60296641   4.57160032   4.5116859    4.43693132
   4.34459957   4.20086784   4.03510754   3.88463891   3.76564896
   3.70747976   3.65776954   3.64830523   3.63831539   3.60168674
   3.59074401   3.55171935   3.4836566    3.39022315   3.29928468
   3.20219368   3.10609186   2.96786758   2.84432048   2.76977705
   2.74756337   2.74015874   2.75863269   2.79276145   2.85432469
   2.88531874   2.91567358   2.97648022   3.00196678   3.06375794
   3.15705398   3.30072187   3.44229334   3.53339375   3.58248484
   3.66761623   3.73641633   3.80182465   3.86857272   3.92299409
   3.99775919   4.12479843   4.25652134   4.35944613   4.46127608
   4.6048091    4.81107967   5.01432154   5.22118379   5.39268737
   5.52650538   5.61486868   5.66547625   5.73865415   5.8095572
   5.85861913   5.88388673   5.85109696   5.80436209   5.77203262
   5.7206869    5.63595415   5.55936562   5.48712395   5.37681046
   5.28178351   5.2528246    5.254572     5.22507489   5.20561791
   5.1412347    5.11399187   5.08827046   5.08407559   5.10640086
   5.14508766   5.19778576   5.2733142    5.32342149   5.31917592
   5.35504829   5.42558996   5.50424605   5.59080132   5.66374084
   5.69321709   5.7210809    5.82336076   5.84883662   5.84149779
   5.83463029   5.78342242   5.74368269   5.73452566   5.70906386
   5.72648547   5.77522734   5.83303552   5.87316006   5.88559028
   5.86653137   5.84467907   5.82894287   5.83982134   5.88006886
   5.94603354   6.00036522   6.03390487   6.07233726   6.08475861
   6.08642222   6.09252408   6.11891016   6.18096708   6.28902253
   6.40633447   6.50195801   6.57061927   6.61764199   6.62663762
   6.60928343   6.58785291   6.54530036   6.50011061   6.45847988
   6.40531159   6.35184404   6.27225423   6.19235063   6.16721681
   6.11647678   6.04438842   6.02333702   6.0337218    6.03625815
   5.95391992   5.87975156   5.87409658   5.86472239   5.92469856
   5.99527701   6.02188709   6.04579306   6.07877364   6.09952113
   6.0911941    6.08389737   6.09591726   6.09663574   6.123735
   6.14670625   6.18751436   6.19730425   6.22042828   6.260771
   6.35541808   6.48700905   6.60900343   6.69214359   6.78706029
   6.89020683   7.05583776   7.24029386   7.46626063   7.66763822
   7.87729076   8.09113166   8.29427193   8.51019593   8.72095544
   8.9192442    9.10638738   9.27238242   9.38783332   9.45583458
   9.4819489    9.53879658   9.66958891   9.80213773   9.92284533
  10.04662083  10.18302028  10.30783727  10.41499978  10.49083733
  10.56966097  10.67121298  10.80641094  10.90856442  11.09947606
  11.29402181  11.46537786  11.60291236  11.69585723  11.78963449
  11.9415102   12.10267862  12.30541464  12.54635493  12.80056159
  13.07868266  13.33224865  13.53027427  13.67992036  13.83583288
  13.95629306  14.0631698   14.18964949  14.30831948  14.3982471
  14.49057375  14.57453701  14.59741061  14.52989905  14.47021572
  14.4502674   14.428315    14.34879044  14.24943646  14.17663535
  14.15488073  14.12273226  14.08341595  14.05202951  14.00198974
  13.91204748  13.79111827  13.68969712  13.6186993   13.56758101
  13.55533133  13.53083622  13.52041862  13.55118909  13.60881316
  13.69407594  13.78595024  13.9014469   13.99961068  13.99285801
  13.937806    13.82299497  13.73180519  13.61894238  13.47700389
  13.34111504  13.21408947  13.09248881  12.95018867  12.81401924
  12.70507353  12.59825174  12.407967    12.13895249  11.83539217
  11.61120513  11.47244611  11.31914503  11.07416848  10.82858908
  10.59652902  10.3986373   10.19652371  10.02422892   9.9159345
   9.84132533   9.77017581   9.70533647   9.62837571   9.57049578
   9.48060254   9.39011185   9.31955367   9.33496875   9.39625139
   9.43509944   9.46817168   9.54311257   9.65131273   9.76849439
   9.83190128   9.87994344   9.97593286  10.09427097  10.19460081
  10.36107039  10.59950131  10.774857    10.88854226  10.98603507
  11.06498145  11.18887972  11.38494517  11.64030136  11.90442706
  12.18579244  12.48950603  12.82287331  13.14252863  13.40779224
  13.61917989  13.78104671  13.88924386  13.96894432  14.02645352
  14.11235954  14.16304162  14.16053193  14.12402986  14.10113934
  14.0652185   14.02701307  13.9225462   13.81727323  13.76409422
  13.72632299  13.65833418  13.5708349   13.53467567  13.49727834
  13.47263308  13.40807435  13.34644362  13.26921894  13.15254077
  13.07781255  13.04585474  13.02771664  13.07533356  13.1738909
  13.30962885  13.42259272  13.50484001  13.5566605   13.60103602
  13.63734331  13.65345882  13.66545844  13.67767584  13.71040239
  13.7375174   13.75176489  13.75896385  13.66782368  13.57555431
  13.50757719  13.41087336  13.31514897  13.24804811  13.1746652
  13.12135322  13.09094042  13.10816872  13.11494734  13.13920897
  13.19377842  13.23164746  13.24543073  13.28766495  13.3515491
  13.47496619  13.61792236  13.73230851  13.81670216  13.88873996
  13.95444699  13.9812441   14.00211316  14.10555475  14.24121799
  14.39251238  14.51690205  14.64511059  14.7585554   14.87061694
  14.97068878  15.08267475  15.21613768  15.32452423  15.40298289
  15.44465457  15.47155072  15.49400834  15.56516899  15.73154007
  15.95017301  16.26599914  16.61045622  16.87684484  17.1354794
  17.41316876  17.65687854  17.86806478  18.09424455  18.33632162
  18.59504553  18.86176344  19.12924524  19.39646098  19.68944807
  19.9740109   20.20208389  20.44757374  20.70641833  20.95595109
  21.29273567  21.64377525  21.97548871  22.29899099  22.60878004
  22.89920291  23.16693111  23.43536916  23.71672187  23.96719804
  24.16463915  24.30910074  24.3876743   24.42207408  24.51180275
  24.63252212  24.76974991  24.87494314  25.02054671  25.21291532
  25.36610306  25.4769016   25.56296251  25.64940367  25.70807588
  25.77069964  25.78859376  25.81283272  25.83793937  25.85972949
  25.895222    25.91503923  25.91571162  25.98811684  26.06540075
  26.18355985  26.38188649  26.60078922  26.80310592  27.01581883
  27.25899382  27.43369401  27.56092114  27.65173115  27.70481092
  27.74020745  27.68644888  27.63712274  27.62514933  27.66087995
  27.72035672  27.73013099  27.76822732  27.7952745   27.79871637
  27.79572901  27.76347653  27.71891765  27.6613849   27.62012548
  27.60807853  27.62989226  27.66358868  27.71455161  27.77545703
  27.85633587  27.94320447  28.0115226   28.06672679  28.14107408
  28.24435574  28.32999127  28.46683613  28.62521152  28.78187794
  28.91285647  29.03778864  29.21048363  29.37801742  29.58902366
  29.83208969  30.06880527  30.31042266  30.55628473  30.78780149
  30.99691407  31.11267596  31.16764923  31.2146095   31.32107453
  31.45537757  31.59107201  31.81713067  32.11251886  32.37333562
  32.58267581  32.81298499  33.07015766  33.30302686  33.50598594
  33.70491627  33.91329718  34.09581156  34.30159086  34.50769568
  34.66402815  34.82261081  34.92836792  34.97131725  34.97790111
  34.95653036  34.9751292   35.03779185  35.11616739  35.20889807
  35.30021517  35.43267078  35.55179709  35.68446934  35.83772442
  35.98218063  36.14524512  36.33419225  36.5350555   36.72423817
  36.91780624  37.09857882  37.29848288  37.46848313  37.65821817
  37.84089766  38.03365292  38.22528605  38.40510862  38.60212059
  38.79906552  39.05578676  39.26652691  39.44276377  39.59952014
  39.7690673   39.93021595  40.07751415  40.19477898  40.28623056
  40.3322202   40.36301884  40.36707432  40.37655246  40.33658989
  40.31059199  40.26195446  40.15945601  40.03529251  39.89314595
  39.74927     39.61266762  39.47147936  39.32141829  39.17642354
  39.07837754  39.00337526  38.9870447   38.97426492  38.93174086
  38.8910387   38.76626349  38.61293465  38.53484474  38.50630173
  38.51254461  38.51640041  38.53251905  38.62909059  38.75059599
  38.90458846  39.06788615  39.25509552  39.48918478  39.71317679
  39.95667345  40.19113297  40.42721368  40.66840036  40.95372129
  41.27091282  41.62846022  41.94741134  42.29474365  42.627559
  42.9435197   43.23985658  43.54632849  43.85809575  44.21263941
  44.54198825  44.86786653  45.24282706  45.59297053  45.90852872
  46.25735496  46.66171256  47.09132994  47.4758858   47.84067228
  48.28108381  48.69150825  49.06838517  49.44837173  49.84813303
  50.16484332  50.45309303  50.72944552  51.02752654  51.31738041
  51.60483995  51.85530051  52.10952144  52.34900307  52.59094774
  52.84160761  53.10376195  53.38675083  53.68056309  53.94859166
  54.29652573  54.69681553  55.03323405  55.37049741  55.71599955
  56.00758575  56.24471321  56.48532517  56.69988068  56.95574833
  57.24050419  57.49243421  57.69931254  57.80070612  57.80983045
  57.83762463  57.93891166  58.02445277  58.06162143  58.05936477
  58.07540629  58.10022859  58.16793647  58.25321042  58.36192791
  58.4543501   58.59466996  58.81865129  59.00805077  59.1931224
  59.44402286  59.72537141  60.02595054  60.32262243  60.63207502
  61.00881086  61.3390007   61.5500278   61.72302734  61.89265302
  61.99719242  62.1569775   62.30002139  62.4051412   62.56995923
  62.75174501  62.88065983  62.97714757  63.071696    63.15461217
  63.2671176   63.41411128  63.59403315  63.80252287  63.98551814
  64.16375406  64.36132886  64.58993234  64.87080416  65.16844195
  65.47242702  65.78776989  66.08157935  66.39846421  66.73969496
  67.09374113  67.46799521  67.77655277  67.99956778  68.20968454
  68.37906467  68.46654833  68.57216852  68.64295976  68.65698732
  68.73212621  68.8055647   68.8488588   68.93437941  69.09495882
  69.26514884  69.50034563  69.85206069  70.16670634  70.4571911
  70.67791233  70.84450808  71.11568175  71.43091096  71.73417717
  72.01637174  72.24797934  72.39723221  72.50753375  72.58029664
  72.66172727  72.80136664  72.92204305  73.06369104  73.29211963
  73.53955654  73.78941008  74.11919978  74.4687615   74.787746
  75.01600826  75.23764845  75.49665037  75.79676487  76.04945968
  76.17718657  76.28145413  76.4300302   76.5805117   76.77120983
  76.9590439   77.12722348  77.34456025  77.63261263  77.89076713
  78.11970327  78.43543345  78.69447903  78.89117621  79.07512373
  79.28475508  79.49604086  79.73001059  80.01549131  80.31299154
  80.6537172   81.00596895  81.38773595  81.79964148  82.15417769
  82.52359819  82.90581778  83.25184053  83.56236452  83.87189168
  84.1440978   84.37266855  84.53120803  84.62918243  84.71697638
  84.82364233  85.02643068  85.25443632  85.49680334  85.71709956
  85.92760675  86.22198126  86.60496978  86.96492432  87.26319569
  87.54241309  87.82730239  88.03084966  88.27124415  88.52815271
  88.8541646   89.21375648  89.54928572  89.92855805  90.23284175
  90.46344253  90.63424456  90.80074668  91.03306277  91.30198744
  91.5609323   91.84621283  92.19113655  92.55121332  92.8756715
  93.15629797  93.41650582  93.7288798   93.99023975  94.25959887
  94.47191819  94.68994348  94.90012718  95.11784051  95.24300649
  95.28103172  95.28292133  95.30889043  95.31167797  95.19080695
  95.01334656  94.84691426  94.74383597  94.66501691  94.57853229
  94.55809244  94.57822096  94.56846864  94.58608463  94.59102919
  94.56243513  94.5682763   94.53213905  94.59105825  94.74303495
  94.88583225  95.03097352  95.19639334  95.34036793  95.43280682
  95.38806617  95.40512502  95.46098385  95.53662988  95.72401659
  95.93600661  96.15949371  96.32427937  96.4687111   96.62642573
  96.71561882  96.84123287  97.02754281  97.17299584  97.30344735
  97.51160223  97.79634473  98.1627636   98.46960526  98.71332038
  98.87475037  99.03371677  99.19341999  99.31750417  99.33540732
  99.34835641  99.55901225  99.80905129 100.04576744 100.40540598
 100.86515823 101.33476235 101.79594987 102.21242924 102.6205034
 103.0489761  103.46350624 103.85313184 104.25011103 104.64728372
 105.02233933 105.2973654  105.66196837 106.05549907 106.46517865
 106.9597811  107.51537694 108.09730242 108.66699039 109.28929821
 109.93730388 110.51828068 111.10062845 111.71769177 112.3118273
 112.84073256 113.22779434 113.58111795 113.82532616 114.04721205
 114.29133039 114.60300176 114.91304884 115.30503064 115.78121992
 116.29741933 116.69168945 117.07038221 117.46630391 117.87335905
 118.27418767 118.68483859 119.14628166 119.60662124 120.21552929
 120.89922852 121.55777627 122.30352413 123.08849375 123.83567378
 124.41543382 124.90862788 125.51286814 126.09207967 126.68441129
 127.17308884 127.68555242 128.22343324 128.80056068 129.3357503
 129.92426334 130.54569544 131.05804377 131.69602372 132.29347818
 132.83480157 133.22574492 133.54983643 133.79388007 133.97373174
 134.24270666 134.42348919 134.50410705 134.65752149 135.00643254
 135.34206729 135.70930806 136.04056432 136.36380583 136.7320385
 137.08870987 137.47554786 137.94000543 138.34843825 138.75399963
 139.21747668 139.71274515 140.22685234 140.71596686 141.16736031
 141.67106993 142.26889545 142.79025538 143.31312577 143.77404521
 144.15298232 144.58778116 145.13904196 145.68086864 146.27644447
 146.86285522 147.36766696 147.93860738 148.59985579 149.14733435
 149.65014429 150.22770545 150.79232626 151.44860948 152.04276745
 152.56586333 153.07260433 153.42063209 153.68290313 154.02006016
 154.37678944 154.6952855  155.02402463 155.41452958 155.76197479
 156.10046488 156.43873252 156.72871346 157.06694787 157.5168185 ]","[  7.15353999   7.0710233    7.38800894   7.43112284   7.18179778
   7.45774182   7.21820279   7.85075323   8.17811404   8.67727779
   8.25552046   8.90356561   8.59433058   9.65566369   9.56271731
  10.05516932  11.27838043  11.30983388  11.02137229  11.40865233
  11.51591453  12.60713647  12.45146397  12.69355084  12.55140775
  12.81026257  15.61011926  16.13997752  15.48895286  16.26634907
  17.71666161  18.14021653  17.68845422  19.6360408   22.10667457
  21.82449429  23.17613113  24.92096262  26.97411069  26.93722937
  26.14798932  32.47837308  35.36954391  34.79911888  38.00278895
  44.19034562  46.15107484  54.87982456  55.16193011  84.91470835
  59.15041838  66.61818108  57.38760972  62.27918844  82.84121832
 121.18649753 121.21652129  96.06551444]"
n:final corrfield z2:180.0 z1:1188.0 data:pos,"[ 331.96587907  326.49449923  337.47111524  340.2935014   324.49489194
  340.98276688  325.21988949  352.97845641  364.04091791  386.21197778
  365.7204882   384.35157207  362.5442746   399.86573717  394.74452268
  400.12751952  438.91596542  447.41794325  428.98488388  434.50343293
  426.47771131  457.95325623  456.30835683  448.60524414  436.60139972
  436.30182159  519.84275315  542.31285156  509.49002814  526.08501317
  562.48656813  554.8356558   536.22571581  576.00912456  632.07308684
  603.43838728  604.13732736  632.17757961  654.92118661  609.81746625
  587.31201307  691.26308827  702.06540066  657.50998997  708.93283516
  761.56262629  756.23010976  826.8479289   818.18364523 1075.77250617
  713.49234412  746.30204837  605.97620342  613.37887092  731.63383008
  835.22029499  857.13024198  494.52750301]","[ 1.62338030e-02  1.51826818e-02  1.40537227e-02  1.29097161e-02
  1.17852612e-02  1.06048807e-02  9.39026675e-03  8.18628354e-03
  6.96056506e-03  5.70534079e-03  4.44461034e-03  3.13920152e-03
  1.84105072e-03  5.15776009e-04 -8.25349966e-04 -2.21526652e-03
 -3.58459955e-03 -5.01998337e-03 -6.44158156e-03 -7.85543486e-03
 -9.31022076e-03 -1.07605870e-02 -1.22202852e-02 -1.36959346e-02
 -1.51696909e-02 -1.66844947e-02 -1.82182600e-02 -1.97733180e-02
 -2.13439656e-02 -2.29310475e-02 -2.44981956e-02 -2.60524460e-02
 -2.76230006e-02 -2.91854677e-02 -3.07844838e-02 -3.23752832e-02
 -3.39780626e-02 -3.55828831e-02 -3.72383215e-02 -3.88932465e-02
 -4.05422473e-02 -4.20876475e-02 -4.36144882e-02 -4.50562297e-02
 -4.64148958e-02 -4.77529448e-02 -4.90511216e-02 -5.02643320e-02
 -5.14846269e-02 -5.26953543e-02 -5.39483687e-02 -5.51925351e-02
 -5.64144297e-02 -5.76180107e-02 -5.87623468e-02 -5.98936514e-02
 -6.10065318e-02 -6.21203541e-02 -6.31929899e-02 -6.41682670e-02
 -6.50701572e-02 -6.59032643e-02 -6.67006502e-02 -6.74818820e-02
 -6.81882425e-02 -6.88698310e-02 -6.95615135e-02 -7.02323889e-02
 -7.07945056e-02 -7.12989516e-02 -7.17270522e-02 -7.21427448e-02
 -7.25549540e-02 -7.29471947e-02 -7.32446472e-02 -7.34830072e-02
 -7.37302821e-02 -7.40146660e-02 -7.43207299e-02 -7.46153051e-02
 -7.48640983e-02 -7.51074444e-02 -7.53281129e-02 -7.54894318e-02
 -7.56528908e-02 -7.58455337e-02 -7.60041647e-02 -7.61645716e-02
 -7.63079226e-02 -7.64764758e-02 -7.66798354e-02 -7.68544376e-02
 -7.70858665e-02 -7.72951206e-02 -7.75221985e-02 -7.77916263e-02
 -7.80635699e-02 -7.83132363e-02 -7.85496964e-02 -7.87939420e-02
 -7.90401806e-02 -7.92794474e-02 -7.95330222e-02 -7.97928682e-02
 -8.00669599e-02 -8.03927637e-02 -8.06811099e-02 -8.10120133e-02
 -8.13481907e-02 -8.16464384e-02 -8.18874791e-02 -8.21163293e-02
 -8.22954873e-02 -8.24831297e-02 -8.26543662e-02 -8.28132722e-02
 -8.29691372e-02 -8.30957980e-02 -8.32103185e-02 -8.33021125e-02
 -8.33699332e-02 -8.34660071e-02 -8.35979081e-02 -8.36978535e-02
 -8.37106277e-02 -8.36819667e-02 -8.36355169e-02 -8.35523788e-02
 -8.34184009e-02 -8.32419226e-02 -8.31057927e-02 -8.29031715e-02
 -8.26744073e-02 -8.23927769e-02 -8.21475212e-02 -8.19424786e-02
 -8.17201105e-02 -8.14933306e-02 -8.12681397e-02 -8.10612853e-02
 -8.08384484e-02 -8.06677290e-02 -8.05134347e-02 -8.03322630e-02
 -8.01273512e-02 -7.99417755e-02 -7.97056540e-02 -7.95031693e-02
 -7.92648638e-02 -7.90385939e-02 -7.87412475e-02 -7.84698467e-02
 -7.81861357e-02 -7.78550100e-02 -7.75667497e-02 -7.73044175e-02
 -7.70088182e-02 -7.67579690e-02 -7.64940731e-02 -7.62367163e-02
 -7.59862907e-02 -7.57269516e-02 -7.55127208e-02 -7.53949863e-02
 -7.53304830e-02 -7.52586430e-02 -7.51617660e-02 -7.50847145e-02
 -7.50700042e-02 -7.50635622e-02 -7.50551316e-02 -7.50830033e-02
 -7.51381982e-02 -7.51938516e-02 -7.53394621e-02 -7.54641078e-02
 -7.56583835e-02 -7.58412855e-02 -7.61252286e-02 -7.64305262e-02
 -7.67521492e-02 -7.70831848e-02 -7.73895687e-02 -7.76988531e-02
 -7.80506979e-02 -7.84242639e-02 -7.87116185e-02 -7.89984787e-02
 -7.92698645e-02 -7.95497794e-02 -7.97941012e-02 -8.00446687e-02
 -8.03637722e-02 -8.06640937e-02 -8.09360502e-02 -8.12389732e-02
 -8.15192918e-02 -8.17751746e-02 -8.20478600e-02 -8.23485366e-02
 -8.26622419e-02 -8.29667182e-02 -8.32681599e-02 -8.35866758e-02
 -8.38552365e-02 -8.40522532e-02 -8.42774328e-02 -8.44814221e-02
 -8.46481220e-02 -8.48049656e-02 -8.50053448e-02 -8.51872249e-02
 -8.53839073e-02 -8.55648343e-02 -8.56970906e-02 -8.58593807e-02
 -8.59922629e-02 -8.60825030e-02 -8.62296587e-02 -8.63911587e-02
 -8.65704373e-02 -8.67375676e-02 -8.69355987e-02 -8.71445716e-02
 -8.73607860e-02 -8.75772990e-02 -8.77525977e-02 -8.79613275e-02
 -8.81623954e-02 -8.83546283e-02 -8.85090878e-02 -8.86083749e-02
 -8.86495349e-02 -8.86458960e-02 -8.85848575e-02 -8.85010340e-02
 -8.83627577e-02 -8.81600056e-02 -8.79543447e-02 -8.77261572e-02
 -8.74821646e-02 -8.71967765e-02 -8.68739817e-02 -8.65454263e-02
 -8.61707784e-02 -8.56876571e-02 -8.51932052e-02 -8.46884613e-02
 -8.41537603e-02 -8.35369621e-02 -8.29848732e-02 -8.23530924e-02
 -8.16077950e-02 -8.08741345e-02 -8.00897005e-02 -7.92904543e-02
 -7.85015974e-02 -7.76648972e-02 -7.67664018e-02 -7.58447787e-02
 -7.49562036e-02 -7.40738214e-02 -7.31498362e-02 -7.22300987e-02
 -7.13397990e-02 -7.04721851e-02 -6.96515912e-02 -6.88415369e-02
 -6.80305310e-02 -6.71516700e-02 -6.62975539e-02 -6.54584040e-02
 -6.46475532e-02 -6.38202543e-02 -6.30767707e-02 -6.24092555e-02
 -6.17288602e-02 -6.09984069e-02 -6.02644149e-02 -5.95751535e-02
 -5.88400735e-02 -5.81326412e-02 -5.74491515e-02 -5.67289770e-02
 -5.60345197e-02 -5.53302843e-02 -5.46322688e-02 -5.39290361e-02
 -5.32371916e-02 -5.25138707e-02 -5.18221079e-02 -5.11734081e-02
 -5.05607362e-02 -4.99529002e-02 -4.93604429e-02 -4.86997486e-02
 -4.80459228e-02 -4.74188710e-02 -4.67899593e-02 -4.61736514e-02
 -4.55659152e-02 -4.49251402e-02 -4.42676917e-02 -4.35905345e-02
 -4.28867144e-02 -4.21670806e-02 -4.14911250e-02 -4.07968099e-02
 -4.01492156e-02 -3.95152375e-02 -3.88878941e-02 -3.82207074e-02
 -3.74705575e-02 -3.66886330e-02 -3.58657180e-02 -3.50867732e-02
 -3.42689821e-02 -3.34414945e-02 -3.26327022e-02 -3.18335020e-02
 -3.10155967e-02 -3.01978166e-02 -2.93687160e-02 -2.84891146e-02
 -2.75511076e-02 -2.66434202e-02 -2.57597290e-02 -2.48276653e-02
 -2.39693643e-02 -2.31078691e-02 -2.22169052e-02 -2.12840568e-02
 -2.03421716e-02 -1.94050324e-02 -1.84468341e-02 -1.75291238e-02
 -1.66363368e-02 -1.57330144e-02 -1.47895684e-02 -1.38620651e-02
 -1.29399073e-02 -1.19769793e-02 -1.10162707e-02 -1.00546528e-02
 -9.09321538e-03 -8.13082225e-03 -7.15551590e-03 -6.15994761e-03
 -5.17761673e-03 -4.22878559e-03 -3.31969005e-03 -2.42979351e-03
 -1.53211681e-03 -6.69311733e-04  1.93013525e-04  1.02830128e-03
  1.87515198e-03  2.72134788e-03  3.48087436e-03  4.19918524e-03
  4.90206288e-03  5.57467642e-03  6.22676602e-03  6.87588399e-03
  7.51196576e-03  8.11538203e-03  8.69363008e-03  9.20540606e-03
  9.75130837e-03  1.01764287e-02  1.06035182e-02  1.09791663e-02
  1.13585403e-02  1.17231150e-02  1.20713521e-02  1.23921169e-02
  1.26983038e-02  1.29533968e-02  1.31671482e-02  1.33431812e-02
  1.34920122e-02  1.35613024e-02  1.35909200e-02  1.36590390e-02
  1.37420270e-02  1.37842026e-02  1.37895325e-02  1.37200776e-02
  1.36656756e-02  1.35545225e-02  1.33810470e-02  1.32633755e-02
  1.31172010e-02  1.29949189e-02  1.28373545e-02  1.27053844e-02
  1.25345399e-02  1.23130938e-02  1.20359154e-02  1.17734518e-02
  1.14783419e-02  1.11495251e-02  1.07698243e-02  1.03621489e-02
  1.00111714e-02  9.72325604e-03  9.43365832e-03  9.14491458e-03
  8.89402426e-03  8.65027119e-03  8.29818369e-03  7.95803306e-03
  7.68971940e-03  7.38177903e-03  7.05372650e-03  6.74831654e-03
  6.35275091e-03  5.97962130e-03  5.64187966e-03  5.33758288e-03
  5.06079235e-03  4.75058004e-03  4.43464130e-03  4.15582434e-03
  3.81701887e-03  3.49122955e-03  3.21655950e-03  2.92866642e-03
  2.59310162e-03  2.25968234e-03  1.90615621e-03  1.54459300e-03
  1.17564700e-03  8.36662399e-04  5.28135211e-04  2.02057756e-04
 -1.30534196e-04 -4.19275812e-04 -7.47941443e-04 -1.05775861e-03
 -1.35582058e-03 -1.67373983e-03 -1.94730999e-03 -2.18532647e-03
 -2.37114828e-03 -2.58021879e-03 -2.78866563e-03 -3.05617944e-03
 -3.27109272e-03 -3.46102683e-03 -3.64483527e-03 -3.85406054e-03
 -4.07598908e-03 -4.30010057e-03 -4.48692638e-03 -4.64943966e-03
 -4.84294268e-03 -5.01960797e-03 -5.16059394e-03 -5.34907195e-03
 -5.57597519e-03 -5.84941299e-03 -6.13480230e-03 -6.44211100e-03
 -6.75961992e-03 -7.08373380e-03 -7.42139860e-03 -7.82722063e-03
 -8.31264441e-03 -8.81225906e-03 -9.23741415e-03 -9.70858151e-03
 -1.01914815e-02 -1.06872136e-02 -1.12113600e-02 -1.17004889e-02
 -1.22328620e-02 -1.28070744e-02 -1.34335130e-02 -1.41087108e-02
 -1.47475214e-02 -1.54349596e-02 -1.61987403e-02 -1.69785997e-02
 -1.77667419e-02 -1.85655033e-02 -1.94060161e-02 -2.02728021e-02
 -2.11848619e-02 -2.21435113e-02 -2.30815972e-02 -2.40393025e-02
 -2.49835942e-02 -2.59617620e-02 -2.70433127e-02 -2.81924226e-02
 -2.93180944e-02 -3.04023817e-02 -3.14804019e-02 -3.26134793e-02
 -3.37280387e-02 -3.48376555e-02 -3.59655317e-02 -3.71473747e-02
 -3.83353076e-02 -3.95366056e-02 -4.07399341e-02 -4.19185005e-02
 -4.31022788e-02 -4.43364061e-02 -4.56233865e-02 -4.68552393e-02
 -4.80201442e-02 -4.92165436e-02 -5.04450681e-02 -5.16832747e-02
 -5.29821854e-02 -5.42973311e-02 -5.56112371e-02 -5.68946142e-02
 -5.81825112e-02 -5.94467138e-02 -6.07315201e-02 -6.19828066e-02
 -6.31807095e-02 -6.43297094e-02 -6.54530194e-02 -6.65898219e-02
 -6.77298938e-02 -6.88650199e-02 -7.00341357e-02 -7.12189362e-02
 -7.23710671e-02 -7.35286666e-02 -7.47116045e-02 -7.59054907e-02
 -7.70784411e-02 -7.82135014e-02 -7.93807762e-02 -8.05429693e-02
 -8.17041142e-02 -8.28971292e-02 -8.40934865e-02 -8.52201070e-02
 -8.62666252e-02 -8.73100615e-02 -8.84031849e-02 -8.94556279e-02
 -9.04851114e-02 -9.15224124e-02 -9.25607023e-02 -9.35913377e-02
 -9.45694408e-02 -9.55440711e-02 -9.64854438e-02 -9.74263139e-02
 -9.83622757e-02 -9.92644294e-02 -1.00201999e-01 -1.01135432e-01
 -1.02076918e-01 -1.02999591e-01 -1.03903832e-01 -1.04807960e-01
 -1.05701361e-01 -1.06617732e-01 -1.07565286e-01 -1.08504508e-01
 -1.09453294e-01 -1.10350826e-01 -1.11225876e-01 -1.12132660e-01
 -1.12985900e-01 -1.13808751e-01 -1.14635564e-01 -1.15509042e-01
 -1.16395777e-01 -1.17220603e-01 -1.18074781e-01 -1.18922110e-01
 -1.19736582e-01 -1.20512976e-01 -1.21313608e-01 -1.22079641e-01
 -1.22832871e-01 -1.23538353e-01 -1.24277200e-01 -1.25056591e-01
 -1.25849685e-01 -1.26601457e-01 -1.27379372e-01 -1.28253594e-01
 -1.29169288e-01 -1.30132035e-01 -1.31064500e-01 -1.31977297e-01
 -1.32862899e-01 -1.33738398e-01 -1.34619836e-01 -1.35493682e-01
 -1.36364843e-01 -1.37253340e-01 -1.38105939e-01 -1.38969642e-01
 -1.39795787e-01 -1.40602896e-01 -1.41423711e-01 -1.42152903e-01
 -1.42889369e-01 -1.43587942e-01 -1.44372566e-01 -1.45156044e-01
 -1.45914796e-01 -1.46593584e-01 -1.47266489e-01 -1.47930218e-01
 -1.48566420e-01 -1.49221965e-01 -1.49876780e-01 -1.50533631e-01
 -1.51192417e-01 -1.51851202e-01 -1.52482329e-01 -1.53171464e-01
 -1.53831616e-01 -1.54525653e-01 -1.55225675e-01 -1.55919996e-01
 -1.56624101e-01 -1.57309997e-01 -1.57974155e-01 -1.58638766e-01
 -1.59306757e-01 -1.59966102e-01 -1.60614662e-01 -1.61221985e-01
 -1.61842518e-01 -1.62477699e-01 -1.63035123e-01 -1.63605951e-01
 -1.64160643e-01 -1.64776332e-01 -1.65362945e-01 -1.65882358e-01
 -1.66347450e-01 -1.66939014e-01 -1.67553185e-01 -1.68151358e-01
 -1.68715673e-01 -1.69268870e-01 -1.69852976e-01 -1.70367208e-01
 -1.70910813e-01 -1.71444720e-01 -1.71897941e-01 -1.72376570e-01
 -1.72798007e-01 -1.73259140e-01 -1.73691279e-01 -1.74105302e-01
 -1.74461754e-01 -1.74804777e-01 -1.75134187e-01 -1.75500424e-01
 -1.75888152e-01 -1.76203636e-01 -1.76513152e-01 -1.76859834e-01
 -1.77186575e-01 -1.77517234e-01 -1.77791369e-01 -1.78045726e-01
 -1.78292679e-01 -1.78534459e-01 -1.78744239e-01 -1.78925721e-01
 -1.79103798e-01 -1.79274121e-01 -1.79432908e-01 -1.79559958e-01
 -1.79646407e-01 -1.79674733e-01 -1.79696037e-01 -1.79720288e-01
 -1.79744648e-01 -1.79742044e-01 -1.79786704e-01 -1.79802232e-01
 -1.79785003e-01 -1.79768170e-01 -1.79661350e-01 -1.79532263e-01
 -1.79402444e-01 -1.79269242e-01 -1.79184028e-01 -1.79121721e-01
 -1.79038870e-01 -1.78905866e-01 -1.78733467e-01 -1.78554597e-01
 -1.78377822e-01 -1.78250601e-01 -1.78084018e-01 -1.77852609e-01
 -1.77648284e-01 -1.77471469e-01 -1.77282826e-01 -1.77097969e-01
 -1.76895502e-01 -1.76646444e-01 -1.76386351e-01 -1.76087468e-01
 -1.75809981e-01 -1.75472571e-01 -1.75127952e-01 -1.74725345e-01
 -1.74364832e-01 -1.73992319e-01 -1.73664790e-01 -1.73317140e-01
 -1.72913685e-01 -1.72535404e-01 -1.72179277e-01 -1.71792671e-01
 -1.71353084e-01 -1.70939108e-01 -1.70582631e-01 -1.70212568e-01
 -1.69819040e-01 -1.69437446e-01 -1.68986765e-01 -1.68567471e-01
 -1.68103018e-01 -1.67617354e-01 -1.67086708e-01 -1.66453138e-01
 -1.65842639e-01 -1.65193057e-01 -1.64541670e-01 -1.63929026e-01
 -1.63296733e-01 -1.62692904e-01 -1.62074933e-01 -1.61480329e-01
 -1.60911358e-01 -1.60290767e-01 -1.59636971e-01 -1.58968571e-01
 -1.58314138e-01 -1.57706046e-01 -1.57075302e-01 -1.56425189e-01
 -1.55750106e-01 -1.55045478e-01 -1.54231222e-01 -1.53413385e-01
 -1.52581560e-01 -1.51765082e-01 -1.50934688e-01 -1.50099835e-01
 -1.49250844e-01 -1.48426440e-01 -1.47646092e-01 -1.46891448e-01
 -1.46160549e-01 -1.45425599e-01 -1.44680358e-01 -1.43865147e-01
 -1.43036381e-01 -1.42231034e-01 -1.41452350e-01 -1.40649692e-01
 -1.39890037e-01 -1.39113979e-01 -1.38278513e-01 -1.37465784e-01
 -1.36658928e-01 -1.35854442e-01 -1.35075544e-01 -1.34330126e-01
 -1.33558308e-01 -1.32821299e-01 -1.32035737e-01 -1.31271135e-01
 -1.30480558e-01 -1.29649431e-01 -1.28793126e-01 -1.27924270e-01
 -1.27092086e-01 -1.26296533e-01 -1.25523417e-01 -1.24724445e-01
 -1.23920659e-01 -1.23154503e-01 -1.22401653e-01 -1.21617857e-01
 -1.20765702e-01 -1.19955531e-01 -1.19161037e-01 -1.18361563e-01
 -1.17609081e-01 -1.16847392e-01 -1.16083461e-01 -1.15359355e-01
 -1.14665197e-01 -1.14034846e-01 -1.13400356e-01 -1.12765252e-01
 -1.12101477e-01 -1.11414830e-01 -1.10696152e-01 -1.09940430e-01
 -1.09229528e-01 -1.08510447e-01 -1.07821186e-01 -1.07129745e-01
 -1.06328041e-01 -1.05562822e-01 -1.04896508e-01 -1.04253240e-01
 -1.03595239e-01 -1.02858757e-01 -1.02130038e-01 -1.01411995e-01
 -1.00751905e-01 -1.00143748e-01 -9.95855613e-02 -9.90112210e-02
 -9.84446197e-02 -9.78462374e-02 -9.72127169e-02 -9.66040864e-02
 -9.59916208e-02 -9.53754976e-02 -9.47616922e-02 -9.41439223e-02
 -9.35174637e-02 -9.28951329e-02 -9.22388419e-02 -9.16649020e-02
 -9.11439852e-02 -9.05350328e-02 -8.98315765e-02 -8.91326934e-02
 -8.84248403e-02 -8.77369808e-02 -8.70048105e-02 -8.63321126e-02
 -8.56392323e-02 -8.49339761e-02 -8.42395495e-02 -8.35218328e-02
 -8.27592093e-02 -8.20038751e-02 -8.12401098e-02 -8.04175480e-02
 -7.95613414e-02 -7.87486129e-02 -7.79386308e-02 -7.71316085e-02
 -7.63068627e-02 -7.54755686e-02 -7.46203121e-02 -7.37970142e-02
 -7.29943267e-02 -7.21485420e-02 -7.13310722e-02 -7.05036431e-02
 -6.97222386e-02 -6.89301100e-02 -6.81027113e-02 -6.72794605e-02
 -6.64584877e-02 -6.56306635e-02 -6.48090824e-02 -6.39794193e-02
 -6.31263901e-02 -6.22540673e-02 -6.13463605e-02 -6.04675194e-02
 -5.96569182e-02 -5.88778217e-02 -5.80335410e-02 -5.71806007e-02
 -5.62954120e-02 -5.54089945e-02 -5.45232758e-02 -5.36363273e-02
 -5.27020247e-02 -5.17790638e-02 -5.08745103e-02 -4.99922604e-02
 -4.91674150e-02 -4.83321197e-02 -4.75134281e-02 -4.67578829e-02
 -4.59973142e-02 -4.52356012e-02 -4.44737449e-02 -4.36542480e-02
 -4.28709210e-02 -4.20728242e-02 -4.13110310e-02 -4.05533476e-02
 -3.98009119e-02 -3.90528693e-02 -3.82550945e-02 -3.74748575e-02
 -3.67152238e-02 -3.59491618e-02 -3.51809615e-02 -3.44350758e-02
 -3.37446169e-02 -3.31026186e-02 -3.24219289e-02 -3.17848815e-02
 -3.11495683e-02 -3.05389264e-02 -2.99657623e-02 -2.93917191e-02
 -2.88093791e-02 -2.81958062e-02 -2.75711253e-02 -2.69657867e-02
 -2.63366117e-02 -2.57387161e-02 -2.52016441e-02 -2.46662541e-02
 -2.41395955e-02 -2.35761625e-02 -2.29818570e-02 -2.23599452e-02
 -2.17913879e-02 -2.11959063e-02 -2.05922448e-02 -2.00396071e-02
 -1.94593003e-02 -1.88510638e-02 -1.82625693e-02 -1.77624470e-02
 -1.73970938e-02 -1.70593398e-02 -1.67599745e-02 -1.64580043e-02
 -1.61228538e-02 -1.57839179e-02 -1.54492811e-02 -1.51433697e-02
 -1.49741442e-02 -1.48733546e-02 -1.47663669e-02 -1.46653631e-02
 -1.46278255e-02 -1.46091150e-02 -1.45796568e-02 -1.45811999e-02
 -1.46173175e-02 -1.46736526e-02 -1.47492954e-02 -1.48115089e-02
 -1.48412086e-02 -1.49349114e-02 -1.50261343e-02 -1.51393710e-02
 -1.52788854e-02 -1.54527404e-02 -1.56737670e-02 -1.59120168e-02
 -1.61711990e-02 -1.64518432e-02 -1.67743376e-02 -1.70861468e-02
 -1.74388797e-02 -1.77869520e-02 -1.81124877e-02 -1.85073329e-02
 -1.88636808e-02 -1.92529157e-02 -1.96398374e-02 -2.00345931e-02
 -2.04208256e-02 -2.08209149e-02 -2.12100904e-02 -2.15304395e-02
 -2.18224640e-02 -2.20383077e-02 -2.22625452e-02 -2.25318885e-02
 -2.27951015e-02 -2.30774779e-02 -2.33202019e-02 -2.34948937e-02
 -2.37011468e-02 -2.39422638e-02 -2.42060243e-02 -2.45099316e-02
 -2.47876656e-02 -2.50618429e-02 -2.53137828e-02 -2.55713976e-02
 -2.58176465e-02 -2.60890666e-02 -2.63420588e-02 -2.65531133e-02
 -2.67269373e-02 -2.69117405e-02 -2.70254531e-02 -2.71760921e-02
 -2.73640874e-02 -2.75561837e-02 -2.77069012e-02 -2.78505133e-02
 -2.80662584e-02 -2.82351131e-02 -2.84139503e-02 -2.85102077e-02
 -2.85922380e-02 -2.87137597e-02 -2.88056471e-02 -2.88289310e-02
 -2.88450168e-02 -2.88413613e-02 -2.88284970e-02 -2.88162537e-02
 -2.88127126e-02 -2.87858300e-02 -2.87184369e-02 -2.86387050e-02
 -2.85650082e-02 -2.84872691e-02 -2.83690922e-02 -2.82308264e-02
 -2.80842168e-02 -2.79365848e-02 -2.78100799e-02 -2.76786057e-02
 -2.75287835e-02 -2.73838509e-02 -2.72288816e-02 -2.70760254e-02
 -2.69029656e-02 -2.67702773e-02 -2.65808133e-02 -2.63704413e-02
 -2.61316414e-02 -2.58141006e-02 -2.54226670e-02 -2.50092001e-02
 -2.45698819e-02 -2.41775486e-02 -2.37876651e-02 -2.34065975e-02
 -2.30620562e-02 -2.27252141e-02 -2.24134985e-02 -2.20480550e-02
 -2.16174868e-02 -2.11674721e-02 -2.07096870e-02 -2.02684612e-02
 -1.98045855e-02 -1.93013097e-02 -1.88425959e-02 -1.83961727e-02
 -1.79354115e-02 -1.74840471e-02 -1.70310493e-02 -1.65143286e-02
 -1.59903648e-02 -1.54574120e-02 -1.49507344e-02 -1.44666214e-02
 -1.39186672e-02 -1.32868565e-02 -1.26665517e-02 -1.20408172e-02
 -1.14013830e-02 -1.07296347e-02 -1.00861370e-02 -9.43652966e-03
 -8.79744991e-03 -8.16367838e-03 -7.55389592e-03 -6.90728742e-03
 -6.16692069e-03 -5.44771328e-03 -4.73383452e-03 -4.04869493e-03
 -3.33311542e-03 -2.63105186e-03 -1.97364287e-03 -1.29180429e-03
 -5.67830385e-04  1.61286320e-04  8.65709585e-04  1.50871318e-03
  2.12425758e-03  2.77394910e-03  3.46477912e-03  4.13443695e-03
  4.77606550e-03  5.43681799e-03  6.08338125e-03  6.71593213e-03
  7.30938512e-03  7.91427506e-03  8.51917218e-03  9.15125749e-03
  9.78997997e-03  1.04141687e-02  1.10108567e-02  1.15791621e-02
  1.21742339e-02  1.28112519e-02  1.34104248e-02  1.40257264e-02
  1.46430620e-02  1.52197491e-02  1.58059113e-02  1.63783360e-02
  1.69637120e-02  1.75281351e-02  1.80823691e-02  1.86603296e-02
  1.92368060e-02  1.98616203e-02  2.04693292e-02  2.09995961e-02
  2.14950630e-02  2.19672751e-02  2.24403339e-02  2.29069468e-02
  2.33581305e-02  2.37614410e-02  2.40799834e-02  2.44112947e-02
  2.47290123e-02  2.50985609e-02  2.54212110e-02  2.57696136e-02
  2.60771366e-02  2.63893366e-02  2.67272739e-02  2.70939778e-02
  2.74245781e-02  2.77117145e-02  2.80284098e-02  2.83463328e-02
  2.85960496e-02  2.87664036e-02  2.89988814e-02  2.91354900e-02
  2.91934515e-02  2.92790011e-02  2.93590486e-02  2.94377187e-02
  2.94740302e-02  2.94933146e-02  2.94823185e-02  2.94566182e-02
  2.94429675e-02  2.93818613e-02  2.93530218e-02  2.92617152e-02
  2.91702308e-02  2.90903382e-02  2.90584255e-02  2.89184012e-02
  2.86732914e-02  2.84039751e-02  2.81103737e-02  2.78499724e-02
  2.75591452e-02  2.72555254e-02  2.68762196e-02  2.64543591e-02
  2.59990507e-02  2.54539500e-02  2.48468410e-02  2.42270939e-02
  2.35943698e-02  2.29728176e-02  2.22639825e-02  2.15149199e-02
  2.07304055e-02  1.99216563e-02  1.90503138e-02  1.81435709e-02
  1.71948119e-02]","[0.10440509 0.10469753 0.10496314 0.10528191 0.10558583 0.10588472
 0.10615327 0.10639321 0.10666531 0.10689058 0.10708004 0.10726414
 0.1074801  0.10767764 0.10783412 0.10792858 0.10805947 0.10815301
 0.10828006 0.10842362 0.1086196  0.10880812 0.10896323 0.10907973
 0.10921349 0.10935139 0.1094884  0.1096652  0.10989514 0.1101075
 0.11030531 0.11047264 0.11056721 0.11069847 0.11082567 0.11093487
 0.11098792 0.11095205 0.11087326 0.11085328 0.11078477 0.11068384
 0.1105184  0.1103995  0.11031937 0.11022219 0.11013616 0.11005109
 0.10990738 0.10977835 0.10964496 0.10955532 0.10946745 0.10929724
 0.10913943 0.10893769 0.10869533 0.10836586 0.10803781 0.10776921
 0.10756262 0.10739201 0.10718742 0.10701274 0.10686084 0.10672019
 0.10652607 0.10630469 0.10608656 0.10583653 0.10559026 0.10539424
 0.10521495 0.10502893 0.10484389 0.10469089 0.1044946  0.10436797
 0.10424688 0.10411625 0.1040008  0.10392413 0.10393829 0.10396918
 0.10396442 0.10399551 0.10401298 0.10403671 0.1040985  0.10413188
 0.10411016 0.10408151 0.10403619 0.10401052 0.10394624 0.10380516
 0.10369166 0.103627   0.10360127 0.10352181 0.10342969 0.10333522
 0.1032072  0.1030522  0.10289295 0.10271752 0.10255819 0.10237025
 0.10220426 0.10206135 0.10189191 0.10178455 0.10168571 0.1016289
 0.10165596 0.10169353 0.10173689 0.10180369 0.10184208 0.10186677
 0.10189715 0.1019081  0.10185783 0.10178001 0.10167139 0.10161621
 0.10145721 0.10127845 0.10107079 0.10090675 0.10078583 0.1007241
 0.10067483 0.10071614 0.10078596 0.10080358 0.10082123 0.10078603
 0.10078499 0.10082611 0.10089388 0.10093647 0.10098561 0.10101367
 0.10103246 0.10106748 0.10117936 0.10124957 0.10132482 0.10136401
 0.10144438 0.10151101 0.10152058 0.10155832 0.10157376 0.10151734
 0.10145001 0.10139446 0.10138754 0.10136055 0.10135175 0.10139235
 0.10139666 0.10137252 0.10133323 0.1013221  0.10135392 0.10132617
 0.10126337 0.10127565 0.10132676 0.10132592 0.10133018 0.10135296
 0.10128525 0.10123716 0.10118344 0.10119338 0.10121376 0.10124306
 0.10126039 0.10120827 0.10116535 0.10115009 0.10116683 0.10118028
 0.101222   0.10129591 0.10138306 0.10144444 0.10150392 0.10157687
 0.10161133 0.1016237  0.10167501 0.10167881 0.10164524 0.10165048
 0.10169097 0.10168207 0.1016221  0.10157072 0.1015069  0.10147398
 0.10146705 0.10147021 0.10142321 0.10140038 0.10138642 0.10129344
 0.10114931 0.10095353 0.10076971 0.10061518 0.10048309 0.10036696
 0.10024484 0.10015452 0.10002809 0.09994192 0.09986    0.09984586
 0.09987097 0.09992128 0.09999857 0.10010352 0.10018995 0.10024512
 0.10031052 0.10035356 0.10039042 0.10042182 0.10046745 0.10052203
 0.10053121 0.10055179 0.1005546  0.10050934 0.10047369 0.10042661
 0.100305   0.10021098 0.10014417 0.10005627 0.09994036 0.09981341
 0.09970065 0.09959635 0.09952734 0.0994215  0.09922723 0.09907337
 0.09896209 0.09883026 0.09863104 0.09845807 0.09827063 0.09801173
 0.09769807 0.09739787 0.09713316 0.09686956 0.09661418 0.09637471
 0.0961263  0.09592151 0.09573495 0.09559688 0.09547051 0.09538949
 0.09529675 0.09518044 0.09509684 0.09506706 0.0950458  0.09496727
 0.09491823 0.09486483 0.09480614 0.09474363 0.09468714 0.09464156
 0.09462466 0.09458228 0.09455149 0.09451975 0.09450157 0.09447519
 0.09441684 0.09438829 0.09438733 0.09436553 0.09436964 0.09438351
 0.09436863 0.09436958 0.09434869 0.09435191 0.0943188  0.09421302
 0.09411732 0.0940246  0.09388487 0.09372735 0.09359541 0.09342332
 0.09323249 0.09299329 0.0927968  0.09265083 0.09250005 0.09234865
 0.09227108 0.09221069 0.09218301 0.09217468 0.09215209 0.0921882
 0.09225735 0.09233471 0.0924165  0.09249162 0.09260343 0.09275533
 0.09294706 0.09316005 0.09332075 0.09344903 0.09354492 0.09367048
 0.09383545 0.09399981 0.09418399 0.09429811 0.09438011 0.09442854
 0.09451165 0.09454449 0.09454456 0.09451258 0.09450575 0.09451493
 0.09448962 0.09445592 0.09441702 0.09433525 0.09428167 0.09429384
 0.09430596 0.09427778 0.0942583  0.09426453 0.09430954 0.09429068
 0.0942876  0.09432565 0.09438026 0.09445908 0.09457417 0.0947273
 0.09486765 0.09496784 0.09504236 0.09506867 0.0951349  0.09518544
 0.09531346 0.09544442 0.09554945 0.09559774 0.09562231 0.0956591
 0.09570744 0.09571506 0.09572151 0.09573113 0.09574391 0.0957354
 0.09574066 0.09573933 0.09573462 0.09573371 0.0957517  0.09581352
 0.09590262 0.09599052 0.09610586 0.0961461  0.09613487 0.09611319
 0.09614474 0.09618003 0.09624888 0.09630121 0.09630418 0.09629759
 0.09632061 0.09635627 0.09642304 0.09654586 0.09667427 0.09679501
 0.09689408 0.09704562 0.09717771 0.09730471 0.09740338 0.0974869
 0.09757153 0.09760896 0.09762957 0.0976614  0.09776434 0.09791654
 0.09807065 0.09825635 0.09848659 0.09866238 0.09880637 0.09890199
 0.09896063 0.09904124 0.09909158 0.09916174 0.099256   0.09936787
 0.09950167 0.0996419  0.09979248 0.09993992 0.10004422 0.10013241
 0.10021441 0.10030248 0.10037937 0.10046661 0.10058044 0.10068097
 0.10073325 0.10071337 0.10072714 0.10077858 0.10085496 0.10089219
 0.10092319 0.10091982 0.10091101 0.10086765 0.10084559 0.10078554
 0.10072846 0.10071848 0.10067824 0.10056935 0.10047425 0.10039457
 0.10031397 0.10025648 0.10025148 0.100277   0.1002873  0.10031006
 0.10030169 0.10027347 0.10027171 0.10026538 0.10026968 0.10026895
 0.10021819 0.10018065 0.10018354 0.10019156 0.10008857 0.09998622
 0.09987249 0.09979878 0.09975366 0.09968128 0.09960029 0.09949165
 0.09935715 0.09916663 0.09895892 0.09881374 0.09866524 0.09853957
 0.09840714 0.09831203 0.09824883 0.0981608  0.09805384 0.09799273
 0.09796366 0.09794086 0.09790877 0.09783337 0.09781153 0.09780212
 0.09779975 0.09779973 0.09781025 0.09784455 0.09789812 0.09793928
 0.09803244 0.09812892 0.09816959 0.09822389 0.098325   0.0983676
 0.09832711 0.09831555 0.09828951 0.09826822 0.09824837 0.09820149
 0.09816343 0.09815783 0.0980941  0.09801331 0.09796067 0.09796344
 0.09793493 0.09796412 0.0980194  0.09803148 0.0979924  0.09790884
 0.09778341 0.09765641 0.09757759 0.09744125 0.09732602 0.09721226
 0.09705666 0.096936   0.09681348 0.09672706 0.09660443 0.09649602
 0.09635439 0.09621261 0.09606202 0.09594244 0.09587707 0.09581982
 0.09577419 0.09576871 0.0957692  0.09576461 0.095794   0.09583582
 0.09587632 0.09589813 0.09594357 0.09596163 0.09600632 0.09606331
 0.09609646 0.09611495 0.09613826 0.09617546 0.09620594 0.09617977
 0.09611782 0.09607945 0.09606795 0.09610521 0.09620568 0.09631417
 0.09644152 0.09654286 0.09664821 0.09678354 0.09689011 0.09700844
 0.09713902 0.09727936 0.09740251 0.09755055 0.09766832 0.09776289
 0.09787398 0.09804311 0.09823519 0.09837165 0.09842472 0.09846539
 0.09848684 0.09856835 0.09861981 0.09857141 0.09847794 0.09835222
 0.09819785 0.09805152 0.09794088 0.09784993 0.09771438 0.09759265
 0.0974955  0.09739833 0.09732253 0.0972602  0.09710786 0.0969685
 0.09687772 0.0968167  0.09672486 0.09666004 0.09659911 0.09657486
 0.09657981 0.09660281 0.09660534 0.09660981 0.09666114 0.09673381
 0.0968126  0.09694446 0.09712109 0.09732087 0.09754624 0.0977744
 0.0979768  0.0981644  0.0983461  0.09855572 0.09879636 0.09901952
 0.09928393 0.09949386 0.09963092 0.09973023 0.09980735 0.09992651
 0.10000435 0.10003684 0.10012846 0.10016724 0.10016975 0.10011401
 0.10005252 0.10004173 0.10003737 0.0999829  0.09989792 0.09981164
 0.09979539 0.09975957 0.09968742 0.09963465 0.09956823 0.09950135
 0.09949138 0.09949262 0.09948449 0.09943827 0.09938447 0.09936981
 0.09939224 0.09945383 0.09952827 0.09961165 0.09970856 0.09980956
 0.09990066 0.09997875 0.10002365 0.1000736  0.10016921 0.1003276
 0.10052028 0.10065818 0.1007751  0.1008945  0.10102018 0.1011588
 0.10128272 0.1014104  0.10155517 0.10166699 0.10174682 0.10176007
 0.10176185 0.10177447 0.10178001 0.10175415 0.10173042 0.10167047
 0.10161978 0.10160173 0.10159213 0.10161131 0.10166077 0.10172568
 0.10185594 0.10200247 0.10214608 0.10228336 0.10240989 0.10250716
 0.10261326 0.10275497 0.10282897 0.1028469  0.10288441 0.10294924
 0.10301641 0.10314233 0.10329765 0.10350081 0.10367141 0.10385857
 0.10403479 0.10418729 0.10432445 0.10447423 0.10465979 0.10489667
 0.1051634  0.10543995 0.10573196 0.10594699 0.10610831 0.10623889
 0.10632104 0.1064098  0.10650625 0.10661311 0.10674755 0.10684309
 0.10697731 0.10712141 0.10727783 0.10746378 0.10765003 0.1078002
 0.10794886 0.10811173 0.10826405 0.10835338 0.10845074 0.10852924
 0.10858993 0.10858518 0.10853368 0.10849749 0.10846722 0.10842071
 0.10837718 0.10835369 0.10827159 0.10817111 0.10812975 0.10806265
 0.10798458 0.10784254 0.10769473 0.10755477 0.10743814 0.107299
 0.10715225 0.10699159 0.10680521 0.10664385 0.10651514 0.10638856
 0.10625128 0.10608852 0.10588035 0.10572869 0.1055553  0.1053305
 0.1050739  0.10481726 0.10461291 0.10438765 0.10411026 0.10383809
 0.10360402 0.10329085 0.10302338 0.10271258 0.1023899  0.10206808
 0.10172303 0.10139741 0.10111119 0.10080818 0.10053618 0.10031094
 0.10007815 0.09981703 0.0995394  0.09925092 0.09899703 0.09873945
 0.09844386 0.098157   0.09791445 0.09770991 0.09747822 0.09725093
 0.09704995 0.09688517 0.09678173 0.09664697 0.0965625  0.09647766
 0.09636131 0.0962841  0.09622449 0.09616969 0.09611641 0.09601979
 0.0959589  0.09588063 0.09572304 0.09564901 0.09567776 0.0957456
 0.09579546 0.09581217 0.09584703 0.09587694 0.09587835 0.09589701
 0.0959813  0.09609235 0.0962116  0.09635037 0.09652291 0.09675004
 0.09697751 0.0971745  0.09734621 0.09749998 0.09763723 0.09775905
 0.09785369 0.09801394 0.09823538 0.09844934 0.0986596  0.09887059
 0.09903492 0.09918826 0.09941893 0.09962204 0.09979523 0.10003648
 0.10023546 0.10042675 0.10062761 0.10080008 0.10099415 0.10120646
 0.10143159 0.10160794 0.10172063 0.10183046 0.10193075 0.10201843
 0.10213238 0.10224407 0.10227672 0.10232389 0.1023683  0.10239325
 0.10241643 0.10246231 0.10249654 0.10247244 0.10240356 0.10232175
 0.10222132 0.10215275 0.10203673 0.10188677 0.10172211 0.10158816
 0.10148257 0.10139476 0.10131556 0.10126714 0.1012411  0.10122334
 0.10121661 0.1012062  0.10120338 0.10118103 0.10116625 0.10112927
 0.10110104 0.10105206 0.10100294 0.100955   0.10087031 0.10075244
 0.10066036 0.10067401 0.10072075 0.10079673 0.10089977 0.10096754
 0.10104716 0.10108471 0.10110996 0.10116135 0.10120681 0.10131034
 0.10141922 0.10151765 0.10166616 0.10176967 0.10187343 0.10198463
 0.10207911 0.1021544  0.10219056 0.10222002 0.10226055 0.10232303
 0.10244878 0.10254666 0.10256513 0.10257581 0.1026159  0.10270729
 0.10286072 0.10299413 0.10309749 0.10321321 0.10336183 0.10352114
 0.10364117 0.10380031 0.10399752 0.10413114 0.10417388 0.10418586
 0.10416011 0.10419827 0.10426658 0.10430151 0.1043837  0.10442445
 0.10435329 0.10429939 0.10419913 0.10409831 0.10402994 0.10394217
 0.10392556 0.10386555 0.10379311 0.10375639 0.10371103 0.10370985
 0.10375356 0.10375365 0.10380151 0.10384775 0.10387803 0.10391197
 0.10391543 0.10391011 0.1039413  0.10401682 0.10402554 0.10400555
 0.10394205 0.10392749 0.10395035 0.10394147 0.10398418 0.10407186
 0.10419603 0.10429913 0.10442105 0.10454258 0.1046684  0.10482836
 0.10495676 0.10508306 0.10517326 0.10522116 0.10528254 0.10532872
 0.10537857 0.10540591 0.10538806 0.10536874 0.10534714 0.10526252
 0.10522018 0.10519165 0.10514121 0.10507875 0.10499609 0.10490688
 0.1048569  0.10486006 0.10485876 0.10484892 0.10482179 0.1047985
 0.10479187 0.10484597 0.10493915 0.10503805 0.10510071 0.10510741
 0.10507943 0.10509398 0.10517107 0.10519787 0.10515873 0.10511217
 0.10504152 0.1050002  0.10496874 0.10489998 0.104803   0.10474364
 0.10463643 0.10454779 0.10448367 0.10444721 0.10444941 0.10447468
 0.10456037 0.10465108 0.10470466 0.10475861 0.10475938 0.10476354
 0.10479275 0.10480612 0.10485524 0.10496649 0.10510182 0.10528568
 0.10550268 0.10571563 0.10591056 0.10614424 0.10631879 0.10643392
 0.10657097 0.10676376 0.10693562 0.10710464 0.10725889 0.10744613
 0.10768776 0.10794094 0.10820511 0.10845313 0.10865875 0.10889436
 0.10916255 0.10937882 0.10961572 0.10982646 0.11009294 0.11040707
 0.11065362 0.11086384 0.11100389 0.11108548 0.11116069 0.11125194
 0.11132814 0.11139622 0.11146134 0.11153219 0.11154613 0.1115428
 0.11152631 0.1114536  0.11141346 0.11135919 0.11133813 0.11132947
 0.11130097 0.11126733 0.11127665 0.11130479 0.11127261 0.11119507
 0.11107438 0.11096454 0.11085698 0.11071998 0.11055505 0.110391
 0.11022393 0.1100545  0.10992299 0.10978988 0.1096738  0.10953142
 0.109366   0.10920735 0.10905151 0.10892684 0.10882761 0.1086951
 0.10856066 0.10842424 0.10825636 0.108091   0.10787832 0.10766325
 0.10752844 0.10743512 0.10733491 0.10718446 0.10707767 0.10700728
 0.10691723 0.10685637 0.1067407  0.10662606 0.10653156 0.10647112
 0.10640222 0.10632366 0.1062503  0.10616929 0.10602488 0.10584004
 0.10567034 0.10550016 0.10535692 0.10519849 0.10503207 0.10492705
 0.10483405 0.10472545 0.10458242 0.10446326 0.10431141 0.10417206
 0.10402838 0.10389285 0.1037934  0.10369402 0.10357137 0.10342964
 0.10326608 0.1030743  0.10289879 0.1027521  0.10263867 0.10251414
 0.1024105  0.10233901 0.10228827 0.10222227 0.10213748 0.10201496
 0.10190462 0.10178754 0.10172809 0.10166895 0.10163118 0.10163583
 0.10161215 0.10164339 0.10165363 0.10164125 0.10162353 0.10164245
 0.10165177 0.10167158 0.10174097 0.10183111 0.10200012 0.10218345
 0.10235527 0.10254777 0.10283715 0.10311441 0.10341884 0.10375977
 0.10407072]","[ 322.16115873  322.63987342  323.09285991  323.53929959  323.99073601
  324.42244553  324.84183334  325.26340608  325.67663128  326.07908499
  326.47861615  326.86245083  327.24683372  327.62093537  327.98854098
  328.33873423  328.69410177  329.02654256  329.36190177  329.69810787
  330.01912349  330.33992918  330.65609541  330.96556426  331.27415703
  331.56750088  331.85282084  332.12946148  332.39918486  332.66170745
  332.92931268  333.19978778  333.46312315  333.72744538  333.97792548
  334.22952833  334.47546089  334.71905703  334.94401594  335.16756879
  335.39114973  335.64771508  335.90866826  336.19688976  336.51173928
  336.8320559   337.16438179  337.52389313  337.87949517  338.23675791
  338.57818829  338.92137379  339.27064786  339.62428449  339.9970075
  340.37297146  340.75397356  341.13330597  341.52542166  341.94956176
  342.39760059  342.86797842  343.34957894  343.83589877  344.34689491
  344.86558738  345.38020491  345.9010028   346.45828353  347.03503804
  347.63755592  348.24360002  348.85017387  349.4632193   350.10864411
  350.77424794  351.43657885  352.08563929  352.72670528  353.37119895
  354.03121     354.69276576  355.36210902  356.05214832  356.74124055
  357.4197476   358.11011234  358.79968682  359.495418    360.18171851
  360.85512336  361.53866042  362.20137679  362.87214765  363.53597583
  364.1837037   364.8301418   365.4843065   366.14300476  366.79840002
  367.45281671  368.10943321  368.76032803  369.40843348  370.05105865
  370.67425117  371.31087824  371.93144     372.54966681  373.18165796
  373.83446422  374.49144062  375.16653527  375.83831727  376.51588603
  377.19769079  377.88034217  378.57381297  379.2717178   379.9780683
  380.69348456  381.39804312  382.08886347  382.79169491  383.52755489
  384.27949046  385.03808473  385.81086928  386.60337989  387.41229452
  388.20599009  389.02576642  389.85613467  390.70766683  391.54540945
  392.36737779  393.19644268  394.02731804  394.85790916  395.6817667
  396.5125404   397.32282818  398.12697903  398.94205972  399.76703245
  400.58452131  401.42296989  402.24791171  403.08765454  403.92248674
  404.78661372  405.64061239  406.49990759  407.37935825  408.24161885
  409.09336736  409.95935623  410.80721189  411.66111137  412.51272346
  413.36213176  414.21600008  415.05145082  415.84691928  416.62033739
  417.39690232  418.1842905   418.9631271   419.71536889  420.46437826
  421.21440134  421.94878885  422.67155568  423.39388679  424.07779521
  424.7703033   425.43299493  426.10052825  426.72465372  427.33920794
  427.94645456  428.5493798   429.1624865   429.77403067  430.36694807
  430.95000323  431.56921747  432.18818712  432.81357141  433.4351571
  434.07186741  434.70558486  435.30928527  435.92089613  436.54458923
  437.15437466  437.77360948  438.40320882  439.02525233  439.63453453
  440.23745242  440.84399205  441.45159228  442.0511912   442.67205164
  443.32368297  443.96268483  444.61068241  445.27511688  445.94376523
  446.59263074  447.24933018  447.89930624  448.55608765  449.23435407
  449.89892488  450.57662325  451.27333878  451.94411161  452.6085081
  453.26468914  453.92625792  454.57332742  455.21494972  455.8531846
  456.4912704   457.14782114  457.78880034  458.43307625  459.08136162
  459.74655679  460.43694538  461.15392818  461.89138287  462.65505401
  463.42924731  464.22865079  465.05821595  465.88949237  466.73157159
  467.58162227  468.45139024  469.33926624  470.2307038   471.14449479
  472.1093003   473.08013051  474.05662398  475.04821893  476.0798461
  477.08253234  478.1238991   479.22000055  480.31218287  481.43018428
  482.55665792  483.67968681  484.82737793  486.00681031  487.19945768
  488.37790839  489.55518438  490.75462499  491.95379465  493.14058392
  494.317621    495.473106    496.62505088  497.77868393  498.9671955
  500.14487269  501.31692338  502.47644113  503.64587784  504.77448429
  505.86632125  506.96609576  508.09261054  509.22249965  510.33105513
  511.4643451   512.58469328  513.69396333  514.82355818  515.94102683
  517.06483638  518.1865625   519.31228244  520.43325306  521.57211237
  522.6958336   523.79820229  524.88275108  525.96562288  527.04142009
  528.15456814  529.26516321  530.36245052  531.46193343  532.55581675
  533.64641131  534.75578371  535.87532574  537.00729426  538.15484609
  539.31264015  540.44863432  541.59653136  542.72067425  543.83867681
  544.95412456  546.09232554  547.2756853   548.47786859  549.70396763
  550.90785561  552.13509886  553.36920849  554.59448865  555.8162233
  557.04958295  558.28428035  559.52675276  560.79854121  562.10435761
  563.3953344   564.67555485  565.98545569  567.25556545  568.52878679
  569.82046068  571.13793229  572.4628846   573.78726851  575.12569075
  576.4429311   577.74754806  579.05999915  580.39727869  581.72749567
  583.05669588  584.41157807  585.76738691  587.12593004  588.48636233
  589.84948586  591.22254448  592.60934649  593.99044592  595.35395577
  596.69542507  598.02704218  599.36475622  600.68311747  602.00292194
  603.30868007  604.62332023  605.93937575  607.2043115   608.44542949
  609.67869482  610.89493932  612.10005944  613.30470547  614.50265024
  615.68182296  616.84620691  617.97095664  619.11812235  620.19180089
  621.26799358  622.31283871  623.36065491  624.40017675  625.42997527
  626.4429895   627.4479699   628.42199111  629.37056388  630.29609545
  631.20454714  632.06359712  632.8970564   633.7534926   634.61864479
  635.45838966  636.27463722  637.04411551  637.82333094  638.56598287
  639.26862074  640.00504932  640.72314982  641.45593218  642.16651857
  642.89289871  643.59391426  644.26228755  644.89433172  645.5353105
  646.15557157  646.75370546  647.31839484  647.86410319  648.44568755
  649.06731479  649.68814172  650.30918358  650.95472745  651.60500619
  652.18561507  652.77397352  653.40800888  654.01607845  654.61088513
  655.21966486  655.76922941  656.33309467  656.91964128  657.527546
  658.15295426  658.75618827  659.35552608  659.97883108  660.56228621
  661.15287451  661.77577631  662.39002541  662.97250874  663.55571107
  664.12494417  664.68862446  665.24722199  665.82513393  666.42225435
  667.0070998   667.58762197  668.19651733  668.77868597  669.37334757
  669.97565604  670.56431632  671.18186768  671.82319567  672.49980295
  673.16066197  673.82136993  674.44161127  675.09682729  675.76891521
  676.44464843  677.10254793  677.75172128  678.39935939  679.07238704
  679.76177819  680.42953474  681.1088365   681.81296819  682.48434003
  683.12901347  683.74158729  684.34555407  684.93378738  685.51464889
  686.09055077  686.65672265  687.17494022  687.63675109  688.08790869
  688.59086923  689.06141293  689.52277795  689.97477714  690.4066002
  690.86291152  691.28866625  691.68420921  692.04283412  692.36656215
  692.71512689  693.02858422  693.28692345  693.53368462  693.7741217
  694.0062984   694.20831255  694.39182254  694.54329522  694.66114828
  694.79269494  694.91005163  695.03679966  695.13929542  695.16782424
  695.14853329  695.14535506  695.17078692  695.20021308  695.18938074
  695.19101887  695.19550403  695.18575878  695.13701488  695.08341979
  695.01983709  694.95415198  694.90506301  694.85180615  694.76214753
  694.63451207  694.54514526  694.50181357  694.4353621   694.3462634
  694.24978661  694.11035957  693.9588479   693.80747902  693.6763943
  693.54094128  693.42072848  693.28511812  693.17110978  693.0932088
  693.04884265  693.02198107  692.98485006  692.9452127   692.90886379
  692.84846393  692.7766899   692.726426    692.67144914  692.59854858
  692.51783002  692.45094138  692.40922924  692.34582186  692.28485883
  692.22361308  692.13984296  692.05360415  692.01370784  692.02709988
  692.04277852  692.02429938  692.03294905  692.05639878  692.07435319
  692.08998501  692.11049696  692.16469285  692.21867445  692.29465782
  692.37115457  692.44954531  692.55050701  692.6271752   692.70625252
  692.77916053  692.86375224  692.96103942  693.05827884  693.16264578
  693.25003064  693.31510337  693.38469299  693.4460402   693.54254608
  693.65404758  693.74382618  693.8701623   694.01623321  694.15843508
  694.26603987  694.36311195  694.50290804  694.6220629   694.74567374
  694.89223789  695.06474542  695.21906533  695.39767466  695.58443857
  695.80479328  696.00155895  696.1694267   696.32737859  696.51384576
  696.68052264  696.777907    696.84448155  696.87804122  696.93182901
  696.9989581   697.08504377  697.17809114  697.26677865  697.35911089
  697.45291291  697.53351867  697.63821675  697.73353812  697.85529894
  697.98953233  698.11290288  698.29882969  698.4792973   698.6851971
  698.83128687  698.97776491  699.14188341  699.36072864  699.58390855
  699.81263838  700.05879983  700.29073603  700.52338815  700.7548762
  700.9845548   701.21411995  701.46299858  701.6693046   701.89592627
  702.0971151   702.2922389   702.49131327  702.68269605  702.88685853
  703.10520103  703.32179696  703.53628309  703.75587155  703.98284752
  704.23900681  704.48553946  704.72156379  705.01301484  705.29373736
  705.58517539  705.83261635  706.1008884   706.41680091  706.76965478
  707.03095789  707.27519086  707.52979928  707.807755    708.09279296
  708.35580411  708.66834029  708.95904471  709.25584771  709.6097777
  709.94528526  710.32134081  710.66915237  711.0375978   711.41851172
  711.83985407  712.2700975   712.70982646  713.12252236  713.5196724
  713.96847776  714.42008169  714.84384737  715.28230489  715.71816459
  716.19447672  716.68376215  717.17843908  717.67773011  718.20014443
  718.74315423  719.288084    719.83778453  720.39567713  720.97680357
  721.5876231   722.24149604  722.90046522  723.55650122  724.21234925
  724.88867763  725.53200728  726.19542057  726.88277682  727.57033879
  728.32348149  729.09332081  729.86234382  730.6320458   731.36722241
  732.08632687  732.82082437  733.59276732  734.39457669  735.20004216
  736.00462915  736.77254997  737.56900642  738.4143662   739.23926291
  740.04317178  740.85552509  741.6656471   742.48944051  743.34719411
  744.21365061  745.10941317  745.98913802  746.91485817  747.8467967
  748.8233554   749.76988596  750.72645148  751.6494104   752.5873961
  753.56595915  754.52635099  755.46995262  756.43559473  757.44272601
  758.43049057  759.3751029   760.33126893  761.30588518  762.27211112
  763.29085398  764.28745241  765.32075305  766.37123952  767.45699122
  768.62444034  769.77538184  770.95835378  772.14453193  773.30244568
  774.4765827   775.63011356  776.79515062  777.94323027  779.07216921
  780.24151447  781.4377429   782.6471342   783.84650956  785.00890829
  786.1898924   787.38728945  788.60541201  789.84833678  791.17933055
  792.51461519  793.86302546  795.20035159  796.55027756  797.90466364
  799.27290705  800.62291184  801.94009268  803.23785391  804.51701316
  805.80253586  807.0981713   808.45322946  809.82147718  811.17190051
  812.50257966  813.85399323  815.17066488  816.50261004  817.88565734
  819.25235101  820.61873029  821.9852629   823.33164461  824.65181226
  825.99616965  827.31295728  828.67316799  830.01838698  831.38876778
  832.79613643  834.22724827  835.67025443  837.08422424  838.46778361
  839.83352662  841.22450545  842.62100982  843.98709398  845.34286818
  846.72776534  848.17369619  849.58484756  850.98257669  852.38498135
  853.74784481  855.12153123  856.49914726  857.84352907  859.16297355
  860.42924447  861.69821944  862.97238143  864.27603753  865.6021015
  866.95901923  868.35035055  869.70233078  871.06116423  872.39293199
  873.72701962  875.15942767  876.56013508  877.87231504  879.1651204
  880.47374261  881.85273784  883.22912664  884.59798227  885.91555387
  887.18966572  888.42020754  889.66632596  890.90756563  892.18038612
  893.48502396  894.76628092  896.05305025  897.34425859  898.6344463
  899.92894304  901.2301642   902.5284698   903.85956032  905.11804053
  906.32915877  907.62023183  908.99833166  910.37261604  911.75946907
  913.12984363  914.54237199  915.9038791   917.28417735  918.67939382
  920.06740312  921.47874239  922.93503421  924.38502639  925.84164388
  927.35464794  928.90223259  930.4110676   931.91725379  933.42127986
  934.94368277  936.473004    938.0274826   939.55361071  941.05920273
  942.60905268  944.13739077  945.67588391  947.17296296  948.68244052
  950.22675647  951.77139919  953.31558124  954.86767688  956.41541649
  957.97245859  959.55365147  961.15644349  962.79632582  964.4120395
  965.96315689  967.48301177  969.06619563  970.6550812   972.27535452
  973.89858667  975.52391036  977.15067029  978.82328347  980.48716532
  982.13392326  983.75877032  985.32468483  986.90361243  988.47070181
  989.98031626  991.49959564  993.01984691  994.54045715  996.12141969
  997.66846407  999.22999993 1000.75678341 1002.28376218 1003.80899117
 1005.3326996  1006.90985394 1008.47331844 1010.01700301 1011.56777945
 1013.12199282 1014.65295038 1016.13246896 1017.56474421 1019.03936492
 1020.46757306 1021.89315295 1023.293522   1024.65823625 1026.03028427
 1027.41479072 1028.83455816 1030.2694864  1031.68618163 1033.13128259
 1034.54113801 1035.88905259 1037.23564928 1038.57640333 1039.96186364
 1041.38357593 1042.83545813 1044.23315058 1045.66222867 1047.09998702
 1048.4852874  1049.90306644 1051.35266491 1052.78350905 1054.1179984
 1055.30020908 1056.45293173 1057.56449533 1058.678593   1059.82842323
 1060.9864685  1062.14241612 1063.26607014 1064.23899372 1065.13876851
 1066.0463097  1066.94911536 1067.78402758 1068.59955837 1069.42674906
 1070.21737103 1070.97178971 1071.70941624 1072.42416819 1073.15062756
 1073.91538884 1074.61211497 1075.31358706 1075.99222203 1076.64397657
 1077.25584476 1077.81324009 1078.35006679 1078.867268   1079.36147869
 1079.80766412 1080.26674134 1080.68156511 1081.09626239 1081.53335865
 1081.89783705 1082.30552986 1082.67963382 1083.0555947  1083.42309874
 1083.79854509 1084.16305384 1084.5441042  1084.99929528 1085.48340093
 1086.05070329 1086.61067253 1087.11887689 1087.64008128 1088.14211619
 1088.68529844 1089.30429635 1089.89425144 1090.44802019 1090.97755112
 1091.46090101 1091.97509599 1092.49246811 1093.03493018 1093.56944889
 1094.10851577 1094.61445873 1095.13795088 1095.70632344 1096.31412704
 1096.90776399 1097.57912638 1098.20602298 1098.79151431 1099.37640506
 1100.00957539 1100.65388966 1101.21812538 1101.83174413 1102.4296715
 1103.12323006 1103.83734347 1104.50487361 1105.20524685 1105.98447849
 1106.76574678 1107.57212642 1108.39126094 1109.20538136 1110.00807987
 1110.83650876 1111.70592589 1112.58760574 1113.46333306 1114.34391413
 1115.26850426 1116.21425699 1117.17106884 1118.13348908 1119.07329091
 1120.02047291 1120.98939701 1121.95539588 1122.93104038 1123.90547704
 1124.90719536 1125.86809867 1126.89581658 1127.94990835 1129.03891033
 1130.21615499 1131.47768839 1132.76441804 1134.0855451  1135.35534797
 1136.62447616 1137.88826008 1139.11228484 1140.32526034 1141.50841808
 1142.75893551 1144.09313122 1145.45148087 1146.82120797 1148.16582096
 1149.53454082 1150.95185879 1152.31907019 1153.67098949 1155.04251652
 1156.40365052 1157.76998918 1159.21571813 1160.66959739 1162.13114802
 1163.56163724 1164.96611656 1166.44896986 1168.0371934  1169.60998131
 1171.18529766 1172.78401919 1174.42167859 1176.02268648 1177.62985661
 1179.22060672 1180.8046209  1182.35442269 1183.94710227 1185.65762342
 1187.34548965 1189.02834036 1190.66996304 1192.34688608 1194.01029852
 1195.61763665 1197.25798665 1198.95309472 1200.66207443 1202.34624934
 1203.956319   1205.52538465 1207.13519151 1208.79500514 1210.42525129
 1212.02830234 1213.65452501 1215.26193029 1216.84722593 1218.38798866
 1219.94027187 1221.49451068 1223.09053337 1224.70287754 1226.29486854
 1227.85005962 1229.36958225 1230.92205704 1232.53048985 1234.08973929
 1235.66776753 1237.25684982 1238.7994969  1240.35422015 1241.89016709
 1243.44313401 1244.97573246 1246.49373027 1248.03706222 1249.57193841
 1251.17135519 1252.75116785 1254.24748202 1255.70138693 1257.12163594
 1258.54695294 1259.96662377 1261.36600912 1262.70068442 1263.92676383
 1265.17184129 1266.40782725 1267.70647106 1268.94547739 1270.22023595
 1271.43947282 1272.66650896 1273.91889674 1275.21079426 1276.4648448
 1277.6719503  1278.91225965 1280.15828426 1281.32563675 1282.3918081
 1283.5304338  1284.54151042 1285.44462628 1286.38162314 1287.31259265
 1288.24195447 1289.11636209 1289.96251983 1290.77585797 1291.57234415
 1292.39128231 1293.14493965 1293.9359534  1294.64531964 1295.34832278
 1296.0622805  1296.84665341 1297.49461147 1298.0117914  1298.49822667
 1298.95103388 1299.45504054 1299.9187262  1300.3682557  1300.71123487
 1300.99640495 1301.24027626 1301.36676684 1301.41508513 1301.44567099
 1301.45962411 1301.49200142 1301.40956382 1301.28164639 1301.11917002
 1300.92108386 1300.63367599 1300.29892916 1299.89785196]","[  6.65400082   6.4148232    6.21049898   5.98992386   5.7706487
   5.5355259    5.30987711   5.09236337   4.88235072   4.69098973
   4.5246636    4.38783556   4.22965276   4.08157752   3.95450405
   3.84285752   3.7337413    3.66143846   3.59226289   3.51719429
   3.43740462   3.35625424   3.28446824   3.2372488    3.20731357
   3.18018834   3.14813686   3.12494566   3.09766292   3.06682555
   3.05300616   3.06888292   3.08220888   3.09240114   3.10676016
   3.12822322   3.15124848   3.1771289    3.20214527   3.2395242
   3.24815159   3.24611347   3.22105378   3.2253907    3.2551008
   3.28798355   3.3266663    3.36241086   3.38593636   3.39176714
   3.38494033   3.39617336   3.40133719   3.35830136   3.34806228
   3.35162098   3.36299601   3.36958791   3.37843714   3.38722888
   3.3914129    3.38257321   3.3748486    3.38602795   3.38645214
   3.39476157   3.43462296   3.46301507   3.45990066   3.47979261
   3.49215715   3.48593993   3.4702525    3.46282606   3.43106169
   3.38830593   3.36895469   3.36765504   3.3739623    3.36062508
   3.31944828   3.27593794   3.24252295   3.19727722   3.15972439
   3.13372928   3.10459605   3.08694305   3.1031051    3.10479186
   3.09828447   3.09795302   3.10162714   3.14860125   3.17811466
   3.16777266   3.16078595   3.15239743   3.15247441   3.14146014
   3.14461011   3.14816307   3.1411389    3.12253487   3.12522519
   3.1444053    3.16307318   3.20371104   3.25606834   3.3179239
   3.36343753   3.40423475   3.42444092   3.46102094   3.4855359
   3.49336319   3.49516212   3.4978128    3.50406765   3.50994015
   3.52601107   3.54612133   3.57818399   3.60888141   3.61406406
   3.64009147   3.64348466   3.64554297   3.64414879   3.61604907
   3.60843174   3.60388502   3.61099161   3.63720324   3.66610682
   3.65479358   3.64155309   3.59870598   3.55558728   3.53297361
   3.54196819   3.53766769   3.55104491   3.5626951    3.59018443
   3.6124934    3.68010901   3.7097148    3.74628183   3.73725776
   3.74962245   3.75445537   3.74539901   3.78153541   3.79363721
   3.76671573   3.76217042   3.73371697   3.73811778   3.74264974
   3.77718572   3.85465628   3.92048092   3.96506231   4.00499942
   4.04565721   4.11391006   4.14198781   4.11456418   4.11225776
   4.12935421   4.11358694   4.09634015   4.06395134   4.0120201
   3.95032962   3.88766384   3.85562984   3.82101546   3.780668
   3.75228284   3.74231169   3.739344     3.7494459    3.77396612
   3.79661578   3.75753104   3.71183125   3.67988609   3.68185321
   3.69264488   3.71228483   3.75261157   3.81244151   3.88555168
   3.95872159   4.02831682   4.10253326   4.19551071   4.27868029
   4.33833315   4.39597914   4.4678955    4.53540541   4.5618992
   4.53252767   4.51812845   4.49313323   4.4811138    4.47512512
   4.45756446   4.42435345   4.40870946   4.39523851   4.36999941
   4.34643306   4.33535766   4.32183868   4.30016325   4.31473931
   4.33802798   4.37554037   4.39090954   4.3869898    4.40570057
   4.45542229   4.49801577   4.53914274   4.58803356   4.66100036
   4.71541043   4.77127463   4.82113643   4.85646412   4.86012501
   4.85241005   4.82691858   4.7994383    4.7766379    4.75155715
   4.74938157   4.74221078   4.74594546   4.78359632   4.83275064
   4.80337519   4.75866813   4.70769969   4.65765729   4.61084717
   4.65151952   4.6540659    4.57543298   4.52822074   4.48456469
   4.42675263   4.37842236   4.32988499   4.29663465   4.28965724
   4.30240586   4.33348687   4.37194595   4.41353109   4.49514483
   4.54767839   4.60890522   4.68486489   4.72573368   4.7109652
   4.67845539   4.67162697   4.67361007   4.68579845   4.68634059
   4.71664013   4.76732449   4.82374795   4.90210408   4.99178824
   5.08284917   5.15718679   5.22078848   5.3016092    5.3608415
   5.41882605   5.45895556   5.49708646   5.5215559    5.56332205
   5.60371663   5.63472107   5.65481081   5.65015941   5.63766418
   5.6477494    5.64358432   5.60772105   5.57626958   5.53938251
   5.51683878   5.49334261   5.47350771   5.51482403   5.55145722
   5.62472921   5.73826793   5.91409003   6.10995953   6.30310065
   6.47989325   6.63799941   6.67127894   6.69961934   6.71606165
   6.76272326   6.83991702   6.90633645   6.96260508   7.03269407
   7.0713967    7.09170541   7.09632097   7.04690746   6.94787509
   6.8701905    6.86847638   6.90848211   6.95699027   6.96693439
   6.96847013   6.9732574    7.00776287   7.0572377    7.10327884
   7.15963913   7.20297925   7.2356875    7.23997203   7.26155338
   7.29451945   7.31994405   7.35939373   7.41067529   7.4559255
   7.50623203   7.57486695   7.61207742   7.64837214   7.70158437
   7.72433809   7.72155854   7.68187513   7.61560413   7.54052309
   7.5010312    7.47250805   7.44560899   7.39430601   7.31575951
   7.24418349   7.1752576    7.11297175   7.05410848   6.99532192
   6.941875     6.84496249   6.77494791   6.73315402   6.725228
   6.76401879   6.78975249   6.81136117   6.85590213   6.88406679
   6.89285291   6.95106866   7.06293947   7.18426544   7.33562912
   7.46654632   7.64693993   7.77383977   7.78098975   7.72110096
   7.69340328   7.65508352   7.68737202   7.73977147   7.77152712
   7.80268436   7.69810263   7.60225341   7.4695541    7.39102135
   7.27524795   7.14413372   7.02986674   6.90762074   6.76830509
   6.70016196   6.64133011   6.57757102   6.48043114   6.34917794
   6.1744772    6.0718056    5.97643041   5.91107338   5.89616238
   6.03089951   6.21170119   6.30723703   6.43692963   6.59918229
   6.71922266   6.86983149   7.02858809   7.18014409   7.31487954
   7.43305803   7.57103592   7.73479047   7.88862754   8.05394472
   8.13430387   8.12700706   8.16115988   8.21578687   8.25074303
   8.27317959   8.3189717    8.39135325   8.45337351   8.46548696
   8.46622965   8.50564655   8.50808339   8.54090163   8.60075896
   8.67719543   8.75992103   8.80870846   8.87954773   8.99164615
   9.11661791   9.22030179   9.29902511   9.36618876   9.4560126
   9.52934579   9.57620774   9.63668578   9.71637301   9.82414845
   9.93931122  10.03202668  10.14964219  10.31946313  10.47780834
  10.62314714  10.77008678  10.91233233  11.03203669  11.15392495
  11.2752869   11.39669132  11.4762192   11.48484569  11.47666764
  11.54221865  11.59820386  11.62244534  11.65240094  11.68578203
  11.77714266  11.86427785  11.91307885  11.95623944  11.97398222
  12.01555595  12.01576401  11.92888247  11.86523818  11.81510445
  11.75954724  11.68084081  11.63702794  11.60814596  11.55374944
  11.51663732  11.49808932  11.53856757  11.58833628  11.56058499
  11.53364456  11.54967175  11.60992089  11.70092157  11.72237654
  11.77291646  11.84042926  11.86656732  11.85467174  11.85702185
  11.86876806  11.89101757  11.92845488  11.98507324  12.00725902
  12.00444862  12.04968656  12.11728262  12.16011422  12.23127755
  12.31197485  12.39212821  12.47102982  12.55476548  12.63261582
  12.68473872  12.71292246  12.72284016  12.6851635   12.64291005
  12.62787487  12.64251569  12.6521466   12.69466575  12.77545659
  12.87284883  12.9859784   13.08119559  13.16885143  13.27799596
  13.41531328  13.55785449  13.68560672  13.88398867  14.06443843
  14.23107134  14.41003361  14.61546213  14.76643355  14.85380049
  14.9839848   15.15985186  15.32340637  15.47227732  15.64959033
  15.78653323  15.937738    16.00547308  15.99100844  15.96598477
  15.98156857  15.96470626  15.94472101  15.96682362  16.00221709
  16.04427551  16.06019805  16.10609794  16.17938172  16.27189852
  16.34923865  16.42795091  16.48392176  16.50118089  16.53442864
  16.57395128  16.65773513  16.74822508  16.81239431  16.85977281
  16.84222228  16.79834438  16.77377243  16.7681502   16.77954201
  16.8272378   16.88236448  16.90915051  16.97525879  17.03852962
  17.14682501  17.26761659  17.38732559  17.51865674  17.66625104
  17.77553206  17.82315121  17.82143242  17.83931449  17.85072557
  17.87620128  17.93033358  18.00890936  18.10671814  18.16570833
  18.23540208  18.28745094  18.32931708  18.33287532  18.37303552
  18.40887152  18.41981744  18.40396696  18.39867988  18.37914773
  18.39488471  18.42001669  18.48573476  18.53325868  18.61493848
  18.6857866   18.70810053  18.72558226  18.77467142  18.85701637
  18.94391086  19.04931715  19.17414948  19.24706322  19.34210512
  19.39714195  19.40410474  19.4334667   19.45468836  19.49823872
  19.52273828  19.51610072  19.54291933  19.55579692  19.58397296
  19.63976704  19.70508388  19.7855893   19.90971377  20.00734979
  20.10040015  20.17830025  20.28737418  20.42297257  20.52451752
  20.56466254  20.58734708  20.59710426  20.60497959  20.60459172
  20.61790968  20.65189199  20.66947591  20.67812505  20.70081611
  20.72702761  20.76823102  20.82389693  20.89871081  20.97510361
  21.04694845  21.10878843  21.17699054  21.230839    21.29100534
  21.36838438  21.40786123  21.41526174  21.4508844   21.50645048
  21.57542567  21.61488773  21.66769706  21.76140858  21.87021317
  21.99689169  22.11219012  22.20686431  22.30484713  22.4208
  22.55547327  22.73026156  22.90567738  23.05593334  23.20366794
  23.38195156  23.60093369  23.78737151  23.97864264  24.18428388
  24.38912063  24.60210627  24.76573988  24.86801505  24.98152149
  25.11230289  25.25093205  25.40641178  25.58279676  25.71799146
  25.8652543   26.00026948  26.11452     26.25194664  26.36699856
  26.4538218   26.52324524  26.60177918  26.69059388  26.75144088
  26.81414491  26.8768736   26.9247736   26.99677435  27.07740308
  27.17803642  27.3036577   27.4414393   27.56638952  27.67253177
  27.71975925  27.77102493  27.80289026  27.78977981  27.79843272
  27.78828796  27.77333446  27.7781056   27.78371842  27.79227301
  27.77772636  27.79477661  27.85373527  27.91749547  27.97837978
  28.08808713  28.1989112   28.33237623  28.48272841  28.64542339
  28.8034181   28.97055659  29.12132594  29.27455158  29.4211035
  29.54460403  29.66364743  29.79551378  29.91874955  29.99218554
  30.0577117   30.12411273  30.18595164  30.25279513  30.31988317
  30.38366122  30.45819192  30.51824004  30.57471055  30.61051237
  30.67019576  30.72172343  30.79553317  30.86001528  30.89566515
  30.97419517  31.06099828  31.1869623   31.32802516  31.45321193
  31.58580606  31.70857281  31.79467078  31.88995938  32.0093258
  32.14278156  32.34991634  32.56827833  32.76597963  32.95736282
  33.17256813  33.37781363  33.62659289  33.89477364  34.21361248
  34.57241085  34.95332091  35.32297891  35.68423184  36.00617352
  36.31050613  36.6592932   37.00163359  37.33392368  37.65103478
  37.99965481  38.38009922  38.73526937  39.04908657  39.33143109
  39.5855457   39.87086826  40.16553068  40.44538512  40.70956169
  40.97851795  41.19705515  41.49039598  41.85712479  42.24688172
  42.67310429  43.11408508  43.50875018  43.86373508  44.16313355
  44.44220925  44.73150585  44.98987369  45.18017428  45.35942434
  45.56878416  45.77398491  46.03217129  46.29938068  46.53479455
  46.79248759  47.0407677   47.29130396  47.5580963   47.86640392
  48.15934417  48.40372804  48.66409039  48.92501481  49.18085344
  49.42782763  49.63093989  49.82455625  50.03482843  50.25536978
  50.46836539  50.66516087  50.86072987  51.03229571  51.25779378
  51.48628228  51.71947556  51.98632313  52.23166066  52.51485872
  52.82133928  53.13502914  53.48691275  53.81475426  54.09282152
  54.37594567  54.68357186  54.98641121  55.25490965  55.50033336
  55.74623792  55.96902597  56.20754665  56.44110064  56.62038375
  56.83362977  57.10658248  57.36183545  57.62107201  57.88682783
  58.14641969  58.44912024  58.74792181  59.03858376  59.32567036
  59.60764365  59.88666207  60.18744561  60.50706819  60.85048433
  61.1758759   61.45412954  61.70913029  61.88518324  62.02976312
  62.16443235  62.31039832  62.42573013  62.49830233  62.57069585
  62.62301736  62.63566389  62.56752792  62.51106269  62.50174028
  62.54276437  62.6349983   62.6961058   62.73076897  62.78711077
  62.84576598  62.86723662  62.88467113  62.94563006  63.03642289
  63.15099592  63.29629301  63.47679372  63.64045829  63.78331782
  63.91765979  64.00395631  64.14162015  64.28864176  64.46246709
  64.57828966  64.65314411  64.70300083  64.77401585  64.93470864
  65.14159763  65.38151476  65.66252131  65.94839268  66.27361666
  66.52406593  66.77096666  67.00461663  67.26800425  67.62097326
  68.02191038  68.4231649   68.82254901  69.25308024  69.66694767
  70.07381301  70.51627225  70.97781732  71.44763395  71.84220654
  72.05269426  72.24529222  72.41463957  72.56792581  72.72137971
  72.93223599  73.16832174  73.36553747  73.46501843  73.55081768
  73.65312454  73.77760145  73.89527882  74.02514495  74.15423994
  74.22693284  74.31406212  74.4803219   74.61354934  74.70446278
  74.84735088  74.99944402  75.18482697  75.38410478  75.60766757
  75.78748936  75.91306163  76.01171341  76.15834194  76.31134091
  76.42080357  76.55342122  76.69293749  76.75423257  76.78875856
  76.86399052  76.96827057  77.10984193  77.24662164  77.39650175
  77.53117671  77.73252276  78.01075886  78.28819672  78.54285731
  78.80971521  79.10568524  79.36531759  79.72950095  80.12360183
  80.49205874  80.88960912  81.36922078  81.87636226  82.38706888
  82.86857077  83.38797843  83.89792557  84.42493644  84.92756361
  85.3191224   85.63530889  85.91660579  86.18948374  86.45112681
  86.68226325  86.92097375  87.10641231  87.28709676  87.51559759
  87.78026123  88.09138713  88.39006585  88.66447714  88.88420104
  89.17180479  89.52431463  89.84067611  90.15944744  90.52320879
  90.80855564  91.13647863  91.49872882  91.80338846  92.09004975
  92.3719389   92.60193108  92.81215462  93.03402842  93.26372274
  93.47964155  93.6719532   93.88069244  94.14147572  94.41529163
  94.71076291  95.02177562  95.36762824  95.6840545   96.01230552
  96.39731228  96.83021504  97.29107722  97.77371075  98.28563314
  98.78357211  99.28615915  99.78481768 100.34136028 100.91006046
 101.49057248 102.11349469 102.74620139 103.34176241 103.91204314
 104.54376453 105.27953152 106.02399634 106.7807638  107.44973369
 108.08321156 108.74020978 109.3936813  110.02699915 110.68180684
 111.33294815 112.00600945 112.72990569 113.4441041  114.1202777
 114.77514793 115.41625672 116.08808113 116.8287348  117.53285012
 118.18022344 118.88790232 119.59045548 120.23591027 120.85574486
 121.41765464 121.96392203 122.42863463 122.8723552  123.37114288
 123.87820438 124.37819788 124.78551828 125.162077   125.54765446
 125.88957972 126.25758891 126.65368592 127.11470039 127.6093945
 128.08649793 128.46734284 128.82823742 129.1829113  129.48135312
 129.82568997 130.15193199 130.44272418 130.67114842 130.91602894
 131.12104496 131.33543786 131.61922881 131.97060747 132.28555085
 132.55593343 132.80178314 133.03608545 133.29876515 133.51694425
 133.71163644 133.97529163 134.26048475 134.53706304 134.78281009
 135.01662784 135.29294886 135.54453471 135.73870693 135.85565741
 136.00200153 136.14646303 136.39657192 136.64269794 136.82774816
 137.03641408 137.25945344 137.47088385 137.6308589  137.75308502
 137.89703695 138.11117501 138.28908703 138.45068097 138.64021574
 138.7876296  138.94929712 139.03091661 139.12961181 139.29953722
 139.55218344 139.75838581 139.99740863 140.31200456 140.62304006
 140.86662447 141.05082326 141.16258464 141.26286142 141.37530172
 141.48930453 141.58962347 141.62271283 141.71239959 141.82544868
 142.01128855 142.14377385 142.23920182 142.32072884 142.3407439
 142.32420923 142.38195143 142.46673226 142.60238684 142.73524305
 142.84775109 143.05229506 143.24707675 143.46926509 143.60333748
 143.71030851 143.84549936 143.97332112 144.1274856  144.26734765
 144.40512292 144.59323322 144.766436   145.00934551 145.36116865
 145.6672247  145.88428936 146.08447715 146.17354376]","[  7.15353999   7.0710233    7.38800894   7.43112284   7.18179778
   7.45774182   7.21820279   7.85075323   8.17811404   8.67727779
   8.25552046   8.90356561   8.59433058   9.65566369   9.56271731
  10.05516932  11.27838043  11.30983388  11.02137229  11.40865233
  11.51591453  12.60713647  12.45146397  12.69355084  12.55140775
  12.81026257  15.61011926  16.13997752  15.48895286  16.26634907
  17.71666161  18.14021653  17.68845422  19.6360408   22.10667457
  21.82449429  23.17613113  24.92096262  26.97411069  26.93722937
  26.14798932  32.47837308  35.36954391  34.79911888  38.00278895
  44.19034562  46.15107484  54.87982456  55.16193011  84.91470835
  59.15041838  66.61818108  57.38760972  62.27918844  82.84121832
 121.18649753 121.21652129  96.06551444]"
n:final corrfield z2:180.0 z1:1188.0 data:neg,"[453.39775778 475.04905579 516.15612098 594.37812098 667.51000275
 538.70214839 665.1821627  463.22210408 643.02161345 627.17693476
 569.16743371 541.46358815 528.46355934 562.37822089 542.40395556
 556.65158455 501.41575803 568.25517769 585.66630616 552.13761397
 505.2088219  512.40460874 561.12717527 565.19906553 557.22659614
 516.86696063 498.24392169 502.37654153 522.389693   509.53407858
 538.93736567 496.81726455 492.5349826  521.48508804 470.39280605
 477.1644076  451.96809671 464.92952457 452.51001109 423.2014024
 451.32774501 386.4741105  424.10572983 385.29987826 379.9739847
 391.8352668  396.31611048 358.688503   359.96274194 359.84368719
 367.50706695 320.97265932 362.53816693 334.78207171 336.68575691]","[ 2.37405229e-02  2.30471041e-02  2.23360664e-02  2.16329740e-02
  2.09620375e-02  2.02723378e-02  1.95628860e-02  1.88572523e-02
  1.81621178e-02  1.74556388e-02  1.67433070e-02  1.60271387e-02
  1.53049472e-02  1.45729727e-02  1.38477613e-02  1.30983350e-02
  1.23534353e-02  1.15694001e-02  1.08099021e-02  1.00713820e-02
  9.30909755e-03  8.53768644e-03  7.75423330e-03  6.96563403e-03
  6.17976392e-03  5.39770713e-03  4.62428525e-03  3.84216879e-03
  3.07138044e-03  2.29449681e-03  1.54245865e-03  8.15537070e-04
  9.36171387e-05 -6.02321614e-04 -1.29356771e-03 -1.97830289e-03
 -2.65641005e-03 -3.33919502e-03 -4.03901526e-03 -4.73434971e-03
 -5.39953726e-03 -6.00646009e-03 -6.62033087e-03 -7.21329225e-03
 -7.76785600e-03 -8.31562772e-03 -8.85261580e-03 -9.35746949e-03
 -9.87424309e-03 -1.03669796e-02 -1.09089102e-02 -1.14787959e-02
 -1.20308654e-02 -1.25671126e-02 -1.30897084e-02 -1.36058202e-02
 -1.41318417e-02 -1.46596880e-02 -1.51783414e-02 -1.56642569e-02
 -1.61205074e-02 -1.65790650e-02 -1.70333487e-02 -1.74876482e-02
 -1.78976662e-02 -1.82826492e-02 -1.86797982e-02 -1.90769021e-02
 -1.94210487e-02 -1.97400283e-02 -2.00399578e-02 -2.03376205e-02
 -2.06307047e-02 -2.09055614e-02 -2.11319612e-02 -2.13348187e-02
 -2.15423461e-02 -2.17644565e-02 -2.19892237e-02 -2.22055917e-02
 -2.23943373e-02 -2.25763097e-02 -2.27516744e-02 -2.28950062e-02
 -2.30388806e-02 -2.31855426e-02 -2.33174993e-02 -2.34568830e-02
 -2.35696381e-02 -2.36661132e-02 -2.37692749e-02 -2.38605431e-02
 -2.39743317e-02 -2.40739865e-02 -2.41670489e-02 -2.42660260e-02
 -2.43591516e-02 -2.44299360e-02 -2.44768456e-02 -2.45337436e-02
 -2.45796304e-02 -2.46195013e-02 -2.46456082e-02 -2.46566298e-02
 -2.46546775e-02 -2.46672969e-02 -2.46386436e-02 -2.45926094e-02
 -2.45329340e-02 -2.44552477e-02 -2.43392034e-02 -2.42105888e-02
 -2.40431183e-02 -2.38457053e-02 -2.36291967e-02 -2.34137097e-02
 -2.31828323e-02 -2.29160710e-02 -2.26362527e-02 -2.23447404e-02
 -2.20291869e-02 -2.17231674e-02 -2.14126625e-02 -2.10668478e-02
 -2.06845503e-02 -2.02668790e-02 -1.98151983e-02 -1.93478798e-02
 -1.88525371e-02 -1.83315252e-02 -1.78257869e-02 -1.72765549e-02
 -1.66968475e-02 -1.60781736e-02 -1.54646127e-02 -1.48565193e-02
 -1.42534071e-02 -1.36237638e-02 -1.29747836e-02 -1.23392745e-02
 -1.16956885e-02 -1.10732548e-02 -1.04441409e-02 -9.78557808e-03
 -9.11186980e-03 -8.42060871e-03 -7.71593121e-03 -7.01545363e-03
 -6.29875109e-03 -5.58522925e-03 -4.84485997e-03 -4.10029486e-03
 -3.33946012e-03 -2.56210623e-03 -1.78872156e-03 -1.03403993e-03
 -2.70158116e-04  4.98145398e-04  1.27260336e-03  2.04126335e-03
  2.80284571e-03  3.56096953e-03  4.30005386e-03  5.00815692e-03
  5.68754018e-03  6.38395840e-03  7.08281969e-03  7.76242461e-03
  8.44483081e-03  9.13244967e-03  9.81541629e-03  1.04824575e-02
  1.11356996e-02  1.18077714e-02  1.24402564e-02  1.30877624e-02
  1.37170494e-02  1.43357020e-02  1.49142064e-02  1.54893979e-02
  1.60605119e-02  1.66228103e-02  1.71739508e-02  1.77285179e-02
  1.82627199e-02  1.87594553e-02  1.92806238e-02  1.97767701e-02
  2.02774949e-02  2.07579502e-02  2.12432134e-02  2.17065317e-02
  2.21180042e-02  2.25274347e-02  2.29380671e-02  2.33078738e-02
  2.36625521e-02  2.39915217e-02  2.42945038e-02  2.45580532e-02
  2.47747863e-02  2.49854496e-02  2.51739266e-02  2.53298161e-02
  2.54840701e-02  2.56290749e-02  2.57297063e-02  2.58027626e-02
  2.58812492e-02  2.59475248e-02  2.59775681e-02  2.59797929e-02
  2.59476245e-02  2.58887808e-02  2.58275081e-02  2.57428502e-02
  2.56363369e-02  2.55183486e-02  2.53410957e-02  2.51316882e-02
  2.48883385e-02  2.46135128e-02  2.43116300e-02  2.39842568e-02
  2.36350976e-02  2.32562084e-02  2.28655590e-02  2.24594255e-02
  2.20423858e-02  2.15968380e-02  2.11381642e-02  2.06689003e-02
  2.02174575e-02  1.97495224e-02  1.92600896e-02  1.87460513e-02
  1.82257106e-02  1.77219501e-02  1.72003203e-02  1.66660915e-02
  1.61236038e-02  1.55626628e-02  1.49885221e-02  1.44072887e-02
  1.38190378e-02  1.32434599e-02  1.26393652e-02  1.20061922e-02
  1.13455250e-02  1.07056350e-02  1.00301492e-02  9.35596987e-03
  8.70227354e-03  8.00033838e-03  7.30172132e-03  6.57728100e-03
  5.82760353e-03  5.06864519e-03  4.29700320e-03  3.51547652e-03
  2.69721725e-03  1.86456913e-03  1.03589003e-03  1.97399364e-04
 -6.46349340e-04 -1.50699732e-03 -2.38526253e-03 -3.25305363e-03
 -4.13357952e-03 -4.99360959e-03 -5.85259618e-03 -6.72004998e-03
 -7.59777706e-03 -8.45842648e-03 -9.35263871e-03 -1.02458570e-02
 -1.11197301e-02 -1.19730140e-02 -1.28081052e-02 -1.36552540e-02
 -1.44608883e-02 -1.52794012e-02 -1.61245864e-02 -1.69487000e-02
 -1.77727997e-02 -1.85841866e-02 -1.93827538e-02 -2.01851869e-02
 -2.09954016e-02 -2.17990764e-02 -2.26157129e-02 -2.34503666e-02
 -2.42954707e-02 -2.51484335e-02 -2.59956405e-02 -2.68079252e-02
 -2.76226453e-02 -2.84449295e-02 -2.92647449e-02 -3.00809725e-02
 -3.08986050e-02 -3.17142116e-02 -3.25343676e-02 -3.33545466e-02
 -3.41728054e-02 -3.49924243e-02 -3.58368798e-02 -3.66773194e-02
 -3.75386861e-02 -3.84160606e-02 -3.93344762e-02 -4.02375077e-02
 -4.11094409e-02 -4.19792433e-02 -4.28475223e-02 -4.37574532e-02
 -4.46581042e-02 -4.55558794e-02 -4.64768176e-02 -4.74041092e-02
 -4.83459600e-02 -4.93160811e-02 -5.03045130e-02 -5.12787557e-02
 -5.22542091e-02 -5.32683426e-02 -5.43067337e-02 -5.53591122e-02
 -5.64858948e-02 -5.76382455e-02 -5.87971142e-02 -5.99590242e-02
 -6.11253881e-02 -6.23153594e-02 -6.35109535e-02 -6.47382045e-02
 -6.59902679e-02 -6.72539300e-02 -6.85260325e-02 -6.98160303e-02
 -7.11209205e-02 -7.24126738e-02 -7.37195414e-02 -7.50408735e-02
 -7.63637296e-02 -7.76885432e-02 -7.89923716e-02 -8.02783800e-02
 -8.15524953e-02 -8.28147051e-02 -8.40921479e-02 -8.53832017e-02
 -8.66731145e-02 -8.79738030e-02 -8.92462334e-02 -9.05170465e-02
 -9.17756724e-02 -9.30203205e-02 -9.43121468e-02 -9.56245268e-02
 -9.69412618e-02 -9.82540201e-02 -9.95611469e-02 -1.00875638e-01
 -1.02197401e-01 -1.03518838e-01 -1.04845723e-01 -1.06180716e-01
 -1.07476402e-01 -1.08789981e-01 -1.10075788e-01 -1.11357519e-01
 -1.12630567e-01 -1.13892553e-01 -1.15136383e-01 -1.16385131e-01
 -1.17614174e-01 -1.18847608e-01 -1.20077513e-01 -1.21305016e-01
 -1.22519720e-01 -1.23736133e-01 -1.24920692e-01 -1.26078479e-01
 -1.27212001e-01 -1.28343019e-01 -1.29435778e-01 -1.30522883e-01
 -1.31578987e-01 -1.32634432e-01 -1.33683690e-01 -1.34684543e-01
 -1.35670075e-01 -1.36638945e-01 -1.37607536e-01 -1.38547522e-01
 -1.39480908e-01 -1.40405414e-01 -1.41335763e-01 -1.42243829e-01
 -1.43155764e-01 -1.44075090e-01 -1.45021841e-01 -1.45981645e-01
 -1.46908247e-01 -1.47790835e-01 -1.48673031e-01 -1.49559706e-01
 -1.50414044e-01 -1.51247526e-01 -1.52139010e-01 -1.53028673e-01
 -1.53893623e-01 -1.54761443e-01 -1.55619917e-01 -1.56463287e-01
 -1.57327019e-01 -1.58164742e-01 -1.58979770e-01 -1.59754753e-01
 -1.60507522e-01 -1.61277644e-01 -1.62033098e-01 -1.62750466e-01
 -1.63481969e-01 -1.64224855e-01 -1.64946731e-01 -1.65669986e-01
 -1.66409346e-01 -1.67145480e-01 -1.67901323e-01 -1.68662424e-01
 -1.69416339e-01 -1.70150244e-01 -1.70869382e-01 -1.71579463e-01
 -1.72291959e-01 -1.73001897e-01 -1.73712836e-01 -1.74421310e-01
 -1.75122481e-01 -1.75818426e-01 -1.76486267e-01 -1.77115553e-01
 -1.77716134e-01 -1.78329640e-01 -1.78921865e-01 -1.79550713e-01
 -1.80147869e-01 -1.80718332e-01 -1.81287390e-01 -1.81867140e-01
 -1.82457649e-01 -1.83045909e-01 -1.83604716e-01 -1.84158389e-01
 -1.84715544e-01 -1.85250986e-01 -1.85773776e-01 -1.86298940e-01
 -1.86821924e-01 -1.87366073e-01 -1.87892976e-01 -1.88404866e-01
 -1.88895537e-01 -1.89354411e-01 -1.89799418e-01 -1.90271586e-01
 -1.90767192e-01 -1.91256612e-01 -1.91717566e-01 -1.92202807e-01
 -1.92641061e-01 -1.93059418e-01 -1.93487647e-01 -1.93878157e-01
 -1.94261728e-01 -1.94651026e-01 -1.95049230e-01 -1.95452997e-01
 -1.95801300e-01 -1.96148872e-01 -1.96505474e-01 -1.96858815e-01
 -1.97182490e-01 -1.97466601e-01 -1.97733566e-01 -1.97981812e-01
 -1.98229876e-01 -1.98475680e-01 -1.98682058e-01 -1.98876547e-01
 -1.99045156e-01 -1.99198483e-01 -1.99366875e-01 -1.99539600e-01
 -1.99678390e-01 -1.99792181e-01 -1.99871742e-01 -1.99925353e-01
 -1.99939382e-01 -1.99930031e-01 -1.99901096e-01 -1.99853897e-01
 -1.99785072e-01 -1.99701692e-01 -1.99589165e-01 -1.99461398e-01
 -1.99304562e-01 -1.99138667e-01 -1.98960733e-01 -1.98730066e-01
 -1.98451356e-01 -1.98153892e-01 -1.97830916e-01 -1.97479558e-01
 -1.97120216e-01 -1.96732323e-01 -1.96327999e-01 -1.95877653e-01
 -1.95386274e-01 -1.94842177e-01 -1.94284082e-01 -1.93670524e-01
 -1.92993251e-01 -1.92288344e-01 -1.91542801e-01 -1.90778347e-01
 -1.89994998e-01 -1.89182883e-01 -1.88366415e-01 -1.87516428e-01
 -1.86647984e-01 -1.85771001e-01 -1.84879057e-01 -1.83987092e-01
 -1.83057028e-01 -1.82080119e-01 -1.81097098e-01 -1.80097536e-01
 -1.79068657e-01 -1.78013963e-01 -1.76935207e-01 -1.75839903e-01
 -1.74699195e-01 -1.73518348e-01 -1.72372303e-01 -1.71182120e-01
 -1.69964116e-01 -1.68724667e-01 -1.67474461e-01 -1.66217519e-01
 -1.64930277e-01 -1.63637646e-01 -1.62323726e-01 -1.61008010e-01
 -1.59699408e-01 -1.58368829e-01 -1.57031321e-01 -1.55687993e-01
 -1.54337729e-01 -1.52987484e-01 -1.51627235e-01 -1.50272008e-01
 -1.48919921e-01 -1.47572655e-01 -1.46236873e-01 -1.44904820e-01
 -1.43587040e-01 -1.42261406e-01 -1.40942526e-01 -1.39628564e-01
 -1.38293139e-01 -1.36950097e-01 -1.35624379e-01 -1.34326885e-01
 -1.33047680e-01 -1.31753382e-01 -1.30493657e-01 -1.29244307e-01
 -1.27991755e-01 -1.26727086e-01 -1.25481011e-01 -1.24231894e-01
 -1.22997649e-01 -1.21750092e-01 -1.20535815e-01 -1.19352589e-01
 -1.18179373e-01 -1.17013887e-01 -1.15874057e-01 -1.14796816e-01
 -1.13743135e-01 -1.12718287e-01 -1.11706986e-01 -1.10685520e-01
 -1.09668979e-01 -1.08653451e-01 -1.07649427e-01 -1.06664570e-01
 -1.05688058e-01 -1.04747561e-01 -1.03808795e-01 -1.02889010e-01
 -1.01973201e-01 -1.01074733e-01 -1.00196003e-01 -9.92937063e-02
 -9.84154350e-02 -9.75453063e-02 -9.67218114e-02 -9.59054601e-02
 -9.50914104e-02 -9.42710566e-02 -9.34623167e-02 -9.26740160e-02
 -9.18943027e-02 -9.11534113e-02 -9.04413239e-02 -8.97243696e-02
 -8.90366441e-02 -8.83784500e-02 -8.77234992e-02 -8.71227214e-02
 -8.65170367e-02 -8.59377376e-02 -8.53708499e-02 -8.48046415e-02
 -8.42537574e-02 -8.37081966e-02 -8.31603280e-02 -8.26197539e-02
 -8.20987382e-02 -8.15951477e-02 -8.11042338e-02 -8.06019573e-02
 -8.01219458e-02 -7.96656751e-02 -7.92107054e-02 -7.87572490e-02
 -7.83193820e-02 -7.79247788e-02 -7.75326924e-02 -7.71052398e-02
 -7.66551118e-02 -7.62643492e-02 -7.58682757e-02 -7.54749273e-02
 -7.50744494e-02 -7.46806611e-02 -7.43228110e-02 -7.39449192e-02
 -7.35644254e-02 -7.32145547e-02 -7.28660169e-02 -7.25367893e-02
 -7.21969567e-02 -7.18811593e-02 -7.15593232e-02 -7.12446292e-02
 -7.09087382e-02 -7.05597773e-02 -7.01972879e-02 -6.98669418e-02
 -6.95615204e-02 -6.92344310e-02 -6.89124106e-02 -6.86106171e-02
 -6.83111574e-02 -6.80245055e-02 -6.77238193e-02 -6.74245371e-02
 -6.71096300e-02 -6.67970549e-02 -6.65070030e-02 -6.62213496e-02
 -6.59441788e-02 -6.56717033e-02 -6.53872389e-02 -6.50915621e-02
 -6.47836216e-02 -6.44576863e-02 -6.41535853e-02 -6.38477293e-02
 -6.35519875e-02 -6.32507778e-02 -6.29741615e-02 -6.26940564e-02
 -6.24070627e-02 -6.21215469e-02 -6.18184747e-02 -6.15275233e-02
 -6.12426279e-02 -6.09652058e-02 -6.07244567e-02 -6.04914604e-02
 -6.02432973e-02 -5.99683084e-02 -5.96872146e-02 -5.94172203e-02
 -5.91415592e-02 -5.89062016e-02 -5.86693966e-02 -5.84235057e-02
 -5.82105158e-02 -5.80272005e-02 -5.78593421e-02 -5.76936010e-02
 -5.75218921e-02 -5.73486805e-02 -5.71919952e-02 -5.70414924e-02
 -5.69088231e-02 -5.67622300e-02 -5.66183254e-02 -5.64717655e-02
 -5.63597815e-02 -5.62515079e-02 -5.61792713e-02 -5.61156639e-02
 -5.60559074e-02 -5.60141422e-02 -5.59902627e-02 -5.59616595e-02
 -5.59250267e-02 -5.59065708e-02 -5.59350445e-02 -5.59739794e-02
 -5.60206211e-02 -5.60886627e-02 -5.61592036e-02 -5.62779272e-02
 -5.63830850e-02 -5.64956662e-02 -5.66046726e-02 -5.66781449e-02
 -5.67779320e-02 -5.68655645e-02 -5.69671450e-02 -5.71095319e-02
 -5.72682739e-02 -5.74362181e-02 -5.76275871e-02 -5.78414843e-02
 -5.80798441e-02 -5.83245569e-02 -5.85802986e-02 -5.88468772e-02
 -5.91231024e-02 -5.94301745e-02 -5.97575081e-02 -6.01056809e-02
 -6.04635634e-02 -6.08218198e-02 -6.11477962e-02 -6.14882143e-02
 -6.18352611e-02 -6.21986815e-02 -6.25746425e-02 -6.29504626e-02
 -6.33218505e-02 -6.37078461e-02 -6.41100870e-02 -6.45468072e-02
 -6.49920248e-02 -6.54525074e-02 -6.59157381e-02 -6.63518650e-02
 -6.67990791e-02 -6.72780995e-02 -6.77719708e-02 -6.82657259e-02
 -6.87719170e-02 -6.92853216e-02 -6.97983465e-02 -7.03298189e-02
 -7.08635602e-02 -7.14023049e-02 -7.19544815e-02 -7.25067934e-02
 -7.30453872e-02 -7.36142093e-02 -7.41747281e-02 -7.47649575e-02
 -7.53397961e-02 -7.58759397e-02 -7.63816705e-02 -7.68817193e-02
 -7.74042898e-02 -7.79508318e-02 -7.84995584e-02 -7.90280289e-02
 -7.95745359e-02 -8.01367807e-02 -8.07009358e-02 -8.12434097e-02
 -8.17421000e-02 -8.22463326e-02 -8.27564409e-02 -8.32672687e-02
 -8.37883277e-02 -8.42989807e-02 -8.47949585e-02 -8.53028637e-02
 -8.58295684e-02 -8.63733630e-02 -8.69111232e-02 -8.74333978e-02
 -8.79248528e-02 -8.83987737e-02 -8.88423136e-02 -8.92702325e-02
 -8.97005442e-02 -9.01142519e-02 -9.05363929e-02 -9.09472037e-02
 -9.13081764e-02 -9.16714187e-02 -9.20659677e-02 -9.24639147e-02
 -9.28346475e-02 -9.31619730e-02 -9.34901199e-02 -9.38262900e-02
 -9.41810939e-02 -9.45636016e-02 -9.49491017e-02 -9.53209055e-02
 -9.56811060e-02 -9.60109606e-02 -9.63182104e-02 -9.66105662e-02
 -9.68892214e-02 -9.71458718e-02 -9.74071714e-02 -9.76656284e-02
 -9.79114845e-02 -9.81255987e-02 -9.83145637e-02 -9.85229513e-02
 -9.87258358e-02 -9.88611079e-02 -9.89447319e-02 -9.90233989e-02
 -9.90724885e-02 -9.91080044e-02 -9.91189095e-02 -9.91259862e-02
 -9.91233854e-02 -9.90936184e-02 -9.90574000e-02 -9.90005384e-02
 -9.89049657e-02 -9.87957979e-02 -9.86586989e-02 -9.84665079e-02
 -9.82294435e-02 -9.79875600e-02 -9.77317189e-02 -9.74678274e-02
 -9.71701825e-02 -9.68691141e-02 -9.65356169e-02 -9.62105580e-02
 -9.58832868e-02 -9.55135705e-02 -9.51372156e-02 -9.47444970e-02
 -9.43768472e-02 -9.39988662e-02 -9.35897173e-02 -9.31640478e-02
 -9.27094326e-02 -9.22305454e-02 -9.17253442e-02 -9.12082669e-02
 -9.06718166e-02 -9.00971191e-02 -8.94803171e-02 -8.88504441e-02
 -8.82361286e-02 -8.76282595e-02 -8.69884205e-02 -8.63320594e-02
 -8.56352213e-02 -8.49093426e-02 -8.41835147e-02 -8.34554180e-02
 -8.26882187e-02 -8.19116737e-02 -8.11344652e-02 -8.03483874e-02
 -7.95690506e-02 -7.87618957e-02 -7.79530213e-02 -7.71819681e-02
 -7.63933539e-02 -7.55827289e-02 -7.47381971e-02 -7.38472983e-02
 -7.29583349e-02 -7.20643584e-02 -7.11805869e-02 -7.02880728e-02
 -6.93817934e-02 -6.84623065e-02 -6.75222987e-02 -6.65876201e-02
 -6.56577178e-02 -6.47048369e-02 -6.37430417e-02 -6.27854047e-02
 -6.18351250e-02 -6.09089226e-02 -5.99797339e-02 -5.90641481e-02
 -5.81449228e-02 -5.72424945e-02 -5.63574540e-02 -5.54704254e-02
 -5.45906114e-02 -5.37006988e-02 -5.28035992e-02 -5.19088873e-02
 -5.10035117e-02 -5.01192500e-02 -4.92690789e-02 -4.84313980e-02
 -4.76214381e-02 -4.67971773e-02 -4.59448535e-02 -4.50716549e-02
 -4.42143880e-02 -4.33423164e-02 -4.24523083e-02 -4.15854938e-02
 -4.07156614e-02 -3.98282489e-02 -3.89326270e-02 -3.80616245e-02
 -3.72464589e-02 -3.64410579e-02 -3.56611131e-02 -3.48854404e-02
 -3.40976883e-02 -3.33058038e-02 -3.25325106e-02 -3.17706547e-02
 -3.10626806e-02 -3.04037008e-02 -2.97465230e-02 -2.90865550e-02
 -2.84555356e-02 -2.78116086e-02 -2.71533310e-02 -2.65044003e-02
 -2.58633167e-02 -2.52222325e-02 -2.45850189e-02 -2.39460839e-02
 -2.33174413e-02 -2.27215267e-02 -2.21274344e-02 -2.15458609e-02
 -2.09723406e-02 -2.04169633e-02 -1.98802957e-02 -1.93453908e-02
 -1.88094866e-02 -1.82793515e-02 -1.77827848e-02 -1.72884389e-02
 -1.68143104e-02 -1.63454894e-02 -1.58650504e-02 -1.54239359e-02
 -1.49702779e-02 -1.45145968e-02 -1.40528064e-02 -1.35700640e-02
 -1.30801989e-02 -1.25965920e-02 -1.21091932e-02 -1.15932169e-02
 -1.10640564e-02 -1.04981719e-02 -9.93884603e-03 -9.39177979e-03
 -8.83417881e-03 -8.28016030e-03 -7.71897327e-03 -7.13282457e-03
 -6.55967148e-03 -6.00840750e-03 -5.47653105e-03 -4.95932729e-03
 -4.41878440e-03 -3.87648780e-03 -3.33128028e-03 -2.81100446e-03
 -2.29619451e-03 -1.79528863e-03 -1.27195285e-03 -7.17952708e-04
 -1.42849872e-04  4.32307570e-04  1.05065543e-03  1.64829931e-03
  2.22230961e-03  2.78172554e-03  3.35170040e-03  3.93119076e-03
  4.45978994e-03  4.99952912e-03  5.52322085e-03  6.07690795e-03
  6.63327034e-03  7.16590651e-03  7.71818939e-03  8.30278908e-03
  8.88237734e-03  9.47024452e-03  1.00580152e-02  1.06425509e-02
  1.12329824e-02  1.18196203e-02  1.24207020e-02  1.30242580e-02
  1.36444640e-02  1.42790324e-02  1.49392711e-02  1.55953508e-02
  1.62424975e-02  1.68812194e-02  1.74903212e-02  1.80798035e-02
  1.86695949e-02  1.92652643e-02  1.98574145e-02  2.04188820e-02
  2.09995678e-02  2.15654884e-02  2.21417792e-02  2.27234200e-02
  2.33134894e-02  2.39433049e-02  2.45847096e-02  2.52239395e-02
  2.58730573e-02  2.64972104e-02  2.70989487e-02  2.76784437e-02
  2.82467960e-02  2.88098596e-02  2.93739801e-02  2.99491736e-02
  3.05392754e-02  3.11284959e-02  3.16994080e-02  3.22447312e-02
  3.27817770e-02  3.33158045e-02  3.38185650e-02  3.43092622e-02
  3.48082285e-02  3.53191923e-02  3.58167229e-02  3.63369870e-02
  3.68508273e-02  3.73404270e-02  3.78089056e-02  3.82462100e-02
  3.86996255e-02  3.91930990e-02  3.96850439e-02  4.01647625e-02
  4.06523469e-02  4.11395042e-02  4.15933086e-02  4.20385257e-02
  4.24437485e-02  4.28524675e-02  4.32480098e-02  4.36300513e-02
  4.40332679e-02  4.44230201e-02  4.47921956e-02  4.51334376e-02
  4.54662491e-02  4.57948095e-02  4.61078201e-02  4.64287896e-02
  4.67725443e-02  4.71223280e-02  4.74625582e-02  4.77594389e-02
  4.80227733e-02  4.82742646e-02  4.85419775e-02  4.87913430e-02
  4.90063655e-02  4.91962593e-02  4.93515316e-02  4.95038539e-02
  4.96401704e-02  4.97666768e-02  4.98911051e-02  5.00133466e-02
  5.01417564e-02  5.02530469e-02  5.03448148e-02  5.04231061e-02
  5.04926560e-02  5.05608871e-02  5.05739757e-02  5.06022651e-02
  5.06122889e-02  5.05940588e-02  5.05691044e-02  5.05272399e-02
  5.04858995e-02  5.04491432e-02  5.03965319e-02  5.03413429e-02
  5.02578653e-02  5.01837837e-02  5.00880448e-02  4.99516556e-02
  4.97932357e-02  4.96236225e-02  4.94531264e-02  4.92695098e-02
  4.90759027e-02  4.88482854e-02  4.85527138e-02  4.82676281e-02
  4.79905355e-02  4.77346919e-02  4.74407387e-02  4.71603116e-02
  4.68691265e-02  4.65641004e-02  4.62590670e-02  4.59672143e-02
  4.56602909e-02  4.53390111e-02  4.50345167e-02  4.47414811e-02
  4.44412101e-02  4.41109721e-02  4.37918127e-02  4.34225174e-02
  4.30327353e-02  4.26472527e-02  4.22669571e-02  4.19021918e-02
  4.15151002e-02  4.10963815e-02  4.06627933e-02  4.02304780e-02
  3.98017346e-02  3.93174230e-02  3.88592628e-02  3.83864073e-02
  3.79157273e-02  3.74626559e-02  3.70214084e-02  3.65301361e-02
  3.60019910e-02  3.54629616e-02  3.49126623e-02  3.44121178e-02
  3.39050194e-02  3.33894496e-02  3.28563760e-02  3.22969840e-02
  3.17181476e-02  3.11220609e-02  3.05177826e-02  2.99117861e-02
  2.93137310e-02  2.87471976e-02  2.81488470e-02  2.75439083e-02
  2.69443540e-02  2.63296340e-02  2.56972033e-02  2.50507160e-02
  2.44002234e-02]","[0.10590202 0.10609885 0.10629087 0.10649936 0.10669222 0.1068709
 0.10702748 0.10716136 0.10731249 0.10743931 0.10753761 0.10764086
 0.10775127 0.10785129 0.10793021 0.10797695 0.10802803 0.10807763
 0.10815262 0.10825032 0.10837065 0.10847796 0.10856535 0.10864391
 0.10873506 0.10883782 0.10894397 0.10906463 0.1092138  0.10935419
 0.10948154 0.10958974 0.10965136 0.10971963 0.10978882 0.10983514
 0.10985531 0.10982121 0.10976691 0.10973946 0.10969167 0.10961479
 0.10950062 0.10939492 0.10928212 0.10915742 0.10903488 0.10890952
 0.10876451 0.10863248 0.1085163  0.10842574 0.10833676 0.10821722
 0.10809548 0.10796005 0.10781337 0.1076337  0.10745488 0.10729408
 0.1071552  0.10701907 0.10687953 0.10676186 0.10664231 0.1065227
 0.10638704 0.10623933 0.10608823 0.10592939 0.10577341 0.1056327
 0.10549956 0.10535746 0.10521412 0.10508497 0.10493512 0.10482571
 0.10472329 0.10462425 0.10453227 0.10446008 0.10443087 0.10440033
 0.10435779 0.10432914 0.1042914  0.10424677 0.1042197  0.1041899
 0.10414756 0.10410264 0.10405747 0.10400923 0.10394735 0.10386369
 0.10378408 0.10371178 0.10364576 0.10354399 0.10342999 0.1033116
 0.10316839 0.10301782 0.10286054 0.10269489 0.1025334  0.10236709
 0.10220676 0.10204246 0.10186999 0.10172156 0.10158324 0.10146198
 0.10136493 0.10127204 0.10118867 0.10112118 0.10104012 0.10095414
 0.10085833 0.10075611 0.10062867 0.10049059 0.10034448 0.1002111
 0.1000378  0.09985202 0.09964652 0.09947635 0.09933767 0.099218
 0.09911278 0.0990491  0.0990049  0.09895569 0.09890783 0.09883784
 0.09877766 0.09874365 0.09872393 0.09870081 0.09868226 0.09866048
 0.09863502 0.0986251  0.09864438 0.09865588 0.09866237 0.09866592
 0.09866232 0.09865592 0.09861601 0.0985707  0.09852692 0.09844556
 0.0983541  0.09827192 0.09821246 0.09815648 0.0980972  0.09804551
 0.09797457 0.09791058 0.09783922 0.09777163 0.09771272 0.09763334
 0.09755034 0.09749853 0.09744729 0.09736783 0.09728536 0.09720319
 0.09707936 0.09695654 0.09683757 0.0967336  0.09665298 0.09658321
 0.09651127 0.09641191 0.09630905 0.09622123 0.09614506 0.09605673
 0.09596632 0.09589757 0.09584318 0.09578069 0.09571854 0.09566749
 0.09561352 0.09555415 0.09551133 0.09544748 0.09537286 0.09532185
 0.09528634 0.09522644 0.09514868 0.09507889 0.09500236 0.09493535
 0.09487366 0.09480961 0.09472714 0.09464888 0.09457978 0.09447132
 0.0943419  0.09417995 0.09402187 0.09387476 0.09373161 0.09360423
 0.09348735 0.09339338 0.09329511 0.09321973 0.09315359 0.09312435
 0.09312657 0.09315521 0.09320639 0.09328197 0.09335268 0.09340937
 0.09345732 0.09350771 0.09355622 0.09360766 0.09366851 0.09372439
 0.09376176 0.09380573 0.09383463 0.09385115 0.09386431 0.09387179
 0.0938531  0.09385504 0.09387349 0.09387755 0.09387633 0.09386872
 0.09386048 0.09384325 0.09384254 0.09380759 0.09371876 0.09365518
 0.09360793 0.09355815 0.0934745  0.09340848 0.09331699 0.0931655
 0.09298824 0.0928173  0.09266716 0.0925149  0.0923642  0.09222583
 0.09209507 0.09197716 0.09187725 0.09180074 0.09171834 0.09165689
 0.09158158 0.09149516 0.091419   0.09136193 0.09131371 0.09125505
 0.09120682 0.09112658 0.091037   0.09094786 0.09086032 0.09077293
 0.09069606 0.09061219 0.09054403 0.09046963 0.09039814 0.09032498
 0.09022894 0.09013816 0.09006924 0.0899868  0.08991727 0.08985987
 0.08979117 0.08971367 0.08961335 0.08952518 0.08942985 0.08931401
 0.08920522 0.08909217 0.08895511 0.08880949 0.08867017 0.08849884
 0.08831272 0.0881095  0.08792783 0.08776201 0.08758945 0.08741471
 0.08727546 0.08715327 0.08704119 0.086939   0.08682214 0.08674492
 0.0866946  0.08665125 0.0866084  0.0865691  0.08655993 0.08657553
 0.08661465 0.08665987 0.08669217 0.08671751 0.08674063 0.08678621
 0.08684379 0.08689654 0.08696117 0.08700591 0.08703977 0.08707623
 0.08712062 0.0871506  0.0871651  0.08716627 0.08717109 0.08718262
 0.08719084 0.08719861 0.08719744 0.08717257 0.08718193 0.08722835
 0.08728009 0.08732329 0.08739632 0.08747875 0.08757111 0.08764193
 0.08771423 0.08781529 0.08792393 0.08803506 0.08817096 0.08831598
 0.08845735 0.08858401 0.08868902 0.08877458 0.08887159 0.0889629
 0.08909422 0.0892298  0.08934196 0.0894473  0.08953941 0.08963513
 0.08973057 0.08980548 0.08985913 0.08990879 0.08996319 0.09000376
 0.09004138 0.0900742  0.09009953 0.09012375 0.09016243 0.09021476
 0.09026083 0.09030646 0.09035915 0.09037015 0.09034807 0.09030289
 0.09027832 0.09024967 0.09023662 0.09021042 0.09015477 0.09009816
 0.09004848 0.0899948  0.08996595 0.08997065 0.08998428 0.08998714
 0.0899919  0.09002083 0.09003514 0.09004651 0.09005111 0.09004555
 0.09003774 0.08999449 0.08995409 0.08994011 0.08995553 0.09001916
 0.0900767  0.09014401 0.0902512  0.09032738 0.09039671 0.0904244
 0.09042658 0.09044406 0.09043921 0.09043313 0.09044619 0.09047117
 0.09050078 0.09053784 0.09057672 0.09062542 0.09065758 0.09066632
 0.09067916 0.09068655 0.09067984 0.09067349 0.09068591 0.09069209
 0.09067938 0.090637   0.09061923 0.09062973 0.09065351 0.09066751
 0.09067732 0.09067377 0.09067879 0.09066626 0.09066775 0.09065365
 0.09064052 0.09065293 0.09065751 0.09062847 0.09061132 0.09059487
 0.09058156 0.09058303 0.09060698 0.0906366  0.09065478 0.09068914
 0.09070359 0.09071704 0.09074965 0.09077672 0.09081012 0.09083549
 0.09082175 0.09080147 0.09078075 0.09075212 0.09067179 0.09060387
 0.09053596 0.09048244 0.09045454 0.0904086  0.09036125 0.09029326
 0.09020176 0.0900863  0.08996686 0.08987441 0.08978189 0.08969847
 0.08960124 0.08953274 0.0894799  0.08941737 0.08934673 0.08929457
 0.08925099 0.08921897 0.08920534 0.08918074 0.08917497 0.08916126
 0.08914234 0.08912989 0.08912537 0.08912949 0.08914999 0.0891686
 0.08921133 0.08925683 0.0892657  0.08927978 0.08931685 0.08933475
 0.08931774 0.08929657 0.08926003 0.0892396  0.08922413 0.08919812
 0.08917107 0.08915156 0.08910695 0.08904624 0.08900693 0.0889818
 0.0889458  0.08893982 0.08894544 0.08893478 0.08888389 0.08881921
 0.08874192 0.08867264 0.08862995 0.08855311 0.08847867 0.08842143
 0.08833992 0.08827473 0.0881913  0.08812765 0.08805094 0.08797577
 0.08788216 0.08779799 0.08770789 0.08763261 0.08759317 0.08755423
 0.08752278 0.08751885 0.08752143 0.08752374 0.08754418 0.08757169
 0.0875963  0.08759687 0.08761187 0.0876176  0.08764034 0.08767208
 0.08768373 0.0876911  0.08770044 0.08771623 0.08774037 0.08773948
 0.08772893 0.08773137 0.0877443  0.08779005 0.08787685 0.08796984
 0.08806844 0.08816312 0.08825655 0.08837023 0.08847887 0.08858801
 0.08870155 0.08881485 0.08891844 0.08903404 0.08913728 0.0892265
 0.08931738 0.08943408 0.08955693 0.08966046 0.08972716 0.08977798
 0.08982079 0.08988625 0.08993654 0.08992722 0.08989601 0.08985378
 0.08978752 0.0897275  0.08968565 0.08965987 0.08961264 0.08957033
 0.08953966 0.08949462 0.08945908 0.0894341  0.08936373 0.08928556
 0.08924509 0.08922628 0.0891853  0.08915881 0.08913587 0.08913147
 0.08914717 0.08917119 0.089188   0.08921942 0.08927734 0.08934855
 0.08941836 0.08952585 0.08966496 0.08981748 0.08998591 0.09014333
 0.09028924 0.09043345 0.09056767 0.09071239 0.09087436 0.0910302
 0.09121425 0.09136932 0.09148005 0.09155976 0.09163532 0.09174133
 0.09182372 0.09188146 0.09196396 0.09202128 0.09206044 0.09207061
 0.09206496 0.09207966 0.09209354 0.09209069 0.09207166 0.09206603
 0.09209589 0.09210986 0.09210596 0.09210559 0.09209971 0.09208444
 0.0920956  0.09212302 0.09214425 0.09215557 0.09215522 0.09217001
 0.09220114 0.09225849 0.09231318 0.09236716 0.09243479 0.09249613
 0.09255503 0.09261909 0.0926682  0.09272043 0.09279688 0.09290199
 0.09303438 0.09314099 0.09323616 0.09334099 0.09344626 0.09356701
 0.09367523 0.09378478 0.09389866 0.09398789 0.09404005 0.09405946
 0.09407287 0.09409491 0.09412417 0.09414477 0.09417382 0.09419242
 0.09420544 0.09422779 0.0942594  0.09431463 0.09439657 0.09448493
 0.09459904 0.09473234 0.09487198 0.09501349 0.09514725 0.09526218
 0.09537762 0.09549337 0.09557811 0.09564281 0.09570564 0.09578072
 0.09586687 0.09598741 0.09613265 0.09630769 0.09647707 0.09663787
 0.09679863 0.09695051 0.09710627 0.09727675 0.09747184 0.09768591
 0.097895   0.09811696 0.09835388 0.09855775 0.09872666 0.09887305
 0.09900747 0.09914889 0.09929198 0.09943191 0.09957992 0.09970464
 0.09985388 0.09999903 0.10013975 0.10029258 0.10044459 0.10058913
 0.10074233 0.10090394 0.1010549  0.10117965 0.10129675 0.10139809
 0.10148734 0.10152815 0.10153842 0.10155711 0.10158103 0.1015891
 0.10157701 0.10156729 0.10153663 0.10149488 0.10146405 0.10141247
 0.10134286 0.10123862 0.10112528 0.10101838 0.1009208  0.1008123
 0.10070258 0.10058491 0.10046702 0.10033765 0.10021931 0.1000947
 0.09995027 0.09979465 0.09962252 0.09947236 0.09931367 0.09912462
 0.09891246 0.09870027 0.09850107 0.09829054 0.09806032 0.09783804
 0.09763685 0.09740637 0.0971827  0.09694237 0.09669166 0.09643727
 0.09616914 0.09590968 0.09567667 0.09543856 0.09521373 0.09501299
 0.09480323 0.09458066 0.09436032 0.09412602 0.09389942 0.09367929
 0.09344385 0.09320354 0.0929877  0.09278599 0.09257403 0.09237274
 0.09219446 0.0920362  0.09191274 0.09177888 0.09166607 0.09154891
 0.09142293 0.09132102 0.09123435 0.0911505  0.09107173 0.09097404
 0.09088859 0.09080208 0.09069116 0.09062035 0.09060114 0.09060055
 0.0905872  0.09055521 0.09054021 0.09052742 0.0905192  0.0905224
 0.09056029 0.0906108  0.09067125 0.09074656 0.09083594 0.09095831
 0.09108322 0.09119633 0.09129671 0.09139245 0.09147779 0.0915569
 0.09162904 0.091733   0.09186881 0.09201109 0.0921638  0.09232322
 0.09245785 0.0925916  0.09277012 0.09293455 0.09308522 0.09328241
 0.09345897 0.09363275 0.09380712 0.09395871 0.09412754 0.09430352
 0.094488   0.0946557  0.09479217 0.09492129 0.09504301 0.09516484
 0.09529381 0.09542328 0.09551269 0.09560575 0.09569612 0.09577413
 0.09585271 0.0959471  0.09603019 0.09607878 0.09609528 0.0961087
 0.09611547 0.09613551 0.09612775 0.09610012 0.09606192 0.09604971
 0.09606482 0.09610088 0.09615114 0.09622756 0.09632125 0.09642234
 0.09653552 0.09664378 0.09675433 0.09685491 0.09695637 0.09704213
 0.09713166 0.09721319 0.09729401 0.09737372 0.09743381 0.09747173
 0.09752193 0.09763095 0.09776931 0.09792099 0.09808747 0.09823959
 0.0983979  0.09853786 0.09867264 0.09881846 0.0989575  0.09912429
 0.09929987 0.09946845 0.09964768 0.09980388 0.09995321 0.10009746
 0.10022853 0.1003597  0.10046839 0.10056555 0.10066609 0.10078998
 0.1009404  0.10106841 0.10115855 0.10123855 0.10132662 0.10143254
 0.10156221 0.10168387 0.10179897 0.10190831 0.10203305 0.10215314
 0.10223343 0.10232047 0.10242094 0.10250614 0.10256413 0.10261131
 0.10264368 0.10268916 0.10272894 0.10274786 0.10277332 0.10277832
 0.10274528 0.10271318 0.10266419 0.10261329 0.1025738  0.10253777
 0.10251937 0.10247692 0.10244273 0.10242799 0.10240616 0.10239757
 0.10238917 0.10237033 0.10236949 0.10236729 0.1023626  0.1023547
 0.10233566 0.1023146  0.10231691 0.10233528 0.10230862 0.10225985
 0.10219414 0.10213349 0.10208251 0.10203082 0.10200868 0.10201876
 0.10204402 0.10206664 0.10209066 0.10211494 0.10214464 0.1021761
 0.1021834  0.10217988 0.10215056 0.10210577 0.10207438 0.10202376
 0.10196017 0.10187892 0.10178413 0.10169877 0.10161097 0.10148839
 0.10138635 0.10129853 0.10121115 0.10112602 0.10102265 0.10091929
 0.10083581 0.10078466 0.10073494 0.10068097 0.10061967 0.10056465
 0.10051867 0.10050465 0.10051694 0.10054291 0.10055555 0.10054236
 0.10050778 0.10049198 0.10052154 0.10053127 0.10050447 0.10047038
 0.10041517 0.10037463 0.10034506 0.10029388 0.10023468 0.10018588
 0.10011355 0.10005868 0.10002953 0.10001701 0.1000306  0.10005016
 0.1000941  0.10014483 0.10018564 0.10023078 0.10024488 0.10026971
 0.10030703 0.10035417 0.10042133 0.10053938 0.10067459 0.10082831
 0.10098781 0.10112927 0.10126364 0.10142267 0.10156314 0.101692
 0.10183451 0.10199969 0.10216638 0.10233923 0.10251643 0.10270681
 0.10292315 0.10314196 0.10336159 0.10356859 0.10374737 0.1039426
 0.1041568  0.10434352 0.10454347 0.10472585 0.10493115 0.10515739
 0.10534633 0.10551414 0.10564237 0.10573582 0.10582838 0.10592344
 0.10601454 0.10609859 0.10616858 0.10624588 0.10629315 0.1063207
 0.10633979 0.10632698 0.10633239 0.10633879 0.10636054 0.10639146
 0.10640964 0.1064258  0.10646907 0.10651524 0.10653168 0.10651842
 0.10647855 0.10645443 0.10643163 0.10640151 0.10636281 0.1063297
 0.10627998 0.1062266  0.10618432 0.10614166 0.10611466 0.10607936
 0.10604307 0.10601292 0.10598588 0.10596805 0.10596355 0.10593813
 0.10591201 0.10588243 0.10584002 0.1057994  0.10572659 0.10564748
 0.10562293 0.10563125 0.1056408  0.10561679 0.10561204 0.10564631
 0.10568171 0.10571984 0.1057194  0.1057229  0.10573405 0.1057683
 0.10579925 0.10582381 0.10585823 0.10587284 0.10583826 0.10578586
 0.10572775 0.10566548 0.10561878 0.10556741 0.10550826 0.105487
 0.10547309 0.10545666 0.10542127 0.10539582 0.1053622  0.10533859
 0.1052961  0.10526485 0.10525402 0.10524969 0.10523014 0.10519603
 0.10514789 0.10507809 0.1050128  0.10496461 0.10493588 0.10488752
 0.10484617 0.10481813 0.10479592 0.10475559 0.10469313 0.10460596
 0.10452375 0.1044364  0.10437091 0.10431582 0.10427855 0.10425618
 0.10421127 0.10419668 0.10417252 0.10413046 0.10408907 0.10406801
 0.10405209 0.1040578  0.10410732 0.10417373 0.10428152 0.10440244
 0.10452557 0.10467064 0.1048709  0.10506121 0.10526187 0.10548175
 0.10569185]","[ 329.37980396  329.91432179  330.44218935  330.97178786  331.51128968
  332.04390186  332.56908425  333.09477743  333.62330519  334.14721783
  334.66827498  335.18744293  335.70351912  336.21542101  336.72877861
  337.23315925  337.73800291  338.22871107  338.72680041  339.23087082
  339.72590444  340.21678214  340.70247706  341.18555555  341.66859669
  342.15210919  342.63767104  343.1193922   343.60412958  344.08587949
  344.57530606  345.07238226  345.57036223  346.07656772  346.58362596
  347.09209868  347.60196352  348.1094949   348.610295    349.1118109
  349.62289243  350.15335134  350.68063937  351.21451715  351.7611877
  352.3095093   352.86087741  353.42276589  353.97983984  354.54467093
  355.09145014  355.62771405  356.16947713  356.71604931  357.26694668
  357.81944612  358.36781359  358.91479997  359.46444301  360.02519228
  360.59598585  361.16535962  361.73561386  362.30535219  362.89046833
  363.48402373  364.07265581  364.66085013  365.267619    365.88313705
  366.50535425  367.12811442  367.75215626  368.38245916  369.03017333
  369.68626272  370.34037741  370.98893322  371.63620117  372.28620805
  372.94617358  373.60838913  374.27289633  374.94915602  375.62496437
  376.29948693  376.97932976  377.65623226  378.34305358  379.03576859
  379.7257573   380.42015858  381.10579039  381.79669323  382.48994661
  383.18071916  383.8736319   384.57498174  385.28539578  385.99184413
  386.70255989  387.41551671  388.13358509  388.85736372  389.58614632
  390.30917851  391.0482718   391.79419582  392.54551174  393.30398438
  394.07777214  394.85675554  395.6514112   396.45811305  397.2726043
  398.08705861  398.90802583  399.74384291  400.58538741  401.43212658
  402.28896265  403.14243345  403.99812167  404.86854331  405.75431167
  406.65499118  407.5701393   408.49243298  409.42695336  410.3728045
  411.31331099  412.27255863  413.24526826  414.23517003  415.22401227
  416.2116271   417.1982406   418.1968829   419.20458307  420.20767515
  421.21528283  422.21495791  423.21840837  424.2353727   425.25999816
  426.29329393  427.33361304  428.37325688  429.42113731  430.46885583
  431.52941405  432.59324113  433.66551563  434.74640435  435.8269147
  436.90054181  437.97964764  439.06209937  440.14878009  441.23450358
  442.31847211  443.40230046  444.47907369  445.54348057  446.59638024
  447.65807299  448.72212785  449.77876228  450.83783448  451.90051967
  452.96234857  454.01812068  455.06881184  456.12918338  457.17276798
  458.22430303  459.26859356  460.30915949  461.33228167  462.35494376
  463.37676912  464.39561764  465.410271    466.42738199  467.43583937
  468.42755695  469.43135328  470.42429833  471.42023212  472.40764705
  473.39823749  474.37930825  475.33654285  476.2935285   477.25185232
  478.19137307  479.1243686   480.04582094  480.95541361  481.84645642
  482.71536377  483.58174905  484.43780936  485.27824232  486.11785551
  486.95300077  487.76671154  488.56715945  489.37037985  490.1678115
  490.94756621  491.71361784  492.46259096  493.19832234  493.9326481
  494.65514871  495.36684873  496.0727184   496.74889848  497.40874834
  498.05127757  498.67777582  499.2902426   499.8895313   500.47744828
  501.05010639  501.61641149  502.1742607   502.72598308  503.26297366
  503.79288215  504.31705681  504.84969193  505.3734012   505.88563595
  506.38479552  506.8801749   507.38353107  507.87706326  508.36355966
  508.84521751  509.31700517  509.7815622   510.24182892  510.6979665
  511.15997655  511.60660066  512.03732992  512.45318745  512.87882108
  513.2851259   513.69140763  514.10744436  514.49779684  514.88905241
  515.26636612  515.62970873  515.98717788  516.33718965  516.68123163
  517.00542549  517.32134431  517.63851053  517.94962734  518.25715617
  518.55491151  518.84279337  519.13545128  519.42041791  519.71502553
  520.00914457  520.29791895  520.58043771  520.87103137  521.14315651
  521.41500643  521.6962846   521.98730625  522.28698764  522.57947809
  522.89286957  523.19858581  523.48951834  523.79072686  524.09112203
  524.39735373  524.70937864  525.01858724  525.3226604   525.62936597
  525.92844692  526.21701491  526.49931513  526.77676151  527.05633646
  527.3535223   527.64849653  527.93863044  528.22936851  528.52121797
  528.81159349  529.10227961  529.38975802  529.67665306  529.9638559
  530.24959449  530.52149645  530.79501027  531.05663383  531.30876643
  531.53792722  531.77435968  532.02628108  532.27849128  532.53056522
  532.75945551  532.99251199  533.22630994  533.44680785  533.6630499
  533.87043476  534.06166782  534.24217091  534.42934517  534.61485398
  534.77857603  534.9286037   535.07032069  535.17099573  535.25693639
  535.33838349  535.41712014  535.4926327   535.55455401  535.61262183
  535.65292238  535.67884845  535.69772345  535.71120793  535.71433702
  535.70850055  535.70891134  535.70036957  535.68313971  535.66429634
  535.64370089  535.63372064  535.63248556  535.63694654  535.64716679
  535.64839419  535.64140174  535.63397768  535.6198681   535.62022297
  535.62071863  535.62702183  535.6400424   535.62659677  535.60111235
  535.57247913  535.54516527  535.51996823  535.48988586  535.45490025
  535.41920743  535.37950813  535.33470093  535.31034981  535.27587367
  535.25563717  535.23660324  535.22127864  535.21101062  535.2095391
  535.20430726  535.20877529  535.21018922  535.21258628  535.21535215
  535.22403914  535.23112916  535.25429802  535.29070683  535.33918785
  535.38819607  535.45687562  535.52788637  535.61480349  535.70119961
  535.79022126  535.90425958  536.02596877  536.15580541  536.28516699
  536.42903756  536.57564034  536.72631702  536.87312729  537.03118996
  537.18650343  537.33718554  537.47214174  537.59925174  537.74352352
  537.91079071  538.07765599  538.24148606  538.42212098  538.61327543
  538.77260073  538.93218815  539.104459    539.27460726  539.44906508
  539.63089755  539.80107733  539.98446449  540.17938659  540.39513733
  540.62212059  540.8391451   541.06344489  541.30784414  541.54406407
  541.7734218   542.01345956  542.252066    542.48124473  542.71156139
  542.93044255  543.14577113  543.36442081  543.59341995  543.82994086
  544.07082888  544.30990705  544.54983533  544.78858468  545.02807993
  545.27100621  545.51618077  545.77635686  546.05728312  546.35355126
  546.64199592  546.94168015  547.22044008  547.5162451   547.82635918
  548.136554    548.44014617  548.73708261  549.03455792  549.34793513
  549.663718    549.97688661  550.30166275  550.63300041  550.96254995
  551.29279213  551.61064269  551.9375565   552.27227912  552.61831849
  552.98155591  553.35207845  553.70668222  554.0473541   554.3908732
  554.750006    555.09474727  555.46510092  555.84608584  556.22101474
  556.61690622  557.01619868  557.41148558  557.80107677  558.18689505
  558.60353317  559.01993394  559.43065484  559.84287088  560.2715482
  560.7222995   561.18243906  561.65291365  562.12319867  562.59448899
  563.08792053  563.58802415  564.10294404  564.62643624  565.14093426
  565.65275861  566.18370862  566.72873368  567.29322248  567.87228175
  568.47382625  569.08879093  569.71469787  570.35102607  570.99976934
  571.65683491  572.33105188  573.0141781   573.71431457  574.41978618
  575.13237678  575.8757952   576.64743407  577.43035589  578.22841612
  579.04325691  579.86328584  580.70043421  581.54770733  582.42223592
  583.3210752   584.25131485  585.190685    586.163533    587.17492023
  588.2038017   589.25785372  590.32414272  591.40278466  592.5000643
  593.60154781  594.72445886  595.86000877  597.00249254  598.15568576
  599.31074219  600.49024832  601.69931643  602.91393547  604.14012238
  605.3857114   606.64878599  607.92846323  609.22017271  610.5418659
  611.89044456  613.22006816  614.57922861  615.95797506  617.35231352
  618.75556627  620.16556093  621.59660439  623.03317794  624.48579813
  625.94248743  627.39730895  628.86882108  630.34792205  631.83363256
  633.32661412  634.82241743  636.32758601  637.83243799  639.33804173
  640.84324641  642.34413399  643.84535185  645.34002028  646.84301554
  648.34455408  649.84600634  651.36474039  652.89117349  654.40822424
  655.9087656   657.39977839  658.9037598   660.387525    661.86733659
  663.35208488  664.84778958  666.33368112  667.82489212  669.30895505
  670.8051002   672.2812473   673.73912685  675.19311526  676.64469131
  678.08074583  679.47593883  680.85661582  682.21943675  683.57440747
  684.93861384  686.30196476  687.66712186  689.02640444  690.37374092
  691.71770876  693.03827541  694.35941503  695.66854613  696.97693914
  698.27563272  699.56203802  700.86699635  702.15692083  703.44300012
  704.69772142  705.94965468  707.20233584  708.46118871  709.7138455
  710.9531175   712.18759603  713.39523963  714.58414542  715.77919523
  716.9545971   718.10993062  719.26448199  720.38003156  721.50038226
  722.60192322  723.6948441   724.7886076   725.87175958  726.95252584
  728.03584274  729.11417044  730.17949561  731.23296217  732.27820315
  733.33322509  734.37232563  735.39500448  736.41800074  737.44090525
  738.45262083  739.43278211  740.41222263  741.41977767  742.44481009
  743.42581183  744.41114312  745.39372497  746.38198905  747.36567477
  748.32282831  749.29614436  750.272276    751.2254401   752.17833861
  753.11738698  754.0649049   754.99421394  755.92878394  756.85874613
  757.8051573   758.76220425  759.73049177  760.6750051   761.60120234
  762.54542494  763.48613288  764.41083239  765.33430719  766.24894205
  767.17505174  768.10055576  769.03904166  769.9771923   770.8984649
  771.8169066   772.72876712  773.63644478  774.55434976  775.48220469
  776.42039763  777.3736206   778.31060334  779.24845286  780.17828153
  781.11317742  782.03038356  782.94969605  783.87470722  784.79916082
  785.73813487  786.66897734  787.59566493  788.51586079  789.40817362
  790.29550811  791.19566992  792.11785271  793.04594458  793.96584116
  794.89159757  795.78533855  796.68002881  797.58272859  798.45916128
  799.31126976  800.15121978  800.99019657  801.83413436  802.67919626
  803.51106927  804.33805073  805.15078832  805.97583096  806.79932761
  807.62510725  808.42310672  809.218376    809.98433872  810.74334333
  811.49833371  812.23911081  812.96545509  813.69468002  814.43085333
  815.15160687  815.83289019  816.50549661  817.17181578  817.82076967
  818.4666524   819.07245584  819.69053548  820.30266088  820.91728138
  821.5623734   822.18559234  822.81824959  823.4393786   824.02713996
  824.60061882  825.1662753   825.71183304  826.23914261  826.74570869
  827.24554646  827.73513028  828.21510038  828.68706197  829.13201783
  829.55987873  829.96986127  830.37011686  830.76902018  831.19491629
  831.60853253  832.01627264  832.40992235  832.792588    833.17510903
  833.56195647  833.93639724  834.29795     834.62938069  834.95201378
  835.2623714   835.57037673  835.90145118  836.22317598  836.5169842
  836.79814146  837.07900425  837.34829232  837.61082283  837.87230384
  838.11793583  838.36276921  838.60299319  838.83150415  839.06031117
  839.3007335   839.51507148  839.73652727  839.93211302  840.14074415
  840.38250422  840.65007536  840.92234001  841.17484182  841.40625038
  841.63537734  841.88184032  842.11188144  842.32816707  842.54111375
  842.77272919  843.04158738  843.30514944  843.5622105   843.81718934
  844.06275178  844.31857307  844.5867011   844.84371466  845.0835538
  845.30871246  845.53699499  845.77916238  846.04885327  846.33319614
  846.64437728  846.96899511  847.29026734  847.62412606  847.94912941
  848.28267359  848.65857133  849.0312191   849.37491944  849.71494434
  850.07971554  850.48115378  850.88245032  851.27720257  851.655715
  852.01081233  852.36280161  852.72627279  853.10057385  853.50179281
  853.92219682  854.35450426  854.79951687  855.26535311  855.72668383
  856.18870104  856.66052418  857.15914505  857.67912036  858.18232623
  858.68968693  859.25562184  859.86689149  860.48088213  861.1209465
  861.77260374  862.4455795   863.12270255  863.80813772  864.51788597
  865.23357224  865.96769824  866.73621266  867.51539116  868.3165821
  869.16467253  870.05182181  870.9441041   871.84767938  872.75669767
  873.69547281  874.63678983  875.60749256  876.5705658   877.53421644
  878.53798295  879.54864641  880.57373403  881.57706047  882.58941393
  883.63030381  884.68767322  885.77226204  886.87802769  888.00835558
  889.15035379  890.3106041   891.50750233  892.74345854  893.99364696
  895.23072601  896.46193221  897.72352647  898.99965878  900.31387769
  901.65609498  902.99966839  904.34691525  905.73083007  907.12400289
  908.5189985   909.92376128  911.32091265  912.74575158  914.17490266
  915.57153993  916.98759052  918.42466843  919.89412008  921.40920994
  922.92535071  924.44807796  925.96432121  927.49213203  929.03389507
  930.59039842  932.17009163  933.74835488  935.32362758  936.92354061
  938.53497021  940.14380343  941.75008172  943.33449506  944.9239592
  946.50110545  948.08332382  949.65065958  951.20382894  952.76376091
  954.31907133  955.88663315  957.46359132  959.04138726  960.63343216
  962.20402571  963.74386124  965.27219309  966.77609362  968.29961439
  969.85347643  971.42865769  972.98873743  974.56443542  976.1598203
  977.73396648  979.3117999   980.90676656  982.51194927  984.09392644
  985.61724761  987.13475044  988.629372    990.1189828   991.61934437
  993.12790552  994.61986603  996.10166519  997.53092487  998.91409624
 1000.29779459 1001.68544556 1003.04746196 1004.42626432 1005.81873156
 1007.20188002 1008.57964067 1009.96325961 1011.34309788 1012.72400574
 1014.09396325 1015.43128396 1016.76890353 1018.09685424 1019.42083902
 1020.72798236 1022.016267   1023.30241125 1024.59245272 1025.87944609
 1027.13042019 1028.37847139 1029.60604471 1030.82482628 1032.05524285
 1033.24799516 1034.45683154 1035.67036785 1036.89126981 1038.1354829
 1039.38608154 1040.6345245  1041.89086218 1043.17680084 1044.474745
 1045.81099933 1047.14259356 1048.46260795 1049.79786783 1051.1279457
 1052.46140695 1053.82266693 1055.17401982 1056.50661923 1057.81963532
 1059.11621114 1060.44049193 1061.76959397 1063.10467554 1064.41471299
 1065.71396907 1066.99687308 1068.30550153 1069.64929902 1071.01584988
 1072.38268312 1073.79831826 1075.19084842 1076.55766305 1077.91167995
 1079.27883301 1080.66120853 1081.98784515 1083.32768467 1084.64889345
 1086.00627029 1087.37330037 1088.71299255 1090.07416919 1091.47482753
 1092.86762102 1094.27153839 1095.67762724 1097.07891385 1098.48892817
 1099.89597757 1101.31679711 1102.74147292 1104.18915338 1105.65459859
 1107.151511   1108.64343089 1110.1260997  1111.60155588 1113.04473729
 1114.46633253 1115.88700437 1117.31744143 1118.7444787  1120.14010264
 1121.56040945 1122.97041783 1124.39464298 1125.82712403 1127.26854726
 1128.75257085 1130.25093603 1131.74922906 1133.26369218 1134.75478976
 1136.224162   1137.67213002 1139.11008156 1140.54270605 1141.97812965
 1143.42887915 1144.89929031 1146.36944103 1147.81924254 1149.23940221
 1150.65062941 1152.06280657 1153.44115365 1154.80658201 1156.18503949
 1157.57670362 1158.95484024 1160.36302578 1161.76176184 1163.13180081
 1164.47699991 1165.78820701 1167.12170782 1168.50457474 1169.88627856
 1171.25052217 1172.62456696 1174.00176679 1175.33951827 1176.66558989
 1177.94240694 1179.22336759 1180.48862355 1181.73758313 1183.01380479
 1184.27491047 1185.51169004 1186.71199964 1187.90385937 1189.09323866
 1190.26310572 1191.44262544 1192.65183559 1193.87260213 1195.08368191
 1196.24068203 1197.35495018 1198.45624256 1199.57350599 1200.66385601
 1201.7144418  1202.73645742 1203.71715543 1204.69320683 1205.65366459
 1206.60060086 1207.5446168  1208.48851376 1209.44343839 1210.37410578
 1211.28027737 1212.16925473 1213.04788403 1213.92743788 1214.73446969
 1215.55757188 1216.3638435  1217.13828951 1217.90494046 1218.64628245
 1219.38745852 1220.13949981 1220.87390548 1221.59927605 1222.28202228
 1222.97897839 1223.65048155 1224.27824292 1224.87937173 1225.46428064
 1226.0512958  1226.61905186 1227.16995702 1227.67615361 1228.09486921
 1228.52760659 1228.97225695 1229.44221803 1229.86289971 1230.30362118
 1230.72947769 1231.13981692 1231.54633293 1231.96982848 1232.37865375
 1232.77262035 1233.1798101  1233.60440311 1234.02273434 1234.4028063
 1234.79348241 1235.11961222 1235.41571926 1235.71409576 1236.01859255
 1236.3434977  1236.64168868 1236.89478369 1237.13057097 1237.36816437
 1237.61002698 1237.77791738 1237.97408092 1238.14762688 1238.32423976
 1238.51999913 1238.7347676  1238.8899767  1239.0010613  1239.09808582
 1239.1763718  1239.3229747  1239.45966167 1239.58654507 1239.68792745
 1239.75459361 1239.79910295 1239.82547292 1239.84611518 1239.86489721
 1239.89615613 1239.97077847 1240.00505982 1240.03533288 1240.08072693
 1240.10430766 1240.10001431 1240.0777592  1240.04775834]","[  6.48253846   6.34131637   6.20160002   6.06104322   5.92729577
   5.80403443   5.6809748    5.56570118   5.46417347   5.36631363
   5.2685595    5.19076768   5.10263347   5.01661594   4.9379698
   4.8671332    4.78802004   4.71164215   4.63890596   4.55240276
   4.46305272   4.36553155   4.2575513    4.15746119   4.05670087
   3.96743341   3.88294815   3.80751159   3.74060437   3.68008831
   3.62766066   3.56788602   3.51697461   3.48103293   3.45692651
   3.43689473   3.41329653   3.40697759   3.40914046   3.41535076
   3.41212601   3.39100375   3.37562321   3.36481715   3.36060718
   3.35538197   3.34655255   3.32451143   3.31092715   3.28883926
   3.27492146   3.27633286   3.26629819   3.24393546   3.23880402
   3.23045218   3.23342514   3.23246344   3.23666211   3.24148189
   3.24572263   3.25299234   3.25452393   3.26716055   3.2707481
   3.26280009   3.25841274   3.26377809   3.24345043   3.22500118
   3.22518283   3.24063845   3.25789902   3.27042068   3.27367323
   3.27680753   3.28582278   3.31245676   3.34132212   3.36285521
   3.38101776   3.39873823   3.42613882   3.45364583   3.47755567
   3.49917842   3.52047713   3.54882558   3.58295033   3.60564126
   3.6242172    3.64803674   3.66709297   3.69145315   3.71392501
   3.72880879   3.74867162   3.76766079   3.78468067   3.79863761
   3.82331218   3.84687762   3.85391492   3.85007898   3.8440231
   3.83244336   3.81602751   3.79863686   3.77923641   3.75947596
   3.74995204   3.74804697   3.75884473   3.76242964   3.75655554
   3.75587473   3.76096645   3.78339933   3.81558494   3.85541667
   3.89271632   3.9286336    3.95741939   3.98174055   4.00628181
   4.02262113   4.03261256   4.0453118    4.05723197   4.06737314
   4.08513315   4.10038904   4.11048044   4.12818096   4.14674163
   4.16543227   4.18826147   4.20150882   4.20150446   4.19437611
   4.18909463   4.17188024   4.14172903   4.10447139   4.07458485
   4.04529379   4.02374844   3.98870443   3.9568418    3.91728755
   3.8757443    3.84827918   3.82688007   3.81230962   3.79080243
   3.75555012   3.73019357   3.70686524   3.69838411   3.71306659
   3.72468735   3.73709328   3.75283993   3.78023349   3.81276404
   3.83935821   3.86738243   3.89316633   3.91376314   3.93793476
   3.96340893   3.98227025   4.00114048   4.01103554   4.03245908
   4.04680741   4.0567003    4.07180507   4.08385382   4.10167591
   4.12377626   4.15835834   4.19361522   4.21632356   4.22642003
   4.22212743   4.18897011   4.1564192    4.11976207   4.10454259
   4.09727154   4.09558896   4.09467927   4.09672709   4.10705396
   4.11954083   4.14420281   4.19300824   4.25217316   4.30481125
   4.36073819   4.42378226   4.49612015   4.55508092   4.58447891
   4.59158407   4.59679242   4.60821245   4.62065175   4.64179727
   4.66428345   4.67959861   4.68001978   4.67696361   4.66179467
   4.62939765   4.6142051    4.60187113   4.58180835   4.55323605
   4.51186636   4.47156879   4.41523047   4.35638233   4.29476572
   4.24617118   4.20401649   4.14225762   4.06669008   4.01158112
   3.97082681   3.95673372   3.952448     3.94784508   3.94410772
   3.94214488   3.94903668   3.98554784   4.00762746   4.03325065
   4.06339014   4.1198049    4.19998519   4.28322571   4.38542078
   4.49909455   4.59950698   4.66619821   4.72861383   4.77901431
   4.79574374   4.82322127   4.85198444   4.86992812   4.88815322
   4.92481152   4.94606917   4.94019336   4.92723754   4.91303578
   4.89913718   4.89079298   4.89162657   4.88375194   4.87918803
   4.86155881   4.86262688   4.89113785   4.90021211   4.89823787
   4.88129977   4.85921249   4.83582757   4.82154501   4.79740753
   4.78628912   4.80256998   4.80647774   4.81489044   4.8210466
   4.83521308   4.83943754   4.84735499   4.86747703   4.89162872
   4.9184584    4.93583997   4.9587252    4.95855478   4.96239658
   4.96936182   4.95572471   4.95152148   4.96299622   4.96984748
   4.98247456   4.98509063   4.98635479   5.00271693   5.02464872
   5.05751712   5.09775625   5.14083403   5.21093905   5.29260376
   5.38154112   5.48556018   5.61905231   5.75513087   5.87485033
   5.96417711   6.04889784   6.11572849   6.1821385    6.2388011
   6.28151383   6.33076986   6.38525937   6.43144695   6.47699521
   6.50325424   6.51356261   6.51789871   6.51992149   6.50995572
   6.48031932   6.46480205   6.45481771   6.41624646   6.36523574
   6.30577103   6.23060232   6.16083895   6.08656889   6.0177129
   5.95718356   5.8796672    5.80781273   5.73871901   5.68206897
   5.61650593   5.5612346    5.50958408   5.45298928   5.40576319
   5.37730522   5.37590882   5.38359855   5.41290161   5.46882367
   5.52877752   5.5830863    5.62062957   5.65401886   5.70667492
   5.77255345   5.85171387   5.93892224   5.99406155   6.03311098
   6.07555178   6.12155159   6.1631523    6.19631086   6.21483457
   6.22990643   6.22307959   6.22253192   6.24456839   6.29171686
   6.3567026    6.40840484   6.45074115   6.48978801   6.52076793
   6.52622946   6.5298197    6.54309497   6.54915012   6.54692332
   6.53535487   6.53460702   6.52046808   6.48337827   6.43697178
   6.38903649   6.33951009   6.29796611   6.26463303   6.22333168
   6.18993653   6.14412952   6.11835149   6.08876973   6.07103539
   6.04605799   6.01520369   5.98891304   5.96318461   5.93994864
   5.92252814   5.91164398   5.87700027   5.83381362   5.79544849
   5.76205675   5.73856139   5.72378607   5.7197647    5.71483828
   5.72102346   5.72689445   5.73985743   5.76508991   5.78747964
   5.80256355   5.82029335   5.82489092   5.82613074   5.81508607
   5.79304571   5.77819476   5.76288151   5.76053839   5.76839988
   5.77060095   5.76640647   5.75714517   5.74202143   5.72927
   5.70680229   5.67907599   5.65746992   5.64696264   5.64850076
   5.65629566   5.67627842   5.7039077    5.72979877   5.75753834
   5.79148076   5.82612243   5.88676514   5.97456063   6.08297594
   6.1708328    6.27227929   6.34206405   6.43443744   6.54635395
   6.64305376   6.72059319   6.77901377   6.82425298   6.89110658
   6.96602096   7.02538859   7.0987889    7.17978538   7.26168963
   7.34212506   7.40474097   7.47108556   7.53812069   7.61085511
   7.68979401   7.77272583   7.82261053   7.83644775   7.84259102
   7.87076621   7.86540857   7.8589089    7.85290346   7.83594971
   7.8481676    7.85534312   7.8314398    7.78265152   7.71378914
   7.66316733   7.59019169   7.4956637    7.402777     7.32498926
   7.26479315   7.20981574   7.1634187    7.11486556   7.06626785
   7.03493204   7.02008509   7.04138619   7.07384149   7.08093363
   7.08534486   7.09878245   7.11788486   7.15205436   7.18080337
   7.21367101   7.25728743   7.28267151   7.30589272   7.32990523
   7.34722135   7.39426559   7.4440312    7.50714724   7.56459523
   7.62047014   7.69410022   7.78337151   7.87763363   7.96935956
   8.05282042   8.14022229   8.22909065   8.31831501   8.39762602
   8.45607906   8.50479894   8.5609604    8.62475339   8.69973412
   8.78429926   8.87340727   8.95049661   9.02005702   9.10743156
   9.20967688   9.31774695   9.43583041   9.5736432    9.72444487
   9.89056026  10.05444279  10.19858975  10.34611334  10.47865396
  10.59914723  10.71360328  10.82692761  10.93392435  11.05054078
  11.17238381  11.29595772  11.42879911  11.56603928  11.69723419
  11.81410075  11.93165186  12.03060984  12.10408336  12.18153081
  12.2697302   12.34942581  12.43626276  12.54473068  12.65845937
  12.77309244  12.88499149  13.00277626  13.11900688  13.22749345
  13.32521286  13.4315319   13.53098138  13.62004866  13.72995165
  13.84279861  13.96911074  14.11850961  14.25905316  14.35316646
  14.40542501  14.44326427  14.49500131  14.53810755  14.59152314
  14.65188054  14.72300769  14.78754801  14.88113371  14.98028094
  15.10334734  15.21111053  15.32097844  15.44662965  15.58641769
  15.69890068  15.77847345  15.82699135  15.86020012  15.86325996
  15.87694431  15.91112785  15.96514005  16.01931327  16.03924984
  16.07812493  16.09907155  16.11493213  16.09865771  16.09219503
  16.11288587  16.12032634  16.1428986   16.16805102  16.20048045
  16.22327203  16.27598548  16.3654025   16.46139298  16.57837871
  16.67435364  16.76092893  16.81794328  16.89493698  17.03099021
  17.16292497  17.28746004  17.42664604  17.5127064   17.60733695
  17.66516846  17.69444865  17.73882273  17.76025088  17.8034423
  17.84208262  17.85424827  17.8810402   17.90641606  17.93968392
  17.99805091  18.03670771  18.0842797   18.1514592   18.22997697
  18.28940682  18.335412    18.40192116  18.521221    18.63700936
  18.72309754  18.79932176  18.81836735  18.82450844  18.82070403
  18.80335117  18.80949742  18.82703271  18.81874731  18.81621625
  18.81798568  18.81704604  18.79014097  18.77191976  18.76541143
  18.75429094  18.7508312   18.76471475  18.78056905  18.80082192
  18.86348763  18.91858525  18.92900429  18.94253671  18.97615834
  19.02071629  19.06445437  19.12898979  19.23250164  19.33340149
  19.43755525  19.52119144  19.56395991  19.62804834  19.72450698
  19.83485478  19.96710433  20.10675579  20.20728149  20.28224148
  20.37004052  20.49931572  20.58591947  20.66594453  20.75101452
  20.84600515  20.97567939  21.11049786  21.20325368  21.31828883
  21.46252215  21.62385453  21.79900801  21.99607411  22.19704268
  22.43096682  22.64798886  22.84256769  23.05072985  23.24349554
  23.40117018  23.55524457  23.72547154  23.89179575  24.04427814
  24.18858581  24.3256637   24.45800191  24.62084697  24.79654776
  24.96849951  25.13661941  25.30729918  25.46646151  25.62226217
  25.74496098  25.8774965   26.01075899  26.11264852  26.22746682
  26.3211683   26.37470068  26.42487176  26.4767435   26.53475036
  26.56190172  26.57110346  26.62237719  26.68265519  26.73347797
  26.83063769  26.92184579  27.00010867  27.07988794  27.16975028
  27.23972531  27.3096628   27.36149789  27.43225126  27.49522214
  27.52250551  27.52418851  27.51472152  27.51454828  27.47928239
  27.44682047  27.407724    27.32764783  27.22632239  27.14330143
  27.06333237  26.98429     26.90373666  26.81732298  26.73492011
  26.68602185  26.64179611  26.63191674  26.59087071  26.50864974
  26.45691813  26.4181185   26.40946205  26.41309333  26.38677016
  26.36764247  26.3499524   26.30895961  26.26067636  26.18244195
  26.10654096  26.08383973  26.06403299  26.04614379  26.05946098
  26.09315374  26.11831004  26.16525297  26.19786248  26.25220704
  26.34532377  26.46398476  26.59627408  26.71578396  26.81978731
  26.92586444  27.05806108  27.16523761  27.27196798  27.33870136
  27.4353363   27.55947179  27.67891116  27.76347528  27.81494057
  27.85599653  27.96051498  28.07881056  28.17781241  28.24910151
  28.32761061  28.35819216  28.43002855  28.56411327  28.70527984
  28.89647767  29.10632401  29.28691481  29.43410806  29.54027728
  29.62811287  29.73230351  29.80750999  29.82116047  29.82196674
  29.88434981  29.95108401  30.04360611  30.15476515  30.26489355
  30.38983452  30.51001554  30.63545809  30.79927667  31.00482228
  31.21632926  31.41253811  31.64601103  31.94654782  32.23755486
  32.48440333  32.71078112  32.93397433  33.15760639  33.38317068
  33.60004846  33.83748144  34.10412165  34.3301774   34.57469558
  34.81728984  35.06281393  35.32950489  35.59171434  35.87468324
  36.16408515  36.46515898  36.78727405  37.07467788  37.30282788
  37.5048027   37.70081638  37.90985193  38.08694154  38.21433003
  38.34073884  38.44141006  38.55705694  38.65187952  38.6996428
  38.80558432  38.92521949  39.03161585  39.12726316  39.20476911
  39.29154458  39.40705978  39.54577564  39.65913496  39.78411745
  39.91237157  40.04175586  40.21093492  40.39270494  40.60817119
  40.81289252  40.98542026  41.16954348  41.31704185  41.47490058
  41.64322896  41.80828056  41.97499565  42.1386176   42.28490378
  42.42134815  42.55950852  42.62602079  42.71079752  42.82015383
  42.93526808  43.09108135  43.23046575  43.3621741   43.5227114
  43.70258885  43.87954776  44.07663664  44.30659501  44.5191182
  44.7442523   45.01233481  45.30941407  45.59072067  45.89564979
  46.22253373  46.52656724  46.87620936  47.19499804  47.51343773
  47.79966868  48.07643524  48.32868947  48.58640686  48.90601612
  49.23074534  49.56919579  49.91615786  50.2820497   50.68610031
  51.02193061  51.35857724  51.66371039  51.97115693  52.35791541
  52.76938802  53.16571933  53.53037447  53.88205227  54.23995885
  54.58277459  54.90241782  55.18385691  55.4684227   55.73317635
  55.88377838  56.07364763  56.26960449  56.41368487  56.50241384
  56.64031255  56.77472691  56.89871008  57.01160651  57.14486816
  57.29652711  57.44484178  57.62811359  57.86349855  58.05686469
  58.2258325   58.41999468  58.70286092  58.96363334  59.18421322
  59.36510663  59.52952277  59.70974917  59.92293842  60.19214951
  60.4687462   60.72723117  60.95971163  61.22217309  61.5154701
  61.75728752  61.96887776  62.16898885  62.2888575   62.38298652
  62.50952925  62.67399605  62.87002905  63.07202718  63.29280712
  63.47620079  63.71869622  64.0173843   64.2986282   64.52971185
  64.74332408  64.972402    65.20528634  65.49269094  65.73706165
  65.88855791  66.04534299  66.24738918  66.50207191  66.75005678
  66.9678252   67.22191178  67.50645893  67.82117743  68.1327038
  68.33558628  68.4947618   68.67076552  68.87281104  69.05999482
  69.23223162  69.43753507  69.60248283  69.73989278  69.89616085
  70.06121254  70.29020999  70.4769425   70.66635677  70.81353238
  71.00450007  71.28622105  71.5218271   71.74286296  72.01818536
  72.23277762  72.45932468  72.6992309   72.89663832  73.11497282
  73.32776131  73.48536128  73.63945011  73.85345184  74.07960953
  74.33712607  74.56527106  74.7800339   75.00376785  75.21302059
  75.40114082  75.55104906  75.73448267  75.90559935  76.09670113
  76.32334782  76.62328031  76.94035475  77.27145025  77.57652224
  77.83382775  78.08892295  78.35826447  78.68385255  79.05794506
  79.45999632  79.8950544   80.35027221  80.79677998  81.24825298
  81.71886593  82.2096988   82.68981392  83.15379122  83.59155518
  84.01713147  84.48489309  84.96157645  85.43755889  85.94849138
  86.44009902  86.93855588  87.47212856  87.96267554  88.42770988
  88.87310977  89.32875031  89.81721565  90.33275359  90.84451769
  91.29933188  91.75061728  92.23362328  92.6926065   93.11574226
  93.48969884  93.85631334  94.20753942  94.53708366  94.88471412
  95.23179977  95.5639458   95.84081271  96.12529876  96.43659382
  96.73072265  97.02152049  97.34048456  97.70946474  98.09676212
  98.44798255  98.75673558  99.07132661  99.34538181  99.55242125
  99.76903441  99.995193   100.2120603  100.41659975 100.66402707
 100.88300613 101.09793897 101.34234492 101.63332832 101.87495024
 102.1029191  102.31997669 102.53489078 102.77547251 102.93498117
 103.07567012 103.27577183 103.50436832 103.74111089 103.91803311
 104.082794   104.31848474 104.57828933 104.76110772 104.83915897
 104.95177153 105.07084883 105.25674906 105.4437858  105.60073408
 105.80027411 105.96390386 106.08131676 106.16374086 106.18309069
 106.22580455 106.29935586 106.37123064 106.41113466 106.50124997
 106.57826071 106.6782587  106.73341842 106.79843639 106.91453436
 107.07621009 107.15812376 107.28846747 107.45789217 107.61188348
 107.73479795 107.82013894 107.85307199 107.85546541 107.86161448
 107.89494664 107.93703077 107.9006677  107.88154793 107.87900239
 107.88319065 107.80691541 107.69120194 107.51999758 107.35837489
 107.17313303 107.0433186  106.94103365 106.85854033 106.76566121
 106.61726308 106.57699467 106.51503021 106.46298189 106.36545401
 106.24032171 106.14261366 106.09611905 106.11536875 106.14122547
 106.20390657 106.33643459 106.45555666 106.63119907 106.9175965
 107.16234362 107.33067148 107.49392101 107.63292739]","[87.25643917 69.66457353 65.02955875 62.13728417 58.77097869 47.24730393
 50.21136576 32.79576946 40.66825766 37.31477714 32.4050323  28.71768678
 26.6236095  26.12183153 24.40390769 22.96569084 20.05663032 21.52419969
 21.64684956 19.63796117 17.23750256 17.3472369  18.12446698 17.53873171
 17.229235   15.82328179 14.83828588 15.19564961 15.39439509 14.66019573
 15.40764659 14.06336947 13.96174274 14.31549708 12.69478654 12.87519187
 12.25120248 12.08526752 11.80438584 10.8211236  11.27614823  9.57840522
 10.15258009  9.25816524  8.87024936  9.05508661  9.03170961  8.05279461
  8.02696771  7.86743291  8.09420175  7.09602645  8.08640904  7.19670274
  7.29601843]"
