0.020117269441194095,0.026020862860313312,0.013110638526827308,"(0.02868100415004982, 0.01605600771539087, 0.04886499284001194, 0.011295262940146614, 0.039153430216223514, 0.014740463428204228, 0.03183357565922991, 0.015957018387065747, 0.01756873655015361, 0.030602077788451445, 0.023628427564433875, 0.023908522860956082, 0.016732177617084374, 0.0371113534404523, 0.023044616515745995, 0.02553059875188621, 0.061730580570602954, 0.0070848654329770866, 0.02044353696584775, 0.026450007811351782)",-0.4502903048573218
0.011521440453048117,0.0213810483507406,0.011731393038737388,"(0.00646695928073395, 0.04315339282641684, 0.01416495102772558, 0.02444520955534002, 0.012157117951719996, 0.02963279820116508, 0.007898791915006096, 0.03886190803852095, 0.017052350952062024, 0.01932114158855995, 0.01636155811064987, 0.02185800088399691, 0.019679833886108663, 0.020073705305286616, 0.03154717963601902, 0.01182325978557235, 0.006414018660182851, 0.04225655321352073, 0.009826510579333087, 0.03462572561689133)",-0.840446472566027
0.023998773917253812,0.014837720348890228,0.006506132506769397,"(0.009569306087474106, 0.016152936902209557, 0.010947639439650951, 0.017512133824308884, 0.016404179781635036, 0.012035864635699039, 0.012258785976614875, 0.013628171677320873, 0.008358111812251387, 0.02151195740609446, 0.03128962300393915, 0.006350226176514778, 0.012023312119171634, 0.018068172125545706, 0.008535672200263225, 0.024150306879259675, 0.019190028082736635, 0.008015741605043283, 0.022231197169826234, 0.008521040072245054)",1.4080644005992557
0.0006282714099071218,0.0008318780668634537,0.00029374174212896167,"(0.0007074928339659527, 0.000855967994791701, 0.0009988337696992431, 0.0006226888955075956, 0.0015881378851563155, 0.00039055556369558435, 0.0006739829830967526, 0.0008926423490121781, 0.0010899567950254853, 0.0005590274366340933, 0.0011968095767796209, 0.00052318188466852, 0.00048510955953052885, 0.0012958341564725839, 0.0007984905726902567, 0.00078390286228201, 0.0008158535866665144, 0.000754211281825182, 0.000661136750932189, 0.0009437445988367632)",-0.6931485306808803
0.0004831015132078742,0.000593640659851758,7.510359935168555e-05,"(0.0004835733410827862, 0.0007163273546298309, 0.0006696022692898356, 0.000518790689306199, 0.0006255277117356824, 0.0005553030862664056, 0.0005852415696282136, 0.0005918733096605428, 0.0005751937915966056, 0.0006029285815497958, 0.0005461292050056631, 0.0006364886263034107, 0.0007853779043845897, 0.0004428952056730597, 0.0006160519083600531, 0.0005643403497818224, 0.0005899029697569298, 0.0005878605518386219, 0.0006073707492918254, 0.0005720340218932871)",-1.4718222242087913
0.0019052777604846082,0.0031154020862152673,0.0005412329922686304,"(0.0029611208724555733, 0.003166690807738491, 0.0037985995586389586, 0.0024854998818724947, 0.003512871548211824, 0.0026908944832184584, 0.0032983570422716246, 0.0028512656226486453, 0.002508638389718827, 0.003757331090784945, 0.0026521590901023907, 0.0035636211823188908, 0.0027004793800643025, 0.0035107394118576696, 0.0030557186105543105, 0.0030970324660107586, 0.0023607879925523277, 0.003968806940736068, 0.0023473001649799924, 0.004020127187568789)",-2.2358657787255467
0.001521127199597682,0.0015144982707074716,0.0003547674785053883,"(0.0012407778792228599, 0.0017485410657513399, 0.0014948074493862779, 0.0014581450144095722, 0.0022151786099347585, 0.0009844448074421035, 0.001295585579181894, 0.0016769361329243577, 0.002176892756492813, 0.000999663561497496, 0.0014232689918882244, 0.001532693702055443, 0.0012069445591286411, 0.0018106199044331168, 0.0013030932148430173, 0.0016752372576461698, 0.0019524080160384439, 0.0011114837143680516, 0.0012779106984147812, 0.0017053324990900704)",0.018685277799807647
0.001307422923596362,0.002011352753467733,0.0004260107576265676,"(0.002593019551616607, 0.001485749225363986, 0.002720792777665746, 0.0014270814256404113, 0.002052095867485067, 0.0018927383225258252, 0.0016439484947625097, 0.0023465688945970343, 0.0019300168491747398, 0.0020046764597951867, 0.0017472372089896932, 0.0022257146566043093, 0.0014514247500673945, 0.002685931908843005, 0.0019816502920677877, 0.0019641492648839625, 0.0014296749851167704, 0.002699166615525175, 0.002065931435312722, 0.0018794860833167247)",-1.652375714156077
0.001989817931988356,0.002212919012894714,0.0004625999318409472,"(0.002301068471832346, 0.0020261616019944845, 0.0016375264260648217, 0.0028758159867372964, 0.0019822018492786577, 0.002375571603820733, 0.0017845456929970374, 0.0026137402843630377, 0.0023738966291974857, 0.0019728444975638513, 0.0023642878033414082, 0.001996156402595612, 0.002197720885205347, 0.002153017296455515, 0.002646084811267622, 0.0017848950781726184, 0.0032375143227416753, 0.0014450114436966818, 0.0016710041208804417, 0.0028193150496876084)",-0.4822765105444627
0.00752499437907191,0.0071114986583932175,0.001522133028701398,"(0.005368251859708786, 0.008785678225455517, 0.006598805757511238, 0.007391989756573401, 0.007042147547833623, 0.00692383549048698, 0.0056075254019115756, 0.00841969158464137, 0.0045629683404966445, 0.010490453113321297, 0.007458148266400639, 0.00658868239979021, 0.006578101962562537, 0.007534298828959094, 0.0074863984813501126, 0.006579416863247983, 0.004826276029976511, 0.009888635134144903, 0.0079683032966369, 0.006130364826855035)",0.2716554419894988
0.020712050498209917,0.013794779283416301,0.003875821627698673,"(0.02226517037936451, 0.007514692624751026, 0.020339298219029234, 0.008802407333720333, 0.017412875328177563, 0.010273258346105334, 0.01092833984559887, 0.015342194606701873, 0.017390320845942178, 0.009911827064694201, 0.014170482267105643, 0.012823212794543416, 0.012416287234152515, 0.014888495549500603, 0.012938507412908497, 0.014111218221775872, 0.009699349223134453, 0.017666533021976388, 0.015146366894187446, 0.011854748454955984)",1.7847238287126357
0.005107310606088841,0.006098566395289339,0.0011876320100840609,"(0.006189529706816472, 0.005672365068320416, 0.009174728454870789, 0.00393917927354647, 0.005357462117671871, 0.006742284648177369, 0.006030668103503694, 0.005824071371753138, 0.005959143301692535, 0.005964860606358039, 0.006989071229367356, 0.005204327524987865, 0.005793286609005091, 0.006323542546706385, 0.005427982792515771, 0.006713739131424094, 0.007202099990699016, 0.004927222135293481, 0.008027233080038583, 0.004508530213038351)",-0.8346489323156059
0.0022618212573001146,0.001983543557522094,0.0002663317427586343,"(0.0019792423054660877, 0.0019395879925079658, 0.0018374111516084404, 0.002109290853147806, 0.0023420328314131063, 0.0016544822320622178, 0.0017897306815309205, 0.0021450911179858104, 0.0021337565632705414, 0.0018063524566030434, 0.0017056989554356387, 0.002276983981849327, 0.0018145037492113328, 0.002145414221002614, 0.0017996390118544263, 0.002159418233461946, 0.0024484573074884768, 0.0015735140690132418, 0.0016268799717450051, 0.002383383463783934)",1.044853673451206
0.0030180767127211557,0.0034951283127814276,0.0006231641000972327,"(0.00273617162732736, 0.004270012467941718, 0.002597556477208617, 0.004587059582537226, 0.0037145442872102757, 0.0032016085659954956, 0.0037035680256796736, 0.003140725042773473, 0.0032005223906252963, 0.0036681282260881925, 0.003229758745433974, 0.0037072776123338908, 0.004868722031738248, 0.002466793894437275, 0.003831775576916971, 0.0031244280738925933, 0.003381323423251111, 0.00349491926355244, 0.003968636697583798, 0.003009034243100918)",-0.7655312621279647
9.282989734161058e-05,0.00010015959789271476,2.1365531825384932e-05,"(9.714835225747697e-05, 9.888367901962667e-05, 7.925627927348955e-05, 0.00012127981686436168, 0.00010035607572598711, 9.577323267671082e-05, 7.930654481615885e-05, 0.00012110458338064477, 8.706188608064786e-05, 0.00011035016278765765, 0.00014898051196106846, 6.45299421213622e-05, 7.389599262279018e-05, 0.0001301067095452358, 0.00010753037450636222, 8.940229187739268e-05, 8.40437712417387e-05, 0.00011434889007687096, 0.0001191586210449702, 8.067423997374133e-05)",-0.3430619284840633
0.0009807802515349638,0.004022272568677629,0.0030430512437346962,"(0.0066002087211326195, 0.0004729440671055473, 0.0019099826062054502, 0.0050061516924620585, 0.0073725345201717295, 0.001112396335227177, 0.01091546011192885, 0.00018975059169906554, 0.00915526948648765, 0.00039902499684428447, 0.0021298405750376057, 0.006029325566990422, 0.0053040525911887074, 0.0027281897875297743, 0.006428998625410558, 0.0018930040342635902, 0.0038690994203323045, 0.0017535471589754778, 0.004832217281424912, 0.002343453203134797)",-0.9994877093853609
0.004172213693624929,0.01587256329063755,0.007272960630727027,"(0.015584334860416755, 0.014161456393548757, 0.007640632712869941, 0.027567109792453824, 0.014124655845530803, 0.014796373842736325, 0.00732194102972781, 0.029470295497984942, 0.013556031731596847, 0.014992842404471721, 0.013943280668956318, 0.014445616364858306, 0.0173594618440886, 0.01269660425553423, 0.017638044336158256, 0.012310440962302565, 0.004899143377449583, 0.03517011706804214, 0.015387502963411329, 0.01438537986061195)",-1.608746450184348
0.01648068024138595,0.012533341749609293,0.006050553288927893,"(0.009319816509523788, 0.014686963327050842, 0.013420163972154661, 0.009482346685863376, 0.02174522408667424, 0.005747567698550908, 0.01294358580749259, 0.010222199700414157, 0.010843697136951136, 0.011124656738125032, 0.005641838114532065, 0.020956865842736642, 0.011398043753483654, 0.011988798698198515, 0.01742912437610832, 0.0076676422976020625, 0.028687398009792052, 0.0032835122035084776, 0.014738733656366408, 0.00933865637705689)",0.6523929801593554
0.005372554854359518,0.009646989182430775,0.004343717573528284,"(0.011914549544822153, 0.007119862003692125, 0.006970379318823542, 0.011465735204300567, 0.009603049701317217, 0.008167550101385196, 0.008406968773490063, 0.00982239794888693, 0.0031411436096525453, 0.02438536516256797, 0.014897881116836225, 0.005036983170547539, 0.01216165848964558, 0.006968106315515817, 0.008451829842531601, 0.009853891121606798, 0.00925993522194901, 0.0067990761996847135, 0.009898729791623097, 0.008614691009736832)",-0.9840497812566691
0.0009393661461450231,0.0009236652738316932,0.0005059732031667189,"(0.0004623018501542393, 0.0014108269263294678, 0.0005427837205884219, 0.0011989296897790898, 0.0019080051686875738, 0.00033928663466959986, 0.0003013608419123629, 0.0021635420437571638, 0.0008434591938732973, 0.000769842228061148, 0.0005811117007074408, 0.0011112396411117273, 0.0009414825662638655, 0.0006933824732808024, 0.0008644896870121572, 0.000755431561557176, 0.0008022483534796756, 0.0008042478305732597, 0.0015609265311932348, 0.0004184068336421534)",0.03103103527037283
0.0006114507527744422,0.0005934814124472909,8.529238581185185e-05,"(0.0005844518852282053, 0.0005915688032882316, 0.000651328202152128, 0.0005305162691876664, 0.0006169610528731193, 0.0005597862862104075, 0.0005604902673276588, 0.0006167280845684059, 0.00048359451257507196, 0.0007142251612080707, 0.0005062759757706076, 0.0006818651870374665, 0.0005666301282517566, 0.0006102019381743595, 0.0005680866579241106, 0.0006085766461661464, 0.0008229017784842974, 0.0004189992495228909, 0.0005735160347937707, 0.0006029241282014476)",0.21067930221567732
0.002211594157592589,0.0030616320462902636,0.0006306920787187948,"(0.0022032911043595466, 0.004104417172349665, 0.0024269281110865103, 0.00371448053572731, 0.0034741458230759335, 0.0025927172248063094, 0.002746184107589384, 0.003288210464552302, 0.003240239022554952, 0.002775746426850555, 0.003171708668868778, 0.0028331719093609114, 0.002465526192603054, 0.0036676096682790923, 0.00282540274707768, 0.0031974020261156424, 0.002992796858860953, 0.002973444110021524, 0.004552149438203346, 0.0019870693134618187)",-1.3477858964464322
0.000998617379996985,0.0014876243560630771,0.00028158601053193726,"(0.0020933416133430967, 0.0010239221394378378, 0.001217650459004139, 0.0017571596206376265, 0.0017747463429126297, 0.001204790409543275, 0.001220251084986296, 0.0017551606938862078, 0.0012309078630039025, 0.0017360664893020215, 0.0017013771654796424, 0.001255109344453921, 0.0012866241169645122, 0.0016658929896000486, 0.0012469427832255964, 0.0017180500528404718, 0.0015849862403595435, 0.0013405268106966362, 0.0015944243033432573, 0.0013445565982408765)",-1.7366167273094317
0.002393447523205055,0.0020200499158590213,0.0005378256425550906,"(0.0013346173739122106, 0.0028695780073059174, 0.002125637450363824, 0.0017974731888020213, 0.0020301360036934016, 0.0018796908724047765, 0.001176746921380101, 0.003251391384360419, 0.002206447758892168, 0.0017288339443825216, 0.0019858261957399954, 0.0019183606647249017, 0.001397748902988754, 0.0027400531703022472, 0.0026010989825125384, 0.0014715686797442625, 0.0023713463255000183, 0.0015969538812843087, 0.0020342129493863964, 0.0018832756594996387)",0.6942726002652169
0.0017389754648436905,0.0022204079476889193,0.0006000628147832452,"(0.001962029624151047, 0.0023529891051806834, 0.0013121223589734224, 0.003510329631367687, 0.0022388125788485426, 0.002053824373467143, 0.0023217094710318493, 0.001986723521919138, 0.003165844260756345, 0.0014525485149911271, 0.0030032540598042027, 0.001528426508997406, 0.0031060046692066973, 0.0014865360190829244, 0.001878298822366491, 0.0024570578096491224, 0.002338768835619766, 0.001952687800194645, 0.0022158546555351463, 0.002084336332635003)",-0.8023034772103517
0.007702891781892718,0.006862413994331628,0.0016456241887508882,"(0.005662615403186861, 0.007960287822300282, 0.0038732853807329983, 0.011553705571658884, 0.006524493608028217, 0.006820641197772242, 0.008601948999142805, 0.005226048522303731, 0.006861732557304409, 0.006488668213738562, 0.007793803457119733, 0.005679026490164045, 0.006960579929432138, 0.006478647286246998, 0.007970947808275869, 0.005649694991116881, 0.005319914508864293, 0.008190555826218778, 0.007963515106806178, 0.005668167206218655)",0.5107349498788392
0.017492200151706452,0.012953752202909695,0.0027369607986676213,"(0.015120492070598348, 0.010816174104522406, 0.015205185934161912, 0.010608904488761553, 0.008379961275882851, 0.019044464257455884, 0.017003249059085578, 0.009569273456293667, 0.013506345171960258, 0.011828173961152575, 0.016722911879316803, 0.009445605620241883, 0.01325154837325284, 0.012351780371398847, 0.014206748616195813, 0.011491566985066209, 0.012739204791144659, 0.012036862089813555, 0.011553681403572526, 0.014192910148315748)",1.658207143853181
0.005049995550498734,0.005908860749589871,0.001406932060423961,"(0.00800852762001512, 0.0041585419884390355, 0.006218402930038296, 0.005324434338300469, 0.007965472743694066, 0.004135852207669058, 0.004925664949948601, 0.006747011698964694, 0.005182107960955929, 0.006362593469327325, 0.008219826610005927, 0.003990082828563093, 0.0068129609545780215, 0.00489045511340655, 0.007530956853405764, 0.004419811084162036, 0.005544400955203168, 0.00584482955293775, 0.007372151470239931, 0.004523129661942567)",-0.6104525038915731
0.0021817200422530017,0.0019996552698805475,0.0005003585199983754,"(0.0018511134932410439, 0.0020472312421554186, 0.001929415444494936, 0.001960260639798585, 0.0016996320790424763, 0.0022216052411624322, 0.0018808735886266669, 0.0020133853247599337, 0.002289559822621488, 0.0016495920502666293, 0.0019110358332488039, 0.0019728864251655613, 0.001412116638219156, 0.002684048522683809, 0.0022889321167028145, 0.0016553035316093625, 0.001073413021210501, 0.003497945741076154, 0.0016326877543552077, 0.002322066887169957)",0.3638686363790614
0.0041577954592886875,0.0034525291775492507,0.0005961451960887628,"(0.0044030485100734216, 0.0026382563700708323, 0.00342845898067182, 0.0033820464682776815, 0.0042426284772732305, 0.00272273194997772, 0.0036223008759369035, 0.0032058150325435745, 0.0025971672228835936, 0.004457032557569417, 0.0034212915958546962, 0.003369985612173336, 0.004284533877971011, 0.002712903240938902, 0.003199886447476084, 0.0036332348996048853, 0.003449711756343154, 0.0033382359655265014, 0.004117115483050011, 0.0028241982267682296)",1.1830444770277517
0.00012218846787691914,9.848172665911483e-05,9.473130524808993e-06,"(0.000100413723102852, 9.574334040424465e-05, 0.00010980058863831492, 8.755648198290029e-05, 8.990892977825395e-05, 0.00010691489501007242, 0.0001073153079430813, 8.958661119598047e-05, 0.0001085898491626876, 8.85296582951081e-05, 8.739088150437769e-05, 0.00010999096019239339, 8.598359160070413e-05, 0.0001118141068265685, 8.649799420944553e-05, 0.00011115144395868639, 9.812336424379675e-05, 9.796737759941215e-05, 9.321605112466561e-05, 0.00010313937640875103)",2.5025244987091853
0.00413723365550256,0.008029577964441936,0.0032557058289297432,"(0.005978428179399599, 0.010188398116941982, 0.010987981160250224, 0.005248310945296951, 0.003344643275962464, 0.010582425773492402, 0.009070138673270164, 0.007004964386365753, 0.012238816332182262, 0.0041474903779960765, 0.0021447191152186742, 0.014120464243690822, 0.005617527847940179, 0.012013847133443955, 0.007107768877095057, 0.010433602794375009, 0.007404387162480759, 0.005893087879941007, 0.006643078377159102, 0.010421478636336285)",-1.195545455720401
0.01948998262636379,0.022608043279190845,0.010566162124700382,"(0.020989035164314298, 0.01943039340302136, 0.033169996768483166, 0.01259043226269802, 0.010355836224365325, 0.0377912695036016, 0.02619509748952532, 0.016483916678920466, 0.022261856905067885, 0.01941874765812124, 0.03571387492003739, 0.011781397332559881, 0.027018733857618007, 0.01601589036116937, 0.027681476671858336, 0.014444011655863417, 0.00850761227288884, 0.047786777758729665, 0.012828678983571972, 0.031695829711401426)",-0.2950986948740834
0.020958980653761644,0.01742580103570308,0.005818925304976906,"(0.020821978785837175, 0.012798764454784142, 0.020986638683484597, 0.013171271359717128, 0.018727902665493058, 0.013329619780383758, 0.021960425619662986, 0.013251809421538818, 0.027447207758509215, 0.010619016292011556, 0.009653868698030896, 0.028954846393270114, 0.01756019117101778, 0.016634345173589048, 0.010540919236237963, 0.024465020017309, 0.019788931617363906, 0.013367900602883636, 0.011590172978831718, 0.022845190004105176)",0.6071876562905263
0.006537529010529391,0.01482312158879668,0.008596253159947423,"(0.035843451214618745, 0.004378137827285012, 0.018853839870294393, 0.008546940039382092, 0.023484181664536807, 0.00636638723690665, 0.012652883566361626, 0.013219479439461947, 0.011440910363674653, 0.014633767099367034, 0.00965098042160837, 0.016829180798137198, 0.01022573470391402, 0.01640565199658753, 0.005433176410016388, 0.02816371238696621, 0.00867944497326728, 0.017954388564213625, 0.02815970376925136, 0.005540479430082651)",-0.96386093151286
0.00046819463546557535,0.0009350496634093635,0.0005015620951259748,"(0.0007242415957584474, 0.0009188564503413793, 0.0016247816630075881, 0.0004098764288240996, 0.0005535384783345884, 0.0012004745582600423, 0.001100504405979476, 0.0006057741592751574, 0.0010584500779253212, 0.0006298405886210927, 0.0015734941297145403, 0.0004232985865266501, 0.000823780345441612, 0.0008093718706922483, 0.0005117756127009376, 0.0012989782611340587, 0.00030572224315792915, 0.00217470681526596, 0.0015142314327194484, 0.0004392955645066918)",-0.9308020531865164
0.0005323093644732912,0.0006002037055182933,0.00012052198640698246,"(0.0005946724184399893, 0.0005844920011807324, 0.0005520787345709325, 0.0006297114113795346, 0.0005007832414725356, 0.0006938076524391271, 0.0005554113538704361, 0.0006261056032458404, 0.0005895925583071776, 0.0005898081559968083, 0.0006123526903540492, 0.0005677574037534928, 0.000625439960296284, 0.000556019602151915, 0.0006377758415502684, 0.0005448613802567693, 0.0007082555944015928, 0.0004906946892357366, 0.0003492167007556506, 0.0009952371167069928)",-0.563335728766819
0.0025510545436334027,0.0031059422685707078,0.0005623015982705078,"(0.0030269734946841904, 0.0030919079468168832, 0.004865042695561891, 0.0019257117005286944, 0.0028459507713236285, 0.003282576457744464, 0.0035123136908969763, 0.0026712075790268977, 0.003377224172217947, 0.0027781737300051996, 0.0030174096423244484, 0.003105836713315533, 0.00311933066180708, 0.0030080498409964422, 0.0034139655875347593, 0.0027389002236051147, 0.002604847734177238, 0.0035922053733902747, 0.002803708944960496, 0.003337508410495988)",-0.9868151302503748
0.0012932324178010783,0.001487496190733596,0.00017130416767032296,"(0.0013713588990235614, 0.001592815227721304, 0.001178614781192758, 0.001854375170641242, 0.0016438316021284334, 0.0013273650286592072, 0.0014557068265278997, 0.0015026265323602, 0.0014668250197905856, 0.0014912639308619826, 0.0013660715654937707, 0.0016001831477190044, 0.00150765639348436, 0.001450950671656524, 0.0014949965944279853, 0.0014602449109621383, 0.0011983466904881706, 0.0018224469249636661, 0.0013695047993569293, 0.0015947390972121972)",-1.134028293499437
0.00269494115546673,0.0020402810845856446,0.000515348564758918,"(0.001921835125275514, 0.002038324874444558, 0.0017934586040467765, 0.002185940820089163, 0.0014028900883818667, 0.0027881642576295775, 0.0016134004181060245, 0.0024325592515262694, 0.0018313381327100485, 0.002143105663397173, 0.0031459016466895756, 0.0012464600645903062, 0.0018610528493288123, 0.002109079844814641, 0.0016747341192084667, 0.0023370958400243756, 0.001417545445396909, 0.0027625034859244486, 0.0015147348948474988, 0.002585496265280884)",1.2703248163451037
0.0023973780553175643,0.0021987603824927334,0.0003663684916078933,"(0.0019989151542202975, 0.002354596236050207, 0.0026966062431566374, 0.0017467587621591669, 0.0024910211949417354, 0.0018865859343655531, 0.0018100559234246862, 0.002605139656930382, 0.0021528975025710433, 0.002190295088363576, 0.002368926349983588, 0.001988782475969839, 0.002928720202618146, 0.0016102600532590945, 0.0017984188753153605, 0.002614734111521928, 0.0018472714409224276, 0.0025467420412090868, 0.002150189619257149, 0.0021882907836147597)",0.5421254211931574
0.008947768511690216,0.0070551109894656785,0.0011951504633667823,"(0.005482965937681876, 0.008822583204201125, 0.007714501805817694, 0.006286110110854371, 0.005011729747179575, 0.009605837995783649, 0.008297150347615419, 0.005864901037651465, 0.00686289142889663, 0.007090727905232553, 0.006860905215871689, 0.007072731255909356, 0.00701841720491584, 0.006936073665291255, 0.008706873325244863, 0.005539798645651462, 0.007928977128179773, 0.00609195484292874, 0.0067978502253083885, 0.007109238759097827)",1.5836144320212642
0.012882611488691851,0.013878304280706598,0.0019988514770724673,"(0.01536362512860341, 0.012259594859368873, 0.01151196497743978, 0.016440838455947522, 0.013455714930644834, 0.013867255829960226, 0.011312062427924405, 0.016844454080468238, 0.016136198152631204, 0.011809023524478239, 0.014750856025691378, 0.012846956637328318, 0.01114534598751825, 0.017108941737718337, 0.013270142337339362, 0.014113948205363975, 0.014169580281507024, 0.013254823748992221, 0.01653470425152895, 0.011370054033677364)",-0.4981324542797175
0.005963218367932713,0.006161439804465083,0.0012500121968083598,"(0.005398914903379592, 0.006757754493277185, 0.00513149556777441, 0.007124468355023695, 0.007575489711001564, 0.004797059047168179, 0.0068584645296725375, 0.005345675854423197, 0.00457513584133589, 0.008013650345687478, 0.0069061224992533555, 0.005296488731367809, 0.0060450632454468085, 0.006066884574838746, 0.006648831860512421, 0.005474127572429715, 0.00398442848959493, 0.009145042854964681, 0.005820028005546366, 0.006263669606603107)",-0.1585756019329144
0.002130359910727149,0.001991098885988605,0.00027988855692453226,"(0.001632730519785412, 0.00238207228400604, 0.0020740362612116686, 0.0018764872810214696, 0.0019108518595533262, 0.002032706683366519, 0.002025203397319939, 0.001923533648849869, 0.0022006458178474224, 0.0017701904014230628, 0.0023300359116056194, 0.0016706057943217732, 0.001865360797157728, 0.0020885776825912685, 0.0021809791514413885, 0.0017818579810690112, 0.0016170916469051295, 0.002404101620620123, 0.0024989753294619365, 0.0015559336502133936)",0.4975588365196854
0.0031624831453062525,0.0035041464522884876,0.0005094154893295467,"(0.003074118411513702, 0.003913991347094576, 0.00367752002667787, 0.003273752266755677, 0.0029742315149221526, 0.004040634300962816, 0.0036768189697920094, 0.003277166501668009, 0.003640929029724751, 0.003309460122818186, 0.0027995178637294955, 0.0043010282838662015, 0.0028799289734332046, 0.004184419585050172, 0.0033724716362924737, 0.003564776520213704, 0.0026704734021373937, 0.004502466840566807, 0.003262939167651341, 0.003686284280899199)",-0.670696738004386
7.250033705265984e-05,0.00010252561342623625,3.1032492566007354e-05,"(7.27981931340955e-05, 0.00013218826206526038, 8.85791930577526e-05, 0.00010863842486889933, 8.317854487057143e-05, 0.00011569071149653598, 0.00011433968803789272, 8.416301879444934e-05, 6.810710689670986e-05, 0.00014129472359046064, 7.293146184760822e-05, 0.00013194724554620266, 6.306267166800157e-05, 0.00015259710265437903, 6.048475656028654e-05, 0.00015909766686652728, 0.00012610776006321398, 7.630713775721499e-05, 0.0001161452172753151, 8.285338147334819e-05)",-0.9675431746164586
0.03744130397519844,0.03262805031290096,0.005658518584542324,"(0.027919093017900624, 0.037472549073779136, 0.028232866487807425, 0.03773539510762953, 0.030809624090543865, 0.03226416309358192, 0.030970515877069803, 0.036488964585017235, 0.03607378985930104, 0.031446508392621635, 0.03576848045587539, 0.02954133074785756, 0.036134768702592225, 0.03142430523666581, 0.03830698601873774, 0.02507586380962522, 0.045003455199039415, 0.018699375078672267, 0.0292257798439449, 0.033967191579756334)",0.8506208100908422
0.010630815552856943,0.031685698149037496,0.008154160379604035,"(0.033767541703725784, 0.028884385548337995, 0.03537236993703053, 0.027603175885078428, 0.02468662358296117, 0.036129001262529166, 0.032506980654233984, 0.03083199878614341, 0.044990185389501676, 0.021396854326842248, 0.021744890149226384, 0.04432066802680776, 0.03462784530971188, 0.026681451115892835, 0.01973806373861467, 0.044597156282247544, 0.023346733482529455, 0.03857690167190583, 0.023321678104268693, 0.04058945802316053)",-2.582103075731137
0.0225213265307617,0.012913498434999567,0.004900136411080719,"(0.010650371051959763, 0.013713682148399867, 0.018250256426445562, 0.008002036937407855, 0.014921427918321031, 0.00966243111729177, 0.015789316507155225, 0.009287174511167437, 0.007028001543113897, 0.020737530811586774, 0.00921297820213298, 0.015822363467548672, 0.009016425312593527, 0.016071582628043566, 0.023870804474511335, 0.00602838225640559, 0.016560819816841127, 0.0087180472327501, 0.015615931275664043, 0.009310405060651164)",1.9607266593713333
0.010778980827181778,0.009103205945220355,0.003131860909514378,"(0.014688029761321452, 0.005072464859379575, 0.008802059324224532, 0.008480260387542224, 0.01480008809670289, 0.004953273132486118, 0.006928581203330621, 0.010803397396577754, 0.010046230939869928, 0.00740988981074017, 0.014616659963810882, 0.005093202476793117, 0.010583772983963614, 0.006972974295711411, 0.011984648208612378, 0.0061026252711284595, 0.009729857375333087, 0.00754863966215895, 0.010098890250900328, 0.007348573503819623)",0.5350732137785988
0.0005520654797175319,0.0008893320908562445,0.000430612306255517,"(0.0008913696226737609, 0.0007193530634144753, 0.0006138173360975356, 0.0010453210902369192, 0.0006445161655868329, 0.0009948981881873946, 0.0004301827950809508, 0.001490391124835976, 0.0003141068459769718, 0.0020426162917186654, 0.0006304965656745365, 0.0010175891059096174, 0.0012124985353715251, 0.0005289103135386672, 0.0015793145817872758, 0.00040601204568143317, 0.0009070340603579983, 0.0007069868392557941, 0.0007195447139216526, 0.000891682531816906)",-0.7832256678205223
0.0005968600031747198,0.0005976932295860857,0.0001054565762191946,"(0.0005886983562303832, 0.000589595163065307, 0.0007707637239106273, 0.00045036601459801817, 0.0005399296537916621, 0.000642803638619727, 0.0003938411156550643, 0.0008813098324190848, 0.0005389691575930771, 0.0006440422215866034, 0.0005988089416963619, 0.0005796790583049421, 0.0006504160200351108, 0.0005336348151394599, 0.0006581254911104544, 0.0005273542272440193, 0.0006269555568029562, 0.0005535852455046446, 0.0006552175013659016, 0.0005297688570483068)",-0.007901132781269173
0.003067866671825303,0.003050423414933333,0.00040931068017378445,"(0.003360292327343257, 0.002723212654674767, 0.002827536875258829, 0.003236339843040009, 0.0029638108046957765, 0.0030854598199397706, 0.00318154945595125, 0.002876786017645216, 0.002763002859545061, 0.003311580790029751, 0.002293349566107889, 0.0039897903639137455, 0.002462750604891255, 0.0037141861188857267, 0.003457886788812809, 0.0026443398578095394, 0.0031579913018252165, 0.002895948947223472, 0.0028308905417586093, 0.0032317627593146914)",0.042616178215931576
0.001800291898109751,0.0014956319932560734,0.0002553733234343099,"(0.001141666887648153, 0.0019057922269965662, 0.0016152680370327276, 0.0013471016675007355, 0.0017197479505066547, 0.0012647326328469556, 0.001422343494643343, 0.0015298611620762884, 0.0017871694009131247, 0.0012174544196952282, 0.001215574037208529, 0.0017899317083287056, 0.0011450931830510292, 0.0018997110776787956, 0.0012263932871991136, 0.0017734221893497093, 0.0015151621330512345, 0.00143556512106567, 0.0016056624740932552, 0.001354986774235643)",1.192998159543652
0.0018220047740204863,0.0019816555190852476,0.0002103619999261339,"(0.0019169016874473895, 0.0020269550548837442, 0.0023155212710517, 0.0016783556077267373, 0.0017936181661960485, 0.0021654126125941497, 0.002309646087550729, 0.0016824301826138782, 0.0020939756438474776, 0.001855776761829002, 0.001974179941213922, 0.0019683656298432315, 0.00196378068828279, 0.0019781634926283103, 0.001671814416102465, 0.0023230496808920535, 0.0022266262037690583, 0.001744406690023039, 0.002030340846678059, 0.001913789716531164)",-0.7589333868323213
0.0019365247680048,0.0021922566402391894,0.0003721780763717249,"(0.002536232087553185, 0.0018438021538429077, 0.0019464317143647923, 0.00240327231252568, 0.0019121439095920907, 0.002444801894853406, 0.002398585830193866, 0.001949699512427125, 0.002679376169080841, 0.0017457167264081468, 0.0015745271520669916, 0.0029706332002139317, 0.0020812436553793515, 0.0022465812679764237, 0.0022700032814593906, 0.0020592948631563412, 0.0026196379875908817, 0.0017846222746021336, 0.002529475654983542, 0.0018490511565127628)",-0.6871223440334218
0.009039036992395917,0.007149374253570747,0.0010009342961921977,"(0.0076751081049097536, 0.00653765909933541, 0.0073960540083282894, 0.00679172658447333, 0.006959005129346583, 0.007203460101819216, 0.008546531817165824, 0.0058717389853957394, 0.007035944551478894, 0.007137535590226428, 0.0074767301513268165, 0.0067163119198927835, 0.007085361643117866, 0.007079135423922159, 0.005333434285905318, 0.009397736969643768, 0.00784508040576033, 0.006390933652256376, 0.008806730088641353, 0.005701266558468662)",1.887898882088381
0.0170301851605682,0.01376696824596305,0.002517173077144663,"(0.012019973464716708, 0.015280245277622853, 0.01181150801026801, 0.015583695641510726, 0.011067158243693623, 0.01656552736735434, 0.010838215290436451, 0.016949741120475776, 0.01405878789203865, 0.013086280183486352, 0.009198890060555681, 0.019997368630177037, 0.012069767368494397, 0.015206599676961105, 0.015014733127240628, 0.012207129341006545, 0.012155637807479365, 0.015087081361964502, 0.01407008221617691, 0.013070942837601289)",1.2963816212061021
0.005937124544004908,0.006084866486536677,0.001136566292923983,"(0.006401599329658844, 0.005593612996155326, 0.007892022128796448, 0.0045417639415141495, 0.007794618429137013, 0.004591070452959154, 0.006553268644676632, 0.005464307373926621, 0.007437647844198395, 0.004818306985977149, 0.007627290489245202, 0.004698236997153346, 0.004899488649513166, 0.007307135316101568, 0.005637262688084546, 0.006347487396013312, 0.006074958868617168, 0.005891427755119245, 0.0070255154354399085, 0.00510030800844634)",-0.12998972734945435
0.0019075417007419998,0.0020298941112460614,0.00045754958420702934,"(0.0016494090536843216, 0.0023808287769759916, 0.001616352952327048, 0.002430279087841262, 0.0030187662063804587, 0.0013005355163105807, 0.0014301067325192549, 0.0027459824799707785, 0.0018033090177968052, 0.0021781768918885023, 0.0021311025919378045, 0.0018431086927871861, 0.0024675929452125283, 0.0015912745485967207, 0.0017537382415901248, 0.0022385782061174193, 0.0015986888981159638, 0.0024558798865692536, 0.002012588288156909, 0.0019515832101423027)",-0.26740798096474777
0.0031621355738161855,0.003621149770508706,0.0007068796614903167,"(0.0023740691063563477, 0.005327719646600194, 0.003826611642347504, 0.0033071166780416486, 0.004312696044269832, 0.002932802288669993, 0.004355092744675219, 0.002904046843978742, 0.004026209396095894, 0.003143011049882919, 0.00400770485080057, 0.003157464090768572, 0.003142423308879175, 0.004025430522233337, 0.003607044823086606, 0.003506510288374903, 0.00427337292564902, 0.0029599134152107783, 0.004270621408659994, 0.002963134335592861)",-0.6493526716057715
0.0001532277319812222,0.00010002070891772641,2.029318248698013e-05,"(0.0001437255018572624, 6.696866369863869e-05, 0.00010360579432400309, 9.290201288716273e-05, 0.00011016378764380816, 8.737131292144818e-05, 0.00011081608244782812, 8.685635651228201e-05, 0.00011007008569169576, 8.744598694603705e-05, 6.884824442406423e-05, 0.00013980297791088407, 0.00010014068241865839, 9.61162909669752e-05, 8.120118558253333e-05, 0.00011853467766767175, 0.0001165878181910026, 8.255718752053403e-05, 0.00010524011228063477, 9.145941646140337e-05)",2.6219161581793684
0.05340447808219516,0.06182367757853879,0.008856827067768178,"(0.07730269822201363, 0.04358089952092494, 0.05644637304322025, 0.06854365970361308, 0.059602871231729575, 0.06389013288314814, 0.04436751097108213, 0.07240101187521238, 0.0595059012929124, 0.06546953859323204, 0.06659900454301303, 0.05901198605287941, 0.05444981763927131, 0.06845203897234788, 0.06350595733451102, 0.060240978014644175, 0.07436754055979772, 0.05199772635937072, 0.06157166794770486, 0.06516623681014704)",-0.9505886737907341
0.02847235847693088,0.021547996185357212,0.009431845405374423,"(0.04491129382052911, 0.008068846581967146, 0.021176337568256372, 0.01873119570552952, 0.017371692356396136, 0.02344149057512522, 0.029039027475446025, 0.014022235969613514, 0.01670093644092267, 0.023330695420347734, 0.03253631052465477, 0.01109236899860854, 0.019323246039299215, 0.01963863770136029, 0.018909062940864155, 0.021109307618829832, 0.011863765455161494, 0.032923980654918854, 0.036002589005555946, 0.010766902853757702)",0.7341471360024678
0.013419079577334212,0.019522365603010697,0.007295007737140817,"(0.010912803539847846, 0.02691143610114987, 0.01255572038184833, 0.027965305100619772, 0.016872582357007993, 0.021730187189050423, 0.018330385141295796, 0.020035528943556494, 0.014542362094054977, 0.023191615455742467, 0.021199170736249388, 0.013746230972949667, 0.013737305137751746, 0.022616145619996673, 0.031526581468218254, 0.011222914138853738, 0.034154722938932854, 0.009905531276897599, 0.012164550856762914, 0.02712623260942704)",-0.8366387323488416
0.019529625140386014,0.014835073631431628,0.008045928585254863,"(0.010655593715507653, 0.014384536688961752, 0.022238844815702763, 0.00790976251576501, 0.011777609049770571, 0.015363573581813863, 0.011331659673604675, 0.016005716041613164, 0.02331683966361925, 0.0072928421877755814, 0.004388744945320815, 0.03473391118364784, 0.004957127475219993, 0.03161815760418755, 0.017741426389071304, 0.009946356508396101, 0.012383523699465396, 0.013752914411829981, 0.017308950131522498, 0.009593382345836857)",0.5834691992615643
0.0010212823056773702,0.0009758172843822405,0.000586808214280602,"(0.0003229290844114969, 0.002106621569018773, 0.001848138463647362, 0.00037023568287430236, 0.0004833884448045785, 0.0014135499751409262, 0.0008922644026944542, 0.0007664006695993776, 0.002320975368978517, 0.0002940380760816312, 0.0008595294446087745, 0.000792298375374814, 0.0007883701491605064, 0.0008498865777002506, 0.0009310636241578502, 0.0007343763840512567, 0.0005311051145255076, 0.001284828100679823, 0.0014624743382591272, 0.0004638718418754794)",0.07747850181488608
0.0007686538175354898,0.0006008075302561361,0.00011955064050333946,"(0.0004592116184109024, 0.0007566100749875907, 0.0006951818518264322, 0.0005003125827157897, 0.0006135438800085164, 0.0005668839112271883, 0.0006297813754082986, 0.0005523059772845441, 0.0005996258911444974, 0.0005798308110396559, 0.0008141414231141824, 0.0004267747347193602, 0.0006454510756580122, 0.0005377791032937332, 0.0007801172662251131, 0.0004458103506615338, 0.0005017570925134479, 0.0006929212036937001, 0.0004559108475064746, 0.0007621995336837441)",1.4039764786928535
0.00369039259675622,0.0031531916167349336,0.0007867825480333958,"(0.0033050633700649566, 0.002827713321130959, 0.002597731011564952, 0.003614731256896327, 0.0018995937813080005, 0.0049487913720871165, 0.0040185648712288136, 0.002339428547985221, 0.00417493954304809, 0.0022467367640845266, 0.003243868098951533, 0.0028804691632757086, 0.0031165414208296697, 0.0030030185165528197, 0.002327614297755064, 0.00403499391385692, 0.0027906108746066777, 0.0033615358954548168, 0.002360427679200216, 0.003971458634816285)",0.6827820232719303
0.0014308662275769309,0.0015051394865874476,0.00030735773949165434,"(0.0014905257389241312, 0.0014587389187570958, 0.0016984366340619566, 0.0012836799089691435, 0.0010000877326870276, 0.0021811190500979813, 0.001353883615962442, 0.001611251495502781, 0.0012418300544431817, 0.0017544214861861308, 0.0015966737692147646, 0.0013616293894183858, 0.0011443289617175181, 0.0019002730004728165, 0.001739627004217698, 0.0012533156590685266, 0.0015224364544102658, 0.0014310851125680453, 0.0019793998600305773, 0.001100045885038481)",-0.24165085002693892
0.002155171281268109,0.0020103018640078227,0.0004409271056921711,"(0.001982439863127868, 0.0019457331994510254, 0.0023040891580510176, 0.001680509583970225, 0.0019739245673383167, 0.0019623987661297037, 0.0015300183892733206, 0.0025321252853041185, 0.0016927716055920884, 0.0022848099451064094, 0.0019824155844213103, 0.001945634286326959, 0.001691521951871671, 0.0022777701261562358, 0.0012219847340913003, 0.003168354375184612, 0.0014762779777092877, 0.0026198620964137873, 0.0020371655683440377, 0.0018962302162931583)",0.3285563880970056
0.0022157522797147835,0.0022031926543799583,0.00044274466690659913,"(0.0028969036180645363, 0.0016090807356596922, 0.0018599382144883774, 0.002516244483541495, 0.0015640981779952898, 0.0029925814594051175, 0.0025905937876515854, 0.0018072122820911609, 0.001889531483126326, 0.0024735433999835007, 0.002775233940005477, 0.0016797131006771623, 0.002107807628392308, 0.002205189984866989, 0.001959950412858192, 0.002387330406056934, 0.0017712016661033752, 0.0026387184479937337, 0.001966429470907046, 0.0023725503877308706)",0.02836764906187975
0.006253029175645396,0.007057156385771761,0.0015055510233204514,"(0.005143528201654968, 0.009221343759858128, 0.0073065345229167255, 0.006574947452062129, 0.005946466865771092, 0.008081389683754952, 0.010704071830787167, 0.004492850924390882, 0.0065440241402259045, 0.007309621693063237, 0.008293887842625185, 0.005719941979020099, 0.008310858377452482, 0.005651909926396096, 0.005836146129334899, 0.008225499540230177, 0.006262161820173319, 0.007637868546824318, 0.007722505741703562, 0.006157568737189915)",-0.5341082418800291
0.015026857731652528,0.013658601538474386,0.0013145075878108268,"(0.013714925639381556, 0.013320610732388685, 0.013838986708571246, 0.013539454794847987, 0.016206908045417256, 0.011568773934546736, 0.011519674805719164, 0.016300175053798126, 0.013156697709510225, 0.014121092339056422, 0.014970940154143858, 0.01220828108269546, 0.012834244272319729, 0.01396415430510439, 0.014235441685846345, 0.013143495976094498, 0.012961749481298091, 0.014330650541548997, 0.012267086220550618, 0.014968687286648366)",1.0408887752841562
0.005303233429333237,0.006011513430826313,0.0011150556663760147,"(0.006211424524743329, 0.005602949309074244, 0.005805755253127958, 0.006059479674983667, 0.00450131392027834, 0.007816148156338475, 0.007839627921486287, 0.004490898608480564, 0.005335562248830184, 0.006569041981586783, 0.007136561144860492, 0.004877965803783974, 0.006144308883897544, 0.005611455633631766, 0.0057404890286956315, 0.006124222036926548, 0.004641070654500109, 0.007551308056423748, 0.0046125572923127875, 0.007558128482563832)",-0.6351969886804132
0.0020752007139232566,0.0020126151970327475,0.0004465868226377449,"(0.0018417168771193545, 0.002098448452891365, 0.001955795758490989, 0.0019830723695669684, 0.00322462179183962, 0.0012028081510505146, 0.0016370370970838215, 0.002369812607180932, 0.0014900116578155688, 0.0025998163178962783, 0.0016378467324007814, 0.0023598642796589246, 0.001946422643839144, 0.001979487912243337, 0.0017789933999965656, 0.0021796721256517725, 0.0016925417548937433, 0.002288649104263306, 0.001669622527555565, 0.0023160623792163977)",0.14014187996155056
0.006771513622707213,0.003462844612268829,0.00031491422872821314,"(0.0033265167314055, 0.0035732700511354673, 0.0032270658656756886, 0.0036999681738136858, 0.003040568262112681, 0.00392319324713425, 0.003097159734466616, 0.0038537004278745624, 0.0035333965817421903, 0.0033725313738714713, 0.003243771681799303, 0.0036670623335986626, 0.003603128545861491, 0.0032636078964244997, 0.003337065955592648, 0.0035760922333768117, 0.0029658703179199796, 0.004017541328810739, 0.0030680988292814066, 0.003867282673478924)",10.50657197612348
0.00013088199506683116,9.999805157281004e-05,2.025282162806713e-05,"(7.538646757441765e-05, 0.00012757234342100578, 0.00012308304030723895, 7.814331519965776e-05, 9.08094809027561e-05, 0.00010591095507468951, 0.00010074811700282265, 9.546479126976376e-05, 9.441456549482926e-05, 0.00010186604868435431, 7.188522938108794e-05, 0.00013378998159051012, 8.376480805881294e-05, 0.00011476727550262094, 8.681486839528617e-05, 0.00011078717501645636, 0.0001113061173239135, 8.64069023240007e-05, 0.00013668677071649682, 7.035277821547961e-05)",1.524920530145833
0.0006698588629755843,0.0062368317859805645,0.0030101023176700758,"(0.005837694000693235, 0.005147497000625554, 0.00412835713113627, 0.009551928712011812, 0.010176731649796891, 0.003368784194710152, 0.005199110070429978, 0.007006565702319717, 0.008035978610169369, 0.0042079540845740065, 0.007720389807930847, 0.004318859958156821, 0.011213164861708999, 0.0007310008599619785, 0.0033774974697965776, 0.011145121181306169, 0.0058694530874473004, 0.005720318696885236, 0.009788321503907989, 0.002191907136042413)",-1.8494297985571506
0.01099447880066345,0.019878180486122825,0.007543738165009154,"(0.03439921092090973, 0.010353891257953251, 0.014491533278149745, 0.02350292396808115, 0.016174620068057158, 0.021244956863617746, 0.018322588835661676, 0.018453659210993237, 0.021268145437819592, 0.016603250548320885, 0.01760213774466553, 0.02007846863804307, 0.008876239281726981, 0.03826452211882918, 0.030730280366647114, 0.011304703645989213, 0.02408297209888362, 0.01454454176525311, 0.018565354944230415, 0.01869960872862411)",-1.1776259317516482
0.016719190163151366,0.017180216228533496,0.005902663783764999,"(0.009004272184829501, 0.030250445826471954, 0.02498916232677215, 0.010327738284803184, 0.013678821800471625, 0.019112302534459318, 0.0278637186272407, 0.00913174011509874, 0.014251940011171912, 0.019046202566022973, 0.018205309262120526, 0.014910861841520148, 0.013732578306459556, 0.018626529980134053, 0.015837941264946993, 0.016708898208100453, 0.0177004850568011, 0.01518141393842074, 0.01109129208000757, 0.023952670354816658)",-0.07810474766497132
0.007082894829572855,0.012872048689707032,0.00542393901906482,"(0.01258979818344193, 0.011281636880604726, 0.007898924946788483, 0.017270807097193915, 0.023879664478958937, 0.0057804953228288, 0.00909586403235444, 0.014764726900917404, 0.015815014729572897, 0.009018285242772756, 0.019067770558956736, 0.00747262479259202, 0.015782962344677517, 0.008540271708120457, 0.01785813663647137, 0.007793697931264296, 0.019401849621523963, 0.007293464021924524, 0.01972929921768567, 0.007105679145489773)",-1.0673338766873388
0.000585140270665936,0.0009288546645689794,0.000468472682775255,"(0.000935650665741338, 0.0007217187029585345, 0.0016604029012947852, 0.00040900026404084276, 0.000703330596788578, 0.0009662420700611335, 0.0018098317031225164, 0.0003741649817811824, 0.0006446965917734276, 0.001054828045419237, 0.0003731246960270086, 0.001820726471951457, 0.0007573940299516182, 0.0008930196104610633, 0.00041964686505113167, 0.0016170641091484224, 0.0011568416016728483, 0.0005882555859584555, 0.0007022310903399053, 0.0009689227078361006)",-0.733691432906744
0.0005475440390487015,0.0006007951235536554,0.0001193718744958363,"(0.0005341857701337999, 0.0006508269659333221, 0.0005772941995184435, 0.0006023213819234262, 0.0005348071142653107, 0.0006502416185640127, 0.0004907271441189937, 0.0007083784088201755, 0.0007812847722918537, 0.0004451989868064411, 0.0008381887116635174, 0.00041494556565057554, 0.000800051093275334, 0.0004344752961795117, 0.0005605365341005952, 0.0006203546826869194, 0.0005629947214943652, 0.0006178198576121065, 0.0006791128505536959, 0.000512156795480706)",-0.4460940630266408
0.002518238905488143,0.0031004388764581774,0.00059696491329148,"(0.0030719182141088737, 0.0030270229185831417, 0.0026672293093279033, 0.0034801798228864915, 0.0028491869457278616, 0.003259329719791206, 0.0034277445810225243, 0.0027067096469408506, 0.004757976099915804, 0.0019541984228538963, 0.0024327380301230736, 0.0038220297314787792, 0.0025434348123620125, 0.0036484106382807225, 0.0028514252041551814, 0.0032580484545419587, 0.0031179330083706508, 0.0029811274811163296, 0.0026628763340369567, 0.0034892581535393265)",-0.975266649692967
0.0014429339140419476,0.001515754494213044,0.00036664193692289535,"(0.0026212203939016327, 0.000831947398154151, 0.0017869073608836026, 0.001219488541321939, 0.001177519337586487, 0.0018510674192225877, 0.0015239774428700806, 0.0014293440969304092, 0.0017025742192169858, 0.0012810940136444796, 0.001607707450047909, 0.001356638399573804, 0.0013515858656201066, 0.001611750202844972, 0.0011999851747779861, 0.0018166614227643745, 0.0013444914369087333, 0.0016220493837333918, 0.001293814413664352, 0.0016852659105928871)",-0.19861497782347398
0.001651340341312787,0.0019928456078896596,0.0002876763066129032,"(0.0021858009738499823, 0.0017815167356129747, 0.00206157624517447, 0.001887962537199598, 0.001642072511715563, 0.0023711554003143444, 0.0018708718385901664, 0.0020789440195406097, 0.002464727433458151, 0.0015811362964668607, 0.0019327255961606778, 0.0020161139593354678, 0.0019389649143564636, 0.002005926102365336, 0.0017265720974102739, 0.002255184498898161, 0.0021972611033892627, 0.0017733764840631645, 0.001517005910314366, 0.0025680174995772937)",-1.1871164177465672
0.003250813140483034,0.0022214559433768807,0.00045030961674141524,"(0.0025325390553405792, 0.0018725741757444848, 0.0015899815410667835, 0.0029833325581549996, 0.0017934850046194529, 0.0026458836626977364, 0.0017483321927449298, 0.0027105323581197082, 0.0018889974459117905, 0.0025142390254969814, 0.001857119604488055, 0.0025568275131247365, 0.0019840060156266653, 0.002388240561120262, 0.002369750052608919, 0.0020021584751667896, 0.001874270655381502, 0.002533920211861364, 0.0030003464906688876, 0.001582582267592985)",2.285887662259829
0.007372367094790036,0.007198985425277887,0.0018847837959730881,"(0.005791627364777369, 0.008387661391599008, 0.0046914560058321205, 0.01036523577217929, 0.006885565186354701, 0.007071406343760001, 0.007083751119813018, 0.006843301109207646, 0.005554887604266338, 0.008788809052264774, 0.006371449458201355, 0.007656720221957529, 0.01216524499808394, 0.003982919260772858, 0.006049454043311654, 0.008044177119730926, 0.005685195140485974, 0.008586939413789069, 0.007159617051266645, 0.006814290847903559)",0.09199021653442988
0.01428213417403052,0.01467501414892055,0.003544494670596646,"(0.011332025713399196, 0.017909530160510348, 0.017055221699141067, 0.01192532341137279, 0.01293305416352173, 0.015766750136809317, 0.009307426363582956, 0.021715738419401845, 0.013008563577096864, 0.015758813457255768, 0.016365418121129655, 0.012507557449082943, 0.009567323788994636, 0.02110536980526742, 0.013544527364375922, 0.015037430614501284, 0.011250287864459913, 0.01822019251248664, 0.011716650823957633, 0.01747307753206305)",-0.11084230938451282
0.008992214800862796,0.006095969247448253,0.0012279872396604714,"(0.003970959349728881, 0.00898900925477183, 0.005507116010744321, 0.006491233546909953, 0.006696455189311703, 0.005344173403954252, 0.005761752720840169, 0.006187031421423289, 0.005026925477679545, 0.007134520525708597, 0.005001520558161907, 0.007165697547762266, 0.006236267403659982, 0.005713337694413229, 0.006821555341274536, 0.0052428548946356355, 0.007639495735157656, 0.0046948642575931065, 0.004754072300145078, 0.007540542315089136)",2.3585306588489727
0.0021120806215827698,0.0020323668685661303,0.0004914033576069049,"(0.0024629681321274104, 0.0015849719335408502, 0.001463311609259382, 0.0026690010587527755, 0.0018757587638258012, 0.0020828868607993315, 0.0018392603557950177, 0.002121493855694375, 0.0017009333748732433, 0.0022986284617847116, 0.0014477029485760737, 0.002700075823681888, 0.0013417838553264863, 0.0029075702823499632, 0.0017150970442552662, 0.002277534978634165, 0.001396925369336553, 0.002798906981433829, 0.0018539987865849683, 0.002108526894690515)",0.16221654122356638
0.0035239644759040086,0.003577450284671237,0.0007692192223583981,"(0.0032143283709621367, 0.0037993222615430723, 0.004135426157334254, 0.002964399488751328, 0.0038512578682899793, 0.0031848201024224708, 0.0030124411506323697, 0.0040611757548316176, 0.002701473470736783, 0.004542888307611471, 0.003758350622214057, 0.0032630836430364092, 0.0023195928712243406, 0.005269916251511538, 0.004927545748324389, 0.002486682935275766, 0.003820054596752991, 0.0032141423280821575, 0.003736724751727885, 0.0032853790121597265)",-0.0695325951465992
8.435570838074458e-05,9.976860128045826e-05,1.8742500633610063e-05,"(0.00011459051251515004, 8.397719705430106e-05, 0.00011295201313251244, 8.520887459690709e-05, 0.00011135558089494955, 8.643152600255365e-05, 0.00010937851168459707, 8.79872724657315e-05, 7.910077756623506e-05, 0.00012167586095555841, 0.0001280820598869145, 7.514260064509979e-05, 0.00010117335916206184, 9.511998425718972e-05, 7.907079704051104e-05, 0.00012171707319503432, 7.194625568283492e-05, 0.00013377836520101855, 0.00010514238806064162, 9.154101560936257e-05)",-0.8223498668088315
0.010098816657702422,0.009191094672766164,0.003591233472107635,"(0.01586117201509309, 0.0023026456627667402, 0.008137606887229214, 0.009804922376252476, 0.008799423095776854, 0.009580382016234424, 0.011909540903304483, 0.005002595195509682, 0.013060504447114424, 0.006445569529273463, 0.005424999589561008, 0.013788596511359373, 0.01401763434128692, 0.0036318355155198455, 0.006414517920925293, 0.010915290338618747, 0.008725038166456086, 0.01068273445802289, 0.010284401460930164, 0.009032483024088133)",0.25276050470857603
0.02143427512459811,0.021219703022473623,0.010403225715422317,"(0.019258664568212656, 0.01948883549313177, 0.014046254483906156, 0.025193992687660472, 0.01892130920822513, 0.019832850136762368, 0.027988027912298413, 0.013258812336673103, 0.024773543735351712, 0.015559390027437803, 0.018007263077936108, 0.021108782360083355, 0.006433156480403411, 0.056034461195927976, 0.010019741596929933, 0.036378053863745305, 0.021760963130543716, 0.017379549808739188, 0.018101025765479464, 0.020849382580024445)",0.02062553557848813
0.011031004275407354,0.01543984080062738,0.006749778542855856,"(0.01919864853516382, 0.010557838003099465, 0.033342452442278965, 0.005682592068678354, 0.011929246932650175, 0.016996533306565028, 0.011091616095962377, 0.0178260785748236, 0.008209964721806497, 0.025536513935465847, 0.016848143058520695, 0.012176612643795534, 0.01514321064129319, 0.012792558880752937, 0.014479322523161258, 0.013486209432962288, 0.021109591013487933, 0.00968113767133017, 0.00838716533220739, 0.024321380198542054)",-0.653182396611583
0.008043093776624734,0.01165078905350597,0.004019649649189036,"(0.012319218380573451, 0.010013041136630934, 0.010152697587476894, 0.011498793114816474, 0.005517166984392498, 0.022365860343016068, 0.009367456603653289, 0.01277562382473274, 0.009003020590945538, 0.014110453947352867, 0.016547559536777372, 0.007511785871718102, 0.011010881768068496, 0.010801665480163376, 0.018827202258140514, 0.006336668786007129, 0.012112626538397465, 0.010246392145649036, 0.012851078514195473, 0.009646587657411651)",-0.8975148562037212
0.0011543240189214848,0.0008712440918773389,0.00029682685703420953,"(0.0004850088855996956, 0.0014022776829703387, 0.0010046238585409628, 0.0006750366000405885, 0.0010988082952874947, 0.0006182857991787929, 0.0006829680027643591, 0.0009826409908983845, 0.0005250194127416319, 0.0012957691044729349, 0.0008028609802628759, 0.0008451139543108455, 0.0005816623191234256, 0.0011665639482310833, 0.0005309073553374804, 0.0012760575771687795, 0.0012279525868248652, 0.000553367367285836, 0.0009687351383218835, 0.0007012219781845213)",0.9536870412353579
0.0008768510745114156,0.0005972223475610413,0.00010136476711805926,"(0.0006631564117555867, 0.0005236234285533522, 0.0007294280024915817, 0.0004758138381382485, 0.0005837436801030586, 0.0005948272697996507, 0.0005998083208058752, 0.0005783082907693337, 0.00048067457797838336, 0.0007225840185869064, 0.000560457138381532, 0.000619501386309006, 0.0006689148530717443, 0.0005189384206143752, 0.000410768798359469, 0.0008449533139637337, 0.0005263603535546468, 0.0006596968495999853, 0.0005407230780955059, 0.0006421649202888484)",2.758638281333903
0.002717587878306066,0.0031355864314036933,0.0006886292999646249,"(0.003014447046532202, 0.003119229681053033, 0.001981866829177212, 0.00473228134019423, 0.003187970544796831, 0.002949487126064477, 0.002524111788260718, 0.0037213481785214023, 0.0029226893795107206, 0.0032213362747180686, 0.002522362766846675, 0.0037293895226208815, 0.002650516198779418, 0.003541455851382548, 0.002133754982611646, 0.00440032875049298, 0.002633409208637137, 0.0035716562622814126, 0.0033284151818599827, 0.0028256717137322834)",-0.6070008248546788
0.0017323626751826616,0.0014874858794826698,0.00021049191882895903,"(0.001743794321324219, 0.0012452562373404055, 0.0017927397298470938, 0.0012095750107560359, 0.0016232473071895607, 0.0013377394263678045, 0.0016891573193409234, 0.0012842706512041944, 0.001513152751981669, 0.0014361658070785634, 0.001179360769917109, 0.0018414924995775158, 0.0015207098503039367, 0.001426625442691651, 0.0016515719713255123, 0.001313604453524753, 0.0012349177220679236, 0.0017586385710457013, 0.0014513095362765937, 0.0014963882104922256)",1.1633548549622617
0.0018610097678693485,0.001996417937920124,0.0003348017900446809,"(0.0018437519398011432, 0.0021066674559398987, 0.00199380290817302, 0.0019445156632130435, 0.002116380086729636, 0.0018352207774076069, 0.0019365220067613428, 0.002001318899628406, 0.002123307299585, 0.0018312080551711983, 0.0014351291655122296, 0.0027064555002074145, 0.0018955330457814297, 0.0020466130245551, 0.0014525550244257094, 0.002670248365884213, 0.0015773640947955912, 0.002462719312847508, 0.0018552002435108684, 0.002093845888472123)",-0.4044427899644877
0.001991083465714017,0.0021903891564102784,0.00035177111747142215,"(0.00262643973299388, 0.0017838525477156639, 0.0024898553922609937, 0.0018781383148301666, 0.002443490338303594, 0.0019171534149873177, 0.0021368804723434338, 0.0021849454769879983, 0.0025223148667213244, 0.001859325777118283, 0.0021504873280904697, 0.0021780101920741766, 0.0028086650303898552, 0.001665974035072769, 0.0027824762665364686, 0.0016809709514353664, 0.0019408917877697049, 0.0024139267202487984, 0.001991515508105328, 0.002352468974219977)",-0.5665777569486015
0.007054529219106766,0.007057746620118041,0.0011443535662516394,"(0.008020194948065142, 0.0060734016876508425, 0.006482392170749989, 0.007469241726423386, 0.005602354376855117, 0.008690411327007434, 0.007065063559625526, 0.006815970266075178, 0.006513872490423095, 0.007500828495488682, 0.007118190145677343, 0.006835756442077944, 0.009212782364441946, 0.005265691449350884, 0.006235273080310774, 0.007769619158253654, 0.008162963746595798, 0.0059668310105171285, 0.005500816486661388, 0.008853277470109592)",-0.0028115445314806746
0.013183104355784079,0.013999546770648253,0.00224002653985483,"(0.009434524164103637, 0.020392691475768884, 0.01374107548792705, 0.013835235700138837, 0.014585875225314134, 0.013177868864148411, 0.012045729939903672, 0.015609446171082371, 0.015522541469161983, 0.012470266066727317, 0.014221203106572452, 0.013499691464614192, 0.012127164207687315, 0.015736458574692438, 0.011660260921565033, 0.01632188592279001, 0.014950736003886236, 0.01286690847988069, 0.0147755755052879, 0.013015796661712441)",-0.3644789025209881
0.00532377020295091,0.006125713664654944,0.0011004556154090874,"(0.005560589234038616, 0.006562893257020375, 0.004790739524070129, 0.007579200975845583, 0.006705592483998931, 0.005439605880479551, 0.005060690660527993, 0.007135449290818845, 0.007170300611471016, 0.005102162674744229, 0.006200395511472851, 0.005879139370796881, 0.005686031265581886, 0.006395930630595411, 0.0059199802629168775, 0.006135302165176133, 0.004105697593494255, 0.008887222313088396, 0.006941623322070947, 0.00525572626488996)",-0.728737670538322
0.0018263099066107152,0.0020095075099303456,0.00039461649494013925,"(0.001849271678397852, 0.002106335184369491, 0.001517916153634177, 0.002561851537913307, 0.0014364773654054629, 0.0027111951983533997, 0.0020854843317387934, 0.0018613003464482052, 0.0022943100026259415, 0.0016991615046430715, 0.0015353117445290204, 0.002536151600406312, 0.002056376902688601, 0.0018920276933115797, 0.0015572819750291021, 0.0024973567941143603, 0.0017081449728807386, 0.0022802590999794876, 0.0023381762932336847, 0.0016657598189043195)",-0.4642421329788057
0.002319293428974854,0.003560631786837422,0.0008075921464318778,"(0.0034533474734082916, 0.003503788134650512, 0.004115291647479325, 0.002933612124110734, 0.004695230051944977, 0.0025750590061130946, 0.0029687577114913205, 0.004036294778956994, 0.002896524310297804, 0.0041787323395972254, 0.0052501158207531725, 0.0023007881275579948, 0.004064631743339645, 0.002971595709742717, 0.0035874520632238763, 0.003362921595837315, 0.004772875158602889, 0.0025335430390805744, 0.003956189143687731, 0.0030558857568722363)",-1.537085722473996
0.00010476412345219846,0.00010000304264316817,2.0514858429105418e-05,"(9.214888966737615e-05, 0.0001044129128048469, 7.578807351596571e-05, 0.00012694660671248463, 8.68577477696633e-05, 0.00011077000823673566, 0.00010416807440200156, 9.233455473041819e-05, 8.124729005132092e-05, 0.0001184212315970703, 0.0001148142344440884, 8.379540941580336e-05, 0.00010834809219993452, 8.879795266991116e-05, 0.00015680655803769375, 6.135410358814286e-05, 9.018315598787556e-05, 0.00010668590345941291, 9.877698278654017e-05, 9.740307078607712e-05)",0.23207963269566187
0.009988523996477669,0.006308896414973154,0.00259687286103729,"(0.006072361477227143, 0.006816826323861508, 0.005323628362232103, 0.006530182930739324, 0.007133680021043398, 0.005159222447312485, 0.01297210095966251, 0.0009338263953220918, 0.007797967203610079, 0.004978484484413747, 0.0034586968306198843, 0.009380895051628466, 0.007907491279842895, 0.0044524633516394635, 0.008011548999069853, 0.0038340101549165294, 0.004314169179523779, 0.008651359649995341, 0.007875487998342088, 0.004573525198460427)",1.4169456028104244
0.021792687203504194,0.017564925182930083,0.00797721410944873,"(0.01959307793057765, 0.013231624051261118, 0.017736170485159523, 0.013870013218712923, 0.014792284905389417, 0.016668388606863576, 0.010432169416994668, 0.025713151282780646, 0.025179377211365792, 0.010207264002854023, 0.016217288687207874, 0.01659510791005483, 0.02621140790478683, 0.009929263079849216, 0.04270277293820757, 0.006296721664080586, 0.013983126232419476, 0.018896994631068212, 0.013119231682623453, 0.01992306781634432)",0.5299797601729752
0.013268557168857283,0.011838722882198765,0.004199075307459944,"(0.015519435239656014, 0.0077878601438397055, 0.007857302673035806, 0.014599411877040185, 0.006309766276106708, 0.0183039776954856, 0.009079187096767978, 0.013991512918915575, 0.008394275748581629, 0.014667813810063103, 0.00668486369388905, 0.01959712571197429, 0.009208633974252176, 0.013602015655916438, 0.014389685462736128, 0.00914498057228762, 0.012158699179667455, 0.010461150048290626, 0.006866858928638295, 0.01814990093683092)",0.34051170364063715
0.006906614272378766,0.009576599218449161,0.004187814294054225,"(0.009728099047864135, 0.00755551816173212, 0.004322806873930609, 0.016514371483674562, 0.006451400262266069, 0.011152759171654486, 0.0078171758958284, 0.009812522315362436, 0.004281938631771633, 0.01778114692684521, 0.012986344769355156, 0.006160678061824145, 0.0055828339144943446, 0.013828807974423776, 0.005841571962904938, 0.013796134951725759, 0.005244971092600834, 0.014857456474696934, 0.00717591024234305, 0.01063953615368463)",-0.6375604930383819
0.0005154859209127482,0.0008432801253087388,0.000359761822433537,"(0.000781797414852544, 0.0007554561512865441, 0.0006715059097064451, 0.0008913004015295644, 0.0015808514474134102, 0.0003800105244292357, 0.0005186861519880579, 0.0011473763596967774, 0.0009780531490581953, 0.0006204926613091555, 0.0016183417887481865, 0.00037618299545815457, 0.0007630901268567638, 0.0007962001573945569, 0.0007878321357506703, 0.0007763288515018603, 0.0008027557665434752, 0.0007559397532637393, 0.00041616072591460913, 0.0014472400334728322)",-0.9111422723475554
0.0006066488702957172,0.0005971980012175436,0.0001187658364535166,"(0.0006663164557789074, 0.0005149277520700318, 0.0007293911981408826, 0.0004707413944610519, 0.0006660017557523192, 0.0005157064149221496, 0.0005610147247792032, 0.0006120870749885143, 0.0008783685293427084, 0.00039146648813856433, 0.0005197694910901985, 0.0006619368978457456, 0.0006380117316918318, 0.0005390425737606859, 0.0006418094740330691, 0.000536276224970227, 0.00043154315196390717, 0.0007969066388357262, 0.0005762322086646787, 0.0005964098431204654)",0.07957565374342783
0.002566657736507134,0.003077430145270582,0.0006941023970517033,"(0.002256398104109358, 0.003996307010895961, 0.0027656459948102482, 0.0032537702215078195, 0.0032943195473220817, 0.002732411538909531, 0.00311086761062018, 0.002904606396949085, 0.0026744611324410806, 0.0033746672250810844, 0.00220000389817328, 0.004112893673570499, 0.0032506365794974586, 0.002778463264407328, 0.004608778458685533, 0.001963706342013345, 0.003549623363939675, 0.002545975981604532, 0.002378031138664778, 0.0037970354222087795)",-0.7358747224228371
0.001368371806677521,0.0015229513514874752,0.00044050559115690034,"(0.0010107815508159654, 0.0021173070229305933, 0.002520889785303019, 0.0008484617353734099, 0.0011049158638286693, 0.0019363619926690838, 0.0018912962048514353, 0.001133137484042266, 0.0010331310028375141, 0.002074764406813126, 0.0014409923053081922, 0.0014897749127719816, 0.0014826275926618558, 0.0014463693261868814, 0.001117927616966299, 0.0019208951448268544, 0.0013403250009037348, 0.0016002891525394788, 0.0012997674639272387, 0.0016490114641918973)",-0.3509139223499566
0.001970460664439183,0.0019840718617431725,0.0003959913981534319,"(0.0015226030880696028, 0.0024836661344996543, 0.0020536992471239038, 0.0018420777496172594, 0.002144260785575655, 0.0017654341320580233, 0.0012334147102952232, 0.00307299535187751, 0.0017064355434869916, 0.0022253416972669326, 0.0017142887079116395, 0.0022198567217246944, 0.001561536843813659, 0.0024333594704529816, 0.0020245129826825317, 0.0018811507820865418, 0.0018878970609353353, 0.0020129413006020457, 0.0019398875814045228, 0.0019560773433787404)",-0.03437245699644079
0.002850220869596071,0.0021564848621132607,0.00034349541904866765,"(0.0015590122985621251, 0.0028961682705893905, 0.002215792261892468, 0.0020416993721789727, 0.0024885144794682865, 0.0018197742809168698, 0.0020212776064314555, 0.0022402544961346465, 0.0024470734782063752, 0.0018579115740962786, 0.0017357275107796853, 0.0026251716271684968, 0.0017887165848044582, 0.002543478080487279, 0.0019481108428288131, 0.002341869532993246, 0.001952399981859898, 0.002330052239328651, 0.001955934326344179, 0.0023207583971936413)",2.0196368539765572
0.007807023681215544,0.006829354011892823,0.0014989371630719798,"(0.0050253532239939985, 0.008705056786211507, 0.008953355521100489, 0.004918340007152352, 0.008612764057611895, 0.005129376086412486, 0.005455928197446203, 0.008091239437380153, 0.007783660586570917, 0.005746879315831489, 0.0071635778656685845, 0.0062874992853156645, 0.009172766213793591, 0.004886976650187168, 0.005654039041172971, 0.007997930721317359, 0.006628082066329539, 0.006761060870441361, 0.008159178266665311, 0.0054540160372534615)",0.6522419307551538
0.014446409654476933,0.012701287077518103,0.003494527015965936,"(0.016012327256375858, 0.009087026247104708, 0.009653631554983957, 0.01525815752994046, 0.021903203639704955, 0.006765562485740267, 0.012683232114297983, 0.011668857423937813, 0.014721843859303528, 0.010303148895760087, 0.011324552330386506, 0.013568250014375345, 0.016375375664414975, 0.009299815971015748, 0.010851282951505056, 0.014265593919013594, 0.012295120997516257, 0.012378880485515074, 0.016512163362385802, 0.009097714847084038)",0.4993873474108637
0.005624942913803362,0.005797823012809444,0.0013970140382000083,"(0.008116820221702015, 0.0038561153035929704, 0.00506111070023264, 0.006223774770895788, 0.0037372468426739706, 0.008452948698951654, 0.004282286872758857, 0.00736742936817188, 0.005211936437117577, 0.0061276582733563265, 0.005513447311333417, 0.005826525571021234, 0.006765905862700557, 0.004728880170839272, 0.005316534617255949, 0.006064038077046954, 0.007127330454574145, 0.004487467235025792, 0.004303735867186577, 0.007385267599751287)",-0.12374972210646552
0.0016884356735699607,0.002020474721279824,0.0005933114281689257,"(0.0019472434383574775, 0.0019232203677046057, 0.002293080939078122, 0.0016368582984936538, 0.001478092679664439, 0.0025419406614193324, 0.002481867367902965, 0.0015130616828742786, 0.002104364788936143, 0.00179213147322639, 0.0022514760869280235, 0.0016783569924224604, 0.001392671620443189, 0.00270963607359842, 0.003249991920961543, 0.0011641516633490092, 0.003186183436811891, 0.0011842158223138994, 0.0019619857666646487, 0.0019189633444459974)",-0.5596370336816203
0.003935511499808231,0.003373280233524835,0.0005489585506714322,"(0.004080906007833034, 0.0026782953854308203, 0.0036237531909479536, 0.0030448153886131805, 0.0027208407844689217, 0.004066194206034517, 0.003803928397907496, 0.0028895617444574654, 0.002626307317638397, 0.004244462706304384, 0.003447315204179719, 0.0032416173652806387, 0.0028392035810420858, 0.003929670010864085, 0.0037650614350979677, 0.00297804981503899, 0.004012117265329994, 0.0027784749160866804, 0.003002075205044742, 0.003692954742895615)",1.0241779923014773
0.00013018352514396873,9.93816131481853e-05,1.726257503320774e-05,"(9.071394777595614e-05, 0.00010575022664723227, 9.135799519843944e-05, 0.00010504297997620788, 9.993819567347495e-05, 9.603348268171933e-05, 8.249714076405724e-05, 0.00011630345205945331, 7.64860208244534e-05, 0.0001255082175479306, 0.00012147125435036498, 7.903203754056367e-05, 9.839484625040946e-05, 9.756433582902769e-05, 0.00011426544386409276, 8.402569634859906e-05, 8.570573033943261e-05, 0.00011200537202818126, 7.17271233680895e-05, 0.00013380876389602024)",1.7843173417946205
0.0019505426636730041,0.003203517826322373,0.0024787810984389647,"(0.0003328284641422386, 0.007527226486075218, 0.005336236636067787, 0.0007727280705432879, 0.0016281171107218534, 0.0028724522135890745, 0.008934106949841692, 0.00035360102311400067, 0.0017769002501961497, 0.0035658041873991558, 0.0011227856682805122, 0.006007174562516546, 0.00137023651773465, 0.004748603489680726, 0.0017433601208616297, 0.004521646777925468, 0.0032410837852337292, 0.0019164397358315606, 0.005403294813454263, 0.0008957296632379135)",-0.5054803602619212
0.007865774934596797,0.021471788999778352,0.008810343576652207,"(0.0174536522021924, 0.02268384405729116, 0.011641771554241051, 0.0350733957678896, 0.033510316131385505, 0.012009317913074474, 0.01914026502604476, 0.02107421415205315, 0.021225656395869406, 0.018627158801348805, 0.013953818950793482, 0.027514502094557445, 0.009981456820438944, 0.03912400923244927, 0.016115729676854193, 0.022899514414678156, 0.034947891420910315, 0.01106692723841806, 0.014826581725235525, 0.026565756419841297)",-1.5443227550442056
0.02122944972904683,0.01619273579976854,0.006546871763450926,"(0.011316641273768791, 0.019955348975327733, 0.01951419334785411, 0.01209261530791527, 0.018895143767935073, 0.012256557641160364, 0.01669699476083142, 0.013912590227775563, 0.02201567052731104, 0.010217254130045351, 0.02384009555690561, 0.009050998453787767, 0.01548501634512499, 0.014306349555197702, 0.006674359797527781, 0.030577883995273693, 0.009452592605975035, 0.023184688278577694, 0.025669082728447177, 0.008740638718628643)",0.7693313862349712
0.014908015051987904,0.012171092866412346,0.0038677607427395734,"(0.009565351529642363, 0.014182244272138038, 0.012886913307000073, 0.010885181528364499, 0.013702728887329638, 0.010104130914574587, 0.0073585085384343316, 0.018856423150680972, 0.010052264202567374, 0.013435707469281053, 0.017389191537016624, 0.00752542094120498, 0.0109592412905753, 0.012199083045264006, 0.020752856827606515, 0.006045588468853134, 0.009468312657574932, 0.01403267643315255, 0.008976973196162925, 0.015043059130822984)",0.7076244803180273
0.0020340013465141604,0.0008890812985429041,0.00035283177840763285,"(0.0009955991408958683, 0.0006843955270690075, 0.0006363259269677325, 0.0010711150265899038, 0.0008073198976566294, 0.0008443588272443648, 0.000466728663964753, 0.0014601525995840718, 0.0005856781595280764, 0.0011623322292280494, 0.0009969524796099322, 0.0006825326380858249, 0.000638831485766501, 0.0010657068940126563, 0.0015281198548293255, 0.00044492882959852234, 0.00067318696325718, 0.0010119161842408206, 0.00042573526029219036, 0.0015997093824366676)",3.2449459431868686
0.0005662524985285441,0.0005982489324195081,0.00010998513259070114,"(0.0006171078445816305, 0.0005618165914739642, 0.000455431223092696, 0.000761418400635391, 0.0006796223804560472, 0.0005102227903056466, 0.0006667815373356421, 0.0005200480114229155, 0.0005677131384817228, 0.000610634430136754, 0.0004485566577409127, 0.0007726873763170485, 0.0005707043620519739, 0.0006074183628427374, 0.0008332148586131028, 0.00041585511991496464, 0.0005160021617934418, 0.0006718394025690685, 0.0005755960920935903, 0.0006023079065309107)",-0.2909159914370936
0.003319377946918733,0.0030857010473880264,0.0005310956821656324,"(0.003089162016980247, 0.0029979248381673497, 0.003941137571316822, 0.002353320284613345, 0.0035796718564444483, 0.0025893372229678275, 0.003456974674978621, 0.002681512710151137, 0.00269921863671458, 0.0034305413164851186, 0.0033440202604490764, 0.002765193927700106, 0.0032531450643254666, 0.002844974543737252, 0.004120376305797298, 0.0022399908794279648, 0.0024226002732244878, 0.0038189797875249863, 0.003067142680885651, 0.0030187960958687403)",0.43999020774910036
0.0014150283517323286,0.0015042842685885189,0.0003059984508777638,"(0.002043973689603165, 0.0010647975101083956, 0.0018536042605863418, 0.0011750840155895133, 0.0014979545172776091, 0.0014536567635144895, 0.0014654592000032539, 0.0014859619542205598, 0.0014423343933777357, 0.0015087569218258468, 0.0011400884246825487, 0.0019073157347333214, 0.0015249353001174075, 0.001426722061892637, 0.001483306571631745, 0.0014645310225028154, 0.002068896434461506, 0.0010514867862481598, 0.0011754479146135926, 0.0018513718947797296)",-0.2916874794632376
0.0025855524460418255,0.002032711310515783,0.0005224415322816439,"(0.0028511513410876457, 0.001361764333727681, 0.0015999119534037738, 0.0024291165308651407, 0.0015276571974245322, 0.0025432613536373297, 0.002184308046134446, 0.0017787801799271866, 0.002137621169435823, 0.0018158402504461172, 0.0027288361683267897, 0.0014211165562709092, 0.0020383715349527637, 0.0019038685101974034, 0.002058746107324784, 0.0018813471352741409, 0.0024131157557636916, 0.0016081783676447513, 0.0012396534527443167, 0.003131580265726451)",1.058187570026516
0.002470995983541722,0.0022135975547109255,0.00043358818891766986,"(0.0022117377875417307, 0.0021374623152574466, 0.0016487673374513362, 0.0028698002417442926, 0.0015261328047573403, 0.0030997662118892053, 0.002052046228504629, 0.00230536663650231, 0.0028703059904369175, 0.0016464419008463624, 0.0020362448762763765, 0.0023188733758845058, 0.0022570913028066328, 0.002093481906108103, 0.0022380337939620293, 0.002107379343845269, 0.0016668702316822701, 0.0028350677227384755, 0.002096745253029423, 0.0022543358329538536)",0.593647233503567
0.007538377534803109,0.00706556226091728,0.0016849844130806526,"(0.005890686550501772, 0.008039225756953448, 0.004388636663054211, 0.010820292024047917, 0.006570788400117538, 0.007222376287416696, 0.007252142043678559, 0.006543996555808716, 0.0067657285921504575, 0.006991071087237481, 0.004980625800838346, 0.009471463979710394, 0.0055688788763692855, 0.008490299043990861, 0.005321839516665077, 0.008832173050547959, 0.005168221496987232, 0.009152112694629335, 0.00617274731213926, 0.0076679394855010555)",0.2806051321396984
0.011499244361734615,0.013532344978590445,0.0022334709593550823,"(0.015526244639713707, 0.011511241254872113, 0.013266574008565927, 0.013542832734311266, 0.013991659917121342, 0.012825555712385577, 0.01478382675833303, 0.012139005235605453, 0.011085246608858932, 0.016086082362970027, 0.010234823149844068, 0.01733391854614124, 0.012658197756269706, 0.014076668626783632, 0.01034275767012568, 0.01703448987748503, 0.014365370884272099, 0.012413013795889955, 0.01680357604598398, 0.01062581398627616)",-0.9102874646030277
0.006088672165882437,0.006196622947357901,0.0016526056649967557,"(0.009566970996202365, 0.003754685539844915, 0.00724452373780922, 0.004969133883361556, 0.00803838882169583, 0.004476312424692166, 0.0057821103491894855, 0.006223043852365453, 0.006709678836097165, 0.005348034407941167, 0.00507647809365054, 0.007053575251687206, 0.007078277592629357, 0.005068119585213539, 0.004538567247394912, 0.007866672138663709, 0.0039422271221970446, 0.009103362618391815, 0.006852868799124748, 0.005239427649005805)",-0.06532156083083257
0.002130444144212396,0.0020000721680027466,0.0003735714904298581,"(0.0016759517104268627, 0.002309436381109488, 0.002419061362559312, 0.0016011546482583424, 0.0019704708563389986, 0.0019653664442883436, 0.0018174770512597513, 0.0021308088021602615, 0.001433156894328816, 0.0026997495164638413, 0.002311359737595304, 0.0016727962874084246, 0.0016875842536817026, 0.0022925115683743312, 0.002262486094294262, 0.0017072845224321894, 0.0017769605659367104, 0.002177486918509582, 0.002604440821406928, 0.001485898923221476)",0.3489880238442019
0.004421504922768686,0.003534846642622068,0.0006282818512618008,"(0.00289630415190792, 0.004187793544403757, 0.0035858288572773434, 0.0033835627285273666, 0.00309793966558816, 0.003916715557339291, 0.002771677926641273, 0.004377007784278401, 0.003393961080695708, 0.003571251057022788, 0.0034517074298726583, 0.003510053623619091, 0.004516575404463002, 0.0026837272144842185, 0.003994678831569604, 0.0030308237042386645, 0.0028381972059732226, 0.004272622463429935, 0.0026623938798987054, 0.00455411074121024)",1.4112428655481781
5.5246562347460765e-05,9.997500221341985e-05,1.985483261578255e-05,"(0.0001229506916152319, 7.827134118864434e-05, 8.56212117504881e-05, 0.00011239546226197079, 0.00011289107159404001, 8.524587176031412e-05, 7.873278722654996e-05, 0.00012222885837642427, 0.00010940071995883249, 8.796403261264507e-05, 7.292095210231891e-05, 0.0001319697242810619, 0.00012579323812187597, 7.6501409783852e-05, 0.00010631621908471938, 9.051613811627522e-05, 0.0001222462458530896, 7.872212179052215e-05, 8.333891549240693e-05, 0.00011547303129713429)",-2.252773454781209
0.013482749888801814,0.01408086645018602,0.0026324295167582524,"(0.01418597725749437, 0.014571444919284703, 0.012317831195381723, 0.015456951024937481, 0.012510703090600529, 0.016016348231227207, 0.019064391248457328, 0.009868795938166081, 0.010484858192316118, 0.017198710436999554, 0.01313919581271644, 0.014312191010498335, 0.01661029608449425, 0.011132661911652294, 0.014905859145674785, 0.012688533051095043, 0.018827083276384285, 0.010751161294056533, 0.012661512251300062, 0.014912823630983259)",-0.22721085505862507
0.02650915307960994,0.018604944484473692,0.004277226476835465,"(0.015409744888967946, 0.020849416089161493, 0.02333536295398205, 0.01488103402764426, 0.0211799231479484, 0.012068909989608825, 0.019199297594991453, 0.018118136415458844, 0.023365985925768107, 0.014541415675131482, 0.01538599382624157, 0.022606226995669495, 0.023847114658855386, 0.013090798306946039, 0.026035351821525842, 0.012778646139455844, 0.016978206414981656, 0.021148942008864507, 0.01514263991386154, 0.02213574289440906)",1.8479752330029136
0.012393917256846871,0.012732208491394493,0.0054382939757241,"(0.017238488931690967, 0.00760682816113891, 0.010849959041485443, 0.013603238150153768, 0.003378896894550626, 0.028946509555680892, 0.013767544820883743, 0.010666056779187421, 0.012295545312284764, 0.011605126285661481, 0.015017384475488024, 0.009775849511482549, 0.018820636077117918, 0.006521486679962248, 0.008000630337295218, 0.017453486030462553, 0.01013083477072326, 0.015163628654373512, 0.01024042379895086, 0.013561615559315695)",-0.06220539677658359
0.021812976710483295,0.011677215461198966,0.004587077294105344,"(0.006718348515619568, 0.016753741031751562, 0.008037967503591158, 0.01569672335918762, 0.018976647846068492, 0.0046284548989496835, 0.011297803835808034, 0.011057160931420297, 0.0067475211361269155, 0.018092435657493508, 0.010570359747694111, 0.011815008715019153, 0.008488854803918542, 0.012255088837200343, 0.006536259997274287, 0.01841475432102721, 0.011045235296978357, 0.011788493453830155, 0.01806870343723943, 0.006554745897780915)",2.2096338473104344
0.0008633803126349771,0.0008750946596039471,0.00044601786587578117,"(0.0003587726193930423, 0.0016775285244769536, 0.0009253836170392977, 0.0006647349485323805, 0.0003589848959725966, 0.0016518360237056887, 0.001954923526646732, 0.00031241377445303853, 0.0006076741804152912, 0.0010058982324145105, 0.0008720594622639139, 0.0007006840029614283, 0.000575650096425598, 0.0010133219316132108, 0.0005637099040772575, 0.0010886622115019889, 0.000681270778790256, 0.0009017752579647432, 0.0009482976854334567, 0.0006383115179975522)",-0.026264299852581417
0.0005122439934538519,0.0005953400985356064,0.00010269720360426178,"(0.0006890172668183074, 0.0004998116153953749, 0.00041573714420387037, 0.0008302270485300856, 0.0005489101920487222, 0.0006257674316020226, 0.0006129309721920851, 0.0005628101054147653, 0.0004966505736992197, 0.0006945104971255292, 0.0005542520299734783, 0.0006224071917544902, 0.0007327798387415078, 0.0004687106477496931, 0.0006957078414123811, 0.0004958880224331854, 0.0005831921345585184, 0.000591908469687712, 0.000675106444653257, 0.0005104765027179227)",-0.8091369790550577
0.0026243087619846504,0.00307433861065579,0.0005293055960110322,"(0.003397267710521836, 0.002701369545795382, 0.003975689832975472, 0.0023194694616295764, 0.0031038410881367917, 0.002922421191660638, 0.0040370872837665345, 0.002283644931282991, 0.002633851604640415, 0.0034963305169877245, 0.0030229921835091913, 0.00304968521261556, 0.00396244175185018, 0.002309621012672051, 0.0027347438609113066, 0.003364535732246459, 0.002889477938656162, 0.003196444905156173, 0.00279597026683087, 0.003289886181270494)",-0.8502268860610342
0.0016817796591012636,0.0014958297158349416,0.00031620905784047646,"(0.0017071578926757802, 0.0012558586165512572, 0.0011445797254043776, 0.0018795288635444411, 0.0013100255983417148, 0.0016255709265496313, 0.0021563535414920046, 0.0009972490720701495, 0.0021585846326445993, 0.0009956261198312258, 0.0015473564720119366, 0.0013897303219465437, 0.0014338201836703447, 0.0014913161980819394, 0.0015919568446984484, 0.0013496049738713595, 0.0014306765188801557, 0.0015048801101342569, 0.0016274908680347464, 0.0013192268362639144)",0.588060141402184
0.0012337451511164812,0.0019759608864469065,0.00032222680797124747,"(0.0017649272710159429, 0.002154095483508035, 0.0018015955798190843, 0.00212278120490994, 0.002844135084541592, 0.001324314886841133, 0.0020452594150531436, 0.0018679178152631517, 0.002316883792338784, 0.0016478112083878882, 0.0017511410228169472, 0.0021816661853803943, 0.0019442868038457618, 0.0019442304860544468, 0.0023670433683141766, 0.001612836332705351, 0.0020420098437156043, 0.0018745036611016613, 0.0020796934137407167, 0.0018320848695843731)",-2.303395363047055
0.0023568652753491403,0.0021757891984948608,0.0004319318333604308,"(0.001425490831832743, 0.0031926302902914104, 0.0016812698769682526, 0.0027280965069057315, 0.001757175525605889, 0.002564685806412188, 0.0026794637049369833, 0.0017087410672251824, 0.00264549472018987, 0.0017298216092411932, 0.002238833082022343, 0.0020451419582389165, 0.0022510799028638753, 0.002004098341726486, 0.002252000666043887, 0.0020330048911296065, 0.0020550988254027527, 0.002233198747770613, 0.0023430993065282953, 0.001947358308560992)",0.4192237359434871
0.007527885925035285,0.006759752833631731,0.001055975680927546,"(0.0073669309968866035, 0.006017140426123243, 0.006030884102567366, 0.007535987548076962, 0.007170839354436582, 0.005994330454705298, 0.007206485535769409, 0.006270054865604865, 0.009636397921100952, 0.004682068675507269, 0.006116667555857107, 0.007388449922468888, 0.008157198316341522, 0.0052819725034561425, 0.006754591200642811, 0.0066903979367286546, 0.006517003626707531, 0.006986311301799886, 0.00632299883442492, 0.0070683455934286215)",0.7274155127595766
0.010118224468241364,0.012780864512154853,0.0023270396708603507,"(0.013503466517349563, 0.011546396026734799, 0.014738169416890608, 0.011106032174313206, 0.011551529238231906, 0.012711715385864502, 0.010588102755052056, 0.01528519925902185, 0.014127238236169324, 0.011422910176209071, 0.010017154386664376, 0.016161702179810736, 0.016957963150311763, 0.008699838943249308, 0.016430127681840212, 0.009852512218880978, 0.013669433685639963, 0.012016185529642068, 0.013470223251071167, 0.011761390030149643)",-1.144217727465325
0.007443705355256737,0.005823830243927398,0.000620567155703695,"(0.005179178245784429, 0.006434452031614044, 0.0060809380373157305, 0.005604087247454194, 0.006312850898408796, 0.005142100216987506, 0.006319467612473292, 0.005363429910947607, 0.005234508642462087, 0.006467932402224168, 0.006123971304142846, 0.005535632185928658, 0.00559407377438963, 0.0058038738127946425, 0.006839662668335866, 0.0049584613593763455, 0.005257718430264414, 0.006489998945828723, 0.00679323581639246, 0.004941031335422514)",2.6103139627047693
0.0016255272528933622,0.001993006808622197,0.0004399283319250282,"(0.0015107872855129405, 0.002504564593115066, 0.0016022169831703677, 0.0023791413270972963, 0.0020860949499880805, 0.0017981835734367075, 0.0021319307702721895, 0.0017848059118701365, 0.002578173279583975, 0.0014753431906980696, 0.0016909616434413993, 0.0022503801993344705, 0.002009781249815288, 0.0018665675649971042, 0.002420268513815201, 0.001572484851884398, 0.001590716462729327, 0.0023973732735496933, 0.00130585355731069, 0.002904506990821534)",-0.8353168665469355
0.004642804098322354,0.0034738705502025246,0.0006803108863450197,"(0.003556571439001507, 0.0032578841265597023, 0.0037917182305808655, 0.003106273074879559, 0.0037026862832957347, 0.0030929450830592953, 0.004042555348971622, 0.002898219783169215, 0.002265875745621178, 0.00517343858903182, 0.00406529397193133, 0.0028829900840066105, 0.0034312353841962798, 0.003299646754713348, 0.004422226711570267, 0.0026583604394053127, 0.003405213102176407, 0.003456019690261992, 0.002775891928241467, 0.004192365233376966)",1.718234371347403
8.634296800581073e-05,9.970503063010642e-05,1.8734950961994542e-05,"(0.00011631379373978317, 8.262013477731109e-05, 0.00010934884469932306, 8.79278106542656e-05, 0.0001300508621306798, 7.387355641695297e-05, 9.381274644743696e-05, 0.0001024704581487195, 0.00012738911140860266, 7.54646904561965e-05, 0.0001236206134238332, 7.776351879656756e-05, 8.680008658169663e-05, 0.0001106258020885584, 9.068180458772103e-05, 0.00010602410736479686, 8.842471001958461e-05, 0.00010872886438005456, 7.64622165821114e-05, 0.00012569687989793258)",-0.7132157779009823
0.0005878310208289534,0.00352961148649965,0.0028395378827017915,"(0.006372231511891143, 0.0006392193328943181, 0.0024107185948195383, 0.003935916741437863, 0.0006630119571899073, 0.0040931813764559215, 0.0011926071759037504, 0.005847539313431135, 0.004127424836054758, 0.001802227711528488, 0.006041144464330049, 0.0011834648007014036, 9.78225792778352e-05, 0.011284938660892013, 0.0028129743328697233, 0.0031997699729484548, 0.006148850930688132, 0.001410010563532, 0.0007587611948023635, 0.006570413678344183)",-1.03600676842234
0.024100895796935223,0.01979416287334421,0.010097111766471354,"(0.010882935064847872, 0.029394193096853552, 0.0471582247795952, 0.006309004139192558, 0.011783196310662209, 0.027560733008115353, 0.018481613566958655, 0.015235812944930725, 0.02245159715289121, 0.0137528594083879, 0.014700610158443723, 0.021680759192437837, 0.008866366836498482, 0.034080425526691396, 0.014617193343665662, 0.02236563560599941, 0.010267037871531551, 0.029166920263785263, 0.012389854111981024, 0.024738285083414593)",0.4265311727945833
0.013046604113217973,0.01519504552914084,0.005755607923336746,"(0.0189270231627325, 0.011124201892371122, 0.012199373472751513, 0.016243304800652524, 0.01758402038258531, 0.012399460486309336, 0.007230249746488481, 0.02460295332091121, 0.011163458866068966, 0.017573401786678596, 0.020835637357779168, 0.010014815482185076, 0.01717711903634923, 0.01107528123705526, 0.01378031280812955, 0.015538276704094784, 0.02615276249571739, 0.007507364464579132, 0.024685998874529616, 0.008085894204848053)",-0.3732779307658839
0.007855321903782752,0.010450182650890342,0.004073008980218099,"(0.009091437536372527, 0.010783978195755202, 0.00625866170783198, 0.015187579673018009, 0.009247476632076479, 0.011052446021182832, 0.019267013268138986, 0.004375630543863892, 0.0056666186781851105, 0.015974395290437194, 0.00804934176732934, 0.012049502839015236, 0.013146163108811462, 0.006685689236819152, 0.007949000719802715, 0.01241867795236663, 0.006140043388551429, 0.015176386907943611, 0.006888424471163228, 0.013595185079141812)",-0.6370869201885832
0.0004525071222281692,0.0008460132392571929,0.00045823454651796735,"(0.0005659953055574696, 0.0010017299528365584, 0.000670892620432113, 0.0008571475738035306, 0.0010350212311907088, 0.0005561380431892823, 0.0002432116719352069, 0.0022816900400780254, 0.0008478914331854817, 0.0006512405045045639, 0.0013392725134592455, 0.00042174430893462337, 0.0008813451508736311, 0.0006216607711426719, 0.0015594254829845095, 0.0003611723985664144, 0.0006589844222265133, 0.0008626483847547104, 0.0007822678943100393, 0.0007207850811785574)",-0.858743890043206
0.0007417264932217827,0.0005915218425452321,8.799237970617731e-05,"(0.0005250723447688162, 0.0006533994404600051, 0.0006102270358852276, 0.000562742667381883, 0.0005497064662950395, 0.0006249918376361443, 0.0005783512842766399, 0.0005917051793265194, 0.0005758351213006441, 0.0005943240986914812, 0.0005443651960894386, 0.0006300189348389759, 0.0006462900233313879, 0.0005291477578133608, 0.0004032279721246668, 0.0008504498067189298, 0.0005205169500974314, 0.0006590567756363064, 0.0005140416692969744, 0.0006669662889347686)",1.7070188484288242
0.002477670238414411,0.003061898287216355,0.0004600556000275496,"(0.0025550827329459415, 0.0035991324264078124, 0.0031646226685469563, 0.0028995396610913913, 0.0028021850499885875, 0.0032864478265982942, 0.0030946779286717702, 0.002952175984929618, 0.0030222414308605575, 0.003034106791769808, 0.0031622209103534128, 0.002907037049998207, 0.0032824925654972663, 0.0027901803293051506, 0.00287019250054144, 0.003205908363151054, 0.0023521358009522503, 0.003899392051278483, 0.0022149946373077566, 0.00414319903413134)",-1.2699074824150784
0.001395949822847268,0.0014883367403835113,0.00029892097223470723,"(0.0011514062582983426, 0.001855508578422088, 0.001294780704317006, 0.0016492983620205843, 0.001366747150430917, 0.0015653573868088192, 0.002289087433368818, 0.0009292544260370674, 0.0015250115263985063, 0.0013972539060898611, 0.0012417364944306403, 0.001719903889910907, 0.0016232433236942647, 0.0013115168452036367, 0.0017540210197282875, 0.0012180699287341892, 0.0015542980237634675, 0.0013728332090939851, 0.0016689295310962835, 0.0012784768098225558)",-0.30906803509157177
0.0019966642282046834,0.0019662720108274937,0.0003679109069421351,"(0.0013821258658971523, 0.002711241032486851, 0.0020135719776809982, 0.0018624969100681412, 0.0015757933392960583, 0.0023851694879398837, 0.0017783914039028442, 0.0020922989451237915, 0.001542885734925156, 0.0024155785611174895, 0.0017325393903894193, 0.002161216328938914, 0.0016474660729826232, 0.0022584469501404835, 0.0017285737411994395, 0.0021666869906323567, 0.0015315096977737317, 0.0024438227234725588, 0.002180488812973474, 0.001715136249608494)",0.08260754656553267
0.0016907520836503907,0.0021563517968873317,0.00039287281778650497,"(0.00245359962290492, 0.0018418781965986429, 0.002029428188780123, 0.0022326679359717513, 0.0019250625684599709, 0.002358279214400051, 0.001888164095391642, 0.0023724385677909594, 0.0014120266517043043, 0.0031747016513155035, 0.0017824124268390786, 0.002532526071125998, 0.0022999069784736827, 0.0019444266583784804, 0.002484864821129334, 0.0018162913265649043, 0.0019346009534347774, 0.002334468199087032, 0.0017884630998318623, 0.002520828709563619)",-1.185115620521136
0.007181018939330693,0.0065226551166603745,0.0008480609824453311,"(0.006643819522768473, 0.006355833646789671, 0.007600229104487139, 0.005603581089692146, 0.007278361369094034, 0.0058862386326921515, 0.006578575955920946, 0.0062433488082060465, 0.006301036614940453, 0.006531302031032248, 0.006069479306648299, 0.0069317381856855795, 0.007076056940624366, 0.0057717655084446205, 0.006722402150833902, 0.0062545397186791595, 0.008944805497669444, 0.004711914742125517, 0.006525076739174554, 0.006422996767698725)",0.7763166049356113
0.012668815120463259,0.012182649911231322,0.0020340437705045913,"(0.013693301740563752, 0.010713293538740046, 0.01135673622826102, 0.013114216899477739, 0.012367124530153864, 0.01217817334006808, 0.01473898772302983, 0.009458950745593905, 0.012106794693881213, 0.011562775504463949, 0.008680758331499642, 0.016786839819621036, 0.009629698023727262, 0.014336552488683155, 0.013722494334809297, 0.01060867641601897, 0.013310887028383239, 0.010979615994518355, 0.013893069806701776, 0.01041405103643032)",0.23901413346249334
0.004265817014186173,0.005645429901046946,0.0011881394326527053,"(0.004269671121929526, 0.007208547170229145, 0.006432741811634123, 0.0048193142155974165, 0.005619747120542911, 0.00554449063569356, 0.005706138981459174, 0.005268198164796314, 0.006798324729914523, 0.004429377615010281, 0.005537290919942699, 0.005541000797583237, 0.008516668426061632, 0.0035128600045107924, 0.004615612031164135, 0.006643944975638211, 0.006821285033937193, 0.004504768977305305, 0.004990066861686743, 0.006128548426302006)",-1.1611540269988123
0.0029527750206060485,0.002015344344233824,0.0005340198101393709,"(0.002333462422871656, 0.0016328263838287908, 0.0015781682461391406, 0.0024209651204241704, 0.0019555135261244095, 0.0019570196790410395, 0.002427549199313108, 0.0015566881947600046, 0.0018640759384939308, 0.0020280363229006303, 0.002947901329520134, 0.0012910458855254598, 0.001843914605311136, 0.0020454738715059107, 0.0014333051594308999, 0.0026546289085453046, 0.0015736778784174934, 0.0024201182872485958, 0.0012159197245655755, 0.0031265962007090827)",1.7554230359498644
0.003973996827810473,0.003300134530915946,0.00046958806685180676,"(0.0030342127950308407, 0.0035391926737043684, 0.0027105672779699263, 0.0040032257910137484, 0.0029317719686163136, 0.003704658231949993, 0.003242595761655701, 0.0032578211716846853, 0.003149444265312793, 0.0033426752064187348, 0.0031706973427595223, 0.00337722444384414, 0.0026860003146038044, 0.0038965982974063593, 0.00333326718780325, 0.0032059403328675426, 0.0037835291835035955, 0.0028433513294465183, 0.004307401885968954, 0.00248251515675811)",1.4350072850279347
5.465103881163336e-05,9.99360972635546e-05,2.086277886974052e-05,"(9.200858328312834e-05, 0.00010420130761924358, 9.157112357722954e-05, 0.00010474052643547083, 9.73552995254441e-05, 9.851726316991475e-05, 7.225616594917548e-05, 0.00013261831727398672, 0.00010342026666853771, 9.264008528668397e-05, 0.00013897189632641873, 6.89813981227149e-05, 0.00010067892044895718, 9.514323425836219e-05, 0.00010563838358144773, 9.074013955655749e-05, 0.0001389262352825314, 6.901734705462445e-05, 7.732813439861932e-05, 0.00012396731745204322)",-2.1706148895439292
0.0015808364862287376,0.0017218294225406713,0.0014277915853457039,"(0.0008781594047882304, 0.0018044247096361378, 0.0014374006894940713, 0.0015246469858999012, 0.00172824828881324, 0.0012593449541077725, 0.0004300925060308675, 0.002448215674644739, 0.005432562319543484, 0.00016784557891475412, 0.0004202014409426784, 0.0034839728903775626, 0.00020099851144780883, 0.0038489230490625736, 0.0038860002807961217, 0.00035041449781529556, 0.001040735078429389, 0.0016500555056555444, 0.0014777504322131194, 0.0009665956522001371)",-0.09874896151443269
0.015933504859848,0.01875837593670629,0.006695886641992699,"(0.0198851352314622, 0.01758333721927324, 0.017427086152900704, 0.019621053653923238, 0.02288739015619778, 0.012428546067608992, 0.02098889675495124, 0.014513328346903805, 0.016193349400721285, 0.019757322960194137, 0.013543367006561268, 0.021253942755262382, 0.0231147371742777, 0.01420048334888142, 0.015222501688561886, 0.021508392874367982, 0.006892988059969268, 0.04160335497532574, 0.019413756858123583, 0.017128548048657797)",-0.42188155622921464
0.02475903430102005,0.01545384039434542,0.006908656272860251,"(0.01604575159174241, 0.01454465220586329, 0.016639859764930248, 0.01349331630416234, 0.006021671516179049, 0.028585840148429454, 0.005419694086370624, 0.034331652684166776, 0.017011815427712795, 0.01201759731263615, 0.01665388918848239, 0.00981280362352597, 0.011773220659728944, 0.017647870288971804, 0.011319758162195676, 0.01862520446391918, 0.020014264352465033, 0.008838917753093927, 0.018618382732232607, 0.011660645620099701)",1.3468891111617263
0.011909068608617505,0.010204871378023561,0.00391845619713833,"(0.008233084314228985, 0.012956359969625839, 0.01438833511780006, 0.007107666850230495, 0.016840857373603867, 0.004709397406731937, 0.011196809018674201, 0.0075016248988844896, 0.005548538062891276, 0.01689359601274614, 0.006465126738060405, 0.011050477891962042, 0.011838236356531385, 0.00790412380543272, 0.014682923612526756, 0.006556972544064695, 0.008804070909740815, 0.009362523747352547, 0.015728366872682985, 0.006328336056699541)",0.4349154730474029
0.0006012456522409422,0.000880567325329318,0.000435712860035473,"(0.0004637586065242442, 0.0013664430758674102, 0.00034019509408968033, 0.0018442731687243312, 0.0012326174369806763, 0.000493279058074127, 0.001590020920844247, 0.0003786694094808416, 0.0009083654375454783, 0.0006864097086004491, 0.0006506826149052719, 0.0008769521250482582, 0.000909137622766003, 0.0006733431327840006, 0.0014400033903884302, 0.0004322837762058044, 0.0008005670453897554, 0.0007719934192500597, 0.000501921060031637, 0.0012504304030856517)",-0.6410682325640681
0.0006534099436290078,0.0005904308161956335,7.445089351887723e-05,"(0.0007411518638774351, 0.00046476044471884355, 0.0005099803496314431, 0.0006748043659440344, 0.0005141573479958869, 0.0006669110235379108, 0.0004905954715259453, 0.000698695662577873, 0.0005489281281746213, 0.0006263263500099563, 0.0006141705625487885, 0.0005555102618354931, 0.0005423679546480542, 0.0006331051656780077, 0.0005452215428632274, 0.0006306330328034182, 0.000599681480245537, 0.0005725744920203464, 0.0005309192637759204, 0.0006481215594999261)",0.8459149978825407
0.0022102566018900034,0.0031311105635997874,0.0007453833502073603,"(0.002599275671743106, 0.0036055384613321194, 0.0024093567158986274, 0.0038837096601795004, 0.002650793202840889, 0.003493512586964359, 0.0032930630741665017, 0.0028203241187694573, 0.003939574250889459, 0.0023665511936259, 0.0017459371824996596, 0.005290948127251677, 0.003248675084684046, 0.0028712649381854413, 0.0034920135676960663, 0.002673026692995404, 0.002765091654761559, 0.0033530230996594895, 0.003201254211409364, 0.0029192777764430996)",-1.2354098886882958
0.0008885849573308511,0.0014821091634466433,0.00019881964166707037,"(0.0015725856287731668, 0.001379654679091894, 0.0019753407132340737, 0.0010970495123514092, 0.001549224123212501, 0.0013895834346206101, 0.0016096623864906975, 0.001338980988829804, 0.001701715204171398, 0.0012706424391423616, 0.0012513022125516685, 0.0017140615905453004, 0.001407358588016068, 0.0015358361714596905, 0.0015482388742058565, 0.0013974855630065621, 0.0015212248491381297, 0.0014168979702009227, 0.001302123953387635, 0.0016632143865031146)",-2.98523929094323
0.001419531615949046,0.0019932107995872302,0.0004197352271344484,"(0.0020749115209013225, 0.0018500545873155001, 0.0019309235330191245, 0.001983542741361493, 0.0026727484558012977, 0.0014180129089565081, 0.0017903106842024005, 0.0021182941472957595, 0.0024460366354666814, 0.001560769621381177, 0.0014253070380772824, 0.00263342788837368, 0.0014226628551029712, 0.002678443059617754, 0.00233546225152849, 0.0016358313574979745, 0.0019166921447499466, 0.001982938596758417, 0.001608916389189452, 0.00237892957514737)",-1.366764442324077
0.0018218567168993348,0.0021761285800609553,0.0004301670498324124,"(0.0026848476719907805, 0.001717517287424014, 0.0016589032581293141, 0.002770981915842051, 0.0018930964775506368, 0.0023972661972867567, 0.0026921189843107382, 0.0016846603906869215, 0.002394282075261559, 0.0019130734037605035, 0.0019229929776840866, 0.0023223472515322696, 0.0021075181304652563, 0.002165091615386513, 0.0028807494280752425, 0.0015907474467722555, 0.0028170462023466665, 0.0016181167398923698, 0.0022412339781509704, 0.002049980168670201)",-0.8235681075517994
0.007442723714385617,0.006782383982519221,0.001130761483703114,"(0.0059482983800040546, 0.0077922259220063956, 0.00614891675123961, 0.007461831722185326, 0.006466813080531596, 0.006810159691774924, 0.006662359482539571, 0.006594248366236161, 0.0072681775022137695, 0.006241828729494208, 0.004801338916494423, 0.008703694517854596, 0.007123553338909007, 0.006288850245476591, 0.008623381604760907, 0.005268077974802571, 0.008757278533310672, 0.005101571505859942, 0.006221064484624206, 0.007364008900065891)",0.5839779134533829
0.012782129504943139,0.012843237906297081,0.0031639946240807596,"(0.017231251271013985, 0.009624801263106345, 0.015755964704417345, 0.01032651376547499, 0.008835084663900015, 0.01704104615408894, 0.011014149856835239, 0.013611342515900699, 0.01778424204147986, 0.008954361164407511, 0.0077884041862518886, 0.01752054387314996, 0.01354499765120529, 0.011483885369585441, 0.014174657912085453, 0.01126476602749583, 0.013849835828574372, 0.011167412591257314, 0.015263122705427826, 0.010628374580283309)",-0.01931368684663806
0.005208509809124591,0.005798695218743249,0.0011494993392927178,"(0.006192091964950231, 0.005394630097291303, 0.007247066824470006, 0.004568464838876168, 0.0067308032043194126, 0.004747355419179946, 0.0049376246935176555, 0.00645535942189393, 0.0045645262261233294, 0.00718346933174206, 0.0058675004634298235, 0.005198019069137184, 0.005773985800221427, 0.005614823284433477, 0.004900235463426215, 0.006698452452615214, 0.006349585226069023, 0.005096580445975928, 0.0038382277259080746, 0.008615102421284564)",-0.5134282286597888
0.0022628713307124315,0.001990762378149279,0.0004419183068858408,"(0.0015295483845894301, 0.002498540178238403, 0.0014804430429552285, 0.0025736847236034243, 0.0016981039339355854, 0.0022173742531596445, 0.0018541150873561845, 0.0020289082723302467, 0.0020526950098892867, 0.0018502593777818043, 0.0012135722738394466, 0.003053921009548545, 0.0023220949560510827, 0.0016292525654685035, 0.002312605304458183, 0.0016428423491900634, 0.0019242813476349917, 0.0019651769178874587, 0.0023406047226512457, 0.0016272238524168228)",0.6157449200977444
0.0035383901367828604,0.0034040325461402693,0.0008625761243309906,"(0.004102792483496717, 0.0027204951616586156, 0.00204239904402025, 0.005425515605373828, 0.002870690766750727, 0.003771612666961304, 0.0025126972494943826, 0.004279765412086416, 0.0024551645817308685, 0.004491988607526283, 0.0036551581715203916, 0.0028300715273062815, 0.002688785211299238, 0.004048399531586178, 0.0033072066502509607, 0.0033312056301103075, 0.003536907904796428, 0.0030974092526925468, 0.002527550059477032, 0.004384835404666618)",0.15576316901513843
0.0001422695709130487,0.00010068984349647731,2.4408509490285418e-05,"(9.900592601495835e-05, 9.701404714634911e-05, 0.00012432836227817417, 7.72361171795163e-05, 0.00010715594270086657, 8.955024071467251e-05, 9.703820736724005e-05, 9.885912178423107e-05, 0.00014857535263806588, 6.462368259138037e-05, 0.00011515334979957293, 8.319642992135434e-05, 0.0001061951067137055, 9.036981374769828e-05, 7.471575163238272e-05, 0.00012849911094745824, 9.910179601770115e-05, 9.686786938463819e-05, 6.238676165279572e-05, 0.0001539238796967845)",1.7034930966645105
0.003600794661377877,0.003101495084730303,0.003437077932327919,"(0.0022146105879015327, 0.0016876692109069245, 0.0008931255881640497, 0.00315805262530006, 0.006188090114509133, 0.00020256231347366406, 0.00808431310914931, 0.00011021980377049735, 0.0010886471882254028, 0.002269706302566685, 0.012934808630158957, 1.4561951849792445e-05, 0.00019714229908350243, 0.007069146145089077, 0.00041810340149843413, 0.005483212112503074, 0.0004976674847531438, 0.004071793899701502, 0.0005949656738357938, 0.004851503252165526)",0.14526862249800668
0.014569430117208765,0.016171534962901215,0.005119836381263837,"(0.017490558773632005, 0.014630768113938354, 0.012242760948988091, 0.017444028467421997, 0.025766580349141213, 0.009469016754683413, 0.013508470638522242, 0.01534065215798343, 0.02123475605189228, 0.011205660442558803, 0.011303405622811201, 0.02217857463723687, 0.01032924942396649, 0.023333085287219932, 0.025292858428742824, 0.010058354728069435, 0.015558232828058481, 0.016244193556332456, 0.018088693043345344, 0.01271079900347943)",-0.3129211026265196
0.011089184348046415,0.011639966881062239,0.004572854760094812,"(0.011524120223362145, 0.011136258655650285, 0.015081292846010442, 0.006591543618794293, 0.010566783035638627, 0.011347847505421038, 0.004456257972915136, 0.02145000691412088, 0.020919055104867967, 0.005571669059445449, 0.010912741844251315, 0.01143299840770616, 0.015365352214789345, 0.007725001119072095, 0.008088390967045278, 0.015799319213192803, 0.01064446324817666, 0.011847217758399394, 0.00752673905840429, 0.014812278853981132)",-0.12044610247022236
0.0056062231579168805,0.011925966803707536,0.006918097603269325,"(0.012634259168851643, 0.009087505521961706, 0.0029987860212652736, 0.02884775017434989, 0.012529678669837676, 0.008491181882510019, 0.0252394365976999, 0.0032919244801162934, 0.006893982841885338, 0.015051883888560678, 0.010459055433696868, 0.010646183380914281, 0.008038708490919947, 0.013179565695731303, 0.008259581383512885, 0.013882781172334567, 0.010262296708089392, 0.010974611595993581, 0.004213882621316927, 0.023536280344602537)",-0.9135088875884171
0.0014789637587467905,0.0009201432199383297,0.0004050311179048423,"(0.001358198335349981, 0.0005320177363092591, 0.0006893640618352162, 0.0010263579251483513, 0.000967326005711068, 0.0007413533177660618, 0.0009817431211215537, 0.0007201564000854505, 0.000704844136188048, 0.0010207132664659202, 0.0010005654408865676, 0.0007207398687297036, 0.000987433743950225, 0.0007309330668774127, 0.0005044728155595776, 0.0014348749442092393, 0.000625513928003019, 0.001154162173609572, 0.0021704424457824876, 0.00033165166517787597)",1.3796977913675996
0.0007230767805543276,0.0005990379189121624,0.0001159966824262162,"(0.0006116852236095609, 0.0005671929143611954, 0.0005210139868814128, 0.0006638209553587705, 0.0005595986776209367, 0.0006193933312460763, 0.0006113527649634611, 0.0005655727473262796, 0.0005078143246989586, 0.0006826197654937664, 0.00047255632946346216, 0.00073395293116959, 0.00038070012104356806, 0.00091084172785536, 0.0005225377956956287, 0.0006640490263954743, 0.0006796224400491865, 0.0005104012546931892, 0.0007031776105996489, 0.0004928544497177249)",1.0693311140261663
0.004261746047814911,0.003060392747840312,0.0005788758573624385,"(0.00293246284744109, 0.003102685587927585, 0.003299753909211792, 0.0027247948383500135, 0.003088624505940361, 0.0029365182738606142, 0.002514255023954742, 0.003569627285710769, 0.003682369395098207, 0.0024598841822220286, 0.002703104384951975, 0.003361552022096297, 0.0029039711363883156, 0.0031218963419179014, 0.0024443790285709264, 0.00372156305123881, 0.0020295117146643072, 0.004479458276705945, 0.003664820468365567, 0.002466622682189003)",2.0753211326663132
0.0015870920859684232,0.0015094463738104425,0.0003770167846101773,"(0.001821689998673461, 0.0011848357280684549, 0.0013923224175966, 0.0015391639449699897, 0.001183018471149017, 0.0018209390044245754, 0.0025724721795010617, 0.0008322481364540986, 0.0014430846761698762, 0.0014919940041077436, 0.0015939017292853378, 0.001353126530713686, 0.0017928805275652586, 0.0012015525990376036, 0.0014171648173275002, 0.0015230720670027557, 0.0014104635589535259, 0.001529541637194967, 0.0010639327848337328, 0.0020215226631796076)",0.20594762707518113
0.0022440413139257396,0.0019674655384520913,0.00022151154935556963,"(0.0018109891634100327, 0.002119718955809808, 0.0017709802002868868, 0.0021451386765081845, 0.001801171594834002, 0.002124992625394479, 0.0020789263947488777, 0.0018251687769664834, 0.0019524432636060698, 0.0019596876323624136, 0.0017198542374183205, 0.0022296186855682793, 0.002050920148991516, 0.0018672432639655913, 0.0019485877525405773, 0.00197045277500167, 0.0023323241682073454, 0.0016447976991604341, 0.00241196137750534, 0.0015843333767555146)",1.2485839960863154
0.0016839978122758273,0.0022388154328587613,0.0006414460282540912,"(0.0011928856629682674, 0.003911737716689308, 0.0020289477698941833, 0.0022733816317225966, 0.003118481954433971, 0.0014911661726595457, 0.001809223328944285, 0.002546618492041139, 0.002475913292559872, 0.0018783936359920404, 0.002684053805088193, 0.0017364625711180468, 0.002467463611827374, 0.0018869649713546264, 0.0030370522527841575, 0.0015370936497602781, 0.0018133299512516315, 0.002571504659706598, 0.0020567859621629, 0.0022588475642162167)",-0.8649482515201704
0.006259668547222763,0.007088977145602221,0.0018907001028149603,"(0.005744458436354974, 0.008273481950768201, 0.007811883514454631, 0.005863578989428117, 0.009972873756829552, 0.004713047613663004, 0.004878086519819965, 0.009357464827551742, 0.0056831501303599395, 0.008275521809324908, 0.004429684959336941, 0.010689018363744507, 0.005658440622705332, 0.008342367737750551, 0.0051661016406509995, 0.009212868429211334, 0.005803757725519715, 0.008170865938512318, 0.007379167905847963, 0.006353722040209709)",-0.4386251405734551
0.015927230559381864,0.013540398595365329,0.0021445474644327654,"(0.011919150119413913, 0.01539294993875165, 0.012059658302545554, 0.014148817428322032, 0.011760524109817774, 0.015263448195011265, 0.012249129386156766, 0.01383551772612772, 0.01624440603413214, 0.011064482888966347, 0.018124459561848775, 0.010048565174972938, 0.015976571088753985, 0.011332228440298669, 0.015228242768306085, 0.012082361952155021, 0.013601084153564804, 0.013431031791809175, 0.015574239890887385, 0.011471102955464486)",1.1129769816719142
0.00880393342029365,0.006052864708425362,0.0013423379313301492,"(0.00608155695870332, 0.005818990997390555, 0.004978529162508254, 0.006890113730344115, 0.006412764389859244, 0.005466139458984109, 0.005009456856860478, 0.006828678496387089, 0.004361889150435978, 0.00804350573485746, 0.005424456425998351, 0.006503404291723509, 0.004943079766200168, 0.007120898473015886, 0.005788652651985623, 0.0061216687912553, 0.009756718453176026, 0.0036204865159343933, 0.006506456199912098, 0.005379847662975268)",2.049460607242321
0.001709529627559465,0.0020429201104749067,0.0006593084132797545,"(0.0013799587957424603, 0.0027483494671172834, 0.002559120300144995, 0.0014666200600182242, 0.0018643756947251489, 0.0020277999633201544, 0.0012981668628389944, 0.0028884896100471015, 0.002600520587125773, 0.001454179522843853, 0.002325523454885275, 0.0016291449820633093, 0.0016831171529285678, 0.0022492227148340287, 0.0025023863932947055, 0.0015162653860996088, 0.0010693736915461762, 0.003544395806712303, 0.00259563561601795, 0.001455756147192229)",-0.5056669628360698
0.0032054065777278404,0.003463414896972345,0.0005546447437672252,"(0.0034642191454611363, 0.0033959702267019783, 0.004138446941679391, 0.002796365371979935, 0.0035127352372080214, 0.003329624355317656, 0.0032172623791195207, 0.0035946380636111483, 0.004193496296776244, 0.0027955523112115346, 0.0026545883559599315, 0.004424783448541631, 0.003475342705306123, 0.003381384527048704, 0.003834849582494603, 0.0030717699347206926, 0.002595199832534907, 0.004529860241049105, 0.003215734580695157, 0.0036464744020294807)",-0.4651776153003377
0.00010936710422375561,0.00010057696183609594,2.2966887057475532e-05,"(0.00011149976966262366, 8.636637361679842e-05, 8.976987071589519e-05, 0.00010722760465233494, 0.00012056058383500257, 7.98622410611471e-05, 0.00014803727686210288, 6.502276963148955e-05, 0.00010558486685981213, 9.119827726308681e-05, 0.000139644503951202, 6.895699344928022e-05, 0.00010924728062105444, 8.81476851343693e-05, 7.79184804143213e-05, 0.00012359402895174994, 7.640229322531353e-05, 0.00012603948505438044, 0.00010264622798480796, 9.381262377514612e-05)",0.3827311191831092
0.005358130886785821,0.005649915677627239,0.0029576854050014836,"(0.009099010206975988, 0.003380974587469574, 0.008809259554192502, 0.0009373491226835764, 0.0015475214543782382, 0.011667087317968132, 0.0010905646615308833, 0.007616668197141343, 0.0027661685157937712, 0.009044659010646387, 0.0037394324501722055, 0.007309355913628094, 0.006865562805903877, 0.00468696561000243, 0.006561810043058587, 0.005434078240087233, 0.00804303119239904, 0.0036857842754691684, 0.005348628812417596, 0.005364401580626143)",-0.0986530853984695
0.009692030573714849,0.016833873888127467,0.003569415796012263,"(0.013428970625606005, 0.020736654273164436, 0.020587938773831544, 0.014204269304363705, 0.0128449124114831, 0.021247438980619295, 0.019892088897727905, 0.014691702904657105, 0.014474625688670972, 0.019568942241246792, 0.022623061373950697, 0.01077802331085633, 0.016124377106950395, 0.01776611929101693, 0.017654863466158185, 0.014301739635135516, 0.021452703157662685, 0.011415187505602505, 0.017493635681800433, 0.015390223132044765)",-2.000843757791249
0.010079140699046802,0.012811721117499076,0.004640176179355494,"(0.02234798581939491, 0.0067864267488588455, 0.015143466426701795, 0.01055861752057998, 0.013221583188825948, 0.011159866025899894, 0.017935653988042498, 0.008966394594799263, 0.014593749873335508, 0.010586811942747883, 0.014526495422588619, 0.008562232187327285, 0.014461850354641887, 0.010703075520078396, 0.005922932684268346, 0.02214309980221589, 0.008891185741015257, 0.01421066712993566, 0.01718560932670332, 0.008326718052020277)",-0.5888958334404927
0.010991345456148329,0.009299004883781256,0.004415246045808887,"(0.007784545737664786, 0.00949879300159306, 0.009435475959832384, 0.008193293994454016, 0.003966111999096344, 0.01812527322174649, 0.007175381068408068, 0.010890563429398106, 0.005262473983586819, 0.014274351421381556, 0.005597863839473528, 0.010612215625891973, 0.00869330431481376, 0.008567211149362748, 0.012869794769932056, 0.004898378108810993, 0.0030265944245576404, 0.02010040712928229, 0.006678275408886975, 0.010329789087451545)",0.38329473710157197
0.0015351842139908539,0.0009328046596459278,0.000735983619708843,"(0.0008856345027715249, 0.0006666277770296092, 0.000464898534397566, 0.001268916345484689, 0.0006742922337756551, 0.0008727493227137663, 0.0007734214075595959, 0.0007664505952858325, 0.0008016211829985331, 0.0007362997655539538, 0.0035485698566547074, 0.00015846108776373152, 0.0007149926525701156, 0.0008161733319687754, 0.0008405439921035326, 0.0006790778911823138, 0.000642237793884569, 0.0008849414615727328, 0.0002636034310700847, 0.0021965800265772682)",0.8184686971474026
0.0005984636387355724,0.0005953229117652195,9.574927475639588e-05,"(0.0005346095361293968, 0.0006476669004429345, 0.0007193211432693532, 0.0004814516105603604, 0.0007098858976909575, 0.00048754208930059143, 0.0005013696820798441, 0.0006910496151297356, 0.0005104534249808412, 0.0006783684062423061, 0.0005007369578168465, 0.0006881207619599491, 0.00045883393616350524, 0.0007540363316190592, 0.0005261292604704504, 0.0006558452647815997, 0.0005521636147411714, 0.0006246033793050043, 0.0006629253394896795, 0.0005213450831308063)",0.03280157451159226
0.0029343526324025,0.0030623625359946795,0.000509318055760902,"(0.002408052040134628, 0.003801763885570579, 0.003343583685740004, 0.002744533986910568, 0.003614904849111918, 0.002529331255151254, 0.0031581704275845304, 0.0029065128075094876, 0.00387484803617178, 0.002364601702196218, 0.0031954271164231106, 0.0028387740973647097, 0.0031492609039169284, 0.0029094818121907146, 0.0026427825916152665, 0.0034408612563934142, 0.004025342212690091, 0.00225521975903273, 0.0030657456033662957, 0.0029780526908193576)",-0.2513358836276431
0.001171435050172358,0.0014843400172460087,0.00024248085833959604,"(0.0014823913982788576, 0.001452449523160375, 0.0016641897937823052, 0.0012952956219689869, 0.001367508715056618, 0.0015731322863573574, 0.002121084165071525, 0.0010166995151301632, 0.0017930663521242838, 0.0012012927562351449, 0.0013990646883309196, 0.0015283321290502894, 0.0012516758588587112, 0.0017200989678712122, 0.0014853734547833237, 0.0014422647896904755, 0.001428442159504445, 0.0014981962930581444, 0.0017099829627862668, 0.0012562589138207698)",-1.2904316209381987
0.0024424141606056824,0.001996741137277085,0.00042332149035929705,"(0.00190466298069745, 0.0020127470554455323, 0.0022770198705303517, 0.0016857393989085485, 0.0014784709085906844, 0.002589506794919125, 0.0018548675597892888, 0.002071385778359512, 0.0020404929317747165, 0.0018796330140918938, 0.0017631161093106975, 0.002147545422800119, 0.001855847708440116, 0.0020635214356596325, 0.0013803739314728859, 0.0027526194308945514, 0.0013919002306082729, 0.0027255985624627483, 0.0014788207831550404, 0.0025809528376305284)",1.0528003738962777
0.0024689269487450003,0.0021714871532588155,0.0003445870124344402,"(0.0021365970014718965, 0.0021653008391318436, 0.0016286630427219395, 0.00284327133521503, 0.002292058947740718, 0.0020152770391950584, 0.0020550823398075586, 0.0022566076027326623, 0.0024217949397907514, 0.0019109845806205847, 0.002677568299768714, 0.0016992389207898593, 0.0023255987020603416, 0.0019846347576671576, 0.002729989679367844, 0.0016746927373493033, 0.0018811580410445087, 0.002425918391250235, 0.0023428369192852318, 0.0019624689481650697)",0.8631776148057075
0.006863695869636573,0.006909101226576911,0.0016613577390533986,"(0.0061679876732416445, 0.007453565988677011, 0.00714376047768043, 0.006453227769492272, 0.008561272411793363, 0.005343512534795632, 0.007092445785725623, 0.0065308122089510895, 0.004289001873715214, 0.010730091740957579, 0.00408875491833216, 0.010658726337787354, 0.007221180440152448, 0.006316405802644701, 0.006448204403787936, 0.006864524196314573, 0.005873517471719296, 0.007492750874629151, 0.006305430565162602, 0.007146851055978135)",-0.027330270821869167
0.012360906985430624,0.0133197054459583,0.0018891584130019648,"(0.01451663799090358, 0.012349331374437457, 0.016294272841875797, 0.01105895685623469, 0.014228896091029343, 0.012482545411148356, 0.014656435094539106, 0.012405318803971055, 0.01610699798323419, 0.011151713227963975, 0.014698514861102343, 0.011027082689006852, 0.014933997110433861, 0.011826183786653071, 0.013567478842197124, 0.012301945667657537, 0.011434150217674547, 0.014439133463879561, 0.016365803774344708, 0.010548712830878807)",-0.5075267663785261
0.005111319727589352,0.006076943934266823,0.0015235876643480608,"(0.007511451376226594, 0.004695387324782629, 0.005198321042234957, 0.006798692322467767, 0.008308701914922728, 0.004226579027418712, 0.006585821774598445, 0.005389848714660606, 0.006235149541155246, 0.005660954558261766, 0.008978456942228775, 0.0037429526003493483, 0.006826095157946184, 0.005127207415575575, 0.003941441110446885, 0.0086477438755456, 0.006999099587043839, 0.004845139816360779, 0.006452834891855799, 0.005366999691254222)",-0.6337831614636098
0.0020232368484521964,0.002018942669157937,0.0005383884639324999,"(0.0030442508206535213, 0.0012563951129161005, 0.0014383068746646023, 0.002661092680536104, 0.00217081646562666, 0.0017593767706862323, 0.002423008330069774, 0.0015819224231347797, 0.001609297050566575, 0.002377315095949087, 0.0013895901427783068, 0.002708663924451265, 0.002637216206570963, 0.0014466459042646736, 0.0014870337913364528, 0.0025430697490762223, 0.00218648195115236, 0.0017266214561021465, 0.001715037046736744, 0.002216711585886171)",0.007975986823517228
0.0040817468954382026,0.0034613872567189003,0.00045363953675067227,"(0.003315609657815455, 0.003594852242334563, 0.003637030478325293, 0.003275674251813641, 0.0030817045944864056, 0.0038582255953509897, 0.0033607949857344275, 0.0035576526445054877, 0.003610308894208554, 0.0033009441453428494, 0.0035195271973828208, 0.0032662978273694807, 0.0038836662813989675, 0.0030432443877228834, 0.004236420960742049, 0.0027437867841755108, 0.002733365344099186, 0.004238852197012693, 0.002856070918767094, 0.004113715745789659)",1.3675166921358137
8.516044668629318e-05,9.940402348612351e-05,1.6660335081807983e-05,"(8.572894459290227e-05, 0.00011228992346823161, 9.812670033077982e-05, 9.80987589619687e-05, 7.826978718630055e-05, 0.0001229830193946027, 8.739733239620731e-05, 0.00011015484902630674, 0.00011735405485298774, 8.202833793067751e-05, 9.823245808894941e-05, 9.788372472695092e-05, 0.0001377489412932057, 6.986290562250842e-05, 0.00011530574146202847, 8.3420331763434e-05, 0.00010138239154028653, 9.486767815068338e-05, 8.982275012760576e-05, 0.00010712183880585281)",-0.8549393952696307
0.0062052074455596715,0.004769752523562182,0.0035692128004801813,"(0.002861962894154739, 0.006584504963112327, 0.0023549560450904098, 0.007068619330550995, 0.005332801633267585, 0.0029539937865067883, 0.0037539920974818805, 0.0061517611270045045, 0.004636131455147828, 0.003887789203284814, 8.959701280201311e-05, 0.008477069674780421, 0.0007798451102685061, 0.010133813327880417, 0.009699587069313913, 0.0002147432957755958, 0.009935990449842145, 0.0001607330751972246, 0.0005207741409735097, 0.009796384778808002)",0.40217689508576565
0.01237305507037917,0.020366112539623907,0.00848990943256077,"(0.009971468262015452, 0.033670619732231594, 0.040633501812887614, 0.008323391244259593, 0.019548289083182627, 0.019470820989133726, 0.013365302112953016, 0.02531835556880798, 0.014064741891389346, 0.02629021778082348, 0.02051604555514699, 0.018635640096048175, 0.03343718694490353, 0.010964215889721319, 0.020589250819543756, 0.01647542205403884, 0.022404277145114584, 0.01661040346981441, 0.024692189769439047, 0.01234091057102312)",-0.9414773541151698
0.01295258441784169,0.013182077236391929,0.00544757633052336,"(0.012533314162518079, 0.011236778788439556, 0.007186433185143942, 0.01986922629907337, 0.00972343719303932, 0.017153431149587044, 0.005074026829391926, 0.02816410521686243, 0.013572474475904367, 0.011544651847711031, 0.011987344515166639, 0.013804057281811756, 0.00942782200464529, 0.016830893923003964, 0.006783566722723971, 0.020316681082868146, 0.009724127624102222, 0.01664315727855208, 0.012441247623567164, 0.009624767523726258)",-0.04212750857007109
0.00884207020296952,0.010119482403116237,0.005035585730128613,"(0.019923959621852196, 0.0038355736265006895, 0.011929014373617918, 0.006503248358376379, 0.006070516586235913, 0.014610715037089692, 0.015304431947763743, 0.005075601094048197, 0.010022387356360074, 0.00822626391211273, 0.01049323695785656, 0.00830668755740091, 0.012911031565717766, 0.006579379260398828, 0.01434218774932737, 0.005085609740712154, 0.013744159749994914, 0.0062855957960084915, 0.0032523364034198607, 0.019887711367530352)",-0.25367698389162185
0.0006357719727566061,0.0008196222348183087,0.00037715101032798824,"(0.0008504313484568912, 0.0006485267880289285, 0.000617890791995774, 0.0008959352389282039, 0.0009507170182158391, 0.0005878204480945693, 0.0005448458180957314, 0.0010180494429142082, 0.00035786365593318037, 0.0015267859129541807, 0.0003341601105455451, 0.0016563170312868271, 0.0010792547023254723, 0.000516648928299196, 0.0009535370585640201, 0.0005614559507536921, 0.00042355894757364735, 0.0013166543684656527, 0.0005118481146235404, 0.0010401430203110732)",-0.48747121717059105
0.0005083101072280295,0.0005909677545857753,9.368048625852974e-05,"(0.0006164797515812729, 0.000553142976316324, 0.0004477070056795945, 0.0007619453365886497, 0.0004932030804004339, 0.0006926897692713926, 0.0006064516946118342, 0.0005625746204589629, 0.0006693911567167059, 0.0005092798096107469, 0.0005108871490787944, 0.0006681380297432621, 0.0005409808765828033, 0.0006312354209290772, 0.0007622746056861881, 0.00044622576292452186, 0.0005753579643894739, 0.0005935957734343815, 0.0006728255655129279, 0.0005049687421981568)",-0.8823358060891763
0.002457485243237659,0.003063218105566408,0.00048611832747805776,"(0.0029502099075263445, 0.0030990178962839194, 0.003931344537303786, 0.002326972488600292, 0.003454076563712804, 0.002665308865064861, 0.0030298386763645824, 0.003019455566420654, 0.002888475933913887, 0.0031786048878326666, 0.002932389951160481, 0.0031381868412292927, 0.0038295150698498858, 0.002399125926383889, 0.003358868407966718, 0.002718945831056607, 0.0031799042394047208, 0.0028915546780535722, 0.0022669393843581377, 0.0040056264588410545)",-1.2460605331859052
0.0021997038967621787,0.001480191660650114,0.0002512135086955491,"(0.0014367113877275367, 0.0014823517801542, 0.0015333569053750733, 0.0013895847593946872, 0.0017319137563112546, 0.0012347992513691488, 0.0017960394162946454, 0.0011864184115993363, 0.0012155415599332414, 0.0017551098048668504, 0.0015238795701777426, 0.001402390726335384, 0.00160150933180183, 0.0013337658895462648, 0.0013027820377184034, 0.0016316626230013435, 0.0018262165190943776, 0.001170183419701312, 0.001978957807856334, 0.0010706582547433169)",2.864146278789715
0.0023198866638943338,0.0019387597806045092,0.00022670815045094448,"(0.0019298770114385992, 0.0019210624723697777, 0.0016314773719687294, 0.0022744756894606693, 0.0015764832503552231, 0.0023659343901998612, 0.0024043454500068677, 0.0015436650660680333, 0.0018366169333915872, 0.0020209550582007433, 0.0018657506448542095, 0.001995631277543726, 0.001994131190011067, 0.001867382094817805, 0.0019123540556163425, 0.0019292408789813068, 0.001783500798935067, 0.002089133584744629, 0.0019134405040791267, 0.0019197378890468224)",1.6811344564883366
0.0016464972794473995,0.002147081016893231,0.0004316993564864394,"(0.0026102368515936894, 0.0016995812874210554, 0.0014282695636688013, 0.0031099336481596857, 0.002293698282642941, 0.0019472280522054505, 0.0020652657903500542, 0.002151590307777069, 0.002617604029049356, 0.0016943205432068482, 0.0015588766078352453, 0.0028572135208611922, 0.002295520130750492, 0.0019424336178904367, 0.002260625666687934, 0.0019468763029729754, 0.002177922226577899, 0.002048397838141189, 0.0024407365919186905, 0.0017952894781536105)",-1.159565632712626
0.007831063617314529,0.00654232423693035,0.0011432987493098642,"(0.006376441475663787, 0.006514926427095561, 0.008202885943676767, 0.00508413735581141, 0.005199643895179467, 0.008158151663455454, 0.00806504303540766, 0.0051777084274812184, 0.006954880195409219, 0.005965503271614517, 0.0074145219577462776, 0.005671316753036215, 0.006394858716131212, 0.00659939379284844, 0.00642645565970653, 0.0063029332627950055, 0.008616262997537726, 0.0049058199630063, 0.005360106563390159, 0.007455493381614084)",1.1272113969879767
0.01670246060981204,0.01170455284565105,0.0028510506135349858,"(0.010028993218826675, 0.012874348062706877, 0.008753611479249508, 0.014856579802332182, 0.011974084053823107, 0.011210888919553604, 0.0122815615971776, 0.010613726328279546, 0.007408015933302428, 0.01739741829284796, 0.01540970782185288, 0.008572978941648103, 0.009220641593753723, 0.014419349800772014, 0.014802867344575284, 0.008328635575175759, 0.010130364184273153, 0.013164261583295466, 0.01414466685385779, 0.008498355525717285)",1.7530056255171635
0.006902792926305101,0.00557864966042821,0.0009625904763377339,"(0.005934954934244301, 0.005092466273499928, 0.00532256523210626, 0.005697621071964868, 0.004508730185487479, 0.00682567634665945, 0.006243831496587767, 0.004862385601398225, 0.006052014327950223, 0.004988373661681855, 0.00515918454850972, 0.005920078562666429, 0.005277091930117619, 0.005805991793131362, 0.004276752700128637, 0.00691386382612304, 0.004931927875140477, 0.006220930491470649, 0.0037546008518109125, 0.007783951497885001)",1.3756039545651007
0.0017696205404647155,0.0019614021537527975,0.0003747564484863111,"(0.0014037023932310523, 0.002647407550422834, 0.0020731816841989517, 0.0017946410189655952, 0.0025804617453457517, 0.0014490522449791955, 0.001800198854011205, 0.0020676384393299146, 0.002047987627329853, 0.0018133779564957495, 0.002099728163773219, 0.0017759725723903543, 0.0022820998079993698, 0.001636059000260187, 0.0026642797952897675, 0.0013838291006633512, 0.001963557014728319, 0.0019023288521849272, 0.0017843489036808461, 0.0020581903497755086)",-0.5117500020685763
0.0023827371463526563,0.003324680304540787,0.0007113114493495771,"(0.004286295084826714, 0.002473500410988058, 0.00232057093896277, 0.0045815934498787845, 0.003528130873015973, 0.003035840761206138, 0.0023670807977661016, 0.004498046336989118, 0.0032999546224687167, 0.0031914062694002134, 0.003976079872339613, 0.0026744720894836954, 0.0028360111951507773, 0.0037699014574508645, 0.002449899102716128, 0.004233068886000628, 0.003263128768225246, 0.003277038831800709, 0.003083948318492764, 0.0033476380236527477)",-1.324234495380952
7.624501323565126e-05,9.910401430339399e-05,1.5932802637184092e-05,"(7.939928350549727e-05, 0.0001207031093592671, 0.000124105008685052, 7.722999085355458e-05, 8.327384790461596e-05, 0.00011511984447576183, 7.545939183955018e-05, 0.00012702393617314178, 9.519452323025567e-05, 0.00010064678566993952, 8.636120886624564e-05, 0.00011097698195313857, 0.00011194292469226408, 8.563388204245371e-05, 8.829048047082137e-05, 0.00010846386971338006, 0.00010219006639301681, 9.380609619790156e-05, 0.00010547444190985192, 9.07846121321701e-05)",-1.4347131253853747
0.0010972233672355595,0.002186732135709073,0.001749347214891346,"(0.0006436733980638777, 0.003451008982058065, 0.0029532886847573056, 0.0008130821326361477, 0.003957818252577986, 0.0007081226535433357, 0.0015553433109916385, 0.001617469600699141, 0.0045703996636481175, 0.00037972146869981964, 0.0006540316747386711, 0.0034785457299570588, 0.0017284797623044385, 0.001575072304539174, 0.00022058167389252706, 0.0052242221337512095, 0.000608529614825895, 0.0044446120974512325, 0.004932471800743325, 0.00021816777430249136)",-0.6228087592897813
0.009217212605230327,0.022585681010785733,0.011686387890292022,"(0.043080748244733, 0.008451665395556158, 0.03350928080259199, 0.012021323346826313, 0.016626315559415555, 0.024255185334494216, 0.04062655438606857, 0.008460408503462417, 0.014530001171356973, 0.028129756478411917, 0.022303105039246884, 0.01931377852617203, 0.03733076509889065, 0.010876676602635157, 0.009095503395600456, 0.039842845845162185, 0.013497361750681242, 0.030339155777432673, 0.0260697178913264, 0.013353471065649896)",-1.1439350234695447
0.02563367055408353,0.019082811226030956,0.008617499238484037,"(0.008494799986733508, 0.031189353560483093, 0.01317800429484763, 0.02368233683208298, 0.015040547976925655, 0.0211490734852905, 0.006471409255117335, 0.04002728251887892, 0.023747828266359704, 0.013684600984660785, 0.015144641451565898, 0.023137062306135256, 0.01083916330341201, 0.030031729853447004, 0.028186587378338228, 0.009349540034567293, 0.01592866496655403, 0.020062293190196635, 0.017048563434592795, 0.015262741440429835)",0.7601810161813232
0.006291998263805,0.016890738792089393,0.008536871459220897,"(0.028199198102633383, 0.006766628007318067, 0.021424439843066388, 0.010672018659285845, 0.010655067217530526, 0.022183483190006095, 0.027826607059233326, 0.0070381188183021685, 0.019888342550993515, 0.012165606601769421, 0.017463711869338473, 0.014943385410125208, 0.014645815209164269, 0.01670187046281752, 0.02627265165782196, 0.0072312484461535785, 0.014958377629474183, 0.015651806919386307, 0.005120141091159454, 0.038006257096208196)",-1.2415251393807059
0.0007645320161164384,0.0008978718849489945,0.0004514287911639227,"(0.0003097123975060125, 0.0020304652111698064, 0.0008128173006445591, 0.0007965484063724296, 0.0009195166319777049, 0.000712928679906589, 0.0010580101545543505, 0.0006178065504489872, 0.00047279631164301103, 0.001391467877298696, 0.0006186634599121267, 0.0010684538322522834, 0.0009330866892953459, 0.0007110822850057163, 0.0008903373194609644, 0.0007065469364162722, 0.00032963969465681553, 0.0019666403814186002, 0.000822913072933378, 0.0007880045061062401)",-0.2953729833862938
0.0006763072575338658,0.0006081908711444359,0.0001546133909438997,"(0.000663914578294143, 0.0005240801737922216, 0.0006994308659860585, 0.0004988032968204673, 0.0006562024949708381, 0.0005321853058116785, 0.0004451454007599719, 0.000783719416374416, 0.0003315713480581441, 0.0010535801888565518, 0.0005913470516022254, 0.0005911501961490687, 0.0005660204727573803, 0.0006175483544320122, 0.0007689610062441334, 0.0004524874845465207, 0.0004808694042048485, 0.0007256604023727207, 0.0005804925738022412, 0.0006006474070530706)",0.4405594235634183
0.0023225396100505667,0.003166956996893057,0.0008384850189882144,"(0.004153375374044067, 0.0022505769341885106, 0.004465354333770232, 0.0021039854598172048, 0.0034707007304182517, 0.0027086702777610067, 0.0019702172265827996, 0.004741893889623569, 0.0038947011987944613, 0.002415388403906924, 0.0034435912857942834, 0.002738120274984955, 0.0027824534459995566, 0.0033811832615677343, 0.0030719799010625443, 0.003042334153662212, 0.0028301335722015473, 0.0033220571411224386, 0.00445521691912971, 0.002097206153429125)",-1.0070751029773133
0.0015260974573898661,0.001491345833502462,0.00022624902232461715,"(0.0011507523836253892, 0.0018850326501508381, 0.0014262678591139104, 0.0015265364955624908, 0.0013554313111844825, 0.0016076235576130765, 0.0013936107393477351, 0.0015582666435139795, 0.0012092069603533212, 0.0018028819432080038, 0.0012948740411669022, 0.0016860570381993158, 0.0015305516154286043, 0.0014248296349904884, 0.0013833551100619053, 0.0015679630445338797, 0.00120870588884201, 0.001802123342248469, 0.0018198766989129878, 0.0011929697119914423)",0.1535990013585265
0.0020601926018836156,0.0020507204663487316,0.000564355874258293,"(0.0017816374289962998, 0.0021838929291138212, 0.001997304451184549, 0.0019612644493427526, 0.001317088129431886, 0.002980141244431841, 0.001709132200003103, 0.0022865362689284156, 0.0014448936686179059, 0.002718844349080061, 0.0017050543661650483, 0.0023091200256009, 0.0032681838797554196, 0.0012032816281665403, 0.002544967238351574, 0.0015287674741352793, 0.0017575769045291177, 0.0022302817693213585, 0.0025633563910767115, 0.0015230845307420465)",0.016783976152162573
0.00226161444610298,0.002240705798066154,0.0005280187076324938,"(0.0022580412610381994, 0.0020917043896372615, 0.002382787105207278, 0.002000484372294908, 0.0035036017117196726, 0.0013648944886448088, 0.0028907917207894054, 0.0016474567901617768, 0.001652217819442347, 0.0028976200525000304, 0.002009112597111045, 0.0023889136133416755, 0.0017813646455458376, 0.002692595910994008, 0.002094132126905161, 0.0022553862569861657, 0.001866568151429121, 0.0025556482988602076, 0.0017252047984693674, 0.0027555898502447996)",0.03959830917842912
0.009877042631631954,0.007368656961923226,0.0015723083730032205,"(0.006280816449263399, 0.0080312292909394, 0.005828311708860282, 0.008929401555411828, 0.007692163384935692, 0.006841189509174485, 0.005391363678073213, 0.009632117770559926, 0.007387945095277515, 0.007150520882999749, 0.007614088928456263, 0.006996533550169384, 0.008633608047415295, 0.006159118706548734, 0.006448865680244198, 0.007821710095695029, 0.011370299663973217, 0.004588458535153892, 0.00606145832943504, 0.008513938375877985)",1.5953522303754788
0.014513567813433026,0.014197811547804643,0.0028411986714741264,"(0.009248146812323367, 0.019592981155752556, 0.01432115485272537, 0.013535349054431472, 0.01548230290302677, 0.012825179161706791, 0.014202050456375808, 0.01359378551647245, 0.016772289634436714, 0.011938087286911706, 0.013689965082031427, 0.014890727161124773, 0.014390757594438997, 0.014114089212253322, 0.010281842988122887, 0.01762237673083189, 0.013002488012639224, 0.014987050291750756, 0.01989093420858116, 0.0095746728401554)",0.1111348772609962
0.004418519366684141,0.006257634293878509,0.0011543748597213474,"(0.00835275531841486, 0.0044120678976717655, 0.008243370709059169, 0.004596320057596538, 0.005963267760423264, 0.006418467033269938, 0.006073153370020931, 0.006236096333372418, 0.006122666828474031, 0.006272827542658268, 0.006385787614731483, 0.006057100782410373, 0.007306727853905788, 0.005288610931481695, 0.006953453794944289, 0.00530004065002051, 0.007778226502232715, 0.004881289244704828, 0.0074699071398041175, 0.0050405485123731645)",-1.593169594526954
0.00171274208473652,0.0019921586679847274,0.00026135415941105087,"(0.0016328469600725894, 0.0023692728151677935, 0.0022544678819053825, 0.0017314359418184662, 0.0021041118040788535, 0.001861225232896225, 0.0017518053754453067, 0.002227832696449745, 0.0021805605356271453, 0.0017979618090917145, 0.0018410566199434123, 0.002134420337814684, 0.0023591517723831165, 0.0016651286068945746, 0.0016561647319383308, 0.002335925085645843, 0.0019097259939896728, 0.0020453700299332606, 0.00226449242059805, 0.0017202167080003837)",-1.069110910183558
0.00418597105657969,0.003583927182930439,0.0007718887722359825,"(0.004307932972657952, 0.002789001131560078, 0.004118351307050249, 0.0029796000752412965, 0.003459414459493904, 0.003578938926325545, 0.003093645090747605, 0.003991988365512005, 0.0033183758609563584, 0.003740664846314855, 0.0034728823159585203, 0.003587098019877197, 0.0024293756290738335, 0.00514054819163748, 0.002980444122490457, 0.004032108528712276, 0.0043566003335228694, 0.0028194190171729667, 0.0024311780593566958, 0.005050976404946643)",0.7799619521673696
9.519755917316792e-05,0.00010042485421889663,2.2576727501125827e-05,"(9.7358731235984e-05, 9.875768162971882e-05, 9.564849377206611e-05, 0.00010059090248410388, 8.522690263952617e-05, 0.00011292484447344207, 9.520280041170804e-05, 0.00010109139230841897, 0.00010853217497556305, 8.868354899899774e-05, 0.00015674135172489797, 6.141233632940621e-05, 7.517854639091106e-05, 0.00012805587121426088, 9.319875125908874e-05, 0.00010316680271861355, 7.626264028240928e-05, 0.00012616379608847443, 7.364932917999899e-05, 0.0001306501862603424)",-0.2315346653082487
0.0072354444289075386,0.003917571210011252,0.0033633649015122205,"(0.0070446841845832765, 0.00017794656541224, 0.00046078342906342995, 0.008492890496288666, 0.007306512565578122, 0.0008918074864061784, 0.005190578784660567, 0.0012706075561866358, 0.0013027100412241355, 0.0057435475639084155, 0.0012457954015689212, 0.006903019956628814, 0.003859685158627141, 0.002791586679108566, 0.0001166544094796288, 0.010936020470582664, 0.0005272362081142846, 0.007691481757155989, 0.005549378685838786, 0.0008484967998085832)",0.9864743541221233
0.016101046019974828,0.017795192473422053,0.007381796505399374,"(0.009848880862236082, 0.027441296230131695, 0.015040713011149849, 0.018693278295112317, 0.02738350464042731, 0.009622226640167288, 0.026035483920238196, 0.010240184558866217, 0.015157569850137251, 0.018069197589572865, 0.00986990030322496, 0.025865641049034865, 0.013228887862874666, 0.02154670959922112, 0.01690360478467068, 0.015252411780660282, 0.008139317183475105, 0.034041889561694794, 0.011734603904094096, 0.021788547841451452)",-0.22950327230072665
0.01573821943492075,0.013496382889534983,0.005342108227445796,"(0.009501796138675809, 0.016680130113215084, 0.009805446554906127, 0.017023434475303856, 0.02572755748717293, 0.005941596805958822, 0.00678703001119404, 0.022919386744622208, 0.011692894950248016, 0.013780721083208432, 0.012845339220287012, 0.011440775302626355, 0.01392601629141184, 0.012211148239130401, 0.017833617049034186, 0.008361190463066255, 0.01503393110850838, 0.010893803511851676, 0.007230035911819716, 0.020291806328458478)",0.4196538987862566
0.014732870202969765,0.011231073746650432,0.003635385054291629,"(0.009052162097154249, 0.012775571985724744, 0.00990546283555943, 0.012288718334554452, 0.008770709076901384, 0.012695074088143236, 0.01217181364622435, 0.009321378061295158, 0.008137919316131493, 0.014437547310308722, 0.010972026850357131, 0.009783379542059328, 0.012159418740603816, 0.010200418546139942, 0.005162541184004113, 0.021116537262695145, 0.013101265159238241, 0.009118128475117742, 0.01726780548735037, 0.006183596933445625)",0.9632532466362558
0.0004456191996349878,0.0009065393153039099,0.0004309934620922902,"(0.001423423299918782, 0.0004603160702551463, 0.0005109393428469212, 0.0012869707087796623, 0.0011392443784227757, 0.000573385516555936, 0.0014888207559152493, 0.00043940518958162527, 0.0017812645443432281, 0.0003683418815980397, 0.0007185610045270858, 0.0009092894185769335, 0.0011277427721530454, 0.0005836234476380137, 0.0005251926828399962, 0.00124493946950787, 0.0012253817308839053, 0.0005358003175689028, 0.0012792489972850405, 0.0005088947768800368)",-1.0694364444215712
0.000491191837355407,0.0006011083584281773,0.00012417369582563213,"(0.0005078416938260763, 0.0006834586393185853, 0.0004639282026148328, 0.00074855009014479, 0.0004997862577361724, 0.0006941624486435558, 0.0005228287132967242, 0.0006637216546964373, 0.0005954693759664453, 0.0005829823296635885, 0.0006485967191573097, 0.0005347935904101766, 0.0006904389615258745, 0.0005030674059159219, 0.0006179634222382456, 0.000561393758968041, 0.00043191302421823774, 0.0008038683402448085, 0.00039958353150309773, 0.000867819008474623)",-0.8851836159174794
0.0033674518458104074,0.003123024011971589,0.0007076741638188847,"(0.0034721539442016075, 0.0026762911501579693, 0.003548610713346566, 0.002624300051917265, 0.003198670615595228, 0.002900677806435597, 0.002423723571162003, 0.003830963147357854, 0.0026412392484312396, 0.003520646742819474, 0.00426177840199627, 0.0021735590114382954, 0.003594143317249446, 0.0025930736114486487, 0.002039771472195605, 0.004544103708536051, 0.003980008103156255, 0.0023379932370188876, 0.002858505709636437, 0.0032402666753310713)",0.3453960118026507
0.0013923101939826825,0.0014939411124464015,0.00028117945796789597,"(0.0012692543557316425, 0.001701949232491639, 0.002093395289887211, 0.0010332123842204041, 0.0014238497011155999, 0.0015157060325804805, 0.0016038571720876338, 0.0013462399797703143, 0.0013710499939168356, 0.0015761896450829107, 0.0015517606995512053, 0.0013895800548512872, 0.0016613754481505317, 0.0013024902530903535, 0.0014902309074898475, 0.001447519965555016, 0.0010094898068408777, 0.0021415987381685417, 0.001334149138620907, 0.0016159234497247854)",-0.36144503299854464
0.001560557565932068,0.0019825592619105705,0.0003133163807655896,"(0.0020649641917934915, 0.001859671288183459, 0.002062082667970108, 0.0018656154461591586, 0.0022571062107230233, 0.0016988939138018575, 0.001667807693233046, 0.002300886906155059, 0.002209039543530264, 0.001739332227854678, 0.0019580695907798233, 0.0019563579992710627, 0.0024485870501485645, 0.0015721702990865644, 0.0018948554069774626, 0.002022789898727161, 0.001450352921302587, 0.002650709547385962, 0.0016463146381885405, 0.0023255777969395336)",-1.346886795217473
0.0020934809099963985,0.0021888162566663667,0.00039577586985570126,"(0.0021080178822997144, 0.002204287684815736, 0.002146088404503862, 0.002169449443869031, 0.002482781382915123, 0.001868482283687219, 0.002699952868191796, 0.001719644620722251, 0.002228010795184199, 0.0020868631513549308, 0.002850891018695558, 0.0016258429678379506, 0.00246014821908657, 0.0018938213819969432, 0.002152050062600699, 0.0021551237636072244, 0.0015616169588383083, 0.0029791535933135025, 0.0017746908038523957, 0.002609407845954322)",-0.2408821606651439
0.00976307742086348,0.007292667654977531,0.002021144472545777,"(0.007223032512126717, 0.006861282846383667, 0.009514492584301624, 0.005241888789747355, 0.0051535350697980075, 0.009565607969464183, 0.007547160552922889, 0.0065496620491598215, 0.009311250222083012, 0.00533318107133544, 0.005147186062487359, 0.009552478660508972, 0.00603705591822247, 0.008279730921985558, 0.006435585945795894, 0.007654977686873498, 0.007647365731764732, 0.006505739833310923, 0.012310255645670837, 0.003981883025607652)",1.2222826222681102
0.013882542269263836,0.013622941786479291,0.0018609864814743173,"(0.01396473593408451, 0.013085009200045966, 0.013536317173759915, 0.013663766605443372, 0.010769345737423898, 0.016795682670607374, 0.015329412512600556, 0.011861260721973096, 0.013758897513565115, 0.01333181266344347, 0.01377851277669745, 0.01306247236315221, 0.013599972404498135, 0.01365795591818084, 0.015413697161923711, 0.011720337186084792, 0.016203774271619276, 0.01136094657331452, 0.010461042069404528, 0.017103884271763046)",0.1394961679565151
0.006018198735622929,0.0060689303362020525,0.0012837308151887217,"(0.00538575876504577, 0.006559490210539499, 0.006355327621286471, 0.005588439582319188, 0.00461492547178969, 0.007620793769233242, 0.008172172357299428, 0.004313478357419646, 0.004624834815010544, 0.007651788238507566, 0.007070684597415559, 0.004964255370129659, 0.005857993265745804, 0.006074057505006155, 0.008411960921625229, 0.004179395146019355, 0.005511478217180055, 0.006430669539743749, 0.005023000066041986, 0.006968102906682443)",-0.039518877305804744
0.0016939064841576302,0.0019933779910847912,0.000344903354671717,"(0.0024633731358345355, 0.0015682002642424574, 0.0019140598367163783, 0.0020218595158403296, 0.001818061996582982, 0.0021216290912828145, 0.0015484289641611363, 0.002492997937696232, 0.0022080054499417426, 0.0017505704198682382, 0.002410896719808233, 0.0015988511771965047, 0.0016879774006558928, 0.0022940811556430517, 0.0017305749583213677, 0.0022285910158542687, 0.002589676727271491, 0.0014933391180873535, 0.002018602857505046, 0.001907782079185767)",-0.8682765849355146
0.0038594412652850716,0.003523470646527339,0.0008391582002643867,"(0.0033902626612311304, 0.003470355290396, 0.004067606632631801, 0.0029005175805734843, 0.004191198122362319, 0.0028004880280253744, 0.005176550650312023, 0.0022700627505373937, 0.002999265160230222, 0.00392684606437648, 0.002773458038972515, 0.004232299113969299, 0.0030393656606603116, 0.0038847138902523776, 0.002613611949286328, 0.004493732152770769, 0.0029217629242878173, 0.004033263223423915, 0.004890212879170489, 0.002393840157076738)",0.4003662463786699
9.06866566195369e-05,9.869761339462717e-05,1.1190120087895538e-05,"(8.971787955425782e-05, 0.00010725581796123703, 0.00011285396621446805, 8.527338054435183e-05, 0.00010856092648570444, 8.86340273704326e-05, 8.518138466258948e-05, 0.00011296429952950436, 0.00011134939162919184, 8.642212008929405e-05, 9.724817038141964e-05, 9.894706007760753e-05, 8.575833972179892e-05, 0.00011221734097799283, 9.659214940243527e-05, 9.961984761358007e-05, 9.584418797711883e-05, 0.00010040393813885201, 8.254007650568882e-05, 0.00011656796305501854)",-0.7158955142720762
0.0017661743997213321,0.006705244766339076,0.0020318135092170743,"(0.010880455847613926, 0.003830940435699557, 0.007203584414425815, 0.0073335596019479515, 0.010621442632246205, 0.003212000674816164, 0.004628820964543469, 0.008070037693458215, 0.007821280790548248, 0.005908436192679175, 0.00804859341907573, 0.004670251748575496, 0.0077397656553508925, 0.007124626381510938, 0.005475325214262652, 0.007009583828955595, 0.006406310553232971, 0.007397036757336448, 0.004033068178708709, 0.006689774341793346)",-2.430867963133552
0.025205305530397105,0.017913041862849692,0.007717210524642151,"(0.020158892002011184, 0.01363348764720752, 0.02173755017340076, 0.011955312862372875, 0.019876801963357386, 0.014301366119826985, 0.019364421988389967, 0.014600832546789053, 0.014353647775666369, 0.019630251957723353, 0.022229577160711615, 0.01260126858809253, 0.011778066264888481, 0.02423043451846367, 0.00973589502956317, 0.029235618056945994, 0.012982162331729443, 0.018934389903688245, 0.006051945102892447, 0.040868915263272784)",0.9449351736954924
0.007316316496204392,0.01253534667869579,0.003188425591422792,"(0.006943153444660336, 0.021584880723587267, 0.011585692716741048, 0.011940476430231885, 0.01197586098248265, 0.013126547039133019, 0.0111052950225661, 0.014051107133655668, 0.012262981832327532, 0.012663975395516242, 0.010443503517204028, 0.014755058357453466, 0.013040935505675382, 0.012123986067080336, 0.012474943053507756, 0.012629826418905947, 0.007745499263481237, 0.01647896046339164, 0.00838274255265031, 0.015391507653663896)",-1.6368674861132564
0.016528374996110564,0.010688867078423427,0.007310312698140479,"(0.006818887933739055, 0.010939733282441888, 0.002598475460867407, 0.02691016643577657, 0.00556681233007069, 0.013922596215761533, 0.015433365467576652, 0.004993036678764792, 0.014329018814031461, 0.005357724187399956, 0.013079504545915001, 0.005835198160628829, 0.00784499091744606, 0.009926224741702233, 0.013991076071054485, 0.005551349242396588, 0.002263016687119456, 0.028935659579865457, 0.015099814196167329, 0.0043806906197431114)",0.7988041221783208
0.0005047201530486426,0.0009262309446110382,0.0005851388426342712,"(0.0006916840008536506, 0.0008939491482404954, 0.0014810380718042195, 0.00041646696239774347, 0.0009923458380753174, 0.0006237805534953565, 0.0004607815224478712, 0.0013432566308115214, 0.0006447133725350173, 0.0009599066844767998, 0.0009082646292006808, 0.0006814280173572052, 0.002799908661035249, 0.0002211288222194339, 0.0015350013069204166, 0.0004033525352539454, 0.0014630407644071637, 0.00042048118702167435, 0.0008988136814588546, 0.0006852765022081489)",-0.7203602988732916
0.0005382154404690837,0.0005995798924127017,0.00012120041818290937,"(0.0006942019528791627, 0.0004984315763877164, 0.0006149889555773176, 0.0005622751573587788, 0.0006035609979159574, 0.0005734833987488001, 0.0007079931626391073, 0.0004888704780476047, 0.00040952175993495116, 0.0008451462715627942, 0.0005504012009307991, 0.0006288038551826503, 0.0006099727113667064, 0.0005674834057760255, 0.0007347670613751449, 0.0004710953781763424, 0.0008466310552177183, 0.0004081619884668098, 0.0005852880815082806, 0.0005905193992013676)",-0.5063056123371618
0.003424281353527049,0.0030965649973420124,0.0007524377614740535,"(0.0026147775140517695, 0.00347073002556554, 0.0032870515638311996, 0.002751746543345749, 0.002848533052941712, 0.003192222109981632, 0.0031015832782792805, 0.0029308821334156046, 0.0033592000914661646, 0.00270557957629538, 0.003308738463158218, 0.002745965639861609, 0.002169782070805139, 0.004191813796264145, 0.0023786229706771844, 0.003823228838016414, 0.0019194434936024248, 0.00469665383364437, 0.0020630784631976763, 0.0043716664884390355)",0.4355394864061956
0.001752089472038835,0.0014857727015068843,0.00024380552588150164,"(0.001086390208746729, 0.0019813686046871964, 0.0013429470289683678, 0.0015998491193285496, 0.001496884194519515, 0.0014395942264881839, 0.0013519491781114653, 0.0015936670303603954, 0.001362227659881798, 0.0015814742086472835, 0.001792093290017737, 0.0012019354751676744, 0.0012146442027433646, 0.0017743496385847807, 0.001187743646010818, 0.0018144092098252948, 0.0015395799172688305, 0.0013928513734514727, 0.0016987304067956838, 0.0012627654105325445)",1.0923327909367828
0.0018482321602828194,0.0019764055872645903,0.0003031239244818976,"(0.0022405030898863965, 0.001705981178951257, 0.0019114116539386277, 0.001994726165237558, 0.0019533586773390252, 0.0019595599759342375, 0.002412512483658551, 0.0015862969203346005, 0.0018544345328112889, 0.002063404054835343, 0.0017324609991199553, 0.002208270991783139, 0.001707663133647691, 0.0022419202448944733, 0.0019050324561124133, 0.0020094993673782646, 0.0017287478791861886, 0.002199806302894101, 0.002706856900226138, 0.0014056647371225436)",-0.42284167177119486
0.0016425737693764816,0.0022281664033943454,0.0006307094377104332,"(0.0016437140915577918, 0.002799202556717307, 0.003303686223401144, 0.00138925867836345, 0.0023512731001893, 0.001959556573594443, 0.0022368042155093415, 0.0020594644517165517, 0.001734934621088553, 0.002654871599481056, 0.0031119634194861283, 0.0014798854396964527, 0.0017555212419392934, 0.0026250545559078, 0.00339846083859724, 0.0013559344453881145, 0.0016976529682589914, 0.002696514193377505, 0.0019049421757622112, 0.0024046326778542266)",-0.9284665790695158
0.0073814204191958235,0.0069236716838276605,0.0011946467029631566,"(0.007529293549444942, 0.006196220854769459, 0.00853019283060328, 0.005427116592595758, 0.005766182545137338, 0.008125502608928187, 0.007015643327764043, 0.006674672098152013, 0.007989750766487958, 0.005858574752564932, 0.005266938793702027, 0.008883309820285302, 0.0069402130381281185, 0.006755015493285369, 0.006715672915314339, 0.006979752649254753, 0.005333155830224995, 0.008610453196124135, 0.008393708917793763, 0.0054820630959924906)",0.38316661673512376
0.014925397491842502,0.013388967414466758,0.0019448119939107927,"(0.015875262503420567, 0.011094723621861785, 0.011201046535824875, 0.015491453878476228, 0.012503896885669162, 0.014203074155861452, 0.011107011286076692, 0.015972212110955255, 0.01453414880256677, 0.012196626928874904, 0.01132099963168865, 0.015644993179556588, 0.013601468896517283, 0.013072125840464988, 0.011804851506568794, 0.015056986366091768, 0.016219551836541748, 0.01053186897643537, 0.014601764766573752, 0.01174528057930851)",0.7900147069157883
0.005148019781435498,0.005955174609701919,0.0013032303750557944,"(0.005629981486587825, 0.006028820442226729, 0.004505524678433048, 0.007485444890218849, 0.007176519047330184, 0.004746202642888987, 0.005527622137533536, 0.006159256704977324, 0.003888372302015069, 0.008753009076267032, 0.008211874055665577, 0.0041432197961459895, 0.007184112713814395, 0.004743559687423961, 0.006302361369704523, 0.005406583746154951, 0.005280147528377545, 0.006344490482647288, 0.005830145519809801, 0.005756243885815771)",-0.6193493059366918
0.002769091530744812,0.0020558386405192335,0.0006889549529207966,"(0.000992852056877318, 0.0038570940728418902, 0.0019756115314146635, 0.0019342576641172174, 0.0035755305050282813, 0.0010722950206271556, 0.0021219439261792174, 0.0018065738665796003, 0.0020637727419348475, 0.0018572927558065926, 0.001748225416997464, 0.002192276539590859, 0.00184529944661565, 0.0020780717792119696, 0.0015704093091018204, 0.0024417261865071907, 0.002533544210609288, 0.0015049111234078025, 0.0022480587776295114, 0.0016970258793063298)",1.035267817150848
0.003118230952471419,0.0034974774750996824,0.0005910906322490432,"(0.0029748205966620045, 0.004003108130837001, 0.002783940607992748, 0.004268875614979502, 0.0030720946591085204, 0.0038799870368936597, 0.004076310610528436, 0.00292387992982134, 0.003025213945008476, 0.003939342539876342, 0.003220654330863065, 0.0037004360182448202, 0.0025896821073884578, 0.004603569565511627, 0.0032063637119584387, 0.0037181722936749702, 0.0027603219190223756, 0.004296073506279303, 0.0032168227105823332, 0.0036898796667602135)",-0.641604691289501
0.00011433830265035839,9.898843264861772e-05,1.3873054778639238e-05,"(9.10690429920937e-05, 0.00010560894689138634, 9.540876196056107e-05, 0.00010080299551942326, 7.97721761357294e-05, 0.00012056516895404891, 0.00010990469379983308, 8.750993341105944e-05, 9.14026925656754e-05, 0.00010522376738157489, 7.795680037979208e-05, 0.00012337331228263676, 0.00012144577366622394, 7.919394457333474e-05, 0.00010513999117706723, 9.147591953168944e-05, 9.379855354758384e-05, 0.00010253100695064316, 8.685511648673175e-05, 0.000110730054765266)",1.10645205736341
0.02104863454295585,0.02480272718246315,0.004127767902279484,"(0.028381758092181266, 0.022253036906805083, 0.030845986477791066, 0.016975755748065154, 0.027229204920804856, 0.023090383630184924, 0.025521419285237715, 0.02503132182872664, 0.027277488089545165, 0.022993752970809116, 0.026452669544346007, 0.025637937130286, 0.02656082794480627, 0.024251870917320766, 0.02562838996119502, 0.025403340239675134, 0.031601488223424005, 0.01362471541626991, 0.02540037340157857, 0.021892822920210265)",-0.9094728018584014
0.028966805749444133,0.021720498068833975,0.008925905699788577,"(0.018158169957455866, 0.02380735239935968, 0.024488128266719398, 0.01719063982187084, 0.021900903594670215, 0.01935489563745326, 0.02293019250155682, 0.017953385183850392, 0.022769176322755456, 0.019500467358896947, 0.02153641665430275, 0.01997736411935623, 0.04011176619420392, 0.009205901765730558, 0.008443783374727537, 0.04295380235453932, 0.011393756317226356, 0.03409497146546441, 0.014582451210561044, 0.024056436875978426)",0.8118288411653058
0.015332929474689363,0.020862608615456846,0.011616453184078269,"(0.013303805287856333, 0.026925406175098483, 0.014021926928000677, 0.024324034898346905, 0.031371478309277404, 0.011138167016134615, 0.010595990666468297, 0.03148677378059407, 0.016932380130177747, 0.022064949620304523, 0.020071279825458095, 0.017622133315629493, 0.008713168212267967, 0.03233344580244938, 0.04087281080675311, 0.0066821257080745735, 0.01723990276068101, 0.017084460345785646, 0.04926419052419386, 0.005203742195584787)",-0.476021299543183
0.010813374080087118,0.013083098679100022,0.006119099855798767,"(0.01747278164921995, 0.008587886139098881, 0.019189212165057618, 0.007517127286478578, 0.007904908553146135, 0.018708091257941963, 0.00609677952765594, 0.023462650190731196, 0.008297752494601502, 0.018630782797089178, 0.006884392484340838, 0.021529226590123685, 0.015122313857245094, 0.00839450866199598, 0.008138534142043437, 0.015229944880911785, 0.023145065411738705, 0.005543407998345579, 0.01201145319305964, 0.009795154301174799)",-0.3709245889919575
0.0006967223616179826,0.0008825540715128037,0.00039585935539638976,"(0.00048118680357031276, 0.0013354930782869116, 0.0015073137407349542, 0.0004233193252495462, 0.00042398954190543794, 0.0015175572842965194, 0.0009831909081325716, 0.000652722954543361, 0.0008858230718379545, 0.0007257698694861643, 0.0005511580011813605, 0.0011607557417718426, 0.000914531811386411, 0.0006986439979124981, 0.0005216477553430052, 0.0012207338961768908, 0.001513966355620139, 0.0004128047977955153, 0.0005271906543537652, 0.001193281840670908)",-0.4694387220146418
0.00047939521822253745,0.0005961573903345146,0.00010050158515915685,"(0.0005518077046814827, 0.000627641616883091, 0.0006173006430229435, 0.0005606609405133211, 0.0004946009657739548, 0.0007002525291747913, 0.0008022418012119566, 0.0004315703971342532, 0.0006262538551898022, 0.0005531465792710651, 0.0005899414506602746, 0.0005868551190499967, 0.0006860864169708553, 0.0005041441888651611, 0.00043916028055719896, 0.0007873293987850915, 0.000569124495617965, 0.0006068886374160837, 0.0006808241125920454, 0.0005073166733189582)",-1.1617943331646925
0.003918264865852319,0.0031034153816588547,0.000566348108539902,"(0.0029814719396064303, 0.0031398454717979913, 0.003230004334574106, 0.0028941832420203584, 0.004111891074793326, 0.0022750970102871065, 0.0040685773060218375, 0.0022963179063753337, 0.003538444890582882, 0.002648757286018279, 0.003662992624418338, 0.002554706881599967, 0.003751396542451534, 0.002478631635450561, 0.0032990463366858666, 0.0028160007830682374, 0.002777195196887452, 0.003351969387902569, 0.0025379563279016876, 0.00365382145473323)",1.43877850372666
0.0009603289529320769,0.0014979507001244051,0.000266841206845944,"(0.0014711886525234563, 0.0014834137914895398, 0.0016122062168713598, 0.0013523067963217535, 0.0014124037417112044, 0.0015447169920472228, 0.002037695063289807, 0.0010698695332029588, 0.00203167157674797, 0.0010749116432543138, 0.0014068496527875325, 0.001550709745992985, 0.001282032255179811, 0.0016958299888782053, 0.0014537533362898574, 0.0014946366722091225, 0.0014545114325864579, 0.0014944956396157276, 0.0018841459355778828, 0.0011516653359109354)",-2.0147628379702036
0.0018674513305502016,0.0020258468968389846,0.00047038028139686176,"(0.0020742289187300083, 0.0018919696504715716, 0.0022429933997490377, 0.0017465147380477165, 0.0026010592279134734, 0.0015084429187961262, 0.0018681350372212254, 0.002097858538528904, 0.001910639450240641, 0.002055808799694628, 0.0020892190330266494, 0.0018769468797792538, 0.0016737191784771304, 0.0023328228570599083, 0.0017676616176788126, 0.0022066989487866213, 0.0020712655218675527, 0.0018815247877265898, 0.0011080880791838057, 0.003511340353800042)",-0.3367393841816766
0.0023282435878035643,0.0021822106592178704,0.000325975161689612,"(0.002082354761348937, 0.0022470103609738214, 0.001728274004691978, 0.002700886723525795, 0.001632887273634632, 0.002865487449895151, 0.0017684204683109186, 0.002642449553610014, 0.0020686839852306154, 0.0022637996167033303, 0.002443487563237258, 0.0019126086211280107, 0.0024006423245168697, 0.001939149973539897, 0.001997119812854851, 0.0023280607716871537, 0.0020313600022727166, 0.002281915274955013, 0.0022572785955886623, 0.0020523360466517884)",0.4479879013749643
0.005905986544538533,0.006927932981558537,0.00147663161569575,"(0.006427516145956963, 0.007237019421901076, 0.00906581918685501, 0.005090787381673042, 0.007505223419659926, 0.006198019639136301, 0.007973935469911864, 0.00580936093740445, 0.007601338409345376, 0.006136059902670006, 0.0046291860711117705, 0.01000836585070426, 0.009606340892367997, 0.004763992947314508, 0.00582669304270808, 0.007822465901964224, 0.006709372915482546, 0.0067231661265847635, 0.006809933747810666, 0.006614062220607886)",-0.692079477479215
0.02123869619338828,0.013574735947064277,0.0024235735898437325,"(0.011469140733108564, 0.015937249610073093, 0.0165805991689366, 0.01085416110487298, 0.016779113244657667, 0.010894156942017503, 0.013609696924688832, 0.013320319642050014, 0.017464781530994962, 0.010522562437317301, 0.012566120291281811, 0.014431651714398357, 0.011891065289985734, 0.014882328765767538, 0.013848811886728608, 0.012676186832449548, 0.01716353572742175, 0.010021493237783466, 0.015564215507016685, 0.011017528349734452)",3.162256049678343
0.004352487227043898,0.005841685919668362,0.001169103550355128,"(0.005475353256276174, 0.0060565860713927755, 0.006132686980688486, 0.005370614819007084, 0.004793156779909063, 0.006919282684627689, 0.0070562263003139175, 0.004683389795636122, 0.007927340180013977, 0.004192670507968648, 0.004420703503035329, 0.0074751581875192735, 0.0066254158746759054, 0.004937270062765736, 0.004977230022066448, 0.006549185726328852, 0.004807814732480288, 0.006715689738116291, 0.007296828093430984, 0.004421115077114184)",-1.273795372678583
0.0015210326099592123,0.002045058263901992,0.0005945909791352834,"(0.0022482954082548583, 0.0017318009622036793, 0.00173411222602955, 0.002240171673959103, 0.0019061313751474152, 0.002042779720007582, 0.002313760563455504, 0.0016809123998733765, 0.0015633597313634406, 0.0024923387702610778, 0.003861937894405675, 0.0010069981484751183, 0.0026143651588492233, 0.0014827096589064826, 0.001556405908279863, 0.0024876605275736927, 0.0016197846547128037, 0.0023823733491163145, 0.002082878689592629, 0.0018523884575724508)",-0.8813212314537178
0.0026956193436238865,0.0035071533461832104,0.0007377010232442407,"(0.002328648113109718, 0.00509487821999819, 0.0045827893705310775, 0.0025753691170074832, 0.0036960591962397413, 0.003212743465747462, 0.0026679385586213904, 0.004442037817538791, 0.003550152043105844, 0.003343289212150861, 0.003375367679678491, 0.0035035484257755697, 0.003157213073120507, 0.0037403316187559106, 0.003875040464018455, 0.00303990734993397, 0.0038882268306936595, 0.0029894654946042033, 0.0026147493376454424, 0.004465311535387435)",-1.1000852337040046
8.725008538477668e-05,9.954173351423221e-05,1.775609190103365e-05,"(8.573173974594158e-05, 0.00011215664551088353, 8.550544742116108e-05, 0.0001124348300638014, 7.749347603582179e-05, 0.00012408451706958794, 0.00010224244558135942, 9.404341054417946e-05, 0.0001052153944272935, 9.138721155958526e-05, 9.942378179118456e-05, 9.670046728780732e-05, 0.00011923083320505779, 8.06392824122367e-05, 0.0001346219206710559, 7.141448556199705e-05, 0.0001254957155269661, 7.656928703487195e-05, 0.00010425811250464281, 9.218566632920912e-05)",-0.6922496345459889
0.006856410911650599,0.005904558501757147,0.003732063720160882,"(0.008404679339014766, 0.003582741001506758, 0.0017108298354026373, 0.010670469670425382, 0.0036523279282859185, 0.009263739753067868, 0.008657673056796997, 0.0033430997469735013, 0.003600783808729409, 0.008174736486279538, 0.009486162009464606, 0.0022687170873472305, 0.004070648642804457, 0.006180660111743267, 0.0022708086202501182, 0.008810515935395934, 0.0003332790811182772, 0.01260612831569961, 0.0007938164381166594, 0.010209353166720022)",0.2550472021020101
0.012046841131570129,0.02085042659861811,0.012067718027948518,"(0.015453335135792182, 0.02233335394532026, 0.011939120857822403, 0.029748669064859956, 0.018366355354698858, 0.018493254079816907, 0.013364871719260743, 0.02613347968659457, 0.017160234280268576, 0.02068819327356636, 0.06550750974161383, 0.004981100322356828, 0.028266432944136402, 0.01168200167957448, 0.02366091372336689, 0.013678146373450462, 0.01699737471997883, 0.02078443086512658, 0.018306705164323037, 0.01946304904043412)",-0.7295153438835006
0.015389589606431983,0.015331820418956026,0.007505257341391081,"(0.023148824530303366, 0.008173040695237539, 0.010854392829779106, 0.018055101465477133, 0.030650059770417293, 0.006053745102480637, 0.01391471356032785, 0.013801218383508656, 0.013807312824324696, 0.014195245748892117, 0.010700120032655944, 0.016492320148784677, 0.008732846900312969, 0.02050725323135033, 0.005325077743095839, 0.03278068707434914, 0.017253822694474875, 0.011288021378632343, 0.021929334442462495, 0.008973269822253495)",0.007697162781796124
0.022398595749494227,0.0115323894702355,0.005000982938855141,"(0.01765833701650023, 0.006284210527793807, 0.008812933515692489, 0.012992795773120364, 0.007115656778417126, 0.01532891116320848, 0.014034295739000151, 0.008014839777833134, 0.017246743218361452, 0.006644085495636764, 0.01960096086417097, 0.005316738655600356, 0.0052168032940012495, 0.020242486418619882, 0.00841419615259195, 0.012256262788698357, 0.017252556178238395, 0.006602389788547079, 0.012160813157597346, 0.009451773101080384)",2.1728141071695584
0.0017551925568729937,0.0008300593789064047,0.00021565500778803205,"(0.0008558899428662945, 0.0007547021050330287, 0.0011572795715964058, 0.0005586084212144227, 0.0009067866049015053, 0.0007120710593427444, 0.0005724168145967789, 0.0011289294133995102, 0.0010034215618997871, 0.0006443707849415049, 0.0008252243534762048, 0.0007813588501748693, 0.001145597924505338, 0.0005630584189514661, 0.00082644324978272, 0.0007798321894444133, 0.001149636798339474, 0.0005623001571314763, 0.00106770091634454, 0.0006055584401856092)",4.289875702195171
0.0006663327418535511,0.0006068291794392409,0.00016542120096443803,"(0.001165100637677718, 0.000296741724550227, 0.0006590998141266199, 0.000524682789051002, 0.0007242027442394969, 0.00047733918334392686, 0.0005374431825553951, 0.0006433692093366955, 0.00048725671511113685, 0.0007097481923878311, 0.0005980560965565236, 0.0005777965370865564, 0.0004771703442375305, 0.0007242536282648005, 0.0005975884611165691, 0.000578183005726423, 0.000573344851142182, 0.0006031431257302302, 0.0005319790655442126, 0.0006500842809997399)",0.3597094088749973
0.003946851383248294,0.003102363721773624,0.0006876378456320758,"(0.003892794009978292, 0.0023620820086434936, 0.0033943008518840952, 0.0027126943354224236, 0.0024473136156495513, 0.0037543800141039583, 0.0026825739792987304, 0.0034297104492089867, 0.0027591608209085895, 0.003337166577571033, 0.002668069752207525, 0.00343700883195398, 0.0019224225925313994, 0.004772851724581561, 0.0031409266081917405, 0.0029183262901298517, 0.0031027524824567714, 0.0029668795119158187, 0.004099381801014037, 0.002246478177820636)",1.2280994521155506
0.0013601448498801723,0.0015035219848944569,0.00033036999587058864,"(0.0018618451516648688, 0.0011591439131616941, 0.0012958099411122701, 0.0016667458191740572, 0.0012304320003728995, 0.0017532486079102614, 0.0018647113945244546, 0.0011577473357215358, 0.0013804764493792377, 0.0015645677232084903, 0.0011916145796950427, 0.0018083349106262075, 0.0020573207200280407, 0.0010477381265958318, 0.0019254869563358234, 0.0011188141268002796, 0.0012235446720331917, 0.0017649743306480982, 0.0017936173969639903, 0.0012042655419328599)",-0.43398957776555397
0.0017184890868903976,0.0020136602064825134,0.00048743493971162104,"(0.0014706589973919402, 0.0026074138206680164, 0.0023377841635753727, 0.0016419097412929393, 0.0016769223869034728, 0.0022854830981995132, 0.0015971349941148805, 0.0024020205235990434, 0.002282537249025063, 0.001681781871055254, 0.0017610139349651297, 0.0021730364386668656, 0.002436923429795746, 0.0015709958120599518, 0.0025395644883643297, 0.0015062536761903755, 0.001578578501887371, 0.002431237450961289, 0.0030213414735001595, 0.0012706120774335508)",-0.6055600359029384
0.001972769202268313,0.002198754654612808,0.00047509597796555514,"(0.001840842399816303, 0.0025147195370451934, 0.002750497093937515, 0.0016846738426304865, 0.00263402982392802, 0.0017565696646297047, 0.0021983268331870268, 0.0021067475532169726, 0.0033807089512988796, 0.0013707827089452043, 0.001880415625421128, 0.0024567715745496166, 0.0019332013105101045, 0.0023907145231318707, 0.001957777426369484, 0.002358672668800177, 0.002288524460490459, 0.002024516320500997, 0.0016676850873625295, 0.0027789156864844963)",-0.4756627351639662
0.00730050454421998,0.006929452501834712,0.0011050838613469035,"(0.006690959309143761, 0.007012742297455996, 0.007023793616959969, 0.006700599713959393, 0.007734305476083761, 0.006057204635027346, 0.006789142857100871, 0.006921203892520249, 0.007120767079496972, 0.006611772163486606, 0.004838576414284542, 0.009635891284462544, 0.0063086592703806565, 0.00740036034671267, 0.005068782749898903, 0.009185762819122967, 0.006741336133553282, 0.006978890248458984, 0.006330368292202203, 0.007437931436382558)",0.3357682211855133
0.01380555207996757,0.01333497366192982,0.001706181299734436,"(0.012563271769408805, 0.013958857519880626, 0.012471501646353557, 0.014142067231826616, 0.009481892339148762, 0.01844016061169514, 0.012928535456087685, 0.013601216889204008, 0.01414034417118531, 0.012481673408356386, 0.01266894573073583, 0.01367644985058219, 0.012367502269209267, 0.014045295976396888, 0.012053747891396965, 0.01433751506685164, 0.013980375103013873, 0.012607319556090048, 0.01492712064108573, 0.011825680110087132)",0.27580798014313845
0.005705344008662037,0.005931826324558437,0.0008219462312932732,"(0.007377465111812823, 0.004687155642876639, 0.004356565206105229, 0.007956771134873539, 0.006175311363385108, 0.005592501408342437, 0.005665978405368578, 0.006110132296522274, 0.005755978266198335, 0.006024227017245816, 0.006149685733650312, 0.0055937555366217424, 0.006204887967003415, 0.0055500487010200885, 0.0054439912198764335, 0.006311701655328541, 0.00682492615407531, 0.005077665583394269, 0.005845466260373286, 0.00593231182709455)",-0.2755439556429946
0.0014463409369908568,0.0019873187928193645,0.00034824886176208026,"(0.0016232639386956607, 0.0023630450072379045, 0.001857473219852241, 0.0020667986384427877, 0.002405160496405756, 0.0015941551339017784, 0.002463814521792613, 0.0015574884625976712, 0.0024845665118471438, 0.0015453139303986299, 0.001963605945490704, 0.0019500413666257053, 0.0024351870954139178, 0.0015729899363595744, 0.0015810771283030621, 0.0024209137555508673, 0.0021845822340836253, 0.0017571622435955986, 0.0019995837613303344, 0.0019201525284617135)",-1.553423184475755
0.0023988237808572808,0.0034526247058369684,0.0003420874650622163,"(0.0034472111088835315, 0.0034265410988000883, 0.0035495044895661287, 0.003330103513339322, 0.003026591400949673, 0.0039014538234051917, 0.003577232449030698, 0.0033031923192277436, 0.00389775632608117, 0.003032997344286998, 0.0036026062647847796, 0.003273765506564607, 0.003587468739172779, 0.003288634475172333, 0.0029377144159889188, 0.0040131096845727144, 0.0034999944254823783, 0.0033770775721631936, 0.0040871639761295075, 0.0028923751831376235)",-3.0805014290366652
9.336788989959626e-05,9.910460039756307e-05,1.4845049507936702e-05,"(0.00010942900717295686, 8.787733226214613e-05, 9.826998504168829e-05, 9.78566445457381e-05, 7.715740270074641e-05, 0.00012463244874332197, 0.00011241611209920615, 8.55425008734906e-05, 0.00013215741504182064, 7.276458739492344e-05, 8.267122932838966e-05, 0.00011631908727168685, 0.00010310287355564829, 9.326860081142972e-05, 9.77267679562259e-05, 9.839890233245873e-05, 9.918146552575496e-05, 9.695738838571787e-05, 0.00010299337648689667, 9.33688804210139e-05)",-0.3864392971474935
0.04685750406253505,0.05065983468224016,0.004742198778002325,"(0.0477939540792425, 0.05328274163619226, 0.058312911625226664, 0.044941061533353276, 0.05268866155052416, 0.04860420740064149, 0.05369895552992805, 0.04870577713386327, 0.046832422266081496, 0.05610904677106113, 0.04495955864378712, 0.05408964841624824, 0.05024247240403743, 0.0489229704676742, 0.05791741451124371, 0.04008616869922874, 0.047422729163624326, 0.056308170130156154, 0.051591804410947566, 0.05068601727174132)",-0.8018075153962365
0.00776725894007019,0.01397017091299219,0.006625161727531961,"(0.005236524485719015, 0.02801349435943927, 0.026205337867693357, 0.0063824538100576995, 0.018018271236743263, 0.00816880891336264, 0.008875062401606229, 0.0171065017253639, 0.016173618585423474, 0.010434958715282624, 0.006746824730266493, 0.023781446999204387, 0.020825779906680306, 0.007984652202039633, 0.013286983051580143, 0.011208233078246926, 0.012002573492487463, 0.013722743669187413, 0.01138186952607204, 0.013847279503387487)",-0.9362657438451302
0.012229146496302138,0.00954072100395794,0.0036657411920543244,"(0.01969163890298941, 0.003730288294282139, 0.010565942663341899, 0.008297644792133168, 0.011288520018817643, 0.006353694764680021, 0.00891631662673196, 0.008393185267716761, 0.008458608955880673, 0.01045342085664876, 0.011644225095352371, 0.007040014658543117, 0.007134348136074902, 0.012062947269637428, 0.009537641664031475, 0.007571631027303679, 0.008442322903973783, 0.00995344999415339, 0.016491464633520726, 0.00478711355334547)",0.733392062203271
0.007681946758235384,0.007350451930565809,0.003609486317158914,"(0.005795135663272625, 0.0069362772804791705, 0.0072252031961410855, 0.006597359607530016, 0.003378860664561296, 0.011367286516373518, 0.014057453919700086, 0.0028474463349022275, 0.006764299362574099, 0.007083438264699158, 0.0030328121409082336, 0.014596749423470947, 0.008536060900159303, 0.005437849777236403, 0.014042471760248098, 0.002731275574530739, 0.007879034225328504, 0.0057039814744934345, 0.006541228081363316, 0.006454814443343904)",0.09183989037268309
0.0005988351908907066,0.0008022712451662116,0.0002613055215722522,"(0.0012427522553112315, 0.0004728529019119187, 0.0008288555143509428, 0.000723870106125521, 0.0015042080267712351, 0.00038053407677475623, 0.0009591307786853703, 0.0005998821327427586, 0.0006788319691773059, 0.000881565238928479, 0.0007800952693817858, 0.0007545810772986972, 0.001038015952466542, 0.0005714096549814613, 0.0010112089972368079, 0.0005600665239524829, 0.000741964745562892, 0.0007876483959708238, 0.0006949528916126535, 0.0008329983940805616)",-0.778537143231602
0.0005983216807481021,0.0006005164666573119,0.00014573707178202233,"(0.0005660270757507534, 0.0006024521817742636, 0.00042151818457616274, 0.0008112294434014886, 0.0006613503173279412, 0.0005144032642236954, 0.000460688698046054, 0.0007389645679272415, 0.0008965855888574399, 0.0003813287993924656, 0.000690451730877488, 0.0004942875678515247, 0.000490752000236311, 0.0006960357906518795, 0.0008151437270010135, 0.0004170272381687067, 0.0005874735077152886, 0.0005806720538268057, 0.0006904283965588734, 0.0004935091989808396)",-0.015059901247999346
0.0026065392733440906,0.0030135977633126594,0.0006678022021771513,"(0.003772977411966002, 0.0022887649447574866, 0.004678169363938979, 0.0018647474406109496, 0.0023027580400906246, 0.0037440273693926493, 0.003139168387123277, 0.002753174036823754, 0.003086392362438186, 0.0028277646200851533, 0.002905364404710691, 0.002990742275156943, 0.0030684120578818187, 0.002839751559491336, 0.00359376122805706, 0.0023997918399960272, 0.0023682194071143535, 0.003673967482478106, 0.00248427268151906, 0.003489728352620732)",-0.6095494873204781
0.001444391139409725,0.0015009248866565354,0.00038502260701872245,"(0.0009889719727120604, 0.002133327330245557, 0.0012453530811147313, 0.0017044210135530218, 0.0012989559397805204, 0.0016207293253464024, 0.0017316445183842048, 0.0012175465912272667, 0.0016687837006848748, 0.0012720856440384329, 0.0011612267859685453, 0.0018226856762038604, 0.0011427335281165578, 0.00185533753593974, 0.0011054070075931844, 0.001904006195450604, 0.0010386277014019774, 0.0020384804586867783, 0.0020250038203161037, 0.0010431699063662774)",-0.14683228001742055
0.0026739470417319862,0.0019976272620468856,0.0005435316596212599,"(0.0014048918405810068, 0.002648341950502312, 0.0010991757901961505, 0.003414709073689604, 0.002461707362484146, 0.0015038790596794058, 0.001953831184746111, 0.0018988662966970959, 0.0014290049552083879, 0.002626254184637463, 0.0023027663277434365, 0.001621844270744311, 0.001771859226969821, 0.002113218079563257, 0.002373634988357436, 0.001557801878140898, 0.00208625116357604, 0.0017895800091314018, 0.0022158099612740057, 0.0016791176370154226)",1.2443061369348185
0.0024869714020301584,0.002116059946847637,0.00022293953218263047,"(0.0020765913307366456, 0.0021324233198372305, 0.002487455524164941, 0.0017979648659286374, 0.0021646435922855916, 0.0020300719869485086, 0.0021600615198347, 0.002039356189145723, 0.002052481848356692, 0.0021780432390680463, 0.0019348904107981224, 0.00229621557353937, 0.002209961950997767, 0.00201659046398291, 0.0022298564036140047, 0.0019660629814707764, 0.00255725203425152, 0.001735227688252904, 0.0024585743717861633, 0.0017974736419524842)",1.6637311989991674
0.005452290937416641,0.006395428705943895,0.0006780771978683838,"(0.007370520698157079, 0.0054821864709434205, 0.007097394046135186, 0.0058686636526261915, 0.007456203464955386, 0.005290220502323222, 0.005934608186238421, 0.006696478729744706, 0.007578457892121419, 0.005488186929057679, 0.0065543413035465915, 0.006225849721831672, 0.006369786187736896, 0.006467066694197525, 0.006536616438140079, 0.005989066670463938, 0.005916395648525573, 0.006869020707196741, 0.006909779610632582, 0.005807730564303593)",-1.3909002861209898
0.012802960189111248,0.011685612472140585,0.0018911905386889277,"(0.010546762151903711, 0.012604462244535606, 0.010352675788262766, 0.013572021367160828, 0.009575846782327835, 0.0132859407560654, 0.010153390833809535, 0.012702273068585214, 0.008547564353983468, 0.016394933392672607, 0.01067318160186049, 0.012680982168538595, 0.009714977098894797, 0.014173972246984055, 0.011173624328040232, 0.011230452942748556, 0.013297144691670431, 0.010103053965781691, 0.01107676839754051, 0.0118522212614454)",0.5908171038891019
0.005216502173284102,0.005567034599712201,0.0010631440492267848,"(0.005457422565196274, 0.0054819724247345035, 0.005738936356851004, 0.005352696048593443, 0.0069096787573136855, 0.004234226944382476, 0.0037565744890770618, 0.007839159950498801, 0.005891587411649879, 0.005206332420519172, 0.005762121763058161, 0.005233274513487194, 0.004631105758779152, 0.006566005552423463, 0.004031283338180909, 0.007204854736183935, 0.004586012069362084, 0.006548089570124961, 0.005218892890219431, 0.005690464433608433)",-0.32971301178145923
0.0015871573826968892,0.001960984245782444,0.0004193585366696449,"(0.001752339271242472, 0.002103715724285633, 0.002027066622498074, 0.001835104335219047, 0.002046595980182024, 0.0017877290502630394, 0.0016877069000719126, 0.002172719637948958, 0.0019825714920896106, 0.0018753736946882887, 0.0023773228485281846, 0.001554928799400933, 0.00243035303392395, 0.0015253373458059482, 0.0016488014448749803, 0.0022136356662018314, 0.0031258354385506684, 0.0011809557877884382, 0.0016162438824959863, 0.0022753479595889027)",-0.8914254281177107
0.002740890588417022,0.0033719803811116996,0.000593535217950876,"(0.002700100683853994, 0.004106081356585805, 0.0028723220201664124, 0.00392135602265898, 0.0031018275963143197, 0.0035055764504107923, 0.004121047016691954, 0.002648942905803995, 0.0035292132782838333, 0.003185506246373184, 0.003319937614209776, 0.0033447970264777, 0.0038492966783000063, 0.0029013044816659566, 0.003581076224978433, 0.0030129580074835503, 0.002289907888336894, 0.004824001423497599, 0.0033648945149270847, 0.00325946018521371)",-1.0632726982460374
0.00011338268122737253,9.867610481761593e-05,1.2379101601944138e-05,"(9.852175856345547e-05, 9.738909929720833e-05, 9.478531598849548e-05, 0.00010127412471155165, 8.077608146576476e-05, 0.00011870653580254067, 0.00012517875746169985, 7.660830935648561e-05, 0.00011576941111682969, 8.29115699830241e-05, 0.00010284069099919027, 9.329843921356083e-05, 9.73830129716074e-05, 9.85446586237198e-05, 0.00010202108046655844, 9.396043888975274e-05, 9.900096585832874e-05, 9.689799132925399e-05, 8.556735636252989e-05, 0.0001120864978907607)",1.1880164556890729
0.001590240726187275,0.0023828853815009796,0.001956804059965326,"(0.0027962501459065526, 0.001018496652082689, 0.0024597226678419806, 0.001884422941750996, 0.0003196208650084619, 0.004317208481765842, 0.0005765043683444729, 0.002702614301788518, 0.0029245115870868196, 0.0014645022763207871, 0.004365156449739721, 0.0006404255342223357, 0.001920063683746562, 0.0017659350649050427, 0.00015540411062577475, 0.00648112178537272, 0.005243242899633532, 0.0004279876297617958, 0.00030230416979387274, 0.005892212014321105)",-0.40507103982999204
0.026623348666831706,0.018007406051683838,0.00875366652282184,"(0.01209978027245168, 0.02229189905031334, 0.017141910788707526, 0.015225794019538722, 0.007704627961453368, 0.03474974504858089, 0.013809607080217508, 0.019563705899982287, 0.006029207084039188, 0.044668129722483164, 0.02077159489274532, 0.013062687484402733, 0.020384930608648107, 0.013091847585353276, 0.016490702115317064, 0.016246890496282026, 0.021943722983968846, 0.011754854153262915, 0.01464773741112378, 0.01846874637480501)",0.9842667175731553
0.02298254179506505,0.01323901981535364,0.005703016021655567,"(0.0138209933734271, 0.010768614015169957, 0.025115164492652584, 0.005677950945705031, 0.011663078645590118, 0.012650241901466703, 0.009972459479957245, 0.014956222041279523, 0.016987654077795157, 0.008745207898130566, 0.012824929193635757, 0.011696666836905628, 0.021636220125905214, 0.006785860231517263, 0.011520420719474367, 0.01281332842490566, 0.024150436306147893, 0.005817856141992387, 0.007655804469363386, 0.019521286986051222)",1.7084858157005314
0.010788561350074765,0.009822375016283344,0.0038582671973089056,"(0.008326002486258895, 0.010095430937271872, 0.012307027405392534, 0.0065719380563738624, 0.005328919053526128, 0.015663231864163144, 0.008720854099773388, 0.009656849482317225, 0.010185605193965469, 0.008239905961961455, 0.007044450894415282, 0.012018492488134946, 0.007747363080664562, 0.010719267476286877, 0.016896528329361046, 0.004940346965059396, 0.004927718128415459, 0.016203228463125666, 0.015360215488850866, 0.005494124470348776)",0.25041975694822893
0.0011598269523567751,0.000959075893185037,0.0006551535881124064,"(0.00045408733616315476, 0.0014338379018430344, 0.0002045555635240643, 0.003178514653468418, 0.00088098782334345, 0.0007390339511951107, 0.0019327728299921487, 0.0003368719513967568, 0.0014042578729263854, 0.00046363583701137205, 0.0010067648921285143, 0.0006468513210230783, 0.0008747584156236556, 0.0007440472678891803, 0.0008061185399330693, 0.0008075772406517268, 0.000718039990391811, 0.0009053146720573684, 0.0006666193866382271, 0.0009768704165002103)",0.306418315970964
0.0004709190408072518,0.0006008129996558318,0.00012961630700146162,"(0.00046274185608958694, 0.000746227107801083, 0.0008015564328864421, 0.00043063837486641374, 0.0005427585955763536, 0.0006361951472243539, 0.0007977489955499907, 0.0004328629203154896, 0.0004923335339914812, 0.0007013686955297406, 0.0005954229762025957, 0.0005799839125218382, 0.00043284508180774353, 0.0007976833201784737, 0.0005496701206521563, 0.0006281853553751261, 0.0007550734439169249, 0.00045710413513786954, 0.0006062234254902849, 0.0005696365620026855)",-1.0021421058317548
0.002522544127766001,0.0030769661077528023,0.0005684308234112088,"(0.0028873262132902405, 0.003178638475662026, 0.0020084531229714775, 0.004560622713259282, 0.0034965320974759935, 0.0026237887783238543, 0.0033713809162241046, 0.0027225231922005572, 0.003990264739336869, 0.0022998490987992913, 0.003059655635178241, 0.003000693131279296, 0.0029394518556266538, 0.0031203282698095067, 0.0029777499463566055, 0.0030809656156533323, 0.0030652666447356595, 0.0029862350733589737, 0.0036648419954311983, 0.0025047546400828783)",-0.9753552361211886
0.0012372842619605064,0.0015072489170532186,0.0003602425341745936,"(0.0010832962548077626, 0.0019864245067168847, 0.0014333081943482377, 0.001499676090211488, 0.0014270460790785564, 0.0015076526929039308, 0.0010370475477816754, 0.00207512641052336, 0.0017365921501505852, 0.0012390930989884458, 0.0014832870345556704, 0.0014510611789593413, 0.002110430926283871, 0.0010192920038799213, 0.0018886202253479264, 0.0011391798440712141, 0.002003999218009792, 0.001072216216199572, 0.0013149333348193945, 0.0016366953334267396)",-0.7493969464523929
0.002303020940246003,0.0019813437874078867,0.00032153142005683416,"(0.0020723581944864745, 0.0018479312978322924, 0.0018536058809254438, 0.0020629474149159777, 0.0017122595495686758, 0.0022361400634123936, 0.0015317149411594624, 0.002500365887298726, 0.0022499910310948314, 0.001701963377126618, 0.002201054049993486, 0.0017403850084381479, 0.0022665275603092833, 0.0016888670526172234, 0.0023707776855452184, 0.001614967380853025, 0.002311052679550916, 0.0016538706508097203, 0.0015691932607399613, 0.0024409027814798617)",1.0004532458484343
0.0018145349088104345,0.0021919786190095956,0.00040679078961088414,"(0.0023794374727470037, 0.0019554476673783626, 0.0017850968528604996, 0.002602682379917679, 0.0020844829174478108, 0.0022318418512994828, 0.0016783556371703177, 0.002772456355039305, 0.002103707716042768, 0.002211660741447354, 0.003094523589085438, 0.001504012230810874, 0.0019238773513562885, 0.0024174485540540782, 0.0018889168819341687, 0.0024627773235439887, 0.0021020274066326857, 0.002209378584870435, 0.0017100566261526425, 0.0027213842404007313)",-0.9278570701175535
0.004275764055724038,0.006981444410171983,0.0014466035989925059,"(0.010519802138078627, 0.004456931608831578, 0.0066648585790291094, 0.007002701644961808, 0.005850524228262644, 0.008010761408005157, 0.00653894497363644, 0.007171708139933925, 0.006814543780744543, 0.006879485099288708, 0.005156901186654021, 0.00910003354728416, 0.006952472071452438, 0.006734842204219652, 0.0051001704992811, 0.009187685531856914, 0.007786521869735961, 0.005986549705365276, 0.0065379532833681215, 0.007175496703449486)",-1.8703674982782632
0.008896312740073015,0.013336794513277071,0.0024117233532202033,"(0.011733342624362788, 0.014729910815695552, 0.012623051424509027, 0.013571025053320142, 0.01149364810839069, 0.015025481412569475, 0.015992414479340883, 0.0108112332308178, 0.01104615383266679, 0.015642737379919086, 0.018539703049471085, 0.009338352272227141, 0.013835360052737616, 0.012459943271301739, 0.012643520419278792, 0.013654205582386681, 0.009924982474464954, 0.01721915716046816, 0.011847939996221826, 0.014603727625391178)",-1.841206939127158
0.004180533017357986,0.006099860756862707,0.001733697280589763,"(0.004874163550080777, 0.007085112406580269, 0.003353432497113844, 0.0102588687846238, 0.006997545352222457, 0.004933628499010707, 0.005385042175329507, 0.006413989881399761, 0.005246053534760133, 0.006582227059694865, 0.008552331158953942, 0.0040409693886876855, 0.004250564341068896, 0.008115634486798116, 0.005439155200827329, 0.006346154020478303, 0.008120291276546551, 0.0042323382202427914, 0.006169105788747264, 0.0056006075140871475)",-1.1070720136630838
0.001848743723732208,0.0020395126074838673,0.0005900578865138951,"(0.0028553510008285463, 0.0013450245069163416, 0.002366862050592088, 0.0016205668471642803, 0.0019296370494458256, 0.001990076055655804, 0.0028359943051170585, 0.0013542775902798928, 0.0013459671236304787, 0.0028532615788605243, 0.002026752357995879, 0.001895379539351133, 0.0013709413287039918, 0.0028003509790742566, 0.0012476203151963133, 0.0030777935814283778, 0.001853218674732835, 0.002069038317109177, 0.0017236497698326382, 0.002228489177761911)",-0.3233053707302105
0.003887306639701575,0.0035259073785767906,0.0008398232204443965,"(0.0033561503551105326, 0.0035168449865764424, 0.003755359258416546, 0.0031393333228366595, 0.0035535582849243533, 0.003321418993544033, 0.00205759957380743, 0.005736433084326081, 0.002797751887594481, 0.004218645494948555, 0.0026847671580730683, 0.004397142414857605, 0.0034638573602961903, 0.0034064769841176336, 0.0028922511937887535, 0.004080475115826353, 0.0033065394592573447, 0.0035647820188435876, 0.004819249347412925, 0.0024495112769772334)",0.43032777890274104
9.483352170309375e-05,9.98847583642282e-05,1.9805647074572778e-05,"(9.587510148183423e-05, 0.00010028782878474779, 0.00010562546611414554, 9.102926521973619e-05, 6.598368605387482e-05, 0.00014571950709294242, 0.00011666785604869824, 8.241427046193913e-05, 8.56457887291704e-05, 0.00011226588183483989, 8.365603702138238e-05, 0.00011493614968199302, 7.77857463157197e-05, 0.00012360993187119778, 9.910356740014797e-05, 9.702067410265846e-05, 7.41293814615274e-05, 0.00012970597621201583, 0.00010154285815481193, 9.469019324118033e-05)",-0.2550402237359571
0.04470827314938978,0.044342010003616705,0.002317237408542024,"(0.04365307849090176, 0.046054302210262826, 0.043021687967568965, 0.04171499471961756, 0.04745527777607236, 0.0428087894070642, 0.04704385888214097, 0.04156370173985531, 0.048063960682074434, 0.04131332458755864, 0.04168962999435999, 0.04666934989881964, 0.04334854057447439, 0.046227245160940365, 0.04435103231724158, 0.044545248370399436, 0.04513546056979299, 0.04232774351547204, 0.04788274741924471, 0.041970225788471996)",0.15806025935146664
0.007763372631695805,0.01882167651625051,0.008292463272954638,"(0.0369073336485307, 0.007672215631097801, 0.019288069089003396, 0.015386706455746179, 0.007266783654474153, 0.03636129104793208, 0.020036702513129424, 0.015547969615664145, 0.016392383639051822, 0.01779800110060455, 0.029003924601980542, 0.010036710050903187, 0.018565565531148902, 0.016218960064712244, 0.026906841476161087, 0.011500612683686925, 0.022962849131836837, 0.013120803814059025, 0.014256797219337841, 0.021203009355949407)",-1.333536673068024
0.018962107222647948,0.014457801414796401,0.0039046464819520936,"(0.015438274569810255, 0.01196056304889623, 0.014544623995285935, 0.013555543477869764, 0.0146519597910368, 0.011424777908154826, 0.012266086725576754, 0.017209711399855093, 0.008012576330330526, 0.023980705044353144, 0.013916571108202007, 0.013838879583374855, 0.01695224794287649, 0.011865825959037849, 0.01693253388021892, 0.012320804509641639, 0.011174293406159478, 0.018018017510027632, 0.009313557611954475, 0.021778474493265372)",1.1535758304038983
0.007375476979725327,0.010450624937259121,0.004871191694426868,"(0.02295866333980318, 0.003718095451939771, 0.018888907477740156, 0.004781916982825879, 0.009163633577270444, 0.008551036071124134, 0.012533482835003128, 0.007646678356176353, 0.008623173230587401, 0.010231911558311622, 0.011044503362706286, 0.008035874012937686, 0.015998046955515034, 0.00574391655197921, 0.00997956967321826, 0.009486878088025862, 0.00591554467510345, 0.015547288188088067, 0.007098767578474507, 0.013064610778351995)",-0.631292741168875
0.0014717807668630809,0.0008929657120197005,0.00041703171522690564,"(0.0006919640572811018, 0.0009471482062181958, 0.0010749118291050609, 0.0006116199197428996, 0.0006677008016589916, 0.0009767209215994326, 0.0014070645009306361, 0.0004689020770118566, 0.0009189240772182462, 0.0007145326169444125, 0.0003535105902919225, 0.0018618391889687268, 0.00035507171434952554, 0.0018541960419779576, 0.0007024629011418721, 0.0009360785641841894, 0.0006091701786116729, 0.0010807642611885284, 0.0007646548549307485, 0.0008620769370380308)",1.3879401343095668
0.0006416225172801339,0.0005962179125441693,9.999936582093232e-05,"(0.0005556113158625749, 0.0006225671113762531, 0.0006100853336337039, 0.0005672914074556059, 0.00048193794669503003, 0.0007171161224484548, 0.000660202643367752, 0.0005245401243283464, 0.0005510284398326299, 0.0006279315388405497, 0.00047704963099945717, 0.0007254845632680381, 0.0004897570132981173, 0.000706801174016194, 0.0007505409026148871, 0.00046126757048249904, 0.0005568431258212682, 0.0006216532984731903, 0.00045392516406176443, 0.0007627238240070681)",0.45404892684289727
0.003198952958292901,0.0031076798094630876,0.0006832172569766406,"(0.0025946964665707842, 0.0035461627622836982, 0.003614380652777505, 0.002552187994458175, 0.0038308595267124343, 0.0023927515552457593, 0.0033011971181486346, 0.0028017132183053603, 0.004260741362946879, 0.0021628421934902706, 0.002206822111111432, 0.004176309386958674, 0.0033762383943764956, 0.0027343233867619236, 0.0026360902115905587, 0.0035069644119100117, 0.003247347609519287, 0.0028429547937047013, 0.004136478426399327, 0.0022325346059898386)",0.13359315488269927
0.0013650333870119026,0.001481695749730041,0.0001841456881694361,"(0.001617271958298621, 0.0013359378141857504, 0.0012044103473698642, 0.0017964971845752676, 0.0016256594115134713, 0.0013260970594161773, 0.0013955223281368065, 0.0015528497271217316, 0.0012676580250798688, 0.0017058006653456843, 0.00128155673261744, 0.0016876752243119978, 0.0012879900379859557, 0.001680663296593414, 0.0016416795845747433, 0.0013195378288176271, 0.0014105504364116072, 0.0015346685413142424, 0.001313825935579654, 0.0016480628553508876)",-0.6335329590275008
0.0022159758140005716,0.0019942842999043486,0.0003949942443887975,"(0.001539867209987524, 0.00248539714911306, 0.001568758874720737, 0.002444496188022215, 0.0018780489924981414, 0.0020315557871202965, 0.0023903113886903126, 0.0016077279021686128, 0.002974562166284131, 0.0012880438886564546, 0.0022370349552680853, 0.0017136250367252898, 0.0022796432338487117, 0.0016832460484589359, 0.0018860081798309377, 0.0020362279331199943, 0.0020356896508911216, 0.0018850239197396308, 0.002018201859468214, 0.0019022156334745637)",0.5612525175886094
0.0023755657039406406,0.002221015786960463,0.0005492814128609637,"(0.0023096065594783765, 0.0020151515472576543, 0.0019169111392801012, 0.002433041174351132, 0.002590936501396361, 0.001790480717595691, 0.0027797822669552164, 0.0016815697291042181, 0.001712680057957167, 0.0027205524658342173, 0.002235730406734063, 0.002085767232483146, 0.0036737381877644314, 0.0012703979984769105, 0.002266766119716326, 0.002060120420623614, 0.002286015042681774, 0.0020416537619451424, 0.0029848958342055896, 0.0015645185753681368)",0.2813674618538344
0.008118286172752445,0.006843043354360998,0.0005741521154329996,"(0.007801376725807091, 0.0059271072477148495, 0.00700875764735183, 0.006641605013607966, 0.006349916882678722, 0.00720603781327316, 0.006835505024194411, 0.006859116408673118, 0.007692378339949292, 0.006032735415924843, 0.007042512772382643, 0.006607219042229981, 0.007420778645278275, 0.006286707350325522, 0.006865201552072395, 0.00680714087073434, 0.007625084077764066, 0.006118842458894166, 0.00750169448754189, 0.006231149310821383)",2.221088774409054
0.011814483911956426,0.013467137960675092,0.002349493268157832,"(0.017780076570317216, 0.009802395743814413, 0.0144388084406962, 0.012224442192593929, 0.013316383533220033, 0.012830975550827692, 0.012359001904787677, 0.014477631414935101, 0.012018779664347523, 0.014600333585434635, 0.010687038810989993, 0.01650395594896764, 0.012517937420927126, 0.014159388362827026, 0.00953884548779663, 0.018641879091475154, 0.012045003425606141, 0.014717983441918056, 0.01307270171068562, 0.013609196911333981)",-0.70340871843164
0.006679765802022948,0.005960243845784228,0.0008093038265730561,"(0.00457780241714054, 0.007588336194905586, 0.006359566323141268, 0.005492293150573352, 0.005125239835162363, 0.006719747870338168, 0.005718493175465765, 0.006144256566638473, 0.006606680274682701, 0.005273520943692487, 0.005068333125854925, 0.006890376315188516, 0.005665675138755013, 0.006176317209288199, 0.00565758273772788, 0.00619259398696387, 0.007257570385929269, 0.0048219441297185795, 0.005528974936368999, 0.006339572198148575)",0.8890628372356627
0.0017960926596701243,0.001977492857091296,0.00024616652913924016,"(0.0018701968017874428, 0.002056998626896599, 0.0017404615677204338, 0.002214425122193701, 0.0018049938268685929, 0.0021251123492568302, 0.0020466393715706864, 0.0018869188449588824, 0.0023463574731293524, 0.0016411949093975114, 0.00185660006504717, 0.002075784926075867, 0.0024243251110855108, 0.0015907618366407569, 0.0017491812040524514, 0.002205656330621499, 0.002006255331618967, 0.0019222979331387122, 0.0023286235231296743, 0.001657071986635282)",-0.7369003335078324
0.004971626615522315,0.0034660998050742124,0.0005134011120377993,"(0.0031202551493821834, 0.003762441137177333, 0.003083652659109372, 0.0038165800764004124, 0.004143048370409971, 0.002822442144500915, 0.003599559863761961, 0.003278786965323429, 0.0037349986073052562, 0.0031477389835470088, 0.0034748595546262675, 0.0033895816608704933, 0.0035203196329629764, 0.0033468309418500184, 0.004376896753069642, 0.0026896822085789945, 0.003814712576522653, 0.0030885492024337806, 0.0026344301308911947, 0.0044766294827603996)",2.9324572447308177
0.00011579009397041122,9.982826133820877e-05,1.9437090474064086e-05,"(8.911414527738024e-05, 0.00010792048214245202, 9.372629699435835e-05, 0.00010261545190980986, 0.00010131586463150726, 9.491511923398427e-05, 0.00010248967519933908, 9.384742964446559e-05, 0.00014463191052109723, 6.64970028941228e-05, 9.038209987106574e-05, 0.00010641619293749742, 7.848270052379563e-05, 0.00012255014062344127, 8.639108975573605e-05, 0.00011132607859504194, 7.227460342971232e-05, 0.00013307658350477267, 8.375817489763786e-05, 0.00011483418417695784)",0.821204832765539
0.006317508521659653,0.009003202101904738,0.003787580756174645,"(0.004096161289883578, 0.012780647253375807, 0.004912449092772333, 0.013423987845522354, 0.014417819245566278, 0.002516025699614158, 0.007967718990856075, 0.010943377468238081, 0.013453476300279456, 0.004557093070765641, 0.0073384809992904755, 0.010721514640928206, 0.006771561830952379, 0.011202949242115637, 0.0130796462964842, 0.00451513395068242, 0.01231520860603094, 0.006129819254064254, 0.011717240894427742, 0.007203730066244759)",-0.7090788957745058
0.02627484681465994,0.01978427316627833,0.009355011726007079,"(0.01653177818143549, 0.02011614632165432, 0.021490003531099814, 0.015118899263376041, 0.030266749262780394, 0.011283357302564762, 0.019014064608684614, 0.0166587206981829, 0.04474734511538243, 0.005850472330292245, 0.012609117746079881, 0.027085317536763392, 0.01581046112834975, 0.0213785209396546, 0.01789853134795991, 0.01674592872527323, 0.007940628866632158, 0.03816427341501445, 0.0188487919023838, 0.018126355102002452)",0.6938071098657969
0.013391831433108244,0.015442217869616163,0.005514510612762188,"(0.012830938498324878, 0.017345283094497226, 0.017070507392704624, 0.01263381859232879, 0.019952849771277037, 0.011414066753259271, 0.0125766076097993, 0.016706415547607933, 0.016533313806834427, 0.010366493022321196, 0.009959534862316355, 0.02292877892983313, 0.016316873027989974, 0.013906210601150474, 0.0063176724028160425, 0.03172692770109564, 0.015788399124294646, 0.012830355437351752, 0.02021079535721866, 0.011428515859301892)",-0.37181657276399593
0.011053847746527836,0.011756104145492875,0.004810060112529932,"(0.015511568141987273, 0.00785841406287167, 0.009747987260792167, 0.01209354979970292, 0.012544894844796031, 0.009872550689086301, 0.014816846967797486, 0.007785790336593264, 0.004497540998074138, 0.021446145713701185, 0.00865616506463989, 0.014369929194424508, 0.0065642155771020415, 0.01892223074052766, 0.020732936432431934, 0.005391318923684112, 0.008985490893227194, 0.012542437891140542, 0.013103325486012809, 0.009678743891264371)",-0.145997426754751
0.0006205896953435126,0.000881464064587827,0.00039154177869088697,"(0.0012030248794346293, 0.0005331960746879317, 0.0005791368243320306, 0.0010981735831434346, 0.0005204532810133079, 0.0012304190101815207, 0.001758680057409839, 0.00036221902605953994, 0.0005714647899242272, 0.0011012150122238834, 0.0010773589206270473, 0.0005947314809037477, 0.0005236999543620805, 0.0012293423380352647, 0.0005565600248578479, 0.0011509659544243211, 0.00046286173686593704, 0.0013835181230480971, 0.00058484096587256, 0.001107419254349292)",-0.6662746696317906
0.0005908565313303001,0.0005962738667672993,0.00010493578856554443,"(0.0006411283338553965, 0.0005388997737798469, 0.0006245867628928104, 0.0005527341692302545, 0.0005233816081141527, 0.0006600965259467965, 0.0006066562042751162, 0.0005690455349755518, 0.000570556874562315, 0.0006039076573578675, 0.00045248283650970475, 0.0007636015378138824, 0.0005722331161962249, 0.0006039964294824251, 0.0004102311481825018, 0.0008417325201495854, 0.0005037979792749754, 0.000685415761921599, 0.0007220586902694262, 0.0004789338705555539)",-0.051625241598250986
0.002695458454740825,0.0031073842334023005,0.0007159616271860156,"(0.0027553900788595035, 0.003343656215575803, 0.005109362113038926, 0.0018008410877623712, 0.0025653525180856806, 0.0035945008935442434, 0.002568295012953495, 0.003578913681368357, 0.002408200346503557, 0.0037861087508699615, 0.002749401203017996, 0.00335429944679743, 0.002968344052153625, 0.0031062064307552603, 0.0032452358446857306, 0.0028273136537361587, 0.0025302286909175617, 0.0036277626518777624, 0.002428106334637139, 0.0038001656609054496)",-0.5753461680348579
0.0019439972206397665,0.0015100661838827458,0.00037539260638703553,"(0.0012613831837549798, 0.0017087134058047038, 0.0013212213389578692, 0.0016297150119436055, 0.0020610107444883354, 0.001046116572603456, 0.000879371436728383, 0.0024472897089391136, 0.0016488516768232734, 0.0012991475569685547, 0.0014212660373244558, 0.0015172168618469257, 0.0011490582736698152, 0.001876734704593053, 0.001475659484291244, 0.001457465115272309, 0.0019455002542900527, 0.001105697336013686, 0.0013421996661216091, 0.0016077053072194906)",1.1559392203628835
0.0028568572733017475,0.0019992858057899542,0.0004779282993631208,"(0.00245974834838591, 0.0015412821455239424, 0.0015810160748706394, 0.0023934586557067257, 0.0029387709822658115, 0.0012902907180474203, 0.0023300483684410753, 0.001623128578326164, 0.002214138395482437, 0.001697016249312265, 0.002014036745052893, 0.0018832588314871474, 0.001607562864689566, 0.00236046264776247, 0.0028320933502403137, 0.0013351408599831189, 0.002367120360059967, 0.0015977025985230377, 0.0021623413705089273, 0.00175709797112925)",1.794351723165543
0.001969875132251704,0.002170613373966118,0.00039076497203554314,"(0.002117526700365065, 0.0021613581652915356, 0.0026083865820175616, 0.0017499817368001834, 0.002239310741840147, 0.002043607168523725, 0.0020893141989498645, 0.0021840489651140664, 0.002238912407679419, 0.002023807678230326, 0.0023813492704822773, 0.0019224039814653713, 0.0029325569130407804, 0.0015625514934263032, 0.002473795933204176, 0.0018457074590236293, 0.0015854500808863907, 0.0028801936573761215, 0.0017525745465633322, 0.0026194297990420963)",-0.5137058233974862
0.006644212428864363,0.00679490841104852,0.0012112500630166614,"(0.008053716370963132, 0.005590434006679324, 0.004719046693085568, 0.009460659301558264, 0.0074315610414059175, 0.006056036593585448, 0.006182934264600936, 0.007214199082858804, 0.007670230059361764, 0.0056890886940621326, 0.00617226186979142, 0.007299845405392689, 0.008410978836924652, 0.005373569289206712, 0.00617531138852318, 0.007238325150274567, 0.008257982648265013, 0.005414510698472473, 0.006626173202235218, 0.0068613036237232)",-0.12441360110962008
0.012863187728868278,0.012747068236239563,0.0029669335553361284,"(0.011846518846718739, 0.01314660151550919, 0.013326451208315469, 0.011495519146004442, 0.00874440056478478, 0.017796998622566416, 0.015680081232504837, 0.009752369886696505, 0.017422235786844393, 0.008407417808805084, 0.013185164454480668, 0.011829052555279213, 0.016137075583133546, 0.009723860695290217, 0.012942095836311413, 0.011863473122183674, 0.016369779749599907, 0.009385227281584009, 0.009976514636641147, 0.01591052619153755)",0.0391378810691161
0.004977091509461681,0.006081597373442018,0.0020579922532455623,"(0.004250147241496298, 0.007959493356606, 0.005124091123080705, 0.006554250462530105, 0.005530552852364036, 0.006114485871590919, 0.002544476278428201, 0.013189325588630783, 0.00518594243985963, 0.006351628675312765, 0.005992739954875999, 0.0056483375710610195, 0.00579579023167215, 0.005856079995880358, 0.005151263025081508, 0.006527136462588593, 0.007430784216705149, 0.0045259870341209365, 0.007083807898656799, 0.004815627188298373)",-0.536690972591599
0.001978355427930938,0.0019685105521101134,0.00034190712983001443,"(0.002233395116727061, 0.0016881665289051422, 0.0024683503832557793, 0.0015235922376293017, 0.0022215969565961627, 0.001696847700568131, 0.002006801461831626, 0.0018736354682052177, 0.0022694193459426616, 0.0016464152075159732, 0.0015451774999723084, 0.0024404622237802175, 0.002398766987435498, 0.0015735902606457092, 0.002049907422038919, 0.0018356180912170676, 0.0018054808182521864, 0.002084276579963086, 0.0015185158357770726, 0.0024901949159431406)",0.0287940056287186
0.003953156751929814,0.003418175259394323,0.0006421474794232847,"(0.003632152781205786, 0.0031173161779004706, 0.004444321308808692, 0.0025317451946051755, 0.004071604014288148, 0.0027775696832013806, 0.0038654101655902803, 0.002914055582221057, 0.003567273695876339, 0.003128199525303809, 0.003006769676475876, 0.003762923136942246, 0.0033538230725551317, 0.0033851334649311385, 0.0024063669716852952, 0.004699455459043883, 0.0028679978793734275, 0.0039422080792024874, 0.004124437654467235, 0.002764741664208595)",0.8331131238200291
9.093521945801105e-05,9.879205292891648e-05,1.3010417251803952e-05,"(9.72816096485133e-05, 9.87152038421807e-05, 8.301261662699744e-05, 0.00011565889426100342, 9.638200755336661e-05, 9.963190003868447e-05, 0.00010029019605379661, 9.573915529691044e-05, 0.00010607423217030399, 9.04968832614634e-05, 8.724124223932205e-05, 0.00011007186581838739, 7.21432481590861e-05, 0.00013312456394338852, 0.00011005260889815127, 8.726001300780444e-05, 9.725838061756798e-05, 9.873785589924628e-05, 0.00010634565377686609, 9.032292746528888e-05)",-0.6038878937426895
0.0016959798607327327,0.0025214862663127955,0.001613067028325789,"(0.0008550582634047784, 0.005162978481903527, 0.0007445232550717574, 0.004494074236912828, 0.0025721905720892608, 0.0016114369974553706, 0.0022085385125517956, 0.0016411127944669938, 0.0007156206097255492, 0.003749725436979674, 0.006081041646053378, 0.0006884417648156174, 0.0015937039540214926, 0.003117327481535564, 0.0035911256394500633, 0.0012435208176373525, 0.004450094233864386, 0.0009879389277569364, 0.0022892306110083274, 0.0026320410895512517)",-0.5117619981587872
0.014643343338741432,0.018823490851408362,0.007754968289640982,"(0.012021530756463231, 0.026219580154879067, 0.012450802513665008, 0.024134707521196317, 0.016727744771021923, 0.019049014178776393, 0.018925084646011774, 0.01678795535924993, 0.01224814867184823, 0.024046132047510837, 0.02971363582065077, 0.0088752299595709, 0.0096138605257587, 0.031563922426305735, 0.014993740523932741, 0.01876514727781547, 0.008892036556120569, 0.03442196509518293, 0.02451985886084663, 0.012499719361360056)",-0.5390283179172678
0.011944893714547248,0.01275383231974587,0.0064222569122321885,"(0.012847472277296611, 0.010726186138264975, 0.018497118160979837, 0.007031115107856156, 0.010133405320035167, 0.013805406671272174, 0.01406672366976465, 0.009908002988228878, 0.030285417789665318, 0.004199248594654929, 0.009814054445978826, 0.011230265941737842, 0.007912470759207974, 0.016652688594506082, 0.0047565530823284, 0.02508879401447389, 0.016599315190209178, 0.008011794615389218, 0.014046065274671055, 0.009464547758396223)",-0.12595861801446667
0.0075773299915237345,0.010423823435229558,0.005179573325016964,"(0.011938038721998608, 0.007667699635100138, 0.01517324898850001, 0.005704990552344317, 0.00960121571857655, 0.009690676562517769, 0.006254554730382084, 0.014818216433292909, 0.005413340104428869, 0.01566946945408898, 0.0029013946488902153, 0.0252419710993315, 0.011506110092048195, 0.0076264812619218, 0.01654728791328895, 0.004784366631312959, 0.010563602676797202, 0.008370244573825646, 0.010931893350348512, 0.008071665555595908)",-0.5495613760225125
0.0012194071927212713,0.0008732116500106692,0.00043853746754944785,"(0.0006923568019454732, 0.0008911058208097094, 0.0010491323849040615, 0.0005876501155038796, 0.0007556251219701869, 0.0008173500039929094, 0.0011144525567931825, 0.00055380817548588, 0.0010606029109220647, 0.0005805567349444405, 0.0006330627718383387, 0.0009669038474312151, 0.0006374035277009731, 0.0009678670928956327, 0.002015218522044708, 0.00030422225338700825, 0.0019171236289515234, 0.00032122187819253844, 0.000647263355839863, 0.0009513054946597944)",0.789432074402095
0.0006253886180521746,0.0005976734939874772,0.00011436619272326933,"(0.0005448798010494985, 0.0006334882824778514, 0.0005630985267789362, 0.0006127770272267213, 0.0007804552926343043, 0.0004423529052927851, 0.0006319665855301183, 0.0005462567988474381, 0.0004806558241541651, 0.0007177705100154312, 0.0007155437198200714, 0.0004815276013671092, 0.0005922151465847103, 0.0005827230640478894, 0.0008114597899131629, 0.0004248408592421957, 0.0005701061289119829, 0.0006052792887589817, 0.00045102548629911325, 0.0007650472407970753)",0.24233668538533418
0.004101933369427149,0.003019593973420482,0.00031712249719324055,"(0.003192981245267567, 0.002833545906642753, 0.0034636030666896425, 0.0026053510220732045, 0.0028016105111105887, 0.003231606877150487, 0.003201877736447557, 0.0028271424853543517, 0.0032425555910579394, 0.0027801829193343642, 0.0030771865359049753, 0.0029105965123421835, 0.003243220860820748, 0.0027840445634039024, 0.0031328721509987683, 0.0028691404291281944, 0.0024422959808881894, 0.0036985563662574007, 0.0026682405477445096, 0.0033852681597923064)",3.413000987271921
0.0015799357529379511,0.001491873466756802,0.000292500131824743,"(0.0012019568569588042, 0.0017878901583651171, 0.0010343375247322687, 0.0020747997107686015, 0.0017540135723881267, 0.0012256946351658856, 0.0014737795796534881, 0.0014586082794583643, 0.0012626395930335416, 0.0016988311039671448, 0.0011030059490052054, 0.001937464380766089, 0.0014766118446886084, 0.0014538629808368332, 0.001854899415097679, 0.0011543142719842245, 0.0015611112353385067, 0.0013753847271495581, 0.0013125855638852545, 0.0016356779518927347)",0.301067509377785
0.002265429705242292,0.001971441454756311,0.0002698400189770903,"(0.0020919535310433795, 0.001828959486138129, 0.0017468442749411874, 0.002186704963669969, 0.0018865411272546051, 0.002029361494040571, 0.0017439358089977365, 0.0021949584769604597, 0.0021481259324976033, 0.0017771919488115886, 0.001876697534739896, 0.002024068186289152, 0.0022882655652520737, 0.001670108311056251, 0.0019115453604956559, 0.0019919116857646663, 0.0014216110771344789, 0.0026884076057179466, 0.0018073428827010897, 0.0021142938416197927)",1.0894909198436598
0.0021090037252660264,0.0021735713070519416,0.0002946799227695809,"(0.0019517903495828229, 0.0023828410833638108, 0.0019530454625688348, 0.0023778525764863367, 0.0018708385230051452, 0.0024876189792142553, 0.0023585045200646007, 0.001972852882569331, 0.002074059261997724, 0.002237818206774351, 0.001840529341532478, 0.002509096207792003, 0.0020715574101042517, 0.0022429082531459053, 0.002461778940312592, 0.0018800385068049525, 0.002458927197998053, 0.0018892765808243104, 0.0027783405800579884, 0.001671751276839085)",-0.21911089557466232
0.007343221808891027,0.006913263730087136,0.0009946303817000666,"(0.007219378498008615, 0.006528248489066705, 0.007245060735249018, 0.00647633546642139, 0.005672668945267525, 0.008325775379781531, 0.00926471036002729, 0.005094413864319123, 0.007880906582094298, 0.0059430284971511, 0.006678639892682179, 0.006904074225534845, 0.007746261212908872, 0.006066483587409135, 0.006105122882101456, 0.007603838164759994, 0.007188339626102795, 0.006533526923179645, 0.007664770646466217, 0.006123690623210971)",0.4322792533935946
0.015353667404620953,0.012954914056468758,0.002194505269625766,"(0.01554589878917581, 0.01061799659334255, 0.010801831535737893, 0.015153314460870218, 0.013870311167440077, 0.011948504735485975, 0.015218529753362112, 0.010876318127100148, 0.014621134176516344, 0.011156464206138238, 0.01443227142589497, 0.01097155998633205, 0.01315139141587048, 0.012481984836024846, 0.012606505530344253, 0.012722678862174583, 0.014181048697270352, 0.01156271798522191, 0.009019846125061026, 0.018157972720011302)",1.0930724939937189
0.0059314645090537965,0.0059248809301971905,0.0011084411207504168,"(0.004447186977851705, 0.0076697090923174395, 0.004604719951666419, 0.007381066128438551, 0.006461244024010089, 0.005288451313379804, 0.004725102216408819, 0.007227268697654265, 0.004864665141529124, 0.006975828936371027, 0.00554701050335325, 0.006038419429445959, 0.006307693245490113, 0.005395156117251908, 0.00642135935808683, 0.005244915151546423, 0.0063767833620724124, 0.005333069792534925, 0.004320202725504027, 0.007867766439030721)",0.005939493522352267
0.001636255513626788,0.0020100750584342506,0.0005274311059514549,"(0.0023558730139390917, 0.0016095447210741545, 0.0019598445307638093, 0.0019324645438340417, 0.0030921452002910577, 0.0012270317283017195, 0.0025407662796910744, 0.0014930192538749952, 0.0021308720622699165, 0.0017764420338622427, 0.0018983068846346205, 0.00198536611866896, 0.0023790120997351123, 0.0015926545261647337, 0.002933261513426845, 0.0012872423521621036, 0.002684515934108004, 0.0014111035996400975, 0.0021522984790403707, 0.001759736293202057)",-0.7087552110395798
0.003163495020512458,0.0035661307353333396,0.000959945580284531,"(0.002834038966304638, 0.0042168786677845025, 0.0031915329243503675, 0.0037420638879742266, 0.003422152088869387, 0.0034949812738724957, 0.004097526405186876, 0.0029175144021949986, 0.003386936836499155, 0.003522921825790682, 0.004217726870863742, 0.0028158524939676135, 0.003967093790238363, 0.003012003169311717, 0.0030214890993108478, 0.003935941283293369, 0.00181327736578868, 0.0065815711294132835, 0.002682165168019437, 0.0044489470576324144)",-0.4194359795911961
0.00012205078952537171,0.00010049942553886395,2.3166332790762556e-05,"(0.00014516791942848783, 6.621680567064919e-05, 0.00012014714971107013, 8.000697533707474e-05, 0.00011811463934346882, 8.13846516549573e-05, 9.202608281160323e-05, 0.00010445475334626131, 8.722848475570612e-05, 0.00011019719491837201, 9.187735126249111e-05, 0.00010461367322341187, 0.00010524961838890143, 9.1332413897433e-05, 9.29378400557696e-05, 0.0001034204271502284, 0.00011767877941567891, 8.168189455254538e-05, 6.253017554109761e-05, 0.0001537216803120709)",0.9302881116816748
0.00743048228055627,0.006711558472915086,0.0015882129124664803,"(0.005534681335950508, 0.008309583570524305, 0.005575459327059185, 0.008553854502601214, 0.010280974534440617, 0.004730690779712339, 0.005694177517451316, 0.00804557865385688, 0.005444726624802687, 0.007894586018699296, 0.007883694026927878, 0.004375568422594497, 0.009105835592008274, 0.005400205540109789, 0.006253255491379185, 0.00548060634284935, 0.00639102559979653, 0.0063909303523857226, 0.005962947115413964, 0.006922788109738195)",0.45266210971972365
