n:f42it30 corrfield z2:216.0 z1:1368.0 data:neg,"[ 1.51411766e-01  1.51307621e-01  1.51189576e-01  1.51054542e-01
  1.50940398e-01  1.50807973e-01  1.50677733e-01  1.50558018e-01
  1.50442659e-01  1.50342173e-01  1.50242769e-01  1.50119628e-01
  1.49999849e-01  1.49884899e-01  1.49789281e-01  1.49677652e-01
  1.49560336e-01  1.49423454e-01  1.49295525e-01  1.49164136e-01
  1.49067711e-01  1.48996218e-01  1.48911897e-01  1.48855785e-01
  1.48797904e-01  1.48716261e-01  1.48642457e-01  1.48602730e-01
  1.48557701e-01  1.48515680e-01  1.48472427e-01  1.48387828e-01
  1.48327294e-01  1.48298809e-01  1.48255887e-01  1.48229764e-01
  1.48191327e-01  1.48164648e-01  1.48134881e-01  1.48103050e-01
  1.48075539e-01  1.48046393e-01  1.48011127e-01  1.47983709e-01
  1.47964766e-01  1.47939473e-01  1.47903628e-01  1.47890157e-01
  1.47873857e-01  1.47855174e-01  1.47822596e-01  1.47764638e-01
  1.47690642e-01  1.47630931e-01  1.47573099e-01  1.47528181e-01
  1.47494564e-01  1.47452669e-01  1.47416392e-01  1.47371321e-01
  1.47325530e-01  1.47293232e-01  1.47277732e-01  1.47281616e-01
  1.47267553e-01  1.47236521e-01  1.47205891e-01  1.47180550e-01
  1.47182728e-01  1.47180500e-01  1.47179270e-01  1.47213880e-01
  1.47257713e-01  1.47329838e-01  1.47409988e-01  1.47470546e-01
  1.47539788e-01  1.47636426e-01  1.47730380e-01  1.47805108e-01
  1.47890432e-01  1.47960381e-01  1.48029041e-01  1.48127460e-01
  1.48228695e-01  1.48338199e-01  1.48471545e-01  1.48620720e-01
  1.48763810e-01  1.48923333e-01  1.49063192e-01  1.49225174e-01
  1.49390638e-01  1.49572036e-01  1.49746618e-01  1.49929474e-01
  1.50118695e-01  1.50303288e-01  1.50484988e-01  1.50661658e-01
  1.50800112e-01  1.50922776e-01  1.51059274e-01  1.51242031e-01
  1.51447725e-01  1.51664168e-01  1.51895232e-01  1.52120053e-01
  1.52329530e-01  1.52555230e-01  1.52753388e-01  1.52956721e-01
  1.53180624e-01  1.53420219e-01  1.53652609e-01  1.53901294e-01
  1.54180868e-01  1.54471582e-01  1.54743935e-01  1.55033613e-01
  1.55333639e-01  1.55623876e-01  1.55918496e-01  1.56223934e-01
  1.56517278e-01  1.56793908e-01  1.57071639e-01  1.57379942e-01
  1.57688581e-01  1.57992164e-01  1.58308109e-01  1.58617358e-01
  1.58942520e-01  1.59282139e-01  1.59640880e-01  1.59984627e-01
  1.60310372e-01  1.60641105e-01  1.61000349e-01  1.61378043e-01
  1.61759566e-01  1.62135409e-01  1.62492584e-01  1.62848933e-01
  1.63177461e-01  1.63492162e-01  1.63823929e-01  1.64121324e-01
  1.64415298e-01  1.64709318e-01  1.65022846e-01  1.65343943e-01
  1.65656455e-01  1.65967714e-01  1.66300221e-01  1.66618294e-01
  1.66918101e-01  1.67214107e-01  1.67493903e-01  1.67749937e-01
  1.67982912e-01  1.68212572e-01  1.68438165e-01  1.68634051e-01
  1.68837061e-01  1.69018948e-01  1.69204401e-01  1.69373749e-01
  1.69542799e-01  1.69720361e-01  1.69871662e-01  1.70004003e-01
  1.70125034e-01  1.70234337e-01  1.70361554e-01  1.70494078e-01
  1.70646676e-01  1.70787248e-01  1.70884904e-01  1.70965683e-01
  1.71068764e-01  1.71199146e-01  1.71311923e-01  1.71420690e-01
  1.71539305e-01  1.71626991e-01  1.71710405e-01  1.71799107e-01
  1.71867572e-01  1.71918980e-01  1.71968383e-01  1.72028796e-01
  1.72085396e-01  1.72141041e-01  1.72195919e-01  1.72219220e-01
  1.72227268e-01  1.72221066e-01  1.72208462e-01  1.72180507e-01
  1.72153310e-01  1.72123858e-01  1.72103960e-01  1.72037349e-01
  1.71955821e-01  1.71887267e-01  1.71816589e-01  1.71717847e-01
  1.71590782e-01  1.71471211e-01  1.71334728e-01  1.71187529e-01
  1.71036797e-01  1.70873128e-01  1.70679279e-01  1.70473109e-01
  1.70243118e-01  1.70000119e-01  1.69753200e-01  1.69481530e-01
  1.69190544e-01  1.68885349e-01  1.68566692e-01  1.68233106e-01
  1.67904681e-01  1.67552789e-01  1.67190798e-01  1.66827558e-01
  1.66434483e-01  1.66042975e-01  1.65644329e-01  1.65241266e-01
  1.64816964e-01  1.64385722e-01  1.63954679e-01  1.63503096e-01
  1.63046914e-01  1.62597863e-01  1.62139821e-01  1.61664464e-01
  1.61180799e-01  1.60701027e-01  1.60193294e-01  1.59664943e-01
  1.59149697e-01  1.58624781e-01  1.58088321e-01  1.57561235e-01
  1.57009677e-01  1.56452373e-01  1.55912725e-01  1.55391662e-01
  1.54863015e-01  1.54296589e-01  1.53715978e-01  1.53124484e-01
  1.52513980e-01  1.51895760e-01  1.51291281e-01  1.50689984e-01
  1.50086727e-01  1.49483878e-01  1.48868484e-01  1.48237064e-01
  1.47589926e-01  1.46937702e-01  1.46283813e-01  1.45641566e-01
  1.44970813e-01  1.44312008e-01  1.43666159e-01  1.43009116e-01
  1.42363618e-01  1.41720634e-01  1.41061295e-01  1.40384748e-01
  1.39699670e-01  1.39030051e-01  1.38335507e-01  1.37616670e-01
  1.36926210e-01  1.36207983e-01  1.35493237e-01  1.34742870e-01
  1.33973844e-01  1.33229923e-01  1.32478567e-01  1.31723649e-01
  1.30967053e-01  1.30194800e-01  1.29411234e-01  1.28627234e-01
  1.27846178e-01  1.27055373e-01  1.26277250e-01  1.25497249e-01
  1.24726870e-01  1.23935139e-01  1.23136187e-01  1.22346145e-01
  1.21536834e-01  1.20717684e-01  1.19917917e-01  1.19124211e-01
  1.18302686e-01  1.17487781e-01  1.16686167e-01  1.15855227e-01
  1.15031246e-01  1.14216404e-01  1.13358267e-01  1.12488398e-01
  1.11612162e-01  1.10725136e-01  1.09838358e-01  1.08964554e-01
  1.08107231e-01  1.07232461e-01  1.06342626e-01  1.05441035e-01
  1.04540700e-01  1.03638712e-01  1.02740533e-01  1.01843347e-01
  1.00949269e-01  1.00045587e-01  9.91057056e-02  9.81508876e-02
  9.72156893e-02  9.62683612e-02  9.53282666e-02  9.43799904e-02
  9.34282162e-02  9.25001490e-02  9.15526285e-02  9.05825624e-02
  8.96328204e-02  8.86603986e-02  8.76659269e-02  8.66694971e-02
  8.56688873e-02  8.46605952e-02  8.36661126e-02  8.26736579e-02
  8.16686482e-02  8.06398622e-02  7.96001425e-02  7.85437003e-02
  7.75025948e-02  7.64562460e-02  7.54260215e-02  7.43940319e-02
  7.33432415e-02  7.22791944e-02  7.12271565e-02  7.01794411e-02
  6.91084068e-02  6.80169756e-02  6.69304343e-02  6.58310953e-02
  6.47267947e-02  6.36316794e-02  6.25262237e-02  6.14358862e-02
  6.03704577e-02  5.93033626e-02  5.82302853e-02  5.71422535e-02
  5.60135968e-02  5.48795563e-02  5.37480373e-02  5.26337454e-02
  5.15255373e-02  5.03963273e-02  4.92771331e-02  4.81421074e-02
  4.69996431e-02  4.58766665e-02  4.47670373e-02  4.36674452e-02
  4.25566003e-02  4.14164524e-02  4.02867049e-02  3.91460288e-02
  3.80332896e-02  3.69224150e-02  3.57935471e-02  3.46689130e-02
  3.35525183e-02  3.24358557e-02  3.13214061e-02  3.02593062e-02
  2.91988849e-02  2.81373081e-02  2.70858928e-02  2.60285056e-02
  2.49615567e-02  2.38522420e-02  2.27657573e-02  2.16954631e-02
  2.06136813e-02  1.95356384e-02  1.84650230e-02  1.74252535e-02
  1.64052710e-02  1.54267339e-02  1.44766960e-02  1.35108123e-02
  1.25304924e-02  1.15334641e-02  1.05463838e-02  9.54778835e-03
  8.56965338e-03  7.63441429e-03  6.71237326e-03  5.78660839e-03
  4.87784439e-03  3.97668008e-03  3.05999802e-03  2.16086014e-03
  1.25419332e-03  3.69399191e-04 -5.08326361e-04 -1.36870484e-03
 -2.22479731e-03 -3.05159275e-03 -3.88596483e-03 -4.70508898e-03
 -5.52685364e-03 -6.33823325e-03 -7.11765185e-03 -7.89264469e-03
 -8.64591024e-03 -9.35269589e-03 -1.00504509e-02 -1.07560996e-02
 -1.14173071e-02 -1.20733026e-02 -1.27127727e-02 -1.33459308e-02
 -1.39631562e-02 -1.45805836e-02 -1.51675933e-02 -1.57490757e-02
 -1.63215988e-02 -1.68732489e-02 -1.73780540e-02 -1.78580018e-02
 -1.83326653e-02 -1.87851067e-02 -1.92190094e-02 -1.96582457e-02
 -2.00939802e-02 -2.05376390e-02 -2.09580110e-02 -2.13696079e-02
 -2.17678425e-02 -2.21421745e-02 -2.25122983e-02 -2.28543813e-02
 -2.31659706e-02 -2.34561979e-02 -2.37490343e-02 -2.40429820e-02
 -2.43370238e-02 -2.45758694e-02 -2.48050393e-02 -2.50374414e-02
 -2.52692406e-02 -2.54994553e-02 -2.57143792e-02 -2.59309704e-02
 -2.61313214e-02 -2.63167045e-02 -2.64905088e-02 -2.66559080e-02
 -2.68034570e-02 -2.69428131e-02 -2.70833115e-02 -2.72044136e-02
 -2.72839837e-02 -2.73322848e-02 -2.73806729e-02 -2.74121946e-02
 -2.74251304e-02 -2.74153551e-02 -2.73768421e-02 -2.73339091e-02
 -2.72854689e-02 -2.72326408e-02 -2.71760418e-02 -2.71303009e-02
 -2.70770693e-02 -2.70222991e-02 -2.69345333e-02 -2.68331160e-02
 -2.67124150e-02 -2.65820728e-02 -2.64419029e-02 -2.62697147e-02
 -2.60973905e-02 -2.59293053e-02 -2.57429313e-02 -2.55704785e-02
 -2.53981825e-02 -2.52068585e-02 -2.49979067e-02 -2.47616516e-02
 -2.45078728e-02 -2.42207588e-02 -2.39143085e-02 -2.35854985e-02
 -2.32417895e-02 -2.28914039e-02 -2.25232905e-02 -2.21649600e-02
 -2.18039828e-02 -2.14212007e-02 -2.10099686e-02 -2.05848686e-02
 -2.01388120e-02 -1.97021187e-02 -1.92609181e-02 -1.87914762e-02
 -1.82895686e-02 -1.77549743e-02 -1.71954519e-02 -1.66336980e-02
 -1.60942007e-02 -1.55518151e-02 -1.49592619e-02 -1.43661372e-02
 -1.37762076e-02 -1.31648733e-02 -1.25377381e-02 -1.18845650e-02
 -1.12002850e-02 -1.05323029e-02 -9.82068560e-03 -9.09230296e-03
 -8.37672444e-03 -7.66333570e-03 -6.92674099e-03 -6.17774529e-03
 -5.42938387e-03 -4.68353716e-03 -3.93655131e-03 -3.17722508e-03
 -2.42305660e-03 -1.65691941e-03 -8.79369156e-04 -7.80130060e-05
  7.06367286e-04  1.49253726e-03  2.30924577e-03  3.14290431e-03
  3.99443875e-03  4.82217963e-03  5.65504808e-03  6.48490455e-03
  7.31862428e-03  8.16469837e-03  9.02743117e-03  9.88318282e-03
  1.07585462e-02  1.16429372e-02  1.25559170e-02  1.34510308e-02
  1.43432502e-02  1.52653570e-02  1.61613101e-02  1.70293108e-02
  1.78916598e-02  1.87683272e-02  1.96611960e-02  2.05485810e-02
  2.14335783e-02  2.23437489e-02  2.32648521e-02  2.41653650e-02
  2.50401191e-02  2.58969769e-02  2.67529919e-02  2.76211880e-02
  2.84728421e-02  2.93389807e-02  3.01783649e-02  3.10356854e-02
  3.18716319e-02  3.27166686e-02  3.35639119e-02  3.43872496e-02
  3.52043826e-02  3.60383126e-02  3.68757412e-02  3.77175762e-02
  3.85318686e-02  3.93306820e-02  4.01484102e-02  4.09434114e-02
  4.17455065e-02  4.25546922e-02  4.33464818e-02  4.41217194e-02
  4.48795732e-02  4.56236293e-02  4.63485147e-02  4.70934564e-02
  4.78439488e-02  4.85737724e-02  4.93078029e-02  5.00146676e-02
  5.07175811e-02  5.14204886e-02  5.21366310e-02  5.28171569e-02
  5.34879955e-02  5.41602726e-02  5.48328600e-02  5.55151306e-02
  5.62063445e-02  5.68998546e-02  5.75955130e-02  5.82863375e-02
  5.89256374e-02  5.95639984e-02  6.01934945e-02  6.07997136e-02
  6.14035723e-02  6.19787096e-02  6.25572746e-02  6.31493028e-02
  6.37044657e-02  6.42503866e-02  6.47973477e-02  6.53374211e-02
  6.58610752e-02  6.63584805e-02  6.68628376e-02  6.73771492e-02
  6.78621759e-02  6.83383550e-02  6.88279468e-02  6.93307995e-02
  6.98284693e-02  7.03160140e-02  7.07940958e-02  7.12314327e-02
  7.16464152e-02  7.20619670e-02  7.24581526e-02  7.28328129e-02
  7.32188610e-02  7.35961846e-02  7.39523630e-02  7.43300547e-02
  7.46861927e-02  7.50136113e-02  7.53381899e-02  7.56668548e-02
  7.59944443e-02  7.63290444e-02  7.66375037e-02  7.69326749e-02
  7.72298935e-02  7.75239470e-02  7.77880499e-02  7.80498311e-02
  7.83209971e-02  7.85699798e-02  7.87869011e-02  7.90141834e-02
  7.92528055e-02  7.94894046e-02  7.97205753e-02  7.99011728e-02
  8.00591411e-02  8.02361835e-02  8.04093027e-02  8.05774558e-02
  8.07526929e-02  8.09099679e-02  8.10779433e-02  8.12241475e-02
  8.13704578e-02  8.14928665e-02  8.16305415e-02  8.17556186e-02
  8.19004775e-02  8.20604455e-02  8.21985621e-02  8.23068093e-02
  8.24114438e-02  8.25182890e-02  8.26359808e-02  8.27503687e-02
  8.28636960e-02  8.29780578e-02  8.30863979e-02  8.31897679e-02
  8.32688132e-02  8.33421746e-02  8.34244618e-02  8.34820620e-02
  8.35207122e-02  8.35480120e-02  8.35644127e-02  8.35574028e-02
  8.35552256e-02  8.35582152e-02  8.35593934e-02  8.35373368e-02
  8.35428349e-02  8.35427637e-02  8.35424829e-02  8.35202269e-02
  8.34905708e-02  8.34732009e-02  8.34429349e-02  8.34052091e-02
  8.33624693e-02  8.32811567e-02  8.31745350e-02  8.30589604e-02
  8.29445891e-02  8.28209440e-02  8.26964580e-02  8.25635084e-02
  8.24146809e-02  8.22327623e-02  8.20301825e-02  8.18488992e-02
  8.16540466e-02  8.14665666e-02  8.12750552e-02  8.10918876e-02
  8.09138996e-02  8.07299605e-02  8.05303474e-02  8.03214450e-02
  8.00905511e-02  7.98472862e-02  7.96080838e-02  7.93736613e-02
  7.91487942e-02  7.89011154e-02  7.86254607e-02  7.83459621e-02
  7.80566393e-02  7.77621375e-02  7.74570812e-02  7.71363405e-02
  7.68188801e-02  7.65109048e-02  7.61651434e-02  7.58136266e-02
  7.54604088e-02  7.51016075e-02  7.47425339e-02  7.43755346e-02
  7.40209580e-02  7.36767407e-02  7.33165438e-02  7.29598786e-02
  7.25943330e-02  7.22161751e-02  7.18465913e-02  7.14574117e-02
  7.10611060e-02  7.06808850e-02  7.02896061e-02  6.99009580e-02
  6.95082736e-02  6.91123116e-02  6.87315421e-02  6.83481251e-02
  6.79663737e-02  6.75901035e-02  6.72075721e-02  6.68206265e-02
  6.64363103e-02  6.60555883e-02  6.56646255e-02  6.52948520e-02
  6.49144511e-02  6.45223299e-02  6.41125712e-02  6.37001692e-02
  6.32681052e-02  6.28420064e-02  6.24047533e-02  6.19581068e-02
  6.15010170e-02  6.10407689e-02  6.05989478e-02  6.01716124e-02
  5.97381633e-02  5.93233610e-02  5.89154089e-02  5.85096523e-02
  5.80978192e-02  5.76671151e-02  5.72445979e-02  5.68372463e-02
  5.64207176e-02  5.59947276e-02  5.55902157e-02  5.52027498e-02
  5.48232327e-02  5.44513223e-02  5.40581609e-02  5.36790488e-02
  5.33107238e-02  5.29637843e-02  5.26116202e-02  5.22652034e-02
  5.19004571e-02  5.15240655e-02  5.11348857e-02  5.07849969e-02
  5.04433241e-02  5.00904821e-02  4.97358900e-02  4.93575983e-02
  4.90017773e-02  4.86888381e-02  4.83844280e-02  4.80746238e-02
  4.77856564e-02  4.74947335e-02  4.72047847e-02  4.69254644e-02
  4.66910785e-02  4.64509636e-02  4.62099724e-02  4.59841551e-02
  4.57714721e-02  4.55760188e-02  4.53635621e-02  4.51645536e-02
  4.49859769e-02  4.48018636e-02  4.46358379e-02  4.44855283e-02
  4.43397242e-02  4.42145958e-02  4.40928775e-02  4.39818626e-02
  4.38635727e-02  4.37484056e-02  4.36564173e-02  4.35786498e-02
  4.34982140e-02  4.34200711e-02  4.33592879e-02  4.33140798e-02
  4.32779238e-02  4.32539593e-02  4.32430914e-02  4.32109989e-02
  4.31909169e-02  4.31766459e-02  4.31603884e-02  4.31652253e-02
  4.31926793e-02  4.32234835e-02  4.32742896e-02  4.33617299e-02
  4.34536034e-02  4.35543786e-02  4.36371817e-02  4.36963105e-02
  4.37564406e-02  4.38422159e-02  4.39467895e-02  4.40725132e-02
  4.41959450e-02  4.43522344e-02  4.45215298e-02  4.47066301e-02
  4.48885416e-02  4.50938784e-02  4.52801527e-02  4.54502877e-02
  4.56681246e-02  4.59103889e-02  4.61601065e-02  4.64217472e-02
  4.66916499e-02  4.69813515e-02  4.72963556e-02  4.75986341e-02
  4.78958336e-02  4.82150762e-02  4.85409838e-02  4.88649656e-02
  4.91885303e-02  4.95402782e-02  4.98880527e-02  5.02234354e-02
  5.05653415e-02  5.08814799e-02  5.12231180e-02  5.15578880e-02
  5.19038571e-02  5.22377840e-02  5.25906280e-02  5.29658630e-02
  5.33677176e-02  5.37919932e-02  5.42087456e-02  5.46474672e-02
  5.50880001e-02  5.55106876e-02  5.59471196e-02  5.63728757e-02
  5.68159633e-02  5.72799165e-02  5.77493649e-02  5.82132371e-02
  5.86974074e-02  5.91773931e-02  5.96411021e-02  6.01095749e-02
  6.05751466e-02  6.10324592e-02  6.14731752e-02  6.19358937e-02
  6.23870838e-02  6.28094364e-02  6.32562197e-02  6.37036720e-02
  6.41809174e-02  6.46478238e-02  6.51025917e-02  6.55592101e-02
  6.60426102e-02  6.65343286e-02  6.70402712e-02  6.75364279e-02
  6.80416977e-02  6.85398155e-02  6.90342830e-02  6.95618796e-02
  7.01046271e-02  7.06406968e-02  7.11655776e-02  7.16924433e-02
  7.22086134e-02  7.27417168e-02  7.32799615e-02  7.38193829e-02
  7.43362812e-02  7.48468213e-02  7.53528873e-02  7.58696185e-02
  7.63678089e-02  7.68732649e-02  7.74014858e-02  7.79093518e-02
  7.84008778e-02  7.88960946e-02  7.93748995e-02  7.98576729e-02
  8.03294874e-02  8.08032418e-02  8.13235918e-02  8.18766325e-02
  8.24420003e-02  8.29903692e-02  8.35558213e-02  8.41120600e-02
  8.46608554e-02  8.52004589e-02  8.57131339e-02  8.62625218e-02
  8.67903768e-02  8.73177275e-02  8.78402641e-02  8.83584401e-02
  8.88720506e-02  8.93973153e-02  8.99131194e-02  9.04496442e-02
  9.09900211e-02  9.15357217e-02  9.20844639e-02  9.26188682e-02
  9.31835426e-02  9.37541650e-02  9.43317773e-02  9.48828414e-02
  9.54436718e-02  9.60389814e-02  9.66382932e-02  9.72446342e-02
  9.78550711e-02  9.84165520e-02  9.89867451e-02  9.95399125e-02
  1.00077843e-01  1.00633472e-01  1.01223668e-01  1.01786043e-01
  1.02311159e-01  1.02832969e-01  1.03393760e-01  1.03972303e-01
  1.04565035e-01  1.05172928e-01  1.05777079e-01  1.06378134e-01
  1.06984945e-01  1.07615180e-01  1.08210086e-01  1.08790490e-01
  1.09362249e-01  1.09939327e-01  1.10530770e-01  1.11120117e-01
  1.11693756e-01  1.12255893e-01  1.12797201e-01  1.13326561e-01
  1.13867564e-01  1.14419472e-01  1.14996323e-01  1.15548150e-01
  1.16088347e-01  1.16602106e-01  1.17116326e-01  1.17642783e-01
  1.18183950e-01  1.18733624e-01  1.19268493e-01  1.19815479e-01
  1.20365721e-01  1.20908845e-01  1.21461264e-01  1.22012005e-01
  1.22537624e-01  1.23062169e-01  1.23615663e-01  1.24184298e-01
  1.24747345e-01  1.25281921e-01  1.25801804e-01  1.26322261e-01
  1.26829122e-01  1.27302851e-01  1.27777006e-01  1.28273770e-01
  1.28767095e-01  1.29272585e-01  1.29747560e-01  1.30204243e-01
  1.30648669e-01  1.31086218e-01  1.31533923e-01  1.32033689e-01
  1.32547041e-01  1.33067209e-01  1.33579458e-01  1.34089126e-01
  1.34577228e-01  1.35075678e-01  1.35583612e-01  1.36082148e-01
  1.36572903e-01  1.37040905e-01  1.37520535e-01  1.37988718e-01
  1.38434729e-01  1.38889881e-01  1.39342804e-01  1.39795439e-01
  1.40280424e-01  1.40755994e-01  1.41218549e-01  1.41663158e-01
  1.42115069e-01  1.42576850e-01  1.43055361e-01  1.43525818e-01
  1.43979963e-01  1.44423948e-01  1.44870004e-01  1.45314612e-01
  1.45743593e-01  1.46196255e-01  1.46647628e-01  1.47075779e-01
  1.47478115e-01  1.47889932e-01  1.48302820e-01  1.48707259e-01
  1.49106554e-01  1.49522914e-01  1.49935209e-01  1.50338311e-01
  1.50731963e-01  1.51098210e-01  1.51436266e-01  1.51760433e-01
  1.52102653e-01  1.52459172e-01  1.52840491e-01  1.53233471e-01
  1.53640485e-01  1.54035462e-01  1.54423551e-01  1.54805768e-01
  1.55168007e-01  1.55513370e-01  1.55883897e-01  1.56258674e-01
  1.56617156e-01  1.56985010e-01  1.57331430e-01  1.57657656e-01
  1.57983607e-01  1.58319082e-01  1.58652628e-01  1.58952530e-01
  1.59247235e-01  1.59553904e-01  1.59851697e-01  1.60131448e-01
  1.60383126e-01  1.60618482e-01  1.60870125e-01  1.61097292e-01
  1.61307940e-01  1.61517361e-01  1.61749996e-01  1.61983305e-01
  1.62195688e-01  1.62397265e-01  1.62581673e-01  1.62765027e-01
  1.62955888e-01  1.63124607e-01  1.63312777e-01  1.63469867e-01
  1.63617656e-01  1.63774084e-01  1.63903588e-01  1.64046765e-01
  1.64205653e-01  1.64378646e-01  1.64545338e-01  1.64727874e-01
  1.64897789e-01  1.65068734e-01  1.65265105e-01  1.65471620e-01
  1.65657899e-01  1.65819416e-01  1.65972192e-01  1.66134365e-01
  1.66289639e-01  1.66440824e-01  1.66601014e-01  1.66761845e-01
  1.66907804e-01  1.67040948e-01  1.67152118e-01  1.67251550e-01
  1.67365158e-01  1.67463780e-01  1.67552296e-01  1.67646611e-01
  1.67739345e-01  1.67819212e-01  1.67891761e-01  1.67981746e-01
  1.68069029e-01  1.68133761e-01  1.68198304e-01  1.68232859e-01
  1.68265387e-01  1.68302935e-01  1.68355286e-01  1.68398428e-01
  1.68431542e-01  1.68467366e-01  1.68522315e-01  1.68581328e-01
  1.68625666e-01  1.68670501e-01  1.68693659e-01  1.68693904e-01
  1.68686719e-01  1.68680222e-01  1.68676155e-01  1.68687136e-01
  1.68689787e-01  1.68672616e-01  1.68674213e-01  1.68681159e-01
  1.68686896e-01  1.68684602e-01  1.68686457e-01  1.68684356e-01
  1.68642409e-01  1.68599039e-01  1.68574734e-01  1.68560599e-01
  1.68538686e-01  1.68526788e-01  1.68520147e-01  1.68492760e-01
  1.68457186e-01  1.68405383e-01  1.68349092e-01  1.68281523e-01
  1.68223772e-01  1.68162281e-01  1.68101354e-01  1.68045762e-01
  1.67980084e-01  1.67911844e-01  1.67867755e-01  1.67823301e-01
  1.67757462e-01  1.67706234e-01  1.67657836e-01  1.67619162e-01
  1.67575541e-01  1.67526346e-01  1.67480276e-01  1.67406921e-01
  1.67337125e-01  1.67265586e-01  1.67197176e-01  1.67128820e-01
  1.67058918e-01  1.66976038e-01  1.66881615e-01  1.66779932e-01
  1.66684342e-01  1.66611557e-01  1.66536579e-01  1.66447525e-01
  1.66336754e-01  1.66226283e-01  1.66128223e-01  1.66037362e-01
  1.65945483e-01  1.65849676e-01  1.65739319e-01  1.65635549e-01
  1.65525472e-01  1.65406983e-01  1.65291220e-01  1.65184163e-01
  1.65083170e-01  1.64975380e-01  1.64853445e-01  1.64737444e-01
  1.64621269e-01  1.64518202e-01  1.64413032e-01  1.64320624e-01
  1.64235548e-01  1.64154953e-01  1.64065424e-01  1.63995094e-01
  1.63932569e-01  1.63859047e-01  1.63774416e-01  1.63695292e-01
  1.63623313e-01  1.63532842e-01  1.63427440e-01  1.63322472e-01
  1.63242764e-01  1.63183779e-01  1.63099201e-01  1.63026024e-01
  1.62933549e-01  1.62835070e-01  1.62758587e-01  1.62645906e-01
  1.62500269e-01  1.62335776e-01  1.62162795e-01  1.61989092e-01
  1.61849982e-01  1.61707977e-01  1.61553876e-01  1.61415770e-01
  1.61296062e-01  1.61150858e-01  1.60992890e-01  1.60845468e-01
  1.60711882e-01  1.60587806e-01  1.60468341e-01  1.60359174e-01
  1.60252605e-01  1.60135658e-01  1.60031709e-01  1.59941292e-01
  1.59833442e-01  1.59709189e-01  1.59610914e-01  1.59464441e-01
  1.59302991e-01  1.59164842e-01  1.59034052e-01  1.58928817e-01
  1.58812352e-01  1.58676359e-01  1.58543545e-01  1.58394817e-01
  1.58220165e-01  1.58041775e-01  1.57886796e-01  1.57762073e-01
  1.57619869e-01  1.57501658e-01  1.57391916e-01  1.57284000e-01
  1.57195902e-01  1.57079695e-01  1.56946670e-01  1.56823569e-01
  1.56684159e-01  1.56555230e-01  1.56432920e-01  1.56296977e-01
  1.56153626e-01  1.56008254e-01  1.55864062e-01  1.55726459e-01
  1.55609173e-01  1.55479755e-01  1.55350524e-01  1.55222821e-01
  1.55104256e-01  1.54963221e-01  1.54807322e-01  1.54675431e-01
  1.54546763e-01  1.54433193e-01  1.54339443e-01  1.54252266e-01
  1.54141848e-01  1.54017302e-01  1.53898343e-01  1.53763657e-01
  1.53639402e-01  1.53511361e-01  1.53366756e-01  1.53222108e-01
  1.53109371e-01  1.52991500e-01  1.52881701e-01  1.52775210e-01
  1.52659781e-01  1.52530962e-01  1.52391615e-01  1.52263586e-01
  1.52134050e-01  1.51969090e-01  1.51811090e-01  1.51649928e-01
  1.51525786e-01]","[0.10001886 0.09992896 0.09982688 0.09970904 0.0995923  0.09949884
 0.09940764 0.09932405 0.09924289 0.09916012 0.09906939 0.09897696
 0.09887335 0.09876708 0.09867497 0.09859159 0.09848156 0.09836208
 0.09824561 0.09811077 0.09797154 0.09782864 0.09770083 0.09758402
 0.09747839 0.09739008 0.09729253 0.09720038 0.09712215 0.09703904
 0.09695766 0.09687581 0.09680091 0.09672014 0.0966455  0.09656342
 0.09647808 0.09638169 0.09627923 0.09616936 0.09606041 0.09595399
 0.09586033 0.0957602  0.09566145 0.09556141 0.09546469 0.09536053
 0.09526837 0.09518727 0.0951133  0.09503916 0.0949772  0.0949178
 0.09486739 0.09481849 0.09475812 0.09469748 0.09464049 0.09458592
 0.09454059 0.09451608 0.09446331 0.09437078 0.09427115 0.09415569
 0.09403428 0.09391031 0.09378636 0.09367244 0.0935597  0.09343389
 0.09330194 0.09316429 0.09302716 0.09288603 0.09272143 0.09253728
 0.09236349 0.09219513 0.09203935 0.09189991 0.09175406 0.09161608
 0.09147248 0.09131982 0.09117196 0.09102085 0.09086125 0.09069878
 0.09054774 0.09038409 0.0902129  0.09006015 0.08992911 0.08979266
 0.08967653 0.08955444 0.08943782 0.089324   0.08923613 0.08915506
 0.08905179 0.08894231 0.08882916 0.08871037 0.08859821 0.0884812
 0.08835762 0.08822507 0.08808952 0.08795499 0.08782153 0.0876957
 0.08757706 0.0874618  0.0873524  0.08724236 0.08713193 0.08699953
 0.08688256 0.08679731 0.08671567 0.08661735 0.08652456 0.08642447
 0.08633587 0.08626003 0.08618455 0.08611112 0.0860228  0.08593462
 0.08584832 0.0857534  0.08563394 0.08551683 0.08542342 0.08531878
 0.08518731 0.08504202 0.08488875 0.08471661 0.08454768 0.08438654
 0.08421912 0.08403766 0.08384954 0.0836771  0.08349877 0.08331608
 0.08312254 0.08292307 0.082697   0.08246382 0.08223678 0.08201061
 0.08177294 0.08152727 0.0812845  0.08104213 0.08083685 0.08064882
 0.08047963 0.08032682 0.0801761  0.08002972 0.07989341 0.0797704
 0.07965597 0.07953089 0.07941367 0.07932246 0.07922353 0.07912774
 0.07902907 0.07891432 0.07881192 0.07871338 0.07862417 0.07854013
 0.07845521 0.07837829 0.07831185 0.07824633 0.07817538 0.07811883
 0.07806883 0.07802114 0.07798125 0.07795867 0.07794965 0.07795389
 0.07795545 0.07795471 0.07795495 0.07798571 0.07803748 0.07808626
 0.07813781 0.07819877 0.07826638 0.07834172 0.0784357  0.07853642
 0.07864635 0.07875525 0.07886016 0.07897267 0.07906587 0.07915194
 0.07925956 0.07938533 0.07950511 0.07961081 0.07970837 0.07981922
 0.07992262 0.08002019 0.08012937 0.08024808 0.0803688  0.0804906
 0.08058516 0.08067799 0.08077171 0.08088034 0.08099004 0.08108645
 0.08118622 0.08129786 0.08142499 0.08155345 0.0816728  0.081783
 0.08187818 0.08195725 0.08202441 0.0820752  0.08213446 0.08219468
 0.08224855 0.08228735 0.08233485 0.08239279 0.08242909 0.08247866
 0.0825382  0.08258878 0.08263053 0.08266944 0.08272042 0.08276731
 0.08280172 0.082834   0.08287598 0.0829236  0.08296158 0.08298822
 0.08300445 0.0830113  0.08300831 0.0829959  0.0829618  0.08293672
 0.08290837 0.08287824 0.0828688  0.08285644 0.08285886 0.08286819
 0.08288918 0.08291073 0.08293681 0.08295036 0.08295646 0.08297193
 0.08300684 0.08306898 0.08313841 0.08321464 0.08328643 0.08335233
 0.08341716 0.0834865  0.08355392 0.08360076 0.08363804 0.08369977
 0.08377672 0.08383711 0.08390216 0.08395246 0.08399989 0.08403287
 0.08405276 0.08409779 0.08415785 0.08420909 0.08425195 0.08428561
 0.08432917 0.08437229 0.08441295 0.08444159 0.08444778 0.08444892
 0.08444315 0.08446363 0.08448111 0.08449029 0.08449245 0.0844762
 0.08445139 0.08441768 0.0843866  0.08434793 0.08432015 0.08429745
 0.08425581 0.08420759 0.0841705  0.08413461 0.08407377 0.08398154
 0.08388483 0.08380941 0.08374559 0.08368034 0.08362346 0.08356837
 0.08347798 0.08338507 0.08331686 0.08326131 0.08321705 0.08316636
 0.08310832 0.08306393 0.08302956 0.08299706 0.08295316 0.08291053
 0.08287457 0.08284595 0.08282659 0.08279516 0.08275518 0.08271472
 0.08265951 0.08260711 0.08254964 0.08248929 0.08242253 0.08237311
 0.08232388 0.08226543 0.08221903 0.08217786 0.08214158 0.08211084
 0.08207299 0.08204358 0.08202806 0.08198662 0.08192801 0.08188929
 0.0818602  0.08183465 0.08182459 0.08182107 0.08181693 0.08181508
 0.08181169 0.08182501 0.08186627 0.08192405 0.08197363 0.0820246
 0.08208584 0.08214977 0.08222466 0.08231238 0.082401   0.08248867
 0.08257013 0.08265509 0.08273851 0.08281611 0.08288455 0.08294656
 0.08301319 0.08308255 0.08316311 0.08325465 0.08334634 0.08342503
 0.08348717 0.08354399 0.08360965 0.08368645 0.08374621 0.08381377
 0.08388936 0.08396245 0.08402715 0.08407093 0.0841314  0.08421458
 0.08430737 0.08440233 0.08451072 0.08462053 0.08472967 0.08482382
 0.08490703 0.0849599  0.08500426 0.08506249 0.08512446 0.08519133
 0.08525594 0.08529865 0.08534861 0.08542319 0.0855165  0.0856174
 0.08571309 0.08579935 0.08588822 0.08598022 0.08606552 0.08615323
 0.08623496 0.08629863 0.08637504 0.08645837 0.08649572 0.08653362
 0.08657921 0.08662696 0.08668072 0.08671656 0.0867558  0.08679207
 0.0868083  0.08683592 0.08688474 0.08693692 0.08696277 0.08699542
 0.08703244 0.08708239 0.08716414 0.08726842 0.08736562 0.08745943
 0.0875471  0.08762216 0.08770716 0.08779105 0.08787316 0.08794656
 0.08799968 0.08804977 0.08810861 0.08814788 0.08819711 0.08823338
 0.08823165 0.08824247 0.08826492 0.0882852  0.0882991  0.088298
 0.08832148 0.0883561  0.08839102 0.0884424  0.08848461 0.08852297
 0.08854955 0.08854488 0.08856498 0.08859709 0.0886252  0.08864302
 0.0886531  0.08867456 0.08868677 0.08870785 0.0887339  0.08876898
 0.08881385 0.08884457 0.08884692 0.08885831 0.08887657 0.08889275
 0.08891479 0.08892025 0.08893098 0.08894933 0.08894728 0.08892608
 0.08889178 0.08884974 0.08881097 0.08878642 0.08876528 0.08873667
 0.08870593 0.08867985 0.08866566 0.08864431 0.08861223 0.08858773
 0.08856322 0.0885335  0.08852473 0.08851963 0.08852525 0.08855613
 0.08859998 0.08863017 0.08867584 0.08871154 0.08874894 0.08879891
 0.08884976 0.08889289 0.08893726 0.08899753 0.0890643  0.08913528
 0.08922595 0.08931912 0.08941576 0.08952694 0.08962084 0.08971522
 0.08983024 0.08996093 0.09009389 0.0901964  0.09027975 0.09035106
 0.09042051 0.09049426 0.09056125 0.09061086 0.0906418  0.09064812
 0.09064451 0.09063537 0.09061084 0.0905865  0.09054253 0.09049488
 0.09042071 0.09036049 0.09031356 0.09026334 0.09016984 0.09006516
 0.08996202 0.08985087 0.08973376 0.08960803 0.08948456 0.08938465
 0.0893127  0.08925569 0.08918012 0.08908631 0.08897261 0.08887983
 0.08878785 0.08868869 0.08857279 0.08845278 0.08835106 0.08826005
 0.0881764  0.08806902 0.08796743 0.08785238 0.08776368 0.08767016
 0.08759292 0.08750729 0.08741726 0.08733134 0.08722698 0.08708597
 0.08695187 0.08680791 0.08667316 0.08656804 0.08645009 0.08634702
 0.08624927 0.08616381 0.08609824 0.08604016 0.08599175 0.08594874
 0.08588662 0.0858255  0.08578193 0.08575571 0.08572015 0.08568865
 0.08564659 0.08558875 0.08551912 0.08546498 0.08541179 0.08537213
 0.08534882 0.08534542 0.08532324 0.08530987 0.08530903 0.085307
 0.08530519 0.08532083 0.08534104 0.0853712  0.08539929 0.08543591
 0.08547034 0.08548406 0.08552062 0.08554852 0.08554049 0.0855276
 0.08551883 0.08552095 0.08551393 0.08550158 0.08549872 0.08549834
 0.08546005 0.08538955 0.08530687 0.08522717 0.08514034 0.08507127
 0.08498646 0.08490195 0.08483288 0.08478529 0.0847401  0.08470584
 0.08467361 0.08464254 0.08460917 0.08456676 0.08451311 0.08446776
 0.08443788 0.08440315 0.08436956 0.08434309 0.08430642 0.08424921
 0.08418835 0.08412769 0.08407808 0.08401931 0.08396283 0.08389374
 0.08382205 0.0837436  0.08367309 0.08360641 0.08353503 0.08347004
 0.08339149 0.08331499 0.08324366 0.08316927 0.08310262 0.0830474
 0.08300164 0.08296761 0.08293154 0.08289695 0.08285205 0.08280283
 0.08276146 0.0827409  0.08272496 0.08271906 0.0827327  0.08274685
 0.08275688 0.08276802 0.08278191 0.08278299 0.08281125 0.08284611
 0.08287892 0.08291841 0.08296395 0.08300852 0.08307276 0.08314706
 0.08322259 0.08327886 0.0833265  0.08339777 0.08349729 0.08360771
 0.08374105 0.08386896 0.08398694 0.08409853 0.08421465 0.0843246
 0.08445978 0.08459117 0.08470409 0.0848093  0.08493223 0.0850699
 0.08521692 0.0853721  0.08550286 0.08560273 0.08570525 0.08579834
 0.08587723 0.08593713 0.08600572 0.08605861 0.08609495 0.08611834
 0.08614744 0.08619149 0.08624665 0.08632331 0.08641625 0.08649661
 0.08657553 0.08668406 0.08680475 0.08690267 0.08699638 0.08709627
 0.08718302 0.08726402 0.08734088 0.08741361 0.0874823  0.08753346
 0.08756978 0.08761538 0.08767482 0.0877526  0.08782911 0.08788253
 0.08791317 0.08791582 0.08791193 0.08791392 0.0879272  0.08796073
 0.08797701 0.08797473 0.08795707 0.08793496 0.08790999 0.08787227
 0.08782728 0.08778922 0.08778168 0.0877877  0.08777951 0.08776987
 0.08778663 0.08780223 0.08781299 0.08783601 0.08785006 0.08784677
 0.08784018 0.08782794 0.08783484 0.08784273 0.08784822 0.08782052
 0.08777324 0.08775145 0.08771799 0.08764529 0.08755842 0.087453
 0.08734986 0.08726596 0.08716278 0.08704558 0.08692555 0.08681693
 0.08671578 0.08660393 0.08650075 0.08640787 0.08631576 0.08622745
 0.08615079 0.08609068 0.08606589 0.08606349 0.0860358  0.08598336
 0.08593387 0.08587761 0.08582332 0.08575598 0.08566168 0.08557118
 0.08549022 0.08540784 0.085306   0.08519297 0.08508265 0.08497995
 0.08488237 0.08481972 0.08479428 0.08476429 0.08471029 0.08466342
 0.08461532 0.08455974 0.08449483 0.08444656 0.08439252 0.08430934
 0.08422893 0.08414485 0.08405592 0.08395638 0.08384195 0.083749
 0.08368702 0.08364244 0.08358315 0.08350234 0.08342697 0.08337338
 0.08332259 0.08327049 0.08322107 0.08316234 0.08308221 0.08297306
 0.0828582  0.08272171 0.08258782 0.08247378 0.08236002 0.08224387
 0.08213033 0.08200196 0.08187501 0.0817636  0.08164645 0.08152318
 0.08141586 0.08132135 0.08122752 0.08114048 0.08106099 0.08097773
 0.08092258 0.08087738 0.08082935 0.08077659 0.0807265  0.08067409
 0.08062724 0.08058203 0.0805484  0.08051409 0.08049437 0.08048502
 0.08046798 0.08043783 0.08041184 0.08041236 0.08043674 0.08048465
 0.08054453 0.08061919 0.08070165 0.08076285 0.08079045 0.08078926
 0.08077989 0.08078564 0.08076086 0.08073946 0.08071641 0.08070313
 0.08068353 0.08063541 0.08058417 0.08054009 0.08051809 0.08049476
 0.08048262 0.08045828 0.08044522 0.08045859 0.08047134 0.08049697
 0.08052136 0.08056561 0.08062365 0.08068142 0.08073362 0.08078954
 0.08086171 0.08092191 0.08097894 0.08103514 0.0810992  0.08118588
 0.08127646 0.08136651 0.08144663 0.08153272 0.08161307 0.08169761
 0.08175344 0.0818127  0.08185843 0.0818671  0.08185437 0.08184279
 0.08183484 0.08181472 0.08178321 0.08173904 0.08169537 0.08163623
 0.08157258 0.08150972 0.0814261  0.08132895 0.08123145 0.08112478
 0.08102636 0.08093191 0.08084264 0.08073655 0.08062644 0.08052462
 0.08042285 0.08031601 0.08024272 0.08017414 0.08013472 0.08009927
 0.08005152 0.08001012 0.0799877  0.07998716 0.07997737 0.07997137
 0.07997675 0.07998864 0.08000558 0.07999392 0.07997953 0.07998203
 0.07999024 0.08001911 0.08006843 0.08012857 0.08020716 0.08028989
 0.08038622 0.08047949 0.08057686 0.08069922 0.08084425 0.0809926
 0.08111985 0.08125921 0.08138633 0.08146863 0.08153928 0.08160422
 0.08165469 0.08173748 0.08181447 0.08189129 0.08198802 0.0820731
 0.08213976 0.08219263 0.08225531 0.08231763 0.08236144 0.08240401
 0.08244117 0.08246645 0.08248403 0.08247878 0.08246917 0.08245512
 0.0824516  0.08244266 0.08240849 0.08238104 0.08234606 0.08231381
 0.08227223 0.08224063 0.08221939 0.08218571 0.08214482 0.08210324
 0.08207256 0.08207093 0.08205382 0.0820368  0.08202595 0.08201922
 0.0820062  0.08198327 0.08197575 0.08197011 0.08198966 0.08200132
 0.08198711 0.08195591 0.0819507  0.08194467 0.08190985 0.08185605
 0.08179799 0.08175497 0.08171826 0.08168151 0.08164645 0.08162188
 0.081605   0.08157731 0.08154494 0.08150747 0.08146713 0.08141611
 0.08137634 0.08135001 0.08131247 0.0812978  0.08130719 0.08130498
 0.08129175 0.08128377 0.08127931 0.08127404 0.08127697 0.08128985
 0.08129964 0.08131359 0.08133319 0.08135535 0.08137219 0.0814217
 0.08152301 0.08162335 0.08172286 0.08181893 0.08191257 0.08198482
 0.08205927 0.08214061 0.08223355 0.08231639 0.08238792 0.08244885
 0.08250352 0.08257198 0.0826375  0.08271587 0.08281157 0.08291157
 0.08301462 0.08312208 0.08323578 0.08334336 0.083455   0.08358356
 0.08370811 0.08383044 0.0839534  0.08404381 0.08413015 0.08422646
 0.08430393 0.08436547 0.0844288  0.08451421 0.08459666 0.08466354
 0.08471609 0.08477126 0.08483293 0.0848881  0.0849402  0.08499132
 0.08504946 0.08510204 0.08513414 0.08515507 0.08520497 0.08523204
 0.08526009 0.08528283 0.08528629 0.08527343 0.08526569 0.08524225
 0.08522875 0.08520519 0.08518016 0.08516875 0.08515906 0.08513986
 0.08510943 0.08509554 0.08508558 0.08509047 0.08509696 0.08511394
 0.08512371 0.08513426 0.08516441 0.0852059  0.08523748 0.08527296
 0.08530465 0.085326   0.0853394  0.08535138 0.08535564 0.08537575
 0.08539351 0.08538886 0.08540551 0.08543028 0.08545825 0.08548042
 0.0855115  0.08555274 0.08561318 0.08566817 0.08573351 0.08580895
 0.08587456 0.08593882 0.08599457 0.08606941 0.08614709 0.08622963
 0.08631569 0.08640132 0.08648814 0.08658112 0.08667797 0.08677024
 0.08683761 0.08691047 0.08695911 0.08699793 0.08705632 0.08710112
 0.08715093 0.08718144 0.08719736 0.08718843 0.08718678 0.08717789
 0.08716853 0.08719521 0.08723717 0.08727533 0.08730706 0.08734884
 0.08738832 0.08743507 0.08747449 0.08752829 0.08757169 0.08759158
 0.08760315 0.08760392 0.08759744 0.08757568 0.08758115 0.08760583
 0.08762739 0.08763109 0.08763507 0.08763888 0.0876695  0.08770881
 0.0877315  0.08775536 0.08777675 0.08778495 0.08779454 0.08779635
 0.08780293 0.08780691 0.08781466 0.0878386  0.08788053 0.08793663
 0.08798879 0.08804688 0.08810876 0.08814801 0.08816629 0.08819359
 0.08821295 0.08823638 0.08824734 0.08825106 0.08825862 0.08827542
 0.08827665 0.08829322 0.08831761 0.08833811 0.08834874 0.0883431
 0.08835563 0.08838397 0.08844619 0.08850996 0.08857214 0.08864661
 0.08874755 0.08888167 0.08903286 0.089169   0.08930084 0.08943146
 0.08957863 0.08971957 0.08986026 0.08997684 0.09009726 0.09022487
 0.09035516 0.09047719 0.09060506 0.09074829 0.09092037 0.09111421
 0.09131311 0.09150831 0.09170362 0.09189869 0.0921242  0.09235011
 0.09256888 0.09277648 0.09298775 0.09320663 0.09342106 0.09362966
 0.09381622 0.09399274 0.0941665  0.09434791 0.09455025 0.09475916
 0.09494044 0.09512479 0.09531657 0.09550888 0.09573788 0.09597482
 0.09619954 0.09639683 0.09658995 0.0967977  0.09702098 0.09727098
 0.09748031 0.09766765 0.09783835 0.09798738 0.09812701 0.09824979
 0.0983411  0.09842074 0.09850747 0.0985958  0.09870044 0.09880777
 0.0989179  0.09904227 0.09915338 0.09923212 0.09929598 0.0993753
 0.09945714 0.09953473 0.0996338  0.09971564 0.09978642 0.0998545
 0.09991098 0.09996729 0.10002507 0.10006223 0.10009979 0.10015913
 0.10023309 0.10030323 0.10035661 0.10039797 0.10043105 0.10047621
 0.10053674 0.1006081  0.10067806 0.10073853 0.10082031 0.10090073
 0.10099305 0.10107612 0.10114974 0.10122443 0.10128557 0.10132836
 0.10134198 0.10136073 0.10136009 0.10134256 0.10131533 0.10130542
 0.10128217 0.10122531 0.10118024 0.10113606 0.10110938 0.10106203
 0.10101801 0.10097634 0.10091349 0.10085313 0.10079043 0.10072401
 0.1006564  0.1005819  0.10049544 0.10041817 0.10032604 0.10020767
 0.10010204]","[ 327.14500176  327.90587274  328.66198539  329.41236353  330.16964653
  330.92058867  331.67210722  332.42697879  333.18316956  333.94427787
  334.70562085  335.4587579   336.21283705  336.96835466  337.73038955
  338.48685146  339.24118138  339.98864289  340.73901124  341.4879295
  342.24864143  343.01779538  343.78238821  344.5565667   345.33003489
  346.09508237  346.8627221   347.6420739   348.41944002  349.19777478
  349.97560564  350.73874817  351.51031528  352.29309125  353.07069612
  353.85415165  354.63319279  355.41639989  356.19837582  356.97951271
  357.76212565  358.54408321  359.32369844  360.1059719   360.89126899
  361.67424243  362.45327406  363.24035983  364.02632576  364.81136058
  365.59131716  366.36188378  367.12643607  367.89605887  368.66623013
  369.44100492  370.21979753  370.99544082  371.77311161  372.54742713
  373.3213506   374.10021243  374.88532359  375.67765229  376.46315758
  377.24213717  378.02118483  378.80221836  379.59360616  380.38326554
  381.17325386  381.97690627  382.78410825  383.60221717  384.4235185
  385.23729701  386.05434037  386.88196663  387.70861128  388.52792537
  389.35148576  390.16912439  390.98626832  391.81510718  392.64519685
  393.47871685  394.32177259  395.17126061  396.01849206  396.87244551
  397.71875878  398.57409003  399.4311115   400.29478449  401.15601619
  402.02083773  402.88853958  403.7546292   404.61988516  405.48339874
  406.33153224  407.17346712  408.02118414  408.88809569  409.76467889
  410.64597843  411.53370268  412.41918341  413.29864506  414.18513755
  415.06046399  415.9382942   416.82506854  417.71875772  418.60978044
  419.50804443  420.41975309  421.33663313  422.24614929  423.16343328
  424.0856465   425.00420912  425.92516296  426.85123413  427.77261617
  428.68713428  429.60262924  430.53184258  431.46166319  432.3898205
  433.3238483   434.25548501  435.19454701  436.14055198  437.09551773
  438.04451213  438.98623213  439.93075099  440.8884488   441.8549182
  442.82374615  443.7906866   444.74990599  445.70930873  446.65683528
  447.59865748  448.54858391  449.48356498  450.41744195  451.35185732
  452.29557889  453.24322657  454.18749237  455.13169377  456.08606919
  457.03436278  457.97482981  458.91408304  459.8464144   460.76833139
  461.67989981  462.59031282  463.49925691  464.39468349  465.2937784
  466.18330604  467.07476255  467.95890504  468.84307775  469.7315546
  470.60791337  471.47568251  472.33835896  473.19558285  474.06144133
  474.92997594  475.80823994  476.68102504  477.53354639  478.37824951
  479.23374634  480.10245928  480.96281965  481.82142208  482.68491041
  483.53347003  484.38009955  485.22941673  486.068971    486.90031295
  487.73072528  488.56648395  489.40047997  490.23409386  491.06745676
  491.88531209  492.69566926  493.49897951  494.29909652  495.09158557
  495.88438327  496.6760552   497.472532    498.24565683  499.011238
  499.78327256  500.55420781  501.31092711  502.05317646  502.79902285
  503.53613758  504.26766521  504.99728167  505.72017162  506.4274452
  507.12809503  507.81626949  508.49749046  509.17635636  509.84217917
  510.49762418  511.14529772  511.78553416  512.417646    513.05195689
  513.67369266  514.28970826  514.90453735  515.50341154  516.1026315
  516.69764696  517.28982502  517.87032833  518.44665833  519.0226027
  519.58720502  520.14878331  520.71347721  521.27284261  521.82253429
  522.36727349  522.9133445   523.44415054  523.96348235  524.48893899
  525.0085895   525.52144374  526.03847998  526.54186709  527.04149706
  527.54981222  528.06727544  528.58007946  529.07224382  529.55623469
  530.03375044  530.50042959  530.96222222  531.43053594  531.89969533
  532.36697336  532.83363875  533.29285504  533.74275047  534.18352299
  534.62079034  535.056295    535.49718085  535.9220955   536.35254785
  536.78914417  537.21905767  537.65425316  538.08995477  538.5160665
  538.93207604  539.34257257  539.76043277  540.16405037  540.55395628
  540.9582549   541.34678713  541.73622671  542.10557704  542.46399369
  542.83489382  543.20087494  543.56408894  543.92563744  544.27777415
  544.622881    544.96671719  545.31124341  545.64955766  545.99373416
  546.33596773  546.6826026   547.01675994  547.34612223  547.67951913
  548.00162357  548.31750837  548.64303857  548.97100323  549.28292683
  549.59759497  549.9185296   550.22259659  550.52954747  550.84064198
  551.12712016  551.40616968  551.68077315  551.9484788   552.21541708
  552.48859684  552.77002463  553.04102078  553.30278221  553.55716801
  553.81134545  554.06371248  554.31721469  554.57020684  554.82387472
  555.0713737   555.29803287  555.51545784  555.7427487   555.96248778
  556.18507896  556.40213753  556.61649206  556.84311125  557.05800501
  557.25948568  557.47119314  557.66947195  557.85469826  558.03799826
  558.21802004  558.39280762  558.57436757  558.75608133  558.92993072
  559.08969198  559.24240359  559.38486964  559.53479964  559.68093552
  559.83502474  559.98721796  560.1279713   560.26050939  560.39874822
  560.53832907  560.66406928  560.77759052  560.89279755  560.99993359
  561.10333498  561.21075878  561.3113918   561.41956975  561.54076039
  561.66022979  561.7754592   561.88147834  561.96380053  562.04213308
  562.12101146  562.20866084  562.29895126  562.37657925  562.45884446
  562.53130362  562.59867772  562.67611966  562.76019885  562.84908128
  562.93081932  562.99518692  563.06450806  563.12674216  563.20391387
  563.28131676  563.34769958  563.41548565  563.48691194  563.55732476
  563.62816272  563.72771698  563.82732878  563.92533996  564.02821786
  564.12693699  564.21941249  564.2870659   564.36673561  564.45474668
  564.53545282  564.617425    564.70276452  564.8048154   564.91727666
  565.0523764   565.20277094  565.34344547  565.47517305  565.596621
  565.723023    565.84210986  565.97209304  566.1256357   566.28585782
  566.44312244  566.60915783  566.77866652  566.93849909  567.10750861
  567.27153912  567.44718642  567.62608449  567.81417526  568.00395238
  568.2096343   568.41036543  568.61905103  568.82558104  569.03739728
  569.26660819  569.49760154  569.74021235  570.00855657  570.28150131
  570.54919453  570.84139616  571.13583878  571.4390315   571.74529967
  572.06003446  572.37401151  572.70472534  573.03809264  573.37611666
  573.72544164  574.10095143  574.49011509  574.88186258  575.28594466
  575.70033794  576.11108743  576.52323552  576.93037266  577.35060541
  577.77561856  578.20793971  578.65366918  579.10140624  579.5650034
  580.04574552  580.53857164  581.02956812  581.5197044   582.0095249
  582.53109679  583.05806332  583.58299121  584.10774799  584.63312113
  585.16716174  585.69973947  586.2415695   586.79178627  587.34884396
  587.91074602  588.48314821  589.06033227  589.63647457  590.22387541
  590.83563672  591.46557248  592.09551509  592.73538261  593.38598247
  594.04999058  594.73090659  595.4145196   596.10157236  596.79133099
  597.48332909  598.16896731  598.85935292  599.55060043  600.26163909
  600.98096632  601.71213237  602.44938059  603.19277993  603.95570883
  604.71892103  605.47998293  606.25221363  607.01636515  607.78087236
  608.55726027  609.34455707  610.14884652  610.96430238  611.80044523
  612.64890327  613.51146357  614.38373583  615.26058637  616.14901045
  617.03211417  617.91733462  618.81658239  619.73404784  620.66061801
  621.60101548  622.53639398  623.47541862  624.43264835  625.41081099
  626.41006439  627.42567796  628.44376217  629.44891349  630.45680754
  631.49715444  632.53910063  633.58013965  634.63544244  635.70166532
  636.78557692  637.89062193  638.98669003  640.11156872  641.24833645
  642.37853869  643.50876487  644.65525529  645.81122432  646.96818259
  648.12502584  649.28410325  650.4526773   651.61938178  652.79519208
  653.9798385   655.1815083   656.37371085  657.5686235   658.78490718
  660.01384365  661.256049    662.484206    663.71690734  664.94893729
  666.18521035  667.43127718  668.68970538  669.94537427  671.21592542
  672.4941169   673.7931189   675.08185006  676.37033022  677.68050468
  678.97493245  680.25262133  681.528043    682.81473041  684.11433362
  685.41235342  686.71053073  688.02737103  689.35370987  690.66797325
  691.9665583   693.25443848  694.54320461  695.84162189  697.13039566
  698.43080729  699.71457363  701.01237744  702.29671171  703.58880252
  704.88401821  706.16448646  707.44212731  708.7330635   710.02821423
  711.32790341  712.60996064  713.88263793  715.17003852  716.44327643
  717.72308576  719.00958675  720.28547156  721.5511423   722.80588717
  724.05228166  725.28657064  726.53667397  727.79216618  729.03446198
  730.28124666  731.50986207  732.73693897  733.96541759  735.20476555
  736.41967523  737.62893817  738.84052724  740.05356388  741.27485112
  742.50393593  743.73621616  744.97141058  746.20397496  747.3997966
  748.59629585  749.78725015  750.96204272  752.13620854  753.28996948
  754.44726968  755.61559442  756.75740465  757.89356977  759.03149855
  760.16501793  761.28714786  762.39003006  763.49893162  764.61632635
  765.71259453  766.80314396  767.90479429  769.01726472  770.12709321
  771.23043047  772.32757329  773.39408482  774.44411908  775.49553116
  776.53264462  777.55373071  778.58417937  779.60865266  780.61724838
  781.64322248  782.65359793  783.64228588  784.62903584  785.61933059
  786.60908585  787.60511507  788.58149665  789.54823017  790.51716746
  791.48425597  792.42816991  793.37062953  794.32069669  795.25302081
  796.16046398  797.07683035  798.0025798   798.92740806  799.84809555
  800.72821027  801.59069584  802.46867768  803.3438315   804.21543339
  805.09320364  805.95625677  806.82746929  807.68049183  808.53430639
  809.36869887  810.21523591  811.05172862  811.90429177  812.76919304
  813.6162828   814.43915509  815.259268    816.08094085  816.91196829
  817.74100773  818.56855157  819.39651557  820.21967755  821.03950004
  821.83954384  822.63563646  823.43930455  824.22308082  824.99128251
  825.75012647  826.5003876   827.23103529  827.96539579  828.7037324
  829.43962616  830.1556263   830.89572562  831.63072185  832.36533105
  833.08205801  833.79346855  834.51536074  835.22631431  835.93085363
  836.63059036  837.29744504  837.94309876  838.58113515  839.22023741
  839.85158552  840.48268474  841.1066446   841.71739723  842.29987527
  842.86391086  843.44531118  844.01511347  844.59134633  845.1634638
  845.74245703  846.3260523   846.90491494  847.4710012   848.02910447
  848.5681424   849.09581581  849.62654723  850.16200454  850.70613549
  851.23035196  851.73006816  852.22643221  852.71361993  853.19599439
  853.66974817  854.13008379  854.59299578  855.06350943  855.50077551
  855.93322292  856.36273663  856.78711835  857.21167408  857.62936013
  858.05848012  858.49660653  858.92068147  859.34693943  859.76480484
  860.17145554  860.58517078  860.98111621  861.37004705  861.77262777
  862.16530464  862.56016471  862.95055114  863.33657734  863.73531855
  864.131237    864.52768398  864.92728856  865.32055961  865.7096941
  866.1006224   866.49353738  866.87736642  867.27980405  867.67237573
  868.05336625  868.41846436  868.78114014  869.12697121  869.47743409
  869.81705394  870.14808185  870.46965977  870.78787878  871.12101074
  871.46562611  871.8043896   872.15915732  872.51916133  872.88056494
  873.23565619  873.57375952  873.91832443  874.27570159  874.62433194
  874.96473983  875.32342842  875.69715445  876.07730999  876.463526
  876.83123807  877.21172694  877.6017321   878.010169    878.41389251
  878.82257438  879.21524487  879.59768974  879.96883816  880.37440694
  880.78728941  881.18985531  881.59042842  881.97061093  882.370306
  882.80735359  883.25164448  883.69073211  884.14791038  884.60312302
  885.05799946  885.52207557  886.02609618  886.52495478  887.02258496
  887.5349071   888.05888328  888.59842945  889.12263679  889.6580595
  890.21096989  890.75893812  891.32239649  891.89906881  892.47946198
  893.077105    893.67688645  894.28678343  894.89066952  895.49741765
  896.12456592  896.76402033  897.40150126  898.04132938  898.69565285
  899.36284519  900.0381964   900.72440987  901.42217949  902.10073158
  902.78900977  903.48238753  904.1737475   904.88441273  905.61636715
  906.35159786  907.10517153  907.89255656  908.68414711  909.48465661
  910.26973591  911.03361783  911.79850427  912.58629063  913.3909398
  914.215343    915.03696577  915.88907115  916.75330343  917.63255726
  918.50949036  919.40848117  920.29074115  921.1584272   922.0702644
  923.00453798  923.94571378  924.89894895  925.86121404  926.84246274
  927.84803222  928.84267102  929.83320016  930.84434494  931.8624598
  932.87951649  933.89633469  934.94065642  935.98245931  937.01438293
  938.05393504  939.06963319  940.11056749  941.14517131  942.19112481
  943.22696748  944.28174915  945.35851902  946.46131859  947.58582616
  948.70311926  949.8427287   950.98511799  952.11097639  953.25069271
  954.38068246  955.52763362  956.69473341  957.86855341  959.03839517
  960.22824052  961.41608569  962.59010041  963.76973144  964.94801292
  966.1199988   967.27600089  968.45436189  969.62205379  970.76235529
  971.9282763   973.09665453  974.29474589  975.48322767  976.66123263
  977.84207613  979.05023439  980.2675836   981.49995051  982.7238539
  983.95795377  985.18635453  986.41249655  987.67281747  988.94937357
  990.21979677  991.48007575  992.74343482  993.99704516  995.26862383
  996.54663674  997.82769462  999.08798322 1000.34362442 1001.59549183
 1002.85945635 1004.1042833  1005.35653912 1006.63209029 1007.88694941
 1009.12684094 1010.37268729 1011.60317155 1012.83829768 1014.06216863
 1015.28770572 1016.56155512 1017.86919786 1019.19062772 1020.49665105
 1021.82042789 1023.13487112 1024.44421605 1025.74673861 1027.02186172
 1028.3357228  1029.62894653 1030.9234869  1032.21459817 1033.5038084
 1034.7901052  1036.09019567 1037.38207079 1038.69566731 1040.01337569
 1041.33790058 1042.66840586 1043.98426543 1045.33210695 1046.68689963
 1048.05096222 1049.38904656 1050.73900364 1052.12562432 1053.5177707
 1054.91838396 1056.32437996 1057.68113041 1059.04738901 1060.39525626
 1061.72710615 1063.07827112 1064.46652162 1065.82778845 1067.15244013
 1068.47382049 1069.8361815  1071.21666775 1072.61177512 1074.02281622
 1075.42918317 1076.83381714 1078.24719266 1079.68866349 1081.09316451
 1082.48320467 1083.86569511 1085.25509864 1086.66020053 1088.06456971
 1089.45322784 1090.83003074 1092.18524525 1093.5299883  1094.89029513
 1096.26228682 1097.66211603 1099.03594223 1100.39842812 1101.73254013
 1103.06638273 1104.41484599 1105.78136484 1107.15774488 1108.51800863
 1109.89237126 1111.27231236 1112.64592282 1114.03280858 1115.42085365
 1116.78070355 1118.14025784 1119.53207705 1120.94268888 1122.34904882
 1123.72601128 1125.08675046 1126.4500241  1127.80032678 1129.11414175
 1130.43119131 1131.77552212 1133.11895633 1134.47739232 1135.80351968
 1137.11124465 1138.40761387 1139.69662457 1140.99764394 1142.3606106
 1143.73937266 1145.12747424 1146.50736021 1147.88613594 1149.24245028
 1150.61273665 1151.99448527 1153.3674646  1154.73181403 1156.07181518
 1157.42809625 1158.77110524 1160.08800513 1161.4186744  1162.74958501
 1164.08037293 1165.45005571 1166.80901828 1168.15214432 1169.47444552
 1170.80465467 1172.14507461 1173.50784122 1174.86259265 1176.1976441
 1177.51993077 1178.84463827 1180.16859409 1181.4735522  1182.80789699
 1184.14217453 1185.45071356 1186.72907937 1188.02177368 1189.31737132
 1190.60267782 1191.88287736 1193.18354345 1194.48147983 1195.76955042
 1197.05072114 1198.29767586 1199.51026344 1200.70707927 1201.92974103
 1203.171413   1204.44551967 1205.73786555 1207.0490823  1208.34663729
 1209.63568232 1210.91977776 1212.1822707  1213.42459363 1214.69635972
 1215.97498286 1217.2357438  1218.51043909 1219.76033762 1220.98514352
 1222.21013621 1223.44616818 1224.68103682 1225.8744672  1227.06212564
 1228.26280576 1229.45433575 1230.62374106 1231.75803561 1232.87344489
 1234.01173396 1235.11975969 1236.20717118 1237.29193947 1238.40622643
 1239.52391521 1240.61490185 1241.69256041 1242.74864062 1243.80478382
 1244.87434673 1245.91824859 1246.98996536 1248.02264444 1249.04386751
 1250.08012541 1251.0837501  1252.10425997 1253.14425571 1254.20182198
 1255.24916696 1256.31573991 1257.36835718 1258.41926181 1259.50352916
 1260.60278777 1261.67801044 1262.72066639 1263.75239523 1264.79908901
 1265.83933464 1266.87442974 1267.91736185 1268.96300767 1269.99143779
 1271.00264547 1271.98462835 1272.95153685 1273.9365962  1274.90220725
 1275.85188959 1276.80731857 1277.75933573 1278.69592597 1279.62239324
 1280.57010005 1281.51329073 1282.42940505 1283.34475921 1284.22282115
 1285.10135936 1285.9854888  1286.88706949 1287.77550256 1288.65204593
 1289.53158138 1290.43583887 1291.34789367 1292.24211763 1293.1397006
 1294.01012402 1294.84955069 1295.67956921 1296.51296909 1297.35131526
 1298.20849821 1299.05642543 1299.87717779 1300.71804318 1301.56440587
 1302.41107506 1303.24585485 1304.08377062 1304.91524903 1305.69509184
 1306.47290201 1307.27616825 1308.09103478 1308.89667759 1309.71209539
 1310.53827717 1311.34071688 1312.13243915 1312.90377234 1313.66583052
 1314.41371188 1315.17655332 1315.9336499  1316.69088995 1317.45205412
 1318.19965914 1318.94624689 1319.72583115 1320.50659061 1321.25870665
 1322.03046246 1322.80532814 1323.59181715 1324.36985896 1325.14207039
 1325.9179024  1326.65391388 1327.39371157 1328.13335737 1328.87889531
 1329.62672615 1330.37074484 1331.0996392  1331.81380546 1332.51596982
 1333.2258234  1333.96603727 1334.70678792 1335.4280153  1336.12183318
 1336.81515444 1337.52345909 1338.24330437 1338.96558365 1339.68835724
 1340.39331742 1341.10417185 1341.80322    1342.49094593 1343.18273672
 1343.88834718 1344.60519462 1345.31474626 1346.00534899 1346.70241735
 1347.39806136 1348.10788316 1348.81365641 1349.53575949 1350.27058257
 1351.01277037 1351.74287755 1352.49919898 1353.26423987 1354.01410233
 1354.75251403 1355.49734102 1356.24965437 1356.97517443 1357.67684819
 1358.37899093 1359.11576586 1359.87844166 1360.59981072 1361.33767743
 1362.04953573 1362.75214908 1363.48574907 1364.16999518 1364.80338622
 1365.41112091 1366.00937447 1366.60459484 1367.25112244 1367.89385917
 1368.51970628 1369.16322034 1369.83266526 1370.46941789 1371.09177403
 1371.73141664 1372.38499201 1373.04655414 1373.70831778 1374.37891086
 1375.04904753 1375.7006884  1376.36840236 1377.05437582 1377.71867465
 1378.36053018 1379.03990561 1379.65214197 1380.24001659 1380.85909377
 1381.48810607 1382.1494227  1382.79167941 1383.40711269 1384.02683795
 1384.62287097 1385.18686201 1385.74517548 1386.33549869 1386.96487856
 1387.56458381 1388.20047926 1388.84770832 1389.4921995  1390.16285798
 1390.79444757 1391.40108636 1392.02190982 1392.61734009 1393.22552237
 1393.84200536 1394.4381417  1395.02461615 1395.60668502 1396.18927275
 1396.77775421 1397.39503861 1397.99416567 1398.59774227 1399.2034398
 1399.82231122 1400.41168257 1400.97959855 1401.57814909 1402.17502118
 1402.79291127 1403.43321095 1404.07830752 1404.69100875 1405.28662235
 1405.88877431 1406.46612713 1407.05855553 1407.64698484 1408.21705742
 1408.78682373 1409.40246591 1410.01211996 1410.62844424 1411.2519973
 1411.86413629 1412.45661719 1413.0362643  1413.62951774 1414.21872568
 1414.75946947 1415.30898654 1415.85010046 1416.44377425]","[  4.99678157   4.85102494   4.70274831   4.55733129   4.42841399
   4.29061349   4.15742486   4.02918387   3.90613409   3.79595794
   3.69032735   3.57815562   3.46800176   3.35951764   3.27107776
   3.18572197   3.1009466    3.01610784   2.94337703   2.86661679
   2.7983879    2.740583     2.68330822   2.63167969   2.58468033
   2.52920161   2.48016542   2.43511112   2.38568744   2.34141117
   2.3033709    2.25387867   2.22748234   2.21130506   2.19851704
   2.1896698    2.18811514   2.20271287   2.21080464   2.2178241
   2.22973984   2.24535986   2.25296406   2.25000685   2.2562294
   2.27064073   2.28011194   2.2944511    2.30521162   2.31749155
   2.34197606   2.36693842   2.39310272   2.4153182    2.4363203
   2.4522501    2.46020595   2.47087038   2.48896979   2.51011553
   2.52963961   2.54988537   2.57680746   2.60393175   2.62624967
   2.63945295   2.65358553   2.67812528   2.70094811   2.72148753
   2.74077874   2.76236275   2.78444716   2.80986552   2.83942132
   2.85972222   2.86001773   2.84806762   2.82759926   2.81035929
   2.79836636   2.7827974    2.75746417   2.72620002   2.69790856
   2.67661633   2.65409424   2.63068942   2.59824537   2.56569595
   2.52512344   2.48483245   2.45508997   2.43087488   2.41091035
   2.39230819   2.38169812   2.3668486    2.36313887   2.36462819
   2.34630053   2.33437632   2.3170974    2.31606977   2.31567487
   2.31373543   2.32600275   2.33377047   2.33733754   2.33967258
   2.32690545   2.3236133    2.33158775   2.34237308   2.34876571
   2.36346043   2.39059502   2.42309733   2.44141452   2.460121
   2.49187224   2.52752397   2.57239747   2.62071547   2.66609278
   2.68231862   2.70843065   2.75214013   2.788882     2.82821024
   2.87006524   2.91123182   2.95120111   3.00590397   3.06546228
   3.12350626   3.18847542   3.26143929   3.34127209   3.42168757
   3.50373327   3.58241733   3.65280642   3.71609316   3.77254872
   3.82099162   3.86039473   3.89360405   3.92036426   3.95078517
   3.98084031   4.00779779   4.03241121   4.05521492   4.0739975
   4.08773315   4.10203105   4.12001976   4.14260126   4.17319589
   4.19002873   4.20713142   4.22936052   4.24200727   4.25967633
   4.27267273   4.28323773   4.28586092   4.27804395   4.2751542
   4.26818997   4.27431546   4.28629042   4.28922108   4.29043074
   4.28766834   4.28235173   4.27927879   4.27780766   4.28936892
   4.30033339   4.30673543   4.30403349   4.30235398   4.29760086
   4.27527255   4.25445695   4.23410023   4.2073703    4.1805214
   4.15148164   4.11074527   4.07258643   4.03568723   4.00536884
   3.96877473   3.93160931   3.89289233   3.85383179   3.81576718
   3.77678465   3.74510326   3.72935174   3.70991302   3.69367171
   3.69370846   3.70643115   3.71692563   3.71675839   3.72287989
   3.72750557   3.73855554   3.76589935   3.80224735   3.82968126
   3.84825399   3.8599695    3.87470483   3.89214754   3.90417271
   3.90282491   3.89239447   3.87011796   3.8479966    3.83219353
   3.8119854    3.79056128   3.7672777    3.73758825   3.72254741
   3.71442135   3.70939772   3.69029566   3.67499158   3.6772377
   3.67059612   3.66400462   3.66317052   3.66034821   3.65740359
   3.66087208   3.65863686   3.66102063   3.66607369   3.66567694
   3.66041657   3.65140355   3.63770306   3.61541286   3.59328822
   3.5870815    3.58868861   3.59740581   3.61415944   3.64281669
   3.67833431   3.71542694   3.75092156   3.7872289    3.81288876
   3.82884825   3.83631911   3.84549973   3.85678179   3.87736098
   3.90079343   3.91577331   3.92509151   3.94919711   3.96692689
   3.98503359   4.02101785   4.04129359   4.05509888   4.07077284
   4.08404285   4.08547689   4.0665516    4.05233375   4.07245928
   4.07843417   4.09707906   4.09832912   4.10839874   4.12632291
   4.10939055   4.0902407    4.07607727   4.07779989   4.07686135
   4.07740824   4.05787788   4.0342282    4.00894098   3.9592036
   3.90329049   3.8492863    3.805147     3.76663771   3.73411632
   3.72353474   3.7229731    3.70862841   3.69290483   3.69476778
   3.6968396    3.67548205   3.6764796    3.66961014   3.66261983
   3.67531113   3.68004678   3.68165339   3.6790602    3.67899779
   3.67785166   3.68405201   3.70804509   3.73304596   3.76490327
   3.7986666    3.83544135   3.86309517   3.86901806   3.85483631
   3.85068954   3.8715617    3.89074562   3.89497204   3.91546158
   3.90004468   3.8753892    3.87476258   3.87227828   3.87250026
   3.88238234   3.86630885   3.86967231   3.89787099   3.93985554
   3.97892892   4.01530885   4.04997426   4.07633285   4.11241139
   4.16555946   4.21692834   4.27270957   4.30330978   4.34245767
   4.36232117   4.38362341   4.40605666   4.4456777    4.47169216
   4.47705687   4.50130386   4.54287595   4.56742777   4.59532766
   4.61930136   4.61695396   4.6058906    4.59171655   4.56973642
   4.56258367   4.55822453   4.56564181   4.57745549   4.58244061
   4.59201079   4.60043937   4.62384458   4.65282451   4.66973115
   4.68601885   4.70179808   4.71736473   4.73489417   4.75728101
   4.78836818   4.82035443   4.85004464   4.87346585   4.90694567
   4.94686604   4.98522945   5.01083      5.02128166   5.03240979
   5.04865292   5.07302192   5.09333617   5.10260672   5.11024514
   5.12424749   5.13784725   5.14346981   5.14720275   5.15636804
   5.16790604   5.17900729   5.19154408   5.21807838   5.25133547
   5.28917751   5.32673338   5.36831794   5.41181778   5.45262006
   5.50745263   5.56243095   5.62962669   5.70399503   5.77679877
   5.84215495   5.89909359   5.94974698   5.98974329   6.02994531
   6.07560517   6.11872722   6.16155409   6.21365852   6.26563854
   6.31789908   6.3778189    6.43930985   6.50701162   6.58331749
   6.65227378   6.7180076    6.77850699   6.83308144   6.89728993
   6.95388156   6.99420195   7.02666084   7.05463044   7.09024153
   7.12365942   7.15463641   7.17992131   7.21145034   7.25139061
   7.28369305   7.30464294   7.31815997   7.33646766   7.35939209
   7.39240388   7.41761078   7.43152902   7.44815738   7.47526518
   7.51581118   7.558965     7.60347263   7.64715762   7.69288158
   7.72689331   7.76420618   7.80342865   7.85219963   7.90691929
   7.95735683   8.01068604   8.07282173   8.116765     8.15823812
   8.19955853   8.22464313   8.24954928   8.26379681   8.29750411
   8.33993049   8.3967437    8.46347674   8.51651731   8.56871262
   8.61953741   8.65569967   8.70040386   8.7448314    8.77220898
   8.79548624   8.80585913   8.8175965    8.83652326   8.85727437
   8.87264203   8.89251945   8.92641163   8.95164066   8.9715161
   8.98944504   9.01439267   9.04698323   9.08271107   9.1185983
   9.15190668   9.19703943   9.23215718   9.27448874   9.33088541
   9.39126717   9.44486665   9.50090062   9.56461773   9.62324902
   9.68468585   9.74137268   9.80202409   9.8592339    9.92366831
   9.99736781  10.06661012  10.13456977  10.20206805  10.26051656
  10.32697152  10.3994722   10.48048119  10.55328727  10.61820036
  10.67096262  10.7139697   10.76500009  10.82399181  10.88454597
  10.93770646  11.00436225  11.07718449  11.13105569  11.17509663
  11.22079783  11.27535296  11.34289352  11.39365937  11.43679946
  11.4996571   11.57098257  11.6435741   11.72369576  11.80544107
  11.89525501  11.99235419  12.09496433  12.20255186  12.30482575
  12.40451713  12.50333588  12.61115088  12.72214365  12.82136481
  12.91619862  13.00372772  13.09505118  13.16388821  13.21948579
  13.27954947  13.3372933   13.37467112  13.42477174  13.47819164
  13.52487024  13.56246345  13.59911966  13.6331005   13.65141955
  13.67860147  13.73115776  13.77783581  13.8145883   13.85658257
  13.91873641  13.98276794  14.02644211  14.07683158  14.14126593
  14.22245448  14.30164978  14.36993032  14.41290904  14.46356638
  14.50620073  14.56582516  14.61601542  14.65817898  14.68614101
  14.70883287  14.75276063  14.79370299  14.82404595  14.85774899
  14.87886119  14.91497524  14.9539497   14.9748246   15.01938011
  15.05962466  15.10005345  15.15510383  15.21795861  15.28633014
  15.3622749   15.45462173  15.53921495  15.61855657  15.71649407
  15.81385181  15.92340232  16.03204396  16.1423131   16.2419164
  16.35897518  16.48415403  16.60776267  16.72760486  16.83736531
  16.93975422  17.04797981  17.15409127  17.24363343  17.35127856
  17.46541639  17.57410186  17.68756702  17.80071575  17.91727567
  18.02832963  18.12939462  18.24150946  18.36680556  18.49013087
  18.60517748  18.72398399  18.83442823  18.93671542  19.036989
  19.15103934  19.27223024  19.39061404  19.49820307  19.62244638
  19.76204666  19.90984661  20.05748435  20.20628251  20.36167441
  20.51652435  20.67102926  20.81905144  20.97189642  21.12290531
  21.27118391  21.44082661  21.61643302  21.78122757  21.93707852
  22.0832623   22.23584516  22.4013886   22.57722411  22.75516875
  22.9375146   23.12041403  23.30053827  23.47040988  23.62041193
  23.77662785  23.94295595  24.10729412  24.28010175  24.44567192
  24.59488245  24.7501198   24.90319098  25.05665269  25.21437464
  25.37802591  25.52418     25.64703029  25.7423714   25.85225866
  25.95119756  26.03727477  26.1218412   26.20116391  26.27550456
  26.34041559  26.40148262  26.46285978  26.51154961  26.57101223
  26.64671692  26.69788068  26.73050028  26.76141959  26.80956146
  26.85873903  26.92665033  26.99835103  27.079737    27.15973123
  27.23834875  27.32856951  27.409741    27.48297932  27.54713476
  27.58223775  27.59823042  27.65327505  27.69323724  27.72728925
  27.77339242  27.84620983  27.92767405  28.00406756  28.07645909
  28.13242928  28.17153155  28.21396454  28.25741815  28.30704308
  28.3622285   28.4362907   28.51440515  28.60214395  28.68228047
  28.73840832  28.78591282  28.83573799  28.89938455  28.94919036
  29.00082689  29.06626185  29.14725794  29.24961375  29.35650626
  29.45907126  29.54489396  29.62843291  29.74000966  29.87561674
  30.00409557  30.12088541  30.24490568  30.3547373   30.46269219
  30.59095789  30.72831279  30.86975658  31.00723776  31.12893998
  31.26455612  31.36921899  31.47563873  31.60470543  31.74299411
  31.9138408   32.09856184  32.28391848  32.45600613  32.6183027
  32.78195754  32.94788496  33.10066267  33.24144766  33.3883324
  33.53578099  33.69199829  33.83248391  33.94368844  34.05605446
  34.16575342  34.26385816  34.33206094  34.38610075  34.44260553
  34.49833673  34.5358576   34.5789839   34.63954447  34.69301996
  34.7200585   34.74280968  34.77286259  34.82001158  34.86474527
  34.89214299  34.91923617  34.94904021  34.97576828  34.98564363
  34.97839364  34.96954771  34.96601434  34.95551238  34.94362959
  34.91631948  34.88663859  34.85145323  34.81673544  34.77481448
  34.7452929   34.71477428  34.69942172  34.68174429  34.65929071
  34.65051241  34.66455749  34.69131532  34.72040371  34.75619344
  34.79942031  34.85443     34.91957689  34.99391725  35.07569003
  35.16943843  35.26092734  35.35107165  35.46385883  35.57953263
  35.69340039  35.80930087  35.9228517   36.03715668  36.15378638
  36.24970912  36.34872759  36.45977425  36.57550782  36.68754093
  36.83612877  36.99079859  37.1587995   37.32642541  37.48199217
  37.62680935  37.77638012  37.917064    38.04408394  38.16832939
  38.26915281  38.35309241  38.45354662  38.56876468  38.6889698
  38.80498212  38.91381287  39.03435834  39.16423678  39.27183493
  39.35573084  39.44167227  39.5261464   39.60558672  39.68324004
  39.73650303  39.78767829  39.83445453  39.88712265  39.95830728
  40.03408828  40.11381496  40.20531439  40.29820888  40.40686098
  40.53266931  40.66394661  40.79581668  40.915154    41.02493304
  41.14067211  41.23714367  41.33896928  41.44003394  41.54727542
  41.66159152  41.78195011  41.91283404  42.04404627  42.17433395
  42.2955248   42.40917119  42.53708016  42.68591768  42.83881128
  42.9999889   43.16840361  43.33904301  43.50168866  43.66886619
  43.83987705  44.0022229   44.17733997  44.36460412  44.57497547
  44.80419428  45.02779099  45.26636613  45.49480097  45.728012
  45.97438642  46.23071243  46.491158    46.75499502  47.01361804
  47.25545225  47.51121264  47.77178205  48.02519555  48.27754089
  48.52255489  48.75957758  48.98420811  49.2206032   49.46645284
  49.70560159  49.96483987  50.2408556   50.519477    50.80845735
  51.11164319  51.39925917  51.69134437  51.97561782  52.2549605
  52.55522753  52.87234967  53.18566902  53.48975612  53.80119031
  54.11452513  54.43089314  54.74843042  55.06805935  55.38953593
  55.71418512  56.04385413  56.37907052  56.72286664  57.0689052
  57.40245201  57.73243897  58.06220907  58.38776418  58.71410623
  59.04525824  59.38951906  59.74259571  60.10558909  60.46192984
  60.82257427  61.15618042  61.47455467  61.78299131  62.07121122
  62.36714927  62.68242012  63.0002893   63.31226714  63.60698901
  63.88266319  64.15876097  64.42716943  64.69776578  64.98008169
  65.25011978  65.50339321  65.77716754  66.07240233  66.35503568
  66.63782376  66.92569907  67.22470969  67.5305242   67.85866705
  68.198273    68.54737962  68.90383718  69.24858193  69.57927241
  69.91292236  70.27100046  70.61813916  70.95538667  71.28521749
  71.62477893  71.97266652  72.32469318  72.66462632  73.004088
  73.33954244  73.67091327  74.01751288  74.35049322  74.66213497
  74.96000078  75.24864481  75.52580117  75.82048442  76.13947832
  76.44607987  76.72795554  76.98141798  77.21063107  77.41933289
  77.60206808  77.78886866  77.99180383  78.21476609  78.43593066
  78.6560717   78.88186945  79.10673134  79.31687342  79.53092744
  79.74669675  79.95580277  80.16440437  80.39270643  80.64326713
  80.87511341  81.09836495  81.32435897  81.55375967  81.77635163
  81.97477202  82.17386334  82.38231992  82.58245853  82.77004792
  82.95236784  83.14571493  83.34496432  83.56713446  83.81259388
  84.04047658  84.26599993  84.47686469  84.69723291  84.9293466
  85.17689465  85.41286514  85.65877601  85.9211001   86.17984427
  86.4604053   86.75087505  87.06701428  87.38644958  87.71995851
  88.06941699  88.43771399  88.79811544  89.15327812  89.53148458
  89.90110828  90.27683062  90.64783852  91.0284586   91.42162821
  91.82713982  92.22530039  92.63283206  93.03137609  93.43930929
  93.87024784  94.28666156  94.68222853  95.10431648  95.54686477
  95.97723601  96.41210624  96.83682403  97.24002355  97.63251237
  98.00725736  98.35327438  98.72233792  99.09486116  99.44649814
  99.77481387 100.09127926 100.40483189 100.69836152 101.00260141
 101.31239312 101.6281433  101.93414972 102.26678248 102.60776025
 102.93453187 103.26380325 103.58593343 103.922362   104.26066382
 104.63799804 104.98873558 105.32053279 105.65437352 106.02913386
 106.41771885 106.82906314 107.27637421 107.73799254 108.19864225
 108.6483105  109.11187885 109.59021353 110.06021385 110.51187503
 110.97355425 111.44527236 111.93533196 112.42904872 112.90626245
 113.37970796 113.84031445 114.30585197 114.75932658 115.21141473
 115.64005367 116.08140887 116.51451    116.9328004  117.35757167
 117.8074158  118.24907613 118.6800096  119.09436196 119.51519672
 119.95533237 120.3799391  120.79862173 121.2094749  121.62971288
 122.08861688 122.56085538 123.06509842 123.55897755 124.0495096
 124.57938122 125.11264185 125.64270044 126.16897298 126.69051981
 127.18530748 127.67343792 128.17534029 128.64648143 129.12963631
 129.62936785 130.13833385 130.62805328 131.11353875 131.62376495
 132.15091267 132.67459145 133.16305586 133.66454372 134.17474235
 134.66953933 135.1482087  135.62209404 136.09378257 136.55655535
 136.98868762 137.40461532 137.80678194 138.21448329 138.61091703
 138.99721793 139.37197257 139.75983642 140.14077442 140.5290101
 140.94068803 141.34469886 141.73630338 142.11446374 142.4981533
 142.8734838  143.24891571 143.6442668  144.04647304 144.47182611
 144.90264533 145.31909236 145.73621957 146.17265752 146.62095993
 147.06303532 147.51449753 147.95076841 148.35271747 148.74226891
 149.14594022 149.53764397 149.91054552 150.27142117 150.63352598
 150.99441279 151.35963754 151.71121274 152.0686402  152.39922341
 152.76236001 153.15103798 153.53693287 153.92893044 154.29421573
 154.66361699 155.0482222  155.4255877  155.79929347 156.15003131
 156.49917371 156.86744    157.24651877 157.63846931 158.02614983
 158.41481252 158.80165683 159.18018825 159.54655778 159.92610465
 160.2990107  160.64141515 160.97526693 161.32403557 161.68679473
 162.06596838 162.43063765 162.80869462 163.19178582 163.55485128
 163.91447629 164.27526463 164.6625605  165.04502531 165.43715201
 165.81902668 166.1907889  166.57700895 166.99138924 167.44906443
 167.91865589 168.36913235 168.79873753 169.22959599 169.66677685
 170.11980387 170.59521732 171.08043109 171.56649252 172.04270161
 172.51032012 172.95356819 173.38935846 173.8207898  174.27324598
 174.73898293 175.20415801 175.6718786  176.12560354 176.57753469
 177.05687668 177.53081718 177.99144441 178.43916364 178.86021763
 179.27869694 179.70094924 180.10820122 180.46492449 180.82663571
 181.18759081 181.54226487 181.90885078 182.2706934  182.5879144
 182.90148711 183.22988798 183.54628039 183.89531168 184.2437482
 184.58990593 184.91013555 185.23812602 185.58136689 185.94687314
 186.3347038  186.68616913 187.00295354 187.27642935 187.51557362
 187.73137006 187.91846315 188.09385911 188.26761109 188.4548779
 188.64176156 188.84521974 189.03862036 189.20672813 189.37318625
 189.54146229 189.69210112 189.81892982 189.94473302 190.06895325
 190.17968568 190.31492002 190.44704543 190.57996382 190.69757368
 190.77811629 190.88121165 190.98453505 191.05315803 191.11700257
 191.17910397 191.23104774 191.28804353 191.32492179 191.35078587
 191.37029422 191.38116566 191.3969467  191.40627268 191.40948701
 191.39259264 191.38440195 191.36919434 191.38377197 191.39870405
 191.41676785 191.44566214 191.47060844 191.47814198 191.44572986
 191.41551401 191.35401366 191.26506319 191.17578588 191.10548735
 191.02546403 190.92408977 190.82755856 190.74193819 190.69009601
 190.63625348 190.59523516 190.56255228 190.49803824 190.45201919
 190.41466179 190.37297018 190.34340662 190.30089894 190.24690748
 190.19930216 190.14590204 190.06634597 189.99415565]"
n:f45it30 corrfield z2:216.0 z1:1368.0 data:neg,"[ 6.35644470e-02  6.36146735e-02  6.36733596e-02  6.37167486e-02
  6.37435260e-02  6.37510544e-02  6.37718216e-02  6.37927692e-02
  6.38026702e-02  6.38207014e-02  6.38364069e-02  6.38510653e-02
  6.38647719e-02  6.38460516e-02  6.38198492e-02  6.37667919e-02
  6.37164637e-02  6.36675363e-02  6.36105574e-02  6.35698072e-02
  6.35597372e-02  6.35436472e-02  6.35612463e-02  6.35675722e-02
  6.35542403e-02  6.35445186e-02  6.35283981e-02  6.35163680e-02
  6.35308415e-02  6.35413267e-02  6.35378300e-02  6.35519284e-02
  6.35708788e-02  6.35975472e-02  6.35765107e-02  6.35803348e-02
  6.35860296e-02  6.35538029e-02  6.35046597e-02  6.34653726e-02
  6.34396680e-02  6.33980071e-02  6.33737734e-02  6.33155130e-02
  6.32362133e-02  6.31666499e-02  6.30748325e-02  6.29797666e-02
  6.29094767e-02  6.28658414e-02  6.28017637e-02  6.27112389e-02
  6.26351703e-02  6.25642974e-02  6.25270459e-02  6.24835978e-02
  6.24284105e-02  6.23887056e-02  6.24044706e-02  6.24000048e-02
  6.23899378e-02  6.23802076e-02  6.23452534e-02  6.23097182e-02
  6.22689053e-02  6.22429099e-02  6.22327782e-02  6.21825143e-02
  6.21529002e-02  6.21581885e-02  6.21871766e-02  6.22178659e-02
  6.22724045e-02  6.23479638e-02  6.24095022e-02  6.24889912e-02
  6.26025251e-02  6.27007144e-02  6.27861271e-02  6.28854646e-02
  6.29894676e-02  6.31397673e-02  6.32714039e-02  6.34045033e-02
  6.35360193e-02  6.36409551e-02  6.37943169e-02  6.39548440e-02
  6.41540142e-02  6.43552352e-02  6.45380655e-02  6.47125333e-02
  6.48659361e-02  6.50320119e-02  6.52187568e-02  6.54481988e-02
  6.56802750e-02  6.59039012e-02  6.61317064e-02  6.63666105e-02
  6.66170186e-02  6.68534397e-02  6.70742945e-02  6.72867028e-02
  6.75015428e-02  6.77235712e-02  6.79646417e-02  6.82387749e-02
  6.85216467e-02  6.87904046e-02  6.90412362e-02  6.92706993e-02
  6.95535523e-02  6.98677743e-02  7.01617242e-02  7.04324208e-02
  7.07084556e-02  7.10230428e-02  7.13236702e-02  7.16320196e-02
  7.19500263e-02  7.22869764e-02  7.26336730e-02  7.29627407e-02
  7.33068750e-02  7.36373064e-02  7.39795015e-02  7.43408790e-02
  7.47006922e-02  7.50540975e-02  7.53705327e-02  7.57027607e-02
  7.60436865e-02  7.63743090e-02  7.67062640e-02  7.70661438e-02
  7.74517916e-02  7.78270965e-02  7.81895398e-02  7.85364007e-02
  7.88987110e-02  7.92767102e-02  7.96470623e-02  8.00263682e-02
  8.03865499e-02  8.07296051e-02  8.10686151e-02  8.13708560e-02
  8.16495725e-02  8.18932685e-02  8.21526353e-02  8.24183362e-02
  8.27075600e-02  8.29690127e-02  8.32128016e-02  8.34602434e-02
  8.36835929e-02  8.38995943e-02  8.41211039e-02  8.43721370e-02
  8.46532320e-02  8.49139965e-02  8.51429093e-02  8.53387486e-02
  8.55215357e-02  8.56877342e-02  8.58511375e-02  8.60351517e-02
  8.61818074e-02  8.63352630e-02  8.64823226e-02  8.66471843e-02
  8.68300896e-02  8.70230202e-02  8.71970734e-02  8.73636631e-02
  8.75259547e-02  8.77080357e-02  8.79003189e-02  8.80651838e-02
  8.82306964e-02  8.83882181e-02  8.85391655e-02  8.86767090e-02
  8.88185103e-02  8.89407640e-02  8.90253666e-02  8.90945281e-02
  8.91503382e-02  8.92332671e-02  8.93418362e-02  8.94444923e-02
  8.95214538e-02  8.95776104e-02  8.96324732e-02  8.96724922e-02
  8.97049332e-02  8.97380179e-02  8.97538311e-02  8.97536573e-02
  8.97530849e-02  8.97361604e-02  8.97128165e-02  8.96585739e-02
  8.95904423e-02  8.95165448e-02  8.94242138e-02  8.93089737e-02
  8.91939284e-02  8.90824519e-02  8.89853228e-02  8.88387962e-02
  8.86990071e-02  8.85374949e-02  8.83449695e-02  8.81295900e-02
  8.78928779e-02  8.76463255e-02  8.74044452e-02  8.71850940e-02
  8.69502379e-02  8.66776362e-02  8.63817628e-02  8.60809723e-02
  8.57813491e-02  8.54752303e-02  8.51725874e-02  8.48607551e-02
  8.45431194e-02  8.41981909e-02  8.38442237e-02  8.34968979e-02
  8.31097870e-02  8.27321096e-02  8.23275026e-02  8.19159032e-02
  8.15009356e-02  8.10768618e-02  8.06420237e-02  8.02032219e-02
  7.97481473e-02  7.92626044e-02  7.87916110e-02  7.83095106e-02
  7.78082431e-02  7.73007782e-02  7.68389590e-02  7.63854230e-02
  7.59116147e-02  7.54081267e-02  7.49058271e-02  7.43878482e-02
  7.38380341e-02  7.32952515e-02  7.27607648e-02  7.22310845e-02
  7.16736828e-02  7.11211102e-02  7.05700525e-02  7.00189900e-02
  6.94623708e-02  6.88924547e-02  6.83195724e-02  6.77387539e-02
  6.71271874e-02  6.65156780e-02  6.59103611e-02  6.52826379e-02
  6.46421830e-02  6.39888960e-02  6.33396121e-02  6.27082665e-02
  6.20508346e-02  6.13677832e-02  6.06742885e-02  5.99629866e-02
  5.92401042e-02  5.84601532e-02  5.76816982e-02  5.69108072e-02
  5.61419003e-02  5.53548775e-02  5.45728850e-02  5.38012346e-02
  5.30256579e-02  5.22315490e-02  5.14349452e-02  5.06269424e-02
  4.98145268e-02  4.89839781e-02  4.81552255e-02  4.73373468e-02
  4.65392677e-02  4.57503627e-02  4.49541750e-02  4.41334666e-02
  4.32802587e-02  4.24848690e-02  4.16860904e-02  4.08284620e-02
  3.99904411e-02  3.91160952e-02  3.82509433e-02  3.74144980e-02
  3.65826845e-02  3.57189759e-02  3.48690592e-02  3.40148228e-02
  3.31935343e-02  3.23868881e-02  3.15972452e-02  3.07975875e-02
  2.99990264e-02  2.92150940e-02  2.84324162e-02  2.76313841e-02
  2.67927641e-02  2.59272435e-02  2.50818827e-02  2.42310371e-02
  2.33567339e-02  2.24994400e-02  2.15987236e-02  2.07166172e-02
  1.98483611e-02  1.89736605e-02  1.80843588e-02  1.71888206e-02
  1.62430929e-02  1.52699054e-02  1.43011958e-02  1.33428788e-02
  1.24160104e-02  1.14918636e-02  1.05854719e-02  9.70359776e-03
  8.83609991e-03  7.97215573e-03  7.12001405e-03  6.23708319e-03
  5.33840273e-03  4.45865889e-03  3.56457767e-03  2.62801387e-03
  1.66949362e-03  7.05088498e-04 -2.86676663e-04 -1.26341874e-03
 -2.24365543e-03 -3.22859779e-03 -4.22465655e-03 -5.21674256e-03
 -6.21955743e-03 -7.21606623e-03 -8.22614206e-03 -9.20624130e-03
 -1.02033102e-02 -1.12339819e-02 -1.23042349e-02 -1.33802027e-02
 -1.44435916e-02 -1.55316284e-02 -1.66117472e-02 -1.76656074e-02
 -1.87021499e-02 -1.97674848e-02 -2.08375429e-02 -2.19319303e-02
 -2.30161363e-02 -2.41244178e-02 -2.52371009e-02 -2.63648925e-02
 -2.74859277e-02 -2.86042077e-02 -2.97062574e-02 -3.08300356e-02
 -3.19321021e-02 -3.30223250e-02 -3.40859320e-02 -3.51555473e-02
 -3.62711088e-02 -3.73940482e-02 -3.85258958e-02 -3.96581926e-02
 -4.07691384e-02 -4.18664884e-02 -4.29722512e-02 -4.40765997e-02
 -4.51886170e-02 -4.63276951e-02 -4.74690058e-02 -4.85992575e-02
 -4.97008329e-02 -5.07815741e-02 -5.18815464e-02 -5.29890837e-02
 -5.40614845e-02 -5.51202796e-02 -5.61762679e-02 -5.72465086e-02
 -5.83346671e-02 -5.94284161e-02 -6.05216073e-02 -6.16277318e-02
 -6.27262535e-02 -6.37991236e-02 -6.48204428e-02 -6.58243782e-02
 -6.68345015e-02 -6.78358204e-02 -6.88434712e-02 -6.98715210e-02
 -7.09006752e-02 -7.19273087e-02 -7.29168311e-02 -7.38688055e-02
 -7.47897910e-02 -7.56876658e-02 -7.65868892e-02 -7.74506802e-02
 -7.82937495e-02 -7.91601013e-02 -8.00175837e-02 -8.08720698e-02
 -8.17236181e-02 -8.25779988e-02 -8.33831380e-02 -8.41593358e-02
 -8.49064800e-02 -8.56410910e-02 -8.63835600e-02 -8.71311231e-02
 -8.78628068e-02 -8.85711065e-02 -8.92782130e-02 -8.99801914e-02
 -9.06429164e-02 -9.12628457e-02 -9.18993050e-02 -9.25337541e-02
 -9.31462467e-02 -9.37511584e-02 -9.43732339e-02 -9.49635572e-02
 -9.55432711e-02 -9.60894302e-02 -9.66521935e-02 -9.72016355e-02
 -9.77454749e-02 -9.82608119e-02 -9.87933059e-02 -9.93447613e-02
 -9.98840302e-02 -1.00401178e-01 -1.00892257e-01 -1.01338146e-01
 -1.01749823e-01 -1.02143195e-01 -1.02523002e-01 -1.02896281e-01
 -1.03235637e-01 -1.03591251e-01 -1.03944176e-01 -1.04296997e-01
 -1.04634433e-01 -1.04938325e-01 -1.05278122e-01 -1.05583638e-01
 -1.05845644e-01 -1.06103235e-01 -1.06379034e-01 -1.06609555e-01
 -1.06844505e-01 -1.07048384e-01 -1.07230702e-01 -1.07410742e-01
 -1.07581814e-01 -1.07768237e-01 -1.07945246e-01 -1.08131501e-01
 -1.08319688e-01 -1.08481477e-01 -1.08600848e-01 -1.08724025e-01
 -1.08823926e-01 -1.08902699e-01 -1.08953758e-01 -1.09000700e-01
 -1.09010064e-01 -1.08985329e-01 -1.08961413e-01 -1.08947005e-01
 -1.08900859e-01 -1.08811967e-01 -1.08734791e-01 -1.08644235e-01
 -1.08497194e-01 -1.08337729e-01 -1.08160249e-01 -1.07990867e-01
 -1.07805597e-01 -1.07600773e-01 -1.07361559e-01 -1.07122291e-01
 -1.06885077e-01 -1.06629935e-01 -1.06374349e-01 -1.06120866e-01
 -1.05860852e-01 -1.05547590e-01 -1.05213496e-01 -1.04884326e-01
 -1.04510094e-01 -1.04096985e-01 -1.03665961e-01 -1.03276954e-01
 -1.02924646e-01 -1.02548718e-01 -1.02150811e-01 -1.01758458e-01
 -1.01363340e-01 -1.00953814e-01 -1.00555849e-01 -1.00125497e-01
 -9.97060172e-02 -9.92793842e-02 -9.88224521e-02 -9.83574356e-02
 -9.78630460e-02 -9.73727413e-02 -9.68800761e-02 -9.63555461e-02
 -9.58174298e-02 -9.52879289e-02 -9.47421067e-02 -9.42013303e-02
 -9.36494297e-02 -9.30796206e-02 -9.25016241e-02 -9.19135548e-02
 -9.13482247e-02 -9.07367032e-02 -9.00941026e-02 -8.94650718e-02
 -8.88325847e-02 -8.81751225e-02 -8.74782555e-02 -8.67702207e-02
 -8.60750531e-02 -8.53485455e-02 -8.45763900e-02 -8.37993060e-02
 -8.30214148e-02 -8.22607633e-02 -8.14849139e-02 -8.06599190e-02
 -7.98251328e-02 -7.89660488e-02 -7.81378722e-02 -7.73471245e-02
 -7.65358750e-02 -7.56864933e-02 -7.48549423e-02 -7.40162738e-02
 -7.31767798e-02 -7.23332411e-02 -7.14873575e-02 -7.06614877e-02
 -6.98128229e-02 -6.89399819e-02 -6.80170242e-02 -6.70644885e-02
 -6.61044996e-02 -6.51583978e-02 -6.42159768e-02 -6.33086982e-02
 -6.24081463e-02 -6.15028714e-02 -6.05914479e-02 -5.96895568e-02
 -5.87890476e-02 -5.78814685e-02 -5.69661737e-02 -5.60279383e-02
 -5.51014653e-02 -5.42056482e-02 -5.33135629e-02 -5.24159078e-02
 -5.15157079e-02 -5.06291616e-02 -4.97875345e-02 -4.89300217e-02
 -4.80293177e-02 -4.71030074e-02 -4.62078854e-02 -4.53380232e-02
 -4.44750338e-02 -4.36437250e-02 -4.28149651e-02 -4.19846029e-02
 -4.11253851e-02 -4.02728976e-02 -3.94753836e-02 -3.86877508e-02
 -3.78952338e-02 -3.71378367e-02 -3.63702492e-02 -3.56039522e-02
 -3.48923151e-02 -3.41752724e-02 -3.34897352e-02 -3.28206413e-02
 -3.21644742e-02 -3.14837795e-02 -3.07809495e-02 -3.00620256e-02
 -2.93762677e-02 -2.87152796e-02 -2.80810131e-02 -2.74501952e-02
 -2.68351418e-02 -2.62248175e-02 -2.55986000e-02 -2.49983840e-02
 -2.44233864e-02 -2.38491376e-02 -2.33035712e-02 -2.27861282e-02
 -2.22707245e-02 -2.17740259e-02 -2.12995694e-02 -2.08351907e-02
 -2.03677387e-02 -1.99052128e-02 -1.94233723e-02 -1.89592053e-02
 -1.85130209e-02 -1.80709006e-02 -1.76527056e-02 -1.72269463e-02
 -1.68121073e-02 -1.64049247e-02 -1.60159774e-02 -1.55986756e-02
 -1.52118185e-02 -1.48452057e-02 -1.44612994e-02 -1.40707630e-02
 -1.36811259e-02 -1.32950258e-02 -1.29320701e-02 -1.26192561e-02
 -1.22891693e-02 -1.19658747e-02 -1.16253258e-02 -1.12834152e-02
 -1.09378972e-02 -1.06309937e-02 -1.03268062e-02 -1.00243568e-02
 -9.69642898e-03 -9.35738756e-03 -9.06299307e-03 -8.78273629e-03
 -8.46514768e-03 -8.11738569e-03 -7.77881710e-03 -7.45078109e-03
 -7.15193653e-03 -6.86499423e-03 -6.59180115e-03 -6.31912467e-03
 -6.06162922e-03 -5.84703090e-03 -5.65066099e-03 -5.44505117e-03
 -5.25053021e-03 -5.07542951e-03 -4.91496056e-03 -4.78866776e-03
 -4.66843622e-03 -4.55786635e-03 -4.43580002e-03 -4.34369345e-03
 -4.27367127e-03 -4.17788838e-03 -4.07407186e-03 -3.97066096e-03
 -3.86659082e-03 -3.78203283e-03 -3.68545242e-03 -3.58551243e-03
 -3.53618184e-03 -3.49039320e-03 -3.47516837e-03 -3.47539638e-03
 -3.44914191e-03 -3.39803858e-03 -3.36089209e-03 -3.34219917e-03
 -3.34280359e-03 -3.32986294e-03 -3.32950541e-03 -3.32036113e-03
 -3.29496784e-03 -3.29313477e-03 -3.29606339e-03 -3.31360359e-03
 -3.34442147e-03 -3.38530210e-03 -3.43233203e-03 -3.50224982e-03
 -3.57407457e-03 -3.64504063e-03 -3.74210103e-03 -3.86814715e-03
 -3.99387483e-03 -4.11035404e-03 -4.24829736e-03 -4.39747185e-03
 -4.55519118e-03 -4.70265210e-03 -4.86329948e-03 -5.03281108e-03
 -5.20079862e-03 -5.35601614e-03 -5.51295533e-03 -5.67808176e-03
 -5.83729875e-03 -6.01210372e-03 -6.16422777e-03 -6.32487390e-03
 -6.49818661e-03 -6.68592688e-03 -6.88340781e-03 -7.09003062e-03
 -7.30864623e-03 -7.55647560e-03 -7.82877288e-03 -8.13392407e-03
 -8.42611104e-03 -8.69647309e-03 -8.97055533e-03 -9.26361221e-03
 -9.55459207e-03 -9.83660730e-03 -1.00899364e-02 -1.03379130e-02
 -1.05879335e-02 -1.08471649e-02 -1.11347279e-02 -1.14277142e-02
 -1.17196017e-02 -1.20305971e-02 -1.23339318e-02 -1.26510244e-02
 -1.29656310e-02 -1.32896432e-02 -1.36271389e-02 -1.39471974e-02
 -1.42773405e-02 -1.46334268e-02 -1.50080952e-02 -1.54099625e-02
 -1.58304993e-02 -1.62590984e-02 -1.66667105e-02 -1.70718683e-02
 -1.74726359e-02 -1.78691043e-02 -1.82525084e-02 -1.86480853e-02
 -1.90531733e-02 -1.94743103e-02 -1.99147478e-02 -2.03686665e-02
 -2.08291904e-02 -2.13159120e-02 -2.18095929e-02 -2.22677068e-02
 -2.27021790e-02 -2.31434276e-02 -2.35791294e-02 -2.40054411e-02
 -2.44193083e-02 -2.48599715e-02 -2.53272569e-02 -2.58120249e-02
 -2.62701406e-02 -2.67501228e-02 -2.72249972e-02 -2.76885774e-02
 -2.81461699e-02 -2.85978268e-02 -2.90065127e-02 -2.93879321e-02
 -2.97620363e-02 -3.01315333e-02 -3.05026685e-02 -3.08890413e-02
 -3.12763264e-02 -3.16467980e-02 -3.20207320e-02 -3.24332536e-02
 -3.28150091e-02 -3.32001602e-02 -3.35996874e-02 -3.40295025e-02
 -3.44706460e-02 -3.49117001e-02 -3.53448518e-02 -3.57929921e-02
 -3.62513133e-02 -3.66984762e-02 -3.71566982e-02 -3.75984994e-02
 -3.80307305e-02 -3.84224569e-02 -3.87963284e-02 -3.91842941e-02
 -3.95717591e-02 -3.99435790e-02 -4.02835711e-02 -4.06351768e-02
 -4.09937822e-02 -4.13259968e-02 -4.16612821e-02 -4.20144076e-02
 -4.23603628e-02 -4.26770035e-02 -4.30156115e-02 -4.33475161e-02
 -4.36287488e-02 -4.39045688e-02 -4.41639668e-02 -4.43981683e-02
 -4.46487957e-02 -4.48972589e-02 -4.51419183e-02 -4.53522923e-02
 -4.55798799e-02 -4.58022618e-02 -4.60189464e-02 -4.62154370e-02
 -4.64103174e-02 -4.65898698e-02 -4.67510188e-02 -4.68977537e-02
 -4.70425550e-02 -4.71579212e-02 -4.72398308e-02 -4.73207138e-02
 -4.74132988e-02 -4.75003035e-02 -4.75936176e-02 -4.76584868e-02
 -4.77148555e-02 -4.77258245e-02 -4.77706923e-02 -4.78383365e-02
 -4.78658086e-02 -4.78961831e-02 -4.79139812e-02 -4.79187364e-02
 -4.79266262e-02 -4.79540378e-02 -4.80257779e-02 -4.80643773e-02
 -4.80844593e-02 -4.80676003e-02 -4.80315248e-02 -4.79930169e-02
 -4.79376857e-02 -4.78566643e-02 -4.77798783e-02 -4.76931471e-02
 -4.75795782e-02 -4.74692301e-02 -4.73735487e-02 -4.72693857e-02
 -4.71465020e-02 -4.70045752e-02 -4.68589549e-02 -4.66683377e-02
 -4.64826060e-02 -4.62904494e-02 -4.60947646e-02 -4.58985620e-02
 -4.56911159e-02 -4.54731866e-02 -4.52596632e-02 -4.50385793e-02
 -4.48482540e-02 -4.46166037e-02 -4.43596464e-02 -4.40938249e-02
 -4.37873911e-02 -4.34815385e-02 -4.32222408e-02 -4.29664333e-02
 -4.26940465e-02 -4.24216425e-02 -4.21205979e-02 -4.18178222e-02
 -4.15295142e-02 -4.12187443e-02 -4.08794440e-02 -4.05333907e-02
 -4.02138604e-02 -3.99089683e-02 -3.96037525e-02 -3.92397047e-02
 -3.88598726e-02 -3.84807672e-02 -3.80856331e-02 -3.76716400e-02
 -3.72490572e-02 -3.68130375e-02 -3.63778976e-02 -3.59254132e-02
 -3.54854103e-02 -3.50209752e-02 -3.45396971e-02 -3.40506426e-02
 -3.34962273e-02 -3.29384538e-02 -3.23923801e-02 -3.18550871e-02
 -3.13407503e-02 -3.08228756e-02 -3.03004017e-02 -2.97941346e-02
 -2.92766720e-02 -2.87371742e-02 -2.82208872e-02 -2.76820477e-02
 -2.71169140e-02 -2.65602998e-02 -2.59923838e-02 -2.54464634e-02
 -2.49311925e-02 -2.44268730e-02 -2.39272214e-02 -2.34347403e-02
 -2.29168482e-02 -2.24004578e-02 -2.19051326e-02 -2.14219746e-02
 -2.09391379e-02 -2.04604378e-02 -1.99934031e-02 -1.95190716e-02
 -1.90632838e-02 -1.85990320e-02 -1.81621619e-02 -1.77257355e-02
 -1.73148947e-02 -1.68934579e-02 -1.64659647e-02 -1.60077389e-02
 -1.55222009e-02 -1.50340645e-02 -1.45454821e-02 -1.40221769e-02
 -1.35097384e-02 -1.29816657e-02 -1.24537742e-02 -1.19355678e-02
 -1.14030942e-02 -1.08969243e-02 -1.04098710e-02 -9.90480634e-03
 -9.40191166e-03 -8.92479148e-03 -8.43679868e-03 -7.90022751e-03
 -7.37107464e-03 -6.85441591e-03 -6.35172686e-03 -5.82435158e-03
 -5.29698242e-03 -4.76899900e-03 -4.23393305e-03 -3.68959582e-03
 -3.13725918e-03 -2.60571386e-03 -2.06063978e-03 -1.54790574e-03
 -1.02539686e-03 -5.18689040e-04 -1.22810963e-05  4.67189331e-04
  9.28232920e-04  1.38994887e-03  1.83773294e-03  2.27634950e-03
  2.72029069e-03  3.20136521e-03  3.68806701e-03  4.17052742e-03
  4.65883526e-03  5.16222795e-03  5.69218029e-03  6.23677012e-03
  6.77510855e-03  7.29386581e-03  7.80965850e-03  8.31657145e-03
  8.82698514e-03  9.34802309e-03  9.87977253e-03  1.04206374e-02
  1.09631804e-02  1.14812377e-02  1.20328938e-02  1.26181517e-02
  1.32173630e-02  1.38085949e-02  1.43633254e-02  1.49215139e-02
  1.54823455e-02  1.60426399e-02  1.66062828e-02  1.71589623e-02
  1.77119253e-02  1.82542729e-02  1.87361212e-02  1.92282355e-02
  1.97420763e-02  2.02583140e-02  2.07915390e-02  2.13111859e-02
  2.18326795e-02  2.23384209e-02  2.28232634e-02  2.32994967e-02
  2.37442660e-02  2.42124883e-02  2.46781413e-02  2.50902957e-02
  2.54750666e-02  2.58423075e-02  2.62161421e-02  2.66123800e-02
  2.70158903e-02  2.73948319e-02  2.78198073e-02  2.82569232e-02
  2.86727497e-02  2.90739609e-02  2.94753442e-02  2.98618266e-02
  3.02514661e-02  3.06575374e-02  3.10469967e-02  3.14488430e-02
  3.18412559e-02  3.22002500e-02  3.25609668e-02  3.29156927e-02
  3.32614863e-02  3.35947981e-02  3.39315988e-02  3.42473762e-02
  3.45461737e-02  3.48576925e-02  3.51570025e-02  3.54643131e-02
  3.57415036e-02  3.60358539e-02  3.63274511e-02  3.66149484e-02
  3.69190170e-02  3.71738161e-02  3.74360177e-02  3.77178794e-02
  3.79959428e-02  3.82812953e-02  3.85836883e-02  3.88724322e-02
  3.91617543e-02  3.94533916e-02  3.97468470e-02  4.00579388e-02
  4.04029602e-02  4.07306533e-02  4.10493301e-02  4.13718059e-02
  4.16907382e-02  4.20242490e-02  4.23543051e-02  4.26501900e-02
  4.29509697e-02  4.32318918e-02  4.35362414e-02  4.38313763e-02
  4.40640788e-02  4.43145793e-02  4.45321920e-02  4.47485102e-02
  4.49984582e-02  4.52510500e-02  4.54985633e-02  4.57604940e-02
  4.60122016e-02  4.62490672e-02  4.64442983e-02  4.66525162e-02
  4.68528922e-02  4.70603341e-02  4.72541514e-02  4.74703911e-02
  4.77060642e-02  4.79503905e-02  4.81825405e-02  4.84011166e-02
  4.86254542e-02  4.88491213e-02  4.90641991e-02  4.92566123e-02
  4.94712355e-02  4.96875166e-02  4.99097631e-02  5.01163916e-02
  5.03071525e-02  5.04546027e-02  5.05942806e-02  5.07638117e-02
  5.09150639e-02  5.10507293e-02  5.12090623e-02  5.13875860e-02
  5.15404790e-02  5.16933370e-02  5.17942595e-02  5.19289264e-02
  5.20647268e-02  5.21904432e-02  5.23297135e-02  5.24815508e-02
  5.26333916e-02  5.27739589e-02  5.29292605e-02  5.30959592e-02
  5.32317327e-02  5.33671409e-02  5.35116582e-02  5.36655704e-02
  5.37780526e-02  5.38617925e-02  5.39307056e-02  5.39841150e-02
  5.40213533e-02  5.40634399e-02  5.41140413e-02  5.41677664e-02
  5.42377804e-02  5.43227015e-02  5.43952302e-02  5.44343727e-02
  5.44605343e-02  5.45253227e-02  5.45969946e-02  5.46380581e-02
  5.46675293e-02  5.46956820e-02  5.47407943e-02  5.47617830e-02
  5.47673282e-02  5.47779824e-02  5.47933099e-02  5.48030334e-02
  5.48341666e-02  5.48705177e-02  5.49103383e-02  5.49142707e-02
  5.49072362e-02  5.49356988e-02  5.49451899e-02  5.49349175e-02
  5.49285540e-02  5.49063652e-02  5.48797198e-02  5.48426291e-02
  5.48047192e-02  5.47485792e-02  5.46914876e-02  5.46413744e-02
  5.45999378e-02  5.45353593e-02  5.44783650e-02  5.44498705e-02
  5.44049329e-02  5.43542674e-02  5.43362078e-02  5.43101582e-02
  5.42803380e-02  5.42626032e-02  5.42606543e-02  5.42853653e-02
  5.42931087e-02  5.42823292e-02  5.42770606e-02  5.42741519e-02
  5.42660433e-02  5.42632191e-02  5.42614186e-02  5.42592067e-02
  5.42680972e-02  5.42734277e-02  5.43010882e-02  5.43090931e-02
  5.43271726e-02  5.43760645e-02  5.44283746e-02  5.44615816e-02
  5.45058781e-02  5.45804660e-02  5.46390356e-02  5.46936142e-02
  5.47298344e-02  5.47828102e-02  5.48550622e-02  5.49290930e-02
  5.49922708e-02  5.50581278e-02  5.50974693e-02  5.51410733e-02
  5.51860438e-02  5.52232815e-02  5.53008795e-02  5.53653629e-02
  5.53781452e-02  5.54258818e-02  5.54974612e-02  5.55195025e-02
  5.55437009e-02  5.55691408e-02  5.55937077e-02  5.56093716e-02
  5.56212405e-02  5.56297201e-02  5.56493468e-02  5.56634564e-02
  5.57029501e-02  5.57387495e-02  5.57608350e-02  5.57910723e-02
  5.58162574e-02  5.58129818e-02  5.58250503e-02  5.58682521e-02
  5.59334466e-02  5.60242125e-02  5.61199353e-02  5.61953204e-02
  5.62728971e-02  5.63341161e-02  5.64039724e-02  5.65001081e-02
  5.65936265e-02  5.66773976e-02  5.67362490e-02  5.68152824e-02
  5.68859596e-02  5.69368736e-02  5.70068728e-02  5.70839639e-02
  5.71525015e-02  5.72198190e-02  5.72609106e-02  5.73290566e-02
  5.73595727e-02  5.73567633e-02  5.73988098e-02  5.74624141e-02
  5.75237534e-02  5.75717922e-02  5.76176747e-02  5.76502530e-02
  5.76993781e-02  5.77582993e-02  5.78194804e-02  5.78577766e-02
  5.79187960e-02  5.79896507e-02  5.80568178e-02  5.81156015e-02
  5.81768293e-02  5.82502760e-02  5.83111177e-02  5.83706981e-02
  5.84326754e-02  5.85248045e-02  5.85989312e-02  5.86653059e-02
  5.87336071e-02  5.87773728e-02  5.88332009e-02  5.89008683e-02
  5.89694096e-02  5.90295491e-02  5.91054610e-02  5.91893803e-02
  5.92593706e-02  5.93404381e-02  5.94092188e-02  5.94379913e-02
  5.94579505e-02  5.94860130e-02  5.95161778e-02  5.95445972e-02
  5.95911411e-02  5.96416583e-02  5.96735094e-02  5.96880762e-02
  5.97435969e-02  5.98236422e-02  5.98749710e-02  5.98702631e-02
  5.98640302e-02  5.98816473e-02  5.99396775e-02  6.00046938e-02
  6.00552513e-02  6.00861475e-02  6.00755939e-02  6.00447116e-02
  6.00818095e-02  6.01476577e-02  6.02365241e-02  6.03304557e-02
  6.04135606e-02  6.04813199e-02  6.05558545e-02  6.06429571e-02
  6.07041384e-02  6.07826864e-02  6.08499510e-02  6.09109820e-02
  6.09908940e-02  6.10657130e-02  6.11281364e-02  6.12229292e-02
  6.13248140e-02  6.14255785e-02  6.15576266e-02  6.16733906e-02
  6.17662048e-02  6.18770460e-02  6.19578831e-02  6.20522756e-02
  6.21178046e-02  6.22046879e-02  6.23006937e-02  6.23799303e-02
  6.24756869e-02  6.26094529e-02  6.27170499e-02  6.28145538e-02
  6.29226626e-02  6.29850383e-02  6.30340915e-02  6.31380637e-02
  6.32199808e-02  6.32904767e-02  6.33686510e-02  6.34413992e-02
  6.35088635e-02]","[0.08222733 0.08213067 0.08198769 0.08183441 0.08169476 0.08153234
 0.08136919 0.08120252 0.0810369  0.08087027 0.08070546 0.08053234
 0.08036146 0.0801985  0.08003772 0.07986089 0.07968519 0.07950319
 0.07929907 0.07911459 0.07895195 0.07878079 0.07863362 0.07849866
 0.07833912 0.07818614 0.07803266 0.0778501  0.07765813 0.07747578
 0.07728387 0.07709149 0.07693027 0.07674881 0.07655089 0.07636204
 0.07618493 0.07600718 0.07581396 0.07560814 0.07539533 0.07520254
 0.07501315 0.07482456 0.07464407 0.07449044 0.07431942 0.07413845
 0.07395301 0.07376256 0.0735847  0.07342203 0.07325508 0.07308358
 0.07291952 0.07273701 0.07253815 0.07234533 0.07215621 0.07196204
 0.07176665 0.07156667 0.07137951 0.07118916 0.07097196 0.07075213
 0.07056106 0.07036703 0.07016564 0.0699505  0.0697286  0.06949205
 0.06924257 0.06899882 0.06877579 0.06856516 0.0683771  0.06818566
 0.0680014  0.06783348 0.06767542 0.06749913 0.06734276 0.0672006
 0.0670802  0.06697523 0.06682886 0.06668066 0.06657278 0.06648707
 0.06637254 0.0662291  0.06609388 0.06597023 0.06584958 0.06572171
 0.06560373 0.06549261 0.06538714 0.06529656 0.06519271 0.06507633
 0.06497628 0.06488691 0.0648186  0.06474382 0.06467581 0.06457548
 0.06447028 0.06440242 0.0643485  0.06434255 0.06430845 0.0642668
 0.06425513 0.06422838 0.06420055 0.06416308 0.0641321  0.06407508
 0.06402665 0.06398242 0.06393804 0.06387991 0.06380856 0.06374775
 0.06368243 0.06359382 0.06350024 0.06339509 0.06332352 0.06322936
 0.06313487 0.06308451 0.06302334 0.06292548 0.0628123  0.06269083
 0.06258841 0.06247922 0.0623518  0.06223292 0.06213852 0.06207659
 0.06200726 0.06191699 0.06182778 0.0617558  0.06171159 0.06170834
 0.06168565 0.0616228  0.06151236 0.06141243 0.06134209 0.0612526
 0.06117999 0.0610966  0.06100189 0.06092691 0.06086967 0.06082773
 0.0607878  0.06077632 0.06078683 0.06078281 0.06076212 0.0607452
 0.06077001 0.06076229 0.06075207 0.06076928 0.06075759 0.06072513
 0.06072188 0.06074727 0.06076745 0.06078156 0.06077292 0.06077218
 0.06074502 0.06070236 0.06068742 0.06065934 0.06060942 0.06057535
 0.06057351 0.06059275 0.06058951 0.06057325 0.06052468 0.06046594
 0.06043276 0.06037987 0.06028892 0.06021054 0.06013671 0.06006964
 0.06002247 0.05998286 0.05995595 0.05994617 0.05994073 0.05993345
 0.05994965 0.05995888 0.05999704 0.06005144 0.06012407 0.06015484
 0.06015797 0.06016975 0.06019291 0.06021789 0.06024161 0.06027655
 0.0603105  0.06036876 0.06041181 0.06045245 0.06048803 0.06051693
 0.06054143 0.06058417 0.06062102 0.06065096 0.06070288 0.06075014
 0.06079469 0.06082142 0.0608417  0.06088278 0.06093928 0.0609941
 0.06106729 0.0611416  0.06117345 0.06116968 0.06118078 0.0611932
 0.06118428 0.06116879 0.0611752  0.06118867 0.06120856 0.06122554
 0.06124738 0.06131375 0.0613964  0.06149787 0.06159128 0.06171941
 0.06184242 0.0619592  0.06208533 0.06218831 0.06227897 0.0623482
 0.0624306  0.06252038 0.06260543 0.06268681 0.06275919 0.06281114
 0.06287426 0.06293029 0.06297481 0.06303052 0.06307392 0.06309294
 0.06306211 0.06299888 0.06297218 0.06297566 0.06296851 0.06294334
 0.06293617 0.06296299 0.06299847 0.06303432 0.06305696 0.06307051
 0.06309684 0.06312422 0.0631586  0.0631951  0.06325691 0.0633287
 0.06339118 0.06348831 0.06357721 0.06367886 0.06378533 0.06389528
 0.0640162  0.06417197 0.06431915 0.06441302 0.06447426 0.06456216
 0.06464107 0.06474398 0.06483238 0.06490489 0.06497436 0.06502634
 0.0650701  0.06515801 0.06519273 0.06522646 0.06523284 0.06523007
 0.06522193 0.0652495  0.06527087 0.06528514 0.06531722 0.06537616
 0.0653808  0.06536154 0.06535894 0.06533649 0.06530241 0.06523973
 0.06517808 0.06512201 0.06508818 0.06506096 0.06509171 0.06513472
 0.06516148 0.06516267 0.06517735 0.06518243 0.06517979 0.06514103
 0.06508833 0.06503595 0.06500527 0.06498433 0.06498211 0.06498275
 0.06496927 0.0649508  0.06491599 0.06489296 0.06488183 0.06487144
 0.06485379 0.06485302 0.06484616 0.06485731 0.06485583 0.06488958
 0.06493358 0.0649695  0.06502875 0.06510443 0.06514243 0.06518788
 0.06524759 0.06531413 0.06535475 0.06536188 0.06537945 0.06541047
 0.06543986 0.06548164 0.06553028 0.06557643 0.06560944 0.06564786
 0.06569508 0.06574531 0.06578249 0.06582014 0.06587251 0.06592043
 0.06595306 0.0659856  0.06598671 0.06598204 0.06601739 0.06606918
 0.06613545 0.06619942 0.06626685 0.06631296 0.066328   0.06633437
 0.06633127 0.06632619 0.06632321 0.06628014 0.06623008 0.0661954
 0.0661621  0.06610239 0.06602714 0.06595386 0.06590725 0.06587435
 0.06583303 0.06579968 0.06576942 0.06572947 0.0656836  0.06564607
 0.06560589 0.06555307 0.06552098 0.06550428 0.06550092 0.06551501
 0.06551508 0.06549306 0.06543468 0.06537918 0.06534098 0.06529511
 0.06521708 0.06514036 0.06505121 0.06496709 0.0649298  0.06490004
 0.06487291 0.06486461 0.06485197 0.06481353 0.06479782 0.06480848
 0.06481078 0.06480678 0.06480477 0.06483467 0.06483151 0.06481729
 0.06480656 0.06482524 0.06482906 0.06483759 0.06487025 0.06491295
 0.06494769 0.06497789 0.06500838 0.06501245 0.06501933 0.06503603
 0.065081   0.06515099 0.06523782 0.06531454 0.06540673 0.06549233
 0.06555328 0.06562524 0.0657021  0.06580594 0.06588355 0.06598354
 0.06608089 0.06618643 0.06627656 0.06632088 0.06640803 0.06649421
 0.0665713  0.06664881 0.06676644 0.06683059 0.06690618 0.06693812
 0.0669591  0.06698527 0.06701392 0.06704639 0.06707362 0.06715399
 0.06725956 0.0673713  0.06742583 0.06749524 0.06758465 0.06770486
 0.06777001 0.06783026 0.06782382 0.0677797  0.06776166 0.06780517
 0.06783766 0.06781417 0.06784284 0.06783769 0.0677921  0.0677856
 0.0677726  0.06776058 0.06774465 0.06771479 0.06763925 0.06760557
 0.06760485 0.06761179 0.0676143  0.06759554 0.06758564 0.06757572
 0.06753581 0.06750005 0.06747254 0.06742979 0.06738224 0.06736016
 0.06734592 0.06730322 0.06726474 0.06722988 0.0671906  0.06716254
 0.06711773 0.06705132 0.06695767 0.06688476 0.06682704 0.06679378
 0.06675865 0.06673386 0.06671409 0.06670492 0.06670254 0.06668189
 0.06664824 0.06662068 0.06659131 0.06653545 0.06648488 0.06646907
 0.06648028 0.06648053 0.06648933 0.06649889 0.06652223 0.06655157
 0.06658236 0.06659935 0.06661068 0.06660695 0.06656702 0.06651479
 0.06647807 0.06646302 0.06641284 0.06633108 0.06626985 0.06622396
 0.06621024 0.0662057  0.06617455 0.06612625 0.06612849 0.06616642
 0.06619825 0.06624576 0.06629883 0.06634697 0.06639804 0.06644763
 0.06646402 0.06644186 0.06640444 0.06639047 0.06638127 0.06640171
 0.066396   0.06637352 0.06638345 0.06640235 0.06641571 0.06640687
 0.06637989 0.0663549  0.06632347 0.06630935 0.06627553 0.06623864
 0.06618256 0.06611062 0.06604344 0.06597219 0.06590025 0.06583651
 0.06578199 0.06569209 0.06560214 0.06553179 0.06547267 0.06541654
 0.06535787 0.0652788  0.06519695 0.0651039  0.06499867 0.06489312
 0.06480023 0.06469316 0.06457285 0.06445448 0.06434601 0.06422356
 0.06412167 0.06402556 0.0639267  0.06382723 0.06372907 0.0636503
 0.06358362 0.06351669 0.06345861 0.06339903 0.06333829 0.06325443
 0.06318825 0.06315467 0.06313478 0.063102   0.06304831 0.06299933
 0.06293853 0.06288351 0.06281207 0.06273007 0.0626284  0.06252532
 0.06241576 0.06230271 0.06220125 0.06210685 0.06203849 0.06197908
 0.06191045 0.06184285 0.06181672 0.06182983 0.06184623 0.06184217
 0.0618688  0.06192194 0.06196804 0.06204881 0.06211059 0.06219465
 0.06226325 0.06229705 0.06232471 0.06238066 0.06244554 0.06252238
 0.06258105 0.06260863 0.06263511 0.06265627 0.06264874 0.06261034
 0.06258662 0.06255327 0.06255067 0.06255157 0.06257144 0.06255808
 0.06255199 0.06260282 0.06266195 0.06269662 0.06271362 0.06275691
 0.062836   0.06294232 0.06303622 0.06311885 0.06314081 0.06320485
 0.0633062  0.0633869  0.06347059 0.06351023 0.06355486 0.0636123
 0.06361656 0.06361596 0.06367546 0.06369931 0.06376077 0.06380844
 0.06381573 0.06380598 0.0637853  0.06380767 0.06383365 0.063801
 0.06376082 0.06370903 0.06362038 0.06355369 0.0635045  0.06349015
 0.06344849 0.06337744 0.06329225 0.0632299  0.0631774  0.06307458
 0.06300162 0.06297645 0.0629322  0.0628559  0.062815   0.06278831
 0.06276521 0.06271211 0.06265671 0.06263909 0.06263474 0.0626363
 0.06262873 0.06262081 0.06257062 0.06249697 0.06236572 0.06224983
 0.06212391 0.06200806 0.06191032 0.06179564 0.06171992 0.06165729
 0.06161233 0.06161418 0.06155404 0.06147886 0.06144836 0.06143941
 0.06142953 0.06140122 0.06132155 0.06122143 0.06110239 0.06100452
 0.06094337 0.0608537  0.06077046 0.06070528 0.06065528 0.06061669
 0.0605635  0.06049786 0.06043781 0.06036757 0.06031589 0.06029779
 0.06030869 0.06031096 0.06032    0.06034017 0.06035322 0.06035719
 0.06033499 0.06032496 0.06032158 0.06033285 0.06037065 0.0603952
 0.06041697 0.0604575  0.0605122  0.06054697 0.06059022 0.06062607
 0.06066013 0.06072378 0.06079148 0.06087367 0.06091935 0.06100761
 0.06112768 0.06123858 0.06131801 0.0614053  0.06149802 0.06159451
 0.06168819 0.06178766 0.06185811 0.06188215 0.06188003 0.06186978
 0.06185963 0.06184811 0.06182543 0.06181428 0.06180561 0.06181697
 0.06180239 0.06180773 0.06181691 0.06183188 0.06183731 0.06184569
 0.06186123 0.06188762 0.06191172 0.06190635 0.06190139 0.06189192
 0.06188576 0.06186527 0.06183097 0.06180513 0.06179407 0.06175381
 0.06168486 0.06163864 0.06165404 0.06166011 0.06164345 0.06164977
 0.06165592 0.0616422  0.06164887 0.06166636 0.06162261 0.06155766
 0.06144753 0.0613179  0.06125171 0.06115733 0.06105124 0.06091369
 0.06082788 0.06075513 0.06067644 0.06056838 0.06043515 0.06028988
 0.06010091 0.0598997  0.0597382  0.05957262 0.05937581 0.05922129
 0.05909592 0.05895939 0.05884581 0.0587129  0.05861059 0.05849238
 0.0584184  0.05835611 0.05821448 0.05808789 0.05796528 0.05786257
 0.05775303 0.05764995 0.05761505 0.05759488 0.05756049 0.05753076
 0.05748189 0.0573983  0.05727186 0.05714536 0.05707118 0.0570082
 0.05692389 0.05680702 0.05672935 0.05667968 0.05661691 0.05650929
 0.05641908 0.05629128 0.05615624 0.05598797 0.05588646 0.0557783
 0.05570144 0.05563313 0.05557092 0.0555442  0.05556368 0.05554411
 0.05549512 0.05545115 0.05535419 0.05529525 0.05531151 0.05538857
 0.05546303 0.05553127 0.05558156 0.0556277  0.05566069 0.05566015
 0.05566226 0.05568613 0.05576844 0.05585407 0.05598412 0.05597971
 0.05596563 0.05597126 0.05594251 0.05589933 0.05582979 0.05579522
 0.05578974 0.05577183 0.05577633 0.05575803 0.0557413  0.05570744
 0.05557869 0.05543971 0.05535172 0.05524926 0.05517483 0.05509736
 0.05507739 0.05506818 0.05503525 0.05494484 0.05488048 0.05481682
 0.05473001 0.05464187 0.05454718 0.05449946 0.05446964 0.05441524
 0.05440475 0.05439399 0.05435272 0.05435164 0.0543677  0.05443374
 0.05450245 0.05458004 0.05470939 0.05483094 0.05501154 0.05521074
 0.05543787 0.05562454 0.05588644 0.05615562 0.05641803 0.05659246
 0.05668462 0.05681841 0.05696759 0.05706161 0.05712187 0.05716009
 0.05721257 0.05725885 0.05731367 0.05740673 0.05746756 0.05747721
 0.05748057 0.05748441 0.05746551 0.05735926 0.05733193 0.05731674
 0.0572993  0.05723609 0.05713758 0.05705392 0.05692881 0.05680067
 0.05668345 0.05660975 0.05652249 0.05648525 0.05636603 0.05633046
 0.05633682 0.05635342 0.0564166  0.05650577 0.05664412 0.05681003
 0.05692759 0.05698428 0.05703813 0.05708336 0.057113   0.0571316
 0.05710782 0.05701755 0.05695596 0.05695034 0.05691469 0.0568832
 0.05686141 0.05683947 0.05679754 0.05667958 0.05653933 0.05642848
 0.05626942 0.05608435 0.05590054 0.05568806 0.055509   0.05536436
 0.05520407 0.05506293 0.05493457 0.0548281  0.05470326 0.05464729
 0.05469273 0.0546935  0.05466557 0.05461431 0.05459151 0.05464654
 0.05471272 0.05479065 0.05485905 0.05487441 0.0549265  0.05494318
 0.05495916 0.0550358  0.05511108 0.05519669 0.05526648 0.0553085
 0.05536024 0.05540655 0.05540179 0.05539525 0.05541836 0.05543063
 0.05547027 0.05551177 0.05550224 0.05547182 0.05544397 0.0554096
 0.05537634 0.05539742 0.05542726 0.05550363 0.05559105 0.05571148
 0.05581851 0.05591269 0.05601589 0.05609835 0.05616064 0.05619623
 0.05627582 0.05634309 0.05642532 0.05656308 0.0566632  0.05682128
 0.05698186 0.0571115  0.05726115 0.05743385 0.05761538 0.05783101
 0.05802916 0.05816829 0.05829953 0.05844332 0.05853472 0.05866531
 0.05881641 0.05895676 0.05906878 0.05916138 0.05929055 0.05950399
 0.05969119 0.05988043 0.06002076 0.06013655 0.0603259  0.06050796
 0.06070445 0.06093428 0.06111848 0.0613102  0.06147398 0.06161202
 0.06175067 0.06193412 0.06213615 0.06220953 0.06230051 0.06239362
 0.06246618 0.06251498 0.0625445  0.06250199 0.06244701 0.06238177
 0.0623342  0.06232101 0.06230453 0.06232295 0.06228959 0.06224938
 0.06220575 0.06219473 0.06217039 0.06218219 0.06220643 0.06217975
 0.06218913 0.06221018 0.06217939 0.06213123 0.06211235 0.06210187
 0.06215443 0.06217824 0.06218991 0.06221842 0.06224799 0.06228098
 0.06228938 0.06232161 0.06230806 0.06228077 0.0623113  0.06232838
 0.06231396 0.06230617 0.06235716 0.06240103 0.06242431 0.06249282
 0.06260208 0.06270291 0.06283336 0.06294536 0.06302223 0.06305211
 0.06309289 0.06318387 0.06330156 0.06340661 0.06352048 0.06365406
 0.06381742 0.06400644 0.06421908 0.06444815 0.06469579 0.06495661
 0.06526167 0.06562357 0.06590896 0.06615331 0.06636272 0.06662169
 0.06688168 0.06707145 0.06729329 0.0675296  0.0677231  0.06791032
 0.0680775  0.06826417 0.06842426 0.06859908 0.06877583 0.06893522
 0.06904541 0.06916411 0.06933904 0.06943224 0.06951612 0.06962309
 0.06968362 0.06972316 0.06975074 0.06977811 0.06982845 0.06988015
 0.0699897  0.07011538 0.07023916 0.07030981 0.07039171 0.07047242
 0.07055437 0.07068956 0.07080269 0.07093011 0.07102541 0.07117095
 0.07133109 0.07147504 0.07160389 0.07176273 0.07194123 0.07210264
 0.072264   0.07242057 0.07260191 0.07280906 0.07300012 0.07322411
 0.0734552  0.07368674 0.07400799 0.07431742 0.0746373  0.07499187
 0.07524611 0.07550098 0.07583591 0.07615498 0.07639187 0.07670037
 0.07697126 0.07729714 0.07759938 0.07790449 0.07820562 0.07850437
 0.07878725 0.07908901 0.07932459 0.07955393 0.07982072 0.08007415
 0.08033449 0.08062102 0.08088271 0.08107116 0.08115504 0.08108521
 0.08097635 0.08092852 0.08089082 0.08086436 0.080823   0.08076204
 0.08069947 0.0806642  0.08068269 0.0806974  0.08071406 0.08076684
 0.08079248 0.08081827 0.08082817 0.08084277 0.08096404 0.08103527
 0.08111483 0.08125604 0.08136952 0.08146319 0.08154358 0.08161737
 0.0816822  0.08179794 0.08188273 0.08193684 0.08201175 0.08217261
 0.08223533 0.08224501 0.08224224 0.08223623 0.08226054 0.08228732
 0.08233088 0.08235504 0.08240127 0.08242278 0.0824827  0.08254633
 0.08261436 0.08270379 0.08273451 0.08278968 0.08285527 0.0829332
 0.08301455 0.08305402 0.08308643 0.08311581 0.08315553 0.08322335
 0.08332544 0.08341938 0.08346322 0.08352317 0.08356231 0.08357493
 0.08359692 0.0836577  0.0836363  0.08355781 0.08352177 0.08354323
 0.08359172 0.08363191 0.08363578 0.08363117 0.08360497 0.08359211
 0.08364383 0.08366075 0.08359629 0.08350501 0.08343949 0.08332782
 0.08324864 0.08321118 0.08320261 0.08317738 0.08318357 0.08316649
 0.0831458  0.08315695 0.08317145 0.08320841 0.08328631 0.08332675
 0.08335235 0.08337825 0.08337405 0.08335669 0.08335003 0.08328049
 0.08319918 0.08311487 0.08305043 0.08299741 0.08292303 0.08287045
 0.08280908 0.08274262 0.08268632 0.08266211 0.08261351 0.08258156
 0.08254216 0.08249628 0.08246715 0.08245323 0.08242471 0.08237142
 0.08231348]","[ 326.85633392  327.65651377  328.45947626  329.25753948  330.05021923
  330.836548    331.62729669  332.41813783  333.20530172  333.9952123
  334.78435859  335.57317963  336.36171214  337.13919585  337.9140616
  338.67965175  339.44603848  340.21282058  340.97674804  341.74612926
  342.52601756  343.30382076  344.0932492   344.87873445  345.65739345
  346.43723254  347.21473564  347.99370242  348.78200393  349.56876105
  350.35058281  351.13861361  351.92835813  352.72096401  353.49646928
  354.28095368  355.06607802  355.83738932  356.60249665  357.37122364
  358.14487282  358.91244424  359.68635992  360.4476937   361.20112187
  361.95787896  362.70636612  363.45351878  364.20966726  364.97545626
  365.73352484  366.48167762  367.23503911  367.99019136  368.75765138
  369.52272487  370.283333    371.04956193  371.836356    372.61556804
  373.39264611  374.16980094  374.9374233   375.70475186  376.47001488
  377.24079022  378.01750872  378.77907221  379.54842186  380.33091934
  381.12237096  381.91448875  382.7157019   383.52494545  384.32890199
  385.13975787  385.96381982  386.78213631  387.59568233  388.41473356
  389.23575471  390.07484692  390.90694547  391.73982668  392.57231563
  393.39462921  394.23592994  395.08028495  395.94011709  396.8011509
  397.65523016  398.5062688   399.34927847  400.19760356  401.05439658
  401.92853575  402.80413018  403.67675586  404.551449    405.42937896
  406.31396824  407.19328181  408.06662727  408.93688865  409.80845042
  410.68326758  411.56630372  412.46337782  413.36455777  414.26033817
  415.14908182  416.02931031  416.93217743  417.84859912  418.75704922
  419.65622659  420.55807557  421.47658124  422.38967906  423.306494
  424.22795907  425.157999    426.09275716  427.02053117  427.95524928
  428.88469391  429.8197583   430.76365939  431.70744861  432.64909342
  433.57538368  434.50902613  435.44700809  436.38112913  437.31626868
  438.26400028  439.22361451  440.17930022  441.13004161  442.07451103
  443.02636817  443.98577588  444.94248037  445.90380627  446.85715308
  447.80339178  448.74839144  449.67748037  450.59647     451.50018659
  452.41136688  453.3256943   454.25097144  455.16416026  456.0698095
  456.97755371  457.87476003  458.76893901  459.66599107  460.5769222
  461.50201255  462.41817699  463.32007676  464.20710935  465.08846161
  465.96241115  466.83541257  467.71822527  468.58407704  469.45330698
  470.31974809  471.19479487  472.07848188  472.96705954  473.84708052
  474.72385414  475.59880361  476.48331458  477.37285925  478.24977372
  479.12726651  480.00114795  480.87219638  481.73701166  482.60394294
  483.46169678  484.30154333  485.13411099  485.96025403  486.79954238
  487.65137454  488.50051303  489.33730576  490.16399893  490.99024693
  491.8092989   492.62475716  493.44066747  494.24798255  495.04734318
  495.84647727  496.6373559   497.42506332  498.19714745  498.96215622
  499.72421111  500.47663736  501.21730301  501.95789019  502.70028662
  503.45007386  504.17444888  504.90222512  505.61869592  506.31908701
  507.00761855  507.68496437  508.35676177  509.03076207  509.71623761
  510.39341583  511.05064721  511.6955287   512.33750271  512.97970775
  513.61834099  514.25852323  514.89371827  515.52537403  516.14213973
  516.75386641  517.36870175  517.96203286  518.55992238  519.14319296
  519.72219769  520.29899774  520.8704841   521.43586134  521.99858522
  522.55204577  523.08875778  523.63271367  524.1701869   524.69662353
  525.21925419  525.76578056  526.31602595  526.85467552  527.37677864
  527.89923859  528.41263028  528.9082435   529.40690226  529.90927416
  530.41377091  530.90278843  531.39350421  531.88412961  532.37405048
  532.86039839  533.33888412  533.81495722  534.28602966  534.73964811
  535.19264779  535.6483358   536.0911735   536.52651672  536.95420321
  537.38337942  537.82168453  538.24505679  538.65358938  539.05565168
  539.44725379  539.83170281  540.1841777   540.53651151  540.89217264
  541.2480536   541.59326878  541.94032764  542.292086    542.64084682
  542.97881414  543.31457259  543.64335061  543.9690083   544.28413974
  544.5994123   544.91955251  545.24945121  545.58339052  545.91252961
  546.22770743  546.52462831  546.85147789  547.17549117  547.46696886
  547.76787272  548.04820421  548.33257479  548.63149217  548.93192456
  549.21414832  549.50282015  549.78833975  550.09041572  550.39955871
  550.71698786  551.02820093  551.33909727  551.6571878   551.97514547
  552.2822763   552.568052    552.83829421  553.11850289  553.39483627
  553.65752139  553.92848598  554.1748956   554.43052653  554.6927754
  554.95054808  555.19942802  555.44401125  555.6601883   555.86052225
  556.06248927  556.26928143  556.49242682  556.7161331   556.94857208
  557.19345103  557.44529368  557.69823332  557.95684004  558.19763964
  558.428873    558.66979272  558.90200762  559.10980033  559.30442777
  559.49486778  559.66919198  559.85102951  560.03005333  560.20544152
  560.37376328  560.54366121  560.70692392  560.87276046  561.03009605
  561.20372573  561.36685175  561.50991426  561.62976095  561.7452758
  561.86701271  561.97362908  562.0838691   562.20844298  562.34212399
  562.45853047  562.57119863  562.6687595   562.77104302  562.85874505
  562.94338756  563.01871885  563.09704891  563.17588906  563.26314653
  563.33701158  563.42246767  563.5138514   563.61962114  563.72108578
  563.79550264  563.86466377  563.92757631  563.98924062  564.0623638
  564.14234161  564.21647113  564.29062206  564.35936804  564.4118362
  564.46248593  564.5185975   564.59028119  564.67314365  564.7440658
  564.80979901  564.89463115  564.98637974  565.0791286   565.16290382
  565.23535719  565.30369373  565.37156008  565.43114496  565.49419572
  565.57092716  565.67610516  565.79025374  565.9000191   566.01399502
  566.12366735  566.22112263  566.31728952  566.41420718  566.5313852
  566.66900493  566.82346215  566.99027939  567.15565523  567.34026471
  567.53590597  567.71771552  567.9038851   568.09101647  568.27894779
  568.46456513  568.6774458   568.90599972  569.1503998   569.40133186
  569.64712978  569.88934181  570.13997487  570.40333095  570.66680699
  570.93256745  571.22016555  571.53157881  571.8329622   572.13483948
  572.44870535  572.76634388  573.07353879  573.39834795  573.72872047
  574.07783088  574.41689738  574.76312524  575.11203871  575.47678725
  575.83126853  576.17435294  576.52398237  576.8859038   577.26227746
  577.66410076  578.08499387  578.51603513  578.95460628  579.39655495
  579.85751868  580.30887723  580.76154733  581.21416395  581.67540824
  582.15549771  582.61473541  583.09325945  583.59669873  584.1026766
  584.59816548  585.11913117  585.63731019  586.17294364  586.72075284
  587.26997778  587.82461634  588.37037852  588.9213459   589.46726316
  590.01244985  590.57291916  591.15717268  591.73911567  592.33480928
  592.94315878  593.56780842  594.19498056  594.84331902  595.51114976
  596.17870849  596.84130272  597.52238432  598.22843547  598.92849041
  599.63643067  600.37777669  601.12714289  601.8872409   602.64310071
  603.4087339   604.1861921   604.98434433  605.78345279  606.58193057
  607.39146713  608.20177745  609.01131314  609.8253491   610.67234622
  611.5328321   612.3910222   613.27749858  614.18877452  615.11216341
  616.01034829  616.8862277   617.77742159  618.68275749  619.58484382
  620.48902549  621.40273289  622.30952214  623.23741768  624.15902018
  625.08572281  626.03218815  626.98410491  627.95537901  628.92465753
  629.89611928  630.88866484  631.8906304   632.88793487  633.89654627
  634.90276724  635.91695228  636.94335356  637.97574299  639.01540507
  640.04132263  641.09800309  642.17563417  643.24574702  644.31910355
  645.40956007  646.52644412  647.65167484  648.76986058  649.90951539
  651.08013168  652.25549692  653.43274962  654.59993197  655.7783292
  656.9904147   658.21079216  659.44900495  660.66852358  661.86475114
  663.07625288  664.31482079  665.54293773  666.77701124  668.01311718
  669.253749    670.49765057  671.72968548  672.97867478  674.24577154
  675.54854024  676.87330543  678.20521289  679.52956376  680.85335674
  682.15497341  683.45387975  684.7578813   686.0678533   687.37308649
  688.67935753  689.99239556  691.31264314  692.65093914  693.98303041
  695.29564039  696.60786407  697.92606742  699.24817155  700.56278947
  701.84738154  703.14513486  704.47625712  705.82805662  707.1591351
  708.47412528  709.78570312  711.07519406  712.36454643  713.65702102
  714.97245138  716.28561374  717.55990665  718.82839499  720.10262058
  721.35262959  722.61211264  723.87256707  725.0940584   726.32122233
  727.52542609  728.71828228  729.90279486  731.10736219  732.33061703
  733.56771702  734.78065065  735.97585539  737.15184863  738.32649601
  739.49055597  740.65251122  741.8276831   742.98455345  744.12323094
  745.26223802  746.38016252  747.47747164  748.57441396  749.65790899
  750.72586663  751.78715418  752.852048    753.91470115  754.99366677
  756.05982903  757.11320305  758.16406514  759.19719358  760.23687336
  761.26861532  762.29534605  763.30946675  764.34539271  765.3586186
  766.35739437  767.37032125  768.38926193  769.40791853  770.4242284
  771.42334252  772.38477513  773.35999943  774.33056385  775.31481271
  776.30039455  777.28918648  778.24942981  779.20776772  780.16506721
  781.14162715  782.12646588  783.07802152  784.0196032   784.99040368
  785.98461754  786.97259253  787.95287629  788.91070646  789.85960578
  790.79884053  791.73768691  792.66524249  793.5597338   794.44018306
  795.3282356   796.20774769  797.07205802  797.92500499  798.75173231
  799.57369768  800.38809232  801.21125009  802.01146438  802.7950508
  803.59897327  804.4095582   805.21931115  806.02967065  806.82465811
  807.62909776  808.4360615   809.20404032  809.96902144  810.70970696
  811.43821674  812.18701776  812.95467212  813.71101377  814.45280755
  815.17888112  815.91523963  816.6410661   817.37366857  818.11858692
  818.84425544  819.56550611  820.27488343  820.97384113  821.66494012
  822.35081005  823.01789861  823.68388554  824.35028187  824.99557814
  825.61758164  826.23968342  826.8694058   827.48211777  828.0852468
  828.68107494  829.28470761  829.87726238  830.4631866   831.05043609
  831.647337    832.24274507  832.83119846  833.42387864  834.00330085
  834.60048779  835.19101278  835.77093915  836.33896109  836.89851502
  837.45034779  837.99289177  838.5107134   839.00805908  839.47750415
  839.95686374  840.4538572   840.94753722  841.42547287  841.90471495
  842.39039044  842.89949131  843.41289588  843.92433865  844.42798998
  844.90768975  845.38271863  845.85842442  846.31816367  846.78423971
  847.23830548  847.69400074  848.14146106  848.57733167  849.02781995
  849.46889299  849.88748011  850.29009113  850.66910147  851.03102738
  851.38498779  851.75611495  852.12878475  852.50538967  852.88579788
  853.27759344  853.65851793  854.03126538  854.39031993  854.73210684
  855.06166073  855.3850203   855.68560502  855.97980292  856.30417211
  856.64842131  856.98600238  857.32764935  857.67678299  858.03627896
  858.37230759  858.68501607  858.9822414   859.30195709  859.60245235
  859.90678486  860.2205595   860.53887426  860.8618538   861.22128797
  861.60373032  861.99271607  862.38544216  862.776297    863.15343942
  863.52910446  863.91917795  864.30609633  864.65887402  865.03797043
  865.41395228  865.77717418  866.11358801  866.43958265  866.76539599
  867.09786473  867.41705445  867.72760408  868.04740974  868.35765392
  868.68197597  869.01398799  869.38016592  869.76071998  870.12850609
  870.49585249  870.87589935  871.28294293  871.67960885  872.06953784
  872.48175489  872.89087346  873.28438969  873.68449669  874.11040177
  874.51797755  874.93159156  875.388103    875.84989795  876.32542643
  876.82244313  877.30562245  877.79009238  878.27787173  878.79479463
  879.2969808   879.80410853  880.31615583  880.84378008  881.37192251
  881.91345431  882.47085975  883.04110019  883.61368867  884.21196117
  884.83848741  885.46682356  886.08593565  886.70916786  887.32644115
  887.96923297  888.62021204  889.31060693  889.97181332  890.61279485
  891.28798001  891.96180047  892.64699454  893.34380696  894.0377439
  894.71496582  895.35432575  896.02360056  896.7091805   897.42659443
  898.16139297  898.89787615  899.64863683  900.42231784  901.19236151
  901.97149042  902.77459073  903.574315    904.36139831  905.15666193
  905.96951678  906.79985544  907.63322909  908.50642483  909.37536401
  910.24880319  911.12642812  912.00541249  912.89521494  913.79519468
  914.69289706  915.59817776  916.47740275  917.39489754  918.33603531
  919.28621111  920.27391923  921.26121012  922.20608163  923.15065742
  924.11146536  925.07199743  926.05895261  927.04880623  928.02554735
  929.02255736  930.04643222  931.07738378  932.08479263  933.07866821
  934.0737688   935.1214052   936.18410352  937.24822491  938.3283454
  939.42624477  940.53315485  941.65419237  942.77608646  943.91539134
  945.04363358  946.19418041  947.36234724  948.53975231  949.77886828
  951.02241824  952.25860141  953.48699893  954.69393618  955.9051228
  957.12299689  958.32645811  959.54003484  960.77430186  961.98759187
  963.2238625   964.48563801  965.7415056   967.00977314  968.25943577
  969.48069613  970.69262092  971.90191785  973.1051941   974.33426744
  975.56353915  976.77333439  977.97391341  979.17529223  980.37344607
  981.5615879   982.75749414  983.93763153  985.12664062  986.28857752
  987.44963331  988.5879623   989.73719648  990.89170247  992.07502844
  993.28347649  994.49787592  995.71412762  996.96397251  998.20535672
  999.46339696 1000.72360752 1001.97439209 1003.23916818 1004.47918463
 1005.70077641 1006.94179869 1008.18163679 1009.39656062 1010.62250735
 1011.89588836 1013.16671849 1014.42508142 1015.67059113 1016.93968581
 1018.20999542 1019.48376355 1020.76382256 1022.05415746 1023.35535663
 1024.63772708 1025.93398338 1027.19982018 1028.47385126 1029.7356651
 1030.99853231 1032.23538478 1033.45688404 1034.67971984 1035.88980249
 1037.09245692 1038.29834084 1039.53992426 1040.78664431 1042.02771217
 1043.27650675 1044.54377085 1045.84070369 1047.15117446 1048.4553859
 1049.74174532 1051.02364121 1052.29515471 1053.57172631 1054.861425
 1056.16242381 1057.47043359 1058.78036463 1060.06664676 1061.39005966
 1062.74951803 1064.12398061 1065.49140165 1066.82162227 1068.15568927
 1069.49354949 1070.83280063 1072.17870261 1073.51756576 1074.85766163
 1076.18707996 1077.454324   1078.73353101 1080.03590737 1081.34202524
 1082.66806017 1083.9834908  1085.30354332 1086.6067773  1087.88543495
 1089.15499211 1090.39489194 1091.66156665 1092.92729885 1094.13652447
 1095.31693633 1096.4801021  1097.65256699 1098.84961815 1100.05421127
 1101.23109411 1102.45905563 1103.70164522 1104.92174384 1106.12606543
 1107.33112504 1108.52112224 1109.71415965 1110.92812395 1112.12469809
 1113.3352854  1114.53754338 1115.70521135 1116.87558774 1118.04124509
 1119.19724365 1120.34104453 1121.49000645 1122.61642445 1123.72487896
 1124.84784069 1125.95839926 1127.07779004 1128.16367343 1129.27136219
 1130.37940995 1131.48676703 1132.61196269 1133.6833076  1134.76216461
 1135.86272681 1136.95957736 1138.0669205  1139.19588918 1140.31081951
 1141.42490741 1142.53863633 1143.6551471  1144.79234005 1145.96701901
 1147.12384034 1148.27185616 1149.42552204 1150.57463085 1151.74043373
 1152.90625569 1154.03683347 1155.17060623 1156.28249302 1157.42000442
 1158.54475715 1159.60031374 1160.67571474 1161.71326944 1162.75024358
 1163.82510778 1164.90304007 1165.97584207 1167.06748973 1168.14722641
 1169.21109539 1170.2285383  1171.25882044 1172.28258296 1173.31632378
 1174.33414579 1175.37859181 1176.44551445 1177.52007232 1178.58184703
 1179.62911133 1180.68545747 1181.74324859 1182.79226657 1183.8151619
 1184.86194199 1185.91219923 1186.9695931  1188.01022522 1189.03032061
 1189.99989336 1190.96053819 1191.95585595 1192.9318887  1193.88838907
 1194.86977219 1195.87497881 1196.8521812  1197.83282527 1198.75455685
 1199.7154823  1200.67896767 1201.63377872 1202.60520408 1203.59101227
 1204.57703999 1205.5516658  1206.54178818 1207.54613702 1208.51518155
 1209.48199444 1210.45922187 1211.44846566 1212.39078591 1213.29761563
 1214.18553692 1215.05705029 1215.90943169 1216.7692115  1217.63957603
 1218.51384183 1219.40600064 1220.31619479 1221.21236896 1222.06767952
 1222.90778172 1223.79471175 1224.68924815 1225.54835521 1226.39419184
 1227.23873723 1228.10314069 1228.9390124  1229.7578579  1230.58385471
 1231.42062332 1232.25202287 1233.10512726 1233.96232446 1234.82184243
 1235.63871658 1236.44275164 1237.28925938 1238.11494491 1238.91659719
 1239.72108044 1240.50368695 1241.27979005 1242.04395048 1242.80611496
 1243.54324204 1244.27838009 1245.02152352 1245.76949313 1246.48982579
 1247.22405021 1247.99045807 1248.73503035 1249.47529991 1250.25362242
 1251.01999546 1251.78152867 1252.56169473 1253.36550712 1254.20275634
 1255.02214313 1255.81998867 1256.62548    1257.43128006 1258.2321674
 1259.0373888  1259.84410272 1260.6533587  1261.47530324 1262.29513347
 1263.14254918 1263.96928155 1264.80954774 1265.68710981 1266.5676975
 1267.4266009  1268.29983259 1269.21037824 1270.10196741 1270.99053696
 1271.85830154 1272.74865198 1273.66435915 1274.58295029 1275.48598556
 1276.39414369 1277.27447412 1278.16047439 1279.04952204 1279.92997617
 1280.85493055 1281.76058757 1282.60293691 1283.48813084 1284.39910463
 1285.24882087 1286.09854725 1286.95409074 1287.8043461  1288.6438257
 1289.47802346 1290.30839168 1291.1528095  1291.98879157 1292.85472942
 1293.71708956 1294.56414222 1295.41720914 1296.26317168 1297.07439587
 1297.90446213 1298.76980375 1299.65450891 1300.55875949 1301.46529411
 1302.34787291 1303.2327639  1304.09663599 1304.96986388 1305.87362854
 1306.77340182 1307.6641712  1308.52940991 1309.42034538 1310.30210347
 1311.16030964 1312.04049903 1312.92924256 1313.80618171 1314.6821825
 1315.53454263 1316.41941901 1317.2553257  1318.05015481 1318.89977928
 1319.77454291 1320.64598866 1321.50060615 1322.35054007 1323.18861805
 1324.04868288 1324.91855628 1325.79268911 1326.6443184  1327.51570628
 1328.39737395 1329.27409149 1330.14014425 1331.01047284 1331.89894205
 1332.77187198 1333.641595   1334.51691069 1335.43004929 1336.31851441
 1337.19333412 1338.07063142 1338.91807898 1339.77986483 1340.66141065
 1341.54268517 1342.41474707 1343.311324   1344.21504113 1345.09779478
 1345.99320992 1346.87161663 1347.69703669 1348.51416344 1349.34048788
 1350.16330069 1350.98594641 1351.83186921 1352.68042937 1353.50090508
 1354.30248936 1355.15222411 1356.03450575 1356.88143614 1357.6566884
 1358.43231323 1359.23945124 1360.10085082 1360.96998254 1361.81325054
 1362.62573435 1363.38396266 1364.11002745 1364.92509058 1365.77747268
 1366.66441526 1367.55452739 1368.43040498 1369.28890331 1370.15920481
 1371.04604414 1371.89913089 1372.77388692 1373.63104896 1374.48023897
 1375.35734954 1376.22853421 1377.08415509 1377.97782966 1378.87779778
 1379.77449149 1380.71105495 1381.62355385 1382.50444311 1383.40255457
 1384.25384328 1385.12400968 1385.95729864 1386.82271837 1387.69688213
 1388.54792828 1389.42083461 1390.34524318 1391.23311053 1392.10978651
 1393.00100908 1393.82504587 1394.62902041 1395.51089003 1396.36359224
 1397.19952758 1398.04289621 1398.87650113 1399.70138315]","[  2.80987355   2.74862578   2.68245386   2.62638366   2.5794028
   2.53463303   2.49802889   2.46754053   2.43921352   2.41951726
   2.40442577   2.39625017   2.3961509    2.38276203   2.36719269
   2.33749314   2.30698791   2.28249429   2.25947215   2.24256674
   2.24233766   2.24863614   2.27108361   2.28721724   2.30353655
   2.31876834   2.32525632   2.34837094   2.39454161   2.42056965
   2.44469409   2.48027185   2.51907547   2.5790902    2.60425377
   2.66350401   2.72309339   2.74257301   2.75079432   2.78770041
   2.84515531   2.86598932   2.91004668   2.92246926   2.91170041
   2.89621534   2.87361482   2.85409275   2.85503003   2.8636259
   2.85356416   2.83159037   2.81962184   2.81194177   2.81162998
   2.81083609   2.80787465   2.8044092    2.80585687   2.80263185
   2.7991555    2.79567691   2.78856462   2.78306444   2.77881094
   2.77713633   2.77815584   2.79227763   2.81442057   2.82988089
   2.83786757   2.84621193   2.84789559   2.83774569   2.82920251
   2.80933154   2.78507685   2.7658943    2.7543574    2.74136245
   2.73189094   2.70423495   2.68919518   2.67799342   2.67322179
   2.68295051   2.65637452   2.62990755   2.59450314   2.57252029
   2.55918403   2.54906022   2.55904398   2.5725878    2.57587911
   2.56435961   2.55933673   2.5679198    2.58189274   2.5971114
   2.61168994   2.6307819    2.65251937   2.67894909   2.70187227
   2.72057894   2.74535124   2.77380046   2.8109419    2.8471483
   2.8799251    2.9095716    2.94226034   2.97393116   3.00649759
   3.04060746   3.07380243   3.10214815   3.12707514   3.14659964
   3.17324284   3.19999577   3.22808149   3.25200304   3.26990553
   3.29234737   3.31729775   3.34312503   3.36360168   3.3876125
   3.42269126   3.45367779   3.48483595   3.52444465   3.54956823
   3.54991806   3.54542613   3.53713246   3.54091689   3.54551978
   3.54539956   3.54196904   3.54600633   3.55031802   3.54455263
   3.53260304   3.5205629    3.5156554    3.51075583   3.51652566
   3.51973787   3.50363572   3.46478366   3.43540443   3.41787021
   3.40442787   3.40350478   3.40055199   3.39700661   3.38312578
   3.35171173   3.32134423   3.30001593   3.29526507   3.30193225
   3.31422251   3.34049667   3.35486831   3.40499294   3.44915239
   3.49038698   3.53016629   3.55160719   3.55407151   3.56726548
   3.58322339   3.59353182   3.58757794   3.56473537   3.56556389
   3.56777833   3.565087     3.57365265   3.58062273   3.56680888
   3.56023553   3.57327703   3.59885009   3.61991931   3.62321719
   3.61563129   3.61231204   3.61924586   3.62455734   3.64589799
   3.67160083   3.70993526   3.76149149   3.79955816   3.83076195
   3.86039857   3.8743456    3.897019     3.89611574   3.88919692
   3.88899224   3.85186721   3.79759822   3.74453718   3.72009399
   3.7459287    3.72333987   3.73451944   3.73243635   3.71334894
   3.6985199    3.68037038   3.63518164   3.61922379   3.65678823
   3.68751004   3.67429112   3.6560349    3.64523721   3.64608834
   3.67772091   3.74023225   3.82906476   3.90368208   3.93067418
   3.97538011   4.04435798   4.05911356   4.10334871   4.13368479
   4.15569869   4.19442764   4.23444609   4.28598419   4.33925883
   4.37268077   4.38191119   4.42623623   4.46770593   4.46851896
   4.4841246    4.57030864   4.65356983   4.7004172    4.71687419
   4.77998556   4.82914107   4.84850094   4.87250913   4.89955939
   4.95751378   5.00716759   5.04078825   5.05479075   5.0700814
   5.09639916   5.11686342   5.12668904   5.13353103   5.11058653
   5.10020316   5.10468667   5.10045313   5.10869629   5.1193356
   5.14469398   5.19945282   5.24138628   5.25749282   5.27126336
   5.28209832   5.2864323    5.25912486   5.22531251   5.20447051
   5.18644304   5.17088161   5.15617846   5.13884946   5.12250924
   5.12190576   5.1251665    5.139794     5.17303753   5.23136524
   5.29633603   5.34494478   5.37896119   5.40451783   5.43516963
   5.49672146   5.59672284   5.61987254   5.63251883   5.69894674
   5.72612958   5.77523933   5.81583278   5.8286895    5.82860483
   5.84697444   5.84440517   5.8527717    5.7981572    5.73164035
   5.64361436   5.56958549   5.48827536   5.40353902   5.31947116
   5.25024552   5.20898426   5.1904459    5.14006777   5.09321325
   5.06986862   5.01838401   5.00994471   4.97966022   4.92946425
   4.8765568    4.83433672   4.79847875   4.80635925   4.85309086
   4.9070249    4.95636989   4.97914416   4.99556979   4.98288069
   4.93220205   4.86031168   4.78470522   4.70101086   4.64412111
   4.59842391   4.5500136    4.52273874   4.5205261    4.51838303
   4.51609407   4.52525606   4.53514215   4.54978506   4.55114343
   4.55977324   4.59975299   4.67356712   4.73859449   4.80314455
   4.9110158    5.0059599    5.06366153   5.11003028   5.13145567
   5.15988504   5.1460484    5.14090677   5.18946673   5.26711229
   5.32214527   5.35582613   5.3311349    5.29395332   5.24053038
   5.22178323   5.21257166   5.21307714   5.19636316   5.19807818
   5.16908908   5.16798251   5.1821773    5.22605764   5.26404394
   5.27035925   5.25143879   5.19232154   5.11835675   5.0770233
   5.04132306   4.97679252   4.92129625   4.83852619   4.73582561
   4.66882888   4.61061079   4.58215081   4.58737227   4.56218399
   4.52753438   4.50538375   4.49199617   4.51077775   4.51791032
   4.47764767   4.4204262    4.36852203   4.2970504    4.2240046
   4.15012792   4.09093598   4.02321184   3.9430357    3.86617826
   3.80040503   3.7543127    3.72977897   3.72485558   3.72586511
   3.72018939   3.7227448    3.72956293   3.74952553   3.75298351
   3.75931332   3.78468378   3.82024427   3.85560402   3.87130788
   3.89182557   3.91212196   3.92130275   3.93240607   3.95571701
   3.98230537   4.00886452   4.04287216   4.08551742   4.14231114
   4.20118774   4.26965289   4.33624294   4.40616169   4.47028465
   4.5384383    4.61004698   4.67948541   4.75015099   4.82763835
   4.91075575   4.99831052   5.09262951   5.1877832    5.27986719
   5.3863318    5.4984079    5.61622307   5.73986572   5.854453
   5.95313771   6.02786663   6.10252798   6.18700562   6.27183949
   6.33337997   6.41407552   6.50752205   6.6250637    6.74723027
   6.84174587   6.97014352   7.06989241   7.15827444   7.26775682
   7.41200919   7.49953642   7.59230075   7.64734794   7.68464245
   7.74513103   7.83292129   7.94715414   8.05168427   8.19939987
   8.38948833   8.57030938   8.67425027   8.78291391   8.89849198
   9.02992931   9.15744029   9.29286744   9.35702864   9.37115338
   9.39697478   9.4652378    9.5028186    9.49976671   9.55276303
   9.59105977   9.59119381   9.61297191   9.61414755   9.63995782
   9.66274749   9.66992729   9.65196127   9.67030385   9.70576394
   9.73045014   9.76359762   9.80514384   9.85615688   9.9111842
   9.98375036  10.06963249  10.16480435  10.28094124  10.42391159
  10.56584505  10.69039112  10.82521193  10.95717849  11.0635442
  11.15627148  11.24613466  11.31452304  11.40040785  11.47526176
  11.5480006   11.6275526   11.68769691  11.75737335  11.81417897
  11.8653774   11.92663224  11.9861469   12.04016609  12.09905829
  12.15287493  12.2064928   12.25429131  12.29175353  12.32186767
  12.34197639  12.37297961  12.40123266  12.43443548  12.46408558
  12.48797699  12.50171332  12.50900212  12.5183991   12.52066832
  12.51945967  12.5245558   12.52601305  12.51590974  12.49784283
  12.47791314  12.47394047  12.48269078  12.49622973  12.50531016
  12.52550634  12.55708169  12.57771839  12.57879627  12.57351556
  12.57987432  12.59059924  12.59897559  12.60974502  12.62994905
  12.65696292  12.69226608  12.7372175   12.7793621   12.8244697
  12.86437011  12.90919625  12.95823918  13.00485175  13.05122052
  13.10799831  13.16989824  13.23525161  13.31796668  13.40370521
  13.48733219  13.59307601  13.71486649  13.8528274   14.00349924
  14.13800488  14.28891199  14.50225211  14.7530455   14.97244859
  15.18874781  15.38927674  15.52557661  15.66264849  15.81514076
  15.99908338  16.21991439  16.38538855  16.53723881  16.71918055
  16.87892368  17.06658806  17.27089987  17.43576947  17.6170089
  17.73525445  17.82427194  17.90571786  18.02585018  18.19639615
  18.39524206  18.54252717  18.65474747  18.73448094  18.81464545
  18.89033539  18.97623507  19.0738631   19.16330004  19.23029651
  19.2908476   19.32091255  19.32636482  19.34106471  19.34191651
  19.35317616  19.36735072  19.40094221  19.46012411  19.55570219
  19.63908238  19.72241443  19.79733274  19.85882685  19.92329064
  19.97363     20.02805392  20.10510662  20.1614955   20.21324563
  20.28051535  20.35772973  20.4442038   20.52026933  20.58455809
  20.64736674  20.72542448  20.8001997   20.87630773  20.94348918
  20.99919861  21.04841305  21.1311085   21.20229041  21.26634259
  21.28839916  21.27451827  21.30098111  21.35069303  21.38117636
  21.38145237  21.39629954  21.41181014  21.42711805  21.44135612
  21.48271055  21.50784781  21.5433278   21.59821369  21.65613161
  21.71207626  21.76639707  21.81914205  21.87255654  21.95547394
  22.03386151  22.11117716  22.16647574  22.2534381   22.37456946
  22.47922184  22.58597291  22.66917268  22.7493524   22.83600529
  22.9096682   22.97124049  23.0949467   23.21153719  23.34111235
  23.48181396  23.58108703  23.6328402   23.68316522  23.74719414
  23.8102056   23.84816606  23.87635864  23.89062888  23.87145416
  23.85119774  23.81210782  23.77612236  23.75788748  23.75585351
  23.74973789  23.74700767  23.76436802  23.77546465  23.80431059
  23.85935574  23.91489973  23.97607735  24.06839931  24.15694699
  24.24438611  24.31509463  24.3873864   24.49180582  24.60555476
  24.69354748  24.78695755  24.88265589  24.9619188   25.0386845
  25.083755    25.15062764  25.22353874  25.30936821  25.39207557
  25.48066993  25.60378688  25.7272701   25.86177632  25.99550409
  26.10817715  26.20933081  26.3156285   26.44001445  26.56135044
  26.6572765   26.74020895  26.82652662  26.91497428  27.01229816
  27.1188573   27.23348128  27.35073243  27.4847799   27.62550055
  27.76564988  27.90143236  28.03976238  28.18429213  28.33426406
  28.46832014  28.60007634  28.73806714  28.8737321   28.98537454
  29.07621164  29.15928992  29.23895009  29.33750758  29.45293165
  29.58825438  29.72116458  29.86495645  30.02178867  30.16825393
  30.30758829  30.44481349  30.5849557   30.7264044   30.87371949
  31.02364551  31.16169577  31.29309599  31.42093764  31.55211331
  31.68204437  31.81171812  31.94126555  32.07229239  32.20387856
  32.33289572  32.46715858  32.59736946  32.7279047   32.85624161
  32.98327429  33.12773096  33.27638416  33.42312286  33.56499106
  33.698958    33.84045362  33.98810684  34.12573033  34.26686034
  34.41391426  34.56324979  34.70778296  34.84789848  34.99300549
  35.1448931   35.30077831  35.47244069  35.64405691  35.82717917
  36.01650878  36.20021483  36.36881113  36.51831221  36.66394445
  36.79776603  36.91902913  37.0323892   37.14805987  37.25704228
  37.35748178  37.45665979  37.56342817  37.68762876  37.82556417
  37.99189333  38.17078267  38.3245214   38.49847981  38.66463208
  38.82356736  39.00091803  39.17138965  39.34754082  39.50856481
  39.68322238  39.87197572  40.06419962  40.21250804  40.34567595
  40.4809224   40.61317359  40.75296353  40.91041616  41.0651246
  41.19458358  41.34602198  41.52416789  41.68627428  41.84208146
  42.00693392  42.18739815  42.34998717  42.53232769  42.71598598
  42.86853409  43.04786129  43.23117709  43.41388278  43.59483537
  43.79142533  44.02496909  44.26515044  44.50059239  44.70974849
  44.92110911  45.12085293  45.30267145  45.47966312  45.65756128
  45.83575165  46.00733558  46.16653442  46.33456979  46.50971978
  46.69504331  46.88218839  47.05830548  47.21016018  47.3598738
  47.47739028  47.60757435  47.74947897  47.89654977  48.04942194
  48.23034189  48.41717575  48.63782543  48.86034359  49.08411511
  49.31692744  49.54560985  49.76648054  49.9849827   50.25110228
  50.52714686  50.78830929  51.03988831  51.30656609  51.56861698
  51.81041735  52.04919488  52.29208791  52.54413155  52.7871705
  53.0372024   53.23557188  53.42758499  53.64509848  53.86886995
  54.08119233  54.29755621  54.52700331  54.77272424  55.02381538
  55.27124622  55.49022046  55.72442226  55.97625678  56.20879505
  56.44427203  56.72578523  56.99758522  57.25775252  57.51692403
  57.79880321  58.08116819  58.3342473   58.56177147  58.79290756
  59.02928821  59.24952881  59.49116224  59.73919792  60.01379306
  60.29145373  60.5730258   60.87038969  61.1673063   61.46681763
  61.7766419   62.08605023  62.424569    62.7651042   63.10232344
  63.44578138  63.78287299  64.14403255  64.49822604  64.833471
  65.14690858  65.48520622  65.81699068  66.12243807  66.39050009
  66.6140212   66.87544432  67.14384848  67.38388597  67.64597005
  67.91013436  68.19443838  68.46544508  68.71513672  68.96979372
  69.21966818  69.4772234   69.73478801  69.99074025  70.23337803
  70.44086904  70.70623787  70.95551467  71.20846563  71.42592479
  71.64530776  71.89172753  72.10965374  72.32395636  72.56306652
  72.81926107  73.06043209  73.32308981  73.54488788  73.80823223
  74.07559895  74.35267737  74.66879847  74.979649    75.2990569
  75.63531898  75.92660211  76.16721321  76.38402232  76.56784901
  76.76212805  76.98438037  77.22388447  77.4247933   77.61156324
  77.81872359  77.99133701  78.13196508  78.27798572  78.43807668
  78.58503443  78.68153074  78.76493991  78.86283664  78.97236972
  79.07360141  79.15971686  79.2482195   79.34007348  79.41694687
  79.49069671  79.57577369  79.68906562  79.8529427   80.01306822
  80.16548468  80.3402695   80.514602    80.67117178  80.82857034
  80.99311132  81.20097212  81.43173721  81.65017886  81.82476503
  81.98775874  82.20199178  82.42118555  82.65349933  82.89887471
  83.14822344  83.41423062  83.70036094  83.97714424  84.23584753
  84.47100778  84.70352869  84.94272397  85.18235636  85.41467374
  85.64312724  85.87917949  86.09716726  86.34339805  86.59194807
  86.83347231  87.09296747  87.3760835   87.6595331   87.95990431
  88.25422963  88.56291489  88.87949181  89.19996724  89.52584115
  89.84676609  90.17630087  90.495288    90.8088488   91.14876183
  91.52722481  91.949549    92.35044047  92.76468774  93.15927596
  93.53986826  93.92066104  94.32424997  94.75052621  95.18660266
  95.59466734  95.95552548  96.3168124   96.67863632  97.01986333
  97.37712873  97.74518961  98.121426    98.48225108  98.83467914
  99.22871396  99.66357622 100.06059726 100.46122101 100.83978494
 101.18403378 101.5545903  101.911462   102.26381171 102.61981142
 102.95976059 103.29424439 103.63342386 103.99379903 104.34660586
 104.70765229 105.08739129 105.43707425 105.81215447 106.20293523
 106.58732289 106.97325457 107.35228213 107.6976206  108.05434501
 108.42217267 108.81185568 109.22073804 109.64044241 110.05943908
 110.44794067 110.85043812 111.24849561 111.66211325 112.05041496
 112.44226876 112.833414   113.2148566  113.61912029 114.00613126
 114.36514396 114.71772021 115.09295221 115.50292843 115.94071308
 116.3639817  116.79809339 117.26690287 117.73507171 118.18900448
 118.64110522 119.11321949 119.55879242 120.0084971  120.47426062
 120.91423002 121.343983   121.77748552 122.23940012 122.68629577
 123.11705795 123.56983252 124.02462637 124.49526603 124.96751796
 125.4412713  125.89436044 126.34650046 126.80748908 127.26156931
 127.72098319 128.17955347 128.6267588  129.09161351 129.56244918
 130.03297367 130.49306112 130.96157129 131.4475814  131.94208095
 132.48886061 133.04758322 133.55770584 134.04156304 134.50240037
 134.97354446 135.45006747 135.91745021 136.40772578 136.89958953
 137.37307791 137.82180931 138.25796446 138.70131453 139.1356547
 139.54237555 139.93997356 140.33422582 140.67086943 141.01573639
 141.40415285 141.76477647 142.10945243 142.48161241 142.83400998
 143.16544871 143.49504993 143.85980726 144.26279273 144.66796756
 145.10075061 145.54664887 146.00089769 146.43114676 146.87508292
 147.29485118 147.71636452 148.16516121 148.60488669 149.06627918
 149.52964851 150.02713379 150.53055171 151.02133047 151.49915025
 151.99421989 152.48969825 152.97822996 153.47628144 153.99214773
 154.52315315 155.06416    155.61488453 156.16733443 156.69924945
 157.24548021 157.83575235 158.42773097 159.02946328 159.63812079
 160.19150766 160.71876869 161.25742342 161.78337569 162.27409696
 162.77058608 163.244064   163.75032618 164.21911228 164.6922301
 165.16108438 165.63312896 166.10438908 166.56166112 167.00493483
 167.45809332 167.92705514 168.35863803 168.78427535 169.21958844
 169.64849258 170.04302392 170.36811733 170.59011808 170.77739164
 170.97495817 171.16601608 171.35520347 171.530434   171.67771507
 171.81775237 171.98474474 172.2036955  172.41879947 172.64623663
 172.88633537 173.10321347 173.31365323 173.51808588 173.72691193
 174.01854804 174.29073071 174.56127018 174.84679387 175.1024204
 175.33322704 175.56144852 175.79498011 176.01227897 176.27290184
 176.53866837 176.77896927 177.02681589 177.33251071 177.55839192
 177.76537199 177.97153263 178.18052748 178.39563306 178.62859089
 178.86825788 179.09546473 179.34155546 179.57281065 179.79151618
 179.97870559 180.1634508  180.3666261  180.56067307 180.79086735
 181.00759922 181.23919279 181.5012574  181.73631957 181.94944597
 182.14479088 182.3329779  182.52042558 182.73588153 182.93698031
 183.08375372 183.24857326 183.40561147 183.53967757 183.64437303
 183.78381744 183.86926946 183.95574055 184.06789502 184.20808471
 184.36909588 184.52592575 184.68337299 184.8254626  184.91163317
 184.95980681 185.02014796 185.04106093 185.0427186  185.03173147
 185.04903802 185.0337283  185.0195621  185.03385422 185.06999379
 185.10019033 185.14152671 185.16663258 185.17332163 185.18243282
 185.20905652 185.24298476 185.28708859 185.27764365 185.23747487
 185.18171561 185.09826497 184.99807557 184.89627035 184.72769803
 184.50778699 184.28786667 184.0937522  183.9218207  183.71303512
 183.50186472 183.2786215  183.04200048 182.79853372 182.57874413
 182.35573128 182.09858903 181.82766617 181.56860307 181.32185323
 181.06697216 180.78234755 180.47766672 180.15969831]"
