0.010481221253211522,0.0194871678244149,0.007555266195595905,"(0.025034491435523304, 0.013198053109707555, 0.020924878725675156, 0.01577183758874357, 0.016756690426791156, 0.019819445097308104, 0.03258757283130276, 0.010146909188426988, 0.012608188156124559, 0.026364655225586016, 0.00851505587098841, 0.03873169669294427, 0.021421802463820916, 0.015535001928512676, 0.021343178288690534, 0.015599064410195398, 0.014299700100120988, 0.022853622065527095, 0.02503744885156754, 0.013194064030741094)",-1.1920091679169558
0.01287143989875246,0.015455186669991496,0.0055304517189494785,"(0.01604890372307823, 0.013190327059621405, 0.014263301218617502, 0.014809972100652245, 0.015578445180570175, 0.01370869302853399, 0.020596943803047888, 0.010294059537396181, 0.02637980593609889, 0.00811393822403139, 0.018251613652657008, 0.01156207526048545, 0.008047438727063613, 0.026651633008324623, 0.014791371320798762, 0.014512808693953104, 0.008416754834885444, 0.024634341737295503, 0.016161659267902237, 0.013089647084816164)",-0.46718548547962446
0.003246357536705441,0.012036581028874997,0.005185782908710745,"(0.017657810998709108, 0.006843591740465836, 0.016438940889896066, 0.00733424902358265, 0.019366940726585465, 0.006294403933889568, 0.011991281396092342, 0.010095960463785731, 0.01055138892224032, 0.011587412960762735, 0.013499842453220407, 0.0089235307398172, 0.0079188748710237, 0.015471885495636922, 0.013679809578828419, 0.00896507716801291, 0.020154063375759108, 0.00586229032796426, 0.0052952556196810985, 0.02279900989154611)",-1.6950619890786989
0.0009928036162696711,0.0009594605736334765,0.0006095090934719515,"(0.0005372086769586326, 0.0011575485039597596, 0.0007065743844568062, 0.000879885155587962, 0.0005945884468527546, 0.0010453354404489168, 0.0004823829836851763, 0.001290060972685774, 0.0013894224869661683, 0.0004482563882800622, 0.00027960798266188976, 0.0022241933507766765, 0.0009419078041162874, 0.0006612805765378759, 0.0020909658995505523, 0.00029798382275870577, 0.000310027885818107, 0.0019954780141238407, 0.0014187799867490798, 0.00043772270969449754)",0.054704750090375814
0.0006099657851562936,0.0005983111652029015,0.00011355467691145608,"(0.0004981866321968153, 0.0006944962045306416, 0.0006013231410665032, 0.0005753576381962447, 0.0004108668063080607, 0.0008421459874824476, 0.0004487639335540191, 0.0007710243592701451, 0.000730223571567867, 0.0004739052874507994, 0.0006020965143905189, 0.000574625734562327, 0.0005206739952927686, 0.000664649849184507, 0.0004815997923635709, 0.0007185950664501446, 0.000536101571049393, 0.0006450663831036151, 0.0005975316741726174, 0.0005789891618650241)",0.10263443365243081
0.003610381844733814,0.0031280081681482677,0.0007741923476208859,"(0.004276014783530926, 0.0021614894753809585, 0.0029867182978562516, 0.003094292833387416, 0.0026114286358280116, 0.0035404928964294603, 0.0026214682441073524, 0.0035259426208892803, 0.0030553333252666534, 0.003026379235319748, 0.003602945366171491, 0.0025649637575631463, 0.0032374747665300176, 0.0028563415596291712, 0.002440256409386424, 0.0037896242496680945, 0.0039022804606645887, 0.002366554540529949, 0.005081261955048516, 0.0018188999497778966)",0.6230669652934359
0.001359419807849858,0.0014833784863797499,0.00019813375177152757,"(0.0018274083220915609, 0.0011837738548789055, 0.0014917151041709362, 0.001450076097773253, 0.0012467806020697578, 0.0017354558311862963, 0.0016077064492213957, 0.0013456157659445056, 0.0017788477409189994, 0.0012164828802798142, 0.001631170310713147, 0.0013260793950759914, 0.0012976055674782717, 0.0016677341804622583, 0.001693363505032788, 0.0012780028554128682, 0.0014184526362084513, 0.0015240955298879801, 0.0015648990590086385, 0.001382304039779176)",-0.6256313092623991
0.0025340015556421414,0.001996536248011475,0.0003986487460326061,"(0.0022872305656746095, 0.0016776069626774307, 0.0014769203235418453, 0.0025977368429052085, 0.0016783884921675535, 0.002286895946475127, 0.0026670244562678478, 0.001438873769708691, 0.0020976152111095384, 0.0018302751340101967, 0.002252490159992479, 0.0017032830892853255, 0.0016405040277229425, 0.002340477945290543, 0.0014568575223036244, 0.0026356646776746206, 0.001781317162877077, 0.002151508608784364, 0.0018080539878723744, 0.0021220000738881007)",1.3482177304696852
0.001795190003099195,0.0021834121740139114,0.00035506418338789947,"(0.0021932050861814233, 0.002121794643817548, 0.0024722427562207665, 0.0018820573333385327, 0.0020172872598734405, 0.002307467891530053, 0.002269415962011855, 0.0020509078131609256, 0.002002459462391655, 0.0023255326917304884, 0.0019171676520028636, 0.0024270350821807996, 0.002205915392149781, 0.0021112569546028206, 0.002434548395307704, 0.0019131537901589087, 0.0014116978869791357, 0.003290997318033698, 0.0021742140746999934, 0.0021398860339058414)",-1.0933858977563853
0.005414136894939066,0.007050726983444737,0.0014109409741790734,"(0.006285659153784839, 0.007615465427295159, 0.005826751412929223, 0.008211692097870973, 0.01026815410111055, 0.004665737518010304, 0.009415598311747361, 0.0050869470716874855, 0.0063208379515737765, 0.007590184489601749, 0.006773294619580556, 0.007064883379238733, 0.008700415384345817, 0.005516012844168164, 0.006691161016837403, 0.007174482137436479, 0.008008371540715653, 0.005945246165133889, 0.0073094714237194975, 0.006544173622107141)",-1.159928103624524
0.012673708123535325,0.013318067713640492,0.0014272706357817337,"(0.017535385203500346, 0.010002847031515535, 0.013751443254283685, 0.012744652942492227, 0.013191741122564785, 0.013318065621679712, 0.013985787782663723, 0.012555935389015465, 0.01372463899867416, 0.012835905584105274, 0.014224688401292724, 0.01232315344661685, 0.014310863420477618, 0.012317657712572736, 0.012663314165384416, 0.013928071232790506, 0.012594922978565432, 0.013783065899102732, 0.012137669156854249, 0.014431544928657647)",-0.4514627947573818
0.007382763373609957,0.005887939247966371,0.0012617995808395558,"(0.004481607655979662, 0.00740428325989497, 0.004245263730514726, 0.007813597108041633, 0.0048463147653644316, 0.006851463618156779, 0.0039215469074022095, 0.00846631413510281, 0.0065938898576330405, 0.005042246931601798, 0.005873012795360674, 0.00564864699289117, 0.006050614983971457, 0.005496438285253252, 0.0054543582048123245, 0.006098904610069748, 0.004856430959069699, 0.006800302472062534, 0.007221789794039783, 0.004591757892104725)",1.184676352998139
0.002658124014285721,0.001981857787543493,0.00030329400191337973,"(0.0017369422737221036, 0.002211238063962023, 0.0018042671844028574, 0.0021284628326521614, 0.0016330975441094279, 0.0023523484078466364, 0.0022826703203717796, 0.001682892819662628, 0.002513106023031177, 0.0015293060388158481, 0.0023998921626271633, 0.0016002649894029494, 0.002312756655546572, 0.0016619340417407954, 0.001942871235003628, 0.00197850943862311, 0.0017867105339458226, 0.0021462118707715784, 0.0017979488638092238, 0.002135724450822374)",2.229738215974902
0.004202721951041565,0.0034738839225384854,0.0007685074323643585,"(0.004816201488963196, 0.0023937081193425628, 0.003061740074174528, 0.0037647001233912215, 0.0021992863477761533, 0.005240466588946665, 0.004328230337377503, 0.0026649958831273237, 0.0034863901421352886, 0.003310644755578983, 0.0032955835513183156, 0.0034983517774233837, 0.0030649663656339694, 0.003766109745310082, 0.003903952401188199, 0.00295746602258784, 0.004206142850246447, 0.0027305537195237983, 0.0034382034760125336, 0.0033499846807117065)",0.948381235898743
9.413149735925244e-05,9.968963288351139e-05,1.85685722473126e-05,"(0.00012082449260689657, 7.957735461979963e-05, 0.00012113908525702298, 7.937042367479912e-05, 7.639299137980996e-05, 0.00012585804048581008, 0.00011663785601669605, 8.243529651199701e-05, 9.376044522836178e-05, 0.000102550676060627, 0.00010820898521271911, 8.88553617496226e-05, 0.00010839386352272281, 8.870606892583357e-05, 0.00011121131946845324, 8.645949498205714e-05, 0.00010830929933701824, 8.876171283278282e-05, 0.00013525579767946033, 7.108409211773769e-05)",-0.2993302581496736
0.011508343151124215,0.008716664781687746,0.002924260968544913,"(0.008183728922673146, 0.008882796330163029, 0.005000041076527953, 0.012844182892283649, 0.004263946441336014, 0.013312501394132661, 0.008416664210972043, 0.009212091935890515, 0.00928027813146407, 0.008668372144549337, 0.007055937681267749, 0.010338750488825675, 0.006645228919287581, 0.011583280174167983, 0.008517963158091009, 0.009669030718688307, 0.014059330320995933, 0.0023914452313443706, 0.007198590180626264, 0.008809135280467617)",0.9546611603633938
0.020812130051709586,0.020297946985030967,0.006517794016134616,"(0.021272736518832238, 0.0175625292860912, 0.030578622509378126, 0.01215134152902793, 0.02275200190102305, 0.016473448303184045, 0.01336129830763123, 0.028170500029646058, 0.022475400736425382, 0.01637155999603004, 0.01929666871030999, 0.01943395273146489, 0.011690526666025021, 0.03163629600068518, 0.012077976763211418, 0.03097649939292529, 0.013947194340842307, 0.026491733622045394, 0.021871811284808727, 0.01736684107103176)",0.07888912497169644
0.010036834386022746,0.015626005732471058,0.007128120381270993,"(0.01234262031708157, 0.01617608700835401, 0.02433156841282878, 0.008131704995025343, 0.014291087066294035, 0.014043004760008347, 0.008146397293235415, 0.02480306062835484, 0.008781393184597643, 0.022167689688894814, 0.01646029140234175, 0.012203411041075932, 0.025387466973729324, 0.007734559749974023, 0.01930585308839791, 0.010363284338853702, 0.006357145737799518, 0.030828633031270595, 0.009861987553156355, 0.020802868378147234)",-0.7841017052873795
0.01539643742380778,0.011742508869696395,0.006715199142547145,"(0.0042869268726970465, 0.023453956914613504, 0.015564878541416135, 0.006402568881304943, 0.009652325819904401, 0.010468042532696693, 0.009205936104774357, 0.011046448162837076, 0.0038182919485333948, 0.02568472593088314, 0.01557189543198218, 0.006494361212378552, 0.01633133329157351, 0.006057616459030324, 0.00438872842598216, 0.022951249770762815, 0.0056420253262734876, 0.017495955794816907, 0.010514286252138435, 0.009818623719328816)",0.544128100529482
0.0012851058559364714,0.0008958798130324409,0.000400248515140645,"(0.0014955705952770313, 0.000441423099712806, 0.0009343139298309083, 0.0007058065571564118, 0.0011159861191927286, 0.000591721751902604, 0.001240070396699358, 0.0005325534176565378, 0.001708851673591465, 0.0003849163566095582, 0.0004619638944613451, 0.0014296498362937804, 0.0012443955476671312, 0.000529576029147217, 0.0006137730028597072, 0.0010748607126802115, 0.0012385280946995796, 0.0005313552758719557, 0.000710092746356654, 0.0009321872229818296)",0.9724609290986594
0.000638680457860368,0.0005955335014405077,9.248196830141634e-05,"(0.0006233120959099405, 0.0005561727342901508, 0.0006042415758666369, 0.0005736338572396243, 0.0005414703782769674, 0.0006402787309816726, 0.0004763138566074927, 0.000727919957136319, 0.0007217726168933832, 0.00048007771277366705, 0.0006572834759085898, 0.0005274701980859075, 0.0006033552522738492, 0.00057441134137939, 0.0005140352483084833, 0.0006743976795790816, 0.0007885589303041837, 0.0004394612801694952, 0.000521641739348659, 0.0006648613674766594)",0.4665445298399807
0.003240027887949952,0.003121510894736189,0.0007328402341038749,"(0.004569242746723009, 0.00202416418565913, 0.0030263088223695376, 0.003055036236910076, 0.003115352072651906, 0.0029694358504574487, 0.0029986760217200273, 0.003085823208007587, 0.002227715651066738, 0.004147451549754871, 0.0029256262195829367, 0.003162119355750593, 0.002235279342299464, 0.004134887465123773, 0.0025321714581440593, 0.0036528603341785737, 0.002575070648361012, 0.003588981693565865, 0.0022051589792305994, 0.004198856053166579)",0.1617228253831986
0.001577861650929261,0.0015041124120987925,0.00031568451849122163,"(0.0015163009824805808, 0.0014307811280692537, 0.0011198012722301515, 0.0019368706817192644, 0.0017764570054615882, 0.0012214245309675649, 0.001634658369126265, 0.0013276269887056344, 0.002063562151030037, 0.001050540789123393, 0.0010703044249746687, 0.0020273343958994838, 0.0011799069236860904, 0.0018378046676604395, 0.0013198215952452347, 0.0016438569622341383, 0.0016457586689184647, 0.001317493582643104, 0.0016295127293871415, 0.001332430392413356)",0.23361690076835148
0.002430710712158879,0.001989245609255679,0.00034807739279170944,"(0.0022854076405686838, 0.001681982703240046, 0.0023643696163601095, 0.0016250570157759273, 0.00208110035128753, 0.0018475251334627444, 0.0015669620987188422, 0.002454426876127077, 0.0015358729370784799, 0.0024995487798003804, 0.0014513503439119453, 0.0026492946196755634, 0.00176995927512745, 0.00217003403090116, 0.0018877239505969519, 0.0020364093104874334, 0.001941826017025906, 0.001977623426137109, 0.0022404161894832076, 0.0017180218693470257)",1.268295821692086
0.002630564587235553,0.0021763463239314394,0.0002636376950648055,"(0.0018562529555646735, 0.0025168315803784235, 0.002445550423481824, 0.0019092570033250706, 0.002165720218341348, 0.0021577317531835203, 0.0021076222767515175, 0.002217879960025646, 0.001983098745502739, 0.002351945560117301, 0.002288540141196431, 0.002042045396398167, 0.0019014408200072447, 0.002454579700528166, 0.001934773197542595, 0.002414651395788522, 0.001703022215953981, 0.002739745344845163, 0.0023146789173868142, 0.0020215588723096413)",1.7228881597999892
0.006248163920085719,0.007033586803008736,0.0013646117384975241,"(0.006759891064090128, 0.0070652284741852785, 0.008814521719497575, 0.005408312560865705, 0.007562358325775721, 0.006320516939090835, 0.0068119197184642, 0.007023471534009099, 0.007238148038327645, 0.006563207758699653, 0.005020245335257443, 0.009522760227778126, 0.009053689877316692, 0.0052584301315193845, 0.008554539210110403, 0.005582579532848045, 0.008815957003496121, 0.005394870138541079, 0.007505207283500179, 0.0063958811868013886)",-0.575565093546528
0.018702800000402035,0.013613058753629604,0.0035474444576074514,"(0.01594579427570373, 0.010901232108093049, 0.020066611941060904, 0.008630740962093321, 0.01589914069381234, 0.01095039415914859, 0.010054696271390736, 0.017347977536144456, 0.008781172436420624, 0.019586409831895836, 0.01579504579684643, 0.011026493203299525, 0.011859831441841861, 0.014564482846014642, 0.009898875462205277, 0.01755755429046188, 0.01601558466328402, 0.010763907303796717, 0.012079032851419843, 0.01453619699765828)",1.4347627729188381
0.007014411597234835,0.006008076558984259,0.0012789268035974838,"(0.005910025533800682, 0.005859996916069397, 0.008273189054341785, 0.004179331494797325, 0.0037568325318525285, 0.009224800598923505, 0.005272396467198274, 0.006578278747939012, 0.005200864591894983, 0.0066276422464414605, 0.006006315847658638, 0.005770850298264537, 0.006699760388328958, 0.005154890968663568, 0.005452568082674735, 0.0063508351580740694, 0.007233043528150025, 0.004770345620121874, 0.006428110423407374, 0.00541145268108247)",0.7868589784965516
0.0016299409356745512,0.0020258606051147313,0.0005239112871701127,"(0.001376605579988197, 0.0027961317165623506, 0.002067355735844856, 0.0018608820436798632, 0.002865102019768173, 0.0013437656426845029, 0.0026138418780962272, 0.0014733205968529863, 0.002012789532109705, 0.0019093803040501987, 0.0026886698289873908, 0.0014320195107916385, 0.001767422356391589, 0.0021758472609538465, 0.0014650539754176815, 0.002627216710132803, 0.001730595637745835, 0.002221463628173012, 0.0026164944738534925, 0.00147325367021028)",-0.7556998276916794
0.003828194908525657,0.003513870771249219,0.0006771869411924869,"(0.003758857360672186, 0.0031746622979638996, 0.0027980468430190302, 0.004261104536092234, 0.003930926695480681, 0.0030363731758227203, 0.005237814553201831, 0.002279006340694643, 0.0037162112627232707, 0.0032021053779978806, 0.004276990823655734, 0.0027909872275505374, 0.0034481009528481944, 0.0034559397204174, 0.0027549875676723505, 0.004329377269953047, 0.0035820172173861827, 0.0033234327802619014, 0.0033376525004894437, 0.0035828209210812183)",0.46416154558877265
6.963396096144531e-05,0.00010150705697755665,2.724389703113511e-05,"(0.00011539898449716051, 8.334810814962778e-05, 0.00015994020635566527, 6.0135568769228377e-05, 8.242136087877146e-05, 0.00011669675558647184, 0.00012113571093543502, 7.940058852430983e-05, 0.0001208995653831438, 7.955012835454295e-05, 7.697892292592838e-05, 0.00012494766143844032, 0.00010175143348967698, 9.452439313663897e-05, 0.0001295248868879214, 7.425653277073744e-05, 7.204669481152306e-05, 0.0001334917253882781, 0.0001293031546615132, 7.438875660611838e-05)",-1.1699169167937264
0.011739150656268049,0.01563462542820934,0.003402407679796525,"(0.014809547983550211, 0.01714354407938975, 0.007734855803065341, 0.023258728222656823, 0.01659141443896232, 0.015403952932584416, 0.017714904955381867, 0.013966733144213941, 0.01775388851607162, 0.01157074223395704, 0.011813874950629018, 0.020172461399553778, 0.015199031912879557, 0.015716041019051108, 0.0181185765176647, 0.012917431310175961, 0.014133030884675025, 0.015361775620110684, 0.01930368148192454, 0.014008291157688998)",-1.1449171112187977
0.016702208086292903,0.01953128965710319,0.005866939125510315,"(0.01942551672482975, 0.018323651671365224, 0.021619738520434452, 0.015610297678407135, 0.009881330750218317, 0.034924557300012926, 0.020516860878700048, 0.01739550261520905, 0.019155803311993416, 0.018570197632546786, 0.03009419348648675, 0.011759249189483402, 0.015222740933523684, 0.02315771473898282, 0.013325726877488913, 0.02594839748344281, 0.020924047926803874, 0.016998774925590376, 0.02021838914960167, 0.017553101346942487)",-0.48220741860249167
0.012521926115958176,0.016446109073296536,0.011495347001097387,"(0.013867373196991975, 0.014295407747343539, 0.05918655776356612, 0.0031003002064958897, 0.02779831509910986, 0.006817238487920149, 0.010825008294388693, 0.018384692028170443, 0.011351660027075305, 0.017447395542612952, 0.009515979737993853, 0.020655375238788944, 0.015700496201194635, 0.012450171659250064, 0.00901608415920645, 0.021079385738570787, 0.01406726800510055, 0.014078550160106566, 0.018764074227795226, 0.010520847944248712)",-0.3413714224515139
0.0101562383412725,0.012556960272048782,0.00738437899399996,"(0.013812694337385162, 0.008430239934834325, 0.006693111283539507, 0.016082548524467753, 0.014853853788627748, 0.007487124596335394, 0.01505711254073018, 0.0077645015622584464, 0.007729516960942856, 0.015050420403826613, 0.014622030347332794, 0.007894229597891347, 0.00445612117589032, 0.025760361331741727, 0.003528903290587382, 0.03160803337318783, 0.020599196910266637, 0.005647988474042455, 0.0173942908669371, 0.006666926140150033)",-0.3251081685713781
0.0013255976091724733,0.0009236837871220892,0.0004875035433600708,"(0.0013449957803299138, 0.00048613958780868575, 0.0016153955666077782, 0.00040066379226582087, 0.0007703697564918493, 0.0008434249241635637, 0.001738902666139301, 0.00037615671643873266, 0.0017239718404263454, 0.00037916269302348804, 0.0008933795515949068, 0.0007306157825516523, 0.001153603897239213, 0.000565586885852289, 0.0003548905772825936, 0.001831477850842743, 0.0006663651627420154, 0.000981252130210302, 0.0008227699015140926, 0.000794550678916493)",0.824432617002601
0.0006949144742571723,0.000595878405651533,9.851489988949545e-05,"(0.000639764332729688, 0.0005410195437202136, 0.00042808056858249224, 0.0008074500588414166, 0.0005652749680650215, 0.0006118117748131592, 0.000513262723193242, 0.0006744076993259407, 0.0006105563974851565, 0.0005668877005872568, 0.0006422901618814217, 0.0005387973086624596, 0.0005276131209751235, 0.0006558520476188489, 0.0007221054737379344, 0.0004789604347038506, 0.0006561581334659198, 0.0005275016234373881, 0.0007455321665489823, 0.00046424187465514096)",1.0052902527102852
0.0026802093034948497,0.00308784080785338,0.0005754430393364594,"(0.0028651628045788372, 0.0032236603992865337, 0.0032226710883325443, 0.0028570262299057233, 0.002963737707327952, 0.003110719524437044, 0.003210275687534936, 0.002877566625503021, 0.004000990451980515, 0.002308419206730077, 0.002628400260636885, 0.0035128198436335163, 0.0037544363219993394, 0.0024586971881512694, 0.002626771468065133, 0.0035101794239668907, 0.0044396579885761156, 0.0020803294932132837, 0.003342316368051761, 0.0027629780751562134)",-0.708378547472862
0.0019418484866675003,0.0014795367506150621,0.00016593201336659235,"(0.001609437546646306, 0.0013447562301375521, 0.00141101684121233, 0.0015303191448845792, 0.0014340488515014378, 0.0015071798418032109, 0.0017638292092553882, 0.0012271921174985536, 0.0017014247636230211, 0.0012720154477975007, 0.0012138363797328789, 0.0017825627049709448, 0.0015077026342174174, 0.0014348923341942809, 0.0012950744881296706, 0.0016690613878718125, 0.0015254222532814408, 0.001418789843147135, 0.001464141889268297, 0.0014780311031274787)",2.786151548894042
0.0015112579620152962,0.0019700913973527373,0.00020342318034008002,"(0.002393787308071709, 0.001606688345349724, 0.002098781992267834, 0.0018253196766390657, 0.0016142074613304032, 0.0023770880237020476, 0.002122845029238192, 0.0018121203886861744, 0.002065584639847905, 0.0018618757178634098, 0.002007803424214225, 0.0019146812162233679, 0.002005831511904585, 0.001916060243367985, 0.002149339908972909, 0.0017855228438414324, 0.0019590237816020234, 0.001963214376466802, 0.0019451826613033137, 0.0019768693961616404)",-2.255561212691542
0.002267086867048292,0.0021990083528545517,0.00044345035018483124,"(0.002147681261953369, 0.0021691159198222432, 0.0016927769914207463, 0.002738633871058424, 0.0023458140446180327, 0.0019801238674598738, 0.0023626911374209597, 0.001972207129368649, 0.001580925863622943, 0.0029465062819912335, 0.002017445562219387, 0.0023077420068739352, 0.002401771005140446, 0.0019378762507460121, 0.0024785698722260127, 0.0018744181234000984, 0.0017069328102875736, 0.0027291740966644464, 0.001514608519415983, 0.00307515244138066)",0.15352003705795894
0.0076597310743182325,0.006884205246466184,0.000667366699294036,"(0.006996506554795722, 0.006739937097591172, 0.005919716322239677, 0.00784162377892602, 0.006423875363652934, 0.007271968676311734, 0.00630202703555189, 0.007488585560885873, 0.0074901089833627095, 0.006294165034718253, 0.007064781701830763, 0.00666163963457824, 0.008465109880435818, 0.005554282271209491, 0.007081304136473918, 0.006600835778057971, 0.007189459421735812, 0.0065588438885703275, 0.0066133184792398015, 0.007126015329155571)",1.1620685129665995
0.01378497652542037,0.013535597418287103,0.002953321347873781,"(0.016058132240570053, 0.010990076501479753, 0.01568566398422227, 0.010911004923656677, 0.020409360564620675, 0.008489618260765705, 0.01289642605848993, 0.013705511665521055, 0.01149667589433653, 0.015342873594792104, 0.01010463925821745, 0.01739804480149173, 0.01299416383264151, 0.013503788983899907, 0.016343256901666027, 0.010614321066076968, 0.014661540910395909, 0.012036221678996359, 0.016169483124028324, 0.01090114411987306)",0.08444022094405851
0.00743439907924179,0.005999017654705691,0.001286754858123768,"(0.00540154317832134, 0.0064048360040490785, 0.00647977572315909, 0.005267549554579426, 0.0037193771333519795, 0.009226619479864171, 0.004296189212203152, 0.00805812342169229, 0.004794240736927753, 0.007214523010989919, 0.007132334982583618, 0.004842245475195514, 0.0060944732232646945, 0.005662256326866197, 0.006665679716565509, 0.005151021989817732, 0.005631303112445554, 0.006143397026286652, 0.006346455818288178, 0.0054484079676619624)",1.1155049584417691
0.0013089884807039008,0.0019871412762560627,0.0003196273924704682,"(0.0028797714697463227, 0.0013402793816393972, 0.0020670563310057257, 0.0018588120077824722, 0.0017868189605233043, 0.0021542377036278502, 0.0015893942328498744, 0.002428954746269375, 0.0018785069509833158, 0.002054505933792327, 0.0018297297705456956, 0.0021082161511597327, 0.0018615912793678376, 0.002071570004096053, 0.0018514216380759833, 0.0020794300997040212, 0.002244392109040531, 0.0017196970042156088, 0.0018321175810730144, 0.0021063221696228135)",-2.121697988118523
0.003098939536370555,0.0035695574631725104,0.0010583565911791693,"(0.0032963393769472383, 0.0035693798579625176, 0.005963263232591692, 0.001958043724253381, 0.0029191297951558946, 0.004011668891053359, 0.005185673618674232, 0.0022695891555618687, 0.00425073536509973, 0.002767392918706112, 0.0030086852479015514, 0.0039056945551559172, 0.00545592216108096, 0.0021531347546938757, 0.0031315002501082338, 0.0037405990114707907, 0.004009382418075376, 0.0029346415794028365, 0.003476614258158335, 0.0033837590913962916)",-0.4446685840333039
0.00011467513059084158,9.991767572697642e-05,1.985031496553208e-05,"(0.00011487472661905941, 8.371516024563993e-05, 0.00010298776209439664, 9.335985070418536e-05, 0.00010667121844580547, 9.014238248541059e-05, 0.00011111792657755009, 8.654588578261049e-05, 7.445675915385957e-05, 0.000129157991120659, 8.252391177616383e-05, 0.00011652832199597121, 0.00014005831036029455, 6.865951814561822e-05, 8.449028117779567e-05, 0.00011380777765097033, 9.093908867579486e-05, 0.00010574946801073389, 0.00012661373734461524, 7.59534361723936e-05)",0.743436811430442
0.017984293602732883,0.016275833370240404,0.003766318662965715,"(0.012764382574853475, 0.021319819863228777, 0.007034361070416674, 0.021105543331348287, 0.01069533464135212, 0.019455825188761003, 0.016964103747722323, 0.01753519402846893, 0.019871823988827912, 0.01410631036755893, 0.01602827654988799, 0.01689103885528817, 0.017878436706417804, 0.014923815340492853, 0.01926904841903996, 0.011056128377531702, 0.016166278806214966, 0.01820296568115982, 0.014308169717323956, 0.0199398101489124)",0.4536154227447086
0.010807495969490644,0.02100433701879772,0.013577218394535552,"(0.009214834831263249, 0.03439074068505303, 0.00785085980244004, 0.037041093310714056, 0.018877909960821906, 0.017182556745814453, 0.016713073157675364, 0.018232114039032143, 0.012961756839231174, 0.024525031815815796, 0.022396185953119912, 0.01428342046155852, 0.015770695590060738, 0.020343253339743107, 0.023938315880188493, 0.01332217270332018, 0.00944604416610351, 0.03392042300812684, 0.004787642316478509, 0.06488861576939337)",-0.751025781054757
0.004034973783209644,0.014034696201116893,0.005101157008477065,"(0.021937892770038703, 0.008037140831173876, 0.013373223652796945, 0.011308759550981196, 0.014296711786690217, 0.012821439476332798, 0.007882272597449029, 0.02080380374068543, 0.018801844050757202, 0.009410997085437252, 0.024355047212405213, 0.007351369328273076, 0.015039913444150755, 0.011950991496393904, 0.0183564815208254, 0.00969370411220584, 0.018261599757762127, 0.009831986529431219, 0.017385408767929447, 0.009793336310618288)",-1.9602851669316952
0.013428073581844665,0.010605984024182946,0.004650875578531161,"(0.0128682980915219, 0.007380480392032866, 0.0037943383013046873, 0.020995367907803462, 0.009461711339822603, 0.010468254232715246, 0.006569503949646988, 0.013273244748584295, 0.006166043699760491, 0.015436979814064623, 0.014911191579364123, 0.0064736491027847665, 0.007262671434733134, 0.013334451169089056, 0.009446249476215312, 0.010140581225178268, 0.012710257376994761, 0.007618533616574222, 0.019003868099525718, 0.004804004925942353)",0.6067867243511578
0.0012702459461787804,0.0009461207208733947,0.000593952214249478,"(0.0006130051146616425, 0.0009982559471013012, 0.0005579441174309132, 0.0010444196280009759, 0.0003936694842124771, 0.0015631744843394664, 0.002023550870683853, 0.00029364816825547187, 0.0011019031666190675, 0.0005532365501729472, 0.0006081737334536719, 0.0010075207127895826, 0.0003795336400314209, 0.0016112833526364882, 0.0002962078674418194, 0.0020612196710620145, 0.0008380099162043574, 0.0007317444981825601, 0.00031358732058051574, 0.0019323261736073501)",0.545709263353707
0.0007354941471951521,0.000593677264210208,9.071650499583876e-05,"(0.0006529822413850594, 0.0005285579771051462, 0.00047970820032578154, 0.0007162463995974612, 0.0005706733099619861, 0.0006052327739976133, 0.000609082009428151, 0.0005652352569967613, 0.0008469947038144766, 0.0004074066073728008, 0.0006755582227546223, 0.000511013639710559, 0.0005669275985808783, 0.00060888009591641, 0.0005976873785353519, 0.0005774297992267038, 0.0006404287734037168, 0.0005390830484028629, 0.0005877535202684919, 0.0005866637274193268)",1.563297472620328
0.0033726706814141355,0.0030646166174613464,0.0005007070373187069,"(0.002744365499927605, 0.003340014171466996, 0.004146544432929949, 0.0021953777330110833, 0.0027902247345264496, 0.003290805781321955, 0.003261171680819665, 0.0028015247244791916, 0.0027082514734171645, 0.003385051007988492, 0.0028905043831575516, 0.0031733075800347166, 0.0029583699473542547, 0.0031010294902984823, 0.0027169838001893055, 0.0033750222585462388, 0.004132755968155987, 0.0022197330571918313, 0.0028491045218204465, 0.0032121901025895707)",0.6152381352625337
0.0014260971999686186,0.0014832924044790848,0.00022647924311737402,"(0.0011071783782645667, 0.001945025183014104, 0.0013094016279031609, 0.001635552270610729, 0.0012026921130440754, 0.0017928200090951193, 0.0015892950737772308, 0.001351279582938058, 0.0016359351544461673, 0.0013163999469868646, 0.0011742544452345558, 0.0018348015341434144, 0.0014643183494076673, 0.0014714569121929571, 0.0016063927392409012, 0.0013408736830979196, 0.0014387347402078634, 0.0014976582523252785, 0.0016414517418933275, 0.0013103263517577324)",-0.25254060249938437
0.001723604484152867,0.0019899731726131307,0.0003988942968173416,"(0.002826330734066888, 0.0013508329199922143, 0.002098789831662114, 0.0017998717914865933, 0.0025881414369587465, 0.0014782819489447818, 0.001759925193640688, 0.0021573520069099517, 0.001726579717440818, 0.002210872517279211, 0.001816608613002143, 0.0021032658863733107, 0.0025898934915190254, 0.001475270718056274, 0.001635716532962143, 0.0023345397174534726, 0.0017914490112417858, 0.0021331841579009963, 0.0021549197452381207, 0.0017676374801333303)",-0.6677676030606101
0.0018734240165744099,0.0021822484366644614,0.00047632177910079525,"(0.001820808981591072, 0.0025062699023772773, 0.0030308204549298087, 0.001483196906683324, 0.002019475452782506, 0.002265585967700209, 0.0016921187363870098, 0.002674770340238155, 0.002056804794351469, 0.002217509377560624, 0.0021474279177595957, 0.002126910749576423, 0.0016771933925954657, 0.0027226891288859357, 0.002318843184579246, 0.001967910909642473, 0.0020917912549313286, 0.002184012691922736, 0.003234408396328834, 0.001406420192465736)",-0.6483525079895638
0.007000529603251242,0.006789530581246215,0.0013038881629591549,"(0.005009677147525285, 0.008950036350600864, 0.008078787319845975, 0.005288553834883818, 0.0066274135293012465, 0.006821046750739048, 0.006191335371706677, 0.007052392433204431, 0.008043149711209363, 0.005564424501972426, 0.005681292489905815, 0.007913415997322114, 0.006004709976096846, 0.007481970286845245, 0.004651726007834688, 0.009636742806406058, 0.006495492183621611, 0.0069268676352775725, 0.00612252443667262, 0.007249052853952581)",0.16182294463519625
0.016589950537626026,0.012766472147054392,0.0017958202601406953,"(0.010533405995541714, 0.01538983267533958, 0.011401670035950858, 0.012965699760769346, 0.01362983040003518, 0.012081468623778617, 0.009231523525820374, 0.016692812247604098, 0.014010638305948075, 0.011530310790665521, 0.013041055768308718, 0.012495112271869231, 0.014067206673953767, 0.01156823983583237, 0.012885419067994975, 0.012575763624002487, 0.01518728359076192, 0.010745296977675197, 0.011648380640515281, 0.013648492128720484)",2.129098593793613
0.0061901915935681185,0.005827716063122199,0.0008497558905788924,"(0.0049466680239222864, 0.0067722106721434154, 0.006479584787968424, 0.004952401421265784, 0.00592856511707095, 0.005690941558898672, 0.006200795796145412, 0.005275362609731567, 0.0057511701356584705, 0.005814645684783786, 0.004924404658922784, 0.006818586583711682, 0.006712335225190947, 0.004998784966458696, 0.007669545433794268, 0.0043664556515193775, 0.006748918714647762, 0.004978673097745795, 0.005824667065268443, 0.0056996040575954315)",0.42656430448394433
0.001642387783329707,0.0019677294060977627,0.00030470588875864784,"(0.001957203810959658, 0.0019380453499322776, 0.002431704338069871, 0.0015372410684047037, 0.0016216062133853704, 0.0023447644002812865, 0.002630282295317433, 0.001430467517470703, 0.0017726603710559654, 0.0021385084153945047, 0.0019512238513585546, 0.0019455009701863642, 0.002156598557240891, 0.0017597919138468553, 0.0018211472680767732, 0.00208257968499268, 0.0020938172804144846, 0.0018134329954050835, 0.0022393203049721703, 0.001688691515189619)",-1.0677234499585042
0.0028138696279045,0.003414346414478886,0.0004251305272694686,"(0.003431184144809921, 0.0033693577796958386, 0.0034106021689983687, 0.0032712239108726626, 0.003645821464584118, 0.0031843711210507923, 0.0030812480100736767, 0.0036731085429233946, 0.004509762882895997, 0.0025566897092422006, 0.0032404531778296073, 0.003571367215043996, 0.003920627173649415, 0.0029477227489117888, 0.003826375093895644, 0.003016691800308164, 0.003025840978752545, 0.0038267714775587257, 0.003466649509344913, 0.0033110593791359465)",-1.4124527599350074
0.00011441467052146549,0.00010010361422944233,2.1331466658598628e-05,"(0.00010016260822339158, 9.59281349541398e-05, 0.00014489564302462045, 6.623418806124685e-05, 9.768341392145235e-05, 9.837406090748713e-05, 0.00011798625250833881, 8.137721302437782e-05, 8.306200058553661e-05, 0.00011566519391777677, 0.00011096414508317933, 8.659207212265709e-05, 0.00014773752197840546, 6.503467351027315e-05, 9.90261098546029e-05, 9.702221883707207e-05, 0.00010975803691411264, 8.7545195566457e-05, 8.859154804993527e-05, 0.00010843205354378363)",0.6708894667706512
0.003226298521567252,0.003624248089182247,0.0025571086742228245,"(0.003468569311356583, 0.003053044616147898, 0.006984524755268419, 9.056435174289815e-07, 0.0032653038282274803, 0.004585618074986373, 0.007802201497095889, 1.8161686712960508e-05, 0.0007701387723313913, 0.006963345389626434, 0.0021621307413992245, 0.004965811238388415, 0.0009643930746968895, 0.007287924994061548, 0.0011435902649553082, 0.0060320419841441, 0.0028767747519203497, 0.004118565542316453, 0.005325864616232681, 0.0006960510002591238)",-0.1556248162725986
0.01741220355453616,0.022625804290576687,0.013917793983094005,"(0.03245118026392743, 0.011311709560196278, 0.0205755418297855, 0.01828055894159697, 0.029962164037709887, 0.012396182695455532, 0.01011835599578672, 0.03675789501119679, 0.03314736610090651, 0.010996519189945209, 0.015245739632846287, 0.024467930716569157, 0.038025609385929846, 0.009551968808297243, 0.01831429959926507, 0.02022929568664155, 0.015307190351360637, 0.024496849034143175, 0.005469322978109992, 0.06541040599186394)",-0.3745996486493122
0.02516748010306827,0.016562809393381745,0.009931670337735668,"(0.021382471146742233, 0.00884096489907202, 0.020319951885548353, 0.009678314824215823, 0.032025393417307514, 0.006019049980671916, 0.010243912985849138, 0.018848592831767746, 0.014759083567617955, 0.012673652378189267, 0.0073892648195831665, 0.026260692688198216, 0.005927822569536985, 0.031369582068347016, 0.03617509512906723, 0.005304704988677111, 0.01761317409598978, 0.011110043784409654, 0.02907640656036126, 0.006238013246482473)",0.8663870645195333
0.016871001038405588,0.013074830936916571,0.007992485619156161,"(0.03781575420257489, 0.0032669532932915746, 0.014153295401924332, 0.00905587776467911, 0.006467402976134778, 0.019458871440744995, 0.01540195639271805, 0.008179606405800757, 0.005095305104654602, 0.02402468244251968, 0.011419125946159066, 0.01108540042554257, 0.006985537711984807, 0.01742585691081594, 0.011703661344007235, 0.010704351839789641, 0.013940324276000568, 0.009151614039637074, 0.020304744440186314, 0.005856296379165397)",0.47496739842614977
0.0014000132965020856,0.0009290521749110254,0.0004935113911988016,"(0.0009688483986719813, 0.0006797276025337551, 0.0006392441350321, 0.0010361909341952424, 0.0009257350063969726, 0.000714320251291947, 0.0016672106883477756, 0.0003961155368779256, 0.0011649953043082063, 0.0005658320735074026, 0.00042419073305434375, 0.0015588401164892435, 0.0011415775275931616, 0.0005766711246338109, 0.0004510640231859412, 0.0014632126788367114, 0.0012371333725734299, 0.0005349630314886436, 0.00030810663633057395, 0.0021270643228713396)",0.9543064861117714
0.0008695994664775046,0.0006008335624021443,0.00012340220484961047,"(0.00046531610966032093, 0.0007453362607076006, 0.00039975028022336436, 0.000868171657622723, 0.0005901352131879962, 0.0005879272617693869, 0.0007222178849483111, 0.0004803758807696064, 0.0005554110052299407, 0.0006244033980925317, 0.0007751466566204991, 0.0004476257092580537, 0.0007180031411882463, 0.0004829461526936951, 0.0005710504035977101, 0.0006074883740264477, 0.0006379755200999853, 0.0005439411565825891, 0.000694127444833962, 0.0004993217369299112)",2.1779667908114257
0.003325831153331145,0.0031152552661532825,0.0007258599791978395,"(0.0022592398802734463, 0.004079145860825033, 0.0025606544576602733, 0.0036043095728218186, 0.0025887196652330767, 0.003562573518057257, 0.002362506679050503, 0.003903925694657616, 0.003298771255376094, 0.002792603895189156, 0.0034069525973214943, 0.002707632382752825, 0.0025404291714869885, 0.003625421913893994, 0.0025364293762891693, 0.0036354004298866436, 0.002618644632384543, 0.0035238339675898005, 0.0019298160378417894, 0.004768094334474138)",0.29010538287366894
0.0012687664445947162,0.0014828572021746368,0.0001756040955167993,"(0.0016576747357356907, 0.001308645090079865, 0.0017618040727416147, 0.001232629690887364, 0.0016089688553143572, 0.0013490052216225848, 0.0015268250453362396, 0.0014216079683397709, 0.0018293997638928491, 0.0011855050545715041, 0.001548204597948933, 0.0014021789949554867, 0.001450559345741275, 0.0014948704774058986, 0.0017425067527554264, 0.001245446323880319, 0.0014843823648943173, 0.0014628008727552212, 0.0014630728749068904, 0.0014810559397271277)",-1.2191672235767383
0.002003049758954131,0.0019835305503706044,0.0002854757523890249,"(0.0016139576108817003, 0.0023888099706458658, 0.0022685104739591363, 0.0017027555539371924, 0.0021681829197718644, 0.0017800028844602667, 0.0023548504725894813, 0.0016388394134208533, 0.0022805600284959123, 0.001690000830733855, 0.0017291939277213164, 0.002232416627873798, 0.0021632256618094414, 0.0017811094816850706, 0.0017901497968125114, 0.002155243679309722, 0.0018504981836625998, 0.0020868941847985312, 0.0016199545355648527, 0.00237545476927812)",0.06837431347558866
0.0021830102909384664,0.0022232312643896022,0.0005757316444141209,"(0.0016109328215703328, 0.002877357205583968, 0.002059915254973759, 0.0022555902679755936, 0.0016898344029004037, 0.0027467925555240383, 0.0013774752532796325, 0.0033691314459566675, 0.0019519858723808514, 0.002374022277176545, 0.001509716856411222, 0.00307519811532607, 0.0024523997146030565, 0.0018887913256662048, 0.003081078456310194, 0.0015057893696414975, 0.002371274366687865, 0.0019588159284240625, 0.0020263124350004876, 0.002282211362399589)",-0.06986062663285714
0.0064857751091013304,0.0069921839885303365,0.0008664502818433705,"(0.008456319160520476, 0.005686018601446342, 0.00804513785362052, 0.006022574180756289, 0.006151913507662552, 0.007850759916383069, 0.00787860184564059, 0.006126842407985809, 0.006734226278419957, 0.0071347521085887, 0.0064149499041250505, 0.007534129055446903, 0.00774729389942293, 0.006193195007958265, 0.006370003336074554, 0.007570380918662174, 0.005925489535835071, 0.00816884374338086, 0.007240091379312256, 0.006592157129364339)",-0.5844638636987024
0.014613485186743876,0.013752557387836565,0.002884197916318414,"(0.011108748583435732, 0.016267807851664113, 0.01504033580075617, 0.012196468417175444, 0.01356561350589811, 0.013437792197638292, 0.013415660259337417, 0.013573632685356923, 0.018823345214017403, 0.009586567424840358, 0.01866711478533993, 0.00977881177528879, 0.014332005500001155, 0.012556769131942683, 0.019066295945057175, 0.009532447662050615, 0.014053483131425468, 0.013027652231138274, 0.015610499407338474, 0.011410096247028755)",0.29849816964234466
0.00523259149179421,0.006004573761470806,0.0013730795847430668,"(0.004453696204981931, 0.007685243270491649, 0.004866665872071275, 0.007080682499542244, 0.006219129162083579, 0.005525571199070363, 0.0053859226116424975, 0.006376840983621552, 0.004056145699104493, 0.008434025352417197, 0.004713146218828344, 0.007295284415447631, 0.005913033671347, 0.005778272999329623, 0.00464544858236826, 0.0073869772580167315, 0.004370717659673393, 0.007877205190824077, 0.004544801973443401, 0.007482664405110856)",-0.5622268936589353
0.0011286881299145386,0.0020267957207841343,0.000495434167333316,"(0.003068627601427102, 0.0012642133444233017, 0.0022104125821920447, 0.0017589890238476303, 0.0019980340051051334, 0.0019441738768903331, 0.0027436056014601465, 0.001415587154867861, 0.0024362170492298516, 0.0015921053251876664, 0.0017814543446627287, 0.0021809477573515893, 0.002321824707710592, 0.0016698567251025387, 0.0020525796731845304, 0.0018916247658696812, 0.0014393451152308072, 0.0027005042460770583, 0.0015214168479556103, 0.002544394667906472)",-1.8127687795609193
0.0025463285219625162,0.003519852733884922,0.0008530331478358535,"(0.0034067523033565928, 0.0034348382152877086, 0.004031236691209401, 0.0029150572630940665, 0.004070440914372077, 0.002883299143512372, 0.0027351237781821206, 0.004287128090386352, 0.002799741809739866, 0.0041820514199693145, 0.004206395169309494, 0.0027901369585817417, 0.003175085598913926, 0.0036841567004817673, 0.0024725857125734675, 0.004740168848813215, 0.0027586864115028207, 0.00425714848966515, 0.0021539747614042182, 0.005413046397342777)",-1.141250154688875
7.248373164126463e-05,0.0001003042518281612,2.188803491395361e-05,"(7.990990127266523e-05, 0.00012029024023710532, 9.293707913721524e-05, 0.0001034411653739448, 0.00012372795949059986, 7.769684727208525e-05, 7.563394077336086e-05, 0.000127097980090366, 9.017738985828021e-05, 0.00010659810961679624, 0.00011840666694982236, 8.118804705887028e-05, 9.156307916270806e-05, 0.00010498169156168105, 7.338801208434237e-05, 0.00013098612607469572, 8.212487370038912e-05, 0.00011705760687982, 6.843876088213665e-05, 0.00014043955908633917)",-1.2710378202641208
0.008392081524901075,0.00863378107880402,0.00292993626394914,"(0.004931577099800454, 0.011241983811320294, 0.006039551000944587, 0.013509743143446504, 0.008440597389830707, 0.009796360093507928, 0.004327092388004002, 0.014080287733050383, 0.007401776299021361, 0.009324850428468942, 0.007896172094384934, 0.010132722340162263, 0.005142564661289516, 0.011258872315979142, 0.005665972577427972, 0.011603100076550254, 0.007078194586584364, 0.011511214879961743, 0.005550550685708359, 0.007742437970636714)",-0.08249310979112186
0.013068586661351828,0.02053727427205171,0.0060106434617598304,"(0.019898396321395482, 0.019591300861914285, 0.0123440187370502, 0.030829644556949132, 0.023287947933932716, 0.01618755646139119, 0.013800311738268173, 0.02826094477000942, 0.016286961927510855, 0.023872176591824626, 0.017217981595814773, 0.02303841450103483, 0.024351454261737245, 0.016038849583765984, 0.012517040151703395, 0.03074044364259823, 0.01383670119236471, 0.028167551366819747, 0.016526355746614894, 0.02395143349833424)",-1.2425770482338934
0.009061053317962945,0.015872436143704927,0.00541810784664802,"(0.01050565946477297, 0.021543134494899863, 0.02558022516535639, 0.008504894053193794, 0.021476017428647156, 0.009975900386330332, 0.008799125826238563, 0.02574161756612506, 0.01940741657240568, 0.011609729252895138, 0.018263955083207307, 0.012759417926684473, 0.011000513714327904, 0.02063847156244528, 0.01822942198061571, 0.012150969810370319, 0.018132053488186032, 0.012478293317245672, 0.016987804981665633, 0.013664100798485268)",-1.2571515773640292
0.01248232482180362,0.012256942901855014,0.005623585693222705,"(0.01339534148538253, 0.009230415713685247, 0.0180092468427305, 0.006584119908859252, 0.02520505125428962, 0.004629364722689142, 0.0057375768960255865, 0.021569220842868008, 0.011885458588956977, 0.01035238707609034, 0.0076599802665259795, 0.016660927655680627, 0.006941993210541381, 0.017870918197902284, 0.010846422556980349, 0.011141139782062012, 0.00709551497523462, 0.01742138621166157, 0.013474437135523161, 0.009427954713411102)",0.04007797377751807
0.0005239707200197298,0.0009144045153991868,0.0004198001378036053,"(0.00035800215398978306, 0.0019158287655170916, 0.00044909454921472685, 0.001512195197453532, 0.0005654096721015998, 0.00119771078988807, 0.0007879515056336966, 0.0008708818839677075, 0.000785737942814536, 0.0008714028076325827, 0.0009010416437008174, 0.0007695126104099098, 0.00045748003245529726, 0.0015007785255936126, 0.0011293980350084796, 0.0006038191440782535, 0.0012651097112001545, 0.0005423764801566405, 0.0005517575141232039, 0.001252601343044042)",-0.9300468490129778
0.00045489904814814274,0.000612471661982847,0.0001798897636305617,"(0.0006346971253380259, 0.0005471538901861081, 0.0004958653638139987, 0.0006997238152688721, 0.0005338275979651828, 0.0006497680154958444, 0.000809124964411841, 0.00042921385796870917, 0.0009068350940469148, 0.00038290559224145163, 0.0005305930724523127, 0.0006550393765855328, 0.0006555902950722277, 0.0005297589649388702, 0.0005442304661145775, 0.0006377848282524481, 0.00111736324729953, 0.00031080429174058094, 0.0005998769522021603, 0.0005792764282617507)",-0.8759398570243828
0.002415051442839793,0.0030833042047394956,0.00048268887246988285,"(0.004327323235573117, 0.0021476285462492, 0.0032027040356084244, 0.0028972946569449654, 0.0032080316874746493, 0.002890754881722389, 0.003491954055441262, 0.002661481714281949, 0.0034109879620896205, 0.0027240952015070924, 0.00360264130273299, 0.00258258086372142, 0.003196709554921034, 0.002907557898071043, 0.002758960685120142, 0.003365644458850497, 0.0036283672510916696, 0.0025613112050475156, 0.0030512784982160827, 0.003048776400124842)",-1.3844378853821573
0.00190407521674029,0.001522548087361215,0.0004014761839399596,"(0.0017875030645565096, 0.0012149956658851332, 0.0015900012356366098, 0.0013643174305185708, 0.0022292694440866423, 0.0009726508659880676, 0.0012895829293312676, 0.0016841614173761432, 0.000918145981871715, 0.0023650972406014203, 0.0014822496454357575, 0.001466535185819064, 0.0014419234940418804, 0.0015063311721251222, 0.002036498538543892, 0.001065755287895888, 0.0019896041128376527, 0.001091572465717232, 0.0015732680278480096, 0.00138149854110772)",0.9503107398174637
0.0015787072156095033,0.001996613894965044,0.000339815047762979,"(0.001638491368724246, 0.0023679951336163293, 0.0016314514267016247, 0.0023730464130387974, 0.001882589081914649, 0.0020548428992615865, 0.001753555479431196, 0.002212741045352893, 0.002118973158563453, 0.0018305336063661462, 0.0023148300180928236, 0.0016791191432410702, 0.0014104002812225262, 0.0027514514092393397, 0.002403582990318569, 0.0016122743490719635, 0.001864581295827993, 0.002080868752497375, 0.0018454774284010183, 0.0021054726184172733)",-1.2298062787585278
0.002429775199988938,0.0022428548993717688,0.00059831304368997,"(0.00203632329201334, 0.0023085169591845252, 0.0018080574386293285, 0.002592109543785465, 0.002693015215384817, 0.001738476074014001, 0.0016871330811719326, 0.0027865861843966544, 0.003299094549427477, 0.0014242977571862958, 0.0028675931933649025, 0.0016437119695457297, 0.0025888765082328524, 0.0018162864384005733, 0.0014123397566153518, 0.0033227517675281787, 0.002377017527560661, 0.0019776981417351587, 0.0016903508768018728, 0.002786861712456249)",0.31241221061198604
0.010586399232555433,0.007141078261200801,0.0014324286225817226,"(0.006084490900768075, 0.008092323378924307, 0.007586427910450753, 0.006426047265600266, 0.0071616833822513186, 0.006783786529770867, 0.008505984314301029, 0.00579047238447426, 0.006867858611717546, 0.007159206238782479, 0.011393161498208538, 0.004360243757914549, 0.0057998187481392354, 0.008497010232833679, 0.007112678005617216, 0.006883693616423433, 0.0074682168522464025, 0.006593668028714745, 0.00823177057412469, 0.0060230229927526295)",2.4052304715504738
0.01138853928404307,0.014054182038468619,0.002639759685743718,"(0.013766128374624736, 0.013912702552118595, 0.019603461985099935, 0.009583898711721509, 0.015967386064766588, 0.011688318151181733, 0.015151280000663365, 0.012648733068007963, 0.014363758636156321, 0.01329758217973433, 0.01625164495191895, 0.011989158290821712, 0.014050142261114945, 0.013654747011547818, 0.01722298540513437, 0.010999930653746251, 0.010109808725950534, 0.018948314260192067, 0.01429169286749921, 0.013581966617371464)",-1.0098050852210583
0.006029360457920788,0.006062053219001797,0.0009735308729847735,"(0.006395205284914381, 0.005616360723571118, 0.007318277461011112, 0.004864557157447383, 0.005691502697521898, 0.006236063066011991, 0.0054950699231255794, 0.006538353652264461, 0.007051023018886619, 0.005087439009037223, 0.0059267607140590615, 0.006109571568919828, 0.005956853660080499, 0.0060344806111940945, 0.004101469242081974, 0.008713255062403936, 0.005532651537183391, 0.006492740708449416, 0.005460923955639081, 0.0066185053262328855)",-0.03358163771506841
0.002891506203729363,0.001999282939907002,0.000329389069776619,"(0.0022021205672507625, 0.0017695256591880755, 0.0021312649208568373, 0.0018229952065701843, 0.0015448001301836282, 0.002512553286870343, 0.0018874463600310112, 0.0020647466904876047, 0.0025729976815646515, 0.0015138210661881913, 0.0015854630458386342, 0.0024643481644064606, 0.0023130969689242023, 0.0016850730387292668, 0.001967562565392173, 0.0019771786254156373, 0.0023608230797645935, 0.001650635776197678, 0.001861013567652481, 0.002098192396627609)",2.7087215262711606
0.002898816273907442,0.003632127638745203,0.0009894843927763645,"(0.002965644281642623, 0.004158453297197885, 0.0019363015506930587, 0.0063247618624490435, 0.0025522059238897166, 0.004788695380717928, 0.0041057932128591886, 0.003004706471716387, 0.0030786826850285583, 0.004000987453151059, 0.004815692668580475, 0.002580307522422234, 0.0035400761135249755, 0.003486177286841289, 0.004180067153429366, 0.002938413417188503, 0.0037851907495061454, 0.0032590123444913065, 0.0041632846819879095, 0.002978098717586409)",-0.7411045289761314
8.473052581611891e-05,0.00010009954800413279,2.066186464593656e-05,"(0.00011529657337129474, 8.350699117615576e-05, 0.00010702359238133815, 8.994186759542817e-05, 9.172554879573406e-05, 0.00010493633411779612, 0.0001419650289414694, 6.78209093717231e-05, 9.430025719351128e-05, 0.00010209583747383491, 0.00010478942649830205, 9.19048632966987e-05, 0.0001076402501381222, 8.944898767169274e-05, 6.693231566838403e-05, 0.00014382898569266516, 0.00011152061435287925, 8.633561307799253e-05, 0.000122124447073079, 7.885251619455436e-05)",-0.7438351983898221
0.02897788585166943,0.02596424097228487,0.0021093621175469596,"(0.027998629311737695, 0.024196488694622913, 0.024466422829927455, 0.026719681048565938, 0.023752811178047204, 0.026865313135630776, 0.026709694270353364, 0.026261140447099575, 0.026092036783225803, 0.02652232772041641, 0.020292532867251384, 0.02957957069057674, 0.026081491319383452, 0.026935325020506058, 0.024609987153341974, 0.02715172998457004, 0.028112969014600687, 0.024073270733497208, 0.024227460326407147, 0.02863593691593546)",1.4286996311895555
0.018429194835578134,0.01989649098374774,0.006761827462828524,"(0.016174073098744652, 0.022371879653178283, 0.023435934903502265, 0.01440590910224924, 0.02965731450311529, 0.01211131134742463, 0.009383388074356168, 0.03792212230266491, 0.01867115416760071, 0.01929344969138608, 0.017834655355692147, 0.020203305597271678, 0.02797738821188033, 0.012650301971702516, 0.014663498663193206, 0.02455646298987614, 0.0236793256399978, 0.015150638060243428, 0.017716408074996658, 0.020071298265878626)",-0.21699698139825407
0.0092682065698326,0.015420831323760277,0.007230292636105913,"(0.016485188207475805, 0.012360657191517525, 0.03940332660013753, 0.004597697701839549, 0.018858702883019978, 0.010675219998936685, 0.017537395943899525, 0.011309498206980415, 0.010835510790364404, 0.018666368546048914, 0.013548924012048495, 0.014937331469979323, 0.017932278039501297, 0.010961172048745919, 0.012627882073825848, 0.0160047581170533, 0.0142643118152073, 0.01408964680266092, 0.007746105855494734, 0.02557465017046812)",-0.8509510006833352
0.0060357808712482456,0.011741581784224409,0.005580113585811514,"(0.014061739568361289, 0.008147608812104225, 0.012575527703983576, 0.008043781457956253, 0.011817585042011837, 0.009575267812135864, 0.012981320160310216, 0.00858783799724558, 0.010853453173908843, 0.010474593768640152, 0.006658733682690857, 0.017087811240071187, 0.004996676521339326, 0.022101728859887617, 0.014293441099390505, 0.007947000419778161, 0.004999918049437329, 0.022598147000413404, 0.005070412807829791, 0.021959050506992102)",-1.0225241521040418
0.0008976402412180759,0.0009334784073455676,0.000504938431729199,"(0.00154389740702386, 0.00042969894915042124, 0.0013393603975997653, 0.0004804666387616996, 0.0005072968862556242, 0.0013052258307063537, 0.000974406095510168, 0.000678971348942704, 0.0006704604249949249, 0.0009881921059182366, 0.00046443214826488667, 0.0014274767414389953, 0.0004698108351570253, 0.0014056159586468679, 0.0002946248869281902, 0.002247455292653565, 0.000791836854646578, 0.0008366936825703408, 0.0005055617780084793, 0.0013080838837326693)",-0.07097531872303968
0.0004888276502320695,0.0005950759216853171,9.215208887897904e-05,"(0.0005982029726234607, 0.0005789463650383904, 0.000579844687539919, 0.0005955515817739894, 0.0006947258391842576, 0.0004983957218446691, 0.0006269178952731549, 0.0005521924982444432, 0.00047578711109414444, 0.0007277928718424877, 0.0006849613354378588, 0.0005055620330076931, 0.0005197401802037359, 0.0006659317601347108, 0.0007064349721585768, 0.0004901547857519994, 0.0005610912824133513, 0.0006171080050270788, 0.000445979637480066, 0.000776196897632354)",-1.1529665007678844
0.0021152045773982224,0.0030854058914878725,0.000592905592583708,"(0.0030583488786781994, 0.0030098055555047823, 0.0029541872619135495, 0.0031009651514327407, 0.0027902813770646013, 0.003297338646335819, 0.0023123796393152546, 0.003976391972568246, 0.004393412116476025, 0.002094554778632272, 0.002580138446965846, 0.0035666634019221144, 0.0028997749750840915, 0.003169742503613128, 0.0027765839998107468, 0.0033141279044024436, 0.0027759643065625415, 0.003314119855306047, 0.0022663100649222474, 0.004057026993246753)",-1.6363504177145611
0.0015708966647049083,0.0015145520038571717,0.0003849031939895557,"(0.0012704453047642423, 0.001700267546953428, 0.0017580263117127533, 0.0012240968518907372, 0.0010665267023866104, 0.0020246177065226505, 0.0019507867901581036, 0.0011064179232286025, 0.0022477344146971177, 0.0009607892269932425, 0.001498059869263144, 0.0014416417464781562, 0.0013931751829647382, 0.0015488203841678766, 0.0015300329627878112, 0.0014114347889999696, 0.0013607578226256867, 0.0015867844119172342, 0.002252400443491956, 0.000958223685139369)",0.14638657648880282
0.00207233487026143,0.001991534495854214,0.0003663705615540908,"(0.001890701462288565, 0.0020349530354163404, 0.0019503604042703858, 0.0019588608533669845, 0.002789331656126396, 0.0013784861832490862, 0.0017550459037720854, 0.002189370566862956, 0.0018910255573261969, 0.0020337670920036735, 0.0017456745890886618, 0.002203286190154597, 0.0017636968354201993, 0.0021775231147853876, 0.0025421164259786973, 0.0015127851720676945, 0.001476302645163642, 0.0026044483392509954, 0.0021241678960990077, 0.001808785994392718)",0.22054275885178246
0.0025421503388275532,0.002175483179603831,0.0002862984147064371,"(0.0020988642019899723, 0.0022220309623211887, 0.002532875858217858, 0.0018233299090854934, 0.0024064298995915482, 0.001936473791272241, 0.002492039973873591, 0.0018685354166616912, 0.0021076060223916494, 0.0022116297439484884, 0.0021393035611955275, 0.0021791758862684894, 0.0018389796661245294, 0.002530376031920182, 0.002533022979934408, 0.0018399957536102136, 0.002623404180743103, 0.001776361848865552, 0.001904462040444352, 0.00244476586361655)",1.2807166941517751
0.005539075947998899,0.006893879573397147,0.0011740394398651504,"(0.008072190702497019, 0.0057628344504862105, 0.005312236368474418, 0.008484031096040451, 0.00806773609483938, 0.005751185556377301, 0.006783061340009953, 0.006824174486285729, 0.00762293151559015, 0.006092001426737412, 0.004804204178600279, 0.009670919223378593, 0.00658808528358253, 0.007010844421932757, 0.00585539334475323, 0.00792818425326723, 0.006483433178014181, 0.007157338957578433, 0.006686312412845487, 0.006920493176652206)",-1.1539677283361622
0.015095713233669789,0.01354240771332861,0.0030790429770842283,"(0.015595371395841131, 0.011323041562780039, 0.02070249872598214, 0.008034739584078862, 0.01359918130416152, 0.012922041821071603, 0.00950196361484359, 0.01841080476402744, 0.014158162536527406, 0.01243204376279885, 0.015495860370585774, 0.01136904779745077, 0.014503644824673001, 0.012012148228994416, 0.017630011114876356, 0.009977237099159559, 0.014984735263255238, 0.011729580635738014, 0.01377119064658291, 0.012694849213143553)",0.5044767260157299
0.008080159600896274,0.005922689636923726,0.0009144577797618955,"(0.006215448834162992, 0.005549187221738601, 0.006483610150359801, 0.0051714803281613, 0.0060080448134449856, 0.005727820463616436, 0.006530293187942451, 0.00525915982360962, 0.005244611139387542, 0.006566494375672548, 0.005963478214981997, 0.00577748943408667, 0.006179237822527548, 0.005547248352230672, 0.004054859752744142, 0.0084904013402449, 0.0050488614355573965, 0.006816913694094571, 0.005141373131200644, 0.006677779222709727)",2.359288762936989
0.0021616525386730866,0.001996300476942448,0.00041107164896911363,"(0.0018615290986365334, 0.002062378910713736, 0.003142781135659296, 0.0012101138664253586, 0.0024318482411903896, 0.001577520959621037, 0.0022572446059006238, 0.0016984088565791075, 0.0019530077212352415, 0.001964788410329605, 0.0018587921236502775, 0.0020646819634199854, 0.0021889543284199318, 0.001750269620452689, 0.0015448345248476008, 0.0024836474023492835, 0.0017458182596170508, 0.002197518334743029, 0.0017882129721256577, 0.002143658202932524)",0.40224632894364953
0.003467687511127949,0.003525671243712877,0.0007680392217569807,"(0.003986236395881815, 0.0029942390168870964, 0.0029175761925704724, 0.004000815839890607, 0.00412974875610615, 0.0028860365972385497, 0.003028985921515113, 0.003932169506678891, 0.002157131364147456, 0.0055277478383861135, 0.002736932388301399, 0.004358727794479079, 0.003052680006270817, 0.003896325732242527, 0.00292690385312099, 0.004072274721998488, 0.0029474364083366613, 0.0040453483303709206, 0.003231705367997988, 0.003684402841836392)",-0.07549579623327456
0.00010656437443437484,0.00010093846554161027,2.4997298559501247e-05,"(7.132479413113525e-05, 0.00013484673370578083, 7.92358605388558e-05, 0.00012129532310907186, 0.00010205856506786163, 9.423531840903156e-05, 8.97610999582422e-05, 0.00010714508708929809, 0.00015411931756296077, 6.240391164691477e-05, 8.531878582212014e-05, 0.00011272788919504539, 9.421605027121785e-05, 0.000102074538978085, 8.821744535818302e-05, 0.00010902026150733457, 0.00014379566581634645, 6.688446644642678e-05, 8.025861001213072e-05, 0.00011982958620616244)",0.22506067523149278
0.011229556650838414,0.009265035421336975,0.004677085404544599,"(0.0077482346000845165, 0.011267434091245808, 5.928569705766835e-06, 0.0196223434158574, 0.003623952426747593, 0.016018333308934506, 0.013460098042839572, 0.005003375196198015, 0.00867798338471773, 0.009346161203993347, 0.011087397858124143, 0.0076024741259779005, 0.0130154764152493, 0.004383618257087729, 0.0072713424452809285, 0.010338108182789584, 0.011751862090599254, 0.0067669807340091145, 0.013694491273704514, 0.004615112803592778)",0.4200310790973725
0.014115961620598961,0.020568453201677137,0.00812406236467062,"(0.011828276548937434, 0.030822116679569, 0.018207736651077864, 0.020050210901256055, 0.014711510865200202, 0.02526275714574335, 0.008719569366977136, 0.04593767710486989, 0.013130313054235798, 0.02870702329900831, 0.018871744464607525, 0.019531652227177367, 0.020040165892398206, 0.018405710732601492, 0.01648519777111653, 0.02232554406722852, 0.021340309810620402, 0.017455630801851453, 0.025447033039087366, 0.01408888360997885)",-0.7942444668000508
0.005557112739157974,0.014800161645443514,0.006827526821591581,"(0.015941189778890075, 0.010988528775232556, 0.02692735817365277, 0.006518466916675106, 0.005563911980120344, 0.03245910268733401, 0.00998038099247133, 0.02044883815707071, 0.011378604188832133, 0.01624711748129422, 0.012216974539522233, 0.014588822876899882, 0.020287336330131984, 0.008795652578487965, 0.01417533978001389, 0.012541278326930942, 0.01668724451447241, 0.010866242947509897, 0.007961775254876463, 0.021429066628451343)",-1.353791665388269
0.01308049000128068,0.011772099136445651,0.005492072366816282,"(0.018122604774863754, 0.006068206638920735, 0.008450880065701723, 0.013041171915354255, 0.008323883059181431, 0.01368107432719723, 0.009519802308095494, 0.013813865554384538, 0.012567049854930942, 0.009318032449418031, 0.008413465499980172, 0.013330911097671533, 0.020801390595124595, 0.005399633373000157, 0.012047420262775053, 0.009280882066263747, 0.008020277046248003, 0.014270609208285408, 0.02702089450316945, 0.003949928128346796)",0.2382326337759994
0.0007032437760601702,0.0008802682593364325,0.0003776123063358097,"(0.0009153841178214787, 0.0007045261677472084, 0.0008776556717719902, 0.0007346043154486941, 0.0007076928905124317, 0.000917089027556485, 0.0005375493973808265, 0.0012598420688023472, 0.0005955013297147847, 0.0011007008717901954, 0.0014812819646184492, 0.00043678395264205096, 0.0005028867241798192, 0.001287160938661552, 0.0014216306942274133, 0.00045451582178311346, 0.00038820260529680967, 0.0016766044286520203, 0.0008531843762794358, 0.000752567821841541)",-0.46879956057055727
0.0007519394613853801,0.0005962173934280945,0.0001013038936285326,"(0.0005968328028353747, 0.0005793657633812882, 0.0007056976973902621, 0.0004899950200119573, 0.000537575295032802, 0.0006436632112328134, 0.0006679933601553535, 0.0005198265536249056, 0.0006536435162164699, 0.0005297680924132879, 0.0003980807168611437, 0.000868942695610117, 0.0005866903616880653, 0.0005896178963830929, 0.0006502808862550273, 0.0005318878742655852, 0.0006719041788730677, 0.0005150740833830196, 0.000510430976104777, 0.0006770768868434771)",1.5371775198325242
0.0024989025100756045,0.003125511936860142,0.0007882745609379448,"(0.003337808186726114, 0.002753736598881434, 0.005077857906197033, 0.0018102570104811375, 0.002573588390820132, 0.0035760866505484715, 0.0037688436376502195, 0.0024547332163427985, 0.002499926080659173, 0.0036851379496745445, 0.0027434375056290218, 0.0033528039914780456, 0.0024000982726526373, 0.003832622479398261, 0.002272399018872024, 0.0040473532826048415, 0.003550356666609157, 0.002592688453464783, 0.002483218089662436, 0.003697285348850576)",-0.7949126584003338
0.000989214957733119,0.001524695573986327,0.000419216328139661,"(0.0014968359308525651, 0.0014461890442537258, 0.0008884844079565185, 0.002436542506841238, 0.0013803232887148618, 0.0015697922515158088, 0.0013504661592501548, 0.0016111208856688238, 0.0018642373104712077, 0.0011632482638695941, 0.0013958363952224079, 0.0015516811016413853, 0.0009869270905353506, 0.002194675084951197, 0.0016983081657164871, 0.0012752070682786392, 0.0022827172299932676, 0.0009493721982005039, 0.0016008186226693422, 0.001351128473123451)",-1.2773372130553413
0.0028259553753027244,0.0019903850703091863,0.0003469762974205544,"(0.002460258603879172, 0.0015615214527310733, 0.0018944825387011534, 0.0020280177602784604, 0.0017627026341173267, 0.002183282725476444, 0.002218687871578401, 0.0017484909364104614, 0.002222484582024149, 0.001734421615166065, 0.00240399108279826, 0.0015996141645651446, 0.0018980556890659452, 0.002026175141123483, 0.002060402362876771, 0.0018660035644163264, 0.0014561368305595753, 0.002643828376375557, 0.0025120171066972943, 0.001527126367342666)",2.408148081598729
0.0023577041942080016,0.0021663961207175376,0.00018803787194556344,"(0.0022398719632843716, 0.002075047977292328, 0.0024074371502252187, 0.001930733799526698, 0.002174581331733546, 0.00214231926627683, 0.0022109630458792464, 0.0021317589606397267, 0.001976033985860331, 0.00236337677412618, 0.002100817709715486, 0.0022151766756963536, 0.0018283520562530288, 0.00254562190221897, 0.0021652293881795396, 0.002148626799817072, 0.0021505182178446643, 0.0021675195252573213, 0.0024931910261513242, 0.001860744858372519)",1.0173911856748052
0.005567238120374573,0.007033986312020285,0.001248823968747898,"(0.0066482738336611485, 0.00716346197319756, 0.00792386564978953, 0.006011337333878019, 0.009560502054760065, 0.005018863910443577, 0.005670416378417198, 0.008789880714027039, 0.007791082817449352, 0.0062085087282677245, 0.006626699396682015, 0.007215898447007531, 0.00743089942145838, 0.0064377270831515385, 0.007157814379591975, 0.006673803341858986, 0.005724227433537301, 0.008398186285495853, 0.008922572996843696, 0.005305704060887165)",-1.1745035556262673
0.010190305339070496,0.013484756000714202,0.0029059793972234173,"(0.016256302743665716, 0.010542656538652825, 0.014061545499646841, 0.012192268714465888, 0.012089214383953622, 0.014378555721176174, 0.013144012166180996, 0.01420713013755318, 0.02060532706908255, 0.008564959866981227, 0.014442799906461605, 0.011957350386861494, 0.01438845461805195, 0.012012217870999492, 0.017936337264461717, 0.009610271723017833, 0.012512573513224686, 0.013941274004932992, 0.010140117463756615, 0.016711750421156635)",-1.133679978870966
0.006764837749438805,0.006014241749656819,0.0012286309046300502,"(0.006345249076481587, 0.00544333083320538, 0.005232848173761673, 0.00660134383275947, 0.005679521343633916, 0.006121614690905032, 0.007943021399817217, 0.00452866791254229, 0.006719399129583352, 0.005211935793733243, 0.006554037993598898, 0.005288647061882635, 0.006918641967543438, 0.005011868585545823, 0.005519122117498236, 0.006274664826258512, 0.004993100816218097, 0.006975164841721334, 0.009179722891691168, 0.00374293170475508)",0.6109206572562946
0.0027822757965211093,0.002021033794448024,0.0004809432692022394,"(0.0025561667981519828, 0.0015094506233388747, 0.001624222863641453, 0.0023756399704627164, 0.0013445505621122464, 0.002876013297464663, 0.00251680854502346, 0.0015541556445911758, 0.002267667237780965, 0.0017094326501224035, 0.0024269346873862403, 0.0015917162568579747, 0.002421844024900254, 0.0015952686289397594, 0.0014217716088798635, 0.0027161960267807228, 0.0016917339126527335, 0.0022871210221370366, 0.002098863118461743, 0.0018351184092742056)",1.582810387045834
0.003927498282737122,0.0034731811244065013,0.00039018329553852426,"(0.003704561591317964, 0.003197912302220166, 0.0034512256375629304, 0.003432035277616412, 0.0037061946500817123, 0.00321161335835779, 0.003408671712018286, 0.0036015423019600482, 0.004368261926361591, 0.002744370264458307, 0.0034467587282209946, 0.0034454099809989834, 0.003301977016852541, 0.0035976858825818017, 0.003403177471471836, 0.0034862486766937405, 0.0034961748640038883, 0.0034114284423119273, 0.0027417067553396415, 0.004306665647699476)",1.164368550692514
7.544283952098981e-05,0.00010059527642802303,2.353869483489444e-05,"(7.116760949887099e-05, 0.00013520006833803633, 8.469450954618205e-05, 0.00011360541403230494, 0.00016496412491816888, 5.833527392869363e-05, 9.592401204933455e-05, 0.00010042904354303633, 0.00010869658844288432, 8.855574278123677e-05, 0.00010499375285795225, 9.164870108603535e-05, 0.00011091794615257362, 8.675463753439996e-05, 0.0001121771211228332, 8.577691622676059e-05, 0.00011773252757328714, 8.174448335788754e-05, 0.00011472743241997967, 8.385962315000268e-05)",-1.0685569902434235
0.02556139722733784,0.02441377880119624,0.003533586788592831,"(0.023724062024712698, 0.025400477332208564, 0.024937372843196453, 0.024076774094914308, 0.023258165155786648, 0.02716673250495111, 0.029997727657383084, 0.016705986664815636, 0.01895125744924698, 0.029565527064882195, 0.027202710257724683, 0.022050979773461342, 0.022092077470732375, 0.027274562655883013, 0.024779522512983924, 0.02486822373655928, 0.028915559208171727, 0.019796804825374027, 0.021542792439764324, 0.02596826035117231)",0.32477437085919525
0.021869270190648448,0.02236180384700749,0.009734970435184828,"(0.027075519922353464, 0.01532772664206381, 0.03356707663181439, 0.013222226781119643, 0.014467715629327967, 0.02955298853356969, 0.035115786320876204, 0.011627581012088403, 0.014272790831227058, 0.028374199521171366, 0.025749161761861417, 0.01573851859732219, 0.024272398765603626, 0.016829833220606976, 0.01320990490433053, 0.030978261867060215, 0.04216408093557354, 0.00978379239193855, 0.012283073506494331, 0.03362343916374636)",-0.05059426319148263
0.02441338461258109,0.016835440707205492,0.0055349482652557,"(0.026408814990233852, 0.009728251444047422, 0.014702852827963395, 0.0197406724795474, 0.016395763736157674, 0.016538484148074177, 0.01725411877248075, 0.014453632361677602, 0.01449881698809262, 0.016954863681120633, 0.015695845395772727, 0.01568288154044526, 0.013701055050575839, 0.018231982392814622, 0.030306031277452055, 0.008265704890229769, 0.012332646558559713, 0.020613420629364644, 0.010175092480077533, 0.025027882499422092)",1.369108353359743
0.015331020681518127,0.01308940470254317,0.005358622192366647,"(0.011509315576131883, 0.01280824357860062, 0.02619596735893584, 0.006363949519393508, 0.0126703488807364, 0.01228363790818822, 0.009146574478541522, 0.01563848111710245, 0.007582722383106853, 0.018600331466067172, 0.006161765159998422, 0.02292321935718406, 0.007263463377823292, 0.019739692293077947, 0.010255092478533573, 0.01401619976331705, 0.014095113776837311, 0.010351256264650468, 0.012385058763774562, 0.011797660548862247)",0.41831946692717714
0.0008474434759624804,0.0009230841628252416,0.00043866183105206155,"(0.00034471665737841403, 0.002029398705367319, 0.0008815239655743408, 0.0008239866201584851, 0.0008213935773952945, 0.0008652444089161925, 0.0010888234819331059, 0.0006359972935627092, 0.0007485807021125646, 0.0009231398994694492, 0.0019121282111585125, 0.0003616928754939018, 0.0009798628419883926, 0.0007095623403853466, 0.0005101183700722166, 0.0013618926121120537, 0.0008965056399678097, 0.0007789192756507678, 0.0005750387051442116, 0.0012131570726637427)",-0.17243507756612622
0.0005300198240873663,0.0006004983113142623,0.00011634403142550031,"(0.0005322551578630873, 0.0006539674740519862, 0.0007635035667196075, 0.00045719513219800735, 0.00042702132717792123, 0.0008161295912041336, 0.0005828859794029136, 0.0005967252246640325, 0.0006055709802457115, 0.0005742346508763436, 0.000699193202412552, 0.0004973697706537347, 0.0005296541139109494, 0.0006568223889990703, 0.0006249795765352403, 0.000556636907661251, 0.000642098268140692, 0.000541995591420953, 0.0004168199703414986, 0.0008349073518055594)",-0.6057765608030022
0.0022149337901336778,0.0031276795280704367,0.0006844693079613337,"(0.003321023538126904, 0.0028142362827578648, 0.002218094368668882, 0.00423070803523203, 0.003458909573691486, 0.0027068995795685633, 0.0035971551472805323, 0.0025956371684101227, 0.0035243414081538443, 0.0026480022405551908, 0.0032132323423914692, 0.002904515765639733, 0.003726898817555823, 0.0025054193571903793, 0.002264249157111987, 0.004124239834093487, 0.002575050368085241, 0.003628232652003357, 0.004347695223512829, 0.0021490497013790027)",-1.3335086428569576
0.0019398230912237484,0.0015030864263258592,0.00029041267799197597,"(0.0012356848064249458, 0.0017653646237087651, 0.0015202376765040186, 0.0014395295765053094, 0.0010438872875070922, 0.0020926689076812147, 0.001367218026948557, 0.0015942719518556151, 0.0015783316478016184, 0.0013805344978343485, 0.0013753738321479001, 0.0015843178966829965, 0.0015034248863915697, 0.0014499472182604339, 0.0015419487004960822, 0.0014138032405605287, 0.0011122362207341451, 0.0019607927887366236, 0.002025322383949587, 0.0010768323557858296)",1.5038484818144067
0.0015363804405293855,0.0020194710683521322,0.0004141535376704989,"(0.002397910839538887, 0.0016342057955399945, 0.002862826070320043, 0.0013775359428511167, 0.0016162216852617923, 0.0024313290755993704, 0.0019382869079193142, 0.0020185183040510733, 0.002438420903135211, 0.00160347883559675, 0.0020404336919655555, 0.0019164186778968012, 0.0024017063038049152, 0.0016294544255346897, 0.0017941062272860365, 0.002181436157822042, 0.0017166375418200615, 0.002281684269922349, 0.0026054790584587114, 0.0015033306527179244)",-1.166452979105286
0.0014630574786523058,0.0022225877324888164,0.0004590596466228839,"(0.0018367364349607352, 0.002583842544138916, 0.0014518454112829964, 0.003299807132949396, 0.0022011781811689802, 0.0021648598278226857, 0.0019266088560746448, 0.0024573983140460595, 0.002085582103199388, 0.002268177613442673, 0.0026331402120139, 0.0017968019250275977, 0.0027017637584239784, 0.001753323674127546, 0.0017600466629080862, 0.0026914869746211896, 0.002759718801397614, 0.0017185969599468644, 0.0020726708484809396, 0.002288168413742133)",-1.654535003074366
0.009358754989106434,0.0072254153776539765,0.0015749509496175392,"(0.007040505931387285, 0.007092305583749118, 0.009171022373424965, 0.005621009735774104, 0.0050612562496638765, 0.010002593231965175, 0.006169196654737725, 0.008028334290115274, 0.00464827611476436, 0.010625592208357524, 0.008377097573019616, 0.005899175688025104, 0.005717631022153128, 0.008679308792382084, 0.006505869488874827, 0.007627865819026752, 0.007235146260927006, 0.006887036612879937, 0.006924895764044302, 0.007194188157807363)",1.3545435252891638
0.012279650587857936,0.014320733148236493,0.0027739383065064414,"(0.01088986044510657, 0.018166557838744674, 0.013594288557818104, 0.015504997778179222, 0.011514288488011861, 0.017658330535315153, 0.014246048720221078, 0.013663432046218175, 0.01804376225942491, 0.01072831579050455, 0.015920771018173, 0.012172315163839808, 0.010448703653807264, 0.018702134532070615, 0.016461752712858435, 0.011870938974127634, 0.011863530111730013, 0.016606316379801166, 0.012149827698736728, 0.01620849026004088)",-0.7358067609474492
0.005965540249502733,0.006109576550674383,0.0012074383848973435,"(0.0063345231796920224, 0.005682488110685635, 0.005607628583216534, 0.006612458421052021, 0.008030770921479378, 0.004539871633161799, 0.00706879006377876, 0.005053450128333513, 0.005411194881241193, 0.006585227526153431, 0.004920245377893048, 0.00724618571530802, 0.005595855136136391, 0.006396456213121377, 0.005449206072522701, 0.006568100189458294, 0.0063221170000514115, 0.005682964295390561, 0.003919225704786289, 0.009164771860025287)",-0.11929080851930697
0.001931282953129888,0.0020143631580739666,0.000399224980400256,"(0.0013918026276934692, 0.002808659193157418, 0.0015203807384555656, 0.002595364139096189, 0.0020799700311879173, 0.0018870162320217152, 0.0023943516337772163, 0.0016287056275756829, 0.0021325003861582064, 0.0018272453421423742, 0.0017935260309199814, 0.002172954774445809, 0.001574758725386204, 0.0024778933392938887, 0.0015865690396489845, 0.002459415259815017, 0.0019440537996746467, 0.0020095873344940576, 0.0023152026077917537, 0.0016873062987432313)",-0.2081037235214685
0.004194071332487056,0.0035511349735823337,0.0006464875182671966,"(0.003734401187729619, 0.003273126800037051, 0.0029679464785391887, 0.004228898437338961, 0.004757045064518869, 0.002598299910044842, 0.003230898731403238, 0.0037563163740412975, 0.0032985148585569788, 0.0036736864916455895, 0.0028070500599199468, 0.004319313148432779, 0.0024706369239834145, 0.0049256981653126065, 0.0032840321885260963, 0.0037037840328625134, 0.003660194878121777, 0.003335134431925406, 0.0032918492282389754, 0.0037058720804675357)",0.9945069947027086
8.54487653050627e-05,0.00010050675808331157,2.2525276666920695e-05,"(8.316853240447356e-05, 0.00011578308023733847, 7.933578800399092e-05, 0.00012148800600414538, 8.41303121644797e-05, 0.00011450308386758601, 0.0001285348278349663, 7.489848796331412e-05, 0.00014726101994250323, 6.537155507778074e-05, 0.00010596354832142234, 9.085088525765132e-05, 7.735814521724853e-05, 0.00012446208604415462, 0.00010187369208922758, 9.450821732469405e-05, 7.655650298424756e-05, 0.00012577821099746454, 0.00011339518050481226, 8.491399942473007e-05)",-0.6684931333323934
0.0279818567984792,0.02710954830197503,0.0023726894933735272,"(0.029568500535969894, 0.02446619201456601, 0.02111078222679065, 0.029995905333911055, 0.029900957712441865, 0.02382134639866469, 0.028263191456669876, 0.026602457697025253, 0.026669617830214213, 0.028059749474151633, 0.026337196057325412, 0.028350058930803366, 0.025673762554974888, 0.02905490322272819, 0.025684360239534337, 0.028978334194968935, 0.02945820155159936, 0.024834235825962274, 0.028998653073435417, 0.026362559707763297)",0.3676454500010905
0.008522415834420887,0.019700484968783703,0.01001679030064271,"(0.027305270751004074, 0.011525506971637975, 0.03140004604340327, 0.009366580445177339, 0.014915513419542583, 0.021002942821950876, 0.025230391420992707, 0.012533518341809257, 0.0105259103860576, 0.029565566071206053, 0.017331377287788996, 0.018102387173695996, 0.04968307946024596, 0.00626043808630079, 0.025064466471603066, 0.01206751598509788, 0.016882622041951085, 0.01847956825424793, 0.023966116215233896, 0.012800881726726738)",-1.1159332279967562
0.011577339185724294,0.015385654363079239,0.010305792391950694,"(0.012055314287020608, 0.014763109337500347, 0.010243879567697336, 0.015205912981842205, 0.02055988383831992, 0.008563077820548477, 0.010354221595000676, 0.017329254794546764, 0.0033015214841607635, 0.05276434239420678, 0.008395671474024133, 0.0210448560904451, 0.010217815681528079, 0.01703362550464564, 0.023208599955600425, 0.007102323516954791, 0.010292623230685837, 0.016960372132536025, 0.01976508109512849, 0.008551600479192335)",-0.36953152484707696
0.00843706047367726,0.010827735138511818,0.003984724173292268,"(0.00542007236864181, 0.019778988939167966, 0.00884588547824724, 0.010510431427711374, 0.006492676361233217, 0.016298845608003532, 0.010493909061914978, 0.010294710350497545, 0.010654537762085357, 0.009838526179015943, 0.014707232212984752, 0.0072261561977434345, 0.017482179655239957, 0.005991000446714022, 0.00702602400111117, 0.014072017535736373, 0.011588348921793437, 0.00904666570484228, 0.012977070616807066, 0.00780942394074488)",-0.5999598870250858
0.0008612621778795035,0.0008562450121864896,0.00035223717143569836,"(0.0010506716270506174, 0.0006003973227829096, 0.0007645503776400946, 0.0007852925546314844, 0.0012454100651487184, 0.0005027115029829894, 0.0011945451713690637, 0.0005283818779045912, 0.0008207039381508196, 0.0007636010490523291, 0.0005730801922604161, 0.0010953379336210538, 0.001039237450903707, 0.0006030781079227074, 0.0015333094729632814, 0.00040115538353009396, 0.0011796986899145858, 0.0005286267719975395, 0.0004100651937198992, 0.0015050455601828892)",0.014243714462514465
0.000604521153634801,0.0006040441268792465,0.00014642778724568384,"(0.0003926001883615928, 0.0008795742252477552, 0.000755213675245196, 0.0004553338791552998, 0.0004196494842493375, 0.0008224177293847881, 0.0006622667308379283, 0.0005214749958680321, 0.0004982287666166188, 0.0006926852435505908, 0.0004841058988342621, 0.0007130522372474156, 0.0006604330758167384, 0.0005225569336166512, 0.000710380019128492, 0.00048502492227503225, 0.0008002704499124211, 0.00043112685494900985, 0.000574833385177603, 0.0005996538421101613)",0.0032577611430686165
0.003908892727591931,0.003058905165599642,0.0003904837335621883,"(0.0028233123158560324, 0.00326763415226868, 0.00254682498872493, 0.0036031625398332545, 0.0032034871631347636, 0.0028785799559942803, 0.002871056867266117, 0.003214322217466137, 0.0025009580095106836, 0.003685665220040178, 0.00282070809745672, 0.0032696865583771075, 0.003201926397582416, 0.0028786949857046522, 0.002411335336708076, 0.0038142420136247435, 0.003300673725577675, 0.0027928704284329313, 0.0027734880014933004, 0.003319474336940142)",2.176755365039861
0.0016742626806142398,0.0015088775286516594,0.00036215896489358686,"(0.0013127353608749523, 0.0016451287659667235, 0.0014735480793893405, 0.0014590066194164223, 0.0009646950753075098, 0.0022376642971291584, 0.0012564565304419401, 0.0017191943723957018, 0.001552134529990435, 0.0013904145310826399, 0.0022730469813850704, 0.0009498173391332146, 0.0017299039856003573, 0.001247501772343446, 0.0011634720681815058, 0.0018514875606888902, 0.00120396277086849, 0.0017924216674334718, 0.0016424504801710769, 0.001312507785232845)",0.45666452578683375
0.002834573923591328,0.001990891002465012,0.00041127086422953845,"(0.0015839217342100936, 0.0024103195482845377, 0.0017345113174159986, 0.0021809711853946825, 0.0016512738778786044, 0.002309572415867481, 0.001289033596556808, 0.0029627200900668687, 0.002685993090934143, 0.0014194148440235012, 0.0022187868000207436, 0.0017194426255125743, 0.0020779273334533255, 0.0018347179072706337, 0.0021600464944866765, 0.0017585727996269542, 0.00181071134990428, 0.0021048375903206977, 0.0020475388199859236, 0.0018575066280857122)",2.0514045474795406
0.002053155679698863,0.0021966789733831303,0.0004741671481600617,"(0.001706321078987896, 0.002714836920551983, 0.0023936259489255726, 0.0019088077222222902, 0.002200524815392222, 0.0021013929621942736, 0.0026219659392757934, 0.0017674218130021232, 0.002686038213691643, 0.0017212017895980533, 0.0030184554446546336, 0.001532881565739141, 0.0015882866333761549, 0.0029107402326970875, 0.0019996078750518674, 0.0022995950121976086, 0.002213619926528881, 0.0020868271488679833, 0.0016218568666939417, 0.0028395715580134652)",-0.3026850220248054
0.0066608498087367286,0.006780185262763923,0.0010176204515118012,"(0.008390928064924925, 0.005424973244282596, 0.005668863838579424, 0.007683671726919927, 0.005920770235457371, 0.007644407792583764, 0.006056457713632727, 0.007524811966452725, 0.00784179791086087, 0.0057683083308908345, 0.007287778607413681, 0.006222506519910721, 0.008234627257462193, 0.005492696869154412, 0.006551459831737483, 0.006786241531778623, 0.005660393566659568, 0.007969864480223098, 0.00589654045387184, 0.00757660531248167)",-0.11726911919852501
0.017021656996481883,0.012868873544299496,0.0016925615899023307,"(0.012646571230182422, 0.013169598038512023, 0.011073732573736521, 0.013827794645738857, 0.013180390039889708, 0.012499244527364894, 0.01279611360645207, 0.013044797054800734, 0.015078325908978004, 0.010913371484020697, 0.01125207479721163, 0.014695214118450775, 0.012706085791076823, 0.012948923245993182, 0.01017900506710325, 0.015642636952895365, 0.01598479067806409, 0.010242132725403643, 0.014094374360156365, 0.01140229403995885)",2.45354938748316
0.005102162182234479,0.006005822949988293,0.0016213120232268954,"(0.009161265687981365, 0.003721530344678486, 0.005450793724327011, 0.00600682039718551, 0.008545976215980041, 0.003968195682974807, 0.006363004199255895, 0.005363550465300345, 0.005282946732533885, 0.006416519883711475, 0.0035509897269061586, 0.009567323286392057, 0.007058059164616239, 0.004802466581053659, 0.005193947875809518, 0.006424205016788643, 0.00584799527190927, 0.005781370490584835, 0.005374737485887114, 0.006234760765889557)",-0.5573638848093282
0.002255462470889576,0.0020195892917446337,0.000557034768266983,"(0.0021017396692783775, 0.0018159346385909724, 0.0016750060154450052, 0.0022480058400282336, 0.0016946228720082673, 0.0022481726248891553, 0.0011441550016632498, 0.0033368711173566035, 0.0015877254638164346, 0.0023992163610516205, 0.0020121594831647876, 0.0018945359952567934, 0.0014182959596037534, 0.0026857737006230095, 0.0031135065247938176, 0.001217044567973958, 0.001994706606883822, 0.001908023991909959, 0.0019238379202793185, 0.001972451480275525)",0.4234442670046946
0.004477243836554998,0.00348198821499523,0.0009001364046344641,"(0.0042201337035392295, 0.00272875746654931, 0.002637518041039638, 0.004211876652402587, 0.00427469973026682, 0.0026793170182808925, 0.002736295767758035, 0.00421036577526358, 0.00417268408302885, 0.0027465622775710067, 0.003457205612490393, 0.003319095231913329, 0.002858292135290477, 0.004009779587270834, 0.003603006178834901, 0.00313779752588559, 0.0019084716291915423, 0.005984173048644558, 0.0031841846929308456, 0.0035595481417521812)",1.105672003082611
7.280829849011346e-05,9.871715342909252e-05,1.2218492181170744e-05,"(8.056261797254402e-05, 0.00011925076961794779, 8.786102960028936e-05, 0.00010920947626601989, 0.00011168487619406008, 8.60032923729918e-05, 8.357427929969775e-05, 0.00011495455575783565, 0.00010065301393925225, 9.543290372718445e-05, 0.00011025865396290187, 8.71217298817372e-05, 0.00010713594665789298, 8.965843538698489e-05, 0.00011539337447895282, 8.32037519751807e-05, 9.81638463675752e-05, 9.783949836327442e-05, 0.00010447903737409073, 9.190197938543638e-05)",-2.1204625378330886
0.0020912743358463964,0.0027703723930177903,0.0023165518391418845,"(0.002604155691478614, 0.002730310793610065, 0.009607920756550885, 1.548314692432364e-06, 0.0019698575915840177, 0.0022032035732916996, 0.0022702362404205512, 0.0031737870413349545, 0.0013441307324312047, 0.0033857562099691954, 0.003304784388032412, 0.0015100570309584233, 0.0033655498300807856, 0.0013678724883405453, 0.00475865586862731, 0.00017312551087023708, 0.000671666215710659, 0.0041521320555628904, 0.006700961583137837, 0.0001117359436710785)",-0.2931503822607962
0.017605629698105127,0.02009312832733108,0.0076612696978729,"(0.013797958978799409, 0.02539131841232328, 0.03021286417686161, 0.011551520719351878, 0.031583625456982206, 0.011173890612106201, 0.03554398941730688, 0.009831916078598955, 0.02273154305028927, 0.015455734936124808, 0.01947764834666799, 0.01804251558188355, 0.012031002089274883, 0.029266811493064072, 0.021908462004588864, 0.016040266555864536, 0.02164976932656075, 0.016220313940934768, 0.013005891653720916, 0.026945523715316704)",-0.32468490567778746
0.007606736337834443,0.015611952409065329,0.006183963045648117,"(0.027091992990843358, 0.007702167602194665, 0.02228402137887922, 0.009312570174180097, 0.02612891305209334, 0.008069867216153577, 0.020864685367266423, 0.009962659745667285, 0.01537648020991493, 0.013620880263185278, 0.019893100369986042, 0.010532851862079792, 0.015266860379039722, 0.013763667924590522, 0.009301884869950783, 0.022524780961698583, 0.011344314427907204, 0.018448940737894937, 0.010112188328052442, 0.02063622031972842)",-1.2945122750797242
0.00854230936229479,0.010842451327831884,0.002690609153092388,"(0.015809160801475774, 0.007002258426495863, 0.010508961196991413, 0.010472806520718771, 0.011340194064245745, 0.009869840352265211, 0.010646069246769108, 0.010353650789548838, 0.01606105599867446, 0.00691689294132534, 0.009637853167037884, 0.011532552083190385, 0.011807774259948446, 0.009442093496908605, 0.007574988019551827, 0.014672616136338862, 0.014208851747801437, 0.0078122311763170775, 0.011806262073601815, 0.009372914057430808)",-0.8548777747572445
0.000886613338509218,0.0009206394353808812,0.00047674742927661265,"(0.0007483864844685663, 0.0008956924854937209, 0.0006892849537198913, 0.0009723399696401392, 0.0004017594924194369, 0.0016689372064014542, 0.0004571556475214207, 0.0014643109514984143, 0.0006503092973755028, 0.0010293380181185035, 0.0022488487461186186, 0.00029773847410732043, 0.0008003920982938686, 0.0008369576859195869, 0.000847167934846926, 0.0007902663979975306, 0.00046145604530583483, 0.001450331357305097, 0.0006161128251660083, 0.001086002635899784)",-0.07137132742024913
0.000534063825725572,0.0006005966849375196,0.00012420365944324185,"(0.0006475911945429726, 0.0005352248541878127, 0.0006323969943693783, 0.0005480435823831465, 0.0005300688518193253, 0.0006539823563296736, 0.000527084833755344, 0.0006575211104369701, 0.0004468300963918929, 0.0007756825809191565, 0.0005847156267854, 0.0005927746285973753, 0.0005513553470177775, 0.000628675739784507, 0.0008360301684459205, 0.0004145823682518664, 0.0003954771508302174, 0.0008763890495471413, 0.0005961293636782934, 0.0005813778006762198)",-0.5356755147971428
0.0038750749222042124,0.003161969654219165,0.0009155861208266538,"(0.0027003169269954473, 0.0034172645995365733, 0.0019203647841923026, 0.00480406237207825, 0.004110596983530699, 0.0022458457086885018, 0.0030150838978447764, 0.0030600107421916004, 0.0019480859064717536, 0.0047375331670577525, 0.0023779227267286675, 0.003881241225528858, 0.0023702736489670698, 0.0038942355608268535, 0.0032469636205200974, 0.0028424330309127716, 0.002641322291876518, 0.0034940221780291308, 0.0020665516523877677, 0.0044652620600178945)",0.7788511116149369
0.0010695915728307504,0.0014899541296447525,0.000249974060173545,"(0.0012197533592199316, 0.0017717068982706894, 0.0015784103792348633, 0.0013689026860618902, 0.0012800133638602165, 0.0016888250061951962, 0.0012688553236157895, 0.001702927796454282, 0.001440225151584213, 0.0015006270023230567, 0.00172814332868696, 0.0012506341260085426, 0.0011066061265942652, 0.0019532387288712532, 0.0012132184702229435, 0.0017814374811905345, 0.0011981738910269578, 0.0018037352975817196, 0.0015444019192715733, 0.0013992462566201705)",-1.6816247114687202
0.0014833390611971161,0.001993009319286871,0.0003718530323184773,"(0.0019565597939868477, 0.0019663496048810845, 0.0019137951378638295, 0.0020097633862368853, 0.002076136697729228, 0.001854013072827633, 0.0017614956027081272, 0.0021835633982276092, 0.001251060970451267, 0.0030754755108509182, 0.001760353895020713, 0.0021857766290636644, 0.0016699207671114734, 0.0023044960880357233, 0.001970061177364348, 0.0019531017480520357, 0.0022684297650586776, 0.001696076902036567, 0.0024026674472319145, 0.0016010887909988637)",-1.3706228369632936
0.00247536656968245,0.002175290227392842,0.00028130163997010536,"(0.0022503446138513144, 0.0020695476851055397, 0.002033619401100915, 0.0022894443627705353, 0.0025039347772584392, 0.0018609617135750855, 0.0017863283352468873, 0.002606201387453436, 0.001868670594179705, 0.0024921995427081524, 0.002622751310271929, 0.0017757556762179288, 0.0022671960554719707, 0.002054639030348112, 0.0018546148661710898, 0.0025112087082467998, 0.002380007224399254, 0.001956634271274594, 0.0020453933792311343, 0.0022763516129740125)",1.0667422426740856
0.0047799889835777746,0.006884882506670426,0.0007600672911814614,"(0.007811459220897843, 0.005998768033132004, 0.007927237046716362, 0.005905837662430563, 0.007213958140004518, 0.006506692061984625, 0.006216154924644135, 0.007529520588496997, 0.007534098116788218, 0.006218873618365825, 0.006536147403121746, 0.007169728893538077, 0.006917564625926667, 0.006778621649838481, 0.007416760011247795, 0.006318253559609503, 0.007584163493177277, 0.006176551066299288, 0.00828859520493735, 0.005648664812251202)",-2.7693515396785062
0.014210765011548493,0.013379413647229894,0.0024711561766085403,"(0.011595144487152174, 0.014952313387619156, 0.015599234429143606, 0.01109481302846862, 0.017913615404908316, 0.009710503992737481, 0.01858753512478086, 0.009306241187716646, 0.014100554991776823, 0.012292567228822179, 0.011849342237113559, 0.01463337259084347, 0.012217209918531882, 0.014209999953945495, 0.013022922083547295, 0.013313859232184798, 0.012414462351297909, 0.013956493722659967, 0.016000681154534475, 0.010817406436813134)",0.33642202471377614
0.004637441593498698,0.005992972392692381,0.0011782878476069884,"(0.007757442437491443, 0.004463205597932857, 0.0056588497039973965, 0.006113792600846601, 0.007899699600278346, 0.004389071225554934, 0.0043052637955010705, 0.008033561735409924, 0.006785020663158476, 0.005101843291789632, 0.00510345327726452, 0.006784062460339126, 0.006086891164348923, 0.005691088388105215, 0.006829018605104205, 0.005069693225376009, 0.006142917223463034, 0.005634092926883353, 0.004793389530076326, 0.007217090400926236)",-1.1504241531020298
0.002858077560237256,0.0020202065355976726,0.0005167458290435317,"(0.001920417145955838, 0.0020027750527904903, 0.0034660028170705264, 0.001109404625334311, 0.001918794253004049, 0.0020054196201936547, 0.001750450763870406, 0.0021964733549467213, 0.0019192373030947254, 0.0020038756695936414, 0.0025858512740158206, 0.0014873768152270051, 0.002724187129614061, 0.0014121030207494242, 0.001746027758266235, 0.0022027681530142748, 0.0019816995273707703, 0.0019405962499803118, 0.001550073653913724, 0.0024805965239474673)",1.62143742154714
0.004173502838130444,0.0035831003247844373,0.001001382972333481,"(0.004631596088709734, 0.0025760131391208006, 0.0030696409271504313, 0.0038861864057949014, 0.0034327145199038226, 0.003476676761981889, 0.004680532614598261, 0.00254663070089177, 0.0023847153799993674, 0.004998469322734838, 0.0040946332328325235, 0.0029116617289732397, 0.004453442909358668, 0.002678026857808991, 0.004244022584154324, 0.0028089460007560407, 0.0036836817729686455, 0.0032354367512357272, 0.0020465888788062476, 0.005822389917908521)",0.5895871306561332
9.847758894560919e-05,0.00010103901685091627,2.554098452283292e-05,"(8.861203666434528e-05, 0.00010852572921825159, 0.00010216278158215013, 9.413137241849811e-05, 0.00011275701824075868, 8.528612547284083e-05, 9.065099020497262e-05, 0.00010608113423707174, 8.707104452946114e-05, 0.00011044141636591808, 6.812941649084474e-05, 0.00014114781195291468, 0.00015970598792051398, 6.021325085586519e-05, 9.91853478902341e-05, 9.695262523943675e-05, 7.228941846311252e-05, 0.00013302376703136257, 7.339689866520996e-05, 0.0001310161635745625)",-0.1002869683045006
0.02061045707333738,0.02106460205381917,0.003388999032089154,"(0.014966605568778456, 0.02659126883148079, 0.01380941810792399, 0.027191404697600275, 0.021576077004885477, 0.021720321518157237, 0.016724105853255674, 0.02502244073421677, 0.02200585645960209, 0.020268193098650154, 0.01877394752571207, 0.023445125789555567, 0.021837078901424924, 0.02092941234277678, 0.0204973537619194, 0.021873653347580284, 0.02164319667481476, 0.02054810862678419, 0.023221036968419605, 0.018647435262844837)",-0.13400563888678102
0.02244588897864186,0.02167140361018213,0.012821522900309898,"(0.01283051750654778, 0.027411270965095096, 0.006338874852088766, 0.052299580715487064, 0.024106995674484235, 0.014317330654762046, 0.014471691676026579, 0.024278365502252822, 0.012608093834228661, 0.02786710886549378, 0.01460881647667353, 0.023213295048485946, 0.012512502782919507, 0.027898917102471953, 0.028210850564537857, 0.01252382686983474, 0.053851434779919986, 0.006414584568854124, 0.021493286155978498, 0.016170727607499522)",0.06040509965013676
0.020540926619233547,0.015918631543815558,0.009332706911484509,"(0.010575885025726203, 0.017429160232329245, 0.027293820063563082, 0.006110336008266097, 0.033608697195638235, 0.005312498088182196, 0.01038930056722627, 0.01772103041701745, 0.012073442055240127, 0.015246725329918628, 0.03399707890018223, 0.0050966601652776625, 0.006553282244969688, 0.027804730199123693, 0.02010028002243265, 0.009241079604933053, 0.007187166615846861, 0.024891712937123053, 0.010418977734616282, 0.017320767468698418)",0.4952791424029348
0.02332545212703325,0.011140066094380032,0.0035056966243794453,"(0.00791977729815527, 0.014634807354612133, 0.007616068736389834, 0.013576616941765663, 0.009988805932125738, 0.011188826025472715, 0.011687806222208037, 0.00990788553673121, 0.014670848786430659, 0.007890625642821484, 0.0060874751195648565, 0.017739730567072103, 0.013771674639213076, 0.008314923666204418, 0.008057246821048305, 0.014511006545688383, 0.007249350505874773, 0.015461199973909323, 0.01498486776565656, 0.007541777806656087)",3.475881497535512
0.001076613387837916,0.0008880439316434517,0.00043444862468318494,"(0.00039205727896654633, 0.0015925639692875473, 0.0011700776552126082, 0.0005216051868395353, 0.0010893255682515616, 0.0005690409622775612, 0.000531707146100621, 0.001175572049325886, 0.0016397078389633081, 0.00038103379855858283, 0.0005020088435399, 0.0012259413902229246, 0.001436864260959567, 0.00043453598317492813, 0.0015101491345315327, 0.00041408934673878485, 0.0008584917908901826, 0.0007231937197350627, 0.0009178383712465994, 0.0006750743380457906)",0.43404316524646785
0.00047947676539357263,0.0005963343839215121,0.00010430659627207834,"(0.00047692162708936735, 0.000724639723214068, 0.0007944424658534431, 0.00043402707320177567, 0.0004963595444389916, 0.0006957560399281885, 0.0006145509183089272, 0.0005623839572185195, 0.0005958678513803957, 0.0005800011489061129, 0.000526868987627242, 0.0006550056556070531, 0.000724708761460403, 0.00047682565688080697, 0.0005048884996462863, 0.0006846133824342678, 0.00047260935508633927, 0.0007308084341951411, 0.0005926285000622612, 0.0005827800958906501)",-1.1203281739068778
0.002489221019831043,0.0030954999725022873,0.0006151785266549571,"(0.0027057695434137418, 0.0034140658505249226, 0.004274634583747278, 0.0021523736885218723, 0.003043323825267912, 0.0030315056620628, 0.002474903522872425, 0.0037323693574359503, 0.002346991951301994, 0.003935756591561483, 0.0038294416861287097, 0.002406288164210132, 0.003085393732294293, 0.0029926290283354136, 0.0032170223562977985, 0.0028723831966901044, 0.003879596950569365, 0.002378240870490147, 0.002636366500530016, 0.003500942387789381)",-0.985533347478651
0.001405521210560421,0.001501398357394379,0.00031716861547308325,"(0.0018790323739172512, 0.0011508161031600279, 0.001285446602117831, 0.0016769835955574549, 0.0015394258774713556, 0.0014032936719779044, 0.0012420311441876401, 0.0017410111076752125, 0.0014109766051113844, 0.001532529010926144, 0.0013982808319898813, 0.0015434884560945029, 0.0020952401092031044, 0.0010317448553005136, 0.0010454337541326237, 0.002068935242310056, 0.0018162774566141996, 0.0011895002528522988, 0.0012531091180595008, 0.0017244109792286927)",-0.30229077581005087
0.002083440928733195,0.0019915589054597086,0.0003776230217383717,"(0.003126658898917605, 0.001229649323868747, 0.0021367741169926874, 0.0017890055918106582, 0.0019827336771793547, 0.0019355404120893946, 0.0019688435800960073, 0.0019528283539762465, 0.0020543258696193007, 0.0018714917722424283, 0.0019088603154573652, 0.00200693774276479, 0.0019242296091573916, 0.001997150188731403, 0.0020049483368809683, 0.0019184270197288144, 0.0023705793917084043, 0.0016192369830529626, 0.0015400161098538421, 0.002492940815065803)",0.243316794750785
0.0023901238081894456,0.002246566216861434,0.000703948294621652,"(0.0019463886892696894, 0.0023731427021506982, 0.0038717707819363773, 0.0011837572083659624, 0.0023361618932161267, 0.0019722933640116823, 0.001248669964645534, 0.0036996664787806296, 0.0023860880128705624, 0.0019359217055754084, 0.0022935413268024424, 0.002004140797992646, 0.002803548280117418, 0.0016468591370907492, 0.001716203601758544, 0.0026929752962238773, 0.0016566629756665596, 0.002782317429739751, 0.0017552194280619098, 0.002625995262952112)",0.20393201095141353
0.006271904932416845,0.007171093483629514,0.002394687996540583,"(0.00978219278764396, 0.004746384782038603, 0.007932021322455601, 0.005707382456396001, 0.01115078142379088, 0.004130386817398246, 0.006142894945276354, 0.0075617819606317, 0.010017231837203355, 0.0046358426366427796, 0.004277215124876164, 0.010684537468130223, 0.004370024049848562, 0.01061029212841722, 0.008086017640910563, 0.00575263365104088, 0.00798061204688919, 0.005778440686802694, 0.008887390988722519, 0.0051878049174747835)",-0.3754929880266889
0.009202524537684333,0.013315753684597621,0.0031573089093680463,"(0.011922073945927647, 0.014257833002387645, 0.009496059674803606, 0.017048697797821814, 0.009747720259929576, 0.01716907106575466, 0.017146859245126524, 0.009922073711977536, 0.011719625894292733, 0.014509096129917862, 0.015949260247389498, 0.010336961141556668, 0.011486585259371695, 0.014759783395192886, 0.012704156485619152, 0.013427853544341591, 0.016678868548164128, 0.010058779357974506, 0.019271652539536558, 0.008702062444866132)",-1.3027642416327818
0.004221393541546296,0.00594523755594107,0.001358769548725247,"(0.004254419861593253, 0.007949267709531303, 0.005029087332410498, 0.00657890726279001, 0.006943006775180763, 0.004837053946453649, 0.004173440583874227, 0.008107009969203873, 0.005495770555558849, 0.006154843183506109, 0.0045454594437815184, 0.007338629141777067, 0.003940480576969739, 0.008573085989120136, 0.005940077590211431, 0.005702546020363766, 0.004978734737547515, 0.006753039779134, 0.005513092015666559, 0.006096798644147108)",-1.2686801937915284
0.001958232812010012,0.001976275990429949,0.0002977176537606043,"(0.0017382115815356475, 0.0022031141112275054, 0.0024463093501854902, 0.0015537745081935135, 0.0020243333477958842, 0.0018872254827886315, 0.0018474840505683882, 0.0020731229528070023, 0.001589054620121714, 0.0024100666388561036, 0.0014887929257091823, 0.0025601897378540735, 0.001995249153849154, 0.0019185943655510443, 0.0022825537335159495, 0.0016786267628376675, 0.001969401166253829, 0.0019406178070016872, 0.0018259474014899815, 0.0020928501104565357)",-0.06060500004627043
0.0037442802459656567,0.0034206119435437827,0.00048753731319253074,"(0.002735272272066617, 0.004213650949024574, 0.0028713311156138917, 0.003947666833429793, 0.003250435435480814, 0.0035270834401640036, 0.0037653920170387096, 0.003063229343206256, 0.0030824113231083345, 0.0037407912796101925, 0.003525609150652996, 0.003234780098470754, 0.003273135777396239, 0.003520970057708367, 0.004578412470675427, 0.002520205886840825, 0.00359487336461337, 0.0031927756690934184, 0.0032842898312006523, 0.003489922555480414)",0.6638841657111401
0.00012084053366941274,9.980240463397222e-05,1.9662555791463426e-05,"(9.484486747249846e-05, 0.00010129051887618246, 0.00011922240055254375, 8.053703741380227e-05, 8.101634358359305e-05, 0.00011855974903555266, 8.825882009474733e-05, 0.00010885245225924403, 8.63546259735944e-05, 0.00011125141942807849, 9.45028852410916e-05, 0.00010162296914227889, 7.482777930435692e-05, 0.00012838792180214714, 0.00010713366974355499, 8.967503369505396e-05, 9.117241647737251e-05, 0.00010535711550088285, 0.00014849909998861037, 6.468096709425815e-05)",1.0699590256000344
0.0015751418602382432,0.003922848168147113,0.0022049806976657364,"(0.003023775338463802, 0.005056528597233347, 0.0052649575390607715, 0.000378468357877109, 0.0012060216639161769, 0.006488986945830819, 0.004345097530451254, 0.003941670569763847, 0.004727326809073695, 0.003475908499524167, 0.007155517805510991, 0.0005101807617058782, 0.0033408722960673815, 0.004790818462959958, 0.0038268170809917543, 0.004483681850238505, 0.0011430410630023104, 0.0073746068535699375, 0.00098053752684861, 0.0069421478108519395)",-1.0647287345391403
0.0244983336133203,0.021043254159128284,0.008802733238315843,"(0.010618553500021822, 0.034731397462155686, 0.03156567752567178, 0.01146519001711238, 0.019971692063601453, 0.019170658645438182, 0.025512932022714284, 0.014107051728969535, 0.032277812399513384, 0.010969435070396355, 0.029540954579841586, 0.013095662646653381, 0.020053422295006132, 0.019194269881799238, 0.02820492070230729, 0.01273577532499927, 0.03078211157357859, 0.012541075171421832, 0.011126615158466996, 0.033199875412896505)",0.392500756373375
0.009372901882166409,0.016286249205714823,0.005448232607581746,"(0.017591275431612645, 0.01356917792815805, 0.01575057374104196, 0.01462984021889178, 0.012292666147441856, 0.02083610378844935, 0.01973656580854471, 0.011555512959820859, 0.010231292789038123, 0.021623930611226954, 0.034129417607171524, 0.007663187563790395, 0.013800485359136723, 0.018737976722949808, 0.013609952374216808, 0.01670383899603102, 0.016350321839349206, 0.015905237103542087, 0.016538482169168676, 0.014469144954713938)",-1.2689155954772964
0.007176279743247609,0.012739718274992935,0.004744829909562281,"(0.014950911600873243, 0.009390194831184048, 0.011074078142355465, 0.01222405209368277, 0.008865989693948936, 0.017038064282393486, 0.0244389151458336, 0.005480596246751221, 0.015689886024968194, 0.008274522202592813, 0.015112936559651052, 0.010227756000270257, 0.010409878800146906, 0.014650175859939307, 0.006557468095918453, 0.020366569090204456, 0.016663420229969, 0.009206954052577992, 0.009764681048254256, 0.014407315498343242)",-1.1725264419981207
0.004253653307104641,0.0010199360307305688,0.0006536483457735162,"(0.0013853551084777565, 0.0005118109270192464, 0.000813918723226622, 0.000862933049019227, 0.0006042162920280093, 0.0011983576695012248, 0.0007779073874417546, 0.0009005182015546629, 0.001716781291336233, 0.0004051355719308611, 0.0003409313746486027, 0.0021499551304534586, 0.0009344561900889113, 0.0007756401422126324, 0.0022884650582549178, 0.00030644354182716716, 0.000298696459811736, 0.0024320189468948995, 0.0007446411975952018, 0.0009505383512882512)",4.947181917132133
0.0007644142065965728,0.0005948726753380932,8.17088253861884e-05,"(0.0005652618067416499, 0.0006147922462875551, 0.0006497036716496841, 0.0005344652877333879, 0.0006683021562684551, 0.0005208716410057909, 0.0005719410769601273, 0.0006069957040440613, 0.0006095909101119462, 0.000569143103505479, 0.0004511737905556777, 0.0007721318968928821, 0.0007440046271760071, 0.0004679399578988475, 0.0005372361522196252, 0.0006462169677203496, 0.0005313734504810005, 0.0006552913953581691, 0.0005558649106581049, 0.0006251527534930619)",2.0749476015247916
0.0028274343950806997,0.003117449653433227,0.000689702839398494,"(0.002735614519398702, 0.0033960255526032605, 0.003072638758804896, 0.0030197816140022584, 0.003502643431453128, 0.002658934428444111, 0.004933714229698452, 0.0018799904566877254, 0.003251543901937578, 0.002849548764266412, 0.004493842288473715, 0.002073993604159553, 0.002797354747489043, 0.003330439778961138, 0.0029279222286377454, 0.003167538974611078, 0.003058742432656144, 0.0030464400761255096, 0.002661858141062337, 0.0034904251391917494)",-0.4204930613384979
0.0013296255138994524,0.0015117420619111185,0.0003596712207232989,"(0.0017554700423118529, 0.0012360696719878475, 0.0013295145513355364, 0.0016305259747396456, 0.001135830812131279, 0.0019140903415422361, 0.00132105467860075, 0.0016405106710298848, 0.0012765553993306239, 0.001696313961863111, 0.00141661530631214, 0.0015356780998190419, 0.000855198769753539, 0.0025428126715776414, 0.001688820562293777, 0.0012831795259390317, 0.0018067697968772508, 0.001203782690962584, 0.0016544416426464957, 0.0013116060671680993)",-0.506341729664747
0.0017589150310419923,0.002005268141351525,0.0003826120252819015,"(0.001784028167240138, 0.00217495041227058, 0.002181328926411892, 0.0017755455700742674, 0.0018052724813674558, 0.0021574865545590455, 0.0024038905270369966, 0.0016103024934915285, 0.0024483717405227273, 0.0015786201312801209, 0.0015841897220673015, 0.002462079060960216, 0.0025197753864607516, 0.0015463574234675815, 0.0025423870170136085, 0.0015224775039872998, 0.0015842123819669064, 0.002460372889684945, 0.0021999335781629535, 0.0017637808590041815)",-0.6438718441429645
0.0028493736185174787,0.0022048351126525275,0.00037676044427653854,"(0.002550860984262536, 0.0018514942559026998, 0.0023321363862090867, 0.002019770180831869, 0.001878583695709087, 0.0025281078108378516, 0.0025834521939466218, 0.0018219016535624538, 0.0021874915158247013, 0.002147028821526597, 0.0017365653617122526, 0.002741458954201074, 0.0019033863992385276, 0.002496457008994356, 0.001844602492297688, 0.0025516725524414503, 0.002353504466597841, 0.002020034390791411, 0.0016038961869599294, 0.002944296941202513)",1.710738257309905
0.005400524219229873,0.007118663781929899,0.0013300525710060686,"(0.008300106365220333, 0.005884227604085732, 0.009613556076676697, 0.005035473207166731, 0.005434527150226413, 0.009155874396353928, 0.005135169755426641, 0.009403033516666182, 0.0071354568806157054, 0.006718483603027548, 0.007101986359144361, 0.00706394022039599, 0.007267363964676708, 0.0068583304796769815, 0.007932287431059282, 0.006087703223579931, 0.008047791836042536, 0.006203973244575061, 0.00737170757223966, 0.0066222827517415555)",-1.2917831972614462
0.013338504542551458,0.013935309899137483,0.0021915889487019663,"(0.01692037181693698, 0.011127507423796828, 0.01770977768207221, 0.010448068138397673, 0.01733839706183529, 0.011263975743697616, 0.011022504773990829, 0.01670344162674709, 0.01286463672938328, 0.014110616128988724, 0.015886420526886012, 0.012493997135677667, 0.015293361799791787, 0.012812469703133296, 0.013878885669552558, 0.013267716999262793, 0.013343191935991008, 0.014735144950160869, 0.014612542539350034, 0.012873169597097084)",-0.27231628309656375
0.004911754073833563,0.006107677228395664,0.0009953954807065055,"(0.007659651979827762, 0.0047309696156964485, 0.007342842004276979, 0.004894625975219014, 0.005193641943120599, 0.007099949690058309, 0.0058230391129767654, 0.006157643307332034, 0.004777549949190208, 0.0074555264199043444, 0.006345033752881164, 0.005858406307560022, 0.006680998623702721, 0.005527477124990929, 0.006504269772075898, 0.005513711109034652, 0.005404089833212039, 0.00684483936569813, 0.007528836288326917, 0.004810442392828355)",-1.201455278572559
0.0025766367895076066,0.002014116012298259,0.00040525863434625334,"(0.0021656746521984556, 0.0018025001894559896, 0.0013208568866848265, 0.002947655310714189, 0.002925523294969306, 0.001341725960590279, 0.001906178525785167, 0.0020410072247555857, 0.0020824127936741486, 0.0018643312780879046, 0.0022964502335949106, 0.0017135597885253558, 0.002270904275711376, 0.0017293249495599322, 0.0018347164387153363, 0.0021205988485995305, 0.001925262439810445, 0.002040851277368042, 0.002032450745541178, 0.0019203351316232293)",1.3880537748857174
0.0030476618952488136,0.0035349889691036786,0.0004995919596704362,"(0.004107122674316728, 0.0029764353238716243, 0.0037556810702453463, 0.003232917798163708, 0.0037415335843742907, 0.0033166113759302476, 0.0032278698171293945, 0.0037544695192006095, 0.0035933030069225775, 0.0033552863986725722, 0.0032247939995315657, 0.0038812881628051436, 0.002586374856390283, 0.00480161039340799, 0.0030736786533806597, 0.003945686206464689, 0.0030318978438499565, 0.0041025663803060716, 0.0034109779182192727, 0.003579674398890847)",-0.9754501937467891
8.042005258571092e-05,9.916333571543145e-05,1.4750984315890673e-05,"(8.191695111738905e-05, 0.00011752912271192265, 0.00010268342062502345, 9.373877867000737e-05, 9.247277198078674e-05, 0.00010416712838953236, 9.42311623214976e-05, 0.0001021404979867501, 0.00012069523550686783, 7.973143906336874e-05, 0.00012562902100519258, 7.670053728196465e-05, 0.00010096738335937771, 9.540493355572742e-05, 0.00011864915979061776, 8.112294837085845e-05, 9.853669375925764e-05, 9.776411195159981e-05, 8.251629726839425e-05, 0.00011666911959249249)",-1.27064626524815
0.028047449900014895,0.02700981517241165,0.002974480696869221,"(0.025437169150405364, 0.029589711208766103, 0.026911664185543763, 0.028737255036292736, 0.029956294736688847, 0.023704701471020308, 0.028920722021432185, 0.026103115402614896, 0.026209354476668206, 0.028379278729420233, 0.019182275980257086, 0.029997686759696975, 0.023676349507605658, 0.02995898258576775, 0.02940350549285968, 0.024565984544483655, 0.029972827505816146, 0.023139984661594774, 0.028951453433444033, 0.027397986557854567)",0.34884567537970673
0.01391419640928511,0.019968082302355916,0.009940372797717511,"(0.01094445353281831, 0.029147661067978812, 0.0112324862634815, 0.028195456319121966, 0.04733361703087724, 0.00644711757399148, 0.02956921743024458, 0.01059932312293251, 0.030216193363089058, 0.010448381794683152, 0.012333791207647368, 0.02600581132733505, 0.02313117209268641, 0.01398311654555363, 0.013110967417505285, 0.02416383876951246, 0.022869222598230727, 0.01398846004423512, 0.018780979535313398, 0.016860379009880435)",-0.6090200052115639
0.012192296168677572,0.014715968904934788,0.005220953537832422,"(0.01736192361166327, 0.011235877264696166, 0.02694673299350306, 0.007145723778004984, 0.013925690882359077, 0.01290614680875179, 0.010839996798202618, 0.017420605656621974, 0.010819840748250436, 0.017705150146509734, 0.02294313104660453, 0.008575504921435467, 0.010448342774503348, 0.01912383722969084, 0.019834091091155102, 0.009720768659526343, 0.014589826561929871, 0.013425760424437723, 0.00989615965869244, 0.01945426704215696)",-0.48337391205840274
0.005618707295806385,0.010369699482806036,0.003817746588165768,"(0.006033956082056679, 0.015928369932042344, 0.012926445122686757, 0.007332949626181698, 0.011134315914761432, 0.007896043563407779, 0.00942785213045946, 0.009841885466485515, 0.019374030525525342, 0.00486803680244731, 0.008322381158182252, 0.011641298752908289, 0.013326037261774261, 0.007393517101573677, 0.008586863711974053, 0.011060458538910078, 0.01391766580386882, 0.006930261999466999, 0.015227121648925422, 0.006224498512482517)",-1.2444493308504951
0.0010648785405641098,0.0009048282029629481,0.0004991635602304524,"(0.0006120850341870972, 0.0010790671798244572, 0.0009601717233621856, 0.0006855520404870103, 0.0006997708875078395, 0.0009189666940911778, 0.000522793825716349, 0.0012506604943670746, 0.0011102099910543866, 0.0005929223259846898, 0.0010006580821407217, 0.0006592990488012929, 0.000550241680651975, 0.0012047451618530313, 0.0006717132884644685, 0.0009820614644686588, 0.0008832161171693114, 0.0007467626272567829, 0.00024175221319706016, 0.0027239141786733903)",0.32063706238346024
0.0005960137388055547,0.0005944148777133408,9.209484453467797e-05,"(0.0005543291152125438, 0.0006232329907724836, 0.0004917665325661276, 0.0007022908755565775, 0.0005099168993609761, 0.0006759003798119861, 0.0005805642074365046, 0.0005945234399804673, 0.0007564261308797683, 0.00045654967162841515, 0.0006769506515103457, 0.0005103515531929694, 0.0005001319988392555, 0.0006910884213816069, 0.0005392595412031345, 0.0006405282636393243, 0.0007295134288767541, 0.00047355069947696245, 0.0005309586148165796, 0.0006504641381240347)",0.017361027105179283
0.00209953517823072,0.0031167544255234223,0.0007579648418344185,"(0.003209968528596052, 0.002872563200482784, 0.002571311241975247, 0.003584099642529793, 0.0028318971652952487, 0.003244922991195161, 0.0032642416480074283, 0.0028209684160907245, 0.0025747245565411227, 0.0035785905361809373, 0.002653726359551041, 0.003475890414992929, 0.0030378882404831884, 0.0030383030122518783, 0.004072965936144474, 0.0022628135712499803, 0.0016978421475903603, 0.005431820125629448, 0.0027104134925806165, 0.00340013728310002)",-1.3420401463883718
0.001553941391468452,0.001501036944078712,0.0003275597079583502,"(0.0011784974241494533, 0.001829145240013295, 0.0013436459183674828, 0.0016036411677838708, 0.0022363592588130568, 0.0009612272299618797, 0.001262133148882142, 0.001706065520440799, 0.0010286398974307756, 0.002094432523049282, 0.0015001468029794943, 0.0014372690846956393, 0.0015041139574631357, 0.001434231713574107, 0.0017408831925502315, 0.0012378125223962682, 0.0017171437326599808, 0.001255476825440705, 0.0016188567438632849, 0.001331016977059358)",0.16151085162301718
0.0023734226002971046,0.0019814074699806227,0.0003248702413619452,"(0.002094634347141818, 0.0018288005714746226, 0.0016986028995761059, 0.0022533949593086847, 0.001980274133434833, 0.0019239069516282135, 0.001585436767940648, 0.0024110322418984635, 0.001795925746469338, 0.002130835414706503, 0.0016474195528485569, 0.0023258703931835043, 0.0018113082802315716, 0.0021175904054435996, 0.0026710447747515854, 0.0014333183205821826, 0.0022043777103803114, 0.0017378564810959364, 0.0016340085651441437, 0.0023425108823718318)",1.20668217769977
0.002353961278756588,0.0021701261276809154,0.0003250714923401226,"(0.0021089338008606095, 0.0021893881926025377, 0.0021867596032473795, 0.002109141352709871, 0.0018951992099158115, 0.00241713797758257, 0.002207611486950205, 0.0020851515569257606, 0.0025373635665180243, 0.0018173380246449592, 0.0023999218836459465, 0.0019242257755059462, 0.002376589316282357, 0.001945975407016348, 0.0029603468234185183, 0.0015586389018593827, 0.0025779324100769284, 0.0017909407184262362, 0.0023571573114634474, 0.001956769233965467)",0.5655222171353179
0.008628923322305693,0.006989270629345411,0.0017299352663884412,"(0.010069076129052733, 0.004603344968674996, 0.006650923689546709, 0.006944300731094111, 0.005390622824854953, 0.00838022443739997, 0.007537846824472443, 0.006088405092535554, 0.005854365957175916, 0.007884201817453354, 0.008328357536888329, 0.005567875640792584, 0.006768129374011712, 0.006884246239957703, 0.006056134646509718, 0.007636962616150337, 0.004145748149626641, 0.011177102688739844, 0.008148620740639222, 0.0056689224813314225)",0.9478115885708016
0.011425580113589686,0.013244081740968165,0.00285742204626656,"(0.012614893906108458, 0.013409907137469755, 0.015856353424472096, 0.010596263485819213, 0.014965039004176691, 0.010764446917401598, 0.015864495351017152, 0.010463618106635136, 0.009359339269160789, 0.01793043532061909, 0.015967746182262033, 0.010602821971092797, 0.014655293934634, 0.011657867163465558, 0.014529156458573023, 0.01159488531096363, 0.010658912491422276, 0.01586167683797283, 0.018388287778789713, 0.00914019476730745)",-0.6364133816894464
0.005680325478736828,0.005952542452655962,0.0014959983444811165,"(0.006329981784476388, 0.005299238777003043, 0.00660507900744067, 0.005062466002593737, 0.0034800235996082854, 0.009420217022298937, 0.008908202053212676, 0.0037323433602758677, 0.006436657220964388, 0.005192275314727461, 0.006470019524834064, 0.005185928856830593, 0.0059882296423104655, 0.005627082858141602, 0.006063293273749615, 0.0055219754498249864, 0.007898045181102693, 0.004245655684737482, 0.006115276398271823, 0.005468858040714457)",-0.1819634192266115
0.0014803727369158612,0.0020209392906649017,0.0005264289820748216,"(0.0031927037519911116, 0.0012020730940023572, 0.0013312939024379728, 0.0028797382289426745, 0.0018576825920902167, 0.0020500400629070155, 0.002121727466824486, 0.00180346040401355, 0.0018706554959293659, 0.002049081417995243, 0.0023738697818078045, 0.0016168506190439775, 0.0021336429887572586, 0.0018014708033179244, 0.0023693684376535572, 0.001618767829363199, 0.0023210536183964447, 0.0016533015372609343, 0.001366690972304456, 0.0028053128082584865)",-1.026855610453851
0.0030555147099041247,0.0034509817054052825,0.000474199079751755,"(0.0034698252841752516, 0.0033826799444196098, 0.0038311621089806894, 0.003055886823798007, 0.004209778841110522, 0.0027332441016055236, 0.0029564714275629057, 0.0039402610333748945, 0.0031794172095788325, 0.003682272806731289, 0.003234252067352353, 0.00362628610970614, 0.0029636379184364765, 0.003971574377550198, 0.003015647092431779, 0.003888361214447887, 0.004286857858664994, 0.002735257762224628, 0.0032214224902451147, 0.0036353376357085494)",-0.8339682896647252
0.00011931234362910779,9.92003427801926e-05,1.5683048675325772e-05,"(0.00010493596574702609, 9.159274396289473e-05, 9.357264398758395e-05, 0.00010270715470433058, 7.660341809933472e-05, 0.00012538512964009634, 9.72641896951236e-05, 9.879228178207318e-05, 9.597258407479382e-05, 0.00010013942309849786, 0.0001162631440665843, 8.266574961637464e-05, 0.00011112099335016554, 8.650137082831225e-05, 0.00013010546280993208, 7.387200441939908e-05, 8.369763526126053e-05, 0.00011482942661155676, 8.524970006098547e-05, 0.00011273583378752703)",1.2824037765410696
0.006672749031410661,0.004723885281874459,0.003096788634552357,"(0.003696684147920693, 0.005305043916422715, 0.0014775155720457179, 0.008081543520446622, 1.4121935189421395e-05, 0.011995397835258884, 0.0005647936793518583, 0.008619262176009385, 0.006313489369648125, 0.002222664809763013, 0.0015469458648146414, 0.008711619572767884, 0.0063213677402626746, 0.003949573482520801, 0.004235815392589742, 0.004346358149535233, 0.0021605851746679472, 0.007018042874929536, 0.004204366323884287, 0.003692514099459999)",0.6293176511279438
0.015004039703408434,0.02196347380928024,0.0049895644697130325,"(0.02035583106207273, 0.022254939900791883, 0.02470114942031231, 0.018408705155700915, 0.02014778977644044, 0.022935731203253724, 0.02466373657052458, 0.019284536792820363, 0.01722804070746355, 0.028553847167767193, 0.018683014355974553, 0.024357559497833123, 0.012932446916677184, 0.03376802840661589, 0.03008324464433985, 0.01465659984110294, 0.023487401906873526, 0.021106968455600946, 0.019544585176350108, 0.02211531922708894)",-1.3947979123460585
0.012872436206293518,0.01971325532308792,0.008169382977753712,"(0.016426265482552674, 0.019578137500769744, 0.013120822536647554, 0.024661073581544152, 0.017898321827733307, 0.018622047964608663, 0.009736240537884846, 0.036125258525139, 0.028332735958742913, 0.013178939984157614, 0.024553344877540892, 0.01319929065678624, 0.020222313898331647, 0.014882502062380525, 0.010664997315978609, 0.028724467484696897, 0.011568234702342344, 0.03276261028815824, 0.00976706270953602, 0.030240438566226466)",-0.8373728022572621
0.04253148208605769,0.01582714976111003,0.006472886073205341,"(0.012988853550118085, 0.016148412411339064, 0.02009355721493398, 0.010500763369637164, 0.020187631142125576, 0.010791378261703413, 0.030723021687152786, 0.007520410153345843, 0.012456774029429548, 0.019745033123133082, 0.01366454093209128, 0.015469690640447788, 0.03088917632248944, 0.006327575880560568, 0.011393109477094916, 0.017488772270820987, 0.019845449796406154, 0.012603077631895917, 0.01326365704062234, 0.014442110286852671)",4.125568104078156
0.0005321809176112293,0.0010795545233804333,0.0008145576464795795,"(0.0006867793193402936, 0.0010304819010131696, 0.0006756850953327515, 0.001046193225175463, 0.0018684247438973316, 0.0003820496439785091, 0.0008129955075181587, 0.0008961230151002309, 0.0009109870972789073, 0.0008084385537918517, 0.0019705116796432053, 0.00035915284707294635, 0.001741609647833779, 0.00039953264370735795, 0.000324192277349204, 0.0021593711098448656, 0.001115891396577465, 0.0006650338199003167, 0.0001953345008536259, 0.003542302442399234)",-0.6719887881906051
0.0007737558975958147,0.0006051343606125643,0.00013808996595459725,"(0.0006372299290980215, 0.0005476771099707404, 0.0006602941331425229, 0.0005285527296923426, 0.0006121309163080743, 0.0005705266552503868, 0.000511241389877481, 0.0006840427531730528, 0.0007178247631502197, 0.00048767021016859514, 0.000779296087693741, 0.0004478678748716178, 0.0005946360390811991, 0.000586129636506969, 0.0005782636093531759, 0.0006029774659137514, 0.00047681969480210123, 0.0007344953438646326, 0.0003502141653616161, 0.0009947967049710445)",1.2210991277866754
0.0029362628640129096,0.0031098951019303666,0.0005271064741646247,"(0.003650963965693573, 0.0025766001945983696, 0.003017947132500129, 0.0031176248273945785, 0.003367494745373313, 0.002796557752082925, 0.002701296806561956, 0.003492022663768565, 0.0030170280959463517, 0.003132312188217219, 0.0028593844802815055, 0.003290669270353722, 0.0030260676354212286, 0.0031023619504375695, 0.0022596314454232385, 0.004156907113892972, 0.002939326298360671, 0.0032165951330197797, 0.004290074321950778, 0.002187036017328893)",-0.3294063845310094
0.0016433472398344278,0.001508129671885627,0.0002946183516393613,"(0.0016108635645373434, 0.0013609762181893688, 0.0013763118864933937, 0.0015931068396902958, 0.0015149323203550087, 0.001448372202143537, 0.0011341571172056692, 0.001937222601705734, 0.0016967992064450593, 0.0012966305708940484, 0.0013228066200406305, 0.0016576176332203261, 0.0012149226328321129, 0.001801690800327795, 0.0020636367954469325, 0.0010611676052380758, 0.0015078746146138904, 0.0014596539540450597, 0.002021543832256284, 0.0010823064220319679)",0.4589584022733213
0.0019628475503893116,0.0020048009431957755,0.00029422008107315116,"(0.002043137408719702, 0.0019258044932067913, 0.002490628159150839, 0.0015800483437019785, 0.002176632032426968, 0.0018106123667073184, 0.002085559042155695, 0.0018949571158810654, 0.002073257098842414, 0.0019110250506302086, 0.0022199752197139995, 0.0017728688714044815, 0.0020203564043179936, 0.0019415898114461799, 0.0020517839415453505, 0.0019135497067511319, 0.0020366639502974464, 0.0019470418737876636, 0.0028016361593694986, 0.0013988918138587796)",-0.14259187426446668
0.0014947833209027913,0.0022212494166182657,0.00036243392624583367,"(0.001963862376635999, 0.0024458833017141197, 0.003076048770180348, 0.0015616961670335946, 0.0017529512305823386, 0.0027465537051025416, 0.0020759608845104284, 0.0023294519155325033, 0.0026173989972696388, 0.0018539925545396588, 0.0021473024015889234, 0.002237581383154015, 0.0020298136329055796, 0.0023558959128291484, 0.0021428493055406367, 0.0022346918850873255, 0.001882070935103015, 0.0025820972914821073, 0.0023944446265830133, 0.0019944410549903777)",-2.004409750600232
0.007481338446818105,0.007342026983853724,0.0010273936013493695,"(0.008159378093149343, 0.006443903687835599, 0.0062351068137475795, 0.00843485730638779, 0.009385590946492701, 0.005646591921155023, 0.007110035327936783, 0.007568017026010288, 0.0070218848757497435, 0.007753212619399211, 0.0068826550773676744, 0.007646360680433133, 0.006119539441520104, 0.008462344625272322, 0.008379264856807976, 0.006209500026106851, 0.0074537248743846065, 0.007341011079529413, 0.00857928095551589, 0.006008279442272483)",0.1355969735273905
0.01642030809642958,0.015344161604380442,0.004287021128217165,"(0.008362492854130182, 0.025880321605706164, 0.012357756739781511, 0.017521741543067477, 0.015430460795161185, 0.014260497211788941, 0.0202569403312286, 0.01121656286281589, 0.017453613528385394, 0.013339796364472798, 0.012483489016507678, 0.01736982482511269, 0.011436042575198943, 0.018331734743604774, 0.015275482252548912, 0.013861320097157733, 0.010242257675461209, 0.02297627815365002, 0.014770540481965709, 0.014056078429863034)",0.2510243033247364
0.0048641590971358305,0.006315577006143019,0.0012872454257171109,"(0.00521715042547026, 0.007307462809163298, 0.006718062915928522, 0.005675220846772941, 0.0055404076303502805, 0.006932283083434479, 0.008160909314601686, 0.004776205768436333, 0.007889810067213014, 0.004993414621507604, 0.005370396880911575, 0.007104192980845671, 0.006681832569718618, 0.0056248062514465446, 0.008700694812330352, 0.004339333157605833, 0.008169099634462782, 0.004846901197678448, 0.0065541855488247475, 0.0057091696061573926)",-1.1275378261287037
0.0019097923752316966,0.0020437973595169114,0.0004735327095435521,"(0.001880780819834632, 0.002110122659489352, 0.002313780598256827, 0.0017153087811645946, 0.002105470251298539, 0.0018892946334272075, 0.002022697687434816, 0.001975536282739753, 0.00156250204706116, 0.002565995447947841, 0.002465391890164815, 0.001610153266189458, 0.002207649830902341, 0.0017897322201571356, 0.0011879128328089895, 0.0033307498549370036, 0.001541873488548278, 0.0026042932183545317, 0.0022167103090777887, 0.001779991070543165)",-0.28298992146579477
0.004241569124579417,0.00365750617845272,0.0007242392625568548,"(0.004105280326903886, 0.0031225895093981225, 0.002804519037989627, 0.004567503522609178, 0.002942672895772658, 0.004382865632308923, 0.00352741721003526, 0.0037086777951675976, 0.004082697803708376, 0.003229214850313506, 0.004611643348158661, 0.0027798807032586867, 0.0024669785820223816, 0.005134541276429498, 0.004091123342087901, 0.003109288654382902, 0.0031344681085322557, 0.004228330840487024, 0.003319163184777343, 0.003801266944710594)",0.806450266262451
9.539687616055202e-05,9.956455575965773e-05,1.6971434285014665e-05,"(0.0001165662604996305, 8.272614188148657e-05, 9.69702460943969e-05, 9.943954552655569e-05, 7.034961843817849e-05, 0.00013710114535616996, 0.00011492340064249936, 8.396864128952641e-05, 0.00010902223477499685, 8.853444835004022e-05, 0.00011176919399971741, 8.627583247562227e-05, 9.240646687076203e-05, 0.00010431344214252187, 0.00011006561880198963, 8.759028780586915e-05, 7.666421945340251e-05, 0.00012592754760164463, 9.263527429151602e-05, 0.00010404154889662827)",-0.24557026407518573
0.028012513145667873,0.027711023022562176,0.0024598487506035907,"(0.029750717502442407, 0.026776763151507756, 0.0278998252564273, 0.029501908246849434, 0.02987921907955792, 0.0260585928115847, 0.023022732497717056, 0.029989456082642654, 0.02998987521033435, 0.024264312876217192, 0.02975702810763642, 0.026677988243204522, 0.029621231324704116, 0.02612593428353403, 0.029707574011756957, 0.026145519005024667, 0.029997524887242534, 0.022183061953498846, 0.028839371917344696, 0.02803182400201597)",0.12256449630560352
0.012480212321236946,0.02120006569340611,0.010828722564526591,"(0.015799997701044535, 0.021775236318065563, 0.008642973265458851, 0.040391764911554044, 0.017368300701306936, 0.020220179019743646, 0.03961619070135994, 0.00868373450240168, 0.038582308097739645, 0.008838366905638101, 0.01903557060478217, 0.01839132057983816, 0.011968202230345384, 0.028907101019093447, 0.03148913507038501, 0.01098617284454824, 0.030458801826349104, 0.01144132226304254, 0.011836086767329614, 0.029568548538095565)",-0.8052522650025413
0.01402097220265347,0.014989369761700773,0.004270027755500152,"(0.026473588532650354, 0.007780686673972992, 0.011984187636320205, 0.017582526489004463, 0.009508449563624339, 0.0223673625464987, 0.011833304120286827, 0.017399745653450167, 0.012162788106518824, 0.016703927561474003, 0.01671233068970815, 0.012663536970716576, 0.015552698332574144, 0.01335866705835365, 0.014115750438003363, 0.01471748067645532, 0.01251554217451563, 0.016788118332558395, 0.01743046987574136, 0.012136233801587936)",-0.22678952327649995
0.00679861030730961,0.012765230062984165,0.006805878216401414,"(0.02258220434720068, 0.005412433701899241, 0.0077059243957657165, 0.016235706661683426, 0.014940243683727015, 0.008454641665929293, 0.005235095140172006, 0.023330462243328607, 0.027787209480845076, 0.004336996381795641, 0.010594251647572838, 0.011862537403871878, 0.008359268271773903, 0.0147505458065332, 0.005568993925209012, 0.022140183198324948, 0.00944261813192061, 0.013209242274980517, 0.00839855371117321, 0.01495748918597648)",-0.8766862359211279
0.0006580105029639741,0.0009135621690751592,0.0005053479518658352,"(0.00027165920093128614, 0.002347395512295626, 0.0008258751861200857, 0.0007743004203451271, 0.0010827710200385116, 0.0005913547454238608, 0.001493514908697858, 0.00042643635195724046, 0.001042033317830032, 0.0006111728303907578, 0.001145009619868477, 0.0005588227273509843, 0.001751751546097167, 0.00036441183611899276, 0.0005192884409492922, 0.0012293043781372297, 0.0009890632082856907, 0.0006461009705848082, 0.0007718841463645738, 0.0008290930137155832)",-0.5056944728234132
0.0005340043691855771,0.00059796568063505,0.00010939470667016867,"(0.000633693413990306, 0.0005464097790911863, 0.0008058875446822155, 0.00042982577746325984, 0.0005415812945314242, 0.0006396981512783582, 0.00046753135648049815, 0.0007405557545121437, 0.0005327598813003987, 0.0006497858805907953, 0.0004722745750272452, 0.0007335089632495318, 0.000683081108366563, 0.0005069755956794796, 0.0005236579048234557, 0.0006613213165260575, 0.0007277957997130856, 0.00047591264071657544, 0.0005169940556620217, 0.0006700628190163956)",-0.5846837876929445
0.003719178445984275,0.003070898785113821,0.0004456338152388251,"(0.002952797221197036, 0.00312937185921394, 0.0037510328501048486, 0.0024656866615712057, 0.0022458212302872973, 0.004119803212123082, 0.0031459137516402958, 0.0029372166753021153, 0.002623474554526043, 0.0035202436796440213, 0.0032406712940021717, 0.0028545031900770747, 0.002770370415529258, 0.003336596658220177, 0.003007310364568614, 0.003073704426936129, 0.0034447662736563976, 0.0026845947667643363, 0.0033656040314417966, 0.0027484925854705813)",1.454736240163971
0.002076438435416823,0.0014817835623052009,0.00017189286948687997,"(0.0014842016246170422, 0.0014600467253900655, 0.0017475381559720427, 0.001240861324602265, 0.001451296532717182, 0.0014945588756004463, 0.0013604885826553135, 0.0015927679820911377, 0.0014171435321737457, 0.0015285197950788158, 0.0017169632327295582, 0.0012631203370458133, 0.00133538705137066, 0.0016231592895605107, 0.0015451617271948293, 0.001402794918259895, 0.001193080119834431, 0.001817360013202786, 0.0016339098619339895, 0.0013273115640734885)",3.4594504989458588
0.0017314528892390505,0.001981745799891437,0.00029270164809222206,"(0.001953772414254717, 0.0019676289596998638, 0.002504089770084501, 0.0015369549285377533, 0.00218298761327125, 0.0017638612614424682, 0.0021252305263622095, 0.0018087166402566896, 0.0017593540568511276, 0.002183590069375388, 0.0019291474639877419, 0.001995448626830436, 0.0024303327024280163, 0.0015824629145419723, 0.00171938304596462, 0.002236803370764714, 0.002119693573320931, 0.0018153637919393222, 0.002446873389686493, 0.0015732208782285257)",-0.855112748027733
0.002370839877904359,0.0021887044146802793,0.0003647892435546774,"(0.0021045781675959065, 0.0022157646739110193, 0.002567645515311903, 0.0018186971337051674, 0.0024268909394505422, 0.0019253091577300895, 0.002030933231037528, 0.0022956611576276068, 0.0016052326391566903, 0.0029026918980844855, 0.0025264312098499907, 0.0018488671742695323, 0.0022401877256523575, 0.0020826955083320256, 0.0021151800841192054, 0.0022057972588890957, 0.0015759751982576487, 0.0029623994639824502, 0.002124599837947112, 0.002198550318695235)",0.49928956635142624
0.005284017535793127,0.0069586921471155375,0.0011657086223609049,"(0.0066151802989612134, 0.007110891811805131, 0.0075536866262706035, 0.006255486873556482, 0.006954524597770876, 0.006807329749311637, 0.00798421832726164, 0.005887659296996, 0.008561922425263215, 0.005479902250291453, 0.007448570919238151, 0.0063493176599599774, 0.007695842544430223, 0.0061224119600146185, 0.0048528563439259745, 0.009709357033907637, 0.006260957514132713, 0.0075412726308455415, 0.005732867445188329, 0.008249586633179344)",-1.4366151019203226
0.018722696375349245,0.013453305632904615,0.0023801451504070373,"(0.012493370165205775, 0.014003018584950974, 0.01982589559447936, 0.0089014651592913, 0.013860895230639141, 0.012779174356095234, 0.011909976878014586, 0.01466980769786426, 0.013832756772231208, 0.012583924994763344, 0.014028466823758244, 0.01260148041142355, 0.016296091965151534, 0.010769648156695566, 0.01512009140997138, 0.011607760126577106, 0.016063702796322486, 0.010969796518775068, 0.014820640992452417, 0.011928148023429752)",2.2138947036669143
0.0063880703449316015,0.006093724829295063,0.0014866742218905208,"(0.004129788065355704, 0.008475963316743213, 0.006307419965035588, 0.005571317633731924, 0.007084178293127894, 0.004968639038244671, 0.009079364014660491, 0.0038528436444647055, 0.004871007317153141, 0.007170267796938225, 0.004891293791758768, 0.007189791991489782, 0.004666978568178901, 0.007511004616999316, 0.00707971182768684, 0.004951384770145861, 0.0049210645874136665, 0.007135963516371161, 0.006973173580177166, 0.005043340250224246)",0.197989250975399
0.0013601989703056253,0.0019821493646460324,0.00025924306456880005,"(0.0019339151483445665, 0.0019974677862789857, 0.0022226401392483946, 0.00174024370895302, 0.0024592509451910466, 0.0015736728292189768, 0.0019733885012281553, 0.0019570962238328656, 0.002102439366960427, 0.0018360053209272237, 0.0024393773551127174, 0.0015860245584989393, 0.00199387034026094, 0.00193831849970779, 0.0017905363841504707, 0.00215844850454157, 0.0023424082590926586, 0.0016508889349431944, 0.0021339784390886755, 0.0018130160473400316)",-2.3991013814579745
0.002539561328338358,0.003475710310882493,0.000490657689210407,"(0.003088934429346604, 0.0038333473830824715, 0.0034685525912341486, 0.003420995651793789, 0.0034082499705946246, 0.0034848741617636136, 0.002996330069370689, 0.003948375983873955, 0.00368913552665729, 0.00320644583540153, 0.002621721412085345, 0.004528007841441049, 0.002852846594977636, 0.00415382988215311, 0.0028920881859226815, 0.004097496283533685, 0.0030839396892299096, 0.0038457145209102356, 0.0035302141548751937, 0.00336310604940228)",-1.9079472372085655
0.0001309042271686416,0.00010239056888443046,3.165964030042339e-05,"(0.00010829069839968773, 8.883077909888637e-05, 0.00010017896801534707, 9.602834635404479e-05, 0.0001892290510271613, 5.083922254413395e-05, 0.00013614849792227876, 7.065232148796308e-05, 0.00015262665102842065, 6.302553226933237e-05, 9.588811813778075e-05, 0.00010032662637204119, 0.00010757623803420145, 8.942247301001812e-05, 9.360854646514203e-05, 0.00010276552523095192, 0.0001329289977614222, 7.23685244403739e-05, 8.907352663537187e-05, 0.00010800273345404999)",0.9006311510061543
0.021720454278320513,0.020980372239723117,0.0034450868179916956,"(0.017628305890287882, 0.023803274226364673, 0.015470274015193033, 0.02604070479930452, 0.016175086552474367, 0.02604605996634063, 0.018421915158083002, 0.02232469148671871, 0.015062260995394115, 0.0252147550248142, 0.02069474612228263, 0.022638564531358697, 0.023541363761883392, 0.018516979024689562, 0.024233976449770756, 0.017563991743600082, 0.020651079391723365, 0.02204216944844507, 0.021965321492097088, 0.021571924713636583)",0.2148224639020344
0.015851994216538774,0.02051661135491328,0.007987806437790316,"(0.023466059892838207, 0.015432408826410044, 0.043932824783018735, 0.00841678676210875, 0.01537765510070335, 0.024089420801987577, 0.020955523988438928, 0.017769432779310635, 0.020209336170354118, 0.018401854127737288, 0.01387057634700881, 0.02651299396341917, 0.026130694980512143, 0.013986260984746948, 0.015967479604112964, 0.0230341549328191, 0.01996112177255253, 0.018599568719222248, 0.033090043675442896, 0.01112802888552113)",-0.5839672223786244
0.01381173612009484,0.015535118200541712,0.008474193029356999,"(0.005233299415271454, 0.033462187790105125, 0.008402093681514702, 0.02154444870314536, 0.01688721655774204, 0.010742442934680747, 0.009681551397385852, 0.018908253486041145, 0.011757285513617667, 0.015535848603774384, 0.00616333039939634, 0.029116331327343162, 0.02113098756000456, 0.008409567580845621, 0.006589630003118396, 0.027239115344819348, 0.006981947304338547, 0.026087831651846145, 0.013006726306178797, 0.013822268449664853)",-0.20336828232217388
0.014050008017430591,0.011284868882258842,0.003557342797135527,"(0.006803579062482429, 0.01650755023105304, 0.009522436114581753, 0.012203076813237748, 0.013140684584503468, 0.008856424264187649, 0.011832915269478012, 0.009935379795200799, 0.007838344178356388, 0.014962540149072862, 0.016778373634292933, 0.006864361441357611, 0.011540152153736034, 0.00988065000651033, 0.006891029894632164, 0.016718346653543676, 0.008528359344195236, 0.0137095234560855, 0.015951529584386785, 0.007232121014282414)",0.7773046604893733
0.00060354167242509,0.0010346231421012836,0.0006955682241215615,"(0.0015826834778321077, 0.0004397289741443248, 0.000493562915916927, 0.0014184019804583824, 0.002009529170279005, 0.0003473970130783393, 0.0006000193897467809, 0.0011697632612287586, 0.0007699937595272799, 0.0009104805509861266, 0.0009825615875963102, 0.0007115523547926698, 0.0008280495031784401, 0.0008432388850564398, 0.0021048117765271063, 0.000332163974988046, 0.001667761949565502, 0.00041986046144034626, 0.00024841058952422193, 0.0028124912661585586)",-0.6197544032731077
0.0007317136336729599,0.000603008034365771,0.00013472212777254817,"(0.0008872455855153011, 0.0003909491583071293, 0.000538569361277975, 0.0006444809846089144, 0.0006629397450677412, 0.0005235144345000641, 0.0005561167416420651, 0.0006243021195618268, 0.0006052005856141609, 0.000573623397650379, 0.0008767792176328412, 0.000395812652085664, 0.00044470227867305116, 0.00078024937898845, 0.0005081159628540713, 0.0006830002074599942, 0.000635192835943428, 0.0005464872848863548, 0.0006440225166719765, 0.0005388562383740319)",0.9553412007007709
0.002822514078692655,0.00308836169364798,0.0005721042838080861,"(0.0025884004101241506, 0.0035642442640447317, 0.003527085257867896, 0.0026192225415097425, 0.003375945959181204, 0.002736714454218838, 0.002335352051799727, 0.003957636209864469, 0.003177919655608011, 0.0029080766161779315, 0.0033762647444597043, 0.0027352529587809666, 0.0027818568369758, 0.0033183711971092036, 0.0028877024586978733, 0.003198054401722401, 0.002678647296382318, 0.003449709200497787, 0.004497089483705932, 0.002053687874230908)",-0.4646838390822193
0.0015242316790204397,0.0014924205721761601,0.00024972721718067534,"(0.0013760299439715918, 0.0015749209774470595, 0.0017119833589828253, 0.001267136846397723, 0.0016466555975649525, 0.0013174413678804528, 0.0017045451244562314, 0.0012731075542069628, 0.0015414081386008925, 0.0014077426644402797, 0.0016110468928862908, 0.0013461736654645532, 0.001738446172048215, 0.0012471548283957893, 0.0020420813737092865, 0.0010620392773253535, 0.001281242061823101, 0.0016934328338081405, 0.001802747405674045, 0.0012030753584394553)",0.12738341941024614
0.0025363704607942613,0.0020043983628613544,0.0004128341235352087,"(0.0020676656585033207, 0.0018644735608249645, 0.001545292052203804, 0.0024991823799994186, 0.002091365361473553, 0.0018464956671655347, 0.0019600038598891712, 0.001971633448094659, 0.0016261908589002177, 0.0023759795293069592, 0.002521285796150562, 0.001531042784200528, 0.001987982722065071, 0.0019407795378488131, 0.002002621747006266, 0.001927615430796368, 0.001527343559095987, 0.002529247594323967, 0.0029735296319937884, 0.0012982360773841416)",1.2885855785793285
0.001892872820107297,0.002241631338880939,0.00061039690328245,"(0.0015156705793969865, 0.0030815180279763895, 0.0031514985490398617, 0.0014854383192929239, 0.002883421981658861, 0.0016230690792305416, 0.0018858914172426152, 0.002484430642182141, 0.0031007480971464154, 0.0015106618159482807, 0.003235333532194398, 0.001446103366775799, 0.0025649019133914723, 0.001822940608264554, 0.002551190976290111, 0.0018339566647008797, 0.0021515138783554737, 0.0021764962354107065, 0.0022271316857028415, 0.0021007094074175243)",-0.5713635126557323
0.007555718198592498,0.007061119079974681,0.0013236837855645823,"(0.006737813413926357, 0.007115589444346155, 0.0068815967456785105, 0.007018850919398661, 0.008194824154712328, 0.0058880781113405676, 0.0048495453596699364, 0.009987508439258821, 0.005150936501483289, 0.009395290406265069, 0.008541046567848928, 0.005644573768364238, 0.006271132049685727, 0.0076721270239139255, 0.007867669890852726, 0.006128296111160573, 0.0077651071108105485, 0.006226121359745722, 0.006930675866414489, 0.006955598354617034)",0.3736535296508591
0.01487354361216564,0.013755958416897147,0.0028962260807165303,"(0.013981078143906854, 0.01282047251025095, 0.012556305634237971, 0.014484701920400677, 0.018020863364080163, 0.010072170763709318, 0.012735730962225232, 0.014358472507948082, 0.013181536362730463, 0.01385016888635141, 0.014314602738785265, 0.012658953110125824, 0.009244994921109258, 0.01952288725872413, 0.010236150216659889, 0.01770622442968053, 0.011061544654898881, 0.0164724395711997, 0.010372571294417886, 0.017467299086500396)",0.38587636604391085
0.004901940332150938,0.006095872948077459,0.001548318641333597,"(0.005160609175026093, 0.0067517862019655225, 0.005362249487010979, 0.006541255362730009, 0.004462973730004458, 0.007850838745724863, 0.004484198323987529, 0.007841762763296569, 0.005585718024152886, 0.006290399052588681, 0.006718873357009938, 0.005211809573770564, 0.010431449834945226, 0.00335090483763965, 0.004795600633558475, 0.007302643899082492, 0.006678960906618028, 0.005255891928493133, 0.00574561513424617, 0.006093917989697907)",-0.7711155727597281
0.001565570131417814,0.0019982777900006857,0.00037018593748867646,"(0.0015222435301920287, 0.0025344007234266845, 0.0023053481128047057, 0.0016771509575520085, 0.0018867966410747406, 0.00204847842125066, 0.0020379782869842412, 0.0018987473237422204, 0.00190360885015765, 0.0020322504018133176, 0.0017965000274993972, 0.0021510162409348176, 0.0026305622303936416, 0.001468136254387982, 0.002657085056430792, 0.0014543804187532707, 0.0022796378446371625, 0.001696513555708784, 0.0023169320768638836, 0.0016677888454057297)",-1.1688927502712274
0.003943633274698255,0.0035505878220693774,0.0008500044848140265,"(0.003246738438934228, 0.0036658981354265653, 0.004397715352621436, 0.0027183127772981357, 0.002606466057993664, 0.004577539517044231, 0.003338753563867402, 0.003587243153902015, 0.005403885712119827, 0.002214525408498712, 0.002447101196436628, 0.004880257974203634, 0.004431487864925693, 0.002692276298136386, 0.0030923318884262833, 0.0038619951457162156, 0.003401543261789004, 0.00351510635101926, 0.003746182433561272, 0.0031863959094669547)",0.46240397509769876
0.00010941068790671613,9.939278782630239e-05,1.6548714870159225e-05,"(9.810400707916022e-05, 9.805496579742743e-05, 0.00011094199896708595, 8.671909237497142e-05, 0.00011367543063176176, 8.462669130886943e-05, 8.044598142153065e-05, 0.00011960030712172362, 8.050668933826871e-05, 0.00011950639521411495, 7.914794109212219e-05, 0.00012155138030982694, 8.963607420921983e-05, 0.00010732644067031803, 0.00011761423159581942, 8.179728593366074e-05, 0.00010372527091965111, 9.275246993947013e-05, 7.67075658610713e-05, 0.0001254155367399737)",0.605358189987193
0.02153857156475673,0.02192838905961497,0.0025033321870517326,"(0.022047972415282984, 0.019946660734426993, 0.020531534968477906, 0.02411261085622413, 0.018385858947646685, 0.02401655240766509, 0.026313696375934927, 0.018669348079342184, 0.021247599960032212, 0.024071127416542642, 0.018365207746067716, 0.02519347512414247, 0.01781233287933501, 0.02518506338344587, 0.02353091027780998, 0.020601840086777765, 0.021820162757879593, 0.022958103961838672, 0.021507009780984222, 0.022250713032442276)",-0.15571944341807106
0.03666837353255225,0.020705366847336884,0.009960105292920463,"(0.015021041000330035, 0.02294480839277184, 0.033433302360936556, 0.010259280918287055, 0.030108082379813494, 0.011422452433704088, 0.009940748602262914, 0.03479640974283302, 0.02127758640244266, 0.01609515364305616, 0.028180605460232627, 0.012362496332510577, 0.04368643339429139, 0.007818049734489652, 0.031023616499766305, 0.011101585803708434, 0.021585504643448473, 0.015495953189522625, 0.02123476380083676, 0.01631946221149301)",1.602694571568606
0.015089143008364723,0.01759558976359908,0.008751414213720951,"(0.029496798455791222, 0.008381205235195407, 0.010206943744083758, 0.024042172854301186, 0.020397741580631217, 0.012077098403731687, 0.008963270890212751, 0.02773871485814609, 0.011920747590380662, 0.02052932216285523, 0.0149896773102764, 0.016757433270410294, 0.023097689870148236, 0.010553187115709722, 0.01010293758611391, 0.024438047046448263, 0.0057920640794546785, 0.04079247843224882, 0.014847162225497052, 0.016787102560345043)",-0.28640476773509504
0.006962938950073624,0.011887483574513424,0.006604879518618318,"(0.015665481848081666, 0.006522041502687759, 0.0062879822577937535, 0.01612270205355137, 0.0049940780791687895, 0.020378234889170236, 0.005445005896584868, 0.018879447036202406, 0.005494549883628574, 0.01839081086151798, 0.017415281438829356, 0.005962042524139471, 0.017521397623265742, 0.005744350135499611, 0.01431729407303267, 0.007124745932109519, 0.024404521822713746, 0.003995093715314231, 0.017037993411938852, 0.006046616505037845)",-0.7455918931690022
0.0014625248311621768,0.0008650297876860655,0.0003492176808946633,"(0.0007364183622480094, 0.0008777171433591666, 0.0007965055029093049, 0.0008102699848419903, 0.0007815803252785752, 0.0008256355234073424, 0.0009920666840594345, 0.000652679338669047, 0.0009528084972133768, 0.0006761049324835708, 0.0012284090349288263, 0.0005264938860900902, 0.0008709283734954833, 0.0007394633370813161, 0.0003995175157751456, 0.0016159493351574445, 0.0016613684234280054, 0.00038666148770665827, 0.0005157247272952012, 0.0012542933382933205)",1.7109530134481863
0.0006931850066399955,0.0005937052857652717,8.238551044549554e-05,"(0.0005055322162568419, 0.0006846964917542861, 0.0004964178868664137, 0.0006971538566357717, 0.0006301358159359517, 0.000549235848637348, 0.0007148306853990845, 0.00048429635632275337, 0.0006052708943676222, 0.0005717007711311323, 0.0007386618381053293, 0.0004686991760001815, 0.000567567954875395, 0.0006096462239938426, 0.0005811602252731649, 0.0005955491580521597, 0.000693804805291778, 0.0004984807842003267, 0.0006422652033558132, 0.0005389995228502375)",1.2074904960446586
0.0031320895979586524,0.003106203619668318,0.0006342534555965052,"(0.003935955348229645, 0.0023559520289094717, 0.004160329054775597, 0.002228197928516573, 0.003709620483461896, 0.0024993198466384974, 0.003979409566828098, 0.0023307859559842992, 0.003472079438524176, 0.0026695652184081783, 0.003440837304116467, 0.002696756015134553, 0.0029592046645489007, 0.003131721892620566, 0.0023790946491964375, 0.0038974479119475484, 0.003639998393894942, 0.0025426715081267206, 0.0031550514443557465, 0.0029400737391480428)",0.04081330272925205
0.0018855554041294167,0.0015047579025726106,0.00031696872080402854,"(0.001931227433779776, 0.0011237807186837909, 0.00203794785110157, 0.0010646860019101025, 0.0016304635082560143, 0.0013309165676522784, 0.0012816152604808752, 0.0016937059271150102, 0.0011435322788460494, 0.0018972291012136374, 0.0011828536093504878, 0.001835627254215615, 0.0013481573901341082, 0.0016090843128776663, 0.0011568184601349675, 0.0018759721670583002, 0.0012350964824974719, 0.0017547671173731437, 0.0016294528506118993, 0.0013322237581594462)",1.2013724906068595
0.0025182945876791717,0.0020337140777548527,0.0005627777467526015,"(0.001577966054664314, 0.0024457164034603737, 0.0016263142781832748, 0.0023720158125919008, 0.0016053054213243899, 0.0024034538186028095, 0.0014794977199842844, 0.0026094247737618033, 0.002063893999935464, 0.0018686466228205654, 0.001914920287247393, 0.0020168463135246395, 0.0018260064177480482, 0.002111718835194141, 0.002724845838592786, 0.0014161335096999573, 0.0021098863336982392, 0.0018248284090922838, 0.0036062931354060926, 0.0010705675695642878)",0.8610512990616557
0.002356689133021276,0.002175916393197513,0.0002860061140817678,"(0.0023519313736337422, 0.0019817584980107395, 0.0015756161326826214, 0.0029565196793938783, 0.0022268533504921483, 0.0020922343722688517, 0.0020381280072433727, 0.002288066352945248, 0.0020792672250203263, 0.0022394404581782875, 0.002059918183888105, 0.00226454486229172, 0.002164417558662821, 0.002150915112036988, 0.002229881006227122, 0.002089731986864109, 0.0025013788343169513, 0.0018578482584924647, 0.0025178116905760837, 0.0018520649207246804)",0.6320590047668736
0.00569539132863376,0.006945182846276475,0.0008834763650280058,"(0.00625400131852835, 0.007606911928383407, 0.007251315887882118, 0.006548834017146876, 0.00879496784057731, 0.00540213151323247, 0.007058964809857565, 0.0067507785082814515, 0.007606330280878692, 0.00623461557398797, 0.0069090833579938385, 0.00690340634894316, 0.005438237720018158, 0.008714789146653508, 0.006531866695524046, 0.007277603599337311, 0.007432023050517133, 0.006340945197243779, 0.007461171940845258, 0.0063856781896971275)",-1.4146292613080798
0.015426548095156131,0.01383158182588839,0.004101064561905905,"(0.023695664194969896, 0.0074605324202948065, 0.012011924330809418, 0.014666131488415309, 0.01916230146302984, 0.009202404105007604, 0.0144704327662762, 0.012256254986670434, 0.019883168157611677, 0.008836845104341795, 0.017782354690533395, 0.009990785839696873, 0.01227878201207712, 0.014292509667640814, 0.012310925057997179, 0.014338160453908844, 0.011525081544987473, 0.015062566538375345, 0.01046732421620363, 0.016937487478920116)",0.3889151817026031
0.003992030692520431,0.006041126215824342,0.0015473808434592004,"(0.005373901581928458, 0.006399650244817664, 0.007640972388538268, 0.004493587354263605, 0.006816669659421668, 0.005039044017978184, 0.00832422872326471, 0.00413776479480602, 0.004649177597339274, 0.007375778348650178, 0.0055630371749805325, 0.006195628852077768, 0.0034228961735391313, 0.010012862961566005, 0.004933619294202085, 0.006965588443759119, 0.005415307235747374, 0.006297985946109841, 0.005473765376525559, 0.006291058146971402)",-1.3242347751463157
0.002107967559168591,0.0020101099526964317,0.0004457676907393711,"(0.0024508164355192745, 0.0015735131563191574, 0.002689478732852528, 0.0014331114186755816, 0.0016296040315460817, 0.0023655092343996633, 0.0015043324115782044, 0.002564822946640461, 0.001782402473021155, 0.002161508904900807, 0.0020544059701118954, 0.0018784885207616996, 0.00241680560752846, 0.0015938393118942872, 0.0013812209415287558, 0.002791327574270961, 0.0018354721754792669, 0.002095251371269728, 0.0023776747795974267, 0.0016226130560332353)",0.21952601883247302
0.002547112726577792,0.0034926863982124527,0.0006693181208870878,"(0.004710675659162282, 0.002503384575335796, 0.004564771523389153, 0.0025804667888515444, 0.0035633667824647303, 0.003305456367942484, 0.0028479705869354, 0.004146041772692075, 0.003090266627142507, 0.00380666097060359, 0.0032498205118232067, 0.003630703251093374, 0.0028475417907839196, 0.00413022677145713, 0.003995574434871363, 0.0029489139745310275, 0.0035360235210834525, 0.003319250983906518, 0.0026899217401072347, 0.00438668933007224)",-1.412741777230586
0.00011955741259953283,0.00010045787417224618,2.264641433850994e-05,"(0.00010755252656750946, 8.943576653121967e-05, 8.662970089133817e-05, 0.00011103249503411674, 0.0001318770211032345, 7.293628228856647e-05, 0.0001423559224211886, 6.75733279453421e-05, 0.00014410614547425508, 6.674413566782892e-05, 8.976518244933837e-05, 0.00010715728446977942, 0.00010185438747717662, 9.443089098127837e-05, 0.00012057102899836235, 7.97764247572626e-05, 8.295391189702595e-05, 0.00011594261972930635, 9.27349749802888e-05, 0.000103727453780505)",0.8433802429733053
0.022693843148984347,0.020360351414227165,0.0030671145357766237,"(0.018148563053603173, 0.023537558752371117, 0.021634815184073664, 0.01948284288752257, 0.015112095757106658, 0.024739976083955447, 0.025225911361359727, 0.016967366883046356, 0.017724121037986422, 0.02193569023646502, 0.020227116929100293, 0.02155684291193079, 0.020128270868862, 0.01960389024074449, 0.022336164408241287, 0.018679877300027337, 0.0233992076578996, 0.01503158616506261, 0.02426350400833793, 0.017471626556846753)",0.7608101058952854
0.02745753599860631,0.021318238643132564,0.010027675204471826,"(0.009440782600130055, 0.038463364906039986, 0.042743909524235894, 0.008518416323809747, 0.03937962246729446, 0.009320507691139382, 0.023874564250115693, 0.015302521683934499, 0.013516895544197934, 0.02759213404407739, 0.015763288759799595, 0.023634156918769744, 0.025169494788574172, 0.01480890833488743, 0.023176682608419874, 0.015846605581690314, 0.01568409418346806, 0.023879116181001955, 0.014144285161405186, 0.02610542130965986)",0.6122353616654771
0.008686472986840832,0.01786767370249543,0.012061576277757512,"(0.005437180473863714, 0.03670306434791802, 0.00954872385914521, 0.0209921692416133, 0.007624086512403912, 0.02662610094803763, 0.00439395268252285, 0.045876331208115406, 0.01546791881394927, 0.01347914506206975, 0.026007619792153762, 0.008001374365195995, 0.02217968036209654, 0.009391246063579519, 0.005217343371520853, 0.03896807687710325, 0.013017058078180523, 0.01612763789795902, 0.023611645189204274, 0.008683118903275772)",-0.7611941013535228
0.022890669181785485,0.01206742441514919,0.005329637818742406,"(0.017872838144958, 0.006508174843796792, 0.00678630211196248, 0.017219497262708754, 0.019425764498795135, 0.00609250395129802, 0.020801394106866454, 0.0056514108188497275, 0.01674124479968693, 0.007272543442207173, 0.01289866851237143, 0.00941933242452168, 0.013575648439850405, 0.008959905314683792, 0.01571520424351286, 0.007546769689959519, 0.01919523665067925, 0.006388785741095821, 0.007655667099670402, 0.015621596205509179)",2.0307655294276965
0.0004734499125978574,0.0009433988282897001,0.0005631828057221699,"(0.000802065657725573, 0.0008018517377903387, 0.0007304522215171105, 0.0008809849396916242, 0.00027673315573901655, 0.002324190362894569, 0.0014245026504627909, 0.0004521450761003251, 0.0005894591656404312, 0.0010969584018845624, 0.00043281334156138035, 0.0014927266963784438, 0.0014738288446823342, 0.0004387124288761533, 0.0008998277994565155, 0.0007163228813239814, 0.0007014562425247792, 0.0009225951323577731, 0.00030617840093853096, 0.0021041714282477686)",-0.8344518172731262
0.0007826121353335802,0.0006004895242139644,0.00012374559205255298,"(0.000645304191032117, 0.0005367989679876746, 0.0005971217482631927, 0.0005801570943067361, 0.0005431042007924823, 0.0006379319815906034, 0.0008524166834797187, 0.0004064474092064963, 0.0006242042032338432, 0.0005553536998497195, 0.0003997127843045578, 0.000867207366866529, 0.0005111236039140523, 0.0006782133236555221, 0.0005415978199875747, 0.0006397861347649696, 0.0004941184727926905, 0.0007016450793626576, 0.0004892282790707748, 0.0007083174398173727)",1.4717502910509406
0.003808162533903013,0.0031511877610369203,0.0008845468119309904,"(0.003213013482677948, 0.0028673074792501824, 0.0019548404036196483, 0.004713588064396702, 0.0036007021314741197, 0.0025603047771506756, 0.003752159665000514, 0.0024562830521362338, 0.004372694826759365, 0.0021105196205989567, 0.002449271150990322, 0.0037676335922284233, 0.0026608728896299286, 0.003468152064721046, 0.0027951728003951714, 0.003298356962261167, 0.0027943175270593633, 0.003303551586214513, 0.001821291989711883, 0.0050637211544622245)",0.742724708296555
0.0019100373397261696,0.0015224013485845558,0.000436630323911505,"(0.000735815037589891, 0.002931860860493535, 0.0015740251695905074, 0.0013707397732832312, 0.0011035626834795561, 0.0019557609191516072, 0.0017321961023465226, 0.0012457818876765428, 0.0014793016229278657, 0.0014601534250811296, 0.001337672721706199, 0.0016146532383969367, 0.0015363772782269957, 0.0014058748816471514, 0.0011657792584133105, 0.00185151302270765, 0.0014129615205724132, 0.001529013804450366, 0.0018164244053050173, 0.0011885593586446815)",0.8877898989447621
0.0025448465385415325,0.0020003593458468886,0.0004274194532086272,"(0.0017374946080562048, 0.0022025898890035375, 0.0021690946432152886, 0.0017647028699189638, 0.001656752956996818, 0.0023115845715691507, 0.0022949761573395474, 0.0016684061367556288, 0.0013587664228085663, 0.0028225455611641673, 0.0023007109636554346, 0.0016667524531288756, 0.002501648694345148, 0.0015330060283779462, 0.0016963878178258788, 0.0022580160359280664, 0.001392296131899607, 0.0027555241496540497, 0.0020021237596867603, 0.001913807065608133)",1.2738942708554606
0.001710886515303823,0.0022379469481793586,0.0006621872809108562,"(0.001980314828217771, 0.00233682562119342, 0.0017429431085224344, 0.0026557827329494483, 0.0029818575162853236, 0.0015530936038540498, 0.0026507266781787475, 0.0017469433520877723, 0.0018940992476524803, 0.0024496527683005656, 0.002594256939385837, 0.0017881871003427722, 0.0010944075153526051, 0.004239475985080194, 0.0024514288436801226, 0.001889852131047321, 0.0021427610055847583, 0.0021663088747256396, 0.002653758779608774, 0.0017462623315371323)",-0.7959386235122938
0.007565047606402277,0.007013651629040398,0.0014028425065409358,"(0.007956930789082271, 0.0059328787379722345, 0.00745909964195454, 0.006334258226382123, 0.006087951218920225, 0.007772424040493235, 0.00638825003644227, 0.007405315857703629, 0.005449708663640291, 0.008736299775236002, 0.00605196644820938, 0.007862038928078519, 0.007239385329101371, 0.006575801758839606, 0.006914179346144796, 0.006852282637708556, 0.007381215871256571, 0.006459135135446837, 0.0042460464299952025, 0.011167863708200285)",0.39305622319748873
0.01261931525502332,0.013538982952545717,0.0018686638796296577,"(0.015206013734768386, 0.011729257826533878, 0.009913566135269893, 0.01802104864670436, 0.010908584914610598, 0.01642466781418886, 0.013972119469930525, 0.012817638238085693, 0.014756704135980812, 0.012288378388581343, 0.012988438594684213, 0.013944431885044297, 0.013996345732509461, 0.012953022488051018, 0.015171581984568645, 0.01183879931187109, 0.012684668084470854, 0.01433435682885244, 0.013626356936153114, 0.01320367790005484)",-0.4921525521779032
0.005421037367119978,0.005984880594348522,0.0009960592822975854,"(0.006131647182248485, 0.005666888018945372, 0.007228514878914453, 0.004810596433366988, 0.004760550987544079, 0.007313097113660946, 0.004870204775938419, 0.007147959928223399, 0.005885060649221901, 0.005948452921804558, 0.006291130133123272, 0.0055612789222082406, 0.005933804114627405, 0.005899018583543766, 0.006952528213360067, 0.0050135862148631225, 0.005860864175362048, 0.005980266835568361, 0.004266255556708328, 0.008175906247737218)",-0.5660739649229928
0.0019870832918274153,0.0019993708633306846,0.0003891296223473905,"(0.0025667947825324623, 0.001501337760061433, 0.00212507616054712, 0.001813853890946397, 0.0018009294630962492, 0.0021411641156147665, 0.0022585509629649706, 0.0017072810686058005, 0.002130089792315881, 0.0018135726377270366, 0.002156842609500132, 0.001790738709712216, 0.002244273145011185, 0.001721247278688803, 0.0016281389427854087, 0.0023693462726693745, 0.002008695792444818, 0.001923942517556672, 0.001286630005753769, 0.0029989113580792034)",-0.03157706532117918
0.0020729469683096633,0.003474158440298643,0.0005509358745696626,"(0.0025086729670832876, 0.004687989358379443, 0.00405225140459724, 0.002903545333866832, 0.0036646127230014276, 0.003209814457716086, 0.0031755741838179734, 0.00370759946454859, 0.0034982204513660273, 0.003375817467114484, 0.004055825811907816, 0.002909954164586619, 0.002822155026349382, 0.004184382768147878, 0.004029994767689622, 0.0029232703400851596, 0.0038001915781115825, 0.0031096026629430745, 0.003443866598960888, 0.003419827275699454)",-2.5433295174024915
9.736925639299026e-05,0.0001013437360081218,2.652552531110104e-05,"(0.00013687290035281044, 7.028588113416616e-05, 0.00012476306558522097, 7.710894001257923e-05, 0.00013425845320153292, 7.165312027033811e-05, 8.945653597369742e-05, 0.00010754397101347106, 9.586734004020073e-05, 0.00010035950284922255, 6.189370547909184e-05, 0.00015544360912244132, 7.449392227746342e-05, 0.00012915408457304594, 0.00011954626101626039, 8.047611825806346e-05, 0.00010009896668058797, 9.611829361298065e-05, 0.0001237220025225135, 7.775804618674805e-05)",-0.14983603787360983
0.020285996513007446,0.019646777197861842,0.002865130462817865,"(0.019098668583784225, 0.019189011736830873, 0.016181045872049164, 0.0221699439150138, 0.021847511277721866, 0.015347411562942365, 0.020595963133580787, 0.018512865992456624, 0.017812474720061616, 0.023039874742530733, 0.02196962097432943, 0.018362824859842208, 0.014551870889489046, 0.025283406896718423, 0.02012179997705031, 0.019318896666558793, 0.017499679680962343, 0.023620028575692245, 0.0215299906578599, 0.0168826532417621)",0.2231030396140948
0.013182734061576983,0.02048263134223406,0.009441052629304466,"(0.014168042527490213, 0.024372309784639074, 0.017901589065505714, 0.019734475013383736, 0.017936530587434593, 0.019660723820537646, 0.026684958972937725, 0.013309273307130599, 0.013373212329294037, 0.02621869021747869, 0.025602157705388665, 0.01391906075083357, 0.01479681376353625, 0.024008007492711095, 0.05159270376000261, 0.006791790441715094, 0.01290697308631287, 0.02735119781860314, 0.025807932673395678, 0.013516183726350118)",-0.7732079850925342
0.034161314651723514,0.01752654184537498,0.010553159586748635,"(0.029246636722116397, 0.007471111734128455, 0.017155073696451934, 0.013224611980123193, 0.01885084587422077, 0.011999617165258221, 0.011518960700093799, 0.019870038659156382, 0.04921729690679932, 0.004554615340066543, 0.010177158292875537, 0.022612968538883723, 0.0207454913327268, 0.011036018077212603, 0.010235388339688449, 0.021871829949991144, 0.006685222149857381, 0.0339060728989228, 0.017333000020908294, 0.01281887852801782)",1.5762836399476459
0.014871409148892657,0.01218726705201161,0.005503736905648384,"(0.005638602515903816, 0.0211645176836026, 0.00995097789950863, 0.012457699955164507, 0.0069276387213961, 0.017841727384983252, 0.007891037576331066, 0.01585286537647291, 0.015559153154226516, 0.007874592149437117, 0.01289444057031299, 0.009754659588435542, 0.012496237561174009, 0.010012461888240258, 0.011846624398383975, 0.010325383338670197, 0.01636010638084057, 0.007573205476886039, 0.004530433902784448, 0.026792975517477637)",0.4876944779330497
0.0005564550478410857,0.0008746776083272578,0.0003818799078726039,"(0.00048178522571104993, 0.001311757023705174, 0.0006892341449589865, 0.0009217241818533221, 0.0009501773324958554, 0.0006682567986853744, 0.00039499128619545153, 0.0016106450245511688, 0.0004598917703342018, 0.0013810112715280853, 0.0004463622717971635, 0.0014255452482174107, 0.0006122790202211444, 0.0010387119514375224, 0.0005548625001925855, 0.0011430961901399079, 0.0013352386915569078, 0.00047618049342735517, 0.0007949093740100336, 0.0007968923655264558)",-0.8333053243333556
0.0006125798337533854,0.0006113966006372619,0.00017581173654305753,"(0.0005844882278733232, 0.0005913303051054416, 0.0006802144257650445, 0.0005084418909598842, 0.0009999678749495018, 0.0003458429852183152, 0.00039649954801813583, 0.0008724040086801207, 0.0005245273435714005, 0.0006592685028404555, 0.0008064767579981266, 0.0004289431805161976, 0.000610002991370459, 0.0005670507076150417, 0.0008572493622413983, 0.0004033556180625811, 0.0007441196423245466, 0.0004647961978412275, 0.000655639894100275, 0.0005273125476937591)",0.006730114492861031
0.0022335777922937983,0.003085059508329043,0.0004920466691348253,"(0.003065432688539438, 0.003028275658936679, 0.0033429625817730365, 0.00278076472479487, 0.0025716378315011343, 0.003614417846098809, 0.002988607050750275, 0.003111503433089669, 0.004287034595412705, 0.0021674315316376662, 0.002863384505715078, 0.0032482374985853624, 0.003266804001327492, 0.002846560648302506, 0.0031383804792400384, 0.002960564868041327, 0.0023404761852249428, 0.003971713719752594, 0.0032408318535603006, 0.0028661684642969365)",-1.7304897471055352
0.001173793809213816,0.0015038287011988314,0.0003231600793335005,"(0.0013733594628356697, 0.0015755699892585492, 0.0016887703781581906, 0.001282622111510131, 0.0014287819573069662, 0.0015158943606025815, 0.0012627771942081824, 0.001715736002197316, 0.0017239311836323816, 0.001256076248015393, 0.0022451357678288956, 0.0009651572155557537, 0.0015299041602362432, 0.0014161652892816683, 0.0010839890664362, 0.001997508607497559, 0.0010962403134953944, 0.0019758805699509763, 0.0014470716774954216, 0.0014960024684731517)",-1.0212737064110575
0.0019945159105130617,0.0020085683069000137,0.00044844045826165853,"(0.0018293149524867963, 0.002103463264259751, 0.002090346429727759, 0.0018441049840705432, 0.0013124283345770135, 0.002936763067795338, 0.001614165839535416, 0.002389187249999552, 0.001924311826370152, 0.002002264325472256, 0.0012389130718353254, 0.003113595007710414, 0.002210989144490963, 0.0017442420935790152, 0.0019141149179818303, 0.002012663078636699, 0.002259654067333454, 0.0017059916602047212, 0.0019723574099690926, 0.0019524954119641762)",-0.031336147593428364
0.002273064860256282,0.0021814896743149004,0.0003910805105953977,"(0.0020505009388087185, 0.002249187636321258, 0.0016667884024944637, 0.0027733114148460972, 0.0020960282276896993, 0.002204982490540731, 0.0019312921053868375, 0.0023948951127975735, 0.0020573851155919, 0.00224565039788443, 0.0021472077516662353, 0.0021546628638505405, 0.003317359284979719, 0.001394198426858194, 0.002236832221110391, 0.002064987902181903, 0.001864587398040892, 0.002479396536918191, 0.0020671236852968307, 0.00223341557303341)",0.23415942104085846
0.005928315876524995,0.006998677334726824,0.001536355560474211,"(0.004415820872936138, 0.01053665884572943, 0.005635089197444178, 0.008318598714916497, 0.007637714923022095, 0.006133892084025819, 0.008321092267500748, 0.005644239848879487, 0.0064402152797690074, 0.007266877064269591, 0.00693273619596825, 0.006780495606722056, 0.0067203169822148785, 0.006987705928344163, 0.004637040855708009, 0.010084263032480282, 0.006144539594222132, 0.007631961490822861, 0.00633601807139108, 0.007368269838169771)",-0.6966886349351658
0.019622810722236095,0.013520415310219691,0.002063042445027091,"(0.013418023016186496, 0.01315885957530373, 0.015853340763294067, 0.011297632921432101, 0.014950808602027502, 0.011966361377569934, 0.016323802481265404, 0.011012499925950778, 0.015795973976193218, 0.01130346520347303, 0.014377160258532308, 0.01252461227242685, 0.015520097438255788, 0.01157966769228784, 0.010429275225717474, 0.017092720481687744, 0.015009810275961417, 0.011941665929853382, 0.01502370197535337, 0.011828826811621423)",2.957959215393782
0.004474060292895174,0.0060107329869165445,0.0012924430144725337,"(0.008649770842971242, 0.0039746199776512624, 0.004279183224702652, 0.008086594310415742, 0.00497480905455504, 0.006952299534596245, 0.005671738531890302, 0.006111447624110635, 0.004700385281472346, 0.0073520997598593455, 0.004989549984306659, 0.006952133981055061, 0.005753572403251393, 0.006023662819722862, 0.00742982901790456, 0.0046475326783388515, 0.005398188342007722, 0.006412878304370977, 0.0051207657798137745, 0.00673359828533422)",-1.1889674645721313
0.001501778419058919,0.002006099445999172,0.0003907421501997997,"(0.002256732908159127, 0.0017169233676440165, 0.002491627938104488, 0.0015584041246027834, 0.0017062287465252717, 0.002275374913997188, 0.0026446286653103394, 0.0014690632822606207, 0.002059353473371617, 0.00188468984136647, 0.002009409733084309, 0.0019339366875312325, 0.0017472047290137747, 0.002223520342949363, 0.0024874365372571077, 0.0015599331406616597, 0.0020473956269650463, 0.001896787273763024, 0.0014177743890996207, 0.0027355631983163793)",-1.2906747497867241
0.003236295360327304,0.00349004487639046,0.0006302565022802365,"(0.0030206093041199433, 0.0038955682351567806, 0.00395724777131622, 0.0029853304809667764, 0.0033085324424079795, 0.0035693370525044154, 0.003641373687129902, 0.00324780539344677, 0.0034122154844522376, 0.0034612441074635828, 0.004443282481122642, 0.002662130153139885, 0.0026667782711504917, 0.004433712833742117, 0.0035091014253621523, 0.0033624428153063535, 0.004506690477252313, 0.0026229257014659785, 0.0044390981659676474, 0.0026554712443350127)",-0.40261308712421506
8.788295802969375e-05,0.00010045192245239873,2.2689002992255216e-05,"(8.892591080690267e-05, 0.00010812622892451127, 0.00011957785684860002, 8.041828187730091e-05, 8.132666598546338e-05, 0.00011824077830588363, 9.252586219733218e-05, 0.00010393344115583803, 0.00010987042593506275, 8.752403658662183e-05, 0.00014375152499741207, 6.689671815817036e-05, 6.627614612615791e-05, 0.00014509650688710607, 9.611902966378642e-05, 0.00010004196989558344, 7.546420372743875e-05, 0.00012743094399373043, 8.712297906630687e-05, 0.0001103689379087657)",-0.5539672425004896
0.016343793522389426,0.020320441010344997,0.003459685105231455,"(0.017541065514331218, 0.020777397653184478, 0.016532187186370423, 0.024230911721304545, 0.021006413716849297, 0.020090883733137315, 0.017060628094336516, 0.02450566341154, 0.014911225118693307, 0.025449333789590012, 0.02216317020066042, 0.01993632974665795, 0.02153497187753505, 0.02044668188036738, 0.023167037991914607, 0.016993131410464265, 0.015461959261716719, 0.025432580714840627, 0.02349378978026643, 0.015673457403139277)",-1.1494246924214022
0.0100875187066112,0.016694404165020493,0.005706376430059561,"(0.00931824866742146, 0.026268128372074994, 0.021697325988278907, 0.011659514380856197, 0.02166295924068813, 0.01144253165180658, 0.012024742676569637, 0.018484208136254753, 0.022050951704725985, 0.010407666563032401, 0.018085963564820676, 0.014332977277213317, 0.012423144191703121, 0.020659706143673365, 0.02077977867583537, 0.01229049385986439, 0.02792278248433277, 0.00935543533668074, 0.01960802139204647, 0.013413502992530585)",-1.1578075052332875
0.007005747874820347,0.012139433398033722,0.0069262890848706985,"(0.03762908991771375, 0.0030062031356390497, 0.013178104041743185, 0.009108016015538692, 0.013287415255589094, 0.008694882116016867, 0.007178263677699493, 0.013261512221495183, 0.0062244653609844994, 0.01623444505082196, 0.01590682663111344, 0.007874967705683219, 0.011052675539664965, 0.01112300638284193, 0.013204608265006933, 0.009231551606461169, 0.013960714739424203, 0.009089428110291372, 0.014949618782760236, 0.008592873404185145)",-0.7411884575287276
0.005047004880868313,0.00812438483863775,0.0023683127148956457,"(0.00765403767547858, 0.007679615644737463, 0.005034396606865448, 0.012441013996518523, 0.010706027154657098, 0.005609074581798167, 0.0043080894706620425, 0.01134690516075043, 0.009484995536162525, 0.005503661824231122, 0.009484441753526404, 0.006907392590058814, 0.008875667567884044, 0.007229429106060299, 0.005813468160265095, 0.010940683740460817, 0.008616279338512597, 0.007703923978001149, 0.0060725655047253625, 0.011076027381398946)",-1.29939764221763
0.0006735225407399583,0.0007799871118652386,0.000288909590449568,"(0.0005635522739717476, 0.0009382168925127185, 0.0006805300070892348, 0.0007954432693112648, 0.0006516412080137619, 0.0008153943101668553, 0.0009443744810066618, 0.0005241531102720729, 0.0010739205936777805, 0.0004741446955613364, 0.001320612449651813, 0.0004158164909376224, 0.001254616236584221, 0.0004336397172794833, 0.0006347711720972653, 0.0008549363234292832, 0.0012977855906023822, 0.0004244236952638228, 0.0006491670079479768, 0.0008526027119274701)",-0.3685048009642476
0.0006267774115390793,0.0005919470242144431,0.0001076020589640814,"(0.000624620239454758, 0.0005434019777785252, 0.0005188811075024801, 0.0006555888687420602, 0.0005373274915845152, 0.0006320315570515402, 0.0005064767861788972, 0.0006659496946231674, 0.0006568194012116657, 0.0005148286886395982, 0.0006530298588348389, 0.0005216567368611625, 0.00057473379732383, 0.0005922308765391484, 0.0004484413781220422, 0.0007588213979845442, 0.0003948543735297803, 0.0008630379196378281, 0.0005178509062503467, 0.0006583574264381315)",0.32369629038662695
0.0029944877538423797,0.0031073724156672647,0.0008876522549214641,"(0.002843176253234168, 0.0031467086022446884, 0.0051697426384917575, 0.0017356639104158383, 0.00277493547559932, 0.00322743679264788, 0.002930897644503456, 0.003026570998976154, 0.004092488632810971, 0.002173964974904934, 0.0028281010422536433, 0.0031794803812952256, 0.003244323745987776, 0.002768992786739897, 0.0049188444295937194, 0.0018255807564921728, 0.002237216389823927, 0.004021786480938282, 0.0030399712037419042, 0.0029615651726495745)",-0.12717216815370178
0.0017216223688544224,0.0014978631766548668,0.0003776602914528884,"(0.001454692959316334, 0.001450905914082712, 0.0020103803840213624, 0.0010525072587619817, 0.0020394626070949096, 0.0010357311957579177, 0.0016188235066090077, 0.001294331497190303, 0.0015773980680757866, 0.0013318539566400905, 0.0015786316393111427, 0.0013427189530343016, 0.0015793641725595274, 0.0013409643603403535, 0.0010519736690831015, 0.0020125512882578226, 0.0017466348488191167, 0.0012141730018466706, 0.0009214435662605612, 0.002302720686034333)",0.5924880038055804
0.0025168042292795173,0.0019702032443950092,0.0004788226929735931,"(0.0022894227246201245, 0.0016006128081692637, 0.002416237365372429, 0.0015241581334049946, 0.0016880384257801165, 0.0021739713280965758, 0.0016665031748144936, 0.0021677086702741226, 0.0018916467401491515, 0.0019201743616927623, 0.001412669234518972, 0.0026156653629630334, 0.0012085251144883721, 0.0030521399262765795, 0.0019013972689817262, 0.001938712968480645, 0.0013526494810022925, 0.002734152521069961, 0.001978028062509289, 0.0018716512152352862)",1.141551962564675
0.0017863708239970583,0.002133059763330299,0.00044369216555232335,"(0.002137997201729874, 0.0020375108477738474, 0.0022767368675340105, 0.0019271856481211836, 0.002530921022228474, 0.001724426196973494, 0.0018130845790987195, 0.0023537427536684126, 0.002441358435447174, 0.001762402643307122, 0.0025714642697628365, 0.0017143300832312095, 0.002043122757424195, 0.0021519245335047702, 0.0013468191030719934, 0.003261652082236995, 0.0020114420520554693, 0.002194181552933834, 0.0016022916564051208, 0.002758600980097238)",-0.7813726864022269
0.005168989845695753,0.006335257194600402,0.0010523143532389825,"(0.0055144794790497696, 0.007014181651713915, 0.0073452257168747275, 0.005384127038793659, 0.006380025035078975, 0.006097583226940216, 0.008079810669226898, 0.004493531127198327, 0.0051425659282806815, 0.00724090799834383, 0.0054341254606189975, 0.007383421655510518, 0.005131020068926337, 0.007755731603969168, 0.0064604710116475655, 0.006143450454603948, 0.007861081611876333, 0.005122142310610652, 0.0062836609252908135, 0.006437600917452685)",-1.1082879800269987
0.012905755152717482,0.011545437806385977,0.0030844367216666183,"(0.010085407512806063, 0.01211808895385943, 0.014918449188977848, 0.008523834567310951, 0.0090430833414886, 0.013655429713502374, 0.01405217347954424, 0.007766266529217046, 0.005804803251705654, 0.019668363943532715, 0.009562830265316059, 0.01364575092391291, 0.012555677867700987, 0.010242186795517291, 0.010560760741632725, 0.0121192266357768, 0.00912574189066728, 0.014391213645076588, 0.012329813589884905, 0.010739653290289055)",0.44102618049381886
0.004930282524612962,0.0055575221836074995,0.001314185154937502,"(0.005326338684810547, 0.005451540839847321, 0.0036207366628807952, 0.008174472104205145, 0.004685229498490512, 0.0062284026292171125, 0.006307736847119754, 0.0043588424531257365, 0.004522993814226707, 0.006212685412508127, 0.007073421542817188, 0.0042367582652214275, 0.003940765553810548, 0.007551204816402046, 0.005815639136330238, 0.005105128768030128, 0.006915525527207881, 0.004346850535916031, 0.004370212204310116, 0.0069059583756726235)",-0.47728408484751683
0.0015597088049503064,0.0019248124726347089,0.00031444023374568625,"(0.001883981014335626, 0.0019113417520768001, 0.0016607524575223004, 0.0021833988202372167, 0.00144349095564588, 0.0024990276204431925, 0.0017787652994414995, 0.0019846573874175285, 0.0017110303619374315, 0.002079737917385543, 0.002011028521144304, 0.00181123379950174, 0.0023424501805246723, 0.0015509526971985539, 0.0015124506821576423, 0.002400106075500585, 0.0019207019187482326, 0.0018984959177753436, 0.001537419273577135, 0.002375226800122953)",-1.1611226188684616
0.0035283846502953487,0.0032576355572069456,0.000696308608995096,"(0.0028045044895499967, 0.0035964412863696065, 0.0021909266987520395, 0.0046846927580262415, 0.002836802866777121, 0.003568703690865303, 0.0035870855547370474, 0.002677447016295898, 0.0026197012276590434, 0.0037436109073611433, 0.0030113844758503953, 0.0034449068281942516, 0.0027051636730603887, 0.0038086211234591625, 0.004391692335772765, 0.002341615030800606, 0.0031325467095092156, 0.0033192828623686017, 0.004207343667165317, 0.002480237941564767)",0.3888349068082684
0.00010329651535979147,9.930306977025054e-05,1.8311456222503496e-05,"(9.887634444814272e-05, 9.675153226147015e-05, 0.00010181219195391922, 9.401931789694052e-05, 9.161983577705523e-05, 0.00010442703039088215, 0.00010330905652124052, 9.244190245792281e-05, 0.00010206572728204908, 9.363799112497168e-05, 0.00010648283989750501, 8.992830986209526e-05, 0.00011365403684168066, 8.423334539847523e-05, 0.00010672113265127488, 8.969970218903466e-05, 5.956152034980373e-05, 0.00016078392011359134, 9.256286819889677e-05, 0.00010347278978805901)",0.2180845445068027
0.001209062303078418,0.0015043346174071518,0.00196801448372594,"(7.450304365933647e-06, 0.0038056391950313383, 0.0001847206974057014, 0.0011580825230397343, 0.004189440578805403, 7.698718662628353e-06, 1.6197610631440916e-08, 0.006961196545844584, 0.004961335134356231, 3.933678010617546e-07, 0.0002696375449329112, 0.0013549652563478126, 0.0019890471928017774, 0.00010447948962761875, 0.00010695466685991477, 0.0018245322030763893, 0.0011155798077073635, 0.00038308205365529877, 0.001265301340955083, 0.00039713952925561776)",-0.15003564088090962
0.0074970351539185185,0.02005732921786339,0.008315133221242117,"(0.011742878863120308, 0.030431486389914247, 0.02775350089299454, 0.012405171953154694, 0.014227664367449303, 0.024370158021333493, 0.04309210683540416, 0.007851066444373535, 0.01466895517731315, 0.023303363745837927, 0.01566986106357082, 0.02194205026424423, 0.013613470423746154, 0.025340108979157363, 0.02676711256561708, 0.012804066206272098, 0.014465673868390325, 0.023594760651075488, 0.016404692477851056, 0.02069843516644783)",-1.5105343149353185
0.014370583480588704,0.016223154983186487,0.00754028485869433,"(0.023051562851059682, 0.009869996714854327, 0.01344347564381626, 0.01589817781741071, 0.02201933912343557, 0.00981312639655684, 0.029269768271889783, 0.007100135435190617, 0.022368888868850995, 0.009444791436786358, 0.022303747925672326, 0.009560414637423676, 0.01578351600603965, 0.013581745249746513, 0.009009907338423856, 0.023548308879798627, 0.012417060926623568, 0.016972363202037932, 0.03259543689844064, 0.006411336039671751)",-0.24568985619444803
0.01202236509010851,0.011494231677958882,0.005400128095327045,"(0.022172369946664463, 0.005202823256154677, 0.007061924568048973, 0.015230710592810748, 0.007743622003225842, 0.014047952311793165, 0.004426654705143184, 0.02357963022009857, 0.01035761273689519, 0.010255562887611355, 0.014394349295051609, 0.007452407300058554, 0.006160467850338108, 0.017512764059888712, 0.012101780807876123, 0.008818117528825171, 0.01315443905236367, 0.008053330166889423, 0.006863454511407214, 0.015294659758032908)",0.09780016377882643
0.0005973082995683608,0.0008867084583632699,0.0003912075244797483,"(0.0012763262515882638, 0.0005240794467779762, 0.0004894049252775397, 0.0013375325366188876, 0.0018053490072698624, 0.00036245836326840534, 0.0008492350196795797, 0.0007676429160647382, 0.0009034519202110007, 0.0007228952896142914, 0.001267323747657344, 0.0005158868304138899, 0.0005586339305354271, 0.0011711322289438175, 0.0008252109285467609, 0.0007921476912194379, 0.0015062152776655362, 0.00043345240830665614, 0.0009083878720996708, 0.0007174025755063116)",-0.7397612282119858
0.0004188251381875191,0.0005962563868047472,9.688662915120313e-05,"(0.00046757708448195756, 0.000742831236825814, 0.0006176715501706513, 0.0005613330032684823, 0.0006062377704731619, 0.0005719828377614217, 0.0007501803903046006, 0.0004619443940391057, 0.0007017769499583933, 0.0004939418192399258, 0.000578508842702287, 0.0005992831896776176, 0.0006428169967334272, 0.0005393823294622279, 0.0007730165970654769, 0.0004484624269855097, 0.0005214744871732999, 0.0006646922297558411, 0.0006432740401878292, 0.0005387395598279147)",-1.831328534924313
0.002879471566496483,0.0031377932883063786,0.0007983571612694727,"(0.0025441367457383034, 0.00364711884242547, 0.0032853520046037454, 0.00281712393693236, 0.0026099576255516573, 0.003547685882098934, 0.003782500200986586, 0.002444094164689516, 0.0022661302191182716, 0.004082255506345465, 0.0024160153507512224, 0.0038304274092532055, 0.0028667319259492044, 0.003228887102797217, 0.002023871072043607, 0.004571689444486323, 0.0020327877848573318, 0.004550399415794538, 0.0037289640286139823, 0.00247973710309063)",-0.32356661196492115
0.0013543319430956505,0.0014863846564411884,0.00022358601950261657,"(0.0013565348511127302, 0.001597379404296207, 0.0014958787553512036, 0.0014456805227747492, 0.0016471694475712858, 0.0013132923509273757, 0.0015882554886226246, 0.0013604717985056878, 0.0015693579300867734, 0.0013775144094198008, 0.0019812860992909297, 0.0010914095624793099, 0.0016944230253874849, 0.0012763849292432377, 0.0017548367922744883, 0.00123207592278792, 0.001626522779256011, 0.0013290009493980898, 0.0012226193011901038, 0.0017675988088477524)",-0.5906125688864573
0.0020147265482800916,0.0019902660190606845,0.0003595590985066099,"(0.0016326517921059988, 0.002361421746484892, 0.002607597223158913, 0.0014727070899863775, 0.0017666918435872922, 0.002174678969996497, 0.0023987832541540253, 0.0015986135590916504, 0.002089270387842469, 0.0018369319120043702, 0.0023915685687885407, 0.0016054719743714787, 0.0014567784308477036, 0.0026364020450454846, 0.0019104988553841926, 0.0020092913729572613, 0.0017667890128714387, 0.0021719229609899115, 0.001984105622540481, 0.0019331437590047065)",0.06802923169237328
0.002246250956124782,0.002232202657854469,0.0005768149589005659,"(0.0032884514000216347, 0.0014297179797407046, 0.0016357740477734304, 0.002857551871958385, 0.0029352114856569422, 0.0015932224311468615, 0.0023918941302480427, 0.0019506830162054794, 0.002861868548135001, 0.0016319646858894725, 0.0030676349748664494, 0.0015233478496968972, 0.002347642867182913, 0.0019912273369424743, 0.00215118590661145, 0.002171800524228165, 0.0028503128328377777, 0.0016382969152501413, 0.002274421032202186, 0.0020518433204949706)",0.02435494789713857
0.006525406931281816,0.00694128434839246,0.001040860521632836,"(0.007887822167257658, 0.006092054224767947, 0.006569951645461224, 0.007176439448223934, 0.006038613108570387, 0.007818926893601318, 0.007991157042044474, 0.0058658453014487815, 0.005731688564443949, 0.008204198688019252, 0.007474029325637237, 0.006302864252229109, 0.005573484400261331, 0.008461483809665679, 0.005856717924239508, 0.00803727467178169, 0.007832058872472418, 0.0060006901567962925, 0.0057421765654975705, 0.008168209905429432)",-0.39955153305098157
0.013125321755592665,0.013544977401592424,0.0023355063619928153,"(0.015507180774242459, 0.011942065862673048, 0.014756096108639975, 0.012095545611049292, 0.011191608999938596, 0.015991469514281497, 0.012566440343799716, 0.014043642944540885, 0.013664827560345032, 0.012994455284659085, 0.013363916469640792, 0.013332998124123531, 0.012345159910538538, 0.014464251602622607, 0.012124160025582335, 0.014674805851927257, 0.00868456876298497, 0.020424232787476813, 0.011963679774369084, 0.014768441718412907)",-0.179685079359698
0.005876433987029243,0.005944591879251202,0.0008493611553963154,"(0.005361329735166166, 0.006576709552909471, 0.0051460810592735265, 0.006734811258248774, 0.005795066754962806, 0.005987333931302668, 0.005710240755432169, 0.006038660015588409, 0.005762906507676361, 0.005999873558251563, 0.006812353473870363, 0.005083404892056192, 0.005108720437815956, 0.0067851032952532826, 0.004409715471791706, 0.007848144321260412, 0.0071182961473854394, 0.004855088457226993, 0.006132636881252405, 0.005625361078299393)",-0.08024606704571509
0.0018604721625741297,0.0020237461850194237,0.0005053678289116417,"(0.0024350830163174246, 0.001593652789651827, 0.0014312660104654194, 0.002695890902956028, 0.0028610078712243366, 0.0013491751976543202, 0.0023378281901866135, 0.0016476850907221879, 0.0024916935260022493, 0.001547351293148528, 0.001991932852801795, 0.0019365639880068613, 0.001574010307471738, 0.0024515344156921253, 0.001756167928126382, 0.0021960824031451542, 0.0020168708183006118, 0.001911328244892185, 0.0029388933867031466, 0.0013109054669195404)",-0.3230795731436256
0.00352084318958369,0.003454122160466507,0.00027013087983185114,"(0.0034254247578556006, 0.00351642344665828, 0.0036786666420474197, 0.0032234184522299827, 0.003784325569836644, 0.003132933126422141, 0.00368883002782076, 0.003204561087652988, 0.003832276480260737, 0.0030889802885085554, 0.0036191640552763827, 0.0032735537707850337, 0.00346113775797322, 0.003424788780958955, 0.00330839641736212, 0.003580500194593347, 0.0037043185302377186, 0.0031948207907755086, 0.003941077866156044, 0.002998845165918692)",0.24699519417667123
8.401933914241532e-05,0.00010040301218047609,2.249520850293283e-05,"(7.931500996457445e-05, 0.00012131363762709648, 9.397014353299796e-05, 0.00010233809036448405, 9.746704679113033e-05, 9.866380690036282e-05, 0.00013990762591793387, 6.873058264623332e-05, 0.00010739840695425768, 8.953788681245358e-05, 9.86805951008392e-05, 9.744980940034951e-05, 0.00010597599613880488, 9.074238742237334e-05, 6.910134461620169e-05, 0.00013916404910244615, 8.909728749176281e-05, 0.00010792886049135551, 6.634756123074716e-05, 0.0001449301151031171)",-0.7283183454789822
0.02321084089472483,0.022392782063319096,0.0036215433087069438,"(0.013019503631541163, 0.029956269853493044, 0.025724111732946815, 0.019995861405744848, 0.026250108250608736, 0.018267988452535307, 0.01795223721281061, 0.025688969793352796, 0.021984871241823377, 0.023262819850008144, 0.01969304645668884, 0.025354046688983077, 0.023103567249711982, 0.022776036262116033, 0.024062471095052163, 0.021539625080641445, 0.0238201447268475, 0.021213438777402997, 0.021925005615306324, 0.022265517888766663)",0.22588680064627387
0.0127001313304227,0.022611544630956104,0.012931026376589331,"(0.028310431221591895, 0.013142014581564122, 0.029739103561175703, 0.012667562895712326, 0.013068208580440747, 0.028510109042369922, 0.03483295149035128, 0.010745718581369466, 0.02368946655667832, 0.01576189655224737, 0.04161616569586611, 0.00891723176814239, 0.027277343757895943, 0.013615135738878783, 0.024160581155143742, 0.015310851900699878, 0.04310020553158339, 0.00863027334477356, 0.05217223898133027, 0.006963401681306836)",-0.7664831090652856
0.01595386051511512,0.01615471995161548,0.006353418103714373,"(0.008829956108497993, 0.02570727764046765, 0.010215250125232257, 0.022674305045537156, 0.016717020011916335, 0.013607041381269138, 0.014486700659580019, 0.015824776440612327, 0.020297778738707743, 0.011245315259380315, 0.01733667841960746, 0.013038257820960082, 0.014730919481151065, 0.015361315615756004, 0.023893504071492922, 0.009410689081213489, 0.0160374360119609, 0.014151767657773224, 0.032880652030069055, 0.006647757431124473)",-0.03161438980112614
0.011961031733910181,0.011457369467110944,0.0035434555929563095,"(0.011802012062405087, 0.010242555331892172, 0.01605174946579204, 0.007684410817657551, 0.008295417640051487, 0.014600229057997465, 0.009184294643867667, 0.01329410363211839, 0.011727233630922491, 0.010362463249336918, 0.011648874115516149, 0.010333116497088398, 0.009763350222300423, 0.01234036212101139, 0.009960615307513831, 0.01202004138121694, 0.012808109985904332, 0.009438644670634221, 0.005204064000041282, 0.022385741508950674)",0.14213872689710536
0.00048160893098992725,0.0008647632809900797,0.0003134623816453604,"(0.0006104348623517216, 0.0010767288991362853, 0.0005002737703267804, 0.0013188817159074564, 0.0011963799934744813, 0.0005492241068268333, 0.0005597017636715853, 0.0011772191084914868, 0.0008696595328891011, 0.0007557421521547471, 0.0004628168576941134, 0.001418727729769407, 0.0009291866724744831, 0.0007063199687897081, 0.001139297036957355, 0.0005755321436165494, 0.0005923868426564837, 0.0011105560430688015, 0.0005455061149376929, 0.0012006903046065216)",-1.2223296077474421
0.0006377878432594268,0.0005952774418904299,8.945784236047103e-05,"(0.000569182769863979, 0.0006093324823593994, 0.0006660076395686012, 0.0005209548027097154, 0.00047095934459023787, 0.0007364197060787576, 0.0006940165534445676, 0.000499841575854819, 0.0005212501968701783, 0.0006654014000386006, 0.0005383605748478645, 0.0006441579029668216, 0.000597796109450885, 0.0005801069475597757, 0.0007476746657856569, 0.0004637666954979652, 0.0006532581732233432, 0.0005309338185657659, 0.0007032128374704264, 0.0004929146410612356)",0.47520038766082606
0.002341369729106375,0.003139620756973017,0.0008182637446023954,"(0.003145857811579996, 0.0029450059456931415, 0.005341231148341814, 0.0017358649593098578, 0.002520721272641785, 0.003675652271765364, 0.002794383121219212, 0.003316668962069848, 0.0030025302068290407, 0.003086230577230722, 0.0028724325578072633, 0.0032248242324462895, 0.003327167527465343, 0.002784189496957581, 0.0023080428884923745, 0.004012594792056698, 0.002496448392839563, 0.003711082393288071, 0.004378649833295228, 0.0021128367481311468)",-0.975542461867869
0.0014526390599380514,0.0015076189045672506,0.00033238999253242213,"(0.002014089232219897, 0.001077178787148719, 0.0016251558356249187, 0.001335730386275958, 0.0012423321331782654, 0.0017464266637628862, 0.001167090064012288, 0.001859455613572097, 0.0015525399111762255, 0.00139760846204201, 0.0020165395725255412, 0.0010757393974490292, 0.0015788801323916408, 0.0013739618049546172, 0.0010803707433705094, 0.0020075874221095326, 0.001239288465430959, 0.0017506427640376022, 0.0018226707139687287, 0.001189089986093589)",-0.16540764121782733
0.0021565850637950616,0.0019821428198070834,0.0002824327301162869,"(0.001415383489056, 0.002723897323027012, 0.0018226387819133595, 0.00211744231209772, 0.0019264026195198495, 0.002001453713875768, 0.0018904165362261902, 0.0020405113665052286, 0.001974003111777924, 0.0019534914153749804, 0.0022440465391862095, 0.0017176495367093657, 0.0019998411261553176, 0.001927432427732546, 0.0023810009604380003, 0.0016183797926820123, 0.0019500469095078035, 0.001977156889789636, 0.0017070432944159882, 0.0022546182501507472)",0.6176417439868054
0.0022475835585253194,0.0022048132624821514,0.000452914570482935,"(0.0019962723350989684, 0.002339749558860682, 0.0015013452172916145, 0.0031153499901258935, 0.0023646372559893267, 0.001975345094517506, 0.0019931438405331532, 0.002345174350036277, 0.001963067248264795, 0.002379855995797048, 0.0018725673732792492, 0.0024935295847019964, 0.0027958551019194467, 0.0016700547137259534, 0.002400204508771114, 0.001944573422612075, 0.0016815597996193501, 0.0027779912918735857, 0.0028512238643989174, 0.0016347647022260593)",0.09443347339778173
0.0043468007077544744,0.007047297808167103,0.0015643329546937146,"(0.008616345579554343, 0.0055019515844266335, 0.006292000246338853, 0.007568529086191459, 0.009142590619874377, 0.005185878435908369, 0.004794670673124266, 0.009911782338561496, 0.005356911231865677, 0.00885582143413152, 0.007537392325429036, 0.006282994863210173, 0.006352599244052379, 0.007454294102839639, 0.006709450006086309, 0.007048690146149758, 0.004940809934397915, 0.009599094447947737, 0.006204357480903497, 0.007589792382348597)",-1.7262930454222687
0.02080504775039579,0.013594260500181608,0.002272767839382066,"(0.01355757224842141, 0.013283858630312367, 0.011687166131298016, 0.015545688022928628, 0.015774103016063277, 0.011419870624102688, 0.01516588013755883, 0.011932236499305218, 0.013245293013247903, 0.013615490207492963, 0.01062476811189793, 0.01691636967176393, 0.01284566584632236, 0.013989785029599458, 0.009587856015238871, 0.018696149740492492, 0.016098967243132353, 0.011196342214821017, 0.01265340851663831, 0.014048739082994068)",3.1726897597137307
0.004346460201296908,0.005996723046549308,0.0010237365471753431,"(0.005398885230114249, 0.006480139986792303, 0.005906142375153153, 0.005947192702691055, 0.005040488994066434, 0.00694138922201924, 0.006139848865855718, 0.005710668374935985, 0.007332113955709598, 0.0047742210185765, 0.007138528679626454, 0.004896400097568302, 0.0043996427228272005, 0.007943778500519071, 0.006436805259501646, 0.005423563614945183, 0.004751730692899456, 0.007365859417381684, 0.005141900520079758, 0.006765160699723141)",-1.611999542075298
0.0017553866989114702,0.0020045398242742036,0.0004260070331576966,"(0.001973449192574467, 0.0019519667438013819, 0.0021378531809002027, 0.0018042268380327508, 0.0025716221513219983, 0.001497966127292202, 0.002145732746391006, 0.0017965446185195407, 0.0021040074864560627, 0.0018311863385123848, 0.002986598854337392, 0.0012894027400909495, 0.0020395659629795023, 0.0018880558514824271, 0.0019880605860802376, 0.0019362480971692787, 0.0026451042520411003, 0.0014565195714946859, 0.002522461724399434, 0.0015242234216070675)",-0.5848568356159123
0.0032187927901356265,0.003558301279909839,0.0009305319808375366,"(0.0031273694634543145, 0.003807861919098147, 0.0033152331305062624, 0.0036023367682660725, 0.005360387189052376, 0.002221166876311087, 0.0028921448388011823, 0.004124984347016623, 0.003297736357053064, 0.0036111559124239307, 0.0032890255391100835, 0.0036180280782440685, 0.003653283667913818, 0.003256242491906325, 0.0061141213103944984, 0.0019443077673169718, 0.0036833914450672646, 0.0032351435915899803, 0.004151347140067184, 0.002860757764603527)",-0.364854187460203
0.00010309461195305705,0.00010024980474305755,2.1535434165865036e-05,"(6.819982519090946e-05, 0.0001410190158679299, 0.00011172467642257419, 8.608928084042555e-05, 0.00011697463250438659, 8.221754222912654e-05, 0.00010268617455931488, 9.366444363463761e-05, 7.667686143955804e-05, 0.0001254275297480359, 0.00012986483006193045, 7.40557892001803e-05, 0.00010850888687876207, 8.862955564136162e-05, 0.00012991502062545477, 7.402469792821179e-05, 9.81119774542846e-05, 9.802810771530914e-05, 8.224167367263539e-05, 0.00011693557324612273)",0.1320989021205197
0.02479679057733243,0.024341356700844426,0.002852140005906731,"(0.02608010692084144, 0.023302291324444977, 0.027723192241251943, 0.02198015376102008, 0.025282850449919327, 0.02411010235669673, 0.027628819904861733, 0.02169849985613512, 0.022081369624692187, 0.026734349610115976, 0.022081004374461925, 0.026579283275283912, 0.02610320063677865, 0.022522126456464998, 0.023087801005247304, 0.025465454551165088, 0.020373021888790227, 0.027899799753972918, 0.017911168010600248, 0.028182538014143707)",0.15968145867482308
0.028446162933388867,0.020628086094385763,0.009725632304586958,"(0.02364150177189446, 0.014650090247373914, 0.0364323358937996, 0.009415411294245656, 0.019399134789059146, 0.017406242876999985, 0.04515170064424043, 0.007663679917843903, 0.027712774167638458, 0.012503915219075847, 0.025221543456686923, 0.013754334310931782, 0.012329198815284924, 0.028087897193441316, 0.027140251373235752, 0.012861182958481647, 0.03010195125297978, 0.011642797450883617, 0.017000214890894958, 0.020445563362723147)",0.8038630902502676
0.021832301845126266,0.01658430833876969,0.00818119877434494,"(0.01285452482861594, 0.017492415770455766, 0.016631941844908033, 0.013313501935336721, 0.042752455098740774, 0.005052329822207921, 0.010483873057771365, 0.021410441508401597, 0.027430658340264633, 0.008201440754733447, 0.0205726888044773, 0.010956532621638338, 0.019238967158763203, 0.011681471194603775, 0.01285813321974449, 0.017702399884935043, 0.011509039075981924, 0.019903950826513916, 0.020736232623916, 0.010903168403383541)",0.641469991269926
0.01322642732423819,0.011874599273041403,0.005916806461157741,"(0.007219340504119142, 0.015662511744094162, 0.0038907084778469145, 0.028635200265022483, 0.008606891580707352, 0.01264053163793176, 0.010503706554970736, 0.010744374936864915, 0.015059389082229029, 0.007510416635092941, 0.005743038024549045, 0.019733109951483207, 0.006169390498299682, 0.018313994806042812, 0.0160047903268652, 0.007147707664281413, 0.01445151186164599, 0.00796425127243819, 0.009399657096774393, 0.01209146253956873)",0.22847258230790188
0.0005340795109408259,0.0008482923147261805,0.0002700193006165849,"(0.0007465399765953173, 0.0008749358135757603, 0.0007102158256604605, 0.0009173173163037426, 0.0012319184088571751, 0.0005274985152550511, 0.000604984517756283, 0.0010780268747346844, 0.0007703484763825659, 0.0008468682934819931, 0.0011955283740814158, 0.0005462464647816152, 0.0005284756307514403, 0.001234128602743635, 0.0010438831751746127, 0.0006262827164076442, 0.0004929638828052063, 0.0013271945229538758, 0.000636840708889203, 0.0010256481973319267)",-1.1636679417651055
0.0004448985175132186,0.0006090077367692262,0.00016627710119964412,"(0.00047396124250694417, 0.0007299549838558262, 0.0006697669704665693, 0.0005164022030450431, 0.0004726077411478409, 0.0007315318212268748, 0.0006116635245011821, 0.0005655699108784734, 0.00033800861264678307, 0.0010235032153255923, 0.0005270689207061267, 0.0006564174029222416, 0.000525090403948884, 0.0006588274938203443, 0.0007822879236139544, 0.0004423373165665456, 0.0007641375580397724, 0.00045289214823853705, 0.0008120545746733674, 0.00042607076725361987)",-0.9869622339576778
0.0023476251960731663,0.0031315198068428904,0.0007594240777280932,"(0.0034444252909922634, 0.002694269736306052, 0.002284939914427207, 0.004058947899095976, 0.0030089196949055967, 0.003079231877513051, 0.0030505180340837748, 0.0030419561903406328, 0.003068571431775362, 0.0030243350306678354, 0.004233292981907346, 0.002192411281298677, 0.004450946189289786, 0.0020849499528725157, 0.0028322568954358557, 0.003278228416699722, 0.0027367007549490064, 0.0033935656258483084, 0.00197714024014693, 0.0046947886983019094)",-1.0322224877499768
0.001439975035523889,0.0014985035967249004,0.00029717569458488126,"(0.001456073857260498, 0.001485428658501604, 0.0019057469489882903, 0.001134414382495601, 0.001114811814875755, 0.0019378481069179153, 0.001461676150112362, 0.0014796368032473205, 0.0018984462862737658, 0.0011392978919338255, 0.0016899863301213308, 0.001279914275070927, 0.001561921288844778, 0.0013847209746768877, 0.0018235186213219744, 0.0011865312560295396, 0.001316512192765451, 0.0016437854053457668, 0.0010959338335058604, 0.00197386685620855)",-0.19694935443078135
0.0019336946755302965,0.0019901576114117222,0.0003465496518878453,"(0.0020959647913421516, 0.00183725190766344, 0.0021452333068915875, 0.0017936268431211057, 0.00218146488018016, 0.0017616726027769834, 0.00170544151795487, 0.0022575983051966297, 0.002038235561728444, 0.0018892104606007, 0.0023750023038596494, 0.0016215522073366826, 0.0017466065252587561, 0.0022045130459829396, 0.0017136271379107912, 0.0022484990071198426, 0.0029049049737832227, 0.0013268230393049475, 0.0017318198085086876, 0.002224104001712854)",-0.16292884893648354
0.0017244887678914836,0.002190553284494411,0.0004077415126382925,"(0.001999576167167951, 0.0023235128924257984, 0.0016618932241983565, 0.002792764760885228, 0.0022075382947452315, 0.0020993414901644375, 0.002372939767361627, 0.0019573717681340523, 0.0019645096445280977, 0.002364669446580507, 0.0016192527938563696, 0.002869504705164847, 0.0021219143661208527, 0.0021890663330836, 0.0023483110478650197, 0.0019798336518536664, 0.0019449943528377753, 0.0023912897089628056, 0.003107099374376133, 0.0014956818995758533)",-1.143039161225591
0.005894713486675202,0.006953487617979182,0.0009835190584825096,"(0.008271149354631956, 0.005739169706961987, 0.006751454197056222, 0.0070076448362191394, 0.007668986292553162, 0.006139801300316601, 0.008418709110880097, 0.005633206215383405, 0.00582167706542438, 0.00815007577570596, 0.008194178656310804, 0.005794653478406191, 0.006164344329206789, 0.007694828359751196, 0.007228026002363455, 0.006582018674094469, 0.006618569873198221, 0.0071969766815909355, 0.00820219357133057, 0.005792088878198088)",-1.0765161306966262
0.012783469421207064,0.013614452688391551,0.0030470365162553396,"(0.01978334044468058, 0.008959580731836586, 0.012036927284455885, 0.014630346625299162, 0.012763918655277984, 0.013669098179624506, 0.010484319750271108, 0.01687483227963381, 0.012823893895884932, 0.013809128255827176, 0.014364353898257165, 0.012346120905206696, 0.021096601915497944, 0.008389422267113726, 0.014297765087248353, 0.012450777359412834, 0.012683616824368063, 0.014069046568623336, 0.01457859752321597, 0.012177365316095177)",-0.27271851280788884
0.005164305805548383,0.006229681062275255,0.002201972681398585,"(0.004779300279450908, 0.007232359252856556, 0.007609454571032653, 0.0045293746091617975, 0.003171829044479126, 0.01082207137004983, 0.009899712297421391, 0.00348852534511049, 0.006105354215760026, 0.005658912378637999, 0.005091013964403488, 0.0067909704865403, 0.00725149972850996, 0.00476328895147059, 0.0051982051153441145, 0.00666202242314424, 0.0065131936838884455, 0.005322601414597783, 0.010367777476929347, 0.0033361546367160324)",-0.483827644968873
0.0016368519370619204,0.0020275264304450242,0.0005462998665904996,"(0.0025338796968593876, 0.0015142848458296043, 0.0015700182123803337, 0.0024415713653709063, 0.0012816706044325513, 0.0029867961099253647, 0.0022229608414194887, 0.0017255743553273083, 0.002247340991861883, 0.0017070904348003466, 0.002369287259068782, 0.0016195940464178299, 0.0016888818641143872, 0.002271379156545692, 0.0016008539360342245, 0.00239835809052403, 0.0015720463628343543, 0.0024431699696094355, 0.0031293701079185892, 0.001226400357625978)",-0.7151282972506181
0.0027238960603783594,0.0034905736409113347,0.0005452694405570118,"(0.004054434007348932, 0.002938560020562698, 0.002905076959345429, 0.004093211514780493, 0.004586686102987224, 0.0025873192201072964, 0.0038440038702491266, 0.0030960769839647366, 0.0026548226251117066, 0.004483944858032585, 0.003357770042284686, 0.003547856033122137, 0.0035212926363089713, 0.003379919596749886, 0.003687014939562591, 0.003233802407091842, 0.0034485520471925104, 0.003459429663206177, 0.0037778571873975137, 0.003153842102820158)",-1.4060527209259837
9.627582703755736e-05,9.880447085109409e-05,1.2412295367978705e-05,"(9.963943279336568e-05, 9.652876314140401e-05, 8.940000543756063e-05, 0.00010757866754845109, 0.00011925389878539397, 8.064435230324054e-05, 0.0001000092483060796, 9.616775605925553e-05, 9.661957934216626e-05, 9.954209707709379e-05, 8.90230516141464e-05, 0.00010803924452795878, 7.614924422600844e-05, 0.00012630006057113397, 0.00011021370447323015, 8.726822066299855e-05, 0.00010945718736900388, 8.787259583666638e-05, 9.334238414507042e-05, 0.00010303992280165291)",-0.20372088631246538
0.021421277185873198,0.020651029927368097,0.002816494416788963,"(0.016647748698090388, 0.0248337086026396, 0.021654238457289185, 0.0191595371816495, 0.014322886196390884, 0.024562690653689805, 0.017007405996174656, 0.023669441412676906, 0.02001677824939437, 0.021281139496461023, 0.02296505832949956, 0.01891526191808444, 0.017931629876466543, 0.022927298661870994, 0.0198441661000395, 0.02256696409864908, 0.02217941826922459, 0.0206382719684919, 0.0189918913798686, 0.022905063000710376)",0.27347728932594395
0.028048252350165583,0.01999392770582975,0.00741767734017997,"(0.014568611610648744, 0.022577062373446272, 0.03419790319399338, 0.010234340559335645, 0.014869406779509013, 0.02393819564306853, 0.021814077380924262, 0.016396315911129465, 0.01277844307847392, 0.028168636565515482, 0.01183874268369442, 0.030182377732079758, 0.016403887770894847, 0.02152331470854335, 0.011797345252124374, 0.027681752693355897, 0.03190645311552635, 0.011192054898021527, 0.019844433574954627, 0.01796519859135502)",1.085828390068584
0.012058322243475372,0.0149279597945512,0.007636338513360661,"(0.02989538459052997, 0.005272233846044757, 0.011631916347394964, 0.01519298071803614, 0.017016893718900736, 0.010717547226069914, 0.016557697206006118, 0.011102095571096305, 0.016917771083956038, 0.010996383047268032, 0.012581009701833056, 0.014591574691369262, 0.03512745767119563, 0.005118264189241237, 0.012021861023943854, 0.012928470641780595, 0.009338092686691592, 0.019648346265564286, 0.02440822086038009, 0.00749499480372139)",-0.3757871060921493
0.02120308427301376,0.010482853655949673,0.003086329335100853,"(0.016187479546709276, 0.005548521630891759, 0.014519144349733825, 0.00695849924068225, 0.008413611008368798, 0.012407544599936877, 0.012610566284817527, 0.008339264534019002, 0.016366969684054967, 0.006505984810408103, 0.010955252157260138, 0.009589224216229372, 0.009914370439182134, 0.01038144858153755, 0.008335147250430693, 0.010614784087536392, 0.008979341258473768, 0.011698517768054804, 0.013669274074231224, 0.0076621275964350016)",3.4734564763205285
0.0007913695615703553,0.0008160295588392698,0.0001973417636548186,"(0.0008022941344205697, 0.0007596942772350282, 0.0006743002962678919, 0.0009354639980827939, 0.0010525495092080861, 0.0006056117929524376, 0.0006540637299277, 0.0009743582769786908, 0.0013126415534013473, 0.00048747864679262706, 0.0009495109370666411, 0.0006716882514425579, 0.0007037699233445189, 0.000903255783167713, 0.0008173712295773907, 0.0007411459205556634, 0.0010937355055250185, 0.0005838547653059834, 0.0008036963711429276, 0.0007941062743898084)",-0.12496086389523026
0.0005631298749019217,0.0006029486541704456,0.0001369783753733603,"(0.000703566603078863, 0.0004899653997211904, 0.00045897291761571175, 0.0007534748703075193, 0.00045111644038970153, 0.0007673186476841272, 0.00046528426232248795, 0.0007440047114492201, 0.0006481034065740609, 0.0005343281912155148, 0.00047936887434587156, 0.0007221664058227607, 0.0007401046106220186, 0.00046756279155091263, 0.0008183774588340916, 0.00042101411964546117, 0.0004986381499325866, 0.000694309666149435, 0.0004798550081621586, 0.0007214405479852211)",-0.29069390814418944
0.00320732226332655,0.0030794057006652015,0.0005020342316799927,"(0.0033948552240584753, 0.002710727123861997, 0.002757710745615793, 0.0033527880507354976, 0.0034998438949140087, 0.002645274133560027, 0.003849237758938278, 0.002405936138978245, 0.0037470585689252413, 0.0024727635787676087, 0.0035764254959637313, 0.002589323216417534, 0.002301136904750665, 0.004020892554727097, 0.0028049836630949306, 0.003278873410522433, 0.002888518226257089, 0.0032059139996920465, 0.003056095710712713, 0.0030297556128106107)",0.2547964951180566
0.0012438283066527295,0.0015135824039334486,0.00037904424477763787,"(0.0012697932389203854, 0.0016961008191039816, 0.0008761291240863367, 0.0024676553696323642, 0.0012473700411751551, 0.001735102338454901, 0.001000974136169463, 0.00216268217514079, 0.0015679438420241564, 0.0013812241198359347, 0.0013835870877704182, 0.0015645815293084705, 0.001580226638632305, 0.0013690104081497856, 0.0012214044245705971, 0.001762399818718997, 0.001509176941865919, 0.0014343963739338278, 0.001906585816234644, 0.0011353038349405367)",-0.7116691547156122
0.0015998479014636565,0.0020042193156998146,0.00047260291923334176,"(0.002928927781455928, 0.0012928005926809499, 0.0023012709504898676, 0.001657679108943008, 0.0031284128696846317, 0.0012219940458465636, 0.0017380249809154894, 0.002200261205650741, 0.0018020193475706346, 0.0021238686777136796, 0.0017830250064289474, 0.0021447307005815403, 0.001840593285602963, 0.0020753421901204628, 0.0017526206556609705, 0.002158182329851842, 0.0017368938955907526, 0.0022018796417109417, 0.0024077368885200164, 0.0015881221589763564)",-0.8556261457126226
0.002056260461463523,0.002208795685784045,0.000514287874202102,"(0.0018391296058964661, 0.0024948726589194468, 0.0019990632092798553, 0.0023199220454281767, 0.0014134872745113513, 0.003291282876230586, 0.002122411652183697, 0.0021925785284103954, 0.0018560635036438192, 0.002510253470555253, 0.002153439858080936, 0.0021611406116362765, 0.0021694661230900747, 0.002142142942587093, 0.003236886564731609, 0.0014151919924654183, 0.00205199410159956, 0.002268456741283936, 0.001565613049852001, 0.0029725169052949437)",-0.2965950238612459
0.006441670374948286,0.006931402707750696,0.0011793146244160576,"(0.0064446288568797095, 0.007006072724052695, 0.005235276630842201, 0.008926626140131202, 0.008076861638783508, 0.005844775219809336, 0.006482747090557914, 0.007288551452397792, 0.009030366588080811, 0.0052528251136571315, 0.005979961258324617, 0.007903356592863963, 0.00563553061280134, 0.008348696004536414, 0.007217556362534683, 0.00622232840038429, 0.006232774798577495, 0.007588096994096165, 0.00801299285257322, 0.005898028823129418)",-0.4152685997978726
0.014378779704797952,0.013065887973407842,0.002036587609998149,"(0.01622514710468768, 0.009632401913549719, 0.013669551040381622, 0.012194244802308915, 0.011331814974502558, 0.014990203010779331, 0.01553393134650335, 0.01095390631296637, 0.014132432884243302, 0.012128548915012556, 0.016600431879966845, 0.01025486591092721, 0.01508915703712434, 0.011186843451444297, 0.01123760058867347, 0.01376892712996868, 0.014663829468994118, 0.011624229994090511, 0.01277977881328358, 0.013319912888748396)",0.6446527146412833
0.0043434947684234644,0.005891273141730262,0.0008133006107546718,"(0.006357812234249902, 0.0052019692731413636, 0.004339893230832446, 0.00785202207824892, 0.00534790969265732, 0.006428204892702379, 0.005950294465297846, 0.005781706617632987, 0.006061655413576443, 0.005694828210319786, 0.005865214656910503, 0.005866968946591347, 0.0063456714582993505, 0.0054018316573476175, 0.004461107240013378, 0.007379001615429472, 0.005994060563278933, 0.005744474040081989, 0.006205802571421759, 0.005545033976571489)",-1.9030827628059872
0.0016107717735530348,0.0019918704429791024,0.00039142159422805866,"(0.0013150869972992484, 0.0028807165492848253, 0.0019304633053885323, 0.001982790816941275, 0.0021187131912565357, 0.001812113703909193, 0.0013371911994023162, 0.0028718936459871695, 0.0020500655601758872, 0.0018754490754142091, 0.0021990871160005587, 0.0017464573217865226, 0.0017558287931191514, 0.0021844680550750697, 0.0018876511598109576, 0.002003669117857369, 0.002189063028100705, 0.001754850284346768, 0.0017614442115715541, 0.002180405726854196)",-0.9736270942783589
0.0038662246669789626,0.003464079595112934,0.000659754284996157,"(0.002956908454999603, 0.0038201440763591895, 0.002928146710633763, 0.0039579592239428205, 0.004075632597318969, 0.0028659350215581754, 0.00428825915261831, 0.0027235326342009156, 0.0029382653650910566, 0.003986920212210169, 0.002570942853875379, 0.004545226810165519, 0.004123249635172632, 0.0028269304307391246, 0.003682415849047282, 0.0030536577770364382, 0.003359687025983179, 0.0034813487929561612, 0.0026002464558708147, 0.004496182822479172)",0.6095376430459579
0.00011032819695823475,9.960851101844989e-05,1.8228177631329255e-05,"(0.00011977663294384, 8.015579800871508e-05, 0.00011170423852493358, 8.60229292852408e-05, 0.00013477382560169455, 7.13173189152159e-05, 0.00011350000489824637, 8.468337019649924e-05, 8.804211371488311e-05, 0.00010918138614063663, 8.537854593936279e-05, 0.00011257849080322996, 8.093499071409044e-05, 0.0001187506589361895, 0.00011636265769880772, 8.249428346617658e-05, 0.00011048214922788807, 8.700173148519719e-05, 8.24519586530646e-05, 0.00011657713521508549)",0.5880832498231009
0.001892200198935815,0.00427322605106106,0.003172334887355656,"(1.565797693470658e-07, 0.010770463788765222, 0.00839429854035544, 0.00029173130785612063, 0.00634978743238926, 0.0018331846786640562, 0.0018383165102857661, 0.006026941421574178, 0.00417069150121788, 0.0042265756408692125, 0.004399662428318829, 0.0030086562142335703, 0.005340618591393352, 0.0017824953504309538, 0.01067513603327956, 3.1550272146864537e-08, 0.004811703690630925, 0.0031243283403537495, 0.006307252379320928, 0.002112489041240691)",-0.7505594259974179
0.013404373678498753,0.020462237488167622,0.00637690886325639,"(0.026541645960584906, 0.01433808430129309, 0.03239771364508249, 0.011755084119079044, 0.023427471528275047, 0.016022666551866842, 0.027432609383711785, 0.014006112095050469, 0.012879633056864981, 0.03014001776391616, 0.021374808679581886, 0.017827406340086588, 0.015276500463655938, 0.02480385315656172, 0.02307841238761956, 0.016682730481436682, 0.012930141099391338, 0.0290887014581184, 0.020796086136362905, 0.018445071154812556)",-1.1067844877533264
0.010080850772392572,0.015329525285220129,0.0061622302477060175,"(0.009564570020029143, 0.02120430992948965, 0.011710423901352138, 0.0173470104728912, 0.008222466486529382, 0.024115397812307857, 0.015521214948009947, 0.013271476546600129, 0.013449219009056946, 0.015602475697905115, 0.0159299092672266, 0.012758838657171853, 0.010690164652565627, 0.01883397781729563, 0.013024938928643107, 0.015879198376457078, 0.020509690924945603, 0.009699713661231173, 0.03302780947318756, 0.006227699121506854)",-0.8517491722711034
0.01163110696290131,0.011559628651138423,0.004336705018856397,"(0.010079311391244144, 0.011551518627396997, 0.010446622629105404, 0.011166853945014009, 0.007237722624083815, 0.015746798409639204, 0.01318641257293947, 0.008959137970353118, 0.015297062318451304, 0.007871234020913036, 0.005880807426324019, 0.01983891147408697, 0.014994552631176845, 0.007710283361008301, 0.011846865634059029, 0.010016670906024991, 0.005572238392775803, 0.020516874908016562, 0.01579495477807501, 0.007477739002080409)",0.01648217055393249
0.0009797468650992339,0.0008521949553464995,0.0002622841045769252,"(0.0007575341392307149, 0.0008760442943584137, 0.001133917630664836, 0.0005864007582935971, 0.0007292840353132062, 0.0009071494435832109, 0.001468459117941784, 0.00045241701661420056, 0.0005546857995819242, 0.001209600350521148, 0.0008483066767932997, 0.0007824440323096937, 0.00086748475980458, 0.0007635857346257902, 0.0005562338321222543, 0.0011987326780255492, 0.0009078104588017739, 0.000728984356510025, 0.0011168013184603975, 0.0005980226733735905)",0.48631200872230024
0.0007977970944440413,0.0005987071448445644,0.00011244085194434824,"(0.0004283766640230861, 0.0008092711558240019, 0.0006767213071385641, 0.0005123405058577341, 0.00046781809467277163, 0.0007407576227038959, 0.0005670936189107408, 0.0006114488508949573, 0.0004220491183964872, 0.0008221244545308223, 0.0005546148313031299, 0.0006250904706076501, 0.0005299134020489906, 0.0006540999206239353, 0.0006960662708854713, 0.0004982609469864385, 0.0006308458155734006, 0.0005493544274398071, 0.0005942867217147112, 0.0005836086967546918)",1.7706193625962119
0.002360884533634737,0.003088366426422376,0.0005294905182059919,"(0.0035738543674769425, 0.0025950802837873504, 0.002593253026588409, 0.003576591029394888, 0.003167128458519298, 0.0029259347347281783, 0.0028096462460339565, 0.0033027992323038354, 0.0027227161755096485, 0.0034105760354893083, 0.00338935580118486, 0.002736557601329249, 0.002283561310000253, 0.0040603105777358775, 0.002587861351109156, 0.0035863952300194744, 0.0022705250312078343, 0.004081839135941094, 0.0031010881482519312, 0.0029922547518359717)",-1.373928083268568
0.0015485390603684696,0.0015030998655453705,0.00031477106248140345,"(0.0016485370409801, 0.0013144231234588966, 0.0014357028745941901, 0.0015093768789410506, 0.0010935658094596197, 0.0019802723137563602, 0.0016380387677806865, 0.0013233893293707407, 0.0013790451802673993, 0.001572844794542974, 0.0016732388777301209, 0.0012950934774766717, 0.0021431828704847537, 0.0010108470685979718, 0.0011863839616528854, 0.001827464444621601, 0.0012043799791869709, 0.0017982275494698215, 0.0011613532478440428, 0.0018666297206905535)",0.1443563282624926
0.0017993118676575633,0.002050971758580908,0.000616640034403299,"(0.002298335836079967, 0.0016792233974259048, 0.001548983896451566, 0.0024920246064178116, 0.0019339309103045721, 0.0019935077532917764, 0.0016683056257302477, 0.0023149643543762025, 0.0017645132634246884, 0.002191528653325237, 0.0018800631113471383, 0.002053019150619456, 0.0012973855331956082, 0.0029736107894591164, 0.0027757507686050967, 0.0013918577925631202, 0.0012104554215606675, 0.0031854933369176025, 0.0012326864680589854, 0.0031337945024634078)",-0.40811474585309293
0.0025110687010160677,0.002221907873393559,0.0005165500157960657,"(0.0013434244008887655, 0.003491940250864323, 0.001794663515762947, 0.002614831823296704, 0.0027224560489986613, 0.0017207981637679692, 0.0016932583333956345, 0.002772733296876142, 0.0017572364024147891, 0.002677342557708763, 0.002006661218890402, 0.002338077222445614, 0.002325268579540716, 0.0020163641366542865, 0.0027573706103127295, 0.0017037986782762703, 0.001930003436741407, 0.002427810910852014, 0.0020312689733863326, 0.0023128489067967147)",0.5597925056238305
0.007153622075586677,0.007245578662954099,0.0022590252802624075,"(0.005035531720834727, 0.009507462243999619, 0.0074454258532471885, 0.006437527883474248, 0.005637452072480171, 0.008454992494292482, 0.006525489205047121, 0.007355709588995863, 0.0041599589001709335, 0.011619132763563222, 0.007987911042441778, 0.0059957992758425446, 0.003925443812309778, 0.012174117007763479, 0.0056456666725759625, 0.008520748305583827, 0.008035105198926373, 0.005935670031564088, 0.009387758331357906, 0.00512467085461065)",-0.04070631177564345
0.019606436565403906,0.013767076025621591,0.0022153480768450457,"(0.015527053720842138, 0.011879756683592679, 0.014308881017610534, 0.012920442397605716, 0.011681441397854105, 0.01565468867947614, 0.010893172255044273, 0.017019645499897953, 0.010256196295191672, 0.018326846690286575, 0.01582146999066193, 0.011667655164345005, 0.015728275792992626, 0.011686210705923905, 0.015502632518047751, 0.012011242466860705, 0.01470873409176749, 0.012447596376864871, 0.013927002733362264, 0.013372576034203516)",2.6358659394501793
0.0057644317473969225,0.006122762138259637,0.0013087179974323672,"(0.00531142193592595, 0.006748760645487578, 0.007847115143925358, 0.0045730659271617635, 0.008804938701579725, 0.0040553324806015725, 0.007131950474140293, 0.005037214657526207, 0.0074485724732103195, 0.004854806976430837, 0.007044805591402204, 0.005089939282863403, 0.00657007775872261, 0.005446952253995656, 0.0076231671341761165, 0.0047226082025969, 0.005270723441799014, 0.0067781685050134185, 0.006800875533975885, 0.00529474564465792)",-0.2738026003812423
0.0011282719155749571,0.0020096763328634154,0.0004554452335200871,"(0.0015858396274088993, 0.0024254734283422432, 0.0022832075114070766, 0.0016852562770273828, 0.0016259163215667065, 0.0023626864254301036, 0.002378251653305202, 0.0016185112145641145, 0.002359253254084923, 0.0016350111525914696, 0.002099094540011256, 0.0018326186493630606, 0.002131552516165447, 0.0018035494408315557, 0.0014225266337112232, 0.0027077556522055652, 0.001259746123991746, 0.0030499786479270537, 0.0019017914939563536, 0.0020255060933769115)",-1.9352588465492953
0.004621014034268632,0.0035896953232052334,0.0009892347974151728,"(0.0040627718833943635, 0.0029489274701370864, 0.00206470299185055, 0.005810689199864077, 0.003802905833496418, 0.0031430511712208925, 0.0040278333258469, 0.0029771350903338525, 0.002617315890603924, 0.004613902743788, 0.0037759449747433852, 0.003173390471847754, 0.004840103796892225, 0.0024719720177898484, 0.004032450153081674, 0.0029813750227069245, 0.002349799904139842, 0.0050879717984459675, 0.004011057275600629, 0.0030006054483203586)",1.0425418856657582
8.685641875979065e-05,0.00010049783213373094,2.3170993545340425e-05,"(9.225038687972917e-05, 0.00010431042373307319, 0.00010372963266402975, 9.277201385718531e-05, 0.00011169252515551935, 8.614791842699876e-05, 7.037855924082452e-05, 0.0001367288430541374, 5.811674011029479e-05, 0.00016562118427932196, 0.00011800670461762002, 8.154363367881226e-05, 9.096955832611822e-05, 0.00010577425494610949, 0.00011241075338582554, 8.56125004041987e-05, 9.55827545141757e-05, 0.00010066795630435712, 0.00011069977804689631, 8.694052104939122e-05)",-0.5887280296050798
0.02341973722442157,0.02409101531509819,0.0035120566860708975,"(0.025573782021296388, 0.023503138401602428, 0.01970644578396693, 0.02814080710220916, 0.024759414400908657, 0.02345900431850532, 0.02641214092361673, 0.02243546969154392, 0.029635823574531605, 0.016575767022918294, 0.0221879650046181, 0.026498026070005183, 0.02312422604984404, 0.025236205261894903, 0.020690274267731797, 0.02820944044228224, 0.024219405104577915, 0.024100866773551013, 0.018224471669160816, 0.02912763241719842)",-0.19113532345276868
0.015293664197460572,0.02235627789491157,0.013084957829881914,"(0.01352996722916749, 0.026330897817522785, 0.01230928498278111, 0.02937143626407055, 0.041999725423407665, 0.008348241162195333, 0.01142358858936928, 0.032098189124129234, 0.014812089197517541, 0.024442983417884374, 0.03660112468536663, 0.009858137709924856, 0.05667557491304576, 0.006007004633683103, 0.011514248174641136, 0.031999345801391174, 0.026695405836493283, 0.013580875316917486, 0.01606143662245991, 0.023466000996262674)",-0.5397505891323712
0.01201428419198715,0.016605571681600092,0.0064257428987530025,"(0.009733231284146649, 0.023924583868179757, 0.008479830327801025, 0.028236376164459325, 0.027896106536369817, 0.00809824623945941, 0.016179141516471467, 0.015203961686803514, 0.015356900706039569, 0.015638225510624496, 0.011272074020816272, 0.021180208399738047, 0.010316015619314415, 0.020732827533185613, 0.009668950690792653, 0.025681588003085173, 0.019939236562329436, 0.012071858446472732, 0.01406647407719762, 0.018435596438714813)",-0.7145146579866959
0.010572811932444245,0.014087415210248875,0.0062805035899608196,"(0.015059773626460419, 0.010575330559466195, 0.012595971450867629, 0.013028388639569607, 0.026925486624181427, 0.0057242836003867795, 0.008129356627870411, 0.020787303300655518, 0.020378493835001687, 0.008081227987234879, 0.016256320981831822, 0.010071919426892093, 0.006296583268278063, 0.023100488820043084, 0.012302629512035111, 0.013879771962064759, 0.018811835999849553, 0.008773138057775463, 0.02328144089058342, 0.00768855903392958)",-0.5596053290093821
0.0012150730594939812,0.000985928887878844,0.0005754067343831922,"(0.0005555431277461473, 0.0012562267865742602, 0.0009639365887442495, 0.0007291188584534865, 0.0006364525033260482, 0.0010870078494344083, 0.0008785859410570499, 0.0008065307575364014, 0.00115314640884628, 0.0006107792835487794, 0.0013947185071764166, 0.0005055223670190324, 0.00031525994511561443, 0.002173704482242028, 0.0022304176204921626, 0.00031887472804638053, 0.0016748813245181576, 0.00042021755691238374, 0.0015394269738492894, 0.0004682261469383028)",0.39822990924979096
0.0005621021532984016,0.0006033050651685348,0.00013469382652021733,"(0.0005546857016711866, 0.0006261011139962839, 0.0004853284919199148, 0.0007160098658974144, 0.0007093608800586409, 0.0004892383904560684, 0.0006693554389774703, 0.0005194925141586361, 0.000690147102704038, 0.0005035794974565032, 0.000612103609941935, 0.0005677764083786106, 0.0004047508662774657, 0.00085657471833701, 0.0006066017255055353, 0.0005733856892068995, 0.0005497205738963535, 0.0006322135052659861, 0.000377609552509685, 0.0009220656567550553)",-0.30590052220358205
0.0020705238394914988,0.0030809412486621866,0.0004739434234918987,"(0.0025853281143506687, 0.0035865281829330275, 0.002786711934864687, 0.003330635726146231, 0.003527943083725015, 0.002625431741014127, 0.0026798174349665855, 0.003466812640864556, 0.003508400397007925, 0.002645797181424149, 0.0037810557955367044, 0.002454498549988619, 0.0023928265339648205, 0.003863395526681074, 0.0030168831582493387, 0.003080510721455469, 0.0034522464273814115, 0.00268904829465816, 0.0027088381777925466, 0.003436115350238616)",-2.131936765207502
0.0015483198880427477,0.0014869310427035164,0.00020513760752587172,"(0.001402399161273327, 0.0015474114729031104, 0.0013917436375318322, 0.0015604388546600258, 0.0013224666000325217, 0.0016395778574746602, 0.0015820976596009392, 0.001373716142513326, 0.001656408815482103, 0.001311233095430582, 0.0015611053374561198, 0.0013910948990832471, 0.0013089321384316642, 0.0016541425858217313, 0.0011359910253494491, 0.001913693630101828, 0.001187324027039333, 0.0018293594751756736, 0.001317683407271129, 0.0016518010314377227)",0.29925690408322103
0.0014540832471191792,0.00200017598551398,0.0003612186459719769,"(0.0026348694322371135, 0.0014700386312002428, 0.0024321546544316015, 0.0015948598442520026, 0.0018419255811316629, 0.0020995100003794818, 0.0018239104942494714, 0.002129835761209197, 0.002382318567351982, 0.0016285890028465626, 0.0023030566422850094, 0.0016843355720358633, 0.0020619016550479413, 0.0018706194020605034, 0.0019366576758637689, 0.0020069540230109044, 0.002478597163621265, 0.0015654066994433137, 0.0015590475552245402, 0.0024989313523971664)",-1.5118066148699494
0.0030887778820996564,0.002212577648700236,0.00044257908590675823,"(0.0022795790237795663, 0.0020645077544040303, 0.0025038838743194603, 0.001883406729197194, 0.0021123219557652086, 0.0022227952664118354, 0.0025803000857364724, 0.0018315598462679502, 0.0016616200762693293, 0.002839206477119403, 0.0025014996138160786, 0.0018857152444184703, 0.0018384898405353442, 0.0025449984348299435, 0.002044459079662901, 0.0023135794398759938, 0.0026435639492619787, 0.0017845936602771501, 0.001456357606466109, 0.0032591150155903015)",1.979759688834498
0.01135864021657984,0.007174015125971527,0.001200228852608326,"(0.008931348764482396, 0.005574810444842567, 0.006028782754589749, 0.00831550500059687, 0.007285077004906915, 0.006781302581323126, 0.008627160631483792, 0.0058531641269839495, 0.008086386529350925, 0.006207975948973159, 0.007379762726324935, 0.006800115263939263, 0.0059339342674189855, 0.008229887468568644, 0.005752982188443311, 0.008802875506753828, 0.005596525187625535, 0.008969596480820276, 0.006936283257162295, 0.007386826384840001)",3.4865226590031773
0.01233181732132982,0.014130275087118727,0.0028781821472978458,"(0.014407028230359836, 0.013149490368515175, 0.015699083468069742, 0.01223483457353712, 0.011178597497679207, 0.016681554823168996, 0.015586127998497784, 0.012504667978148929, 0.01615453968152709, 0.011922502681308296, 0.01048576267592755, 0.018356191843107803, 0.020915102904026647, 0.008711410698183113, 0.01230028764552285, 0.01593824367157579, 0.012329961990636202, 0.015619471951968262, 0.013049738489339388, 0.015380902571274726)",-0.6248589122399258
0.008809960060828962,0.0060233811992712535,0.0009072988813017994,"(0.004932759359999975, 0.007157056992364456, 0.006177206282499863, 0.005750501659892464, 0.005553756189711753, 0.0063118281993960156, 0.007961755320211377, 0.004491010074363577, 0.0060769118420297905, 0.005852908764959756, 0.007134131672956456, 0.004984676926618457, 0.0071742996911693495, 0.004836678810724302, 0.006639297984845475, 0.005399971413610443, 0.006032253792029351, 0.00589570286186301, 0.005421947657131696, 0.006682968489047506)",3.0712909703575337
0.002357235578431088,0.0020113601002802665,0.00037546180303371873,"(0.0020846591794064498, 0.0018743097277796688, 0.002775702941036165, 0.0014104997062184357, 0.0021306654959070727, 0.0018296171779870294, 0.002346993062619956, 0.001671709135287088, 0.002057876208939021, 0.0019032935431173438, 0.0014574849709020259, 0.0026871513775429453, 0.0018844217368957428, 0.002061838454486466, 0.0016598946688657177, 0.002365742962257382, 0.0017502316103697713, 0.002237786332059196, 0.0016518371764940264, 0.002385486537433812)",0.9212001736425891
0.0033210300750421188,0.0035607942871917955,0.0007043179204351836,"(0.0023511346176295395, 0.005171095842377564, 0.002781046790435453, 0.004393966365926472, 0.0034534898554801096, 0.0034985763296880466, 0.0040597809831598355, 0.0030276618354589573, 0.003250442262045459, 0.0037650342901043208, 0.0028213966378314035, 0.004340527648144947, 0.0036096435406449408, 0.003323931022225385, 0.003409358631738406, 0.003614710829453982, 0.003776753301611706, 0.003238810457212911, 0.0046565574460905885, 0.002671967056575877)",-0.3404204340016385
0.00010906679349028478,9.987350569399166e-05,1.929472996245695e-05,"(9.246626746012598e-05, 0.00010411292487441949, 6.902772965093822e-05, 0.00013948808699476656, 9.247105346006315e-05, 0.00010408517655055897, 7.553179656925338e-05, 0.00012750252667086012, 0.00012863853766408788, 7.485395360079507e-05, 9.048686605509534e-05, 0.00010641860390694075, 9.737970298840806e-05, 9.881863419638188e-05, 8.21756783051667e-05, 0.00011720508669827997, 8.010656584091465e-05, 0.00012020080405504701, 0.00010254712276393096, 9.395299557379915e-05)",0.4764662586198987
0.028030693059126074,0.027401993510620556,0.0019505599822262855,"(0.027133800582047313, 0.0283029801999585, 0.027470273309101994, 0.02850201310930188, 0.02578802426859875, 0.028498841102571656, 0.026334830207430743, 0.02934430722327118, 0.026507527666413247, 0.029088790213663472, 0.029553211951768976, 0.024707149482129116, 0.027644343343929588, 0.026282211395764775, 0.029626874045113886, 0.025332229130165855, 0.02896303196248936, 0.02672576201064631, 0.02229637240659373, 0.02993729660145087)",0.32231746484819607
0.016317900751330616,0.02438681261780256,0.015031128401320096,"(0.014105074767137892, 0.03144159379190392, 0.012999918888438534, 0.03396291225910883, 0.022363975462641662, 0.019959645550152665, 0.005711633776042743, 0.07319112154076768, 0.015849253520160995, 0.027772690176541895, 0.011217545709386899, 0.037919935835471395, 0.013193852056642204, 0.03235961170056277, 0.03049547225101206, 0.014029323085970546, 0.01275237287397416, 0.03415700604739935, 0.01357691490760825, 0.030676398155126686)",-0.5368134481349583
0.010861953124465695,0.016328615623161662,0.007328942487909286,"(0.009697690364415857, 0.023691942218882378, 0.011375456064323431, 0.020056661874070496, 0.011718160291747017, 0.01980870868055913, 0.01950303114716492, 0.010710872443824196, 0.008356870731632144, 0.02717256400512883, 0.016966895101171255, 0.012655885497216588, 0.008679412303652946, 0.024878032120171454, 0.010512898537011584, 0.020612931950585528, 0.01495313222431181, 0.014918077866984005, 0.03424060425994407, 0.006062484780435514)",-0.7459005863007436
0.012312744088970986,0.0118336114647676,0.004186938166083137,"(0.01442728287949746, 0.008996539977262803, 0.014809552787960574, 0.008699695835572605, 0.01193843385923613, 0.010990378948627384, 0.014971194026415825, 0.007821357575117078, 0.016994377657554353, 0.007543748291526164, 0.007331106441651137, 0.01644760293102081, 0.016270302469436088, 0.007452401467417041, 0.02076649460787658, 0.005863071471177032, 0.00850711883101866, 0.014768712851916544, 0.008681866326638006, 0.013390990058429706)",0.11443508482753922
0.00047902954461559227,0.0009345598728062635,0.000488287909560054,"(0.00042450583956746426, 0.0016049289200865038, 0.0013282462553166295, 0.0005125064509820571, 0.0006471981355541719, 0.0010543159077663403, 0.0014071284228036138, 0.0004726272065175659, 0.0008242596283318603, 0.0008257193816944575, 0.0009392046142920541, 0.0007116593443103421, 0.00037736743944847325, 0.001769831109595832, 0.0020344186999008773, 0.0003290345290299767, 0.0005480958479094286, 0.0012304230943379591, 0.0006932938764009429, 0.0009564327522787235)",-0.9329133883349738
0.0005869371013574533,0.0005954721145377726,8.730891262672972e-05,"(0.0006454830762477663, 0.0005388042360505836, 0.0006732782701782912, 0.0005164970215365059, 0.0005558145521872037, 0.00062584637989006, 0.0005957181309861813, 0.0005825075584784943, 0.0005143772001220108, 0.0006760058652222103, 0.00044662653762229286, 0.000777385169730528, 0.0006582252067885405, 0.0005274965412918714, 0.0007173232867064343, 0.00048410824918176346, 0.000667933306567188, 0.0005202644567880383, 0.0006604362159081904, 0.0005253110292712946)",-0.09775649385084999
0.003177715821194036,0.0030681494434347274,0.00039552585626135195,"(0.0029317137339095875, 0.003166705166051139, 0.0028791279883300233, 0.0032236255586870757, 0.003447557784017841, 0.002694005017230722, 0.002266157847088714, 0.004080866717436513, 0.0031900712786203716, 0.0029088533051066976, 0.002878135913355069, 0.0032167571786101807, 0.002843310456896846, 0.0032568859750325414, 0.0028351221144271126, 0.003266774951929674, 0.003663214840950683, 0.002531291021259649, 0.002973162820844423, 0.0031096491989096807)",0.27701445057212787
0.0016453495751328,0.0015018399584188743,0.0003038588465729463,"(0.0015724993253984926, 0.0013829104665324461, 0.001426660770781206, 0.0015239614880079976, 0.0017339136962051208, 0.0012545513689748947, 0.0015044280654540514, 0.001441238079277028, 0.0013231196086559757, 0.0016429935838937083, 0.0012331991339365337, 0.0017596737421206423, 0.0015531426382859677, 0.0013973918960469576, 0.0010600522102302485, 0.002047654019648666, 0.0014670959697644563, 0.0014808649827522927, 0.0009503001817481404, 0.002281147940662656)",0.4722904017193851
0.0018568228341914036,0.0020027557647669682,0.00037660962608274535,"(0.002208814239674842, 0.0017630238647995005, 0.0017254020573661555, 0.0022561717776450408, 0.002019244134789009, 0.0019295532519052862, 0.0020909951236592426, 0.001852184993496311, 0.0017235841281594798, 0.002258034476292697, 0.0019656370867665103, 0.0019731938702560797, 0.001854446997715892, 0.0020919343856619934, 0.003148330623195645, 0.001232541823482604, 0.001606464009500417, 0.0024195859286293745, 0.0019255053346971449, 0.0020104671876461375)",-0.387491238855115
0.002489318632693091,0.0022154136530010585,0.0004532962747516198,"(0.0021661412609112027, 0.0021864389175321715, 0.0018277605496743088, 0.002590077851678107, 0.002316254259755455, 0.0020461012209939755, 0.0019364443866417952, 0.0024272947052008135, 0.002080914782924271, 0.0022743823757225075, 0.0020446246089574275, 0.0023032653478356787, 0.0027826024471574776, 0.0016926886149635674, 0.002342858721918831, 0.002011317095273305, 0.002997380450918092, 0.0015757933105686745, 0.001436756390092049, 0.0032691757613014555)",0.6042515567596858
0.008038522516181744,0.007037290783012526,0.001156192391234614,"(0.004893015869044309, 0.009984186553489949, 0.006960624127919779, 0.007008482431213176, 0.008188544166444461, 0.00597882506240043, 0.008088940435131921, 0.005891670523662357, 0.0066232093859251865, 0.0073593711965736055, 0.0077142328224419025, 0.0062162197342028784, 0.006056682634016621, 0.007921234748976371, 0.00616976274358468, 0.0077879033885559475, 0.00820898870086743, 0.005898088283415537, 0.007084708234482625, 0.006711124617901316)",0.8659732936834805
0.013519986169322262,0.013905787523896169,0.0029992660172864457,"(0.01123227013384637, 0.0168413649052318, 0.01691837895071282, 0.0111498872478783, 0.014779010696415846, 0.01285400667620767, 0.019038773788292267, 0.0094618430718812, 0.014270608106572819, 0.013196927064783842, 0.014362123456228098, 0.012696896039025669, 0.01617145950636929, 0.011286873614011152, 0.010189785128768366, 0.017966598192502542, 0.01822302443852252, 0.010198720218146981, 0.01622661475772397, 0.011050584484801868)",-0.12863192272719987
0.004723324859988214,0.006044507365052432,0.0010362579477615009,"(0.004352827288259236, 0.008250153343004727, 0.005888175342995128, 0.006091334931664586, 0.006316968412261773, 0.005695734437620734, 0.0073905716399005495, 0.004751082516484266, 0.005482207170470062, 0.006537772105821885, 0.005264433034886477, 0.006706847596936033, 0.005753161374157192, 0.006139135386458472, 0.005571470165768986, 0.0063485200386213985, 0.005146184036930362, 0.00692091931938079, 0.004504525774963815, 0.007778123384462173)",-1.274955244414003
0.002317076703349028,0.00197898083510136,0.00019473724602627284,"(0.0018125823036694037, 0.0021482930432812726, 0.0021478906535538534, 0.0018121764430611513, 0.001829669902877027, 0.0021295650635001777, 0.002179278903028484, 0.0017736388656676124, 0.001711826191481138, 0.0022732685433846833, 0.0021365884537115905, 0.001812376750866994, 0.0021040300285404983, 0.0018406303036633377, 0.0016647135390387088, 0.002327473314421777, 0.0020490856985329723, 0.001895193982194854, 0.002002501405890442, 0.0019288333116612164)",1.7361643709496326
0.0031170878456338283,0.00351944900613631,0.0005150335141473388,"(0.00494976326355202, 0.0024744529416709004, 0.0031886480185979696, 0.0038386437414324247, 0.003737954943710792, 0.0032804405510996784, 0.0034349762545587566, 0.003503264809725265, 0.0033669870104925752, 0.003634677559549472, 0.0036441578184042717, 0.003314501462515345, 0.0030296562953535107, 0.003984823988485759, 0.003917742436388123, 0.0030864994304033804, 0.003715277659293552, 0.0032724454724526886, 0.002967480884598909, 0.004046585580440816)",-0.781232967273224
0.00014269921212135543,0.00010102878911730361,2.5223095339662196e-05,"(8.902187659965597e-05, 0.0001081195425033627, 0.00013655554155638305, 7.04832090324914e-05, 0.00013741207298333658, 7.004701224346242e-05, 0.00011301587548030898, 8.51159180399612e-05, 0.00015498187094222725, 6.210339744973074e-05, 8.81263839028681e-05, 0.0001091671733753243, 9.25172809978442e-05, 0.00010398273487396266, 8.245184558247912e-05, 0.00011668392881157043, 0.00012638681449448952, 7.613540199220577e-05, 0.00011358490299201107, 8.468299849239669e-05)",1.6520741186957704
0.028933342371420742,0.026571839387914294,0.0023935029967430826,"(0.02940821928562254, 0.024315540389179695, 0.029494531076588146, 0.023686874821334573, 0.024585160896714933, 0.029397299097247344, 0.028352184404973294, 0.023962345197403114, 0.029610715296175066, 0.02279434905510804, 0.02824647709177567, 0.02495943388367234, 0.027929206967619063, 0.025356867850556682, 0.024539628890019663, 0.028510185497316678, 0.027508515514651853, 0.027224665555545993, 0.02310730206602617, 0.028447284920755125)",0.9866304686978966
0.02071436109810893,0.02177523547566833,0.013988366481513866,"(0.03187414028485722, 0.010281855531633749, 0.011309333947722067, 0.029067252905516427, 0.005356897391332072, 0.060841476116459105, 0.02022476764321897, 0.016891594354068822, 0.03239374536168519, 0.010318489138638268, 0.006625389981962689, 0.050783711051678664, 0.02099282461347464, 0.016144474716984106, 0.019486242060040845, 0.017245934458708968, 0.013605941553336767, 0.02498246088127854, 0.022278906781094045, 0.01479927073967551)",-0.0758397614876179
0.014586335288726604,0.015332060741713754,0.007491726627542228,"(0.020939606049896923, 0.00869043361772121, 0.018587215348441974, 0.009816330631253747, 0.006576178154455465, 0.02745168669424902, 0.01935569320928868, 0.010068929933433734, 0.015277339680402112, 0.012310644695786849, 0.00910426659199083, 0.020890466429116315, 0.011270025019575886, 0.017076268521107305, 0.0335896282837131, 0.005649331537512157, 0.007968650688558116, 0.02425395883591235, 0.016956680584489885, 0.010807880327369401)",-0.09953986444801667
0.006323339351467798,0.00996373094375857,0.0025814055129009385,"(0.010330003874503798, 0.008763240665974757, 0.007508079512194908, 0.012064472585550249, 0.01696970835281158, 0.005298052224645283, 0.008846445987119025, 0.010941398743813757, 0.011181809279209786, 0.008363252005616972, 0.007980389149472907, 0.01185039102118446, 0.010115653678480671, 0.009455753643665424, 0.011122364196505051, 0.008481724542302688, 0.008219121838753288, 0.011680696676576965, 0.013226654465396415, 0.006875406431393414)",-1.4102362352979416
0.0016295777842208375,0.0008517991622215159,0.00030971175192587134,"(0.00147798523269497, 0.0004313593532813796, 0.0015165464398276115, 0.0004179291388489977, 0.001105883221882713, 0.0005771805921782168, 0.0010280710391875403, 0.0006287739066381633, 0.0008943458111048645, 0.0007184507329947825, 0.0005980367865751898, 0.001077813614194175, 0.0007150100862108645, 0.0009030852880843734, 0.0011857264430108236, 0.0005429334811433048, 0.0009351765405443178, 0.0006900445207002739, 0.0007938664437926164, 0.0007977645715351389)",2.511298383619233
0.0006303863494798197,0.0005967164028687701,0.00011012374205469737,"(0.00042854059532141715, 0.0008038682238844473, 0.0005265950836742011, 0.000653973797591946, 0.00047862708514328643, 0.0007197441122596559, 0.0007250432699816856, 0.0004758432099952094, 0.0005782769928034028, 0.0005961874785198641, 0.0005811457298465871, 0.0005934212910991132, 0.000478828366399955, 0.0007203864510317951, 0.0007561535876088655, 0.00045603282425546904, 0.0005353906351331837, 0.000644282902909848, 0.0006609276260673584, 0.0005210587938481077)",0.3057464810297316
0.003007079070388668,0.003103862277680622,0.0006550303484386637,"(0.0022152652699456953, 0.004162739579925183, 0.0026658346790993034, 0.0034595065416349133, 0.002749198271914489, 0.0033531872905965122, 0.0028907199966232235, 0.003199140851535187, 0.0021845183630163816, 0.0042271111255494116, 0.002964559676408715, 0.003116316484266306, 0.004052063491821742, 0.0022810640327073956, 0.002571362152753336, 0.0035924997924089335, 0.002571331928910581, 0.00359526541430315, 0.002430678874181461, 0.003794881736010514)",-0.1477537758710682
0.0015442430332046776,0.0014915471802742193,0.0002688356666044783,"(0.0019664274055604235, 0.0010961370075313827, 0.0014701764586612825, 0.001466078234390981, 0.0015709544417758848, 0.0013718103927970616, 0.0014747198788561465, 0.0014648079483844984, 0.001427601501503478, 0.0015114721481119158, 0.0012554015937105668, 0.001719438554020374, 0.0017529194468247234, 0.0012318733308004115, 0.002032586069595052, 0.0010618965246522824, 0.001163616876080056, 0.001855941889723794, 0.0014374046959191183, 0.001499679206584954)",0.1960151106288528
0.0014784943945603793,0.0020272560320144305,0.0005845214997035589,"(0.0020044534155394945, 0.0018976601236274646, 0.0014780093452744795, 0.00257266706638604, 0.002109638639689664, 0.0018026500128592235, 0.001565380428276847, 0.0024394225236988943, 0.0010549726017484, 0.0036126376276768572, 0.0013149102547126829, 0.002900525655082618, 0.0023487134811122764, 0.0016248577550916357, 0.0020479862642753025, 0.001861924451663906, 0.0015597787474121252, 0.0024470114894677643, 0.002008125056289056, 0.0018937957004038766)",-0.938821989836741
0.0020893977576068143,0.0021707979275323334,0.0003213427416250271,"(0.002461041150855582, 0.0018712666333066193, 0.0024871367758870803, 0.0018499496323934187, 0.0021043881674964, 0.002188198506690019, 0.0019733615249838492, 0.002345803784944515, 0.0017474048650430627, 0.002642553299005282, 0.0023154880062033517, 0.00199622174792933, 0.0024542639090485564, 0.0018848360010425246, 0.0019224843510156587, 0.00240355502923671, 0.0021253120661962176, 0.0021767013404650815, 0.0028533329676832956, 0.001612658791220114)",-0.25331261416977785
0.0056860041969094615,0.0068590691982812445,0.0013224844694600523,"(0.004577156273996029, 0.009853514264522113, 0.007667092193624779, 0.005864367105511421, 0.005328799960082159, 0.00846159295886759, 0.0063467026652203025, 0.007224965707962265, 0.006615884742789637, 0.006876080499814155, 0.006318204768154595, 0.00722331946041393, 0.005336942704614158, 0.008573008593639159, 0.007795391993913063, 0.005848615241904338, 0.00687207853512095, 0.0066589794531442086, 0.008357755180897597, 0.0053809316614324134)",-0.887016088628039
0.013443652547226445,0.012977740124369483,0.0019356086395487678,"(0.010830847399808849, 0.015020184771865154, 0.014931894024648694, 0.01083137671220981, 0.014115270894410566, 0.011519645589093297, 0.012972440323013111, 0.012944934391533554, 0.011654971929871059, 0.014190245776839461, 0.01225635173342629, 0.013577564717836218, 0.01005339529493133, 0.016632967215377492, 0.013421723867820413, 0.012374715120859853, 0.010485884776697475, 0.015952014951339452, 0.015005425715769335, 0.010782947280038212)",0.24070590166696926
0.006605371849471001,0.005897407874375404,0.0014406478658803435,"(0.006719709035672598, 0.0048694438003135145, 0.005837453165042542, 0.005589253514392187, 0.005823974137757985, 0.005617677968759014, 0.005585938454917076, 0.005942990628911724, 0.00381100197954, 0.008651027429902383, 0.005431125375514637, 0.006087665987700521, 0.006323134391126069, 0.0052402741527379105, 0.0076995130990098115, 0.004290259304360214, 0.00590196998262796, 0.0056147423801075885, 0.009462503288167801, 0.003448499410946552)",0.49142055589203826
0.002158458313580182,0.0019835784628739112,0.0003377184100897116,"(0.002095044823579755, 0.0018236291449573196, 0.0017300759540253995, 0.0022061125272957068, 0.0025410862412738344, 0.0015034754361019252, 0.0018082790339274772, 0.0021232618859892355, 0.0019717967216335733, 0.0019426174784393498, 0.002731375075753736, 0.0014037516815126588, 0.001956596960101277, 0.0019610646690909686, 0.0016168254259630046, 0.0023706802259254684, 0.0023060898419932515, 0.0016639053034292898, 0.0020870784120855944, 0.0018288224143993943)",0.5178274132577365
0.0027540341901567725,0.003405923457500501,0.0005049505670881517,"(0.002508930301564679, 0.0045091765813302246, 0.002821410112883907, 0.00399293292874083, 0.004124396947777889, 0.0027451975674834725, 0.003136179274897029, 0.0036449920894184064, 0.003219281070521799, 0.003534745003528092, 0.0033743436027828064, 0.0033802093777376098, 0.0036126699904598584, 0.0031614876666270714, 0.0038800341067919838, 0.0029369876251513017, 0.0030196386848627896, 0.0037807842178612886, 0.00365117344511543, 0.0030838985544735602)",-1.2909962080108426
0.0001327258001825052,0.00010130826186677592,2.649525025521638e-05,"(6.688029966667966e-05, 0.00014361322941811708, 0.00012056040586599634, 7.965537332610314e-05, 0.00011689419610714547, 8.217074688358678e-05, 7.193106101125406e-05, 0.00013357175858058783, 0.00013811500788159952, 6.955569296309436e-05, 0.00011327726551988003, 8.481336382014133e-05, 0.00010507017026167659, 9.144160744375988e-05, 0.00013474536323082782, 7.129828285646731e-05, 0.00011870893415693494, 8.093389751030837e-05, 0.00012776991579094282, 7.515866504041502e-05)",1.1857800176672726
0.008701738360969442,0.005173557124430095,0.003223542721680007,"(0.0008041192862593493, 0.00866260871868285, 0.00016722222553880583, 0.0110460874396402, 0.0073287919099566555, 0.001341019459675198, 0.00708038965978416, 0.0043189126293381765, 0.005148090999065001, 0.0039152859085597805, 0.006841300046178697, 0.00372937601762176, 0.00466129239368266, 0.006317663841044572, 0.0030779254843017454, 0.0072016607396426305, 0.008368944305126613, 0.0029879662160698004, 0.0001669384563547074, 0.010305546752078546)",1.0945042585632532
0.023091509572952248,0.01898850163414371,0.005664525968434347,"(0.02123222109985348, 0.01574096162918229, 0.016096030127664078, 0.020711245176755426, 0.02680998523678373, 0.01234318074395476, 0.021063486379172484, 0.015675519417250185, 0.011040138063782344, 0.030110551495572895, 0.02750766098925358, 0.01205542440918543, 0.013963130920751557, 0.023936344048137347, 0.02388970607797463, 0.013840936577780684, 0.022266321427561325, 0.014485143551755482, 0.021880626871019215, 0.015121418439483218)",0.7243338562966448
0.01865591928106169,0.018412773141220855,0.012630028156377497,"(0.01541977938945423, 0.014079452515689154, 0.007016266433303443, 0.030809100493533647, 0.012419879561182035, 0.01719638770476857, 0.0073452900566694295, 0.02895229925899242, 0.0191272806110985, 0.011248805369432074, 0.00613439471647479, 0.03493386842818836, 0.026250962257817236, 0.008270140709063723, 0.008607990771271426, 0.024774190985471862, 0.004023784695002378, 0.05084243433465365, 0.006162578648394714, 0.03464057588395551)",0.019251432920841156
0.012557999988177195,0.01218948217383705,0.005877791607034167,"(0.006347614792379296, 0.018902363954131206, 0.006045851672806206, 0.019759738035586415, 0.0055949192378993194, 0.021104341447738203, 0.009771446591688791, 0.012026781802008593, 0.014933957467759917, 0.007963183103150069, 0.015753026404063657, 0.007519772286909616, 0.008903525503495179, 0.01347514757856806, 0.024094337957522048, 0.004892779606347917, 0.014589905432556642, 0.0077551542949525955, 0.01768237283952174, 0.0066734234676555)",0.06269664509696563
0.0008174235351544233,0.0008912941268733094,0.00040870793340368303,"(0.0012109987015592608, 0.000547588421256088, 0.0007133325385379221, 0.0009287085856015356, 0.0007186088872450298, 0.0009216355644343817, 0.0021304367252799553, 0.0003100131757410149, 0.0005399724700655832, 0.001226601920816678, 0.0004993017547887604, 0.0013259763869435154, 0.0005561720843621955, 0.0011919673375715362, 0.000977799273305401, 0.0006765078626574722, 0.0009159911349883881, 0.0007184560507788796, 0.001130651298216941, 0.0005851623633156529)",-0.18074176124671334
0.0007674239461733561,0.0005993513334007433,0.00011729265445515323,"(0.0005664087837263489, 0.0006118863251470943, 0.0006698570765008892, 0.0005173427959459398, 0.00040000029960274335, 0.0008662362822741899, 0.0006593942087930793, 0.0005253790916325367, 0.00047638366899864824, 0.000727405363917552, 0.0007131062551255837, 0.00048590713469745246, 0.0005543870832676958, 0.0006251462477785496, 0.0006644199155582133, 0.0005214653400265974, 0.0007717618242835003, 0.0004486232234695536, 0.0006434379703206045, 0.0005384777769480915)",1.4329338316482145
0.0032166515970798518,0.003173613555062951,0.0009247585311050188,"(0.0032258697544688213, 0.0028840681736553926, 0.0027970047982979794, 0.003325723878672678, 0.0018732098139035242, 0.004963532777342148, 0.0026776487821264165, 0.003471765480256357, 0.002243072127724845, 0.004146272474617522, 0.0022432115950899883, 0.0041453722411569, 0.0025333705606863112, 0.0036724278155203815, 0.0018368813708848127, 0.005061399535539086, 0.0033987530842658773, 0.002731073032828417, 0.0037855456157356807, 0.002456068188485875)",0.04653976207764584
0.0015962893276660148,0.001508665955571167,0.000364962394346609,"(0.0021987052274119773, 0.0009800420783275367, 0.0017595763182428515, 0.0012244717368300568, 0.0017378375915383572, 0.001239382191847089, 0.0013552291328173772, 0.0015890482798657246, 0.0009580726991317438, 0.0022485500919526527, 0.0017364185142613668, 0.001240506124040893, 0.0016726346843838151, 0.0012882764113558176, 0.0015196588257046278, 0.001417251876912517, 0.0016515418517986504, 0.0013025482238353812, 0.0019478207412948745, 0.0011057465098700244)",0.2400887692873662
0.0018958726292945774,0.001983615060407362,0.00033597068874550697,"(0.002492183735751013, 0.0015376704988640016, 0.0017530907257026992, 0.0021854393316427067, 0.0018951897933284902, 0.0020205202263260365, 0.0014572989722198286, 0.0026267633280378754, 0.002303957465230612, 0.0016625612622249385, 0.0016611246661461909, 0.002305532151758697, 0.001534077773137778, 0.002497979752146781, 0.002000161361797872, 0.0019142687228989716, 0.0019679986251712987, 0.0019416386254038564, 0.002007403448075132, 0.0019074407422824602)",-0.261160970441824
0.001887644709661789,0.002190541040642391,0.00038894257587309924,"(0.001445122270125083, 0.0032277116381871198, 0.002459204483404457, 0.0018961288566714724, 0.002236435856614077, 0.0020838098538525844, 0.0018853025051905794, 0.0024705102851580512, 0.0022368074722226928, 0.0020841588829992415, 0.0020328545856780613, 0.0022927626572287253, 0.002635781281538775, 0.001769591339651105, 0.002613408639333936, 0.0017828749336327011, 0.0023490575091321382, 0.0019785582751281807, 0.0019944620679546526, 0.0023362774191441854)",-0.7787687688874376
0.009216600535622147,0.006981125886837002,0.0008917802055015456,"(0.008119388509151317, 0.005929638865553184, 0.006921192713538027, 0.006949033712181779, 0.005225900089400216, 0.009186742301493852, 0.006597404246030653, 0.007263169195467274, 0.006678184383944747, 0.007196473721315784, 0.006501250074603982, 0.007387200439509962, 0.0077589831818545615, 0.006204238257267589, 0.005920498818816232, 0.00810351703522113, 0.006734222538117116, 0.007067231887373909, 0.006530841768278126, 0.007347405997620626)",2.506755179128352
0.012071165750224365,0.01341839945260985,0.0030287637990038968,"(0.015592095513400827, 0.011067831674090272, 0.009656642616174623, 0.01783548436393594, 0.01703342399554025, 0.010076406192798424, 0.015251511059659243, 0.01121286574783757, 0.017549198075692996, 0.009799985523055044, 0.010870768759872463, 0.01579952013895783, 0.019093736344253463, 0.009035756404465994, 0.01331139856102223, 0.012877359148408532, 0.01434132403516429, 0.011769371026339891, 0.013326150566332245, 0.012867159305194829)",-0.4448130629494992
0.005256440012746037,0.0059649595988652245,0.0006585349345390779,"(0.00541307184588154, 0.006515860078242298, 0.005939494849559724, 0.005932898743042841, 0.0054484861009284355, 0.006457864780877321, 0.005633784139278261, 0.006234389869371608, 0.005147971711912585, 0.006840758600430019, 0.006008224576855352, 0.005857795562448003, 0.005328719846967293, 0.006618125875324614, 0.007578899144586031, 0.004639603925982037, 0.005923178364221097, 0.0058951027175666824, 0.005561890399618729, 0.006323070844210012)",-1.075902809340092
0.0023965422919396163,0.0020117980955796587,0.0004693026990429374,"(0.0020899630560032765, 0.0018443566224119236, 0.001155091333888184, 0.0033360731516217023, 0.0024410409178270637, 0.0015778312501534984, 0.0017876164198542181, 0.002153317587504512, 0.0017833924756456927, 0.002160296977728321, 0.0015099131256924212, 0.002551070141399937, 0.0016697804535132275, 0.0023083692721784163, 0.0020508089005960564, 0.0018776702319468006, 0.0021177484255061278, 0.0018141153267538966, 0.0015986627822163165, 0.002408843459151584)",0.8198209751287977
0.0035787561611452284,0.0034500638789090004,0.00052525367825967,"(0.0038403817885567593, 0.003036841235443508, 0.0035158461843488903, 0.0033147780595706388, 0.0035370862505025137, 0.0032939202348005866, 0.0031796111872714958, 0.003657026113587342, 0.004070044478103455, 0.002862870007893251, 0.0030981902547021728, 0.0037597360449128253, 0.0028266830721167683, 0.004125079761644853, 0.004213552444102422, 0.0027627342614553615, 0.002600729535332236, 0.004458532990150923, 0.0037067009316777643, 0.0031409327420062424)",0.24500976873236918
8.043891403704045e-05,0.00010000284523418394,2.0872332437338036e-05,"(0.00010666264186515139, 9.014743434519551e-05, 0.0001627465580122525, 5.908044389894681e-05, 9.605018890554125e-05, 0.00010010619868928797, 8.960730405257e-05, 0.00010729590157877773, 8.936602836378926e-05, 0.00010759275946968215, 0.00011083876592171056, 8.674823707359631e-05, 0.00010624205934612374, 9.05035438939034e-05, 9.127558036321488e-05, 0.00010533899358378637, 0.00012804050846074999, 7.508526958911362e-05, 8.77233130066061e-05, 0.0001096051742636789)",-0.937314085806051
0.01722540233365673,0.016808923619142335,0.004158652282385397,"(0.020835941967335368, 0.014359530291589942, 0.021271628590107807, 0.013006490073208624, 0.02572122848815427, 0.007742802929354254, 0.015567754402356578, 0.016600477894344608, 0.01808352339371773, 0.01650236801038702, 0.02326557126118318, 0.010430835726923684, 0.01660051832724988, 0.018470611152625653, 0.018183934355339576, 0.01543244370629121, 0.015886557708501402, 0.014454094242029614, 0.019300977175833036, 0.014461182686313332)",0.10014752045475304
0.024723227224396814,0.020025135097197496,0.007139922421255827,"(0.026193089247939186, 0.013604828726074273, 0.01698580120630807, 0.021032464477395953, 0.03620333558740799, 0.009597327143137185, 0.016372732088471616, 0.0219238298680791, 0.02612056876682146, 0.013584070848900037, 0.020882832209626636, 0.016998359180002042, 0.014939282216811154, 0.024223426563852003, 0.010487337841714378, 0.033707320835105505, 0.016315840978571552, 0.021831586006526262, 0.025418567962878936, 0.014080100188326537)",0.6580032456953474
0.01959727871782781,0.015597115597026541,0.0054066840460978306,"(0.01981408624151305, 0.010978420550500956, 0.018987808672651818, 0.011504711188708886, 0.018684109441477224, 0.011143385927923717, 0.011226245862366173, 0.019637638914541025, 0.01787545891870361, 0.012081428407895096, 0.008637775806898817, 0.02501260046213161, 0.019847126340344898, 0.01125843423125934, 0.007732570812104852, 0.027735834679789663, 0.01456383663612648, 0.01492350231253247, 0.01835900103801044, 0.011938335495050745)",0.7398551656977829
0.02643250819541471,0.01318247641775569,0.007893645006528794,"(0.009264078414314085, 0.014142228640916804, 0.010915188491706432, 0.01205007401565309, 0.003365517196565067, 0.037328705429487435, 0.010256275350408491, 0.012947884200135406, 0.029177834465331183, 0.0044601369495578325, 0.006734428035113835, 0.019326495171115947, 0.013329149675985032, 0.010087282275953478, 0.010759414330939217, 0.01201024889978767, 0.014952477162200993, 0.008754128544982948, 0.01497512068635001, 0.008812860418608853)",1.6785695032776347
0.0012536457081380077,0.0009058326500294425,0.00048707656051928043,"(0.0014502920823738254, 0.0004219351322151021, 0.00168775133013207, 0.0003625506917708201, 0.0005988825006761889, 0.0010172809489037652, 0.001011590034591058, 0.0006074930662769538, 0.000785539268243201, 0.0007790426595954778, 0.0017171122406343135, 0.000356048974942103, 0.00042296915986803985, 0.0014512145103752717, 0.0005010469823413521, 0.001218457159301627, 0.0005158489387119275, 0.001185691368982986, 0.0016560424203057164, 0.0003698635303470484)",0.7140829313111597
0.00066607245409328,0.0006050484302208022,0.00014847183553587498,"(0.00048679449727848486, 0.0007095610495113753, 0.0007724323553379635, 0.00044718933594806024, 0.0007133263883303627, 0.00048390546773381015, 0.0007783242605661379, 0.00044394121100941306, 0.00040090513838249005, 0.0008615176204368137, 0.0005704903456099503, 0.000605391959912722, 0.0004359147810130799, 0.0007927233421721705, 0.0007091429911964026, 0.0004869559082828131, 0.00046877396298922695, 0.0007368138547333846, 0.00048588209130054827, 0.000710982042670835)",0.4110141405083705
0.002786059233916629,0.0031286135066594836,0.0007887436030424657,"(0.0028260604877087645, 0.0032671342381299304, 0.003782049216048781, 0.002441674101611417, 0.0029336557457188, 0.003142307105700919, 0.0024348839257179533, 0.003793868896661778, 0.0028696351630484703, 0.003216682271177024, 0.003927221539995322, 0.002350475196837445, 0.0038257104885523175, 0.0024157947271344973, 0.003842966754257823, 0.0024013652382461046, 0.002931669423461475, 0.003149342742473913, 0.0052659190455083904, 0.0017538538251985357)",-0.4343037096231276
0.0017939840045490681,0.0014942297124105122,0.00025806081215770394,"(0.0013855727041523777, 0.0015671766996602067, 0.001356376945263489, 0.0016010777227754883, 0.0015254448903864167, 0.001421826119453366, 0.0017891796786151395, 0.0012141258047758472, 0.0021502357126766186, 0.001009677691692094, 0.0013398308657744406, 0.001620380639618205, 0.0016132996002617879, 0.0013469326242090051, 0.0018292737090708248, 0.0011865902636299436, 0.0016907298938760443, 0.0012842839132307018, 0.0013893900529033294, 0.001563188716184921)",1.1615645538438923
0.002209533622894034,0.0019828530754467453,0.0003032093078812131,"(0.0018902150072171281, 0.002034333576698372, 0.0015779228161128965, 0.0024373373857451905, 0.002141819479391051, 0.0017918429335498174, 0.00213793880072987, 0.0018000028851769903, 0.0023814169604725686, 0.001614280952234943, 0.0021147761386083683, 0.0018177266161583927, 0.0023042117280652813, 0.0016709010507709107, 0.0024723269879131033, 0.0015542824011887091, 0.002105053454258488, 0.0018265998289022716, 0.0016434278741881173, 0.0023406446315524334)",0.7476041848164318
0.0020996748301170256,0.0021916830369202596,0.0003968948010912651,"(0.003061197819078897, 0.0015214569849084495, 0.0028294805189736125, 0.0016463114573709498, 0.00263219330857724, 0.0017652178490505487, 0.0020413378591239723, 0.0022841853696806396, 0.001903108252060845, 0.0024466238904299405, 0.0025054593723849556, 0.001858169020668531, 0.002116128817772308, 0.0022043496085158323, 0.0021468941700250282, 0.002167461032594185, 0.001811312499434417, 0.002571065465323569, 0.002062125469993688, 0.0022595819724375785)",-0.23182013609212515
0.007271112372472617,0.00689314074728331,0.0010868683788080515,"(0.004621532195096875, 0.0100505920063475, 0.0072881780224577095, 0.006376307922110422, 0.0076789133058638645, 0.006002827443983842, 0.00652167843360571, 0.007149008855192198, 0.006836965030782148, 0.006787946587736386, 0.007674664764060497, 0.006044247513386474, 0.0072743060622655975, 0.006417219779871937, 0.0057261933655972505, 0.00808817711438442, 0.007007573199380599, 0.006626158064014467, 0.007428980172094081, 0.006261345107434209)",0.34776209572296274
0.014818031374452144,0.013486124540769716,0.003025302128093375,"(0.012866712278652232, 0.013488030288931712, 0.01397697738997978, 0.012428289079913593, 0.009262271957863302, 0.018460888458519245, 0.010015263408225571, 0.017454731770925422, 0.012630441642720962, 0.013717299874189084, 0.01795188948649182, 0.009642468822702704, 0.013051612165046578, 0.013425950964227537, 0.012351916900871653, 0.013971228557052911, 0.008757523816224555, 0.01980373346858642, 0.0121957768669483, 0.014269483617320958)",0.44025580827585986
0.0048634408729906105,0.006036898196738038,0.0015789375609512725,"(0.006131859363542655, 0.005571588262753161, 0.004056110728302721, 0.008426208821334234, 0.008332662759773833, 0.004073132477706259, 0.006317116858890698, 0.005426442388804097, 0.005556593004111412, 0.006144070692413795, 0.007238692758544127, 0.004714227421267736, 0.007313324838675744, 0.004691638453471229, 0.003638130407811973, 0.009366737046752366, 0.007098438657171993, 0.004811410525606314, 0.0067969822119896715, 0.005032596255836737)",-0.7431942546483264
0.0011764570008168367,0.002011258048439627,0.00046289156857481613,"(0.001973859994825202, 0.0019520291567560791, 0.001707356209236414, 0.00225701945841994, 0.001592171920241134, 0.002414688097231442, 0.0011781330646166118, 0.003274128028432111, 0.0015925037526802557, 0.0024189132427646634, 0.002193115425446405, 0.0017562021829321014, 0.0025626990439831365, 0.0015056601945276752, 0.0018235195547451012, 0.002111175808449091, 0.0023356396857564777, 0.0016494968524846064, 0.001983859130912082, 0.0019429901643520091)",-1.8034483760268865
0.0037440305538158354,0.003492435521092983,0.0006132598521272942,"(0.0034699882128446675, 0.003413487243898769, 0.0034854154006402037, 0.00339834411841915, 0.0033383341694279596, 0.0035359714312105323, 0.0028653029937531736, 0.004146637131506079, 0.004214417046702398, 0.002810516736073897, 0.0027126617545196003, 0.004363465857938166, 0.0039741588056321, 0.002987528240979983, 0.0025482304331965132, 0.004640137648374477, 0.0036339462070498485, 0.0032583620729586134, 0.004286595950594328, 0.0027652089661391916)",0.4102584440349586
0.00010452222922363412,9.999636282525425e-05,2.0267826261600068e-05,"(8.92150687609345e-05, 0.00010775155808575531, 7.491864958923771e-05, 0.0001283125293923037, 0.00011882265026328169, 8.089635634254043e-05, 9.299787504997942e-05, 0.00010337988685740908, 8.230491248516839e-05, 0.00011679938306605757, 0.00012078780826035932, 7.958494470909971e-05, 7.502135936276468e-05, 0.00012814492582555813, 0.00010930353543070453, 8.794377837314477e-05, 0.00011462575764919838, 8.386368267576888e-05, 7.23126643442265e-05, 0.000132939929981592)",0.22330299954044341
0.016565985120426025,0.018721121001161155,0.004690424279345213,"(0.016610202652951017, 0.021323819872826007, 0.02008712937295811, 0.017727006373054004, 0.020892675261227272, 0.01461725453765057, 0.027580848879702444, 0.010504044086594626, 0.011887412124151496, 0.025169813187243574, 0.02020235644959939, 0.017276312984515034, 0.015003008909952915, 0.02402996348693199, 0.024317615023861344, 0.011022998453512532, 0.01914854770854496, 0.018510598301959835, 0.016976142522249705, 0.02153466983373622)",-0.4594756790394212
0.01301543242866934,0.019566091630686146,0.008318839036414054,"(0.024050588289077933, 0.013525161847920542, 0.025122611087931717, 0.013337891037072003, 0.03126337501442297, 0.010390114071244733, 0.016634288901283316, 0.020190606498785655, 0.01064199869176505, 0.028572514673194497, 0.04167280851326259, 0.007162501424629997, 0.012977646470484055, 0.023674011139676293, 0.01813294430905101, 0.01859157189651658, 0.024245356713642502, 0.013742300553319504, 0.02285960428689641, 0.014533937193545508)",-0.7874487261194267
0.0160769925383631,0.013861248727890858,0.0063547044235860994,"(0.00793290838557519, 0.020191200679621508, 0.01480408715753863, 0.011378529005347086, 0.02579899891160521, 0.006205826370853853, 0.019174573629368676, 0.008820651091094145, 0.030378756858260178, 0.004728568605469517, 0.016931183020963993, 0.008156360146441428, 0.009884782595019674, 0.014711546304911399, 0.0146697025494269, 0.011598219242893677, 0.012262043797970778, 0.013607787151913665, 0.014668571070110444, 0.011320677983431195)",0.34867771382856033
0.01161216650323625,0.01025034579524954,0.004682244748995094,"(0.009591679730781047, 0.009163431121273784, 0.01556539688627188, 0.005989293613959973, 0.0059935576763449445, 0.014684177959068418, 0.008065534544679662, 0.01161460720589888, 0.008532814759242967, 0.009116271675412402, 0.004963365564377327, 0.014855748072567988, 0.0033278587075124193, 0.023595112798493724, 0.00898707244643074, 0.010492540174249733, 0.01110044146205222, 0.008306834853934103, 0.01491217329685374, 0.006149003355584876)",0.29084782641466655
0.0009957234293068893,0.0008193268431593751,0.0002875522076940769,"(0.0010968619049633718, 0.0005440272012538516, 0.0010990040446000034, 0.0005520205642792897, 0.0004634887395894812, 0.0012932958153636612, 0.001213736632813537, 0.000500755859550636, 0.0009870771732390872, 0.0005917641807075768, 0.0005510411066628684, 0.0010256735402031456, 0.0006235594617489014, 0.0009278868313345874, 0.0007748464326167096, 0.000785000268745135, 0.0009828117008233615, 0.0006156626566902051, 0.0012895955357561074, 0.00046842721224598586)",0.6134419469843899
0.0005180791400659722,0.0005930668601776341,9.1490923036765e-05,"(0.0005474736860866151, 0.000628338781958113, 0.0006699724427947968, 0.0005142287220830467, 0.0007795515536645223, 0.00044139994861451076, 0.0006000263418283571, 0.0005742578849426723, 0.0007633264985723093, 0.00044957692055976116, 0.0006159791096786942, 0.0005557883007558693, 0.0005316865905860959, 0.0006451555905843487, 0.0006286268158277852, 0.0005481915216650662, 0.0005824644862544972, 0.0005913325294930025, 0.0007065455426632158, 0.0004874139349394007)",-0.8196192324076631
0.002461691851465338,0.003127216079998823,0.0008515428483605194,"(0.0034423723202369255, 0.0026553445218265954, 0.0035354124048424898, 0.0025913384821006024, 0.0017537696659321146, 0.005211983549683869, 0.0033608962231492755, 0.0027263942921223207, 0.0023929599514631583, 0.003801263418453864, 0.003559382442144475, 0.0025509121668634616, 0.002540015302902187, 0.0035830450774381986, 0.0030195499384559773, 0.0030354071691482795, 0.0032121134307449358, 0.0028509409544454543, 0.0018983727539217394, 0.004822847534100525)",-0.7815510749867993
0.0015153799582229028,0.0014947157872091982,0.0003102857877033146,"(0.0014983956363055204, 0.0014323524457532618, 0.0010794311279699463, 0.001991943731089001, 0.0012251092739365352, 0.0017520177880783272, 0.001703853420044006, 0.001262136582614841, 0.0021416084171480966, 0.00099848303083031, 0.0013690974541374036, 0.0015590050728297015, 0.002018206095520021, 0.0010597198151757125, 0.0015165676649074467, 0.0014182793819713447, 0.0014890250460621209, 0.0014435218884780044, 0.00139488752393078, 0.0015406743474015757)",0.06659722047425201
0.0018164922436581066,0.0019824478783686287,0.0003826329451909431,"(0.002615413276799116, 0.0014511702577067781, 0.0015282958686630614, 0.0024922341071514625, 0.0019472730334178282, 0.0019498232566495133, 0.0019738681850610135, 0.0019302544553569773, 0.0015045527625685681, 0.002506340289871629, 0.0014728248337867486, 0.002549006508170099, 0.001857151519017474, 0.002029971823309144, 0.002234478193001961, 0.0017056881473402352, 0.0024282153339678977, 0.0015675945651050984, 0.002034171762005165, 0.0018706293884228028)",-0.43372019267108924
0.002705629276116425,0.0021585816759719955,0.00035636744596604194,"(0.0017231882238236886, 0.002637192685790931, 0.0022343718743040044, 0.0020441394165880457, 0.0025249998605484723, 0.0018012206006879608, 0.0026660562407659514, 0.001713975038659792, 0.002418018233012688, 0.0018637282866927657, 0.0021789607316715165, 0.002052719456774545, 0.0018744538765228952, 0.0024013710860716114, 0.0019311633953219762, 0.0023671603074140565, 0.0019374380298860204, 0.0023553663089241803, 0.0028401431840779975, 0.0016059666819007983)",1.5350661412450042
0.007275093304347204,0.006795309806687265,0.0016497213360304453,"(0.007625395269652324, 0.005764159993161089, 0.00594654484338734, 0.007512523030811178, 0.005732061015570479, 0.007688806567380694, 0.0072481905441447924, 0.006172965111476436, 0.00474297340211411, 0.00902325244683804, 0.006155125949841179, 0.006784701342946597, 0.006954349226970043, 0.006129481781439908, 0.007330647021591329, 0.006111229455791181, 0.0037467594718372304, 0.01188985602386235, 0.006433747645761093, 0.006913425989167934)",0.29082699434220394
0.013289236451794072,0.012537165070958166,0.0018878920683949164,"(0.012348461145192795, 0.012522340112939899, 0.014486594920119028, 0.011000407921600463, 0.013578658650639737, 0.011444259761642952, 0.009706666157627266, 0.016464539833873363, 0.012459297603723907, 0.011809778654724776, 0.010765745803789327, 0.013063600308217717, 0.01604432132849445, 0.009104917321221708, 0.011319334601959533, 0.014152101007688132, 0.012653847617955955, 0.012528261874131611, 0.01129472847332277, 0.013995438320297905)",0.39836566582713406
0.005328873023214107,0.005750944003925355,0.000859608033945751,"(0.006155385321340898, 0.005272148184595278, 0.006261264702509107, 0.005257977384603741, 0.006622056804499935, 0.004912866149884762, 0.006919591368187274, 0.004764328428413293, 0.005002022089413021, 0.0063387758762386455, 0.006220100083170489, 0.004985657367891707, 0.004440690986144436, 0.007112489000631069, 0.004984201674642743, 0.006621517824206122, 0.0057564520025410884, 0.005704979316210577, 0.004682315164290075, 0.007004060349092848)",-0.4910039972216965
0.0017779274994677802,0.0019587074303142092,0.00024689119737519253,"(0.0018880579178334937, 0.002003239337476373, 0.0019470889082920904, 0.0019520350635613092, 0.0023469766978022892, 0.0016129228401135344, 0.0022910473968463106, 0.00165975806909732, 0.0018074387383338055, 0.0020761601687023395, 0.001665148052423951, 0.002236506623101101, 0.00203431255725669, 0.0018421337097072332, 0.0021743880039258915, 0.0017494480373631462, 0.001925626722701762, 0.00197213509951202, 0.002423421804717026, 0.001566302857516494)",-0.7322250965946902
0.0021447389131883736,0.003388484513537564,0.0006075650155128764,"(0.0037570934936403807, 0.002968567851472782, 0.003989956081866005, 0.002829207709234401, 0.0028091831896061977, 0.003983027123946714, 0.004527796791210675, 0.0024964341671317907, 0.00435029036982949, 0.0025234668801673767, 0.002822963211625745, 0.0037980067588553345, 0.002850387780191223, 0.003825793443383355, 0.003082779597736157, 0.0036687661747412904, 0.0032019434125109937, 0.003518699903908358, 0.0029476455887786196, 0.0038176807409143923)",-2.04709877723832
9.232091901243467e-05,0.00010233428237599356,3.151651053493003e-05,"(5.243939649507265e-05, 0.00018299030084478767, 0.00011118287091467745, 8.634218365054946e-05, 8.808258797387139e-05, 0.00010895554159776996, 7.521300153345324e-05, 0.00012764045739224644, 0.00011851917854038912, 8.092643489232062e-05, 9.03125085796759e-05, 0.00010610986031309048, 0.0001115621554625512, 8.59495013145089e-05, 8.462034275209508e-05, 0.00011345219001703172, 6.688326202303015e-05, 0.0001435213325525391, 6.555158536012591e-05, 0.0001464309553100846)",-0.3177180212403587
0.0024690344655678292,0.003189488208576869,0.002625683238114186,"(0.0002766397061772211, 0.006916852259121603, 0.0018023408981736207, 0.005054984198062332, 0.0008518623687453028, 0.004706272494297567, 0.002517995857560248, 0.004288737903554595, 0.00043681042312180895, 0.0017041813735283338, 0.010085600123809421, 6.306723981895204e-08, 0.006825531470768507, 9.31275004899548e-06, 0.004174277816092622, 0.002693322621835966, 0.003732050435097419, 0.0022070329965098597, 0.002953279229696626, 0.0025526161780955376)",-0.2743871509521777
0.045577311749274145,0.019685766340339608,0.007901539116517696,"(0.013840665978762356, 0.024256054785287674, 0.015068900527681431, 0.02210673885141268, 0.034509553555719774, 0.00968692479068236, 0.011652574494280997, 0.028487124067373644, 0.021509440270320698, 0.015471912620840288, 0.009457402994372421, 0.03480123847201063, 0.032712252601270586, 0.0101561683861867, 0.019602141741201107, 0.017100173713788094, 0.01966164717037688, 0.01686391639764643, 0.016196071815991118, 0.020574423571586137)",3.276772414479327
0.015798875947802504,0.015397698359136375,0.0062041771769615955,"(0.016472276080504777, 0.012513517894520773, 0.021307880397822578, 0.009548796200832077, 0.016326863541186922, 0.01253699112590072, 0.00697463265644965, 0.02900545019505822, 0.016220926299989426, 0.012522563732141749, 0.007915124464738885, 0.025196719632549294, 0.025074325319260935, 0.00807963928133933, 0.018738854813010627, 0.01097118976161129, 0.018857762151177716, 0.01070264596399807, 0.017044779041693603, 0.011943028628940849)",0.06466249709241857
0.011259892945888889,0.011035103908824048,0.0034816335449603993,"(0.012846234814585772, 0.008740723938777322, 0.007631195543246852, 0.014516637114177713, 0.007589416192348276, 0.014689917299777325, 0.008336973553261889, 0.013211230785205405, 0.008506269960475054, 0.013000878595790502, 0.018677722872288444, 0.005810224392656582, 0.014111119278067215, 0.007817116633322631, 0.010124969784217428, 0.011059732894364726, 0.007025122074795686, 0.015633340632963105, 0.00885160059763726, 0.01252165121852174)",0.06456424381314292
0.0006434654284085316,0.0008776974404777021,0.000359317008576645,"(0.0007666537981159099, 0.0008614569242209108, 0.0004015662549199631, 0.001640883112979796, 0.0007812691117216008, 0.0008446486652748246, 0.0006228802896365168, 0.001057377443784086, 0.0009307713962944289, 0.0007077960519166533, 0.000401678541768459, 0.0016354339588075186, 0.0012551746876599372, 0.0005247523461447686, 0.0011707756023457713, 0.0005637610017394522, 0.0010416575633911316, 0.000631244393016446, 0.0011321169806175254, 0.0005820506851983449)",-0.6518812259876842
0.000458348752026194,0.0006000003004782695,0.00012669424233724706,"(0.0005346983191051153, 0.0006463829249418365, 0.00048542511149254143, 0.000711809807268483, 0.0007036168791274625, 0.0004911478516575627, 0.0005551436036514778, 0.0006223646504749505, 0.0005306932636531918, 0.0006510733420223693, 0.0009528356306624903, 0.00036250023162620024, 0.0005556817854395532, 0.0006217765458322066, 0.0006426698533854191, 0.000537756568237738, 0.0007267073251666205, 0.00047537802766018766, 0.0004967333638069391, 0.000695610924353044)",-1.1180582940384427
0.002267520077414828,0.0031125560966145387,0.0007070409958644043,"(0.0033498891817880755, 0.002757479575468253, 0.0033995305845668637, 0.002715817343470559, 0.0026730449705794695, 0.0034547503552552383, 0.0033135870580643097, 0.0027856280228067817, 0.0029323768161859556, 0.0031482648817885996, 0.004683950002237351, 0.0019695368067836495, 0.002544082520717957, 0.0036283978657600034, 0.0036340976081914314, 0.0025415648303951004, 0.004524816091625633, 0.002039761069988006, 0.0025905250806027404, 0.003564021266014789)",-1.1951725913242108
0.0013668210488899295,0.0015193512316105109,0.0004026513521545341,"(0.0014240732995011054, 0.0015181217570590685, 0.0009801568209651791, 0.0022048268226530416, 0.0015745060318686976, 0.0013727989690696756, 0.0013837591679605964, 0.0015614902301275193, 0.0009702624939945363, 0.0022272007907382556, 0.0013005352102470008, 0.001660704930738921, 0.0013828986278791608, 0.0015625305949866087, 0.0009422186493009815, 0.0022943147090136963, 0.001688662392216611, 0.0012794298640069449, 0.0011079017690613683, 0.0019506315008212427)",-0.3788145300007378
0.0020339247869222954,0.002011684752839623,0.0004802286923628337,"(0.0017502934625181956, 0.0021935189908566756, 0.0011998287907224296, 0.0031976650178042036, 0.0016125600019369505, 0.002380063668738759, 0.0022938272120722977, 0.0016721574975909624, 0.0025435601676512963, 0.0015082492444087523, 0.0020509724304134773, 0.0018687411047094299, 0.0015218173322433981, 0.0025206270280750437, 0.002108954545784633, 0.0018202153100963683, 0.00231623960212341, 0.0016556104427432523, 0.002457645824746422, 0.0015611473815565038)",0.04631133965204504
0.002195679291704696,0.002190980421686854,0.00042105006250054826,"(0.001971769408415837, 0.0023536829731765664, 0.0022136704040551162, 0.002094592291886982, 0.0022501235888507014, 0.0020616605220324024, 0.00257561328032112, 0.0017996951144055682, 0.002178487012122385, 0.0021281962686705235, 0.003078241931511722, 0.0015043406635374234, 0.002012531285310069, 0.0023034337274450236, 0.0029976881154403097, 0.0015478633673819506, 0.001804484962946677, 0.0025678145619212056, 0.002574968451396428, 0.0018007505029090701)",0.011159884385091462
0.007927462781344412,0.007070750024582981,0.0017793240898248987,"(0.005356656881756882, 0.008812945238720657, 0.009932511625161147, 0.004739029615829909, 0.008126002621752877, 0.005801749755129455, 0.00638048254387092, 0.007370074542504308, 0.0056291092779426274, 0.008359146768848953, 0.00803012915789376, 0.005837266611659461, 0.005216183805987821, 0.009017691960317629, 0.006684003544189789, 0.007058323075073624, 0.01056605804264835, 0.004445001154881542, 0.00854097110601527, 0.005511663161474666)",0.48148213226615694
0.009039670644385218,0.013469528147623143,0.0024966857848817787,"(0.013335900960195463, 0.01325563150323138, 0.013503758158756329, 0.013016388544944697, 0.012425210029955485, 0.014190177653622972, 0.01379276483205104, 0.0127194404022564, 0.010618707036019333, 0.016541943909846996, 0.012580149184326837, 0.013858215396705384, 0.01717302394972256, 0.010221442763364244, 0.011177308487460694, 0.015795874429411074, 0.019849265997404945, 0.008816841628268141, 0.013330428616018684, 0.013188089468900146)",-1.7742951596320655
0.0067705992855958,0.005925707318819334,0.0009031993546406066,"(0.005417901261371187, 0.006356043752907655, 0.0069164462554917325, 0.004966194779051787, 0.005445209777481588, 0.006316896607167824, 0.007169780630092655, 0.004786750906017786, 0.0067148194150294235, 0.00511382389956943, 0.007408825859208799, 0.0046192690624241575, 0.006031412005184566, 0.005691555485482354, 0.005645299235749621, 0.006096562894378131, 0.004748210722611248, 0.007219675780454378, 0.006791489887522279, 0.0050579781591901)",0.9354435014102261
0.0016062064872823197,0.001985722203261149,0.00035701139947625726,"(0.0024156387349516337, 0.001584753743148651, 0.0019938491039848704, 0.0019183617332619069, 0.002160669952406562, 0.0017710811685908527, 0.002378834728439793, 0.001607452681465529, 0.002101096651721499, 0.0018202643083847397, 0.0017969615969383023, 0.002125959730985287, 0.0014965625168690156, 0.0025553013892759004, 0.0018731233455077606, 0.0020433620364411547, 0.0027705912627635867, 0.0013796332827724835, 0.0018247269786724465, 0.0020962191186410023)",-1.0630352883285692
0.003793376530293711,0.003497963558633583,0.0006847296890644606,"(0.003972146044407882, 0.002976700217408247, 0.004953670794181556, 0.0023827717301934787, 0.0034071742861833073, 0.003468098101864431, 0.0032825862829400482, 0.0035944618773535793, 0.0025270340561959334, 0.004670174628374429, 0.0037575864899355473, 0.003133995324784245, 0.004538686969522879, 0.0025998218330974313, 0.003928881635550186, 0.0030081269457447623, 0.0032255794350127755, 0.003653636985422886, 0.0032862830271411583, 0.0035918545073568998)",0.43143006120232313
0.00014423678007757313,0.00010095387912780146,2.53766770946003e-05,"(0.00016776711742976235, 5.730601719915947e-05, 0.00013304393468587962, 7.225865006160925e-05, 9.713878408678345e-05, 9.89709174122785e-05, 8.18162223780743e-05, 0.00011750125664927567, 8.513132256747785e-05, 0.00011292603874494456, 0.00010407922326636251, 9.236184934520387e-05, 0.0001236805301680927, 7.772847246053203e-05, 0.00011801018327351506, 8.14668877254152e-05, 0.00012470691724814444, 7.708547617663279e-05, 9.812404457717306e-05, 9.797373709971197e-05)",1.7056173583491547
0.010609733819143367,0.009807715699694786,0.0027231364704778977,"(0.010584359406443252, 0.010358726151853053, 0.008440358542823701, 0.010962330885450788, 0.01206991964656161, 0.008510234493649257, 0.011592074063224343, 0.007718945936966546, 0.013652237065731088, 0.006191924872524747, 0.008954715394360498, 0.008427611121162413, 0.006072333357415615, 0.013661004025451947, 0.009136869137905736, 0.011367021582877912, 0.006376875870010506, 0.011775719079996383, 0.005439435588131555, 0.014861617771354734)",0.2945199875744129
0.009809474614696273,0.020254634019855167,0.009985193495513757,"(0.016497903918023145, 0.01978519761250309, 0.03261086893162264, 0.009705214483654618, 0.0080946521055857, 0.03998169282613905, 0.02757889502133594, 0.0118604945420376, 0.036984570358129194, 0.008816059656052859, 0.014851968173946661, 0.021843730818809984, 0.01828942998758366, 0.01781115098746059, 0.010888231993299092, 0.029880861392346317, 0.019778246442449358, 0.016158085853595374, 0.03409038659104247, 0.009585038701485984)",-1.0460647968266008
0.016192591735831978,0.014197110479591735,0.006684602768742333,"(0.009692854821674922, 0.017433263169725727, 0.035357334241162997, 0.004525330056990712, 0.008277774292196559, 0.020114860844904527, 0.012970228156074038, 0.013080122626656282, 0.015157215899881948, 0.011130351618825573, 0.010703334907910502, 0.015621870673776024, 0.012196376083513991, 0.013808198565845906, 0.017770836945236533, 0.00945604678285956, 0.007439091990983488, 0.021871811014484287, 0.017852425707998814, 0.009482881191132294)",0.29851904821798114
0.012821381003234681,0.011580674468157404,0.004987458568817966,"(0.0096208451501389, 0.011881488807797652, 0.006749176751393749, 0.015971770809513532, 0.011751048031571513, 0.00957858949970952, 0.006016053129340342, 0.01908780908009203, 0.010552111869974286, 0.010817719853626848, 0.005489294761663441, 0.02059538733730901, 0.01055517004358655, 0.010792833212464697, 0.011671322026253428, 0.009737913378317012, 0.02272016921874495, 0.0048289061104366485, 0.007129019845255796, 0.016066860445958182)",0.24876528154725625
0.0005943353508938158,0.0008619910667310034,0.0003764366512581588,"(0.0003829543815221319, 0.0016498033531172367, 0.0005779408239051041, 0.0010865192938646778, 0.000660587221699834, 0.0009556826638254811, 0.0007668110970681667, 0.0008248936848733436, 0.0019081601327930798, 0.0003313013897836216, 0.000875695825807837, 0.000721226902947876, 0.0008489570639599939, 0.0007443724233418827, 0.0007632918270118381, 0.0008277663007943597, 0.0006131524427007365, 0.0010247205137807784, 0.0011033348419464066, 0.0005726491498756836)",-0.7110245905721607
0.00048252776581481197,0.0005977648685985991,0.0001109005920923972,"(0.0007613333419426155, 0.00045423501203139687, 0.0007070845577274979, 0.0004886527403133592, 0.0005888149302624971, 0.0005872151805585306, 0.0007141787888030048, 0.00048427847519317375, 0.000621238710285537, 0.0005566811529913186, 0.0007883203891196455, 0.0004386304818849189, 0.000662743548708656, 0.0005217962564970014, 0.0006419751669450902, 0.0005386593463717069, 0.0007141847449485837, 0.00048389300817965747, 0.00047823184808740756, 0.0007231496911203828)",-1.0391026829484995
0.002376554172180039,0.003097140088530094,0.0006499004963133932,"(0.0033844104654865916, 0.0027203767744410938, 0.003474186026751668, 0.0026443490819741122, 0.0038327406286142018, 0.002400764496673328, 0.0033940206564045195, 0.002713106027899801, 0.0027646404266115244, 0.0033300153984517533, 0.002764768979493635, 0.00332868103378009, 0.002041784085061452, 0.004508630617742506, 0.0025307286647664536, 0.0036372337957879574, 0.0028776707228286916, 0.003194615594217527, 0.0021838210187951623, 0.004216257274819814)",-1.1087634498475227
0.0012801737601386756,0.0014947649394661873,0.0002876579157881157,"(0.0012725324085930277, 0.0016953185038195596, 0.0018104073002367556, 0.001189753958231328, 0.0014217540305188866, 0.0015167670000730783, 0.0018058461126552194, 0.0011948013498892433, 0.001791537627748243, 0.0012041514158419838, 0.0019892851942032845, 0.0010841682154461867, 0.0011236311414118318, 0.0019198109773392196, 0.0013487967156167024, 0.0015992212360741046, 0.0017775124652392074, 0.00121233682382542, 0.0014665858921379697, 0.0014710804204224918)",-0.7459943479725973
0.0025577221695808174,0.0019894497287219768,0.0003693263311753709,"(0.002108716273870836, 0.0018178386580511422, 0.0025832822440707086, 0.001479964435240278, 0.0017724710172698555, 0.0021613181440944098, 0.0022987865521135664, 0.0016679557721816182, 0.001956580334533465, 0.0019591667531217894, 0.0022301319865014515, 0.00171809589043218, 0.0027824434594438466, 0.0013775121482547355, 0.0015637218514440744, 0.0024508555192807755, 0.0017206757166971763, 0.0022235165660700004, 0.001951995614194934, 0.0019639656375726776)",1.5386729645035848
0.002339204299823356,0.002234839492920066,0.0006483680109502475,"(0.0027816159650636066, 0.0016572607458374237, 0.0030211245152697666, 0.001521017115795252, 0.001485480116214851, 0.003101127415641543, 0.0015934453405307973, 0.0028940561535027265, 0.0021817023800279932, 0.0021130693242565023, 0.0015428104669154208, 0.002986529269512413, 0.0019361328330974726, 0.00238072988644583, 0.0017533744041201547, 0.00262856565647112, 0.0013123623180729372, 0.0035042049743156953, 0.0022809605278233153, 0.0020212204494864873)",0.16096538561538978
0.005401753084581709,0.006834897425065813,0.0009606560065707212,"(0.007561805978268126, 0.006076313640025799, 0.00901266629830558, 0.0050461196426967395, 0.0059606023500224006, 0.00769164055830866, 0.006145182930861223, 0.007485893285738555, 0.00607196886831419, 0.007568609572481852, 0.006899390194657938, 0.006649610523486561, 0.0066005866978952315, 0.0069591249253150855, 0.005463458115343994, 0.008404346831683365, 0.006276890490743903, 0.007263441248313386, 0.0068694133293524615, 0.006690883019501219)",-1.4918392543029384
0.009240006670433195,0.013509609111907961,0.0030657999382927193,"(0.016472065037062087, 0.010587755689229194, 0.009579234157458554, 0.017852965945716004, 0.018296098220838417, 0.009492121077735467, 0.01199150428525887, 0.01457657990308936, 0.015556348775954196, 0.01121487894980411, 0.017833230109851182, 0.009751262056305799, 0.014177831135384436, 0.012294043725042938, 0.015850968175369004, 0.01098834326485465, 0.0129469808081644, 0.013271881530972245, 0.009990214860082837, 0.01746787452998543)",-1.3926552702106254
0.0038419822518598774,0.0059452466725071875,0.0011635058599348475,"(0.005834354822356989, 0.005854434882205155, 0.008564720873793985, 0.003952802214802338, 0.004396359007097514, 0.007754879596651245, 0.005483894240377516, 0.006235174320918499, 0.007685056744807044, 0.0044454619392392146, 0.006416202443840248, 0.005316758976967635, 0.0065742984871134495, 0.005194336959140896, 0.0055001888197544575, 0.006206687544166826, 0.00678566326163564, 0.0049995428121895145, 0.006136052972111154, 0.005568062530974403)",-1.8076955974807776
0.001709617255284608,0.0020189963563502344,0.0005237757798816421,"(0.0020376389752070033, 0.0018799985622694837, 0.0018022729221639257, 0.002119262235142281, 0.0017431763169863254, 0.002196218975255027, 0.0015343477678573343, 0.002497548280015858, 0.0013462039844013998, 0.0028457908474615245, 0.0019603448160185047, 0.001953302910296672, 0.0013001813410643238, 0.002946107968410332, 0.0012148744376924347, 0.0031526382820200993, 0.00191201251994754, 0.001999002908264938, 0.002188228735266836, 0.001750774341262841)",-0.5906708804586897
0.00480545540947816,0.0034585804234496826,0.0005503029983401776,"(0.00441233972598245, 0.0026488711706189917, 0.004103397312428738, 0.002835054046081228, 0.0036281487322858603, 0.003219362241960815, 0.0032040485870925297, 0.0036509000308401485, 0.003600660991973123, 0.003247335413285245, 0.004363576893846975, 0.002677621649664573, 0.0026883682766303046, 0.0043481028690176855, 0.0036501182838630727, 0.0032019942131650825, 0.0036695478867701786, 0.0031718995661593847, 0.0032170860712463214, 0.0036331745060809418)",2.4475152599402836
9.491854064967564e-05,9.877856123802374e-05,1.2328710109144827e-05,"(9.094166054744176e-05, 0.00010571683765989228, 7.789114310829142e-05, 0.00012341579411696607, 9.060947179873693e-05, 0.00010610369699753783, 0.00011662994571768243, 8.243449167838513e-05, 0.00010148159099975254, 9.473868079202001e-05, 9.256814758091496e-05, 0.00010385946549054613, 0.00011201603864441507, 8.582840692125103e-05, 0.00010598002302894992, 9.07164765779253e-05, 8.713346785166376e-05, 0.00011032468418197484, 8.829207609795812e-05, 0.0001088891249681689)",-0.3130920067205516
0.014900621029413513,0.010424008559349699,0.0022744925916366003,"(0.008449519953752078, 0.012862350695124394, 0.007769704437388463, 0.010134249346079358, 0.009057244396692416, 0.012024615423448315, 0.011631131117385507, 0.010444023697466782, 0.008950817633468628, 0.012919317990655939, 0.010046664446803877, 0.011228210917277196, 0.011153043028337434, 0.010351882313575422, 0.012223617812880014, 0.009277462037241207, 0.0054496986676997455, 0.01292586785639373, 0.014655909618020694, 0.006924839797302805)",1.968180721504434
0.007953572026936258,0.01865837922491508,0.0070039847330755686,"(0.026574161709032786, 0.01159859135730957, 0.008150022874412785, 0.03677114181686421, 0.022335169795123417, 0.014099360391459688, 0.025962957101676513, 0.012168071701338155, 0.02790348078266538, 0.01065843344021674, 0.013357348634909559, 0.020925058351042844, 0.014884404783979906, 0.019959649573277814, 0.01488336050194031, 0.021122368941087703, 0.021981885826297017, 0.014444171029462927, 0.018600755815171014, 0.01678719007103321)",-1.5283881398865011
0.006233380441143515,0.012936370721430763,0.0029788507945830707,"(0.014079368515086343, 0.011501396626972511, 0.008436845970611785, 0.01824087157588028, 0.012550928880000398, 0.013400358453838038, 0.015911851764170058, 0.010629875680376268, 0.012718655191570711, 0.011912203070272792, 0.01459681169044705, 0.00928009331033416, 0.013160206515985392, 0.011484663301801007, 0.010543556982665242, 0.015899653381499394, 0.01734385924078982, 0.00983525597151951, 0.009212978108837491, 0.017987980195957)",-2.2501933606330287
0.013673819679795586,0.010820843936337386,0.005867657094078102,"(0.004411502758990196, 0.020320373717794, 0.004629329915086312, 0.018247830428787484, 0.01279789355129411, 0.007314513595119142, 0.007096235382020768, 0.013277343563476858, 0.009998662680986994, 0.008282268313039826, 0.01322951712947534, 0.005495988948632326, 0.0044954279967962495, 0.018362338868801217, 0.006560855107310317, 0.014211727936984423, 0.01274372782355493, 0.007462652070010553, 0.003905328728183643, 0.02357336021040308)",0.48622059839480886
0.0006283936415618167,0.0008269414220233508,0.00030879721114058844,"(0.001044080189117243, 0.0005770970178807665, 0.0007891902216975745, 0.0007496015104887563, 0.000518588870063845, 0.0011749902862854293, 0.0013241881980615262, 0.00046094195279470265, 0.0005340623933552897, 0.0010968857287802466, 0.000489148209749432, 0.0011518521003876278, 0.0005240139679022762, 0.001115289553297992, 0.0004302936399606211, 0.0014139775156878484, 0.0006961804937782722, 0.0008781425531308704, 0.000882539917633254, 0.0006877641204134449)",-0.6429714171581031
0.0004771433677717066,0.0005930387408519021,9.33724479340102e-05,"(0.000432205547532129, 0.0007955691095377592, 0.000572862405428988, 0.0005992525157906793, 0.000447170820617251, 0.0007697635835763364, 0.0005539558213187815, 0.0006214779069685344, 0.0005669071325722063, 0.0006050874239113811, 0.0006011653191247209, 0.0005686117407382382, 0.0006594999778549752, 0.0005200519095660775, 0.0005464585346041679, 0.0006298237987843617, 0.00048177361534132033, 0.0007147206786500559, 0.0006142338183695505, 0.0005601831567505264)",-1.2412159651431984
0.003407828100984719,0.0030812443543679884,0.0006661071648247359,"(0.0026839624641222955, 0.0033894012301199637, 0.003993950743119984, 0.0022724181017125325, 0.0024612481529600566, 0.003702473558289288, 0.002674204147571631, 0.0034085095049588335, 0.0019013943148584837, 0.00476983962042176, 0.0028811162144587875, 0.0031318342597281565, 0.0032611762535401942, 0.0027806896136235667, 0.0038083551006854793, 0.0023924607385631493, 0.003238609248575609, 0.002815572651851812, 0.002769534662894265, 0.003288136505303921)",0.49028709472395554
0.0010613540163560465,0.0015139678731018562,0.0004050530415828226,"(0.0013193342804192227, 0.0016269722800757347, 0.0013399499571550581, 0.0015989330078532182, 0.0008769039042706555, 0.002451145789793991, 0.0009340575751500009, 0.002301629599532741, 0.0014084539383570488, 0.0015201506522352361, 0.0011005004444888974, 0.0019375635977317996, 0.0014592275688351786, 0.0014670947508605326, 0.0011801040257662838, 0.001821147508575366, 0.0012746555441463304, 0.0016870922509149425, 0.0017392388173025962, 0.0012352019685722914)",-1.117418733549399
0.0020901116541176277,0.0019584351897623726,0.00026254986462384154,"(0.0021806995468307304, 0.0017316785071710573, 0.002455770757561965, 0.0015319870674653444, 0.0020354313848928206, 0.0018600453227021164, 0.0019400226764380727, 0.0019522775379940348, 0.0016604348325375152, 0.002262374072022038, 0.002498161958709972, 0.0014916010207789514, 0.001831961486029884, 0.0020499825872112637, 0.002048626261738178, 0.0018475656338563368, 0.0020669330736910615, 0.0018333131370662735, 0.0019635149209382198, 0.0019263220096116189)",0.5015293553623025
0.0017407706978636202,0.0021886745974546555,0.0005257956193269602,"(0.0024109401918967687, 0.0018868544605391382, 0.0016125627258548037, 0.0028057970081953897, 0.002102402949160196, 0.0021715455778767855, 0.002046823686731377, 0.0022317234865007383, 0.003418414574873119, 0.0013203551546090212, 0.0025761796191957243, 0.0017317111208489948, 0.0018038456980079434, 0.0025009461397347537, 0.002321604394802816, 0.0019657050806442676, 0.002358198421287608, 0.0019382745703979442, 0.0014718832572130191, 0.0030977238307227004)",-0.8518593216207668
0.008925499434152979,0.006702053198724942,0.0014633351080916954,"(0.004884293616330275, 0.008855669670360606, 0.0060213050022427965, 0.007060817392788393, 0.006567397657367203, 0.00666152554704351, 0.007842167277240245, 0.0055882864382189095, 0.006573652516595539, 0.006417270812649532, 0.009986232681182303, 0.004070664667529113, 0.007000887965330214, 0.006016168799058285, 0.007632261495758305, 0.005724596181259995, 0.004854629204496898, 0.00904529850859584, 0.007111630889101906, 0.006126307651348955)",1.5194374980366503
0.014923548103577235,0.012393441053345992,0.0024333556557928904,"(0.013218321343337445, 0.011372610598900483, 0.012281803065106324, 0.0118451149282178, 0.008603631077492891, 0.01785536799595957, 0.01747768986692579, 0.008818412401686926, 0.01206818627582405, 0.011877168105771536, 0.00927466127577216, 0.014402059245433644, 0.013614194916682927, 0.010496935934768404, 0.013656628390319468, 0.011220813801489041, 0.011070476093890454, 0.013975096624845303, 0.013143610520808459, 0.011596038603687173)",1.0397604822821622
0.004408247596951661,0.005781247300351069,0.0012227407127579214,"(0.004256317785680128, 0.007570445663294058, 0.006794518713629566, 0.004670541549219945, 0.0073484531123527, 0.00442915864225423, 0.006626188419041943, 0.0049194127330007284, 0.007259371652393027, 0.004340970120453461, 0.00758758351967842, 0.004019107792963236, 0.0052649540114399155, 0.005976822063850006, 0.0071486606349877935, 0.004547633860709075, 0.006255336381630491, 0.005220111946981332, 0.005710891415492578, 0.005678465987968748)",-1.122887043077656
0.0016095606822216254,0.0019603530695688387,0.0003358500536283159,"(0.0015554103764925703, 0.002409396564184895, 0.0028344871309439455, 0.0013152394343253274, 0.002216052590306135, 0.0016969373792583937, 0.0018926899796230163, 0.001987889498519857, 0.0017023005123268983, 0.0021847136570226256, 0.0020560141344642085, 0.0017886195319302828, 0.0016995223028069624, 0.0021872001950275326, 0.0020731552389673547, 0.0018131750708271352, 0.0019824665496396667, 0.0018989880510382636, 0.0016886642763404957, 0.002224138917331199)",-1.0444910862972023
0.0029645895611699357,0.003367716682045864,0.00052153490110216,"(0.0036158314133077833, 0.003084955697975769, 0.003080182299228385, 0.00357349986930497, 0.0038298301735404322, 0.002936536591260275, 0.0032622103031476955, 0.0034517711540674734, 0.0035160558203318894, 0.0031085098813064156, 0.004447788213007366, 0.0023887517789334916, 0.0028237619745254865, 0.0038641348226410846, 0.0039840649393263925, 0.002819800871360183, 0.003490543442145595, 0.003229781676661008, 0.004132731759966895, 0.002713590958878706)",-0.7729628832586265
8.64447657818172e-05,9.980486535025126e-05,1.9849557431903058e-05,"(8.845585905091298e-05, 0.00010849408995162886, 0.00010537052986367205, 9.103679832806122e-05, 9.898953282479741e-05, 9.697520920310854e-05, 0.00012769628997142223, 7.517777705546422e-05, 9.093510988039116e-05, 0.00010546173155805136, 9.857134913463086e-05, 9.719868435899418e-05, 8.064379751673216e-05, 0.0001189126050948752, 7.173208668379247e-05, 0.00013381975315580546, 6.980015728300649e-05, 0.00013753928069957618, 0.00011781316694923007, 8.14734984408726e-05)",-0.6730678814511569
0.0013768089249459373,0.0034868222555685946,0.0031149735062816807,"(0.005561432931127874, 0.0005049436716577508, 0.007113199876157356, 4.742362383435446e-05, 0.003795055732969691, 0.002038734433774194, 0.001802656798830285, 0.004601884707572697, 1.1574831889135114e-05, 0.007551532693408152, 7.68810819805994e-09, 0.010571707795441958, 0.00898032195766152, 4.803776016907845e-06, 0.0027339782746430936, 0.0026340775236541373, 0.003562198172206234, 0.002679122977284394, 0.004126974147791937, 0.0014148134973420148)",-0.6773776169741371
0.015122392575757145,0.023560666341480116,0.014533811789286866,"(0.012077196882421816, 0.0326709575765608, 0.015394137436687551, 0.025697992690144906, 0.02316783277347416, 0.016625940783193988, 0.05197801495872828, 0.007217304787021556, 0.024980090696795455, 0.016936257131379022, 0.010239907831947575, 0.03865682546139067, 0.006089073153208932, 0.06197258597496904, 0.022050756298429022, 0.01758908849793073, 0.03399067776635461, 0.011936239834130962, 0.027182081166967013, 0.0147603651278662)",-0.5805960534003182
0.009978975841245902,0.01700497220978111,0.008056987084156544,"(0.013166171535594977, 0.01761343936806793, 0.020247487521080607, 0.011507097415724771, 0.010484070445143597, 0.021245156428865177, 0.006780584639121362, 0.03142439951624072, 0.009632431858519856, 0.027123187570103006, 0.015667632323328268, 0.014887889902353294, 0.030375627936361557, 0.007088006551922845, 0.008177664944483708, 0.027550440998392323, 0.027085586820433032, 0.008984433109340653, 0.017113812148733365, 0.013944323161811087)",-0.8720376854458781
0.014647968058875716,0.01320154378898082,0.005565927060082708,"(0.008448570017618033, 0.017334183250946444, 0.01124820888851514, 0.013085250814326961, 0.02010848193929191, 0.006993801091183988, 0.005559201470498121, 0.024194081481088283, 0.010888815398419854, 0.015194508042203871, 0.02318816816908983, 0.006355528265295319, 0.018568082863277335, 0.007323501173364137, 0.015083556150467988, 0.00943038577437198, 0.010712790083532174, 0.014368686489966701, 0.008793259006444249, 0.017151815409714034)",0.2598712225800176
0.0009969014265455334,0.0010125741171172666,0.0006955780001822988,"(0.0004539085533197956, 0.0015350111869788018, 0.001258319152584129, 0.0005551398139290634, 0.0007096502695972866, 0.0009735378704979298, 0.0002084882619304042, 0.0032815763918087808, 0.000425480236315098, 0.001698642031636638, 0.0011391753872135838, 0.0006136509714795482, 0.0009207203419082432, 0.000746418291614323, 0.0005068301774288265, 0.0013658256408190263, 0.0017345714936511966, 0.0004087085286124203, 0.0006766671164880982, 0.001039160624532136)",-0.022531895154282795
0.0004588879449393927,0.0006004439157693297,0.00011730543322891458,"(0.0007130796752633838, 0.00048753541099929453, 0.000495953587863186, 0.0007010877454074955, 0.0005710793149760141, 0.0006082842619924072, 0.00047320413475308024, 0.0007334529984449086, 0.0006901045230280698, 0.000505185711359046, 0.0006866043353510816, 0.0005064382691004878, 0.0005939946666463698, 0.0005844832378036568, 0.00084124385513264, 0.0004130177384853566, 0.0006646333024236669, 0.0005237250001146762, 0.0007549615811598825, 0.0004608089650818901)",-1.2067298754500055
0.003154544278792761,0.00316141171313859,0.0009146899420122884,"(0.002483094844092394, 0.0037328425387194958, 0.002880103098913526, 0.003218825749394116, 0.005772774272294122, 0.0016033550320043851, 0.0028026746709664567, 0.0032973208253185247, 0.002546704686129878, 0.003655007843149586, 0.0030357518209131176, 0.0030539163864783747, 0.0044216785531681615, 0.0020907754377141904, 0.003934831798432771, 0.002353224462864317, 0.0034969179609361093, 0.002655154986175079, 0.0025391806048943107, 0.0036540986902128783)",-0.0075079368760969925
0.0015941866369334914,0.001504183101154014,0.00030050746693838465,"(0.0014615474612775427, 0.0014905507105159976, 0.0013396696117570525, 0.0016263810089894443, 0.0011822589075287473, 0.0018407138135168482, 0.0016923428478130185, 0.001284406535920723, 0.0012440258273815046, 0.001756875907807516, 0.0014558270415122151, 0.0014966694552441234, 0.0010933391150575497, 0.0019886858439610296, 0.0021049168429963894, 0.0010341704902270877, 0.0013265194450497416, 0.00164447495221294, 0.0011934260316688757, 0.0018268601726419299)",0.2995051560496881
0.0014631917591321074,0.0020145166679874167,0.00043596542320343537,"(0.002877180973899279, 0.0013487198497804428, 0.001617975750661852, 0.0023991067278530745, 0.0015048208974347938, 0.0025736535794669817, 0.0023644760042727726, 0.0016343830808526374, 0.0017813484347872328, 0.002192319819976114, 0.001729302851907964, 0.0022448474462234457, 0.0023533916330441876, 0.0016431197854407168, 0.0018310618235207496, 0.002116228617743914, 0.0025353007754841807, 0.0015347241933897698, 0.0016433247405350465, 0.002365046373473179)",-1.2646069608094666
0.0020246775612550692,0.0021963660428085175,0.00032453210324067517,"(0.0018357052205389562, 0.002573319659014014, 0.0021787185868922983, 0.0021692804726773872, 0.002019399924835914, 0.002332919880549322, 0.002048565274242383, 0.0022927760450860302, 0.0023894875819583084, 0.0019955653814496713, 0.002409044421712711, 0.001962158635115678, 0.0017809980055973195, 0.002639869582663215, 0.002755943995074781, 0.001710637886206621, 0.0017889267192426862, 0.00265146030801326, 0.0018982142333367508, 0.002494329041963036)",-0.5290338916828915
0.00872778887423959,0.007190820033910113,0.0013182201123129742,"(0.008199521731510761, 0.0061047609126121515, 0.005819560536994865, 0.00861625955273405, 0.007665128780503891, 0.006471865165820903, 0.007080586482460898, 0.006936064253864875, 0.009388713892766435, 0.005502338662797179, 0.00801172197379459, 0.006261748410266798, 0.006261182121022051, 0.00787045165632975, 0.0051389533296136705, 0.009675832368081299, 0.005846773693960259, 0.00868069204106275, 0.007892781695190048, 0.006391463416815008)",1.1659424901602227
0.008617052215076209,0.014233532912302041,0.0035171603416422298,"(0.012167811470553467, 0.01567993672353108, 0.020558836452470048, 0.009312622920169116, 0.01225569087400066, 0.015289685694708878, 0.01893810867163243, 0.00969749820706986, 0.012925808519842562, 0.015724402053318976, 0.01405055384293669, 0.013639714527846559, 0.015881413817186916, 0.011643127579656219, 0.019160700197399762, 0.009825431830908525, 0.011437975378024066, 0.017150765559955095, 0.019278672863487473, 0.01005190106134239)",-1.5968793434658681
0.010162842103048573,0.006060389451701514,0.000879918369048603,"(0.005496582735375534, 0.006544628044995409, 0.0071412751714096485, 0.005045875182692533, 0.00448157213496239, 0.007961221350698345, 0.006880489619735886, 0.005137970235904422, 0.006750355337506759, 0.005489164995823641, 0.005412818891453629, 0.006660357667459188, 0.005769449175161994, 0.006147397745916098, 0.005988186371227933, 0.0059707354972214875, 0.005000046761327528, 0.00728975186978673, 0.005966810736200355, 0.006073099509170786)",4.662310500214659
0.0014351511787644262,0.0020147301485457666,0.00040550940303742827,"(0.0021347907146980435, 0.00182987436470291, 0.0024671844621589408, 0.0015841734725881027, 0.0017937354334670824, 0.0021721193767806238, 0.0016933936745500314, 0.002294108829020633, 0.0021485108529676862, 0.0018352047014578478, 0.002482034199351172, 0.001574929877171989, 0.0016882716353768675, 0.0023034097480767756, 0.0017928724480599197, 0.002174625782189001, 0.0029750974175014864, 0.0013184523351324402, 0.0016305586171108737, 0.0024012550285529)",-1.429261480597148
0.0043643391689659845,0.0036015905097331797,0.0008724120030364147,"(0.004891572142061058, 0.002504329719378806, 0.0032616458777680116, 0.0037624725227715762, 0.002208068156964852, 0.005514390790328336, 0.0043190846627110925, 0.002799644945803588, 0.003068103277696724, 0.0040967534008412645, 0.00423014689183974, 0.0029025208427981603, 0.00325126297511267, 0.0037307765842305857, 0.004440935678999488, 0.0027457143604119236, 0.0030617557195733495, 0.004049756860041384, 0.004374415918644015, 0.002818458866686961)",0.8742986760590998
8.061431039102744e-05,9.975512789331555e-05,1.8524759254645613e-05,"(9.306893890451444e-05, 0.0001034749930192332, 0.00011646881438550849, 8.269123508146917e-05, 0.00012748950610823683, 7.552399094211477e-05, 9.93337467919995e-05, 9.690992256757083e-05, 7.589018216997181e-05, 0.0001270099029374777, 9.631152392489038e-05, 9.999980319705481e-05, 7.802733046226023e-05, 0.0001233862989824773, 9.569517545579915e-05, 0.00010062068659217193, 8.992849812018335e-05, 0.00010713442656227547, 7.159285787887154e-05, 0.00013454472378222982)",-1.0332559381298303
0.02948625722994939,0.027291531398084053,0.0018312884362941795,"(0.02779651256281004, 0.02785187036849834, 0.027156696311130275, 0.028598033049228727, 0.026858207651338444, 0.027829247618866876, 0.027838530220614603, 0.025365145139843632, 0.02997912929802381, 0.02266111734875421, 0.026442567031105608, 0.02898790910332808, 0.026391614603471163, 0.02770460436094558, 0.02670239411266791, 0.02811227503618223, 0.02984811374308174, 0.023808119404533295, 0.026696576224630262, 0.029201964772626182)",1.1984599413004626
0.022409726360034934,0.019889934635819752,0.009301352254093006,"(0.034807549039241, 0.009240254150642486, 0.013116352631322596, 0.024914978764305026, 0.014693379255940409, 0.0221169005222509, 0.04196224765592889, 0.0075148449609608444, 0.033016797735950225, 0.009889412421707476, 0.019637298007318546, 0.016574441690764097, 0.018234463346258157, 0.01798029641648176, 0.013701652688937244, 0.023394143740739167, 0.011252853325914813, 0.028639684110292152, 0.012667029004892725, 0.024444113246546467)",0.2709059559706882
0.013535263633452607,0.015604419956489653,0.007381855158134776,"(0.02714427800368274, 0.007141670226378473, 0.017072559278829988, 0.011646442277853043, 0.028276792290279337, 0.006971642265722242, 0.018361511620290375, 0.010239751736715522, 0.023063992682304614, 0.00861303667686043, 0.008907202188718842, 0.02218728885285777, 0.010053173630815853, 0.01989084020163838, 0.02564442932862397, 0.0075224250508203125, 0.01646693936818958, 0.01181515121006279, 0.023219276736550963, 0.007849995502597849)",-0.2803030239298103
0.007346668249386069,0.012885630343201197,0.00972978900562925,"(0.014396288560374896, 0.00709616068246801, 0.013278379076104001, 0.007932650837368634, 0.008445793560233835, 0.012348253925808217, 0.04091530618641583, 0.002408889074765705, 0.009862258859145802, 0.010673891683149616, 0.01544443476149029, 0.006772971583500078, 0.0070590084269891605, 0.015033428596264225, 0.02211338071172147, 0.004595330021241866, 0.005715071822906529, 0.017962549101683146, 0.0028904709204352163, 0.032768088471957356)",-0.5692787470119358
0.0013882400757495583,0.0009050192418465952,0.0005189171242964556,"(0.0008500788697327399, 0.0007444550611039501, 0.0009548344367694819, 0.0006653278466877763, 0.00025695920414033074, 0.002470975684875514, 0.0007019118663201155, 0.0008998708079287781, 0.0020271439027576984, 0.0003137547059377832, 0.0005300161890617602, 0.001198567943297822, 0.00079643659580809, 0.0007993106961336776, 0.000860102201350883, 0.0007364488443471617, 0.0005632678586989867, 0.0011256206251537251, 0.0009416473174815389, 0.0006636541793440875)",0.9312100358185532
0.0007133834632738662,0.0006015573508873127,0.00013338247345685898,"(0.0007009398931327206, 0.0004935828273912253, 0.0006318154080050987, 0.0005478443079591134, 0.0005285244596665929, 0.0006548386542072076, 0.0005305738885210402, 0.0006517964918903151, 0.0005545227953343726, 0.0006242416794642074, 0.0005872139627159645, 0.0005894204251804989, 0.0005748375383970302, 0.0006022574321986366, 0.0004580278686868917, 0.0007553508666680948, 0.0009807519202944504, 0.0003528119122645202, 0.0004589152007547306, 0.0007528794850135398)",0.8383868546471539
0.003270564602609551,0.003078345320569227,0.0005264783098316928,"(0.0033662501301421543, 0.002738103054799472, 0.002937709417703805, 0.003140926524665862, 0.002630063000289426, 0.003507052628170544, 0.002512183471958376, 0.0036642080346294555, 0.0025798859030395317, 0.003576434004773218, 0.0029666350535315186, 0.0031094993303970595, 0.0038587481119744757, 0.0023918113728980187, 0.004247580598805141, 0.0021695275818619715, 0.0033743463685419603, 0.0027319639567926378, 0.003021452604664632, 0.00304252526174529)",0.36510389592645026
0.0013297133750042457,0.0015345304254534289,0.00047112294672087106,"(0.0010612413642243556, 0.002040458658501341, 0.0015581088076487373, 0.0013908823546597076, 0.0010284182108834033, 0.0021067335216365117, 0.0011590057667595231, 0.0018666383232593716, 0.0014023310780045773, 0.0015453802405476275, 0.0011795272677443307, 0.0018369843375481934, 0.0016336410785514478, 0.0013268485036328206, 0.0015114092639764217, 0.001432535774937315, 0.002921245701670354, 0.0007413675054295187, 0.0013673468369543775, 0.001580503912498639)",-0.43474225119952037
0.002779772994583514,0.0019849280799278247,0.00034349645324489414,"(0.0016422972982742092, 0.002331287759350233, 0.002231983861597347, 0.0017177004739381003, 0.002086404343696655, 0.0018368466225996449, 0.0023852217483604035, 0.0016028591770531114, 0.0026980909413115537, 0.001421031791039277, 0.001720360701964146, 0.0022279788824601226, 0.002158676447223125, 0.0017767748219792887, 0.0019358149343573809, 0.001977526509445902, 0.0016255917867339259, 0.0023559358262268217, 0.0016401952082386786, 0.0023259824627065704)",2.3139828872963886
0.0021791380934178786,0.0021915428064090033,0.00043771525761641424,"(0.0018845397663177343, 0.002455523354487428, 0.0025674010579283496, 0.001805480731035439, 0.001372486595147122, 0.0033759477872973807, 0.002345159396177323, 0.0019700756897373735, 0.0020611247233694135, 0.0022493171649129937, 0.0017395308254840973, 0.0026640893091159626, 0.002138123940419765, 0.002169304344490655, 0.002431734250483255, 0.0019028624505674138, 0.0017658383167608697, 0.0026217915070151664, 0.002353284423381637, 0.0019572404940506848)",-0.028339686075086103
0.0070900178420049125,0.006973841310849942,0.0018325047913764355,"(0.009311850225986417, 0.004883364830942793, 0.007899391201112663, 0.0057881808168083184, 0.009330934821735736, 0.004893620856483583, 0.010184043555563025, 0.004442506802763613, 0.007695179918429132, 0.005945038769856539, 0.007978927316039067, 0.005726133481509225, 0.009461138052659206, 0.00484249936691513, 0.004956588000328389, 0.009172968850825376, 0.006798085915299838, 0.006699313237916156, 0.0074772047006309295, 0.005989855495193719)",0.06339766842721752
0.013173922448400826,0.013259302716870812,0.0022866320611556108,"(0.011783782033320813, 0.01447470556089156, 0.010659340702007865, 0.016175886191599896, 0.01086027040217418, 0.015834908329415125, 0.015247576510829029, 0.0110751143579985, 0.012680553929213816, 0.013612486452997423, 0.01713706870555107, 0.010046513478609768, 0.011398290738090906, 0.015187945038177848, 0.01172619359843342, 0.014541974284141269, 0.011939424376875103, 0.014329339395680941, 0.010120778937334846, 0.01635390131407288)",-0.03733887489832365
0.005847876573475571,0.006009425220489296,0.001325403393249046,"(0.005881679489167338, 0.005865779380757414, 0.004381717011854157, 0.007911367373653368, 0.006402162167627197, 0.0054085978941556395, 0.005661953516968578, 0.006067555242912353, 0.007957619001033677, 0.004358669136558787, 0.006262296285324096, 0.0055322133776754805, 0.009358726768134533, 0.0037108473861163964, 0.007195581507879835, 0.0047945765201910925, 0.006031407440136347, 0.005728198408727849, 0.0060624066229114535, 0.005615149878000318)",-0.12188639914200784
0.0019441865223774725,0.0019826876985655196,0.00033074499829578144,"(0.001866161554844512, 0.0020519360726123028, 0.0019082514838649075, 0.0020098541753065247, 0.001980096049461085, 0.0019362078528673376, 0.002107169773300395, 0.0018146649094940117, 0.0026221367312023428, 0.0014629286224444448, 0.0027328435157537843, 0.0014031262202656258, 0.0024552593059309013, 0.0015630212191692647, 0.001877671145387634, 0.002039330731396423, 0.00191051551241173, 0.0020052253583941124, 0.0020213348516425764, 0.0018860188855604775)",-0.11640743287557105
0.004139447525154413,0.0034515739532703415,0.0005175918641742134,"(0.00276057101654652, 0.004222753388214854, 0.004776515884879361, 0.002447509300078427, 0.003122399141938601, 0.0037425146960504076, 0.0032824209609048933, 0.003545907408688286, 0.0029864657613332514, 0.003917725201501346, 0.003909049094236781, 0.0029904768470995495, 0.003440135117906093, 0.0034034018836812045, 0.0035662823552091165, 0.003270704461694707, 0.003188593706867109, 0.003660777636341581, 0.0033719690027883826, 0.003425306199446354)",1.3289883777086267
0.00010221491042880278,0.00010063097183704263,2.3518559423038994e-05,"(0.00011608401622409068, 8.278668476819685e-05, 0.00012423945922698714, 7.735825266241345e-05, 7.776364480396004e-05, 0.00012359098501369631, 0.00010076598151586392, 9.536975514131433e-05, 8.343751219482467e-05, 0.0001151911495690047, 0.0001307714397812738, 7.349461008808351e-05, 0.0001048583746514022, 9.166092393746934e-05, 6.994261133783531e-05, 0.00013740552177569473, 0.00011388992081344118, 8.438550921814569e-05, 0.00014193142052252227, 6.769166349463219e-05)",0.0673484529077279
0.008095605121515026,0.00920478702887153,0.0033403842321032516,"(0.005117957288617302, 0.012415309889788671, 0.01134149348602855, 0.007687404223492827, 0.012406885228217257, 0.006695184331404154, 0.005141599628590406, 0.011943342217369285, 0.009829400275622104, 0.010058770583870898, 0.008195160158075268, 0.0109508704355256, 0.01228638757771443, 0.008203259203414597, 0.006192546932394533, 0.011901579787396139, 0.011280824387266502, 0.007045619184809896, 0.014484855782842516, 0.00091728997498966)",-0.3320521922887038
0.006046354837121314,0.02075867853226532,0.009897684577827694,"(0.019309768712998877, 0.018726942659216313, 0.022253529602286284, 0.016427635475338445, 0.015957749213934877, 0.02289160721963341, 0.02748702627714627, 0.013300793508562064, 0.018491975179498694, 0.019412499459225446, 0.01913104508891244, 0.019094803305119395, 0.012196686428324294, 0.029920677658316915, 0.021793135161845653, 0.016686041113487565, 0.015039406046385656, 0.024172218509735697, 0.056397897125814625, 0.006482132899523489)",-1.4864409528771843
0.010655285432980933,0.015564929403311068,0.007223376731533973,"(0.009854979566273996, 0.019999951538311488, 0.01705967836175109, 0.011764306233014221, 0.006851461670635913, 0.029256843655760614, 0.016466167991508823, 0.012189627723669216, 0.03429051630923615, 0.005681497362414232, 0.013375453021600484, 0.01498696253381237, 0.021375366002071548, 0.009363312084448946, 0.010338816956412923, 0.01924373283930567, 0.020868789812484145, 0.009530135223482115, 0.016952955449271324, 0.011848033730756047)",-0.6796882057801119
0.011805973720702726,0.01119035646260347,0.002679368905106737,"(0.011562953988825042, 0.010127814689879453, 0.010571850083749964, 0.011285679374977054, 0.008104652063035109, 0.014703455000454646, 0.008455281936359922, 0.014112295211322439, 0.008444372088102572, 0.013710386133540278, 0.007988836407122732, 0.014917180983906571, 0.013734021118346625, 0.008663978237040104, 0.007876479873359106, 0.015014062734543506, 0.008747017051196286, 0.013515885672564808, 0.01325570015236631, 0.009015226451376833)",0.22976203721925778
0.0005082973950644207,0.0008421066494185346,0.0002583205621124781,"(0.0009238274410147663, 0.0007002764602273975, 0.000767875736911999, 0.0008455759712054417, 0.0010571085792059774, 0.0006141194983572442, 0.0005497125926039695, 0.001180961012254174, 0.0005384323936374812, 0.0012011888285589482, 0.00045563247079546417, 0.0014247398474357925, 0.0006439243289876658, 0.0010084788389850942, 0.0007181700576130341, 0.0009028491928569336, 0.0007426249617547102, 0.0008734650794881932, 0.001101649659572533, 0.0005915200369038711)",-1.2922287394557712
0.0005093318479807038,0.0005992498733260399,0.000118476940932769,"(0.0005134660635643726, 0.0006742492338461357, 0.0006206404769435635, 0.0005580319579966733, 0.0005534815525425723, 0.0006257306801624377, 0.0005440491831667825, 0.0006365898063222619, 0.0007115738953298482, 0.0004864657810881909, 0.0005417806193121497, 0.0006392447583036828, 0.00037887685742324216, 0.0009140930174773098, 0.0005260834273826767, 0.0006582227757483654, 0.00047370632210457745, 0.0007310122773398031, 0.0004883106111506746, 0.000709388169315476)",-0.7589495866234514
0.0033957420324220887,0.003114262540713822,0.0007048868786574856,"(0.001986932387410354, 0.004649646084526614, 0.002939862021373408, 0.003144797892171408, 0.0029822710879843974, 0.0030999267677827348, 0.002829050449687907, 0.00326799088742878, 0.004297897554062355, 0.002148546049148003, 0.003984497728330778, 0.0023202001629572923, 0.002379515993132203, 0.0038849307403880273, 0.0030068452062948672, 0.003073665039083633, 0.002506528732943945, 0.003687130913609132, 0.0028433371251957596, 0.0032516779907648423)",0.39932576450333057
0.0013339788823497857,0.0014839368134128524,0.00020304301018594302,"(0.0011891607035466364, 0.0018186054357726437, 0.0015608797598077, 0.001386269923545608, 0.0016355706101800036, 0.0013229181180402032, 0.0014621246907798218, 0.0014799062112120036, 0.0014944923798250681, 0.001446589926728389, 0.0011506694303579728, 0.0018804088638139772, 0.0014503030196133778, 0.001491853104019531, 0.0016592695672058184, 0.0013037317381123209, 0.0017807075506055057, 0.001214814710041427, 0.0015863876257507176, 0.0013640728992983197)",-0.7385525407928993
0.002466708653123999,0.0020046290942707106,0.000424117703505527,"(0.002173821781883034, 0.001770997572847425, 0.0014033389909830429, 0.0027460635642802328, 0.0018914781719573022, 0.0020372622252507007, 0.002103248309205591, 0.0018322470293884948, 0.0016512402072746614, 0.0023303106151317194, 0.002370761755166825, 0.0016254052322148937, 0.0017848252940119076, 0.0021588843116327953, 0.002877616353913037, 0.0013385788385467468, 0.0020221677083951356, 0.001904855596773575, 0.002569115865512505, 0.0015003624610445882)",1.0895078300999685
0.0021578057400879506,0.00220051839030745,0.00044589545957181927,"(0.0024083509915258923, 0.001932082482768526, 0.0018645243233622506, 0.00249892732184237, 0.002025191166505338, 0.0023005150723598633, 0.0031326990356398575, 0.0014873081068720747, 0.0023711762991093953, 0.001961318039559324, 0.0017874683417935476, 0.0026064755207493434, 0.0027466208113448133, 0.0016962001870830777, 0.002304593842168058, 0.0020205764293880443, 0.0018395373340386384, 0.0025314929972166797, 0.0016230554691152761, 0.0028722540337066337)",-0.09579072695764822
0.00996803892600055,0.007035725772991887,0.001423504890418829,"(0.00618170127365257, 0.007686844464882112, 0.00591002514103163, 0.008074997741007825, 0.0062721469371280845, 0.007607061855343801, 0.007373406837473111, 0.006472241595045435, 0.00591365033890331, 0.008021657535465593, 0.00678030739981623, 0.007036976720935877, 0.00574165029576688, 0.008309093045891152, 0.007919861860519269, 0.006014480540961106, 0.005587051144660439, 0.008526867011473158, 0.010896809074730002, 0.00438768464515013)",2.0599248887342476
0.013730073980022543,0.013319928448862532,0.0017542759649581882,"(0.01355601425920489, 0.012798480846699812, 0.011345436959732112, 0.01542068667018776, 0.013756699592545307, 0.012712171641186135, 0.012196707216553315, 0.014343829443693917, 0.011216221130196618, 0.015417662450900671, 0.011759170736902632, 0.014871739648089856, 0.016681058714537234, 0.010481607107265891, 0.01190379460499048, 0.014643961102447464, 0.015558872337851784, 0.01120664256998331, 0.013853641244029779, 0.01267417070025167)",0.23379761186535222
0.0055958683604251285,0.00599073635091617,0.0013140160026674196,"(0.010431344015533152, 0.003290763857992751, 0.006051787998468353, 0.00569429132397613, 0.0056914742814441, 0.006053572659501893, 0.0054503991682695015, 0.006322409129987129, 0.006033104149379424, 0.005681749943430966, 0.004606829929264086, 0.0074788540467032915, 0.005526523714444761, 0.0062339063317350864, 0.005810912001357559, 0.005920438720133381, 0.006449059977541964, 0.005335357983145884, 0.005823982275289711, 0.005927965510724289)",-0.30050470442480887
0.0015989171030362998,0.0020087457898110145,0.00045265746565958275,"(0.0014812508235575665, 0.0025939234594884886, 0.0026088868143908216, 0.0014746156771932404, 0.002102633797017671, 0.001829540767226663, 0.0015232299460579703, 0.002525601752853117, 0.002038700676346607, 0.0018837768265726352, 0.0017203444091626963, 0.0022360970974387782, 0.002003283385085759, 0.001920235558990673, 0.0012998134556149795, 0.002958126209779546, 0.0019621909877023964, 0.0019596377660094227, 0.0015191806103481693, 0.002533845775383088)",-0.9053836904634704
0.004681237271202595,0.0035449622846569955,0.0008892649746275803,"(0.0023424596057251917, 0.005044353385441018, 0.005358604195800986, 0.00221108927744803, 0.004836991033917654, 0.0024492279406280342, 0.0036081876245511657, 0.003283372035904806, 0.0032317351782347294, 0.0036552802003850036, 0.0041197209078597105, 0.002875558518806697, 0.0033364983228653926, 0.003551388055385187, 0.004298974139180123, 0.002753209500071495, 0.003340448507394988, 0.003544208554745608, 0.004287250045656546, 0.0027706886631375448)",1.2777687404380966
0.00011268373363240961,9.975147180955115e-05,1.894592340328567e-05,"(0.00012867161856511944, 7.47150437629935e-05, 0.0001317259614783408, 7.298856323127023e-05, 0.0001110797111291923, 8.655455299765345e-05, 9.709479463163751e-05, 9.902108669209603e-05, 9.483107279353329e-05, 0.00010137786903743739, 0.00010142905703022804, 9.478975086968218e-05, 7.665212769912823e-05, 0.00012543114168255527, 0.00011994246101472895, 8.015687504597646e-05, 0.0001252150474214451, 7.67825577206227e-05, 0.00010495257045956188, 9.161757292781954e-05)",0.6825880981137984
0.022396057239396982,0.022258259038502263,0.002703783542207832,"(0.02287845683137961, 0.02045304388690714, 0.023830387373597786, 0.021370988593968136, 0.024196065504143834, 0.020831640185959042, 0.02197413440482221, 0.02316688264561724, 0.022032774404082883, 0.021623915055609313, 0.023947122062087472, 0.02108661992003193, 0.020444994747674854, 0.0247264852726061, 0.0253919423246636, 0.01846391899769223, 0.02438244716562781, 0.02029770030308744, 0.01576519016832791, 0.028300470922158774)",0.05096495290528951
0.03234803211563452,0.019635533288677134,0.005070594126654443,"(0.021664490820235114, 0.016685963723076735, 0.021961963559502872, 0.01652671395011856, 0.01482285378831651, 0.024273965669775868, 0.018697893018016786, 0.01949627569456252, 0.03141097008167046, 0.011591608778783506, 0.013643887246317307, 0.026653181240681473, 0.014879395691166834, 0.024174200529009593, 0.023018917832909627, 0.0157834922285795, 0.024957868294596595, 0.01446784567934816, 0.01823192521973753, 0.01976725272713706)",2.5071024241778628
0.015310407593777095,0.01510457682311684,0.0067510962264859566,"(0.01109522718878468, 0.016795598237396653, 0.008850657257828928, 0.02121036038025804, 0.02903605398222812, 0.006364123476742064, 0.009001401542422805, 0.021022665723117152, 0.019435127966100134, 0.009715952053886418, 0.011960591864179282, 0.015750642961236305, 0.007787469125511015, 0.02370640191246847, 0.021489767788881505, 0.008752432824465577, 0.008484065988818547, 0.02191871048638927, 0.020805133292112636, 0.008909152409509152)",0.03048849605383167
0.005789133254934102,0.01259328717058702,0.00599029778838837,"(0.00906237124096919, 0.014042478192972592, 0.01530460888169865, 0.008377274020302937, 0.013446086634466076, 0.00938456590305378, 0.010514068435178414, 0.012294961801623677, 0.011333694160144972, 0.011381517791468752, 0.0065363542908924675, 0.01968604342517945, 0.025230618534911965, 0.0049946881090439455, 0.007021819064372426, 0.018297050570512657, 0.00633403798473029, 0.0200475604068062, 0.005481471341775108, 0.02309447262163686)",-1.1358623821410234
0.0008074886440204487,0.0009771088692790144,0.000633321055664704,"(0.00039527300996195576, 0.001630810517908621, 0.0004884200624045518, 0.0013207013867893884, 0.001007272863560609, 0.0006394472932993433, 0.00038889140767498756, 0.0016604234745888386, 0.0005985385733916593, 0.0010788288373062577, 0.0006898242178820526, 0.0009355538618935951, 0.00023659443800542524, 0.00271886289812228, 0.001668159182548762, 0.0003868668103146962, 0.0016484297887637649, 0.00039085571570662646, 0.0006216037541443726, 0.0010368192913125004)",-0.267826600333918
0.0005193740681358176,0.0006039758172363477,0.00014091439768633548,"(0.0006443688096947896, 0.0005375256689919078, 0.0004566673367870886, 0.0007585456374460161, 0.0006096436247509478, 0.0005680737221837671, 0.0006111447033346071, 0.0005668882002550631, 0.0005804775809459489, 0.000596823255151016, 0.0004433347684148621, 0.000781405500111402, 0.0007515662021231072, 0.0004607646971127163, 0.0007796418997274503, 0.0004443315868230517, 0.00038878060861212253, 0.0008908608445551375, 0.0007417295512196248, 0.0004669421464863247)",-0.600376898951426
0.002519477158965887,0.0031054247249953037,0.000635490952322739,"(0.00303740031085436, 0.0030513175618709955, 0.00393979334297321, 0.0023530897551551624, 0.0031730445944117237, 0.0029199347763058515, 0.0023440858113386747, 0.003956143126578697, 0.0025669972790335776, 0.0036123070106203244, 0.0028708520346380183, 0.0032296825403565674, 0.0020707255673612533, 0.004474145622135464, 0.0037807694845456304, 0.0024522465613955745, 0.0031730170730421892, 0.002920666171686581, 0.002553591447722594, 0.003628684427879599)",-0.922039194874074
0.0013594842190665832,0.0014940478288210024,0.0002759916309182607,"(0.001565770482147193, 0.0013800907988942002, 0.0012245324879067844, 0.001765037278840619, 0.001339045202640171, 0.0016133957780072729, 0.0010894508450509368, 0.0019843361536703774, 0.002012464431096144, 0.0010741618420515313, 0.0013917419461836693, 0.001553133518357024, 0.0012079504985449347, 0.001788411975466567, 0.0017903880118335306, 0.0012072663819462438, 0.0013510934497352291, 0.0015992786372968743, 0.0015445467141277291, 0.0013988601426230156)",-0.48756409499341774
0.0023599922536354885,0.001987612828055821,0.0003196031135692124,"(0.0027586968589200273, 0.0013973981183236755, 0.0020645771531070238, 0.001867842667481169, 0.00220064687692478, 0.0017510977427191514, 0.001925842275592433, 0.0020031865624754964, 0.0017097090200589766, 0.002256216901324263, 0.0023011629832151645, 0.0016760966508750645, 0.0017474812036792243, 0.002204924479292921, 0.001811864883669029, 0.0021286096890580494, 0.0016273223928210969, 0.002368661715347958, 0.002195130370572071, 0.0017557880156588478)",1.1651307818033063
0.0019680511317214677,0.0022096424111071175,0.0005038151540558226,"(0.0016589239101442491, 0.0027998290099261434, 0.002730947161584965, 0.001701453383863308, 0.0025930671193554696, 0.0017904026086753174, 0.002350491987200254, 0.0019778256553123898, 0.003184664098415303, 0.0014596278491790457, 0.0016234867185845288, 0.0028627212390292295, 0.0021827428608137086, 0.0021264642621310723, 0.0017540868588331842, 0.0026494316386364274, 0.0018261931951893827, 0.00254299861250565, 0.002572075347109427, 0.001805414705653293)",-0.4795236456084875
0.0070190146375540465,0.006945743490632975,0.0010666495405526773,"(0.005993709755727612, 0.007865275383741422, 0.007946205324906808, 0.00594028211145312, 0.007977995678502712, 0.005900664508204585, 0.00644334827602834, 0.007337315989038028, 0.006146587040473839, 0.0076893014276651255, 0.007709581436466768, 0.006126862841081625, 0.005818183009486297, 0.008084665470731093, 0.00853723769741256, 0.005531936436966652, 0.007145233644743416, 0.006594510349019191, 0.008729329853689113, 0.0053966435773211835)",0.06869280315173291
0.016062639560940083,0.013606348391207274,0.00241874290335602,"(0.01779713768149059, 0.010082858152255285, 0.014315830780675087, 0.012566250063540054, 0.010354091932800291, 0.017283059670945407, 0.017120627750268902, 0.010539862274290547, 0.012887660457006738, 0.013993644085781952, 0.012066937254733612, 0.014928474678348486, 0.012700971501590426, 0.014067610700361378, 0.011527008223482705, 0.015622504293422301, 0.014729502250152736, 0.012171218263723419, 0.01653236928503366, 0.010839348524241918)",1.015523876607427
0.006080067073688621,0.005998852651689985,0.0010444024704159966,"(0.005386781611481686, 0.006488033935348561, 0.00434723157618334, 0.008048406788763998, 0.0058876033481240165, 0.0059288923775501845, 0.005649343580917196, 0.006201836782421278, 0.004604294869741815, 0.007607640853607278, 0.006107674685833888, 0.005732067957253895, 0.004705393930024224, 0.007412871097454429, 0.007191966032791891, 0.004867198475330201, 0.0053187054961249475, 0.006568211867589754, 0.005180599803533114, 0.006742297963723983)",0.07776161422357378
0.00228444677836028,0.0020326891823096147,0.0005842414756375092,"(0.002273259890014756, 0.0016901024408513458, 0.002273684064835447, 0.001690408721919482, 0.0018232410747240772, 0.0021064038061814503, 0.001869402796965367, 0.002056917326333835, 0.002120540124189812, 0.0018131681928072075, 0.0017799436300165472, 0.002159749878649992, 0.0027044099877551095, 0.0014197258508998098, 0.0014767998772792755, 0.0026029619454480332, 0.0038351751441790764, 0.001001645763764589, 0.002245841104815108, 0.0017104020245619783)",0.43091359745720564
0.0038263862579097133,0.0034621704100041453,0.000602584389573811,"(0.0030873310544653155, 0.003772429948183782, 0.002918845215561193, 0.00399231123273583, 0.004109449251200119, 0.0028323872081319986, 0.002659922661244933, 0.004384368087291247, 0.003481391191345566, 0.003349764035866754, 0.0032225110625627336, 0.003617417739606956, 0.003356992721766785, 0.0034640889990822407, 0.0024188207230114492, 0.004819258993223582, 0.003490023036405563, 0.0033359597570378407, 0.004066644088010653, 0.0028634911933483613)",0.6044229724622744
0.000133663109983498,0.00010080990777711692,2.43034250328752e-05,"(9.595011011602208e-05, 0.00010026436677332672, 0.00012407011149502407, 7.754071784986834e-05, 7.645227165842391e-05, 0.00012583326362647495, 9.136661171083608e-05, 0.00010529753230297894, 0.0001512674184737323, 6.360063369081185e-05, 0.00012434815505364623, 7.73680884828886e-05, 9.077990291352272e-05, 0.00010596944823739782, 0.00011084326987191516, 8.679449105712314e-05, 8.79724843827122e-05, 0.0001093553250134748, 6.65368593822526e-05, 0.00014458709344990618)",1.3517930975547932
0.008999931244579564,0.010694152518580835,0.003204638347423239,"(0.011909896059413321, 0.009052460374945292, 0.008169718062482836, 0.01328871082734643, 0.012682821401398646, 0.007963520046922024, 0.010143060933429864, 0.011772534484127092, 0.013812053886654432, 0.008414465453016192, 0.013043179446331016, 0.008669594090207209, 0.015492626115637781, 0.004940386656362735, 0.00959172149077925, 0.012045105040387118, 0.017097173253419255, 0.004799648569325743, 0.008847809757852576, 0.012146564421577848)",-0.5286778382851054
0.017570669852185257,0.0216252418883063,0.011601359758316833,"(0.03404575331525659, 0.01055703953447727, 0.028279106482187327, 0.01260112204658952, 0.016828218943205204, 0.02144805820836859, 0.018018621347612115, 0.019851075633470622, 0.010877411417684184, 0.03299300674221894, 0.027157098859971036, 0.013244930886850458, 0.03181004497885827, 0.010962932233486005, 0.05190188134830145, 0.006890185507454739, 0.0094321389274857, 0.03759041599282833, 0.018137842042843202, 0.019877953316976504)",-0.3494911045418089
0.012481027736092125,0.015184399124830756,0.007354207560094043,"(0.011163735695717499, 0.016801088840020205, 0.008825293336568615, 0.02093971802229513, 0.02045120369230143, 0.009239941961319775, 0.021878018512855604, 0.008500376810258831, 0.012697694159581455, 0.014733122826218734, 0.031258659630609816, 0.0060082487633765, 0.01421007030774757, 0.012522523889644682, 0.009571232089205357, 0.019426869550000166, 0.005804103716273443, 0.03155815274586772, 0.011088815320970759, 0.017009112625781836)",-0.36759519861906936
0.014851487630240788,0.012115407518657778,0.006361719065424267,"(0.009712709800023494, 0.01244935001041388, 0.007718143890358357, 0.01543633341840241, 0.009861260126361777, 0.012356014470771611, 0.014931153144665229, 0.008028466414995465, 0.007918894643109705, 0.015230273698811251, 0.011096913113719525, 0.010910869922298139, 0.0032522985871517047, 0.03526307513100674, 0.014885779942700095, 0.008052943651745657, 0.013127501548466015, 0.008994194740393924, 0.008137825286471435, 0.014944148831289136)",0.4300850263026413
0.0013017832491689872,0.0009026262396686397,0.000402435180270084,"(0.0011738635038250488, 0.0005709031951193859, 0.0007640214857258887, 0.0008762349887551671, 0.001637075177635374, 0.00040990189260232214, 0.00047925975787923235, 0.0013966457656092257, 0.001485815643637671, 0.0004509867603694422, 0.0005811133594221278, 0.0011533815609826767, 0.0005863515032919152, 0.0011366398923428834, 0.0007515958098835674, 0.0008912805299072866, 0.0015130061447467926, 0.00044192295733588594, 0.0011875931954551894, 0.0005649316688457104)",0.991854164520268
0.000570837328992811,0.0005965909939709443,0.00010133654616121023,"(0.0005570675244471997, 0.000621841789977858, 0.0005980145029580537, 0.000579143176024482, 0.0006046343877268178, 0.0005730042029841342, 0.0008128565862329595, 0.0004260970516068266, 0.0004982251993617509, 0.0006952612157767321, 0.0005252379830530445, 0.0006595388169567343, 0.0005168182740223913, 0.0006697184678580351, 0.0007763048577235142, 0.0004461752451718892, 0.0006641000263767607, 0.0005214306617905796, 0.0005196285700494054, 0.0006667213393197177)",-0.2541399520086599
0.002723463305532467,0.0031099733151192036,0.0006910696779752161,"(0.0035074248851794674, 0.0026410192414920586, 0.002842605215584075, 0.0032568416483014736, 0.002499682640947434, 0.003706803605753391, 0.0029144372389249816, 0.0031773367203948655, 0.005343756934506941, 0.0017332856794274331, 0.0031342175784447495, 0.0029556478636932953, 0.002563483446826278, 0.003606231737816364, 0.0027865253529911482, 0.003323169114831079, 0.003028856897819721, 0.003055530408085402, 0.003387537905139756, 0.0027350721862241514)",-0.5592923867231198
0.0014790082927250226,0.001486463802502713,0.00022912521402044164,"(0.001312796160320445, 0.0016467110306649987, 0.001380795709209156, 0.0015649831533622385, 0.0010246026130082226, 0.002110339364486836, 0.0014978548078521934, 0.0014429141534642027, 0.0013532368509212441, 0.0015973889544505574, 0.0013571554596554754, 0.0015929454245678222, 0.0017066549001681646, 0.0012648440246491699, 0.0013269369508895118, 0.001628777861910521, 0.0014041049493401718, 0.0015386183628844576, 0.0017220532773567034, 0.00125556204089217)",-0.032539019372286794
0.0029098104096421593,0.002009378983372884,0.00045546862235191723,"(0.0022180408780916655, 0.0017379286724906768, 0.0018292652573232036, 0.002105894395766852, 0.0017238757903481048, 0.002236980360101934, 0.0011657296745028955, 0.0033053804125414295, 0.0017233536566722608, 0.00223655172977913, 0.002490439474176015, 0.0015479326719192844, 0.0019363774194670975, 0.0019858439788914984, 0.0019698607091621313, 0.0019561369495526295, 0.0021161832694963014, 0.001819579063778622, 0.0025980810115918485, 0.0014841442918040945)",1.976934045686155
0.0022672890195666235,0.00219096568274254,0.0004330967923718874,"(0.0021800851598419197, 0.002124610585703018, 0.0013860007037699575, 0.0033393002676574963, 0.0017709369565234562, 0.002616784276127462, 0.0023420728928490752, 0.001976614264113923, 0.002275432143894686, 0.002035333216377979, 0.002474243900606888, 0.0018721562584780456, 0.0021501791493632786, 0.0021477658550320203, 0.0018371961806278117, 0.002520047577187665, 0.0024592497405010625, 0.0018809511101732887, 0.002738014479116852, 0.001692338936904917)",0.17622697320405664
0.009259750484325603,0.007109852199762179,0.001960600461071549,"(0.006707504214157819, 0.00704652058112718, 0.005462041118204003, 0.008632109636380942, 0.006434452119116399, 0.00735750495616959, 0.004748100823111976, 0.009937401473427513, 0.005406499656287608, 0.008738771599358892, 0.008197098178712078, 0.0057673633536801956, 0.012650546196332097, 0.0037007266283655958, 0.007565416319329725, 0.006238850462487251, 0.007790988970739973, 0.006041012620097994, 0.007214079871591183, 0.006560055216565583)",1.096550943065889
0.01408022437488903,0.013508060521903183,0.002432577901304998,"(0.012901982447535399, 0.013758141084189103, 0.011543616414577091, 0.015304821322685631, 0.015172192958536565, 0.011736165746451175, 0.01633898377903263, 0.010828357053633157, 0.010887629713955533, 0.01629136813349206, 0.011527705639322277, 0.015405260916763053, 0.011935728156155645, 0.014601803502613957, 0.0186886187531478, 0.00947301428122029, 0.013830284884079126, 0.012730900948465263, 0.0109413371510709, 0.016263297551136965)",0.23520885093912114
0.0044479938541738895,0.005964588297584262,0.0008330848560305655,"(0.005745654631694572, 0.006086850969128368, 0.004925378071802387, 0.007085794897697241, 0.004778473820234608, 0.00732937899544208, 0.005481388810823019, 0.006370768814130384, 0.005762731091537149, 0.0060668352270876, 0.005944924462277308, 0.005884008291709541, 0.004604518816737183, 0.007533130686808375, 0.006334904631201542, 0.0055142822890208495, 0.007034350347612045, 0.0049537189968460035, 0.006274842770922448, 0.005579829328972537)",-1.8204561425309704
0.002078785732300199,0.0020219355497735026,0.0005049842721691761,"(0.0015972551461111133, 0.002416499949058647, 0.0028698076929956724, 0.0013440234128063596, 0.002018010793628964, 0.0019135712602119498, 0.002123669592451321, 0.0018165959182952916, 0.001789819886624387, 0.002156276418007215, 0.002017554960596325, 0.001913219607057986, 0.0017816578202285909, 0.002160469216714878, 0.001359116470361081, 0.0028388104297087336, 0.003172519267961968, 0.0012151555860927085, 0.0020632910115934828, 0.0018713865549633687)",0.11257812502257636
0.0028225865396428167,0.0035393505373150567,0.0008382360076382738,"(0.00504091555728851, 0.002358688234733952, 0.0034833315536820313, 0.003410519893114314, 0.003545222682429374, 0.0033570539531392984, 0.00264180859197296, 0.004496612161532375, 0.0026132075988580324, 0.004549484976755079, 0.003049929835831834, 0.0038988091155558414, 0.004008307639755996, 0.0029537603685203416, 0.0052755280433165385, 0.002252983838862303, 0.0038075576680667226, 0.0031171911584279596, 0.003158075959367778, 0.0037680219150899048)",-0.8550861465516368
0.00012662218974488312,9.933693306355367e-05,1.6368990112123172e-05,"(9.016540255516241e-05, 0.00010664974251711896, 8.199614566232754e-05, 0.00011727386057763814, 0.00012611428979675976, 7.625137480787449e-05, 0.00010205645832456515, 9.422125065024737e-05, 8.742255940956162e-05, 0.00010999579221205413, 9.209999320832665e-05, 0.0001044097290885754, 7.480595881919272e-05, 0.00012853533624909737, 8.861029818992582e-05, 0.00010852138151678831, 0.00011802063135692027, 8.147531798002208e-05, 8.50620851480333e-05, 0.00011305105320088176)",1.6668869914657407
0.019062973094331206,0.017219266004912845,0.0036244670291006296,"(0.01660255780046812, 0.018387194923952258, 0.018693048024692027, 0.015964341625321486, 0.015176499100284957, 0.02064876362644038, 0.01932909746600018, 0.014773082608259694, 0.018388624762793602, 0.016608493078811973, 0.01721448846018106, 0.017848180718605357, 0.018157487481607865, 0.013678911551740792, 0.008455322274587177, 0.02526565354421542, 0.013146194518251011, 0.02050803495682674, 0.02180850940039913, 0.01373083417481775)",0.5086836422059705
0.029002394650480427,0.024181720182926858,0.013962998096536356,"(0.016253964752190965, 0.026799517561819836, 0.018015774723591546, 0.02475013492440447, 0.022626254406446993, 0.019553755691826803, 0.025001846352878557, 0.01727054504181633, 0.008612240049853876, 0.05277184239153108, 0.015959911119039587, 0.026894107559448346, 0.0219321339071459, 0.0202329252646497, 0.061199780566817255, 0.006866934518962116, 0.03770025070348993, 0.011537815520837325, 0.038150594814958264, 0.011504073786828403)",0.34524637432625443
0.03290128758074506,0.01712020036042809,0.005647232827815053,"(0.012821546993820992, 0.02042672973798589, 0.011487991609697254, 0.02372184947059037, 0.01903727576276644, 0.01412176196227021, 0.011672398028973368, 0.02212272888607322, 0.01011492576340406, 0.027809716049635027, 0.022484484713736267, 0.011373325857315566, 0.02626057299223796, 0.010287109769722528, 0.011764682687364412, 0.021016984552093037, 0.015935340533909347, 0.016394036604431002, 0.020802297184056597, 0.0127482480484783)",2.7944814215182205
0.004763021839046093,0.014048734167708694,0.006943968417981581,"(0.024057050174956168, 0.006372489666649073, 0.005802661108945235, 0.02768085467829166, 0.01829004558895471, 0.008640047253202297, 0.023478534278414082, 0.006427315728934045, 0.014021831810354855, 0.01187956484189019, 0.023762515727213128, 0.00628108470709098, 0.012129270920982475, 0.013099559288817047, 0.006941866378365165, 0.020718021728441324, 0.008696124992894239, 0.017575136630449968, 0.014059229540246005, 0.011061478309081213)",-1.3372342398068828
0.0005899604620290537,0.0009556005194377962,0.00048576748430429855,"(0.0004972048381940623, 0.0014451567259491974, 0.0015410316598746016, 0.0004733376763134554, 0.0007158991699090674, 0.0010123229231664992, 0.0011069793766900014, 0.0006478757745736307, 0.0022922806435808772, 0.000321043339214665, 0.0011578329668578398, 0.0006182504567795378, 0.0005882690835639946, 0.001232967284742601, 0.0006202948073512892, 0.0011507329733774707, 0.0009292763592713962, 0.0007722058587434011, 0.0004767211068002548, 0.0015123273638020795)",-0.7527059122378292
0.0004009217119634084,0.0006088340860901719,0.0001543784319077665,"(0.000650832915849998, 0.0005351322352030878, 0.0007162418036607864, 0.0004867834456533646, 0.0006798136959188085, 0.0005126493562285911, 0.0008033724249505458, 0.00043342496738584283, 0.0007622138230723324, 0.00045774832118128687, 0.0004275348272740433, 0.0008142915213329094, 0.00043093065585010783, 0.0008087977761271892, 0.0004836062319932899, 0.0007195421011510943, 0.00040314803032786065, 0.0008638316255273052, 0.0006545254563173821, 0.0005322605067976097)",-1.3467708640218663
0.003222616254733631,0.003084497513171868,0.0004363863266960285,"(0.002272798583064438, 0.004107486578963229, 0.00404222881825698, 0.002312698382830084, 0.003102828206390694, 0.003011448981507389, 0.0031838682398736317, 0.002930682784022561, 0.002989866614449512, 0.0031301684310138253, 0.002891699418828837, 0.0032256981877885433, 0.0031980060039330785, 0.002922315254071876, 0.003166884580216233, 0.0029419669857402688, 0.002742391908612538, 0.003403841010730345, 0.0031100019232857897, 0.0030030693698575184)",0.3165056582031079
0.0010090830939832453,0.001502019567264954,0.00028674572522601914,"(0.0019945127847335402, 0.0010938106020739193, 0.0013278807536089515, 0.0016447556795136271, 0.0013664145667616329, 0.0015977433697584433, 0.0015536887050181056, 0.0014036494414386008, 0.0023063839849774984, 0.000947758690910537, 0.0014544467254034577, 0.001499045680608305, 0.0015927349244106415, 0.0013708821042747693, 0.0014402788286484612, 0.0015125257407874488, 0.001395961474072423, 0.0015626911384520185, 0.001662665345491558, 0.0013125608043551378)",-1.7190717416734485
0.0012244011893650598,0.001997167088498473,0.0003004741621442822,"(0.002102130487819051, 0.001856076307103188, 0.001928431517823389, 0.002027848222714161, 0.0016717587260319411, 0.0023372170160689326, 0.0021602243524560414, 0.0018050136986899317, 0.0017106739643111201, 0.0022897287953207706, 0.0024320991963278625, 0.001602493090725084, 0.001836793051481052, 0.002127697511290831, 0.0019431806369413173, 0.002002849427569955, 0.002582632099377187, 0.0015105030988221415, 0.0023655075932377144, 0.0016504829758577878)",-2.571821462513456
0.001424490739037137,0.0022230458898264693,0.0004243571843689522,"(0.0022748942991666146, 0.0020968165209693393, 0.0015994229539590793, 0.0029927946793574427, 0.002117737070329119, 0.0022572219960743834, 0.0019774120909060527, 0.00241029136683796, 0.0029475219098151176, 0.0016278540182904108, 0.0019314617365941414, 0.0024660743845416892, 0.0018702762504283208, 0.002556641817237275, 0.002037310394960506, 0.002333935399879639, 0.00253934714816708, 0.0018779400562441593, 0.0016469051228616624, 0.0028990585799093926)",-1.881799531630029
0.007447444480240244,0.007247289069916944,0.001558731055452381,"(0.007959542644047593, 0.006300540396945126, 0.006759001569397609, 0.007507965280325254, 0.007843559444700655, 0.0064397625603634726, 0.004670070812218293, 0.010709589942035018, 0.0077347483213551236, 0.00661338226813211, 0.005540420046426509, 0.009008264759593609, 0.007679861537953102, 0.006583519836918901, 0.006902008541384686, 0.007190719292646806, 0.004764362285239583, 0.010516205820086952, 0.006599203625191978, 0.007623052413376492)",0.12840920158943664
0.01561455315993152,0.014357769203461757,0.0021578894557228463,"(0.01209330524272143, 0.01658065942142648, 0.01793762800263008, 0.011448314676657972, 0.015436956662925078, 0.013178441891420756, 0.01400665550143083, 0.014238620128003626, 0.01778368716595089, 0.011734325584367563, 0.014455897459530376, 0.013738037908839614, 0.01278790228858928, 0.015939928048086985, 0.018187149514775507, 0.010797725422020626, 0.013168408416595528, 0.015198531097142438, 0.01491210508228014, 0.013531104553839858)",0.5824135027569178
0.006013535904458853,0.00619792915488597,0.001343843058470688,"(0.007928704293070557, 0.004621282606980825, 0.006315326797552063, 0.005867859514459437, 0.006683047892386989, 0.005520000912791045, 0.005876456569930848, 0.006220296145344761, 0.00739850544097287, 0.005046295574981164, 0.008213087312766614, 0.004442108417954403, 0.006118700122858577, 0.006034495597160258, 0.009375554914725774, 0.0038725375242698494, 0.0068957579813401755, 0.005308728093252164, 0.0068738510608252635, 0.0053459863240957525)",-0.13721338162579727
0.002134426947968501,0.002020518554917163,0.00038426267533335463,"(0.0022636832353704534, 0.0017408345990218021, 0.0019577536016087663, 0.002019965137865507, 0.002403029290252408, 0.0016433708836542061, 0.002122210361956869, 0.0018554628547666097, 0.0023937427004810017, 0.0016559283614618128, 0.0015783051053376237, 0.0024933673295112146, 0.0014163849984649079, 0.0027889216370541496, 0.002250620519498183, 0.001745798334662728, 0.002197199378412665, 0.0017930091895436877, 0.002534601967079254, 0.0015561816123394097)",0.29643366468658633
0.004669034674766132,0.0035766519260682695,0.0007295374171310648,"(0.003444982048784343, 0.0035575434777595748, 0.0036339442089079236, 0.003408150034939507, 0.0050243335246303675, 0.002453955767018848, 0.0044080975815736735, 0.002776406714153459, 0.00343337666027547, 0.0036298309907517885, 0.0029546817471651264, 0.004136518624333642, 0.00432412659885484, 0.0028530161166288232, 0.004653607380552875, 0.002620635762457816, 0.00287982826194299, 0.004251807860030458, 0.00406927983001972, 0.00301891533058416)",1.4973635663455087
9.959575341181213e-05,0.00010133300614869646,2.6146558293036506e-05,"(8.979411864510676e-05, 0.00010727904211327199, 6.344504404451165e-05, 0.00015189020277476138, 6.979538511556318e-05, 0.00013804731063992877, 8.584441854025455e-05, 0.00011221105505009835, 7.421322686132598e-05, 0.000129879007158393, 8.652189028976713e-05, 0.00011132783861410101, 8.348078702887907e-05, 0.00011541855229554611, 8.32900055003498e-05, 0.00011564339867985877, 7.660181759301378e-05, 0.00012575024739373204, 7.151313579075328e-05, 0.00013471363884471298)",-0.0664428838937095
0.025547745127530552,0.026678745223633824,0.0023952231539105715,"(0.027392193466450873, 0.02675646576750116, 0.029705783940796218, 0.022832519587562532, 0.02620133169916567, 0.028669484993271575, 0.027983259776485574, 0.025676317915187333, 0.020891478454910146, 0.029918203362612462, 0.02550425994656251, 0.02789518711793683, 0.029202937699075376, 0.024718460828215702, 0.02287577406914005, 0.028829276870970467, 0.027196005624653807, 0.026754657645596043, 0.027774737972926393, 0.026796567733655692)",-0.4721898643375833
0.011087702005279665,0.02196986733169652,0.011600117997298216,"(0.00909010526509513, 0.04116358199668179, 0.017576161912228598, 0.021333346791073494, 0.03301207780291774, 0.011217514204363501, 0.02031881369808992, 0.018375852144548527, 0.019120962467688234, 0.019513950187458627, 0.024213635242464268, 0.015278711072923274, 0.01213654964578833, 0.030578490917050057, 0.0216021118019029, 0.017363441183647767, 0.008057769555973924, 0.046333383220975806, 0.008331618278018855, 0.04477926924503968)",-0.938108157947309
0.028643679962551793,0.016216628059865436,0.006712781149093215,"(0.01620473035004217, 0.013758661396840654, 0.02022694757538981, 0.011064996135073954, 0.010998395501140797, 0.01990563927896441, 0.02592137478112559, 0.008576106341819099, 0.009498964357206256, 0.023358745889634932, 0.02819790025299053, 0.007753119594920663, 0.009939826717049129, 0.02210319633408074, 0.010154172286421874, 0.02207082453362039, 0.020200468901499964, 0.010995791478557835, 0.024254937664937394, 0.009147761825992478)",1.8512523537826113
0.02283889345623456,0.013050158017730257,0.006731693848382225,"(0.008100889213534399, 0.01660540215540967, 0.009771567891929536, 0.013820785529574942, 0.007951413320603376, 0.0166164702793258, 0.02348154591550957, 0.005716913656308884, 0.01707235636414459, 0.007842971692558995, 0.031069459816314225, 0.004247804349237597, 0.022071581609598677, 0.006005421643661227, 0.01257463338373045, 0.010761739347994586, 0.014564999755147925, 0.009203230174011813, 0.013866138703375035, 0.009657835552633817)",1.4541266520694123
0.0005469431812358273,0.0009405915993822054,0.0005387624376301713,"(0.0015035620619018534, 0.0004428447286191302, 0.0013878515488075136, 0.0004803063509318644, 0.0025971245970063616, 0.00025600632717559887, 0.0012026673828804738, 0.0005552512446250236, 0.0005607616809982048, 0.0011876068000041334, 0.0010139686285018437, 0.0006564453720184907, 0.0007657215193243444, 0.0008675500595700969, 0.0009581614186237072, 0.000697670714737712, 0.0012866043055975898, 0.000517680807050962, 0.00047698790636554827, 0.001397058532903656)",-0.7306530497521332
0.000537445874068107,0.0005926154795613295,6.919671420569505e-05,"(0.0006832196065251726, 0.0005074377637919804, 0.0006639434248239596, 0.0005222181698808119, 0.000564886423431657, 0.0006135801959177803, 0.0005255560199655204, 0.0006597451702812667, 0.0005200323224926303, 0.0006666458869949487, 0.0006310766843760425, 0.0005492460963292047, 0.0005621459578340989, 0.0006165675716454513, 0.0006165015084245833, 0.000562493224358673, 0.0004704070311124163, 0.000736988273345147, 0.0006242532518058328, 0.0005553650078894103)",-0.7972864915120769
0.00315479292752305,0.0031338918319284157,0.0007481950818696743,"(0.004554900071333662, 0.0020448119888137476, 0.0025566739464375527, 0.0036434956125821504, 0.0031063412606422546, 0.002996352779230706, 0.002679222108586609, 0.003475991104608727, 0.004807388695833374, 0.0019370754779115802, 0.003049915555376414, 0.003051633781579697, 0.0024125258911821272, 0.0038585633132514068, 0.00297681789995048, 0.0031294218437694513, 0.0026621853682041573, 0.0034981186165349175, 0.0037592168591752515, 0.002477184463564052)",0.027935355499002265
0.0011105048314959116,0.0014856030487823805,0.00020633388510298592,"(0.0016026506283110865, 0.0013522731775656642, 0.0011926092304331793, 0.0018174083263934433, 0.0012538960835805641, 0.0017275669198980272, 0.0011868733477745476, 0.00182593007102617, 0.0012132063150256257, 0.0017861450981087271, 0.0013754363325716801, 0.0015748748611342984, 0.0015404802362786584, 0.001406288502466469, 0.001536868481388733, 0.0014104088324164766, 0.0013076269242301502, 0.0016572220133423913, 0.0014566692571190616, 0.0014876263365826577)",-1.8179186472413336
0.0017789955774915429,0.0020026081132777994,0.00040891962510379755,"(0.0013679639726686843, 0.002819699677083839, 0.0018083890720199103, 0.0021334195181361283, 0.0018731110275036075, 0.002057650756455676, 0.0028442735455064933, 0.001356236582435624, 0.0019252365973225164, 0.002003162497588238, 0.001795047513788732, 0.0021471459479714757, 0.002390202623105444, 0.001612646067936345, 0.0019025509727806302, 0.0020282872313977618, 0.002272076828307196, 0.001697467301402145, 0.0015862345410271844, 0.0024313599911183546)",-0.5468373784444709
0.0018944873858363811,0.0022001389248024242,0.0004311933432526391,"(0.003062685682440811, 0.0015245703597585429, 0.0024708176368755737, 0.0018903482692237514, 0.0018368264623802556, 0.0025396513240154056, 0.0021591912614056918, 0.0021631867581977135, 0.0020510285165806527, 0.002276163331496046, 0.0017143393149960213, 0.002721354642894497, 0.0015398032867452041, 0.003029616303286094, 0.0020724455552612463, 0.0022547697991357283, 0.0025242107759821946, 0.0018496136769791955, 0.002124242256810098, 0.002197913281583763)",-0.7088503191176581
0.005092436631220729,0.006923524913112828,0.0006363698394726109,"(0.006678348909766794, 0.007123930173727679, 0.006073792663320249, 0.007840827362952177, 0.005814114103257253, 0.008158410361855438, 0.007096173452626848, 0.006711756972607036, 0.007581822249371205, 0.006271680100740427, 0.007091010923951015, 0.006691490124074545, 0.0068097123783512166, 0.006965938973340662, 0.007469549719237539, 0.006385708601943205, 0.006559080837478708, 0.0072512994210228434, 0.0077894948951550665, 0.006106356037476654)",-2.8773963948536694
0.014839752212371575,0.013667747429355837,0.0027451560428088306,"(0.014497708020025696, 0.012416437751113521, 0.015241548247648631, 0.011833858424671604, 0.010050646931472172, 0.017804504044448523, 0.015127444546099445, 0.011925364688300003, 0.01423466463206656, 0.012632597417018646, 0.017376468128797142, 0.01030495260867992, 0.010778127601692165, 0.016604134275619915, 0.009218894795696113, 0.01962601401945909, 0.012822680241610797, 0.014030132840291172, 0.013293797916044951, 0.013534971456360706)",0.4269355784294682
0.006513799895666672,0.0061407822584335,0.001731652346619376,"(0.004915323507315259, 0.007158399366308717, 0.004985864842404686, 0.007063494066278047, 0.008281144069903847, 0.004237986508837094, 0.005044246165780163, 0.006983183318066808, 0.006799307987017751, 0.005172705796368486, 0.00596828703317714, 0.0058823536934336125, 0.0066756737739116275, 0.005257072470379064, 0.0030585538813505024, 0.011531771287656459, 0.0054407387919624, 0.006465665000291902, 0.006376683546171621, 0.005517190062054827)",0.215411388990057
0.0016709485672356868,0.002024210179633952,0.0005177641746814022,"(0.0014170494444077184, 0.002721440294585734, 0.0020193570683231924, 0.001910296971623119, 0.001615281944927375, 0.0023854226694916205, 0.0016766778809132713, 0.0023008866077909333, 0.002634343164811991, 0.0014636941219407045, 0.001695389657864161, 0.002272975303951569, 0.0011522097677248793, 0.0033440900549765906, 0.001783676504397754, 0.002163790154138291, 0.001756727052383798, 0.002195066789186381, 0.0022970158527495874, 0.0016788122864903779)",-0.6822828416346863
0.0028069841434980457,0.003560044553722019,0.0009308437226356137,"(0.002517045362280588, 0.004718451480235256, 0.0027622644751788892, 0.004303115242041123, 0.004539118099555792, 0.0026134509083518384, 0.0037778606305816057, 0.003150163695961218, 0.002764579425055491, 0.004296363565430116, 0.0037481936516919816, 0.0031673664674133966, 0.005716402566661599, 0.0020739908614256777, 0.0027453674689897982, 0.00433835162671075, 0.004226136904726831, 0.0028108086117778395, 0.0031057025703241934, 0.0038261574600463827)",-0.8090084209750478
7.849913913173675e-05,0.00010030424035541997,2.2340827229848823e-05,"(0.00010290255423084756, 9.34490339939022e-05, 8.255188788555829e-05, 0.00011648946782073575, 8.139228931047875e-05, 0.00011814317108324612, 8.521086207931929e-05, 0.00011286118021566965, 0.00010602677254245838, 9.069647051164614e-05, 9.417521683173491e-05, 0.00010211052202810931, 0.00010538466983844783, 9.124334802148245e-05, 7.3416569416716e-05, 0.0001309950954061522, 0.00010404451982805617, 9.242458758410604e-05, 0.0001638907166709258, 5.8675871808806444e-05)",-0.9760203147066174
0.016296738660588485,0.020290850180858105,0.004777795970516399,"(0.021971306280375847, 0.019020780346092375, 0.018131437381956137, 0.02345839402004798, 0.0178351297348873, 0.022505731551987082, 0.013386343000294053, 0.02734957281091817, 0.018363447149845467, 0.022863696013267945, 0.01128460258226331, 0.027250157348005753, 0.02100985793919669, 0.018538328450922674, 0.028005763147860085, 0.012286934322189854, 0.019285331491499164, 0.022129499284141343, 0.016413769968568047, 0.02472692079284286)",-0.8359736466180503
0.021653447109696123,0.021742742677199774,0.011494009434628388,"(0.010742981353125238, 0.03299629541990896, 0.02393516384104918, 0.014720682172909285, 0.03022096544744008, 0.01168954323219221, 0.013302108523407064, 0.026762557473658754, 0.010540526036641603, 0.033297842184119804, 0.009547172552770215, 0.03692908787901618, 0.009363694974154423, 0.037283057095256186, 0.011422626392498355, 0.03085363174734887, 0.04168793649971886, 0.008444370604527355, 0.028890952739650252, 0.012223657374602629)",-0.007768878911359478
0.013805843096914504,0.016895382552400695,0.008547522772495798,"(0.018002123551046027, 0.012476211793512618, 0.030760777586768085, 0.007222684591100446, 0.008561487429226881, 0.0260763720257268, 0.013469307293603652, 0.016801166662048783, 0.035193412026997134, 0.006269984820550132, 0.017549142885285134, 0.012675345790306136, 0.009157791881610266, 0.02386793025053243, 0.0077901805611463384, 0.02852803040437553, 0.009818241474651816, 0.022593096430987912, 0.011232141363140052, 0.019862222225397765)",-0.36145436961311234
0.015880096763531408,0.01170966609559165,0.005713149281446152,"(0.007438967708055233, 0.014853711136919471, 0.012834704837705158, 0.008520906964283328, 0.00974475469272432, 0.011275743149522689, 0.012091146263073362, 0.00920341886870656, 0.008718474191960793, 0.012464206343989427, 0.020608505727170802, 0.005312946375598763, 0.025140753505083838, 0.004284029495461507, 0.006246529577888766, 0.017510037539775442, 0.020015913243715884, 0.005455747013097481, 0.015293887208774505, 0.007178938068325636)",0.7299705403258971
0.0009073890226611569,0.0009112565441700094,0.0005128837715829052,"(0.0010377437469355634, 0.0006123283965562308, 0.0008352618914803776, 0.0007599870348927472, 0.002244062826258641, 0.0002830988165199999, 0.0005858160102275628, 0.0010849806820763612, 0.0010833485450713364, 0.000585763115118191, 0.001171888513070097, 0.0005418219770973518, 0.000901884395631749, 0.000703070228053716, 0.0004931390357800581, 0.0012866371044941754, 0.00029991401899751296, 0.0021161909519123324, 0.0008581877848068307, 0.0007400058084193545)",-0.0075407367577965635
0.0005491515229759114,0.0005970793747108829,0.00010790892490416782,"(0.0005747822540261186, 0.0006016809185620071, 0.0006237747564146682, 0.0005543328357358658, 0.0006605615435647021, 0.0005235105436694795, 0.0006385412763899164, 0.0005416517055309034, 0.0006482789720070178, 0.0005333356593802862, 0.00047964541876920557, 0.0007209238713411881, 0.0007067655849203697, 0.0004891363737786055, 0.0005658695011554649, 0.0006110435436167509, 0.0007169370722533389, 0.00048228908598278735, 0.0008719372632166507, 0.0003965893139023301)",-0.44415095208793415
0.003623586037976124,0.0031031471625711116,0.0006261766471285309,"(0.002700647893789943, 0.0034365027503583394, 0.0033675770509730856, 0.002754801136197967, 0.004908236960089074, 0.0018904333899454897, 0.003246643397224962, 0.002859386934044186, 0.002678258078122811, 0.003462933827788205, 0.0032024292971712495, 0.002896995640282691, 0.003078328217830606, 0.0030118068686352797, 0.0033754748346083467, 0.0027483828938917472, 0.003799646032927475, 0.002441399927244577, 0.003685513602668802, 0.0025175445176273833)",0.8311374718166156
0.0012504711187506532,0.001533876087777735,0.0004873672779805125,"(0.0016574315429211776, 0.0013061609420416762, 0.0012597257892875385, 0.0017180199591443025, 0.001419635368304811, 0.0015247098432567207, 0.0015198147555106035, 0.0014247156312514567, 0.0015687933164272778, 0.0013793064525899304, 0.001192517765028573, 0.0018149071792532626, 0.0006756921179428098, 0.0032016059921114717, 0.00199564074416191, 0.0010844804536051546, 0.0012315991635317356, 0.001757181873586899, 0.0015408869194004616, 0.0014046959461969234)",-0.5815018402577569
0.0017169290504423246,0.0020140911054780525,0.0004644549217239789,"(0.002597659010828874, 0.001486367050847491, 0.0012908256525274284, 0.0029896841095306105, 0.0018212513536374798, 0.0021194861607636553, 0.0024401010333214308, 0.0015828446515521802, 0.002131226852113875, 0.0018102566811813439, 0.0020752064672672336, 0.001859771493787318, 0.0013210932224381772, 0.0029191526167410653, 0.00182849555661989, 0.0021105192607712544, 0.0022216338975409432, 0.001736963557183699, 0.0018296658666767914, 0.002109617614230304)",-0.6398081732726871
0.0015788305194412273,0.0021823736005248196,0.00032088389278562543,"(0.0026878238903273134, 0.0017366781345937053, 0.0021036335693724218, 0.002217633271819725, 0.002512279569120866, 0.001857519467254686, 0.0024224537340588378, 0.0019276007958187733, 0.002525519354643524, 0.0018465971467396779, 0.002056757228048026, 0.0022683783982127476, 0.0026498207041998714, 0.001759118037923558, 0.0020955788113114536, 0.0022260147747638357, 0.002584543599431097, 0.0018048456021438023, 0.0018718139647898972, 0.0024928619559225727)",-1.880876836304166
0.006861955978014205,0.006990036005491958,0.001381382305831498,"(0.007152182339497122, 0.006591565109112685, 0.008305259445375072, 0.005665415176287348, 0.009226606571707098, 0.005105118395028205, 0.0063085827960270725, 0.0074813811074375906, 0.007798689465621225, 0.006027334555626422, 0.008833239605200216, 0.005328345790467031, 0.009067964188867917, 0.00517553529661965, 0.0058875129208491705, 0.007990167987415473, 0.008532585101380233, 0.005512998757883336, 0.007674790822307633, 0.006135444677128659)",-0.09271874045082558
0.011642173172129277,0.013525497272268362,0.002410331885567114,"(0.014255454301627416, 0.012505355546611889, 0.012385813688732098, 0.014340436341603481, 0.01631181945462208, 0.010910783317606382, 0.008642762620114864, 0.020670286070966125, 0.013439220059195857, 0.01319116657664136, 0.011977144270045174, 0.014837925087335124, 0.012649150752920056, 0.013973571409575255, 0.015776094287723974, 0.01125401984669458, 0.012910020045280846, 0.01375119095591585, 0.012514246088849932, 0.014213484723304932)",-0.7813546804140492
0.0068973440760238995,0.005991327176002329,0.0011722668969229957,"(0.004697427625775061, 0.007375610084347371, 0.004577508074039772, 0.007556456260733062, 0.005386884008677433, 0.006427008280979889, 0.006173566205017416, 0.005617213369262563, 0.004916802152035523, 0.007029159428106334, 0.00472972783599038, 0.007315137994682558, 0.0053140583664266754, 0.006495125231692238, 0.007235165530228175, 0.0047797410581696936, 0.0073572382108368466, 0.004700387145972095, 0.0045721071988073896, 0.007570219458266108)",0.7728759571729893
0.0013827157253353236,0.001982270932053155,0.000326112680684294,"(0.0018684092871220533, 0.0020513462206169157, 0.001906489436319355, 0.00200927235297908, 0.0016313547264741768, 0.0023488663386938514, 0.0013740888186522314, 0.0027901638790351208, 0.0017513714463143662, 0.002186623849374546, 0.0016184535581037687, 0.0023670651468285396, 0.0016140346225727987, 0.002371636017477821, 0.00203728962371134, 0.0018801344513779356, 0.0018292250876863225, 0.0020939822671875706, 0.0019187192489732857, 0.0019968922615620235)",-1.8384909334398258
0.0031177383252503875,0.00349446356087274,0.0006846387702300512,"(0.0030930600299616854, 0.003811552411182422, 0.003276619940533436, 0.0035951552418038465, 0.003526265113155217, 0.00334261651736242, 0.0028682635553690075, 0.004111224681621467, 0.002911034645198067, 0.004045569037522585, 0.0022853505014820644, 0.0051555482308525595, 0.0032220988552489065, 0.0036527681929375442, 0.0025218537665416913, 0.004669615599831675, 0.0038893374750293376, 0.0030283776510626067, 0.0036862103803800414, 0.003196749390378219)",-0.5502540200809338
0.0001076244474935184,9.94657449578016e-05,1.7580693355687288e-05,"(9.062833183034754e-05, 0.00010611139547838612, 9.554686996461238e-05, 0.00010064738750378934, 8.630365603547875e-05, 0.0001114286459815402, 0.00010019244861171541, 9.598206957126282e-05, 7.926660173226052e-05, 0.00012131877275074609, 6.28414429853303e-05, 0.00015302959158009933, 0.00010007549483938394, 9.609156272251641e-05, 9.821650522048182e-05, 9.791036725321139e-05, 8.864290974643237e-05, 0.00010848592253208538, 9.153168322242563e-05, 0.00010506323959392603)",0.464071716095172
0.014385383447885312,0.014967661899702198,0.003370535562771185,"(0.01498595656103989, 0.015403632259810864, 0.014362284635203336, 0.015481367082465867, 0.013884233363299303, 0.016552830463010124, 0.020399865605014833, 0.00981794930560272, 0.015038949564929191, 0.014790596563268837, 0.01582155425791883, 0.014246387244161628, 0.015804962021755985, 0.013623044603419567, 0.01585663568639979, 0.013463473675941832, 0.010059593181261439, 0.01967401686021383, 0.022191937646879673, 0.007893967412446468)",-0.17275546896711835
0.0258413375285479,0.02013257765417009,0.009724485611405853,"(0.01680700597288125, 0.019834213854894586, 0.010548541345567198, 0.031201514590844234, 0.01482897284422505, 0.02297497901813255, 0.01982749073594244, 0.015735760233827455, 0.008060218536972748, 0.03769435342828702, 0.010411522947621139, 0.032393364697110356, 0.014746237689919174, 0.023226267908169555, 0.016879383746224826, 0.020249210463255684, 0.020873864351405404, 0.014581730928182927, 0.04418879907113361, 0.007588120718804478)",0.5870500613093615
0.015108977341301875,0.014412987778578384,0.006257856978332467,"(0.019277886543792467, 0.009234401771738553, 0.01471959831520528, 0.011804996352930565, 0.015323907803505087, 0.012107223218579226, 0.00720885881157422, 0.021805871133234456, 0.011049736516205692, 0.013542515775975282, 0.009379761159855572, 0.01941348518997841, 0.0077911311351123065, 0.02404269515569493, 0.019755587640441906, 0.00944170458848199, 0.005497753510696772, 0.02742296583544904, 0.008686616618441804, 0.020753058494674147)",0.11121851540125018
0.004851579506585124,0.010249469406434134,0.004062182604151147,"(0.00687598871680459, 0.013630009999017749, 0.00931880806964842, 0.009775398361455577, 0.01790036535401585, 0.005495731360600789, 0.010537027361080876, 0.007694251102142772, 0.006901754213866585, 0.011098759973113891, 0.006468276131467828, 0.014885468149488329, 0.009341093082921153, 0.01064691885016542, 0.009147972740544916, 0.010814328418761631, 0.004256548904771252, 0.018219221907475155, 0.0059352905245249965, 0.016046174906814897)",-1.328815177912707
0.001300484051920306,0.0009043629828480048,0.0005289396651816195,"(0.0002442060602938716, 0.0025686207028801024, 0.0011283251308039845, 0.0005511735179977934, 0.0007188748754922588, 0.0008856304358212497, 0.000610875288189253, 0.000984763648402095, 0.0005594540431918844, 0.0010590117404204555, 0.0014740061102493133, 0.00042959166376886106, 0.0008458056226199093, 0.0007545091203238967, 0.00036399999505283434, 0.0017493559470913953, 0.0006772787497607994, 0.0008858567398411284, 0.0007319123209940088, 0.0008640079437650004)",0.7488965096544364
0.0006179405015163277,0.0006008646938212706,0.0001323787076819277,"(0.0006641666391939352, 0.0005198854371896511, 0.0006040473730518107, 0.000571196463789786, 0.0006312781802678852, 0.0005476793787151925, 0.0005136606439471806, 0.0006697126511121922, 0.0007505179765834049, 0.000457720022997443, 0.0006602324205973128, 0.0005233936538890323, 0.0008810964782382111, 0.0003924888398734143, 0.00039961571293078594, 0.0008652297197211242, 0.0005621799764379533, 0.0006115627615106203, 0.0004983728708270214, 0.0006932566755514559)",0.12899210147968723
0.004158025580420809,0.0030954400668998325,0.0007030080068970076,"(0.004045972169210271, 0.002258702697755911, 0.002496780091450757, 0.003656410850994997, 0.003248688555450407, 0.0028179726306222096, 0.0035980863117128893, 0.0025264808429441574, 0.002102426138815923, 0.004314793198748585, 0.002922779634343642, 0.0031297140648563187, 0.003251556059194507, 0.0028166313299419045, 0.002850957695360495, 0.0032118214788117412, 0.0035015705247955775, 0.002591577644235084, 0.004561255345642494, 0.0020046240731087716)",1.511484226489966
0.0015535621527974848,0.0015045571574056685,0.0003533001909794365,"(0.0015436393339280947, 0.0013941702673984351, 0.001750937444972653, 0.0012280590882774365, 0.0015747137059082328, 0.0013686561698166458, 0.0014359951352894901, 0.0014921837524317293, 0.0018727061296861807, 0.0011422803869016946, 0.0019156251415381738, 0.0011243678806339217, 0.0009210063521707953, 0.0023408437121942246, 0.0016554331631748141, 0.0013021208626229257, 0.002029436241021827, 0.0010545385771164029, 0.0015914436926387236, 0.0013529861103909674)",0.13870639372133436
0.0017732794260289096,0.002001084382100174,0.0004998001950209854,"(0.0018668592445389388, 0.0020300373498768876, 0.003303385818138505, 0.001145290530035984, 0.0022255001205021903, 0.0017078608548695498, 0.0021210490170152107, 0.001771560775813002, 0.0019763696716077256, 0.0018950692851549301, 0.0014904160554109693, 0.0025470829190997178, 0.0021214157699075715, 0.0017927208321775142, 0.0019036170404420501, 0.0019971072641233874, 0.0012939558813628504, 0.0028982904464233392, 0.0022409828798826206, 0.0016931158856205416)",-0.4557920511849732
0.0019877190869019195,0.0022048736114746448,0.0005444250386190946,"(0.003560531605541716, 0.0012942752570497156, 0.0022598270573569524, 0.002034151740263891, 0.0015162213228379926, 0.0030523356253094203, 0.0017477368088404952, 0.002604353612886668, 0.0020644352141326546, 0.002194637903898761, 0.00292939330619741, 0.0015771508789080998, 0.00180597290947857, 0.002564694798873467, 0.0023909758034423943, 0.0019360855410583866, 0.0020635046484287407, 0.002201073604993242, 0.0020754176798186445, 0.0022246969101756752)",-0.3988694662602703
0.006737517485387297,0.006787015441664369,0.0010733557562660158,"(0.005724091248791061, 0.007931357280690434, 0.005847843359825785, 0.007700736348360407, 0.009128439966994807, 0.005043059739213001, 0.0063355182145437795, 0.006883651168291439, 0.006305182335407745, 0.006813482691645161, 0.007755166979075498, 0.005903192525081073, 0.00671267383056486, 0.006875954973417178, 0.006688224178696834, 0.006888230917515733, 0.00869744371285557, 0.00498032609172371, 0.00654278687789038, 0.006982946392702913)",-0.04611514494436081
0.012158377683481209,0.012876071023636441,0.002784003978889309,"(0.010308774297300077, 0.01564933964858919, 0.014674532411766387, 0.01082654952648206, 0.0137132656400503, 0.0120765778538426, 0.011130007190361765, 0.013436664118696453, 0.011841498607434699, 0.012275884982125269, 0.016481525438662638, 0.009943385364698331, 0.014468425258241808, 0.011503036794242581, 0.012974213193907614, 0.012782842221741407, 0.007512731710494155, 0.01965098871891313, 0.016183005549513133, 0.010088171945665223)",-0.2577917796085763
0.0061201393943286974,0.005852509328599985,0.0009728658863890036,"(0.005962303830119388, 0.005641846539970107, 0.004484502822386906, 0.007447465828013708, 0.007676784228911273, 0.004435957760238446, 0.005037433898933548, 0.006445281071291209, 0.006487778557725058, 0.004938653337343357, 0.007254606684504423, 0.004671281706993821, 0.00703998507178653, 0.0048482885754579635, 0.006039720078890586, 0.0056418512571816, 0.005669291243865729, 0.005694333055982698, 0.005846028400434172, 0.0057867926219691695)",0.2750945114563296
0.001347116328864915,0.0019855580778193323,0.00044595291309124064,"(0.003527008261839762, 0.0010733990696053213, 0.0017703640255256948, 0.00213327116985826, 0.0017754811243483428, 0.00214124262028253, 0.0019634647855809716, 0.0019050744856764642, 0.0018612337734795808, 0.0020006938678034866, 0.0020369066911866177, 0.0018633380782466593, 0.0018666685655542373, 0.0020382235185382063, 0.0017837999130881073, 0.0021317031861871594, 0.0017224812600450219, 0.002167442979330442, 0.002300472415891276, 0.0016488917643185071)",-1.4316348883761947
0.0032039509702140485,0.0034199111321350836,0.0005922826931007298,"(0.003618827941983226, 0.0031633913068157783, 0.0032163035407526868, 0.0035370038422243536, 0.002926264797997574, 0.003954726258995983, 0.0032009888936149994, 0.0034685298335688543, 0.0033360584371117854, 0.0032911401539021464, 0.0026365654417456652, 0.004371837114726387, 0.0036838994090229774, 0.003146899529909673, 0.0033988527397042145, 0.0034053709815576004, 0.002711441861681015, 0.004085943925099421, 0.0048887904996067245, 0.00235538613268061)",-0.3646234550438005
0.00011209818065161974,9.926564635288534e-05,1.6542741152359508e-05,"(0.00011804682561608158, 8.134068457997019e-05, 8.702989417907107e-05, 0.00011030640144875917, 0.00011094183067236636, 8.65820682782718e-05, 0.00013968651921283446, 6.866843917473347e-05, 0.0001115436307567327, 8.596150776313075e-05, 9.804008559699424e-05, 9.796312701652207e-05, 0.00010113287622843771, 9.498503651268525e-05, 0.00012088741004859055, 7.945880464756811e-05, 0.00010117327899810632, 9.480515396799135e-05, 8.974782346660088e-05, 0.00010701152889225845)",0.7757199475314338
0.0033865192672217098,0.004414212416765399,0.0037638608296579603,"(0.006936754076274793, 0.0004373212754596878, 0.0097413479295584, 6.202058802235077e-05, 0.00439284805643435, 0.0036912600768817787, 0.011403081993145901, 7.07949547759195e-08, 0.01211247691964426, 1.332732567260493e-09, 0.001963724470906908, 0.0051417293958561485, 0.0043229710657873175, 0.004440852052035373, 0.003249867339187723, 0.0049142440939616335, 0.008284596649204546, 2.1843179566693718e-07, 0.0015806462131585943, 0.005608215580305199)",-0.27304228186276497
0.01708827879220425,0.020079058152327186,0.00813862737113336,"(0.02409684235308603, 0.014455834793012223, 0.011469487769500297, 0.030507466715185085, 0.007721156317466087, 0.0454458036314456, 0.019481764700315124, 0.017924437532581085, 0.019163422336436288, 0.018441264473951495, 0.012273355539074781, 0.02848526406123492, 0.017325738847125117, 0.020213309359178595, 0.025304513792141478, 0.013919018703848977, 0.016878677727382843, 0.020849243117599062, 0.017284181989589767, 0.020340379286388894)",-0.3674795790173215
0.010324279002437877,0.01589267012762099,0.009047434076316457,"(0.04214419188660744, 0.004585528810873953, 0.036527527244017984, 0.005326887133178664, 0.015784650419580316, 0.012387262763424015, 0.014164058886575787, 0.013694887320329857, 0.01679225085091388, 0.011775446193672547, 0.015807309249722266, 0.012294759224547841, 0.013988286465541608, 0.013931442257038705, 0.014783932546939918, 0.013300049778852713, 0.021513285793747405, 0.009129393645491606, 0.02022964072407157, 0.009692611357291764)",-0.6154663386561211
0.011212824054384235,0.010456290715363463,0.004016659216273028,"(0.016409808039661734, 0.005722999450286398, 0.008872899031647168, 0.010657500067326062, 0.009896682656049928, 0.009608338816998269, 0.004997151699276756, 0.01886314638510644, 0.009901652105574421, 0.009717161152097484, 0.012781068982807288, 0.007390443645188507, 0.01677193518695531, 0.005648113877961326, 0.014363878472942833, 0.006656706009128907, 0.012299039677591236, 0.007767099168742017, 0.006820424221548957, 0.013979765660378195)",0.18834889849648306
0.0015499089388838752,0.0008395375602916691,0.0002709916231983695,"(0.0010363116376191149, 0.0006198196742522913, 0.0007845834691642175, 0.0008182607370542194, 0.0007631687205934495, 0.0008427567213364935, 0.0008914194231433556, 0.0007204237817960012, 0.0009632285644105063, 0.0006682228932470074, 0.0007450486640470853, 0.0008622714767522592, 0.0007186738783701731, 0.0008940373913592462, 0.0014856311787331787, 0.00043256823295286277, 0.0015018191664065647, 0.0004282034775998446, 0.0009005824966446111, 0.0007137196203509015)",2.621377628607379
0.0005727820529350448,0.0005993087231165509,0.00011978378888308227,"(0.0004463270754434434, 0.000774835443533296, 0.0006540559062204454, 0.0005287703372612459, 0.0006004273297833798, 0.0005760858346116236, 0.0006816587998724618, 0.0005073474651834364, 0.0006088483291273089, 0.0005682072488001836, 0.0006591104975384508, 0.0005247244290737197, 0.0005018763252801369, 0.0006891435968491874, 0.0005869219939221573, 0.0005893495127680363, 0.0004236381899448247, 0.0008165276764129358, 0.0008331537295013007, 0.00041516474120344447)",-0.22145459271953816
0.0020035236416917983,0.003117090106661707,0.0006962889440273785,"(0.0023797393906576756, 0.0038950186255165995, 0.0037844395745587015, 0.0024499527353715996, 0.0027001655780927885, 0.003434442715644373, 0.003458815421635001, 0.0026802610962404316, 0.0024449288062787476, 0.003794716069977477, 0.004840073754383032, 0.001915519554586864, 0.00301111631195077, 0.0030793518249669144, 0.0030392644511589724, 0.003051943858943915, 0.0023897164784348265, 0.003881317059593445, 0.0028074677498955247, 0.003303551075346483)",-1.5992878739808378
0.001306481843938499,0.0014986845537744626,0.00030598024066975455,"(0.001459436872239644, 0.0014821319974581814, 0.0012415949701276685, 0.0017424946050379913, 0.001503259234460846, 0.001439424492141728, 0.0012388645980961174, 0.0017461854243356286, 0.0014096094296839248, 0.0015355506188825987, 0.0012537746009208606, 0.0017255207626956787, 0.0014474324933658154, 0.0014947750532572398, 0.001422221293744989, 0.001521658825051571, 0.001692400694608998, 0.0012787133854828092, 0.0024584068561548426, 0.0008802348677421203)",-0.6281539926083289
0.0019768098865966337,0.0019853676193133532,0.00034313006693430286,"(0.0029283038669477898, 0.0013087671508789605, 0.001704507588477278, 0.002248997556720635, 0.0018392785138468648, 0.0020848965895091734, 0.0019831169914906266, 0.0019327971903530788, 0.001889786399211227, 0.002030225519439297, 0.002024138167814383, 0.001893823856461614, 0.0018998401152346852, 0.0020179896130509004, 0.0017156695904135394, 0.002235498298524988, 0.0015371653463525491, 0.00249511719851874, 0.002170845594617874, 0.0017665872384028522)",-0.02494020064513324
0.0025817304603414923,0.002181569461772345,0.0003264619453403174,"(0.0019467038738307256, 0.0023916526158209547, 0.0018756089603167642, 0.002482831545570971, 0.0018104836981376788, 0.0025734195644576885, 0.002536686280248871, 0.0018355975191828374, 0.0023094550803540123, 0.0020186043199540405, 0.001785344220133544, 0.002608442038663862, 0.0023064414927178216, 0.002019410502106139, 0.001864191760960753, 0.0024995390053366164, 0.002472110319018693, 0.0018850132892502401, 0.0026548977073899255, 0.0017549554419947623)",1.225750824194847
0.008612490741882707,0.007113995931636541,0.001692307651494135,"(0.005807028666326925, 0.008246398957524865, 0.01030137425871673, 0.004651560871327346, 0.004827144925801426, 0.00994288344454439, 0.00680858610949427, 0.007035592551912907, 0.004925537961557048, 0.009762488625564154, 0.0065751177035378834, 0.007288612484519067, 0.006731915508229264, 0.007122170541259233, 0.006559442802305871, 0.007319150614683875, 0.005636669153616225, 0.008519585011879275, 0.008704695339823503, 0.0055139631001065404)",0.8854742274096248
0.013788729272707195,0.013889909357095498,0.003909385357168534,"(0.011554122716135946, 0.015424284958341295, 0.013819684086204686, 0.012911582503447424, 0.008753933965731351, 0.020448173745749282, 0.01685952556653418, 0.010577119745750463, 0.017878192846435798, 0.010048778369497762, 0.009348007166607695, 0.01909260123928615, 0.008748165300190998, 0.020420267797739165, 0.011887016887949329, 0.0150670166244306, 0.009781901268515336, 0.01831883893889397, 0.012272965896986308, 0.014586007517482262)",-0.025881327918408397
0.005824526918154246,0.0058917048332644256,0.0007970546212347621,"(0.005712917406167004, 0.005963031328823164, 0.005537442210759263, 0.0061549471826332506, 0.004959292500573737, 0.006882664738411266, 0.004502326434375123, 0.007568224975323446, 0.005808824538086896, 0.005885429077421681, 0.00609814772505276, 0.0055898660151001015, 0.006416730831676878, 0.0053144350385650775, 0.004974488303573517, 0.006862815327340383, 0.005235362006787452, 0.00652260813081949, 0.004952290493789336, 0.006892252400008679)",-0.08428269947937853
0.0022743089211389187,0.0019839378022069513,0.00032759438617708365,"(0.0015401657035477691, 0.0024886595200613137, 0.0017740169629441424, 0.002160948199324198, 0.0020440182295476646, 0.0018764228329575968, 0.0019164075479236335, 0.00200023134511205, 0.0017315272210176392, 0.0022162317397252953, 0.0015375397726586297, 0.0024934324643835952, 0.002302260032649483, 0.0016654306058841739, 0.002311028479391512, 0.0016597201114908048, 0.0023445291463022335, 0.0016361512423392571, 0.001636812779796001, 0.0023432221070820345)",0.8863739159895281
0.003922967290954476,0.0035081482606854537,0.0008401440661724859,"(0.003957760265260033, 0.0029447559254465582, 0.00220840031363896, 0.005275731330861664, 0.0026243238178356243, 0.004445511685038963, 0.0046613939250064, 0.0024999492706324665, 0.003363546349417858, 0.0034706358668434574, 0.0032959039858375867, 0.0035366382968055584, 0.0029500668843387076, 0.003951710477609479, 0.004919101105636151, 0.002370371995591497, 0.0032015818149939766, 0.00364376566698005, 0.0036236491972549438, 0.0032181670386791372)",0.4937474975677063
9.324123852330946e-05,0.00010016170986373206,2.1142970677216948e-05,"(7.82368429622083e-05, 0.0001228984241862013, 0.00010264220266892142, 9.367456262246768e-05, 7.75386928632686e-05, 0.00012400783608482066, 9.364323334538289e-05, 0.00010267798749908587, 0.0001140879319816495, 8.428137357782453e-05, 8.146188984697268e-05, 0.00011803285125811242, 0.00014387599846259409, 6.682962365268031e-05, 0.00011463453057191405, 8.387627732892456e-05, 7.857668441928854e-05, 0.00012236855471038, 8.061377890119006e-05, 0.00011927492033075381)",-0.32731783277171667
0.015014668983674205,0.016598227707335395,0.0031366639055773974,"(0.014450191390371181, 0.01877038014317897, 0.012801536670122068, 0.01944441524686391, 0.019519868200894262, 0.01443775835786874, 0.011902068200948256, 0.020803573763540105, 0.01856263628386723, 0.015692549836687383, 0.023121870816252287, 0.009557844853356097, 0.017387450388432573, 0.01579368678639782, 0.016603715861478057, 0.016261174661771058, 0.01744304804994492, 0.016206137904303163, 0.017845060098452853, 0.015359586631976998)",-0.5048544476969358
0.01253697156968108,0.01888936547513262,0.0069426457153418265,"(0.011574849601646885, 0.02799048722115698, 0.019885144431012667, 0.01603883966919941, 0.008713504812484158, 0.0349151582943713, 0.019225264646122307, 0.016650557403854075, 0.011933598420276841, 0.026953084064012443, 0.014972130137738503, 0.021256709003232854, 0.018302123643272203, 0.016086721768363895, 0.01637848150947043, 0.018623977176580705, 0.010249005235886644, 0.031344017192981556, 0.01477159624527868, 0.021922059025709824)",-0.9149817181962849
0.010917413287282436,0.013746366198018152,0.005452470135380901,"(0.01690306683075169, 0.010248180363197633, 0.008865516736269008, 0.01889518787958512, 0.012831852870409959, 0.011849203594262137, 0.014270179984008166, 0.01182543135695285, 0.008148804818838742, 0.0209409814700103, 0.025243486852648628, 0.006613253397379745, 0.011361734182135007, 0.012537132144424515, 0.009896258197380456, 0.015479416487632704, 0.0071587455852217255, 0.02378199520125551, 0.009113656860618987, 0.018963239147380104)",-0.518838772243562
0.009544027938375794,0.009612305632015785,0.003752791474879875,"(0.007880051395045, 0.010821800054913337, 0.007903518097115805, 0.010403756970767623, 0.00954196146439269, 0.0077771939274314935, 0.007424180502895625, 0.01115979913819636, 0.011362080431075065, 0.007386042624730102, 0.009652728008748732, 0.008493182653462796, 0.018741980214448867, 0.003700946404464249, 0.004124127135092703, 0.018164677876946363, 0.00709715955807315, 0.011797746778463248, 0.011277847384984436, 0.007535332019068024)",-0.018193841596854707
0.0011271914819305727,0.0008720107503163457,0.0004484200579741181,"(0.0006187618823878156, 0.0009676425772119418, 0.000610694116916757, 0.0009671294870401061, 0.0008577316752437782, 0.0006667601122826097, 0.0015959689362092249, 0.0003709296996345453, 0.0006173128920682749, 0.0009649513739243646, 0.0016331944805247605, 0.00036195885992576586, 0.0013768988627412115, 0.0004080773017275885, 0.000403452843928939, 0.0014273164273725192, 0.0006341892610447485, 0.0009390746536104296, 0.00035999630090460073, 0.0016581732616269347)",0.5690662740803524
0.0005360985926787352,0.0005938974207071141,9.897880123161347e-05,"(0.0006384002662374003, 0.0005391229129919774, 0.0007508091675303577, 0.00045786939953173193, 0.0007474062416860186, 0.00045860710226445155, 0.000539939672670679, 0.0006368178249831586, 0.0006232836230202803, 0.0005519401818766398, 0.0007885843457163321, 0.00043594463097277057, 0.0006606925704617791, 0.0005179073677061972, 0.0006729703018516064, 0.0005095866797246446, 0.0006170411282498862, 0.0005575036849395793, 0.0005730381050855077, 0.0006004832066412849)",-0.5839515866950928
0.0027913100957051807,0.003067762494296057,0.0005628525975521372,"(0.0034237118482473143, 0.0026703163600847735, 0.003612673964336796, 0.002527151362734921, 0.001996652860490103, 0.004554376551056942, 0.003203977194843359, 0.00285037044703427, 0.0029150906399717665, 0.0031342938271182214, 0.003296143932466405, 0.0027694527608345346, 0.0035945540906359777, 0.0025230482691031807, 0.0024245265612327874, 0.003751811654382869, 0.0032411774428581534, 0.002818694551006558, 0.0029961528474425447, 0.0030510727200396687)",-0.49116305013635214
0.001345461194229076,0.001498309415298181,0.0003279016504422868,"(0.0015624690598551312, 0.001375860315097489, 0.0016823940254630557, 0.0012762339412917543, 0.0016812030105999294, 0.0012728585300337554, 0.0012509928585706406, 0.0017167580323190716, 0.0009957237466966613, 0.0021578336911989215, 0.0016489830445652492, 0.0013019880485924502, 0.0017152319628394178, 0.0012448999033581663, 0.0019819232005650832, 0.0010801012117489545, 0.002027770719664043, 0.0010595165238694456, 0.001509541142732118, 0.001423905336902287)",-0.46614044443795033
0.002131372156674131,0.0020143134119985045,0.0005586284916056178,"(0.0034048885793041433, 0.001114411177265349, 0.0027334513854104145, 0.0013846616295780582, 0.001994246318421295, 0.0018853490971904336, 0.0015795364936675715, 0.002397335879021614, 0.0018303350824431617, 0.0020709056282826642, 0.0015087481687361185, 0.0025084577581500323, 0.0020779474256094515, 0.0018019796111027409, 0.0019563615824163987, 0.001923550955973402, 0.0028389651391605808, 0.0013349996709207204, 0.0016731300763940405, 0.002267006580921907)",0.2095466780421002
0.0020340239826379127,0.0021514784229671857,0.00029373852583050765,"(0.0020785594127784896, 0.0022010848371710663, 0.0020412963678135016, 0.0022327444692929847, 0.0020682437802963115, 0.0021824676782271012, 0.002182358704924325, 0.0020898379347000125, 0.002393561647755651, 0.0019084733677517728, 0.0026228554378872077, 0.0017377090995290263, 0.002257095692253828, 0.001988398391748347, 0.002695821178555084, 0.0016769768001870576, 0.0016903122416326176, 0.002702126843327895, 0.0022228063700056675, 0.002056838203505775)",-0.399860522201457
0.00667655193349706,0.006733268546970659,0.0012092190481344243,"(0.005087549176789354, 0.008806419687189293, 0.006256869776720661, 0.007074629237028266, 0.006830924255599275, 0.0062851392885094745, 0.0063775653042666604, 0.006955598612178122, 0.007402055517189261, 0.006023395072081198, 0.0070929188079365164, 0.00624122729736609, 0.004650511572437329, 0.009066238535495506, 0.007382321114578094, 0.005844476103419179, 0.007440273756803605, 0.0059899759907469504, 0.008745600421668423, 0.005111681411409926)",-0.04690350649131802
0.012420570297632766,0.012538906442704379,0.002011221253723619,"(0.010813749900085493, 0.014700534396725692, 0.01325413523013275, 0.011725116987517884, 0.009949137228814582, 0.014749705158827248, 0.013269105572050934, 0.011758984721711146, 0.012819573462934221, 0.01228761843251668, 0.009896396869994002, 0.015705407135419902, 0.012451612771359305, 0.011391119719545852, 0.012675473772667308, 0.011684636680567536, 0.015259839217585244, 0.010314597937720067, 0.009627831985112944, 0.016443551672798776)",-0.05883795472652385
0.005473803905042765,0.005824419015336504,0.0012584564938789605,"(0.004138882651178806, 0.00797461628955596, 0.00688055081582522, 0.004744451307354963, 0.007025453065650837, 0.004519707022574093, 0.0043106571805202705, 0.007587658330104296, 0.005492477670781424, 0.005982841971654446, 0.005485213058264401, 0.005952099484494477, 0.005531623743044554, 0.0056473603759155735, 0.007202951329529618, 0.004428609551327014, 0.006662288701255009, 0.0049305567849646645, 0.0077283193428624225, 0.004262061629872032)",-0.27860725579239715
0.0022576861249187473,0.0019469365543193216,0.00020729011683478192,"(0.0019232314630488689, 0.0019611880641259264, 0.0017569342400011155, 0.0021387750361962668, 0.002185604788922123, 0.001703169314797059, 0.001866751113525804, 0.002014284167396175, 0.002108818555700866, 0.0017859087892476702, 0.0015626533373573352, 0.002404798719156686, 0.0021375928683486484, 0.0017317991323874972, 0.0019334789017249163, 0.0019282924342809927, 0.0020424640422405833, 0.0018437051237076276, 0.0017278303556385827, 0.0021814506385816968)",1.499104614076246
0.0039008792474231474,0.0034086249221706925,0.0006872001521297062,"(0.003666139678358331, 0.0030932805436126426, 0.0037398115502331524, 0.003001919770155674, 0.0029361803869927265, 0.0037332875808712166, 0.003937531121747001, 0.002856076063581591, 0.003749734217074662, 0.0030128318254425833, 0.0027614807791342196, 0.0040679685814782665, 0.002302375356646628, 0.004698672755330883, 0.004493972553258193, 0.00245147444416855, 0.004287522325146409, 0.0026344867292489105, 0.0036339671736812795, 0.003113785007250916)",0.7163187082059084
0.00010834536561547895,0.00010152294319787094,2.8357579199341205e-05,"(7.878427283782001e-05, 0.00012185625994109632, 0.0001771939992949715, 5.416074673233407e-05, 0.00010182607808404513, 9.417140244017293e-05, 8.597653861947367e-05, 0.00011162969955454, 8.14018244622685e-05, 0.00011792251139417602, 9.111081176645679e-05, 0.00010533589571021892, 8.365140432922551e-05, 0.00011458140741690632, 0.00011587266409389272, 8.277109779195612e-05, 0.0001443636511458373, 6.649231364795827e-05, 7.751539697307279e-05, 0.000123840887720996)",0.2405855016625152
0.002367545084063448,0.002482972545375432,0.002211743984719838,"(0.003913521772309108, 0.001175241921025649, 0.004279035469673356, 0.00039333105398952164, 0.007629696740486138, 5.395613961300478e-06, 0.0033837638928572765, 0.0006653815208048693, 0.003585471927546969, 0.000951554626432693, 0.0027663228085756187, 0.000805352331749472, 0.006416038764154111, 1.2420184612539755e-06, 3.248911061896254e-05, 0.005176147861126718, 0.0022085018389031174, 0.0016848611144763136, 0.0011253247593893366, 0.00346077576096686)",-0.05218843686675835
0.015624478852512906,0.021045350036592712,0.008930227241435587,"(0.016108565720078186, 0.023303757086463775, 0.017166974366367254, 0.02202842622542362, 0.022157943159266794, 0.017131912694118442, 0.0108111502396625, 0.034673518010240816, 0.02253806536048209, 0.016737958725359343, 0.019346201109995863, 0.019177830122022378, 0.00870147279775018, 0.04337964883535263, 0.01521458199267195, 0.024962275621442084, 0.01460366727402213, 0.02560298516868125, 0.037035510662963886, 0.010224555559489017)",-0.6070249991990538
0.0160487885003952,0.015610273215761078,0.007028192052485637,"(0.01985752053271198, 0.010487648661772991, 0.012444828262360774, 0.01693569477402971, 0.02080972813490303, 0.010192718074452075, 0.005055781918937697, 0.041093381635114175, 0.017626289979652234, 0.011912293881902517, 0.014531207395951267, 0.014058985551947964, 0.013284151910634553, 0.015816345025777393, 0.01656809891317871, 0.012813857433317137, 0.013541144376932157, 0.015273877258108718, 0.01144939211764533, 0.018452518475891206)",0.06239375380742936
0.01717507602551133,0.012323980211390806,0.005327765831166126,"(0.01578833712437203, 0.008159115986020576, 0.011218692937175959, 0.011629202089783562, 0.010829878957404452, 0.012130675077342274, 0.011909640639393109, 0.010787515279311263, 0.016013110349625128, 0.008116552914270452, 0.028637059520156223, 0.004406353909267921, 0.006276567416254235, 0.02071482158807085, 0.012411548676053779, 0.010596689232851843, 0.008130303347515867, 0.01572095773798383, 0.012704663147997971, 0.010297918296964779)",0.9105309744926853
0.0005372688686595756,0.0008968138986628894,0.0004301428566995233,"(0.0007508071628044113, 0.000883044326142153, 0.0008322680299557864, 0.000797325389943101, 0.0007976443689214945, 0.000832779703641665, 0.0005377266135326429, 0.0012322734288826305, 0.002233422911431655, 0.0002972217750741827, 0.0007960965095408704, 0.0008312498919219868, 0.00043679312306582006, 0.0015179778804944896, 0.001122769548343157, 0.0005918901044101203, 0.0005483478658276628, 0.0012066987121624898, 0.0010681778934866605, 0.0006217627336748113)",-0.8358735345789419
0.0005662537214705686,0.0005934517356457297,7.867647827867649e-05,"(0.0005653537935909437, 0.0006125685447651333, 0.0007130319886242844, 0.0004857798870534615, 0.0005727403564835747, 0.0006048438591643927, 0.0006373013725282844, 0.0005433833444162263, 0.0005488487031067662, 0.0006310854260384499, 0.0006472946003077669, 0.0005348608668374789, 0.0005049152621584617, 0.0006859605265848741, 0.0005258533942237507, 0.0006587975840242809, 0.0005023529311210961, 0.0006892682051058751, 0.0007307716738254639, 0.00047402239295402804)",-0.3456943519869337
0.003104358488170024,0.0031020085625560662,0.0006209829673385938,"(0.003905843231171338, 0.0023707060203148264, 0.0028838284809457404, 0.003212377057177936, 0.0028577290650358663, 0.003242527603263955, 0.002471383636147851, 0.0037463745143423133, 0.0034944320257273656, 0.0026506702046538433, 0.002626241766326821, 0.003523140909034167, 0.0023823322066028312, 0.003888126081688421, 0.003640239598582399, 0.002545602778922104, 0.0021472989908204476, 0.0043110331556121834, 0.0026689682170666423, 0.003471315707684284)",0.003784203009672217
0.002085465899252063,0.001502130897573551,0.000315290383787922,"(0.0013506662967817822, 0.0016025445747592077, 0.001618311986918549, 0.0013379511325783385, 0.0015401194465934792, 0.0014061412371374209, 0.001684511195397793, 0.0012848508077845777, 0.0014021326170040715, 0.001544089714808205, 0.001576960642009152, 0.0013718292655066015, 0.0011040646430943366, 0.001960955525810296, 0.002105196287323519, 0.0010287386778486953, 0.001259237000582696, 0.0017185292875832132, 0.0010173755179948534, 0.0021284120939542347)",1.8501515798556303
0.0018717144229860813,0.002048132546225042,0.000612383730472856,"(0.0017999080799343278, 0.0021376638805787333, 0.00147046097622468, 0.0026180066566980835, 0.002391778533283027, 0.0016100726563257573, 0.0030543915356229883, 0.0012595241826001454, 0.0028014356778665998, 0.0013740091917149525, 0.001407759913607937, 0.0027306323318472365, 0.0016032153028011896, 0.0024008138147339824, 0.002459074033893336, 0.0015661253402422738, 0.0018930387230226525, 0.00203165257518916, 0.0012347140267673037, 0.0031183734915464626)",-0.2880842753656083
0.002263788426478338,0.0021735620023075517,0.00029382566886855337,"(0.0019207123803191282, 0.002416785248658888, 0.0027180155429383118, 0.001708919424340219, 0.0026415406753535022, 0.0017591413283423658, 0.0021824283307834797, 0.0021265679381695128, 0.0020714453392197776, 0.0022421208593270815, 0.0020475552634280593, 0.0022645553533399386, 0.0020653980318111028, 0.002248360086971857, 0.0024655659098729715, 0.001884916174249245, 0.002627563587996788, 0.001765575823804201, 0.0022395276889582145, 0.0020745450582663762)",0.3070746831555762
0.009696004129239889,0.006943655077426495,0.0011719513026924213,"(0.008345053043663469, 0.005618252788551413, 0.007950658264830131, 0.0059086796998984855, 0.00848753842512384, 0.0055424552632329, 0.006018303891098335, 0.007785647729321425, 0.007826561031490346, 0.006000692495768837, 0.007241272671623624, 0.006451879745615556, 0.007954186391351571, 0.005901494512867251, 0.006363050269400894, 0.007395775725783476, 0.009319636055843083, 0.005020971330130294, 0.006436148014119383, 0.007304844198815566)",2.348518275025757
0.012519974699906138,0.01373432878454241,0.003538835533335717,"(0.016970487980108345, 0.010412218165495148, 0.009498303533797544, 0.018676297048569747, 0.015466748994699006, 0.01150013597256181, 0.009031600418465966, 0.019541416358705058, 0.010666545926020987, 0.016621790288510373, 0.012206063308653555, 0.014376361456235142, 0.016296172430315854, 0.010868941433773573, 0.012538584258113994, 0.014196478874151678, 0.008800773825934688, 0.020000833539824993, 0.011316113922303136, 0.01570070795460759)",-0.3431507548732051
0.006445645513061619,0.005947670293282854,0.0007102003786559792,"(0.005386025282966479, 0.006475221359932568, 0.0066177832815633945, 0.005279039461409206, 0.00631502124400606, 0.005538839530513903, 0.006779650921451664, 0.005141363553867931, 0.006307761583261113, 0.005537418466337103, 0.006469587073999245, 0.005374188370026915, 0.007670679881804255, 0.004551204996056593, 0.005945277036149049, 0.005885397362459555, 0.006473016805731955, 0.005378278076139325, 0.005803095985435164, 0.006024555592545591)",0.7011756607637405
0.0023210371027201676,0.002022532056480494,0.0004951373119036076,"(0.0013843646901916975, 0.002791045250947094, 0.0017911611492209844, 0.00215838314162726, 0.002242290576836387, 0.001724822386979238, 0.0026770223003080153, 0.0014430703010557208, 0.00286280500532936, 0.0013503385101692456, 0.0021953571727997777, 0.0017582168300494774, 0.002271249373437915, 0.0017017573789048694, 0.0020008595394864653, 0.00193317048033596, 0.001982616412388988, 0.0019477141446269072, 0.0013326022595400067, 0.002901794225374496)",0.6028732617464023
0.00356076404487146,0.0034838998088504666,0.0005668883610250157,"(0.0036536369112405895, 0.0032386196156640266, 0.0031001608811874943, 0.0038195579237879514, 0.0027935192993836207, 0.00424208282445301, 0.002852193848334679, 0.00414692737765359, 0.002538008025252506, 0.0046666181224416445, 0.0038056941634285984, 0.0031046365082731103, 0.0037840007973894882, 0.003127407728011965, 0.002997901453417487, 0.003954160023215908, 0.0032160560721197174, 0.00367392781240129, 0.0029601034035999048, 0.004002783385752747)",0.13558972331344357
9.318949008764529e-05,0.00010007654605770766,2.1179811956185096e-05,"(9.87234057547967e-05, 9.738122253611167e-05, 8.888319549270764e-05, 0.00010816350949869362, 9.359649134779893e-05, 0.00010271883388028148, 9.857550233730834e-05, 9.752606326853711e-05, 8.361860189629513e-05, 0.00011497506473425943, 7.320250229188492e-05, 0.0001313277808306874, 0.00015954487543518345, 6.025713918669517e-05, 0.00010381487786683662, 9.260935169983407e-05, 9.394389960771467e-05, 0.00010233073101813743, 7.968242123482732e-05, 0.00012065545123556228)",-0.3251707798119122
0.014075056488292267,0.016280227256067387,0.0049351420562748155,"(0.013738189285219244, 0.01878220481362406, 0.022638461291678305, 0.009860751526301515, 0.016081498765951864, 0.017600343168879602, 0.020390554839605644, 0.01156231775626667, 0.012784047261765841, 0.020528213542633893, 0.006791462151002432, 0.02436186986248199, 0.013862187129195815, 0.01824929432895666, 0.01734301186863131, 0.016753882434298983, 0.023053067671167056, 0.007576794478283137, 0.01889147827749159, 0.014754914667912095)",-0.4468302518204807
0.0373123309100936,0.019656350729242586,0.004456968247404189,"(0.019347174900956342, 0.019127637507720285, 0.02820045513410378, 0.01301161069058739, 0.024619405562461633, 0.015064679971117744, 0.020961792879906994, 0.01765056930164039, 0.015004563365560006, 0.024479483387116776, 0.014602719909473452, 0.02516169197683431, 0.022156504502534098, 0.016615842957489857, 0.025883104903166452, 0.014101280441793934, 0.016339118713953563, 0.02243667836740367, 0.020483792269813672, 0.01787890784121737)",3.961432794845274
0.016138379517897757,0.01607758955062662,0.00659944995510605,"(0.017379311518905545, 0.012804953375138378, 0.020962597073149403, 0.010462054406992329, 0.025776790258592863, 0.008670080771508375, 0.014653216005417297, 0.01518392086877471, 0.030996645220176942, 0.007089612060487655, 0.023024979428609062, 0.009545343317678137, 0.009854321408545506, 0.022389892585766066, 0.012453812567461335, 0.017450642264621306, 0.024224117479414064, 0.00903886761085629, 0.014147605601130157, 0.01544302718930696)",0.009211368778409036
0.017163496273759165,0.012408075749159262,0.0060953092695715805,"(0.01606647981510211, 0.007667269850598277, 0.012384816077813224, 0.009798160421217568, 0.01545181906572636, 0.008010677798388276, 0.005609853304718606, 0.021957195876770363, 0.019891168952189904, 0.006115102792479392, 0.014857909435110152, 0.008183830462763145, 0.008675326212364562, 0.01407946391883206, 0.026036603611168573, 0.004617632671118228, 0.006173729270019797, 0.01962235344198147, 0.014797556997287195, 0.008164565007535972)",0.7801770696590341
0.0016754941518784892,0.0008759827033569222,0.0004170624504855229,"(0.0005150895412896605, 0.0012366904706285155, 0.0022257377778916866, 0.00028574809004007815, 0.001330444783796104, 0.00047988471356975187, 0.0005954591170123007, 0.0010704191178674619, 0.0006148609157830509, 0.0010356162290430172, 0.0007003114466219689, 0.0009076054898153233, 0.0009167820627815921, 0.0006951459333403259, 0.0007845222210880467, 0.0008101012033219303, 0.0007233383021080634, 0.0008790690608191615, 0.0005420039088930362, 0.001170823681427369)",1.917006548038109
0.0004703014177733349,0.000600686488294983,0.0001254968551730177,"(0.0004997431670933897, 0.0006930731099281525, 0.0004983997205125752, 0.0006947812767019374, 0.0003880915697864765, 0.0008926043040728937, 0.0005724083425843897, 0.0006051059048457187, 0.0005342086259317979, 0.0006482633978517679, 0.0007879602121607238, 0.0004394601950142258, 0.0006046505059277462, 0.0005727850957523708, 0.0007246695289424565, 0.0004777811640348282, 0.0005134589219773287, 0.0006743839643105449, 0.0006904541552882577, 0.0005014466031820772)",-1.0389508991431795
0.003591243950093792,0.003056965066712306,0.0003128173890757784,"(0.0034849823572647032, 0.0026560335339704372, 0.0031053520953559168, 0.002979144383036841, 0.0030712060367719574, 0.003014346734653471, 0.003256900465951555, 0.0028420158445636376, 0.0032471863539393266, 0.0028492310312259197, 0.0028160060290719456, 0.0032855070909915247, 0.0033558940752748704, 0.002757339763133598, 0.0028966250846990164, 0.0031927588019204493, 0.003743726848560205, 0.002470999344206839, 0.00336588382850915, 0.002748161631144757)",1.707957748001214
0.0010774019293836798,0.0014938438231929117,0.0002652864169059521,"(0.0014283165891225771, 0.0015167554797064183, 0.0015666101693711985, 0.0013823249863017758, 0.001832956203292999, 0.0011820790108595098, 0.0018956115987988126, 0.001142855479292426, 0.0016806436034765427, 0.0012886207642138305, 0.0015698748741656712, 0.0013795170687773885, 0.0012906963576419135, 0.0016781233921332114, 0.001070246443558624, 0.0020229429921657677, 0.0018067729526058006, 0.0011985278408024923, 0.0014963843753726042, 0.001447016282198669)",-1.569782194905466
0.0018829540378021681,0.001999370578883407,0.0003871926391097094,"(0.001889544209709775, 0.0020423764774675983, 0.0019679777575419407, 0.0019596644920598836, 0.0021066641150322275, 0.0018324286727111699, 0.002076852563052133, 0.001858222983723949, 0.0015262233433339305, 0.0025272766975700006, 0.0016403448569236637, 0.0023512072818853923, 0.0025029119854614473, 0.0015413826353774872, 0.0013987127857124197, 0.0027561246073201998, 0.002376421038760389, 0.0016227188530218667, 0.0024117168808426665, 0.0015986393401600033)",-0.30066827031867344
0.0023311999746572173,0.0021987717933570944,0.0004327982051335679,"(0.0019540441585002444, 0.0023857877080357705, 0.00285731450984946, 0.0016302271034685253, 0.0018466332519102178, 0.0025257977559170856, 0.0018708378145125438, 0.002492075371403118, 0.002251345991927525, 0.0020695668825840706, 0.00252885263916683, 0.0018419962893450616, 0.001821831804014719, 0.002558165280624682, 0.0019849985436030276, 0.002345509650502819, 0.002760127497501225, 0.0016874510982194417, 0.0030224671820282796, 0.0015404053340272428)",0.3059813551196535
0.0057941288851914245,0.007015618314240112,0.0010846759810431022,"(0.007665410956184582, 0.006288998193710822, 0.00627721374701952, 0.007659424502510548, 0.005511725111879864, 0.008760613841946542, 0.007811211107098042, 0.006173138426721689, 0.007057230036819149, 0.0068188544227181895, 0.0068662744093630455, 0.007002468693759543, 0.005114752208468905, 0.009416616331274304, 0.007079787133807772, 0.00678073728127379, 0.007251031801058753, 0.006628506818270633, 0.005645530849302654, 0.008502840411613862)",-1.1261330115137385
0.014663006933312269,0.013708692567824624,0.0040035601874740204,"(0.01563337812774171, 0.01111720788549029, 0.01609636235905252, 0.010741006839298, 0.012328430809823182, 0.014142932533772499, 0.012815819815930173, 0.013568031703758006, 0.009768634805583884, 0.017729555888758096, 0.015908028110980122, 0.010868535652288047, 0.016698302664582384, 0.010389587244330582, 0.021619013032384705, 0.007973049838962527, 0.01913421893990462, 0.009029646655396288, 0.008621033903899362, 0.01999107454455543)",0.2383664340737072
0.006427802325595089,0.006180010434877621,0.0017873849164637384,"(0.004503574200910212, 0.007829382480301196, 0.004551433451884236, 0.007729083898448333, 0.006786818134064457, 0.005203336963721764, 0.007701195512814082, 0.004579697305740976, 0.0041992396174970826, 0.008384275561260562, 0.004152381424462102, 0.00847159573340062, 0.007426822462635819, 0.004744276523773605, 0.004484589199509552, 0.007833898458411955, 0.006692998948237174, 0.0052544247926524104, 0.009290314072291361, 0.003780869955534925)",0.13863375954168436
0.001732067774148434,0.002000897102960077,0.0003944045448235082,"(0.0026751248246052917, 0.0014431957590913585, 0.002556869092731734, 0.0015087888201029268, 0.0027454244942601157, 0.0014069449176562026, 0.001927342377486198, 0.00200330125870596, 0.002145067199210204, 0.001798928823879687, 0.0016569718133439635, 0.002328187164968391, 0.002134926558795408, 0.0018079343403700444, 0.0019485805408349776, 0.001978922310028502, 0.002336769061473615, 0.0016507384269397688, 0.00171307345088536, 0.002250850823831823)",-0.681608090829534
0.005094651607953884,0.00346856722033837,0.00037050904464438464,"(0.004280576918314594, 0.0027823029424763547, 0.00342510871364789, 0.0034729916693398088, 0.003811360219571361, 0.0031299158809649816, 0.0030644332325291835, 0.003888111216964846, 0.003924199901503234, 0.0030338796861326847, 0.003451106211829651, 0.003445404185902236, 0.003579136785377027, 0.003328419201714703, 0.0035416462543108552, 0.0033567847323381673, 0.00371791596063096, 0.0031989463469553974, 0.0038711311370856643, 0.0030679732091778017)",4.3887845954644185
9.789587550986126e-05,0.00010020461068864281,2.1468508517929427e-05,"(6.318259425736954e-05, 0.00015223475566743738, 9.155055119341466e-05, 0.00010506031843348012, 0.00011576516984435855, 8.309211865734552e-05, 0.00011742250498108868, 8.191581543078898e-05, 0.0001320366484081142, 7.284817691004624e-05, 9.025278797463987e-05, 0.00010656871431903544, 8.964765002668985e-05, 0.00010729591111749933, 0.00010170672527908013, 9.456843933773956e-05, 8.242327865644234e-05, 0.00011669393146980406, 0.000119014157450508, 8.081196435797359e-05)",-0.10754054837360527
0.0162234076589851,0.023439187120839283,0.0025687314941080053,"(0.0220403903864682, 0.02536505259482282, 0.022607550486794227, 0.024510760095494903, 0.019878004923350612, 0.027418073240684113, 0.023307189377979442, 0.024675724337119582, 0.022414655918437183, 0.025208328655667116, 0.024110000319186118, 0.022584137859628203, 0.02714577667193488, 0.01963867117057765, 0.018551559799895558, 0.02695692192430518, 0.020565258268041016, 0.025928301609092895, 0.024171759477815972, 0.021705625299490067)",-2.8090828015326954
0.028704225645189423,0.01985239847926487,0.008027896818474841,"(0.031068975190501648, 0.010975010377372321, 0.008432469242713134, 0.040261764964939606, 0.013970572160793207, 0.024337617269335327, 0.020600828632569755, 0.016575100641483622, 0.015157552561828781, 0.022350988532193066, 0.022919108163302455, 0.01458556093103729, 0.03048443884308782, 0.011151694244444054, 0.015143063315256701, 0.022496123308887398, 0.013479804242958178, 0.024950471731159087, 0.013776607303302026, 0.024330217928131823)",1.1026334002641358
0.019387808301786744,0.017557220087441545,0.011925473613513721,"(0.010796727983302312, 0.019347594691144256, 0.01476091406565109, 0.014055600895413257, 0.01092306069077989, 0.01903684359685473, 0.01599748114138993, 0.013083521324178312, 0.04545487836163938, 0.004549049236166587, 0.04579347614935216, 0.0044210787754821075, 0.011084016185196006, 0.01875365041776907, 0.018519001907974165, 0.011260440333783933, 0.00586981228142417, 0.034823159291716345, 0.024225522700557812, 0.008388571719055299)",0.15350234914534638
0.010185634229765976,0.012360658957357532,0.005598113927473768,"(0.019919426078876763, 0.0064421545102488235, 0.017191841454401675, 0.007411522010164492, 0.016085534864632496, 0.007939161182515834, 0.010847793791746177, 0.01185073716488817, 0.012462709218929623, 0.010187723193136758, 0.0057570469955236184, 0.02157181420517621, 0.010198721540385789, 0.012515690714150015, 0.009555432659363244, 0.013401858155606034, 0.004669783854524667, 0.026861898003292407, 0.011598850243970716, 0.010743479305617113)",-0.38852812853936824
0.0020214472080924925,0.0008897705906491305,0.00039002380130455827,"(0.00033586211163560465, 0.001984406020763194, 0.0006462104951096821, 0.001030712688979096, 0.0006109328080390605, 0.001090152839635912, 0.001213931123106558, 0.0005488118006987374, 0.0005461439231695343, 0.0012190879345079786, 0.0005779269530892275, 0.00114901073910361, 0.00047973290659627523, 0.0013878732488207602, 0.0010505731782047302, 0.0006338857843848212, 0.0006984731846635782, 0.0009517203849169722, 0.0009150148193959891, 0.0007249488681612897)",2.9015578373886686
0.0005792545906103147,0.0005944113780459924,8.732917301746464e-05,"(0.0005103566062859365, 0.0006784120057496589, 0.0005382731800069698, 0.0006431594316648278, 0.0004892687781667485, 0.000707591247679565, 0.000612030678721139, 0.0005657059108713172, 0.0006524641086092965, 0.0005305662495277727, 0.0005437534438853879, 0.0006364128162562454, 0.00046083761152012546, 0.0007512290922448882, 0.0004605754433944312, 0.0007516872609374833, 0.0005872548500566218, 0.0005893620968205314, 0.0005491916835572169, 0.0006300950649636836)",-0.17355926905029198
0.002214825318526124,0.0031009146416623523,0.0006604137570505529,"(0.0030688949016571473, 0.0030066781589962364, 0.0037033397853984797, 0.0024909122113595376, 0.0019950277211581067, 0.00462425204608805, 0.0020023012295588964, 0.004608640890097745, 0.003418441518039319, 0.002698148858081374, 0.00327961421402283, 0.002810012218695208, 0.002895831428921202, 0.00318574291969462, 0.002922670092574163, 0.003156887014046627, 0.0029101968578925347, 0.0031679133697603682, 0.003087258913869576, 0.0029855284833350286)",-1.3417184510110085
0.0016452824647354316,0.001482227285216188,0.00017343191690428398,"(0.001353943712413752, 0.0016022107865874351, 0.001627732177311988, 0.0013324563799055216, 0.0013620295134523315, 0.001592485152381473, 0.0013615115297418985, 0.0015933733780311157, 0.0016684247407978928, 0.0012998304260568737, 0.0013792804452210977, 0.0015713620840260233, 0.0013448452277444408, 0.0016128082634136048, 0.0018499010998470743, 0.0011725855146388915, 0.0015990844520511155, 0.0013557415322125498, 0.0016562300978973667, 0.0013087091905913146)",0.9401682367913449
0.0017480655760177394,0.0020010991039000853,0.00041984729579316177,"(0.0012999873177561246, 0.0029567277001251993, 0.0020927411015855533, 0.0018360910424700513, 0.0020366319097136127, 0.0018868409887828628, 0.0024947963107783875, 0.001540749705199156, 0.0025602022179298375, 0.0015005899906740713, 0.0024106179026779804, 0.0015920508729788919, 0.001783366381420134, 0.002154714499330345, 0.0016797860182175758, 0.0022878948097547315, 0.0019162751720965094, 0.002003684383831442, 0.002366170274822463, 0.0016220634778567628)",-0.6026799039024967
0.001722274112100184,0.00219841492994479,0.0004442415369337132,"(0.0031142498147002165, 0.0014940679896686508, 0.0021653660718759025, 0.0021479507058473966, 0.00192213155012437, 0.0024199643698552065, 0.0016662620796566363, 0.0027924085226546914, 0.0021427753917173087, 0.0021701424100483094, 0.0016930941433230882, 0.002742999375990221, 0.0028257156721453614, 0.0016460126197590577, 0.002363007756572156, 0.0019686257657794315, 0.0019216294833586552, 0.002418149737910122, 0.001869021075581233, 0.002484724062327773)",-1.0718061645722534
0.005590181083855521,0.007077004497140532,0.0018131896059433513,"(0.009379983354640355, 0.005027760560797119, 0.005774688226234816, 0.008156636582515447, 0.009433110604433689, 0.00499455793435453, 0.005611057520943691, 0.008404621921040382, 0.006296253530744292, 0.007475951828563073, 0.007113993514804234, 0.006589376693535598, 0.008290053440148548, 0.005681897798089117, 0.009482821123755448, 0.004969634589269021, 0.0069410006131885235, 0.006765868122213733, 0.004332374788182638, 0.01081844719535641)",-0.8200043770444289
0.010884214799925521,0.013452921704366062,0.003211871364833719,"(0.01258539506127468, 0.01374838966100718, 0.014845514183546547, 0.011627228296381893, 0.01417357937452265, 0.012184585427128301, 0.010908734355901447, 0.015860506717339223, 0.01451735457384582, 0.011874531795432325, 0.013549914514973487, 0.012620437530077954, 0.01247359006075137, 0.01383888841398165, 0.012797234149150351, 0.013501700878303961, 0.015732380818525234, 0.010908197501506903, 0.007045306668158449, 0.02426496410551181)",-0.7997539791178792
0.006511935061635182,0.005955944602610195,0.0012383732394225207,"(0.006431594196269681, 0.0053091394741369355, 0.006719779430842709, 0.005076114943092076, 0.006552453077706675, 0.005206811008257664, 0.0037232933205644998, 0.009170448782979597, 0.005764464250681887, 0.005913962731243975, 0.006892844113646946, 0.004928372750684002, 0.004939384525467731, 0.0069057504028908435, 0.007848606364363136, 0.004347786809472606, 0.006136219508757665, 0.005544647430485405, 0.005304849496261468, 0.006402369434398376)",0.44896840574838115
0.001410034612849058,0.0019910572746312644,0.00032279101109837933,"(0.0024964441424647514, 0.0015500553802123014, 0.0021356399390758105, 0.0018112880784112427, 0.0022848861870213397, 0.0016930927333536796, 0.001857647678725089, 0.002083035877277365, 0.001769981885175754, 0.0021850577720786196, 0.0016328358789277032, 0.0023657673016895223, 0.001809069683563457, 0.0021382515761348814, 0.0026964352133725367, 0.0014347742426203598, 0.001821681601384212, 0.0021216247985173264, 0.002041758915948353, 0.0018918166066709866)",-1.7999964119357832
0.0036060637975658537,0.0034893165341720747,0.0006436557970251889,"(0.004826228440632553, 0.002445665334780968, 0.004401570579676208, 0.0026802695153867293, 0.003997507860700391, 0.002951088458714222, 0.003307939860002945, 0.003567202702369097, 0.0037633567686997786, 0.0031338618243988187, 0.0026726265235054686, 0.004403977203458566, 0.0028584569641513548, 0.004126150631431742, 0.003847224530198623, 0.003066194391422497, 0.0034902355369059407, 0.003375080677166284, 0.0032274334536489375, 0.0036442594261903655)",0.18138151467500904
0.0001265961283607866,9.921175574014825e-05,1.5772739013041037e-05,"(0.0001030348593787588, 9.331495440761473e-05, 9.017811097863437e-05, 0.00010661784204435982, 0.00011459487062357186, 8.390035209914458e-05, 0.00010194363005551345, 9.431264552560973e-05, 0.00011165673505366677, 8.610793813899077e-05, 0.00011064421986388196, 8.689153867156569e-05, 9.99930744837524e-05, 9.61514127062576e-05, 0.00014246384779686495, 6.74873021958044e-05, 0.00011489324500766699, 8.367966482939372e-05, 9.304075854994915e-05, 0.00010332811239196337)",1.7361837153329376
0.0152011693946805,0.01481200240748358,0.00393893489121732,"(0.016550451305247148, 0.014164984976421258, 0.011100111270776047, 0.019255570420376344, 0.0160031233892435, 0.014168379049762793, 0.018144584834113037, 0.012071341551013427, 0.010824310374837878, 0.019312636367029255, 0.014512029517013537, 0.013827145103445026, 0.016676097030403517, 0.01319851664834686, 0.010074954480427124, 0.019884506794491195, 0.02116221157884559, 0.007993707386306557, 0.018969460302490814, 0.008345925769080725)",0.0988000558386102
0.03386514819773336,0.0214535840943021,0.006024203093768453,"(0.014814995057694699, 0.029849489384112853, 0.02876713067173687, 0.014267073236333437, 0.01678075041594784, 0.027079697887549103, 0.031727947168478376, 0.012961190036650076, 0.01906939045121498, 0.021668110576940184, 0.02170961153291511, 0.020545202260943942, 0.023700901646402966, 0.01776793975235878, 0.020553820717090627, 0.019973954636158708, 0.013418626171251053, 0.03002056718054046, 0.016224944017110027, 0.02817033908461184)",2.0602831462090005
0.009058238878161748,0.018058594169231595,0.0062470791315542805,"(0.021994023123343552, 0.01430258800229897, 0.017673646906641048, 0.015498800391962322, 0.00933047661325761, 0.0354711893276908, 0.00936718813965245, 0.029338631866646595, 0.01518420827203688, 0.018263880869489574, 0.014167240303316373, 0.022557627160699305, 0.015505353301797361, 0.01852200820364932, 0.014373992964936343, 0.01907781675803217, 0.013910587691408119, 0.01901416759810063, 0.023211313024118486, 0.014407142865553965)",-1.4407301558913579
0.021182191138586322,0.014739691283865758,0.005231864734247918,"(0.014046172510789193, 0.014690885017148329, 0.00802162592349676, 0.022084678115967704, 0.015596378445339268, 0.01399783723584693, 0.009477394314672523, 0.018753148982023918, 0.007125743611965045, 0.025198527747967294, 0.01145046467444813, 0.018335906010214256, 0.015093356241597662, 0.0123609569625989, 0.02350013854222429, 0.0075519193204815595, 0.017355246976845116, 0.009817386300053528, 0.0182246576338643, 0.01211140110977051)",1.231396487097191
0.001838793780276536,0.0008875501305172743,0.00024201141615134476,"(0.000626319899728574, 0.0011944417933856442, 0.000910821543239889, 0.0007898950038195407, 0.0007294192221184682, 0.0010416469081963948, 0.000748677784019953, 0.0009603851295152271, 0.0013214576751531208, 0.0005459224497205294, 0.0007106197547160014, 0.0010569060318364567, 0.0008608677900241565, 0.0008455631606587361, 0.0005619323402471064, 0.0012838990059969137, 0.001018661589833286, 0.0006981221679543847, 0.0012234416730104239, 0.0006220016871706733)",3.9305734617262433
0.0005150801872309946,0.000597685014450962,9.490921236302712e-05,"(0.0004697348231002602, 0.0007436785842913579, 0.000609208251091556, 0.0005716896109595084, 0.0006666618643973758, 0.0005246131540238402, 0.000686799137402827, 0.0005071057674600122, 0.0004311876538121133, 0.0008079122601520339, 0.000552285273089246, 0.0006327258530043676, 0.0005711102009368135, 0.0006104135717020908, 0.0006572464169243311, 0.0005299730571012909, 0.0005033581657891862, 0.0006913304678710567, 0.0005459052983500453, 0.0006407608775599253)",-0.8703562611393763
0.0033902282479405105,0.0031212491188299003,0.0006370534594456582,"(0.002593523884679896, 0.003620506315947795, 0.002684256504706711, 0.0034826422319614607, 0.0033220973078392033, 0.002831098021946943, 0.0036080444223777737, 0.00259123164338838, 0.002727767310211775, 0.0034284456304804222, 0.002670314203628924, 0.0035181713821157506, 0.0019896059778937904, 0.004705697889931272, 0.004026219189606484, 0.0023219431481884168, 0.0026655432142367423, 0.003503154695214198, 0.0030473598514279042, 0.0030873595508141547)",0.42222379475761174
0.001351378171597452,0.0015336326236002936,0.00042079359691512907,"(0.0017994417390522874, 0.001218574617300777, 0.002042218699711607, 0.0010699786407169904, 0.00216472115632666, 0.0010142610485028975, 0.0016741622686371439, 0.0013052959381970428, 0.0013748722428904693, 0.0015898183811421747, 0.002063821760608657, 0.0010628906900282036, 0.0023664747425950565, 0.0009244548595406152, 0.001857326087946035, 0.0011765527934066626, 0.001233069997087759, 0.0017705168065392852, 0.001459843433174642, 0.0015043565686009054)",-0.4331207825854844
0.0017015574310853402,0.002020464821682565,0.0004114018483613408,"(0.0017507028289409463, 0.002248461110065206, 0.0021802884700172086, 0.0017931802738409392, 0.0016432014207115016, 0.002401731405790676, 0.0014214676591368903, 0.002750669090734659, 0.00229655685369429, 0.001703381830115648, 0.0016238390096096377, 0.0024259596853248174, 0.0015263694495484034, 0.0025671788921005924, 0.001515216108058651, 0.0025806986275551287, 0.002177097300001329, 0.001792572567200944, 0.0022760449708961687, 0.0017346788803076654)",-0.7751724788487661
0.002985539768029968,0.002225217297874595,0.0004027988053230008,"(0.0026375426792602796, 0.0018304262218281368, 0.002055580157489123, 0.002325122788739765, 0.002469689791225135, 0.0019623977314228965, 0.002248959654330157, 0.0021253008082997627, 0.003371556501711515, 0.0014187479322406097, 0.0024057554968648425, 0.0020089772287446087, 0.002395215954724378, 0.002001907811530417, 0.0018998103604113822, 0.002516708652223691, 0.0025278921317390666, 0.0018855053384543663, 0.0023783918041442604, 0.002038856912107509)",1.887598622706135
0.008199921898982328,0.007454843239592841,0.0018280862086229902,"(0.010086104871495397, 0.005289016636775588, 0.00782223344155747, 0.006589735095323451, 0.009245751788217627, 0.005846387013143072, 0.007383406907032319, 0.006982308941188699, 0.010112889936779019, 0.005111237994865881, 0.007590376911753345, 0.007054196351397413, 0.00525525691017502, 0.009917151083040358, 0.008849158157343776, 0.005832835192477777, 0.004823716672673464, 0.010585903937504419, 0.007264159772418709, 0.007455037176694058)",0.4075730432596607
0.014096046435900258,0.014820926043361982,0.0024682061358226376,"(0.013080613043550059, 0.01693744527301595, 0.020900341518878877, 0.009881819025720339, 0.019453144001308605, 0.01170101022176701, 0.014493590206349272, 0.014253365326771716, 0.015277376054342942, 0.013595499533382177, 0.016871068654337053, 0.013232074074602801, 0.014287826326601891, 0.014784061898471184, 0.012867529742785403, 0.016095717208288857, 0.013943419323789626, 0.014529108825406223, 0.015305993737071776, 0.014927516870797897)",-0.29368681851207157
0.006973443019746186,0.006285769425190215,0.0013241264861389823,"(0.00762918486548456, 0.0050461008866450295, 0.005511017426144543, 0.00676700943430429, 0.0054239341647317595, 0.0071855321606838895, 0.0096724112794621, 0.003855740505270828, 0.00649005624776642, 0.005760685789859875, 0.007815530612275294, 0.004942607949268974, 0.006618256612711923, 0.0056921139679993365, 0.005269774434689907, 0.007086642519302776, 0.007562880362831924, 0.004887740023360146, 0.00613439025078781, 0.006363779010222917)",0.5193413180346215
0.00207253970123439,0.0020366183137244995,0.0004709539365079688,"(0.0015678754868579633, 0.0025269967047564707, 0.0016817233830465723, 0.002332317061967519, 0.0013224551814348827, 0.0030076266176691942, 0.0014563774858358312, 0.002693250861382767, 0.002133725140252341, 0.0018397233689660445, 0.001536127814896552, 0.00258201911698132, 0.0019349263317402139, 0.002033633798031714, 0.0018112019528968308, 0.0021665053471399505, 0.001550205905110816, 0.0025231499017724186, 0.0017234129696504182, 0.002309111844100166)",0.07627367503548331
0.0031462777638391697,0.003625269521897301,0.0006061406135840446,"(0.003167362344474841, 0.0041014090169691295, 0.004122766937726677, 0.0030641523468722585, 0.00356833118010993, 0.0036810834447972246, 0.0035237944088933777, 0.003583580832328271, 0.0037609626351519693, 0.0033655458594075956, 0.0036759336588228705, 0.0035440087269534327, 0.003980855061734734, 0.003200185685180027, 0.004275665826994984, 0.002960293308619716, 0.0037007914759305924, 0.0033854625629041583, 0.005414479553987441, 0.002428725570086783)",-0.7902320803516271
7.167064138777431e-05,9.921367178208143e-05,1.4691300332937756e-05,"(0.00010752416492673459, 8.970295300060606e-05, 8.431750458346816e-05, 0.00011428297245392574, 7.545216593561587e-05, 0.00012788127993966866, 9.410468239545783e-05, 0.00010239496759476605, 0.00010331219561248697, 9.327699378847085e-05, 8.754816361650053e-05, 0.00011018088976136398, 0.00011265582046801742, 8.55590693074136e-05, 9.165986494240582e-05, 0.00010513682283855398, 7.760117772370014e-05, 0.00012413786220826227, 0.00010909899714441358, 8.844488739979615e-05)",-1.8747850612349073
0.029274655175588978,0.027670564406124917,0.002693746345362413,"(0.024159047545640605, 0.029996458585758886, 0.02668448671677245, 0.029899346068103176, 0.02999954154738599, 0.02187869712929906, 0.029838659587132565, 0.02743712732694956, 0.025808263722697428, 0.02994251499910012, 0.029997159764225168, 0.024181394638824256, 0.02992813310991265, 0.02703580457667148, 0.025732839198495196, 0.029946942583634135, 0.02956589448115612, 0.02823434892119583, 0.02314537273422059, 0.029999254885323026)",0.595486940418753
0.014001097185006145,0.019590725559740348,0.006600309194877661,"(0.020951993404467188, 0.016332985941733456, 0.02184594704406567, 0.015202484521451043, 0.01769103881213788, 0.019169757219731853, 0.03557621572376374, 0.009396316608977922, 0.016398993629376888, 0.02179647677869919, 0.01188348715346555, 0.029172545114530143, 0.03135021161642053, 0.01143195712803561, 0.015738588601138102, 0.022746584317157526, 0.02102758674505575, 0.015845464950230547, 0.021887146354459104, 0.016368729529909268)",-0.8468737160180583
0.02334721340670878,0.014485280780818227,0.007908572592431634,"(0.009747183380908997, 0.016676403046431393, 0.04146624577271937, 0.0037366104039892466, 0.015961476009692294, 0.010031968994011401, 0.02476273096609265, 0.006290897798766145, 0.017957075387683694, 0.00982620461400131, 0.008386899098883373, 0.019924205546853795, 0.01274670744165852, 0.01389709842399536, 0.01206361435260371, 0.014657310126503549, 0.011746390368806196, 0.013163772619147154, 0.014078732345886457, 0.012584088917729962)",1.1205476743516607
0.019745273992878058,0.012951265159335566,0.006975870950571531,"(0.01958063854587023, 0.006174622958907581, 0.005038136139932087, 0.022949783482717024, 0.01974512234470422, 0.006034685066942564, 0.008461099983147993, 0.01367084664483988, 0.019090689088584432, 0.006914045891495517, 0.025656885995005624, 0.0048656605150708045, 0.00891823920226269, 0.014849702655184187, 0.007695726893022675, 0.01717915420451802, 0.006224442976223395, 0.018418076127168784, 0.006207978478115217, 0.02134976599299836)",0.9739298335193345
0.0010093974196468565,0.0008949967782329025,0.00044972482464743994,"(0.0010617746254528012, 0.0005853012469474411, 0.0008430925504740007, 0.0007389292704847133, 0.0003332512763437047, 0.0018641633756828718, 0.001099794471529491, 0.0005589687596844254, 0.0009325116336086168, 0.0006853457046232455, 0.001596655324689689, 0.00039577108865309913, 0.0014556717982175697, 0.0004385808395754695, 0.0008095973026097362, 0.0007883433881413001, 0.00045603460042780683, 0.0013410299002648252, 0.00043096333096002417, 0.0014841550762872164)",0.2543792006670701
0.0007998202723878131,0.0005979919378581921,0.00011533266967340047,"(0.0005581579072779942, 0.0006178846632582034, 0.0007273590003516641, 0.0004740122643521289, 0.0005924902305731319, 0.0005819833688980795, 0.0007877016994632178, 0.00043737903179032797, 0.0005829833326164958, 0.0005929846274658111, 0.0007625001909168565, 0.0004528513282056967, 0.0004860337531359559, 0.0007112482791209948, 0.0006464097453711687, 0.0005347715308903359, 0.0006766641371768521, 0.000508960025621083, 0.00043784059723326506, 0.0007896230434445807)",1.7499667275643513
0.0026091411763561672,0.003089708054880785,0.0006230172841269457,"(0.0029854238833981815, 0.0030733035865661423, 0.002330349327230346, 0.0039300194512812215, 0.0024242824209181144, 0.00378248760019956, 0.0028878235202355338, 0.003171930535043857, 0.00246599642518183, 0.003732574105016565, 0.0029312998763250456, 0.00313346520220645, 0.003784503365044468, 0.0024325190900600104, 0.004226234572613381, 0.002178117364705562, 0.003583916124958156, 0.0025551028803197837, 0.002494899954315541, 0.0036899118119959537)",-0.7713540069727784
0.001170366309318296,0.0014957719017785638,0.0002998717068234549,"(0.0014011749021756662, 0.0015358762034135324, 0.0012456913103649782, 0.0017255204677046898, 0.00104853882883863, 0.002051581988982749, 0.0012756583411613369, 0.0016847986806309545, 0.0016846995269498908, 0.0012807779387343137, 0.0013225458073571421, 0.001628851082156088, 0.0010505200739116248, 0.0020541246475110496, 0.0012478046888119692, 0.0017292757077082743, 0.001593218541104518, 0.0013485918986396125, 0.0011848048551350255, 0.0018213825442792266)",-1.0851493657314115
0.0015359930035252667,0.0019723174994805913,0.0002640920296960267,"(0.0019283912719399497, 0.001980135238062704, 0.0022880614947946858, 0.0016661660942174955, 0.001985675363372755, 0.0019218123098764346, 0.0015276921454396438, 0.002493335134980289, 0.002036293466151139, 0.0018851944078746925, 0.002422336086168152, 0.0015800655646935693, 0.0023455190022815876, 0.0016367569236167517, 0.002008225099475869, 0.0019115198304726305, 0.0018476623862938551, 0.0020601114010613763, 0.002029288529133665, 0.0018921082397045804)",-1.652168361375918
0.0019884929902845632,0.0022017195965906198,0.0004827984977255662,"(0.002900947811348099, 0.001592300780656692, 0.002001804287969796, 0.0023043786834298775, 0.002971320115430101, 0.0015535664091010986, 0.0022728710228907324, 0.0020252899032289513, 0.0022420777600875076, 0.0020765059686139366, 0.0030324106501521592, 0.001529197768174971, 0.0026588120049557593, 0.0017509688005838918, 0.0016362401318236882, 0.0028449801076152518, 0.0022647531852811238, 0.0020301459245356157, 0.0024269058557784195, 0.0019189147601547157)",-0.44164720335824126
0.005652516857927428,0.006887216640542056,0.0012428663552981791,"(0.007815450610700655, 0.005834957446965969, 0.0070692105479382246, 0.006424443193089084, 0.006333229211479863, 0.007185684915009982, 0.009257358795178442, 0.004870854652688289, 0.007347358692176855, 0.00636899350795234, 0.008718330893635943, 0.005298421407418963, 0.005285344296656034, 0.008852213780968623, 0.00630546122109759, 0.007417877824419736, 0.007911059988767706, 0.005677431523227542, 0.006131147557211814, 0.007639502744257472)",-0.993429243097025
0.012785484352491772,0.013155219032351893,0.0021415508755125434,"(0.01161557684046094, 0.014298304755631463, 0.011974662611430502, 0.01375943050583289, 0.012204993532797751, 0.01355346916495849, 0.01182315507417151, 0.013744848005308308, 0.010833373600284482, 0.0161131387779449, 0.010943471422591805, 0.015557483023666439, 0.015828360640166034, 0.01102457921414903, 0.010327484602878571, 0.016887101388388382, 0.0104223455959657, 0.015474661601419684, 0.015253212894979877, 0.011464727394011047)",-0.1726480954003167
0.0045239948160215645,0.005838707637604069,0.0008085563992643147,"(0.004748590273276421, 0.006997072032413029, 0.005159247316962811, 0.006420115988891933, 0.005537334939167789, 0.00599021591812248, 0.005039199952986233, 0.0065282800051547725, 0.006208491206392994, 0.0054763206364380245, 0.004459617583405016, 0.007538046606529833, 0.006136790133221974, 0.005539050139059931, 0.007068490545582449, 0.004807704227489972, 0.005639272550845606, 0.005812769670187242, 0.005907773392556939, 0.005759769633395896)",-1.626000143933965
0.0017885658189622084,0.001980786008406238,0.00030551869612529164,"(0.0023527591666533416, 0.0016261507834776834, 0.0018146620495513857, 0.002106148117159964, 0.002226150266295346, 0.0017176557629596425, 0.0023518375819564785, 0.0016213617305540996, 0.0018234229009503227, 0.0021144984922887573, 0.0019257484774891569, 0.0019945433240598797, 0.001639415327914678, 0.0023516501118332803, 0.0018963675362917128, 0.002032832169800885, 0.0014646659251361723, 0.0026003190446836134, 0.0017435081186516256, 0.0022120232804167233)",-0.6291601524942391
0.003062573738607029,0.0034797967874956835,0.0008340397496586698,"(0.00510808511107265, 0.002228220734177223, 0.00393034051882125, 0.0029001747367602233, 0.0033084095320019533, 0.00343909682353987, 0.004129578310125635, 0.0027343251889684395, 0.004806677258644226, 0.0024166970504462875, 0.0041045846448628425, 0.0028065150472008347, 0.003448976608363776, 0.00336562139420646, 0.004555494222434283, 0.002547573873514394, 0.0036735095237820973, 0.003062283832519929, 0.004369934590942339, 0.0026598367475289438)",-0.5002436023695545
0.00010260429189940471,0.0001003099207863856,2.2403024742846615e-05,"(0.00010720119687171498, 8.956089409605954e-05, 0.0001094595657706102, 8.772283719172531e-05, 6.772855105288259e-05, 0.00014175835623819505, 0.0001022099960498027, 9.391015736444496e-05, 0.00010575777148576358, 9.084611686483044e-05, 9.689226121250145e-05, 9.913270409933375e-05, 0.0001032352362894713, 9.306297343042325e-05, 6.595301343570114e-05, 0.00014566892793003376, 0.00013910619886500149, 6.899228293081428e-05, 0.00011289477454423433, 8.510460000416804e-05)",0.10241345261879
0.00216793076788664,0.0034686557457678244,0.0030399888004093495,"(3.894256799038561e-05, 0.00866820235032371, 0.0028411022965171054, 0.0005918993029216238, 8.441915607511016e-05, 0.0064784625985692896, 1.0109382504104688e-05, 0.008401867271300087, 0.0025675072481793487, 0.004201033522975592, 0.0016815966528104722, 0.003047283329249977, 0.0023892738152635176, 0.004106357122880114, 0.006544452747593858, 0.001238584001636085, 0.009667913308093287, 2.727238641095527e-06, 0.0036652902865071946, 0.003146090715324515)",-0.42787163482511364
0.018753189762715713,0.018889185502099254,0.006301505310519919,"(0.01593227305101443, 0.020184812570270865, 0.024933599718479554, 0.012991040664021127, 0.017785739952196074, 0.018016796414740296, 0.025667214523444636, 0.012497472385425062, 0.0320143431626448, 0.010101204895066258, 0.022465488594051862, 0.014360601693797707, 0.013212501654843672, 0.02431948922076509, 0.0132564687135213, 0.024132164604537626, 0.029317101099913565, 0.010676695376422981, 0.019034013220029698, 0.016884688526798433)",-0.021581468662179033
0.007395776867091268,0.014957093572090583,0.0065556017533705616,"(0.0256111927415379, 0.007317435869766541, 0.009317020880690833, 0.020363786720316072, 0.0163205057141879, 0.011400216229423775, 0.014163913786219538, 0.01317078385414542, 0.013341243333044733, 0.014180787714327932, 0.007353906945435077, 0.025610088852433592, 0.021209863210762427, 0.008821095042451328, 0.006419463338873774, 0.028901694745344892, 0.010410855977793914, 0.017169633291515985, 0.01714451571660226, 0.01091386747693772)",-1.1534130640427729
0.00879265714564764,0.010862510306631717,0.003458719640146558,"(0.011903749444078326, 0.009062598863051746, 0.009850478024290791, 0.011095932387850206, 0.016811250251902332, 0.006361282562902334, 0.007751841437814184, 0.013845509979713766, 0.015222845961694416, 0.0071578803556515925, 0.008026127029918471, 0.013505145806234613, 0.010125848965474995, 0.010632522626450145, 0.010620985446222647, 0.010039059785212752, 0.005386346810276911, 0.01902728688727612, 0.009542632067327922, 0.011280881439290059)",-0.5984449091966211
0.0008625775412802693,0.000848897481858431,0.0003355085602034254,"(0.0006976040884570555, 0.0008925177655579426, 0.0007615131957207451, 0.0008193391668286092, 0.0006425251907317904, 0.0009650442988221704, 0.0008840402064887416, 0.0007032924328133504, 0.0013849812949340008, 0.00045024255509139397, 0.0013671923977807462, 0.00045511421458433425, 0.0015175181474340678, 0.0004098713749581665, 0.0004831398105951601, 0.0012829002893153146, 0.0007591261995479999, 0.0008114313273343816, 0.0011498319377012116, 0.0005407237424714359)",0.04077409951490896
0.0005795422487541169,0.0005999555184293252,0.0001252853158428153,"(0.0007716402402382197, 0.0004475284367337585, 0.0004843776000800936, 0.0007131111870300151, 0.0005420969592786512, 0.0006368281345944832, 0.0004104890604161922, 0.0008411586445001283, 0.0007284355406268339, 0.00047415764582376334, 0.000614167803598757, 0.0005622820343395912, 0.0004825023585006368, 0.0007156554089655518, 0.0005324250303362822, 0.000648363810971279, 0.0005186895180733615, 0.0006650480256770504, 0.0007493737308079016, 0.0004607791979939544)",-0.16293425560597297
0.0033838860794067616,0.0030777179664853785,0.0005315837069302068,"(0.0021908121693748994, 0.00420412671573643, 0.0027046394174871364, 0.00340718835893848, 0.003159073958090205, 0.0029146489172012014, 0.002596511000406625, 0.0035465522582620347, 0.003882004539339943, 0.0023735440037142663, 0.0032994900501451163, 0.0027920467012700944, 0.0037280904108435843, 0.002470377374084806, 0.003512895966230785, 0.0026207730676618343, 0.0032645910911669853, 0.0028157015877407626, 0.0031086597478659057, 0.0029626319941464525)",0.575954659501219
0.0015356637575012094,0.001487728563718873,0.00024167847926102426,"(0.001567798932625409, 0.0013771301286944558, 0.0012762056980914975, 0.001692433225659643, 0.0011180127499998062, 0.00193061667102988, 0.0015860688033095228, 0.0013610545339661658, 0.0015753790443371444, 0.0013709046132375717, 0.0011451221026845934, 0.0018856845617969257, 0.0013647320068350941, 0.0015819401345464295, 0.0011413556463097069, 0.0018909689565037519, 0.0014163537398340093, 0.0015220517781725834, 0.0016089421136564431, 0.0013418158330868266)",0.1983428310576386
0.002162237292660369,0.001993281462428331,0.00037738924715164166,"(0.0019750820506637887, 0.001946039947347159, 0.0018219067138116702, 0.0021110676954314727, 0.0017578430843239474, 0.0021851631794760867, 0.002024605152923766, 0.0018978634392218595, 0.0014446643375070542, 0.0026618839501214024, 0.0028848554815770816, 0.001332542680117604, 0.0023314243001305054, 0.0016483641928318846, 0.0018377422014734404, 0.002089853431741077, 0.0021361784888617994, 0.001794257442523645, 0.0023467856564236937, 0.0016375058220576722)",0.4476964606364335
0.0016466375283663841,0.0021923043621648285,0.00043124418380597425,"(0.0023464894307457596, 0.0019763813579580045, 0.0019100831637429013, 0.0024300140799540866, 0.002616275969842351, 0.0017707964847042193, 0.0025982818385176963, 0.00178408487591625, 0.002362555992400044, 0.001964191492041888, 0.0019773910910632804, 0.0023455174428885193, 0.001799590402235988, 0.0025764028206287032, 0.0032679814416102073, 0.001417405636096194, 0.002174750454074484, 0.0021244617821421547, 0.002661580476931739, 0.0017418510098021016)",-1.2653314625199705
0.006278241101528786,0.006862083187105805,0.001108930727950675,"(0.004838592782475878, 0.009512820708348907, 0.005471923524910969, 0.008435129212392542, 0.007170927151333679, 0.0063974132203829075, 0.006700173448748219, 0.006860056469798867, 0.006910942710489435, 0.006673989230241743, 0.006280819961386837, 0.007330444726053948, 0.005969302262553756, 0.007704885811188658, 0.00652957523550114, 0.007021691506777815, 0.0054223481920405905, 0.008385526536693692, 0.007469181227597676, 0.006155919823198846)",-0.526491033985478
0.018386003884526127,0.013371054805696487,0.0030421469327818846,"(0.013414892370095084, 0.01272203938604439, 0.016120126279625786, 0.01064333607785588, 0.010007420108612922, 0.01694541418053762, 0.009451030806274192, 0.018008985325909707, 0.011841462026103295, 0.01446937719156362, 0.014647529945339688, 0.011657538500074687, 0.015684849837088108, 0.010864662878853772, 0.01598264253964121, 0.010598430679454497, 0.016986834339860354, 0.009814608720594274, 0.009356220639596364, 0.018203694280804286)",1.6484900925688462
0.006261702844666908,0.005853854503399906,0.0007499935647691284,"(0.006256621596116614, 0.005401018628186759, 0.005048089291497948, 0.006710326594871689, 0.005176981686205062, 0.0065074807132042825, 0.005480913253360462, 0.006157599081860929, 0.006115306283790982, 0.005535794657107474, 0.005019064125284576, 0.006733912861912107, 0.00569075777945112, 0.005933814965608316, 0.005365124144345175, 0.006276095244336492, 0.007549980287337641, 0.004427539920721315, 0.005205761892793325, 0.0064849070600058595)",0.5438024543484582
0.003117422421680755,0.001991144512710157,0.0004155498885105936,"(0.0015727294937726588, 0.0024243946171394804, 0.0016460816229115498, 0.002318226715903594, 0.001847821481723233, 0.002061370209897957, 0.001975887162727398, 0.001928910364822544, 0.001978077973473436, 0.0019287389360827206, 0.0018607375550313287, 0.0020492558076919145, 0.0011857729369954312, 0.003214786264096555, 0.001845018012973702, 0.0020641554838018946, 0.0024148133966276648, 0.0015732987302233548, 0.0022011161762128017, 0.0017316973120939153)",2.7103313948834944
0.0030296524306595214,0.003512315509595385,0.0008950227201045043,"(0.0033124665307333956, 0.0035111231367658986, 0.003036178844069005, 0.0038366166626923057, 0.003556696820579013, 0.003260394422357535, 0.003436682814904621, 0.00338072608969682, 0.0028247315058668706, 0.0041220538115195006, 0.004682958175621919, 0.0024825446657406386, 0.0036877379933408514, 0.003151524653722852, 0.0029234642455730022, 0.003965432895774411, 0.0021873037974349785, 0.005275644746550931, 0.005499245770708744, 0.002112782608254412)",-0.5392746665464618
6.543630996046424e-05,0.00010076174382495387,2.4234311693291974e-05,"(0.00012360171757296907, 7.775013443057764e-05, 8.516301727762227e-05, 0.0001128481195016976, 0.00010995878313419654, 8.73876620632442e-05, 9.301486416923408e-05, 0.00010331382572989716, 0.00010466249848055895, 9.182242254620755e-05, 7.319888984521302e-05, 0.00013128386577747372, 7.475633651218116e-05, 0.00012854822021326833, 0.00013052142348590791, 7.361982291958384e-05, 0.00015171339467514108, 6.332788647919279e-05, 0.00011564665838228974, 8.309533330262037e-05)",-1.457661942768016
0.0023036376116398467,0.004600844627251984,0.0019011632599060736,"(0.004924987951102604, 0.004354742045422002, 0.005728892000486497, 0.0042362659920941355, 0.0077865085090420855, 0.001658243634463544, 0.006061910848546421, 0.003078483929950318, 0.005932548577752755, 0.00391718301622048, 0.0050420828250815454, 0.003942492073624912, 0.003917986070017933, 0.00502758707395368, 0.0015468498396018777, 0.007975319076001405, 0.006374542607029705, 0.0013160323141666779, 0.006281750378061753, 0.0029124837824193455)",-1.2083165418027433
0.012308187729132272,0.020806204007799162,0.008956890115471712,"(0.01709694723227706, 0.021328515896950784, 0.04632217137541124, 0.00774525352880479, 0.013926042839316578, 0.026290566842408707, 0.017823282901864117, 0.020734429567010174, 0.010797534313628433, 0.03351943635879216, 0.016253838007851924, 0.022863332719577762, 0.012615860603140173, 0.02952489438019625, 0.013924133781427121, 0.026399536216042786, 0.013641698861052787, 0.026904902888970152, 0.019472185284877867, 0.01893951655638245)",-0.9487686204822158
0.02189103876486599,0.0159365539862743,0.007235511308065327,"(0.020128039498331793, 0.010311732959788461, 0.008459027355809504, 0.02389104628465092, 0.01059120487124287, 0.019731953430118982, 0.007324136996790469, 0.028977267792205542, 0.006085726424031359, 0.03368685928874557, 0.014237443824917416, 0.015052038993200558, 0.01857294956723346, 0.011592959960569728, 0.013929518505441165, 0.015102957061362825, 0.011737515466417171, 0.017873997824754753, 0.021692873306013293, 0.009751830313860219)",0.8229528674710669
0.008983095788071094,0.011315421478188675,0.004509603413172425,"(0.009854702076049522, 0.011033435851077224, 0.009154436292604044, 0.011593374230402426, 0.016485846486913636, 0.006638165180427018, 0.00848986258297106, 0.013073534242161582, 0.017973096957952198, 0.005982130551754645, 0.01785932256183042, 0.006272954969748622, 0.015314248371528583, 0.007352649839629494, 0.019839547870170473, 0.005549836325926105, 0.0070248081357762665, 0.015631138042579217, 0.009356808879567382, 0.011828530114703587)",-0.5171908650115269
0.0020101854883670307,0.0009034875489978677,0.00047199090752322447,"(0.0013015816808677888, 0.0004909102604552165, 0.0015196486340674157, 0.0004190860653918734, 0.0004281614313937819, 0.0014954472196989491, 0.0006338016011724799, 0.0010124325704852564, 0.0009629849156566452, 0.000662356933696593, 0.0006066875041127767, 0.0010617435235235192, 0.0010252167836331666, 0.0006312377065431301, 0.001027095057045165, 0.000624014431866962, 0.0009608717095905729, 0.000666048422819506, 0.0002845656443770391, 0.0022558588835595215)",2.344744192587455
0.0004415273664317765,0.000600022072846606,0.00012507229848008212,"(0.0006894196177533402, 0.0005015905681739644, 0.0006750079158082084, 0.0005120714572961522, 0.0006343941870654172, 0.0005451911259658611, 0.0004590598780313244, 0.0007536321894368656, 0.0006013011509373005, 0.0005749732790821377, 0.00045826751432338227, 0.000755152928030986, 0.0003687023944664047, 0.0009388536332766677, 0.0005547976773380363, 0.0006234869125262347, 0.0006214381169790277, 0.0005565705134378413, 0.00059830888600225, 0.00057822151100072)",-1.267224703958486
0.0021042815283334043,0.003088842127276799,0.0005446477923268927,"(0.0025655105441331127, 0.003609932451039637, 0.003986520981943091, 0.00232075525002547, 0.002787001002257496, 0.0033239316863291463, 0.003450587513808033, 0.002686312364840268, 0.0033641283993611024, 0.002751643481921618, 0.0031463837790022737, 0.0029471529542587412, 0.002979106649050926, 0.0031132196402656946, 0.002163853632643518, 0.004282264022675688, 0.0033272274797899945, 0.002784656834060948, 0.003641486448814239, 0.002545167429314968)",-1.8077014408468772
0.0012454934811027758,0.0014735648029624926,0.00013275971316448806,"(0.001512731821086344, 0.0014239686351517492, 0.0013623048519170024, 0.0015800244089083702, 0.0015173727078313535, 0.0014199059906351273, 0.0012618642451267682, 0.0017081656721790912, 0.0014714560732803225, 0.0014634045853665672, 0.001486011959237602, 0.0014509474997155586, 0.0014924938106268034, 0.001444907015448135, 0.0013545115943952022, 0.0015909334098985557, 0.001638718424053035, 0.0013148942179411459, 0.0017330096412270955, 0.0012436694952240245)",-1.7179256901311517
0.0018266390010631042,0.0019871585510271655,0.00036140936204271697,"(0.002491951732967294, 0.0015346654937761757, 0.0026924528817131735, 0.0014185694605777092, 0.00221121151604197, 0.0017301925567505512, 0.002041138843889634, 0.001875798879053379, 0.002534539188277199, 0.0015079759330051965, 0.0018817233564244924, 0.002035954900382413, 0.0016629932657502443, 0.002304788552993813, 0.0016764821818861181, 0.0022828256894435956, 0.0018037061660315917, 0.002121389521834587, 0.0017615307081385195, 0.002173280191605657)",-0.44414884289878637
0.0016403928121636363,0.002220332809485392,0.0005340857570803979,"(0.002543927411136231, 0.0018346143462621407, 0.0035931463799210956, 0.0012968385497677504, 0.001749994796740857, 0.002668456736803967, 0.0017253941440291836, 0.002709155221451186, 0.0020587934273021587, 0.0022652092360207787, 0.002748226326046187, 0.0017024479119500079, 0.0020834242600820756, 0.0022475581463690933, 0.0027700887231230003, 0.0016865240170005386, 0.001992176476355444, 0.0023443361178291946, 0.0018242224381906827, 0.002562121523326266)",-1.0858555758760953
0.008633301665108617,0.006971724945098018,0.0013402099234918374,"(0.010007704532214891, 0.004678195309163649, 0.006208700632006543, 0.007502723146044707, 0.008274622125129012, 0.005668482191837011, 0.005692506651114911, 0.008265503358446788, 0.0071155324777028295, 0.0065638255555814625, 0.0073804944930296185, 0.006394473325406858, 0.00735540555392519, 0.006434054469031721, 0.006338776492397107, 0.0074099378113732465, 0.006485045906077374, 0.0072352373915781296, 0.009441155311354006, 0.004982122168545293)",1.239788402462697
0.010711049142839832,0.013355845005338644,0.002249648024590675,"(0.012586543012069955, 0.013725592316503167, 0.0160327207503436, 0.0106705958820843, 0.015001048681045636, 0.011557593161558561, 0.016602108328837174, 0.010506353486739697, 0.013601096395201545, 0.012642588877553911, 0.013345980179570253, 0.013146583167754796, 0.01870298467297369, 0.00943139302503331, 0.014042543455232644, 0.012379794476204208, 0.015541958553113943, 0.011162847548179474, 0.012586618445162562, 0.0138499556916104)",-1.1756487386421415
0.006734403744671763,0.0059412533846732105,0.0005715337584224104,"(0.00505458827216949, 0.006904741032360547, 0.0058924637392319245, 0.00589685900856273, 0.004952705428092781, 0.007058545659840871, 0.005381871403571712, 0.006513524185272465, 0.006477599752681885, 0.005376492142170617, 0.006393006010085941, 0.005498523946526501, 0.005556400467923753, 0.006342877454199514, 0.005668915766575264, 0.006174328383833705, 0.0062167416885261706, 0.00562481636307918, 0.005917263095969474, 0.00592280389278967)",1.387757675395877
0.00130429333031959,0.001992454946747001,0.0003456294853774335,"(0.002455051160453507, 0.0015698980696270104, 0.002140391581503592, 0.0017980435016684772, 0.0017740739309974876, 0.002173712954762977, 0.002381855576279613, 0.0016205252960751892, 0.0022540086632733603, 0.0017087150163628564, 0.002118193147603493, 0.0018239256503826949, 0.002511222190267791, 0.001539802449146274, 0.00233861177804633, 0.0016496551973806503, 0.0019389461421927905, 0.001989050000481967, 0.002549664825094693, 0.0015137518033392565)",-1.9910385124577152
0.003987215870941115,0.003552102354055736,0.0009886444125976005,"(0.0025929868014341944, 0.004514570490434901, 0.002860155746620321, 0.004082675717353125, 0.003323646982166409, 0.0035273828992872895, 0.0036962280039673245, 0.003177008750271991, 0.0035330705300874203, 0.0033089826954188642, 0.0020147457313138633, 0.00584447075742697, 0.003978417056617843, 0.0029694498805713358, 0.00502349784896097, 0.0023355161955525786, 0.0025036261442451927, 0.004681334637772127, 0.004412069705730801, 0.0026622105058811793)",0.4401112385211847
0.00010632276928275068,9.90337972255787e-05,1.4274541823305771e-05,"(0.0001067645156432499, 9.006270193619922e-05, 8.332884623477352e-05, 0.00011538514454912063, 0.00010234918828863556, 9.395295379893691e-05, 7.417262109972716e-05, 0.0001296490390423479, 0.00011308967556716398, 8.502240070547978e-05, 0.00010888376018947206, 8.832700523564733e-05, 9.450266164493583e-05, 0.00010178167348531788, 8.448953073174737e-05, 0.00011381517010260516, 8.776671366455024e-05, 0.00010956104793103931, 8.616580131599244e-05, 0.000111605493344632)",0.5106273915756382
0.024785683328341624,0.023424274734537297,0.003373562078706881,"(0.0246686749021857, 0.022094928288398957, 0.021066035448759343, 0.024613607089026004, 0.026070649429788057, 0.021124354183846707, 0.02378050116598388, 0.024611804337605077, 0.021947513580718753, 0.024265340846684035, 0.018831321274089603, 0.028360700750173433, 0.01628716195228531, 0.029432774332675604, 0.019706134757190845, 0.027033749760162738, 0.025372621244631688, 0.02174566296264124, 0.02034018954411906, 0.027131768839779875)",0.4035522578337043
0.020049770672465463,0.019955496809473578,0.007556407770885727,"(0.01541748222153641, 0.022564310653130512, 0.0169900463568475, 0.02058943293455438, 0.015203951827207901, 0.022846916112418937, 0.03377107457134629, 0.010545623382027774, 0.021406145675117665, 0.016487703857913667, 0.014096003792539832, 0.02512446412984672, 0.014607856574968197, 0.02409366365858781, 0.008383326687117972, 0.040871629701163655, 0.023807790902873573, 0.014791862007731296, 0.019546095691904884, 0.01796455545063654)",0.012476015833226379
0.014531467555062776,0.015450159627919253,0.006186909428234718,"(0.011699333807709501, 0.01760065623350099, 0.015420142470086039, 0.01348296488742732, 0.025665600889395058, 0.007992452026767401, 0.01702774485177043, 0.012606937585700079, 0.018663284283009837, 0.011315792165702799, 0.016078179679384148, 0.01321319360696367, 0.014030229245026006, 0.014987818668402193, 0.03520428842761077, 0.005696696617260283, 0.01614526888594836, 0.013029220455416183, 0.01628647910317495, 0.012856908668129044)",-0.1484896592576437
0.01576201422220505,0.013816259313404387,0.008805916628108722,"(0.02453252456274747, 0.005194683082030728, 0.017198556411109994, 0.0074809040411838905, 0.021907538959343952, 0.005789211804235971, 0.011684959856435516, 0.011373047221910515, 0.013803676896114338, 0.009467719767812681, 0.01278793462792537, 0.010279168001087385, 0.02842851868124092, 0.004579821934855634, 0.03399806156019478, 0.0036519698435999925, 0.011902129708991266, 0.01093647062522716, 0.004906219094345731, 0.02642206958769444)",0.22095995124343584
0.0009290851314382462,0.0009109593663333695,0.00048190136623552804,"(0.0010692048103777866, 0.0006221545243651629, 0.00025883541730727734, 0.0025725629202769575, 0.0008905897396597146, 0.0007439584747307526, 0.0006134540429906908, 0.001091767741303745, 0.0011812993065885666, 0.0005650051653506556, 0.0006237533920912535, 0.0010705710154877892, 0.0005450153860811248, 0.001225701423013782, 0.0011267828644780334, 0.0005884328408732811, 0.0006007368929558401, 0.0011104159147478246, 0.0011264633087140327, 0.000592482145273117)",0.0376130187105919
0.0006385855497278794,0.0006051794868344926,0.0001472677918031748,"(0.0007804338581611825, 0.0004432593310489778, 0.0006059723111875168, 0.0005709612926763576, 0.00047588594503953795, 0.0007267427471742028, 0.0007072260628071965, 0.0004895267075887234, 0.0005204448067583389, 0.000664976407347932, 0.0004536949869894309, 0.0007628750280441334, 0.00039132142328448833, 0.0008844076799923737, 0.0005169876366670062, 0.0006688504993159019, 0.00043344033911035167, 0.0007983980047381699, 0.00046671627658662865, 0.0007414683921714)",0.22683889317790842
0.0030871834662611996,0.0031002647962879225,0.0006240542980448986,"(0.0030184641533054883, 0.0030622095210190376, 0.0037025594465877735, 0.0024973462245734134, 0.0036840971469032256, 0.0025085593434397645, 0.003184987693648757, 0.0029067340871703424, 0.002717167027013388, 0.0034050582879576307, 0.003971625249924934, 0.002330079580879379, 0.0023032838272673607, 0.004016270790048701, 0.0026327474742403544, 0.0035073053424576383, 0.0021599131589267067, 0.004282911208288165, 0.002747038294330102, 0.003366938067776288)",-0.020961845896591617
0.002232217167660891,0.0014858800492562217,0.0002126537660211549,"(0.0014372583415651122, 0.001506011347478085, 0.001739127383985614, 0.0012449414610318742, 0.001457737080283682, 0.0014846136613955083, 0.0013346621961114627, 0.001623731333936846, 0.001932323433680469, 0.0011209707145489302, 0.001299133391597453, 0.0016675960562526344, 0.0016017152990330454, 0.0013522212887358705, 0.0017771864878011624, 0.0012170562928472202, 0.0013441721546924008, 0.00161127233662931, 0.0016659614538391365, 0.0012999092696786138)",3.5096350860319276
0.0017463111673229927,0.002004969170308998,0.0004316410878980889,"(0.0019965669895402375, 0.0019271073619471783, 0.0021784063785338205, 0.001767048772981426, 0.0019742115673584215, 0.0019480990713012874, 0.0023273520402898153, 0.0016567361067180465, 0.002607723762672277, 0.0014772818554423881, 0.001968369943165428, 0.0019576437574414522, 0.0016313518212600312, 0.002361221353483527, 0.0015249609270132924, 0.0025199484418545297, 0.002135596038504426, 0.0018035000598161806, 0.0030899233543531046, 0.0012463338025030877)",-0.599243237583246
0.002948535827435206,0.0021610653887767606,0.00014054847237749118,"(0.002327097772340962, 0.0019971627045193797, 0.0021716530812115513, 0.002141289705944064, 0.0024521387236028165, 0.0018938472190838458, 0.0020841242906802955, 0.0022361348990110417, 0.0020600771787178587, 0.002259491337269008, 0.002374811934873158, 0.001960647002913239, 0.0022237820838084538, 0.002093137516372038, 0.002267656517329797, 0.0020463938598651457, 0.002181532755852411, 0.0021331350725500215, 0.002078930382499908, 0.0022382637370902164)",5.60283883088692
0.006046300434867304,0.006924669951609098,0.0008944261118024333,"(0.007897273058677065, 0.00596019983322441, 0.008460875134698963, 0.005572860023168437, 0.007052630137908137, 0.006656841436325994, 0.007385786684350046, 0.006429303749487265, 0.007110139370676666, 0.006652501483017105, 0.006325592594172975, 0.007484926826831129, 0.007149317295411748, 0.006616095637475152, 0.005733788782469605, 0.008169361600992084, 0.006056507451896498, 0.007803266282612711, 0.008245502440023146, 0.005730629208762792)",-0.9820481593182899
0.013112553050485337,0.01331130478037703,0.0025193812842404344,"(0.014549408596609394, 0.011729817777479818, 0.01225930727305971, 0.013968179263181276, 0.011506739061005305, 0.014757227818276935, 0.011842025373003832, 0.014660459854380675, 0.011630522396721632, 0.014813953201223782, 0.015330335915135898, 0.011260202906663996, 0.01424714452528667, 0.012093449645364235, 0.011970899709720666, 0.014122429971244113, 0.02110475138059359, 0.008150440730607361, 0.012927201152349223, 0.013301599055632494)",-0.0788891031043815
0.005326674064062333,0.0058993368004034985,0.0007891089293821303,"(0.005589876642532616, 0.006107128810969957, 0.006026256739627605, 0.005673552876661621, 0.006474147229594296, 0.005259899917840316, 0.004641480142427675, 0.007413232756300858, 0.004940357961226006, 0.006940122606557419, 0.004673797240263654, 0.007342204233941426, 0.005866666898088913, 0.005844838717007502, 0.005633952067332612, 0.0060333685175398616, 0.005517559249502311, 0.006209467721702782, 0.006637893956461107, 0.005160931722491429)",-0.7257080930380028
0.0016747289297686027,0.001985326716506542,0.0003382738778159114,"(0.0018709705626371823, 0.0020479842319542194, 0.0018095763036621451, 0.002118530421257576, 0.0015026168021193761, 0.002547955013378596, 0.00164658615469925, 0.0023331029506550244, 0.0020680921460289534, 0.0018554248691594463, 0.002545862324739117, 0.0015076489698444833, 0.0021036492762842507, 0.001824114642994827, 0.002118359143951733, 0.0018062621369561614, 0.0020583130568602977, 0.0018637829409938926, 0.0026052369670851666, 0.0014724654148691378)",-0.9181843680728031
0.003765045846140728,0.003474701867880998,0.0005701293374073834,"(0.0027852848556830885, 0.004219256116930693, 0.0027565476752102734, 0.004266515584928471, 0.0038939725521885417, 0.0030093666892176763, 0.0035002652599041484, 0.0033745584409663578, 0.003880477666870956, 0.003036139263118813, 0.003733455086073886, 0.0031569329063350937, 0.0027273663091481335, 0.004322385092267438, 0.002622546872673099, 0.004469969919676265, 0.003397293678713518, 0.0034664812355986946, 0.0032465782136939336, 0.0036286439384208852)",0.5092598454590066
0.00011839783246707626,9.89804474995122e-05,1.3842646336682497e-05,"(0.00010758609206629961, 8.938456232962318e-05, 0.00010636740323716487, 9.041024270412218e-05, 0.00012361283042073431, 7.778715122736053e-05, 9.490656905742124e-05, 0.00010134122083958825, 0.00010376730970554581, 9.268030245687797e-05, 9.827088905834843e-05, 9.786481350139572e-05, 0.00012278958233722276, 7.832470554969173e-05, 0.0001180377959573996, 8.146456235253734e-05, 0.000112141963235708, 8.575810755921861e-05, 8.875254350357246e-05, 0.00010836030289041103)",1.402722029826675
0.006867012409249134,0.007287634851560231,0.0033437740074035854,"(0.0028021507277462437, 0.011648833695957731, 0.008186148479961623, 0.005079572715740617, 0.000850282271450883, 0.015030771659442523, 0.00796486145311281, 0.008296744100429496, 0.005190344542749906, 0.009387444842953521, 0.004024700275709956, 0.011417923422180948, 0.005926606476050403, 0.009261819792348362, 0.003230311845687152, 0.008879504098227688, 0.005972564201775891, 0.008106059367486367, 0.007982404673169704, 0.006513648389022773)",-0.1257927244424352
0.0329812608995891,0.022626556327600286,0.013925719362623835,"(0.013095538298301899, 0.028492979236436643, 0.033335065386258814, 0.010982038368566921, 0.02843374908505103, 0.013012149687829943, 0.017340684702624218, 0.02118493802087087, 0.06123757715514284, 0.005726349123653813, 0.03503504937358243, 0.010707760993617171, 0.017463471775008125, 0.02109123453374869, 0.022370345957710848, 0.016387373675445172, 0.04957750121231228, 0.007437292219613324, 0.015366516796507246, 0.024253510949723514)",0.7435669427448393
0.006933869991153935,0.015334294156582712,0.005170343274152746,"(0.01698208355954062, 0.012792285665032035, 0.024841765044164212, 0.008459778774638042, 0.014569231821082442, 0.014689658728804395, 0.007435709583811566, 0.02843749482765415, 0.017121652941343296, 0.011403813910517159, 0.015409375278443284, 0.014251519742854827, 0.021316962744353206, 0.009967112605717414, 0.011606860771337317, 0.018150291757810053, 0.017931033031894385, 0.01186561769999721, 0.014373669782350232, 0.015079964860308461)",-1.6247323862273613
0.019355854281428095,0.011669019992669824,0.004471248540962315,"(0.013063990255357925, 0.009306068698732115, 0.0070849412328131715, 0.016604434713242164, 0.01254901490985671, 0.009543489290235876, 0.011622154325014572, 0.010185189831141687, 0.015228844822375779, 0.007190172829123964, 0.010337225100843856, 0.011903805691890739, 0.021899144087116334, 0.005432349409860315, 0.016277211666287338, 0.007245065122330219, 0.019832768848120397, 0.006003872821445346, 0.010332456232195628, 0.011738199965412368)",1.719169538069089
0.00046144050729359393,0.0009455799629958219,0.0005570815599632432,"(0.0016241307219021723, 0.00041111374991175157, 0.0008650819100363655, 0.0007670115805074927, 0.0015391532967936846, 0.0004322162284093755, 0.0008303955673953502, 0.0008003145686875082, 0.0003287787521214342, 0.0020002712263006823, 0.0008967554753391818, 0.0007507599876925779, 0.0008196707943436165, 0.000812228480580982, 0.0024712137070115174, 0.0002686819276660531, 0.0007511660995713408, 0.0008847943672081523, 0.0009712636759765683, 0.0006865971424606274)",-0.869063868734359
0.0004598467725654748,0.0005972926331098654,0.00010661427749370971,"(0.00060158046084747, 0.0005757967709170786, 0.0006079267037120806, 0.0005694137399266493, 0.0008145256530830784, 0.0004251204367386276, 0.0005794117410510221, 0.0005975217460749962, 0.0007073438837384709, 0.0004887965359662968, 0.00064642204357352, 0.0005361265862866564, 0.0008155130955707272, 0.0004245905404895709, 0.0005310181128958164, 0.0006519201856496554, 0.0005593804840786219, 0.0006189620644580477, 0.0006989125820142628, 0.0004955692951246585)",-1.289188125413128
0.002889931992430438,0.0030866354623773633,0.0005646087028240585,"(0.0031463879929831476, 0.002936874683900114, 0.0032919161520653926, 0.00280357589261653, 0.002089225180841661, 0.0044204870945404266, 0.003008614947286652, 0.0030682749573453716, 0.003692097944623689, 0.0024928702905957115, 0.0027104968766806766, 0.003410569357663979, 0.0025633307994528385, 0.003601921305622243, 0.0024175749287619723, 0.0038178652386213438, 0.0036461599408418423, 0.002532355412642472, 0.003131864711350907, 0.002950245539110298)",-0.34838901519415927
0.0018288598298734455,0.0015188733826120356,0.00039169303097183787,"(0.0013123731065361288, 0.0016530010214694617, 0.0015868123023242424, 0.0013658393938485237, 0.0013681015974823592, 0.0015849831737682163, 0.0015967838882825684, 0.001357552730766325, 0.0018475614619065596, 0.0011707287626725562, 0.0020422034670818804, 0.0010626631097345666, 0.0008817943004500831, 0.0024586647504951783, 0.00197635305943184, 0.001096708388174083, 0.0015524314618867233, 0.0013965624160990097, 0.0011072321101633636, 0.0019591171496670377)",0.7914014872623493
0.001667838502101524,0.001987043808578108,0.0003348738581836869,"(0.0026181806666900394, 0.0014697175417208949, 0.001516961750574402, 0.0025323530943354307, 0.001974988981832405, 0.0019467744676364416, 0.00177918230808369, 0.00215986208984313, 0.0022715759347628774, 0.0016852935129578464, 0.0021464488108346763, 0.0017943311148502263, 0.0015645911221780985, 0.0024568323154165843, 0.0019327104577318427, 0.0019878788736643455, 0.0023281575157880494, 0.0016509908125430077, 0.002008433101686877, 0.0019156116984312993)",-0.953210585645332
0.0024790748682397795,0.0021857501975384636,0.00035620862321657384,"(0.002454539776852496, 0.0019006658110293667, 0.001864854419082068, 0.0024960154813224327, 0.0019772901093491843, 0.0023567291869457043, 0.0024516214166708976, 0.0018995371610252938, 0.0016166329814055027, 0.002866901524293849, 0.002641963218613243, 0.001768616528846069, 0.0023091126164661046, 0.0020176868060358026, 0.001878934046093507, 0.0024777828802216417, 0.0026717527975175697, 0.0017435088855507906, 0.0021020371118974667, 0.00221882119155028)",0.8234631381255902
0.009055792327888992,0.006990865626957263,0.0012352816264748886,"(0.005885266714892674, 0.00810114841570994, 0.00569257831062774, 0.008313681654869166, 0.007858775808841314, 0.00604407615933037, 0.007533183098390736, 0.006292320294970135, 0.00489412569816814, 0.009536484035339464, 0.006764541017731344, 0.007085658768448562, 0.007298421399885682, 0.0065045253695002235, 0.005975534057155066, 0.007924968858288722, 0.00529622696918134, 0.008957757683949465, 0.00631628219301569, 0.007541756030849494)",1.6716242326249042
0.012557752341721396,0.013655668640379974,0.002971588660092908,"(0.014035859657258641, 0.012824567594829842, 0.01781946961749055, 0.009955614992423575, 0.012494647955790533, 0.014300493465913902, 0.014913268426797553, 0.011932827267037855, 0.01163730818769256, 0.014833320707012857, 0.01868900230094708, 0.009733124658302837, 0.018190938891291412, 0.009811902999654239, 0.01088568104017308, 0.016317101668451354, 0.01126272483262489, 0.01582744050523424, 0.010446181231545271, 0.017201896807127172)",-0.36947115642319456
0.005837940160807812,0.006193606668487222,0.0019437547194433881,"(0.0048503828806870895, 0.007231914881855166, 0.00495453468176434, 0.0070336355572071735, 0.008250528025864219, 0.004237269246881026, 0.008826039269651649, 0.003953983138232354, 0.004976845564690662, 0.006917979023501367, 0.010083970362400293, 0.003496019721029909, 0.0037836203831383432, 0.009236180737154908, 0.00799196290302906, 0.004362895396867148, 0.006291240418167492, 0.005551049138739215, 0.006019486357465353, 0.005822595681417691)",-0.18297910951504123
0.0018990785694675506,0.0019702759100747565,0.00021330022239887176,"(0.0019012791392223006, 0.0020222644704779537, 0.002136326280918148, 0.0017958916687496758, 0.002111346586297221, 0.0018190483031027692, 0.002082832657474837, 0.0018428767030395812, 0.0017728429661470091, 0.0021554995815183417, 0.0021228158826877724, 0.0018141912514541227, 0.0018937829303877613, 0.0020277620171287487, 0.0015223816782275682, 0.0025206048881568346, 0.001952116077031443, 0.0019667443297816923, 0.002188591008885894, 0.001756319780805453)",-0.3337893407071408
0.003093044828880762,0.003472155201833036,0.0005838397404335503,"(0.002634232461420982, 0.004467099028713787, 0.0028259788245434043, 0.004144893032724269, 0.0038310115375370045, 0.003063429348087453, 0.003542094784315626, 0.0033106907448366687, 0.003636777951929427, 0.003199225674069426, 0.002820178345937889, 0.004196847482486158, 0.0031320707592049388, 0.0037488565153744055, 0.0028407501617236444, 0.00412531666317924, 0.003620180501433502, 0.0032396073417584287, 0.002684857178629367, 0.004379005698755111)",-0.6493397874402193
9.545183296233452e-05,0.00010331739968285727,3.629112926175478e-05,"(0.00011297923814015848, 8.515042416733653e-05, 0.00011143585177639926, 8.631778987719842e-05, 9.291588659341872e-05, 0.00010352793671827508, 7.801987904136724e-05, 0.0001232924038189303, 9.999935856938656e-05, 9.617385308468157e-05, 8.406325531344948e-05, 0.00011446645855056991, 4.400418347673221e-05, 0.0002186085455337706, 0.00015947506578890805, 6.031698214009369e-05, 0.00011677940333469723, 8.237068041833944e-05, 9.29031878779681e-05, 0.00010354760943546416)",-0.21673524303394562
0.02326499314160351,0.023130252048029206,0.003635757390169608,"(0.028179109096483017, 0.018073429697826788, 0.02188321328521342, 0.024412643290768667, 0.02286969079049956, 0.024470869908061296, 0.023252619898285306, 0.023916051528310733, 0.01627684017310542, 0.025618640688808487, 0.01582747482182795, 0.029648996315943876, 0.019788808106680964, 0.026981427522142533, 0.020948523888889323, 0.025389029524654053, 0.02502445443478954, 0.02175985110572111, 0.025151520550452767, 0.02313184633211915)",0.03705997928756726
0.02681299283499197,0.02331655001263641,0.010342811515006526,"(0.024323241992532902, 0.018834823337066132, 0.022162172370214187, 0.020558548727663394, 0.02953533585469942, 0.01494182960434452, 0.01901303004935561, 0.023957985980401737, 0.0448025855047009, 0.009881393804232929, 0.013865322918652365, 0.032978646330760676, 0.02674171221552215, 0.017213504303555165, 0.049861662233637534, 0.009980657085383558, 0.029754390349035157, 0.01500156069095564, 0.020772021680742467, 0.0221505752192717)",0.3380553553820952
0.046860422934762336,0.01992232209722752,0.006399230876971004,"(0.02071034239720148, 0.0174158342755365, 0.02627334523395153, 0.013601203473307025, 0.01087469621926883, 0.031088411410005106, 0.02722207480899194, 0.013137867839612892, 0.034447424938597204, 0.009863407554588305, 0.020535990487787443, 0.017509099290313974, 0.01586108378801082, 0.022941671599373013, 0.02497914064791594, 0.016727820082797395, 0.018594738719361736, 0.018528460933753176, 0.018860263111489087, 0.019273565132686965)",4.209584144631711
0.013202599653522301,0.013953996393380758,0.004213391516721737,"(0.015080614228354166, 0.011858189576874206, 0.010785733923138061, 0.01641078156204808, 0.021619950745165296, 0.007690891631854196, 0.021500404267665772, 0.008250979346328275, 0.012826795435011081, 0.013029317759526865, 0.015767287790825875, 0.011304014433446656, 0.009358860884427552, 0.01930948867819728, 0.017367613399234913, 0.012198015144794398, 0.014646749899878313, 0.01158633957441596, 0.009507040866434906, 0.018980858719993284)",-0.17833537113187323
0.0009642600183590932,0.001096557535118045,0.00079335054181265,"(0.0014185196775334439, 0.0005053962768497331, 0.0019708698768619217, 0.0003634235607043887, 0.0009521879117167861, 0.0007436955721006124, 0.0009418545870979236, 0.0007646023115802927, 0.0028296079973013635, 0.00024996238819551957, 0.0003494160204326176, 0.002051967014751051, 0.0004934508002555969, 0.0014585411868011846, 0.0002790956061957201, 0.002685374199635953, 0.0017326575337679665, 0.000408832376651808, 0.0006903968342957295, 0.0010412989696312863)",-0.1667579585395859
0.00043899824391804637,0.0005994639964859142,0.00010604406911407372,"(0.0006580596641800685, 0.0005301523867767923, 0.00076850683812288, 0.00045390096103397834, 0.0005132818075166839, 0.0006789006532900556, 0.0008332917276884531, 0.0004187138742128303, 0.0005238440757827236, 0.0006652098233023848, 0.0006460642655911813, 0.0005399815618174486, 0.000659494744670054, 0.000529134702026945, 0.0006988421415512321, 0.0005008874645535923, 0.0005633335781563835, 0.0006187001963216381, 0.0006614133608190476, 0.0005275661023039127)",-1.5131987475438318
0.002583392860044384,0.0031329935490280836,0.0007110136640997978,"(0.003065584454403936, 0.003048161970038117, 0.0031001421438454154, 0.0030132811287373225, 0.0036726506722168564, 0.0025390106199218738, 0.003423132254940139, 0.0027290452101058566, 0.003981011118406485, 0.0023427179692983103, 0.0041384670995949216, 0.0022577113260484785, 0.0038816439808632653, 0.002408018714857981, 0.004375747141805742, 0.002145684294585912, 0.004059239928212581, 0.002298599466992596, 0.002641218463174174, 0.003538803022511708)",-0.7729818943487387
0.0016968471201603413,0.0015153543164763174,0.0003580893410447794,"(0.0025110085178703524, 0.0008691519884032282, 0.0010591147437114233, 0.0020601830816758143, 0.0014981358673627914, 0.0014544814322389609, 0.0013458248116664077, 0.0016214058885547636, 0.0013668869409299504, 0.0015943016137843185, 0.0013105635071901354, 0.0016651593206773192, 0.0016445979215867477, 0.0013273560970709982, 0.0013084197508552774, 0.0016742591553097347, 0.0016455511663953505, 0.001324747208892707, 0.0018388329547438958, 0.0011871043606061621)",0.5068366546585594
0.0018859328429962784,0.0020059921734019034,0.00033043614079214767,"(0.0016316375893138965, 0.002403140947710844, 0.0023110473038234713, 0.0016960118750661592, 0.0016714229610993773, 0.0023391185919892673, 0.00178144888218847, 0.0022008600842893904, 0.0016397425803309153, 0.00238459912396848, 0.0017107332376461771, 0.002291786328241875, 0.0015079674769551102, 0.0026015511192520567, 0.002131824057151137, 0.0018529823302845707, 0.0016977497877450451, 0.0023044188506349916, 0.0019446992504280362, 0.002017101089918798)",-0.3633359538633071
0.002370491496467805,0.002272282923682554,0.0006449355347380339,"(0.0016487120965005373, 0.0028996539715930286, 0.0013561235216564883, 0.003523586100199073, 0.0020784798613710095, 0.0022909151310144256, 0.0033358447250491628, 0.001433445525843053, 0.003078078872154428, 0.0015470174034077492, 0.0019210505077132023, 0.0024883130910808935, 0.0026906565281624942, 0.0017782440454327298, 0.0022105809933523645, 0.0021867612345338222, 0.002551349823893933, 0.0018677190808272645, 0.001637147605111385, 0.0029219783547540365)",0.15227657261146602
0.006688671685566995,0.0072895362469883864,0.0013866707292712309,"(0.008062337581090205, 0.006369060314702801, 0.010856419957205312, 0.0047224112677317805, 0.005545633718219346, 0.009135674248035538, 0.006924182818658541, 0.007422771705274955, 0.0076688254523750886, 0.0066069983778744455, 0.006351588956938549, 0.008081717727264449, 0.008127334872627134, 0.006336113282899081, 0.006497857219542336, 0.008206970760085072, 0.005861542938756929, 0.008664416753428493, 0.007064941141392187, 0.007283925845665492)",-0.4333145199777728
0.013833372898074396,0.014529810646280209,0.0023776938626113376,"(0.012894774298918606, 0.015951239226133104, 0.014505156056888341, 0.014135283582782945, 0.02062083346968579, 0.009706814402547665, 0.013659665117870172, 0.01508761669280798, 0.014195321732263932, 0.014102780303352828, 0.013918618484704926, 0.014767715914606211, 0.018742844731231313, 0.011037938717116618, 0.015397653275946062, 0.01442430384756963, 0.012162219806818867, 0.01653821670685396, 0.014461467204828353, 0.014285749352676885)",-0.2929047171114534
0.008446112916927678,0.006227797626858109,0.0015853116846178774,"(0.005080135422004236, 0.007176743084794433, 0.006857392087600191, 0.00530945522494272, 0.006272791679563111, 0.005742071858367621, 0.007962942422474781, 0.004584234050612744, 0.0037013267182238693, 0.00973075351472822, 0.006660375866811356, 0.005472538268465741, 0.006931633632465006, 0.0052740723638795345, 0.006484199378591677, 0.005824215473041485, 0.008656369305628504, 0.004169213552748859, 0.008222327511894287, 0.004443161120323791)",1.399292840388211
0.002851977565727305,0.002013227852513618,0.00034348130192092747,"(0.0020966843438087446, 0.001880917679454539, 0.0020620877752172825, 0.0019116307543581112, 0.0020694524640076754, 0.0018983123488666663, 0.002327632066835137, 0.0016948907488753343, 0.0022217132829173247, 0.001768207896850761, 0.0017583146308965782, 0.0022426809799560837, 0.0025060990818311646, 0.001574974744238852, 0.002258867464249526, 0.0017653642480427868, 0.0013606974928364968, 0.0028889848923136304, 0.0018990439159721777, 0.002078000238743496)",2.441907924894191
0.0031180866715883864,0.0035869951728098835,0.0005481328025379738,"(0.00358738709849482, 0.0035037173584259755, 0.003922836346692063, 0.003201873760153671, 0.002849407302062473, 0.0043718770456230936, 0.003329635891571723, 0.0037864087514861222, 0.004026112000040316, 0.0030916910738182854, 0.0038563619849782756, 0.003259500745929938, 0.00392506236643376, 0.003211120628181618, 0.004295381563642729, 0.0030202574725165746, 0.004641494205491891, 0.0026848374671136787, 0.004112842288325463, 0.0030620981052151925)",-0.8554651337237054
8.193649999750397e-05,0.00010014752356959599,2.067845585463939e-05,"(0.0001195273876378281, 8.05885939817612e-05, 0.00012263517223761578, 7.854525437865631e-05, 0.00010217787755195421, 9.424658375904041e-05, 9.647132645683252e-05, 9.986293283445748e-05, 8.672728904867016e-05, 0.00011103220418464203, 7.511446305449746e-05, 0.000128239135421555, 8.649395715228946e-05, 0.00011137792818916127, 0.0001141225375451571, 8.449793938962388e-05, 0.0001168130315641414, 8.243753593380867e-05, 0.0001461063117056624, 6.59330093645645e-05)",-0.8806761829852118
0.025243351035345328,0.02739605258383931,0.0023337973230977784,"(0.02886130826294348, 0.027223821049737276, 0.02633596723548495, 0.029187986306441777, 0.028587380322131116, 0.02656587787811305, 0.024315569108150158, 0.029714420152578094, 0.023023706535026434, 0.029477153966508643, 0.027003129799608724, 0.028979846604648113, 0.026679894162889822, 0.029254988112631983, 0.021034925903618645, 0.029992833961872897, 0.0275797021979223, 0.027837396064371883, 0.027295572305376648, 0.028969571746730212)",-0.9224029555559619
0.020789879180104637,0.01987029832649781,0.010237212856691819,"(0.010484833178957301, 0.0301664081094819, 0.04570006239583043, 0.006426639832422898, 0.01103936745560377, 0.028182055847505435, 0.026384177304049232, 0.011495982805672735, 0.014458101574061152, 0.021387133572389205, 0.019929528076011737, 0.015721172265076775, 0.014971002132474895, 0.021242878547066742, 0.018130794765968312, 0.01690066321865865, 0.00794838292995968, 0.0391118532613918, 0.025519416618232354, 0.012205512639141165)",0.08982726709699305
0.009363687806665723,0.014498338062033454,0.008783957232134558,"(0.00828368521999155, 0.019536169727260824, 0.005609651459473265, 0.025265441838521637, 0.00838033747199148, 0.018730885802834947, 0.01144445607090749, 0.013088205034403343, 0.0037095207336586737, 0.04191100316687738, 0.012358142088006738, 0.012865978735227485, 0.013754694361927557, 0.01186985926314474, 0.02693331447667181, 0.005672978142845914, 0.010381149843296663, 0.015083949210902859, 0.012984809883577983, 0.012102528709146722)",-0.5845486401713705
0.010012930146374815,0.010975003440182275,0.004202086491048746,"(0.010712341579042703, 0.010204148813658137, 0.019409624239624414, 0.004865518847535393, 0.007447389386795723, 0.014180667338255182, 0.0057084386222300415, 0.01754761808253237, 0.011000467422101258, 0.00950998356729776, 0.017354300102639518, 0.006173160245911087, 0.009769717799809709, 0.011288365923958925, 0.006289060241100117, 0.016302827857972064, 0.008415195745017279, 0.012504099278957412, 0.008768791750961352, 0.012048351958245038)",-0.22895133069175555
0.0016123933834785778,0.0008223970762771358,0.00027169231162110183,"(0.0008443241587308163, 0.0007330591288589978, 0.0007351957840822619, 0.0008104414217692824, 0.0005558432872086164, 0.0011014313616522157, 0.0009652176139338621, 0.0006238966008669124, 0.0014639393567704296, 0.0004183240870828351, 0.0010450295310993332, 0.0005884244138347615, 0.0007807256364368203, 0.0007931565093233826, 0.000499427540978182, 0.0012170436113737265, 0.0006164861041602908, 0.000990162513323777, 0.0011201564771302786, 0.0005456563869259304)",2.907687385365396
0.0006004564826900334,0.0005983624922392904,0.00012111315346572287,"(0.0006851775341169565, 0.0005036509574034949, 0.0006388159835281617, 0.0005382530186458162, 0.0006887433513929629, 0.0005005599575735361, 0.0007464601067677252, 0.0004611777535036506, 0.0006176990608374081, 0.0005580896329851246, 0.0003761843139428795, 0.0009168134619379479, 0.0005143767262137816, 0.0006709631966088706, 0.0004866298087581497, 0.0007079596172946584, 0.0006315250036506498, 0.0005457968516897071, 0.0006383534176328065, 0.0005400200903015202)",0.017289537848055828
0.003067103593664106,0.0030908290146449808,0.000655520247689723,"(0.0018535137721875851, 0.004955047245750265, 0.0029670340949782556, 0.0030781472414584342, 0.003640125862045171, 0.0025198011243705663, 0.0035767565747479996, 0.0025593614186916625, 0.0034848181381643226, 0.0026310488647229963, 0.002562811764408131, 0.003580978426980229, 0.003832227022909773, 0.0023974649365356986, 0.003037027062704793, 0.0030167521992714797, 0.0028648565272078263, 0.0032013480484803054, 0.0030491008250218567, 0.0030083591422622735)",-0.03619326949013589
0.0010554178105373706,0.0014996378047384333,0.00032122201172369213,"(0.0017717575119334831, 0.0012171135396937948, 0.001284545295294593, 0.0016711154484295096, 0.0020751669376472713, 0.0010380238021533727, 0.0018714440762098272, 0.0011490921187776735, 0.0018384675447117788, 0.0011713546451492713, 0.001647761286158973, 0.0013078607708189387, 0.0014512347297640671, 0.0014863075601446397, 0.0014335971703046642, 0.001501185809677644, 0.0015430886967649647, 0.0013957577522215527, 0.001014394689669953, 0.002123486709242697)",-1.3829064571800596
0.001834915872012724,0.0019704667657847387,0.0002825678687621422,"(0.0017283701615223239, 0.0022090409050146338, 0.0020068033667698607, 0.0018862508042976147, 0.0016082487033181796, 0.0023689093597706267, 0.0016560871820259545, 0.0022928835209964538, 0.002156968006608789, 0.001765622289491679, 0.002264055194130754, 0.0016842033015429907, 0.0016245272175470695, 0.002351152635257602, 0.002090040192365454, 0.001819716225454886, 0.002183462678176084, 0.0017442039776433015, 0.002342798483674437, 0.0016259911100860876)",-0.4797109252578099
0.0026471767919365907,0.0022004253578774176,0.0005409799853362691,"(0.0019726546349257343, 0.002326770883610501, 0.0013835917503874809, 0.0032773246612936655, 0.0025636839092825284, 0.0017846583962912157, 0.0022234429255257662, 0.002047769392751236, 0.0028644537412371757, 0.0015967413529672705, 0.0025840165736781555, 0.0017728842835544225, 0.001517282163543417, 0.0030263470295395292, 0.0016103113228907624, 0.002834485559557907, 0.001791148953325484, 0.002552716581577515, 0.002096873247560351, 0.0021813497940482364)",0.8258187847402078
0.007003815716170213,0.006704914923101897,0.0007779053112729283,"(0.006593745162897377, 0.00682049579982861, 0.005884002129377633, 0.007353123098692431, 0.006854213624646355, 0.0064947695611488705, 0.005970732277158172, 0.0073408129781896625, 0.0064187033446024555, 0.006928533577795782, 0.0070577113740486665, 0.00633336037839222, 0.006801824662511447, 0.006620365550756672, 0.008279804942912332, 0.0053359085625083605, 0.005672525030567354, 0.007831051651701662, 0.005689392022375173, 0.007817222731926726)",0.3842380155230049
0.015760647632164233,0.012893180041640667,0.002302189441105209,"(0.016368313622791127, 0.01010457554046958, 0.015554132698791313, 0.009873213502237497, 0.009456232897811591, 0.017152263189039008, 0.013078190189462453, 0.012038095912899664, 0.011996027289493913, 0.01349476330545323, 0.010238786495990656, 0.0159659874604271, 0.012563700870195918, 0.013197188966718086, 0.011249014085344459, 0.014210529840947603, 0.014860803606753398, 0.010869988793172311, 0.01414714395408124, 0.011444648610733197)",1.2455393719237045
0.0052531287123342325,0.005803694937516354,0.0010713411090912518,"(0.007309704704997443, 0.004513455362946944, 0.00430533308464914, 0.007401329052689322, 0.006700902353681532, 0.0048783899213285225, 0.007465171400081728, 0.00431792515819812, 0.00527210478570929, 0.00619540851821842, 0.007356634564615694, 0.004460002049585504, 0.005903294325420868, 0.005594942012813214, 0.006370288715165336, 0.005096817524155224, 0.005098301781741285, 0.006399267882981617, 0.005881017700525932, 0.005553607850821923)",-0.5139037609124613
0.0023999412654910116,0.001987408025249256,0.0004686151630187301,"(0.0020741447340280415, 0.0018170097879377728, 0.0016985983738792428, 0.0021928988972522876, 0.002868103342669089, 0.0013099361945102769, 0.002404879945438229, 0.0015548639633534969, 0.0018429751893489724, 0.002038029194093473, 0.002016753702601838, 0.0018652375980042614, 0.0022706880264921825, 0.0016603431141217883, 0.0019730942551317975, 0.001899779309901257, 0.0021097575846777865, 0.0017795947300287105, 0.0031964540041591553, 0.001175018557355452)",0.8803241397147595
0.0035878523054831803,0.003423578396095227,0.0006249316891253324,"(0.0028918012411667427, 0.00396556456276067, 0.004088656440562616, 0.0027275401865484673, 0.004372232319883218, 0.002602039517634625, 0.0029294046775550572, 0.003837104047118484, 0.0029675370829821317, 0.0038342901837025204, 0.0032787005038069595, 0.003481023575335163, 0.0027432400551206724, 0.004181960478022068, 0.002549953217267622, 0.004437946709137625, 0.003975584820033636, 0.002855586543759508, 0.0035543231320242963, 0.0031970786274824648)",0.26286698569866823
0.00012098590215040681,0.00010020649806178194,2.1862551624811427e-05,"(8.11844349834779e-05, 0.00011829449917396169, 8.477476073492869e-05, 0.00011318016869428787, 0.00010722928831391732, 8.953772270666808e-05, 0.00011398796254438796, 8.4194268369553e-05, 6.67643411125565e-05, 0.0001438077688189282, 8.255479048837846e-05, 0.00011631210423455578, 0.0001430678466500937, 6.71270860589661e-05, 8.04684075865573e-05, 0.00011929413441949943, 9.636634078709114e-05, 9.962316162278818e-05, 0.00010440652967462074, 9.195434426042042e-05)",0.9504564904053873
0.0004751061687769791,0.002322100225812001,0.0017264105428601692,"(0.0021348431850045134, 0.002669904713868479, 6.958226737761346e-05, 0.004479071756446464, 0.0043952517038560865, 0.0005694779157529627, 0.0056408804859706865, 9.991345334827784e-05, 0.0022004307678502714, 0.0014738459458972864, 0.0017144384192191915, 0.0023304248278221487, 0.0026040302021343082, 0.0022134184406794937, 0.002760180376639812, 0.0006897740758995369, 0.00039083837976434645, 0.004817932547592413, 0.0047464247789744535, 0.0004413402721416796)",-1.0698463726797454
0.025837370363303868,0.019680116318833953,0.007536363991198686,"(0.026907774662756123, 0.012663359347897796, 0.018327993850369567, 0.01882036431458922, 0.018596187155683837, 0.018504119198965854, 0.020370828187400117, 0.01678849343275054, 0.008240207287899988, 0.04197659671993895, 0.016188104705045527, 0.020996927336388815, 0.03374462143031658, 0.010223607772778654, 0.0155441877102729, 0.021823614655509922, 0.020067988902723183, 0.016966457168162877, 0.017383989230739534, 0.019466903306489175)",0.8170059264203056
0.01737141853315198,0.01731819847054326,0.009829660374600608,"(0.04209308897303786, 0.0052414553486245935, 0.022226000936998797, 0.010129616062111614, 0.014217273149005462, 0.01577408956352065, 0.013500446239984937, 0.016433442203256234, 0.015252312135811987, 0.014829059562161077, 0.00901467941691438, 0.0243788757978575, 0.01869602653592736, 0.012044726714216332, 0.031661852724093616, 0.006916820599710594, 0.008026375430384026, 0.027456041127988124, 0.03155838942027343, 0.0069133974689865535)",0.005414232087431845
0.012966274206708556,0.012990536922231958,0.00779777056138133,"(0.011466574008672889, 0.010728282792875556, 0.013896395643035948, 0.009040774233425591, 0.006037101227662447, 0.02072829751911707, 0.012162259707643203, 0.010167839049810765, 0.014910706996679868, 0.008466255812875864, 0.034004394851330826, 0.003603643729543137, 0.010755808265998725, 0.011682736532997782, 0.02121511687104089, 0.005753692372844673, 0.011127677486072894, 0.011042602692046192, 0.004223166057106308, 0.028797412593858464)",-0.0031114938984692997
0.0009637235541663141,0.0009348084203060213,0.0005189612165658307,"(0.0006267858224805067, 0.001085930434555977, 0.0025330065767064976, 0.0002694195850738021, 0.0005898071741873576, 0.0011568207388356392, 0.0008162721329018606, 0.0008331560335321163, 0.001133145921894839, 0.0006026389880014216, 0.0010792178416768692, 0.000630745028136035, 0.0006233422569748805, 0.0010946688424460793, 0.0019184817842187445, 0.00035435587269645996, 0.001004334358509851, 0.0006779075011887714, 0.0007145829596193878, 0.0009515485524833251)",0.0557173309628714
0.0006679119935442255,0.0005937864853309621,8.059151787400903e-05,"(0.0005257287781443795, 0.0006589789338964395, 0.000646792768556674, 0.0005358208087715297, 0.0005262836843689453, 0.0006584811090701435, 0.0006852206391162719, 0.0005055982598324138, 0.0005965546687102576, 0.0005809917825668239, 0.0004516463488248608, 0.0007670433088116714, 0.0006152637300695955, 0.0005632766261487169, 0.0007068481329733824, 0.0004900572944206324, 0.0006133636988772959, 0.0005648270973490113, 0.0006502696077971048, 0.0005326824283130908)",0.9197681116906857
0.0026603813945361974,0.003093324000721447,0.000587575486159419,"(0.0028530561710531114, 0.003238911097741787, 0.0032199903194869758, 0.0028721096705633642, 0.0023781373304009703, 0.003888232244673946, 0.00255900797288681, 0.0036118652663385043, 0.0038355713734277053, 0.0024115935881720047, 0.0023531482621142064, 0.003926391369861712, 0.0036173839200469254, 0.0025566101990455443, 0.002775238560865245, 0.003328757031569932, 0.0036522082101049886, 0.0025300792585951633, 0.00238445043628514, 0.0038737377311949053)",-0.7368289120009084
0.0014030150910066112,0.0015053299524950784,0.00033848327917055635,"(0.002395198353974517, 0.0009026218062099237, 0.0013399449481826618, 0.0016144077654781312, 0.0015975401917124115, 0.0013539482500457241, 0.0011880710270994513, 0.0018199619826987613, 0.001860307654737521, 0.001162982463737424, 0.0015757239122638489, 0.0013719000680578164, 0.0015011028023067176, 0.0014410915627070613, 0.0011350050207080597, 0.0019043892052050325, 0.0015198514853449762, 0.0014224389205778332, 0.0017981903543900415, 0.0012019212744636537)",-0.30227449266973205
0.00213869268086532,0.002015418019524999,0.0004724273649549457,"(0.002131830107688337, 0.0018071309205518749, 0.0021202506799670525, 0.0018188175967363185, 0.0023106558245967524, 0.0016686595391628548, 0.0027461415509028057, 0.001403093805182815, 0.0016612648407386057, 0.0023218682035571017, 0.0023933158762524127, 0.0016094470131042475, 0.0014308907543945332, 0.002695073395909935, 0.002747118767606681, 0.0014018457959526943, 0.0018798871682499554, 0.0020492521124038034, 0.0026692902518846433, 0.0014425261856565558)",0.26093886697710134
0.0018847492035796143,0.0021830829695242203,0.000352906423077677,"(0.001994132550906643, 0.002332840563515425, 0.002159782457383449, 0.002156601274591762, 0.002110082026347416, 0.002206982672420074, 0.0032773201918079443, 0.0014195627079790505, 0.001813099727274638, 0.002569710978451181, 0.0019421051376473496, 0.0023949891642158407, 0.0022068248223927715, 0.0021106121194264835, 0.0019275107787738413, 0.002412296295412346, 0.002206892835099281, 0.002107909066062893, 0.002151439985466608, 0.0021609640353093935)",-0.8453622445940598
0.007088140460414447,0.00704350801594878,0.0015846806596392037,"(0.007350834838713792, 0.006425463968470076, 0.007274175443529749, 0.00651928948005509, 0.006530409537544789, 0.007257458506600017, 0.004679777586518779, 0.010095006142761855, 0.007396748187069899, 0.006417268191099881, 0.007861871995491895, 0.006005105365478447, 0.008370692370592877, 0.0056651206448163904, 0.009936172973201384, 0.004746101603615216, 0.005785090545227489, 0.008164271343115322, 0.005044840293807355, 0.009344461301265287)",0.028164945532829635
0.01196950883249967,0.013646512250231134,0.0033315361862376633,"(0.009995313304710577, 0.017570237569553917, 0.01616494534802174, 0.010948824688081038, 0.015960121156648768, 0.011076560273896648, 0.020434646627593592, 0.008597703212264511, 0.011397257906706409, 0.015557068344373877, 0.012281150114293654, 0.014287588022936242, 0.012763865539777203, 0.013865434678037141, 0.011292005402291722, 0.01550527455489911, 0.019954611843024203, 0.008800441016557619, 0.013781914749503596, 0.012695280651451112)",-0.503372415601861
0.007268033305352757,0.005980314720497953,0.0011911137010576192,"(0.005760323891063809, 0.005972321138151971, 0.006953377606532607, 0.004964912317417746, 0.0042547913552109995, 0.008109801591463147, 0.007192819066899565, 0.004783391105117157, 0.005221469486861348, 0.006617133761618775, 0.0062262612344260735, 0.005523401021300501, 0.006823576829646713, 0.005059180769733163, 0.004195913519810514, 0.008187702307998345, 0.006708281202729399, 0.005128339052133855, 0.007055181466469221, 0.004868115685374183)",1.0811046701178961
0.0016615630663059482,0.0020027177064864065,0.0004181944404094739,"(0.0018972497783837975, 0.002027262156844612, 0.002197166067829371, 0.0017525674690162076, 0.0023845044138193134, 0.0016146074614069702, 0.0018369380667153502, 0.002093893362309322, 0.0015144928589295014, 0.0025432451440958823, 0.001656462710489546, 0.0023216731658769903, 0.0018973143152671043, 0.002029519866660127, 0.002456926865535534, 0.00156474178753823, 0.001412063521203997, 0.0027238273863897646, 0.0014169462190189656, 0.002712951512397543)",-0.8157799511787334
0.002871143962184999,0.0035650248688912783,0.0009997081592222085,"(0.003106217596901164, 0.0037980099104355106, 0.0037409149121159606, 0.0031599492344305557, 0.003755873167960968, 0.0031468250266972154, 0.004444516729958691, 0.0026529184000987313, 0.002839310238932851, 0.004165386973058872, 0.005701279677517508, 0.002069347023209146, 0.002160202550840937, 0.005471733213106501, 0.00293335026981772, 0.004018207545199994, 0.0046250103260037055, 0.0025512932066108405, 0.002911961769921629, 0.004048189605007061)",-0.6940834685655979
0.0001246966613206682,0.00010000081876488958,2.03320039707973e-05,"(0.00012110915233544894, 7.937099680885212e-05, 8.993679959704321e-05, 0.00010688670349069401, 0.00012591414281621968, 7.634593268092762e-05, 0.00013599132533986442, 7.068301081482942e-05, 7.522089883266668e-05, 0.0001277991970408406, 0.00012441362428318507, 7.72634288002847e-05, 8.891129951537886e-05, 0.00010811908563955076, 8.802669156440284e-05, 0.00010919760051419861, 8.322098923119944e-05, 0.00011550755691287002, 9.695165081615325e-05, 9.914628826318085e-05)",1.2146290444979775
0.015006505137854407,0.014176148063830107,0.003886659540084306,"(0.01175960588102986, 0.01595710442294538, 0.008711368920563437, 0.02088250434978694, 0.016975407340204637, 0.012532129305493935, 0.010480870454657445, 0.01613384710411547, 0.016261480056231774, 0.01373298820507686, 0.013205410873711068, 0.014792459629867149, 0.018028919274274656, 0.011362258319296385, 0.00661127577967167, 0.020700936352007527, 0.009862880820489693, 0.01835724749169696, 0.01581543033406844, 0.01135883636141285)",0.21364286361091658
0.03996244067687079,0.02168172280395266,0.00813005943174797,"(0.023652881812234607, 0.01760810086547852, 0.014678955557933616, 0.028480648829011617, 0.035986920119993826, 0.011530679077514436, 0.016336386562391256, 0.0250776238514584, 0.024805245272208464, 0.016722617138485503, 0.01860470652394928, 0.021535619310814845, 0.019249874287057465, 0.021018983732627148, 0.03847745486995205, 0.011108454239159451, 0.011092243365375933, 0.03525840761318646, 0.016138418904528676, 0.026270234145691608)",2.248534346690226
0.018497668141574785,0.017607129029737552,0.011634396092053632,"(0.006465048636720442, 0.03268353833729124, 0.015536489918357398, 0.013681937069911176, 0.027837351076347012, 0.007530047481294211, 0.012563024859987742, 0.016275346607828544, 0.03070392136402795, 0.0068241702669870246, 0.016247391761283102, 0.01206622058306924, 0.006585677767553824, 0.03031908700390468, 0.021771818111098237, 0.010197973005831593, 0.003756053337951566, 0.04988719077701922, 0.020592034693945632, 0.010618257934341227)",0.07654364737035875
0.011867499556216191,0.013493714842084876,0.00535140036996596,"(0.005911266923278818, 0.027232923419157798, 0.010501272466790865, 0.015402925831737718, 0.017977875356079337, 0.008876775685383795, 0.013912001092893702, 0.011190123349253915, 0.016321307102566678, 0.009775748983943197, 0.022126820636342415, 0.006753385044785538, 0.017690054272926838, 0.008597698576233784, 0.0185568070162624, 0.00910694664888439, 0.01330440139211297, 0.010753125087777562, 0.0119537384427026, 0.013929099512583167)",-0.30388593142752074
0.0009869363122210167,0.0009668631537771707,0.000526035286725753,"(0.001923545137179199, 0.0003762699647052274, 0.0007726732941872686, 0.000933614862961533, 0.0010035955240252517, 0.0007170267271227544, 0.0011947573938267894, 0.0005976225849672915, 0.0004167539450173954, 0.0017283122506356356, 0.00048795870066475205, 0.0014507260560861477, 0.0023145396163124637, 0.00030673020324031896, 0.0009348125484961103, 0.0007839549950302786, 0.0009255925929023258, 0.0007590393705775454, 0.0008667933017790225, 0.0008429440058261024)",0.03815933826186671
0.0005275827571463294,0.0005994356467932858,0.00010656934764162493,"(0.0005962035504267932, 0.0005853018364315162, 0.0006350018411806278, 0.0005494860419445486, 0.0004976466298827534, 0.0007009798643693635, 0.0005540290795892572, 0.0006292692410695655, 0.00047548125686266854, 0.000733684227502753, 0.0008198743980533925, 0.00042488931793841655, 0.0007903020501385245, 0.000440924256538666, 0.0005738199534107449, 0.0006087606844477104, 0.0006176497994103732, 0.000563567748217141, 0.0006727331996879836, 0.0005191079587629182)",-0.6742359903392268
0.0025903184224482525,0.0031140235779825954,0.000611292800956846,"(0.002662278246459629, 0.003514493030665657, 0.0027802550104990623, 0.003366004899961054, 0.0036272985289176286, 0.0025788027934270583, 0.0028756434593359506, 0.0032502234775547865, 0.0032762196438070176, 0.0028551096278373175, 0.004063424437002321, 0.0022969956041057403, 0.002837978960127104, 0.003290808449731699, 0.0022344467694881565, 0.004194191127175618, 0.004271525223925966, 0.002181873818982558, 0.00298758320281552, 0.0031353152478320666)",-0.8567173614912467
0.0013260515199101763,0.0014903981737873044,0.00019911490040636914,"(0.0013298291843661953, 0.0016433047711694078, 0.0014413085612010657, 0.001516349165387372, 0.0015889012166580496, 0.0013750293051737424, 0.0018068433687690156, 0.0012083948975778783, 0.001454303933320858, 0.001502288819034774, 0.0017154590796478522, 0.0012714434972774349, 0.0014174646655725636, 0.0015394242887640987, 0.0012712487239498, 0.0017211689029014818, 0.0014776545021564283, 0.0014744446576339827, 0.0011482041387882952, 0.0019048977963957887)",-0.8253860135113782
0.0021897180786612206,0.0020281403371936167,0.000453409237425898,"(0.0022967887868051724, 0.0017086926712704606, 0.002285839917794544, 0.0017169283250936574, 0.0023225405127732246, 0.0016887514142210592, 0.0015060993849309913, 0.002600834515248157, 0.0015673678022941756, 0.002502483174985559, 0.0014379068271828136, 0.002718857150288439, 0.0014461856379608356, 0.002705479075590276, 0.0022276452774473154, 0.0017659590659047646, 0.0025378539191849834, 0.0015373888759022255, 0.0022119771449381864, 0.0017772272640554931)",0.356361820912418
0.0019790438849742746,0.0022168030082351,0.00040362218363533883,"(0.0020667238407974377, 0.0023104900927270007, 0.002216583556006822, 0.002153814884488763, 0.0021537123506431095, 0.002214840125608395, 0.0020263677291763355, 0.0023494437982835826, 0.0025261943120738943, 0.0018884520993079927, 0.0033490406059002754, 0.0014176987703845285, 0.002855649642973158, 0.0016644315561287642, 0.002410902075488944, 0.001987495943359196, 0.0023324142841903146, 0.0020302001825129663, 0.0020787899085840645, 0.002302814406066458)",-0.5890635671195762
0.006177521472504463,0.007258143460128506,0.0013061726710905516,"(0.008041213525721716, 0.00639247323070923, 0.0060005625666680745, 0.008559115660356905, 0.0063498962545728435, 0.008065842348263658, 0.009260328293933355, 0.005494535811057272, 0.006505791499034864, 0.007875372897487947, 0.006233577993976347, 0.008088828967197762, 0.007905762976391808, 0.006400669170993229, 0.009826617565346198, 0.005291979752440947, 0.006524698236685324, 0.007659719717051503, 0.005899891133879087, 0.008785991600802038)",-0.8273193977652351
0.014064807602732298,0.014579572669205346,0.0028477725997893433,"(0.012777677709564431, 0.016234384951062025, 0.011774753469650684, 0.017586342160144187, 0.010474113467491147, 0.01966105031197829, 0.019062317290897496, 0.010661686707724783, 0.01243349561203515, 0.016574679544852422, 0.012668569000106244, 0.015754969349009943, 0.011407354675391026, 0.0176215197293104, 0.01580262035028544, 0.013434390831799974, 0.011378453414402677, 0.017233861688424116, 0.014648462038884223, 0.01440075108109231)",-0.18076059391509222
0.006138731815972187,0.006275927424547612,0.0017158853227624467,"(0.0061745095599259735, 0.0059723599359216995, 0.007097039443329919, 0.0051906942140607214, 0.00590328783559724, 0.006224863072539241, 0.008500369531674165, 0.004296707243847941, 0.005698318812483702, 0.006451230489942403, 0.0038794699348273683, 0.009337839417868107, 0.004908986460555424, 0.007402908900527768, 0.004971027477211557, 0.007497338057744068, 0.00392358821267634, 0.009160055954561198, 0.008613552155259517, 0.004314401780397906)",-0.0799561641768404
0.0019518975417123464,0.0019942652374046843,0.00023650925904762486,"(0.002279092215237955, 0.0017249638583379104, 0.002147216626228009, 0.0018303324866203717, 0.002065369899749286, 0.0019013323269535401, 0.0016481389400895795, 0.0023779845837811286, 0.002342902756110961, 0.0016763060112561846, 0.0017336451611116108, 0.002254715690269764, 0.0018934272945836151, 0.0020665706805535777, 0.0018246644631311742, 0.0021619482904295783, 0.001777998319091937, 0.00219282932508912, 0.0018179223045318878, 0.0021679435149364957)",-0.17913757737411248
0.0032759790714148905,0.003624761874004197,0.000840809515299604,"(0.0036666439183979647, 0.0034211699652768562, 0.002772430958723878, 0.0045143770541906545, 0.0035810416901634378, 0.003488706089931636, 0.0026397341663787458, 0.0047063182173676535, 0.0028752588219164545, 0.0043478882828487135, 0.002524753756486502, 0.004889815841026499, 0.0048999879538101825, 0.0025249031484355223, 0.0040002704540796005, 0.003164216370964832, 0.004114424592185916, 0.00298388975788868, 0.004681603380316579, 0.002697803059693623)",-0.414817858555068
8.23265625611647e-05,0.00010106898681668824,2.5191035262178306e-05,"(8.322719526366619e-05, 0.00011578254560564088, 6.127156324740621e-05, 0.0001572549017163912, 0.00011558343808228222, 8.335723228123358e-05, 0.00014334332601290126, 6.720091083033496e-05, 9.031389487292889e-05, 0.00010668338113379123, 0.00011128971238974843, 8.653876782895353e-05, 0.00011178564703112532, 8.616013544576296e-05, 7.57597199069128e-05, 0.0001272341006358321, 0.00010981201064697645, 8.768862044009603e-05, 7.884347170950237e-05, 0.000122249161252278)",-0.7440116716307933
0.028136494796057704,0.026791032431367864,0.0028884222408383856,"(0.02986882121268727, 0.022357059375586616, 0.02951025616584749, 0.025543584968080357, 0.029750361390625493, 0.023046914384588127, 0.025482112369446613, 0.02914970997499535, 0.029639784217847367, 0.024467968018921395, 0.026464406882713176, 0.028247728630205984, 0.028340277542223416, 0.026631801968615334, 0.02243973634526758, 0.02994442888280859, 0.0286126158914423, 0.02462367436183657, 0.029945378831784733, 0.02175402721183364)",0.46581221597965167
0.036907328913573526,0.019657523172248444,0.00761426556437888,"(0.016929719630112094, 0.019966204446222026, 0.021720501369033685, 0.015262500485859153, 0.013366259182295802, 0.025386855414834656, 0.010764732042994158, 0.03108553998334712, 0.028856723185726765, 0.011690364700503079, 0.034081268539810555, 0.009721501990337472, 0.014157640816438683, 0.023462202522608867, 0.01058419540460502, 0.03177233231082384, 0.016519259840212585, 0.02014501571469416, 0.023750747842665544, 0.013926898021843524)",2.265458906768798
0.014242580585162428,0.013871831773742788,0.006217690646098597,"(0.01118110653627618, 0.014533525409639281, 0.02410030336457853, 0.0065326248857133715, 0.01397904491939067, 0.011690208231332173, 0.009151693709130472, 0.01746218964321594, 0.011169498958076401, 0.014488958450592624, 0.015063467537253152, 0.010433165974820899, 0.020925937429203973, 0.007550228237434213, 0.0091324037822109, 0.01764319310689422, 0.019350657769737274, 0.00819210791658588, 0.005313683749433127, 0.02954263586333652)",0.05962805686581939
0.007982308394244977,0.010908375922788175,0.004840646019529486,"(0.0074111345906077136, 0.013462807575141558, 0.006810597962796733, 0.014121650352410942, 0.006877524144739841, 0.014593033566921158, 0.005418050946436826, 0.018056174148551356, 0.00971045328989416, 0.010217018005386777, 0.01726651048390285, 0.005553965781308684, 0.013020285690705137, 0.0074192311154036026, 0.006949462477125404, 0.014214119544454075, 0.0048703698199142114, 0.01991785394014047, 0.005833202927661618, 0.016444072092260377)",-0.6044787238600052
0.0010600182878745198,0.0008751271799066856,0.0004241287632856848,"(0.0007220057827797984, 0.0008696495975299719, 0.0005892954675435093, 0.001057345819077942, 0.00030462703501926946, 0.0020601070765531924, 0.000547709113767451, 0.0011409517048317683, 0.0003748657889055486, 0.001669594399276796, 0.0008892782884121248, 0.0006986436682084048, 0.0013069614040626338, 0.00047758156465178424, 0.0008953846285369473, 0.0006996960995916955, 0.0006362263420410879, 0.0009828539705032991, 0.0008003341971808941, 0.0007794316496595944)",0.4359315471450239
0.0004985960639425223,0.0005965116917568847,0.00010608674579921778,"(0.0006990718109333827, 0.0004943387035916165, 0.0006133458378845431, 0.0005629945594326007, 0.0006387398803001034, 0.0005410476932667667, 0.0006877659043118677, 0.0005022370462094361, 0.0005301371228722072, 0.0006517120450216325, 0.0005030146177557414, 0.0006863548413106976, 0.0004781302436973984, 0.0007223090760922726, 0.0006443703754202689, 0.0005361840523980913, 0.0008599030463400136, 0.00040167993804777254, 0.0005576692678686196, 0.0006192277723826608)",-0.9229770135439896
0.0028866366662392492,0.003125626707741529,0.0007709289363820683,"(0.002301239553231187, 0.004013352476783808, 0.002790969260279041, 0.003304733075548633, 0.0021822221272655463, 0.004233226527988306, 0.0034220267481718716, 0.0026969950031892915, 0.003501524140293692, 0.0026371515193594182, 0.0022198345206931053, 0.004154671333912599, 0.0029719915892080675, 0.0031039091484383226, 0.0029377904988269507, 0.0031426265256422107, 0.0033442425905790465, 0.0027588006629875967, 0.004921248817503419, 0.0018739780349284678)",-0.3100026866598732
0.0011169428082809776,0.001478091300371299,0.00017606714055120955,"(0.0014589911460214005, 0.0014783738619566873, 0.0012493221795684376, 0.0017246800392900058, 0.0016873287955958198, 0.0012785089410819787, 0.001657979954563428, 0.0013002036645800286, 0.001388943396178902, 0.0015526514847347696, 0.0014424018886830864, 0.0014936625168715276, 0.0014277620648372657, 0.0015093305743215637, 0.0013475671632224432, 0.0016001526703930502, 0.0018821600398566552, 0.0011450880855550629, 0.0015074111175010546, 0.001429306422612811)",-2.0511975770134145
0.0017509986501650727,0.0019800506826436522,0.0003255565335278477,"(0.001649118676556495, 0.0023201284526349363, 0.0021818201421479775, 0.001750269735962939, 0.0017942221896334498, 0.002132929288557385, 0.002322595884990493, 0.001645583209470181, 0.0013967349629368242, 0.0027381699986778474, 0.0020103485351909344, 0.0018990013251904377, 0.0023999725196027326, 0.0015916216071780666, 0.0019708550689259926, 0.0019403150208665517, 0.0018541037809769996, 0.002060784521384898, 0.0022301253032932507, 0.0017123134286946523)",-0.7035706824756034
0.0020093014012023164,0.0021901593607073404,0.0004425899369402163,"(0.0017972434317089943, 0.00257125722123825, 0.0019200262454870504, 0.002400462086502065, 0.002160233798405621, 0.002139537986361338, 0.0027589706379158793, 0.0016724020932081007, 0.001575587740378445, 0.002930802581167849, 0.0021109737684968707, 0.0021821026914309242, 0.0024193188949063146, 0.0019059065097796716, 0.0016791021775376105, 0.0027500815304778523, 0.0015512849463101628, 0.0029736969890569735, 0.0023010200260249933, 0.0020031758577518386)",-0.40863549848277225
0.007298497102031673,0.00699268931135466,0.001773225695310918,"(0.009327559320079984, 0.004959495216525586, 0.005189884875332814, 0.008837701055891775, 0.007747763816853615, 0.005973517748338436, 0.007241511114693858, 0.0063566275251699935, 0.006121017760662208, 0.007539066522822315, 0.010391458800447204, 0.004405639088785341, 0.006166781766486883, 0.007448499542437645, 0.010595875921498212, 0.00435516278720187, 0.007252242315581238, 0.006342922826382868, 0.006195694088384149, 0.007405364133517189)",0.1724584701686228
0.011943196565096072,0.013184744429806243,0.002835724055807141,"(0.009995095317377758, 0.0167982637080426, 0.010911696018872204, 0.015137714075520944, 0.018330330647869725, 0.009167817836667744, 0.01049340869736059, 0.01584966682273782, 0.009699968359008842, 0.01722835819560827, 0.011339913412109062, 0.014514076401776904, 0.010606665861352251, 0.015616374845110729, 0.012903881795616346, 0.012950716312953395, 0.014865349334661758, 0.011173731408340033, 0.01078046871617404, 0.015331390828963834)",-0.43782393500794453
0.005294095535103699,0.005911660356632489,0.0011080981012200053,"(0.00545726342286467, 0.006219834185411025, 0.006885804451616826, 0.004892475180894348, 0.007433608131257743, 0.004567801997613754, 0.006498376926987649, 0.00520049367415406, 0.006187887262732146, 0.005473248945295301, 0.0072416591713859975, 0.004644063626538645, 0.005859318279303533, 0.005757097694938654, 0.0042609812327430415, 0.007948846003834453, 0.007021465416671399, 0.004810556318510571, 0.00469578411344017, 0.007176641096455804)",-0.5573196279723407
0.003036434239242347,0.0019717273896997806,0.00028118766434987163,"(0.001531459926716383, 0.002493643311622687, 0.0020434518852087222, 0.0018641093286564955, 0.002406588335398425, 0.0015870356158433252, 0.0017958475320721064, 0.002123373729480087, 0.002134597403027681, 0.001787697957623511, 0.0019814628976803222, 0.001921292273978001, 0.002284742544133218, 0.0016679830023923854, 0.0018024109835871698, 0.0021172326630388857, 0.0021973066539833917, 0.0017351347096093534, 0.0023098816256306204, 0.0016492954143128363)",3.7864635776404123
0.0027516532337267417,0.003513990064869089,0.0008410610422292313,"(0.004455026827913738, 0.0026318901791562987, 0.002447490483958069, 0.004763073105683366, 0.0030001905930905136, 0.003906813618532194, 0.002979633598999431, 0.003921086959965886, 0.004620602815324841, 0.0025315824735089557, 0.004821844916179734, 0.0024125714181908397, 0.0028530176889436524, 0.0040913302830558294, 0.004460207978630808, 0.0026244349981763586, 0.003888882770906465, 0.003005563646069548, 0.0037690889537581834, 0.0030954679873370526)",-0.9063989328548312
0.0001245970035302794,9.924293193070177e-05,1.603523081920717e-05,"(8.650473780784116e-05, 0.00011108110307858048, 8.65337678313611e-05, 0.00011102368050139354, 8.995391287963327e-05, 0.00010681956210108299, 0.000101374975091599, 9.477619371655707e-05, 9.390674716974932e-05, 0.00010231664564817756, 7.700238411371607e-05, 0.00012475627219374772, 0.00011494108873109442, 8.358834312003621e-05, 9.112508544420815e-05, 0.00010544339257885664, 7.368327431875545e-05, 0.00013039858649037308, 8.096530596046315e-05, 0.00011866357983680869)",1.581147903977051
0.006585799081645445,0.006609894774101907,0.002967093661776082,"(0.007619278989106197, 0.007021331616811353, 0.008351770896501886, 0.003211662401821933, 0.008856750346590392, 0.00547374155643475, 0.011385928992729088, 0.00259246406906958, 0.008620791139820339, 0.004483009265094412, 0.001021245366550784, 0.012549019731163713, 0.008687816746227843, 0.0036779140518551265, 0.00707875131593969, 0.006392230955153762, 0.006096037390194289, 0.006644065516203102, 0.009164976693798108, 0.0032691084409718)",-0.008120974665167282
0.05214089814933319,0.021452677744051355,0.010699222677943383,"(0.03707933508375642, 0.009932802974830351, 0.018001155826345382, 0.020515825727929503, 0.01844024133670151, 0.01990150526466351, 0.020962388042185705, 0.017378405643569496, 0.04304224738177787, 0.008499129290536896, 0.028257549993752313, 0.01288419555278551, 0.015749238500002566, 0.02351983795787696, 0.01065791251957544, 0.033764392009322984, 0.020783471428593103, 0.017640239783709585, 0.008109434237943455, 0.043934246325168534)",2.868266352521673
0.026545425601079028,0.016112981616233178,0.007456837383832479,"(0.023692584115809094, 0.009114527937193452, 0.010150276191861029, 0.021376945548178712, 0.011590840370688115, 0.018520278091723786, 0.02100635466696756, 0.010090029859588404, 0.014697205638347356, 0.014528056276948855, 0.015500393185246953, 0.013662575687693268, 0.020401625561875608, 0.010690686983285272, 0.006406643188409128, 0.03240801402200959, 0.012936714644340505, 0.01656364164454407, 0.0062478031459458966, 0.03267443556400688)",1.3990440514989537
0.013468467702518996,0.013307482327896853,0.006840835064119089,"(0.017013344254811522, 0.008014620607216732, 0.01161449323806188, 0.011799925213106436, 0.019982599668370394, 0.006782789773565594, 0.021719196108830243, 0.0061580568815368395, 0.021262837039719564, 0.006339766689075004, 0.00739429643913613, 0.01807493444888523, 0.017402091578954004, 0.007918304319769911, 0.025083560275269163, 0.005220765816775244, 0.007148815195091778, 0.01892207379033311, 0.02260369896023989, 0.0056934762591883655)",0.023533000447054843
0.0009036750952542979,0.0009466502591673252,0.0005811742763356275,"(0.0003708919758050417, 0.0017131152712921956, 0.0004750377103642035, 0.0013389663153921068, 0.0005718267267884974, 0.001110811138387044, 0.0025564866284402484, 0.0002479181315318105, 0.0008087354199803309, 0.0007851590242501722, 0.0004651275152248288, 0.001363527864847693, 0.0009645050023484335, 0.0006599726144527467, 0.0004829216887940954, 0.0013100975381917252, 0.0016885772660388406, 0.000375902809170107, 0.000612965740299745, 0.0010304588017466343)",-0.07394539927677261
0.00046605398205888096,0.0006033098643727295,0.0001390593850988438,"(0.0007818960297870317, 0.00044375246473270046, 0.0005777924048951234, 0.0006005687050071913, 0.0005631336202236398, 0.0006160932427266771, 0.0005985240867420552, 0.0005795261755864963, 0.0007908848295373114, 0.00043864544873747067, 0.0003464014839456778, 0.001001345097585367, 0.0005377654850877744, 0.0006453306935858701, 0.0005791987352019766, 0.0005986851348511788, 0.0005223226718513984, 0.0006641961478346618, 0.0005511935874541776, 0.0006289412420808119)",-0.9870307007059375
0.004404033306911418,0.0030805270187961305,0.0004356586006467131,"(0.003240065298707842, 0.0028751774918206524, 0.0031710627130855326, 0.0029382564327254373, 0.00299751914847185, 0.0031071505524896776, 0.0032864826624985233, 0.002832637746405723, 0.0036683233514094725, 0.0025384699944065925, 0.0025324679349333816, 0.003675913320261111, 0.003393247256164261, 0.0027463837246703027, 0.0024035688592784024, 0.0038702490338900094, 0.0036717599318343013, 0.002536420188966727, 0.0027738690229740484, 0.0033515157109287623)",3.0379436699989615
0.0016299927853423474,0.001492211805500149,0.00024472511945237854,"(0.0018211089366936294, 0.0011922827685571483, 0.0017091891463142095, 0.0012705269640631036, 0.0013308986534376326, 0.0016311864671521626, 0.0013525982627437126, 0.0016044566382817814, 0.00196874028004718, 0.0011025527638742032, 0.0013219791044349778, 0.0016415935534906468, 0.0018208885613355593, 0.0011927587312166926, 0.0016120376249101887, 0.0013455055187992886, 0.0012752224891165393, 0.001702312074632227, 0.0015465586657643984, 0.0014018389051376967)",0.5630030139550485
0.0031671389152027616,0.0019850804615946733,0.0002872973873703172,"(0.0022796938048044468, 0.0016960604069982748, 0.0021680103374998997, 0.001783881969112253, 0.002134836620541286, 0.0018106998490552664, 0.002222020116691932, 0.0017385690469651895, 0.0019111798586585029, 0.0020221332880535673, 0.001409351906605628, 0.002741066873821953, 0.002203133382759597, 0.0017558885776140238, 0.001868108790338862, 0.002066067330054023, 0.002221954340420678, 0.0017395159006961033, 0.0019061192389291156, 0.002023317592272856)",4.114407250367552
0.0023864841131414952,0.0022391953608535543,0.0006004178233788095,"(0.00269024001899904, 0.001739604477447468, 0.0015143925810693643, 0.003091401112356181, 0.0018435714829021141, 0.0025378203063579838, 0.003181832911732864, 0.0014692123951564994, 0.0018464295087215314, 0.0025332155438514844, 0.0026008208398393936, 0.0017975102460501711, 0.003022266681927068, 0.0015495458270613999, 0.0029548627356324425, 0.0015803505068481376, 0.0027528734829147454, 0.0016992650169377933, 0.001831739742205228, 0.0025469517990601757)",0.24531042642785603
0.006011571497204263,0.007045055444905169,0.0012822456627723255,"(0.0058923368464667385, 0.008181612183399219, 0.00907906830588537, 0.00531596320601146, 0.006611749741459524, 0.0072849480771247435, 0.006800887737816433, 0.007063384314516756, 0.00530318811515168, 0.00907477937016199, 0.005728181466330652, 0.008387543748771339, 0.007724624646106487, 0.006254746091855045, 0.008901716144402997, 0.0053776845267039216, 0.008269326398288791, 0.005821434606923892, 0.006638564822435177, 0.007189368548291124)",-0.8059952766511406
0.014023318333831195,0.01364124606404622,0.0016723947730758633,"(0.01535995495296402, 0.011999710760142465, 0.014126199096389666, 0.013076978513649019, 0.013454796778992233, 0.013675202248519397, 0.011743752835047177, 0.015585694343772537, 0.011973970143492042, 0.015340865401756129, 0.011992909671592385, 0.015266945110575237, 0.01217986786987648, 0.015198382930331369, 0.011797036217825671, 0.015410220499681783, 0.01217833004421703, 0.015092044362086445, 0.01625056404390557, 0.011121495456107728)",0.22845818220435382
0.008433603823666817,0.006038967983749121,0.0013658465431581049,"(0.006021803938653011, 0.005780063881157036, 0.006598337638998519, 0.005280410570719597, 0.007354598095770559, 0.0047290780917082454, 0.00551046302889171, 0.006296807270513662, 0.004287738501459202, 0.008105745122965559, 0.007575975979379143, 0.004580895520631495, 0.0048656148580561, 0.007167553127287947, 0.004393477112189899, 0.007874162092177492, 0.004078328942048624, 0.008523760361772662, 0.005685301196869111, 0.006069244343732852)",1.7532246590314808
0.0019309737559026652,0.002005058877439495,0.0004011297147691522,"(0.002473273803274666, 0.0015664211008552175, 0.0021599359367591737, 0.0017942652811706236, 0.0022451010407503022, 0.001725191626443664, 0.0018918109167790516, 0.0020457618304373856, 0.0013475087139289117, 0.002873673184727297, 0.0020648198170873234, 0.0018744642436779523, 0.0018596528732072388, 0.002084636782731252, 0.0025765418257208883, 0.0015006026130890175, 0.002590729813515338, 0.001494781145771029, 0.0019199557741817032, 0.00201204922468186)",-0.18469118294929907
0.003379145086886036,0.0035039802162656827,0.0006935430432135642,"(0.0022957096149857424, 0.0051622833315637705, 0.0031130000568116907, 0.00380995579800272, 0.0031870556231858413, 0.0037175816408957195, 0.0031900439763455943, 0.0037080595449610347, 0.0030666775047962845, 0.0038624787731181935, 0.0024393591953519437, 0.004851342929147151, 0.0036555133234281584, 0.003246394810073446, 0.003682458987796088, 0.0032077510792622834, 0.0031657437360950967, 0.0037407080594190397, 0.0028771852840455275, 0.004100301056028332)",-0.17999622460520565
6.0562632653447236e-05,9.995794581813553e-05,2.0178645682832368e-05,"(0.00011459285291107195, 8.393271324260481e-05, 0.00010270611568527194, 9.364902151121304e-05, 0.00010760662520454266, 8.938179045808429e-05, 9.233818022989113e-05, 0.00010415637789646297, 0.00011767816487586378, 8.173179971433853e-05, 7.420661236653883e-05, 0.00012960853522174973, 8.132053534288588e-05, 0.00011827853084978703, 9.854165919592051e-05, 9.759685937722955e-05, 6.433286952706143e-05, 0.0001495020083809638, 0.00011255102455747094, 8.544663981375771e-05)",-1.9523269194525341
0.014183905113004703,0.019909984528655788,0.002041032783773808,"(0.017852123723305635, 0.022498032867955698, 0.019683238853929582, 0.021586455757382425, 0.020575373428463457, 0.019985965713960937, 0.020207092424016526, 0.01890786244935632, 0.018107874118176173, 0.02223559052972351, 0.022112603155150273, 0.01748476232395564, 0.016772104239526825, 0.02427727718588289, 0.021283565731320505, 0.0169896429007931, 0.020868047438612463, 0.019089577426493184, 0.01806169392053044, 0.01962080638458009)",-2.805481352956878
0.013814987009002223,0.021031949683438227,0.0106630226311013,"(0.008936137428519297, 0.03868720685462826, 0.04744205875217263, 0.0073077527329950395, 0.027655095392193695, 0.012624717965280858, 0.01844706119352322, 0.01867207997058029, 0.023419864298447186, 0.014917186314996153, 0.0211700307111069, 0.01652380006048973, 0.0325144637278695, 0.010763096391478473, 0.03388989425479652, 0.010331798897520957, 0.02454747612700569, 0.014196281269563231, 0.01460729309839563, 0.02398569822720122)",-0.6768214721204826
0.009201119625109744,0.015353433979749854,0.006695730979827621,"(0.008798148841794758, 0.02199798367616412, 0.006939657771136017, 0.028022928343036692, 0.023511567080179187, 0.008368808155889553, 0.011364569034639312, 0.01692200517158562, 0.010809599040780105, 0.01821749646771678, 0.026929366956280665, 0.007327407773788116, 0.011528491207643585, 0.01713201805870606, 0.015322896893789517, 0.012896130823956001, 0.01123745998563796, 0.01744422969543796, 0.02408629078837599, 0.008211623828459092)",-0.9188413293746903
0.010575428800617242,0.011545668566845505,0.00478290900694749,"(0.010057777318402879, 0.0110752811022261, 0.013841921111491415, 0.00808535395756575, 0.007639696537909349, 0.014816634028158072, 0.007236520901711968, 0.01529498954108849, 0.006301312407193577, 0.017973603027164897, 0.010141065059360833, 0.011188939648561647, 0.006919485295374577, 0.01641637219784881, 0.020701460928194016, 0.005488067815625686, 0.007273355368274806, 0.015498192759572914, 0.018969623319096105, 0.005993719012088133)",-0.2028555769760465
0.0007250973475870627,0.0009387552301467453,0.0005448868252269539,"(0.0010509874595711838, 0.0006045969821516222, 0.0009120168032768149, 0.0006971537497267602, 0.0003252351100516963, 0.0019579256580656928, 0.0003887847166481624, 0.001632140818170763, 0.0005586359840447664, 0.0011393860145329688, 0.0009698787241186681, 0.0006560869881569468, 0.0019106958538292144, 0.0003333108891099034, 0.0003337761599372746, 0.0019056965249969473, 0.0005170126424522498, 0.0012289332758923023, 0.0010435596282354672, 0.0006092906199655002)",-0.39211423853144317
0.0005440802826102624,0.0006082545994723707,0.00016116188982461018,"(0.0007156066381750375, 0.0004841840488813355, 0.0006686650218503464, 0.0005182185106258888, 0.000621317045770564, 0.0005578191556798024, 0.0010187793409577556, 0.00034005055515949986, 0.00074589577738634, 0.00046464239285725663, 0.0007002238679082367, 0.0004949528048658711, 0.0004369351257553911, 0.0007932447879033281, 0.0007407187810488361, 0.0004678916391747354, 0.0006272041068142247, 0.0005524948076319996, 0.00045567051832473733, 0.0007605770626762262)",-0.3981978427527016
0.0036469474111606795,0.0030576336924955407,0.0003952823687577759,"(0.0026683832021060718, 0.0034466400691012425, 0.002688129321328352, 0.003421953987257642, 0.003333828936738986, 0.0027604335903887705, 0.003502307020475976, 0.002625322779128718, 0.003418317799507068, 0.0026922865534448562, 0.0024236469098147203, 0.0037975018142354247, 0.0034827244219871796, 0.0026427997260000547, 0.0027651339115449362, 0.00332870208776825, 0.0032458539706635287, 0.0028348352195990507, 0.0031724158188252494, 0.002901456709994747)",1.4908677068424039
0.002462525859027236,0.0015071700351142322,0.00034118169659019885,"(0.0014763740167734118, 0.001465071202282505, 0.0010508120323801354, 0.0020586870407998596, 0.0010586870495597948, 0.0020440515569964063, 0.0013830436444643532, 0.0015636355758075276, 0.0012754959021109874, 0.0016966206634954518, 0.0018457084361492154, 0.0011725275382717445, 0.002132374425023098, 0.0010149368347270524, 0.0015451424939981805, 0.0014006579009547407, 0.0013820633172546186, 0.0015655693505089135, 0.0018279810308493294, 0.0011839606898773113)",2.8001379718223975
0.0027306386737142216,0.001975245561686688,0.00024880099507335626,"(0.002033008771496694, 0.0018894335795208391, 0.0018254802968023034, 0.0021047399777462954, 0.0020804856327641705, 0.001847803470606215, 0.0023637816814938008, 0.0016244591542780272, 0.001965781855279216, 0.0019555972110589753, 0.0016170156210302757, 0.0023775550435611204, 0.002154316526352616, 0.0017847446435163806, 0.0021422359572510433, 0.0017947036518645477, 0.0024566513364934718, 0.0015643811800751845, 0.0019141025615625061, 0.0020086330809800717)",3.036133805673945
0.003056635123948558,0.0022160854005436495,0.0005479506243110511,"(0.0028281140586493537, 0.001640166399084899, 0.0019234058693232588, 0.0024123767148194505, 0.0027756906525394217, 0.0016728201517325699, 0.0012783040651472115, 0.0036269401878039355, 0.0023557548754765145, 0.00197089811373155, 0.0020844154697412035, 0.00222757232905527, 0.0024087238017249635, 0.0019279767380563377, 0.0020448443148033423, 0.002270688895368675, 0.003032297919521756, 0.0015304775769231374, 0.002192837433169557, 0.0021174024442005912)",1.533988075041885
0.006178156454000788,0.006976885557309795,0.0012696046499174874,"(0.00785777021694408, 0.00598996279247513, 0.006235771289300969, 0.007555323530754011, 0.007890802350870514, 0.005984051948972952, 0.0051944000455036304, 0.009047079802719956, 0.007966384520266103, 0.005926042095830318, 0.005922913615487499, 0.007971748181893367, 0.005088331125887409, 0.009284430791566772, 0.007979768429435248, 0.005916937693231075, 0.008216854346755653, 0.005736938607634751, 0.006432141325225394, 0.00734005843544105)",-0.6291163972665955
0.011261294707280938,0.013590853401321212,0.0020049814427608734,"(0.01167911649331016, 0.01543191278754679, 0.014149379917190709, 0.012761459699854559, 0.012227326124798824, 0.014831312737879227, 0.017517067351972, 0.01025795326990849, 0.016326751881424583, 0.01110292935610164, 0.013361009396794387, 0.013571248575589992, 0.011868199620953958, 0.015294621971008514, 0.013165996246902095, 0.013772178350784982, 0.014278685829797029, 0.012659541330671197, 0.016711880571011643, 0.010848496512923494)",-1.1618854141774277
0.008242202632686385,0.006018964857629065,0.0013719462310847466,"(0.004431425690053737, 0.007764081150259695, 0.004170298980940565, 0.008257192784181381, 0.005682472357423522, 0.006071722077394113, 0.005507231829788779, 0.006238658723919409, 0.005482819180326081, 0.0062914422401571905, 0.008022578320313827, 0.004300105915527544, 0.004777705419533853, 0.007224464121185644, 0.007252318540451324, 0.004756611669276911, 0.004658329364805415, 0.00739486986746978, 0.004605602844855899, 0.007489366074716638)",1.620499203747576
0.0016913035974230545,0.0020006122064219435,0.00040232219689634145,"(0.00170325221287705, 0.0022611137988647265, 0.0021485589275151823, 0.0017929850279424816, 0.001937632396506945, 0.001989467652058773, 0.002345396169556311, 0.0016412786280655541, 0.0029749361956371576, 0.001295685964529684, 0.0022808727043979117, 0.0016900143407391364, 0.002536057277948232, 0.0015202279556677922, 0.0015834092366985447, 0.0024344065040926345, 0.0019554671130352997, 0.0019702911335066843, 0.0017555151644470502, 0.002195675724351721)",-0.7688082123855138
0.0030148963747450965,0.003468261859533152,0.0005779753475298683,"(0.0038388510024674563, 0.0030509511717952, 0.0027560530346264966, 0.004251595285321366, 0.0033438857970960138, 0.00350820358724102, 0.0030089913393137194, 0.003888459596236477, 0.0032212839669538795, 0.0036405833184841438, 0.0032484546434415023, 0.00360948770507484, 0.0042820950855678355, 0.002739824033022584, 0.003447153156679829, 0.0034005379745644963, 0.002398970726039602, 0.00488228536490504, 0.0034804584173316866, 0.0033671119844998426)",-0.7844028066692356
8.483092847167797e-05,9.977503941542919e-05,1.9112969757854713e-05,"(8.962041367957965e-05, 0.00010731688100510798, 0.0001052283813641457, 9.140016427443719e-05, 0.00011609497207007977, 8.284750836261561e-05, 0.00011405127301484268, 8.432601420573753e-05, 0.00010900389330532625, 8.823595305871634e-05, 8.676441875710436e-05, 0.00011085143800090925, 6.72876253600593e-05, 0.0001429411981278511, 7.153298956941794e-05, 0.00013445317473472987, 9.11450556446434e-05, 0.00010552005265369649, 0.00010696317688670407, 8.99162042328792e-05)",-0.7818832516914199
0.010479989048024585,0.010076709771304801,0.0037910819117921504,"(0.015580655100059931, 0.004977886568747965, 0.010775226308390576, 0.008946862368401119, 0.010282684860547613, 0.010349636168572436, 0.01127641504749195, 0.007291812282950194, 0.004826208434747821, 0.01678187043244207, 0.006018122234306796, 0.014562051088236005, 0.011790263782736465, 0.00887867364422788, 0.0069965497389226205, 0.01275442796173241, 0.013994871279288532, 0.005564400791352822, 0.005481246796934963, 0.014404330536005878)",0.1063757750697458
0.0075742710178535065,0.0185647111325425,0.008334480992303885,"(0.012764137281382724, 0.023201790545453245, 0.014688568531438498, 0.02025150928878073, 0.023493950206513212, 0.012086077128300442, 0.011334221360471524, 0.02479249344906311, 0.024128248533964825, 0.01205371001870996, 0.021389961778114763, 0.013892244347061855, 0.016224874956843813, 0.018116809160717125, 0.023580866736431064, 0.012306290210290472, 0.00633455745022519, 0.04559698979359455, 0.01341628001372862, 0.02164064185976427)",-1.3186712075818083
0.016173101063796075,0.013998885049151803,0.005992932353216346,"(0.01812391335190714, 0.009301375353524502, 0.02041820883313669, 0.008322939975595267, 0.01740349993678034, 0.009017652876933081, 0.021329996212251092, 0.007223730621717371, 0.026958440167737987, 0.006077915910624107, 0.008337739888340422, 0.020376803380900685, 0.00911584161831966, 0.018265903217427198, 0.012012607454748693, 0.013561377524922641, 0.009571481606413879, 0.016907899743944847, 0.00852896592085434, 0.01912140738695611)",0.3627966889159681
0.00919809545385642,0.010521214490882282,0.005873336547820775,"(0.012509319499066732, 0.006935819764787159, 0.01784511703200368, 0.004908450515646375, 0.008470957205894858, 0.009453671701364227, 0.015200533139896742, 0.005158245393297469, 0.005107304108987063, 0.01649028810388021, 0.01340746769433608, 0.0065400387074643265, 0.00662397797116046, 0.012922945863591538, 0.01017704892520855, 0.008207263720326747, 0.027765282133341836, 0.002989881849991435, 0.006183899581606174, 0.01352677690579399)",-0.22527553567772116
0.0005205109764258926,0.0009109461643812295,0.0005541768922719187,"(0.0006614676959729079, 0.0009201046192765637, 0.0008250660978464745, 0.000740154776411895, 0.0011619182745069084, 0.0005126373582616796, 0.00053735601758196, 0.0011004245942463358, 0.0005347819773387474, 0.001134899417242468, 0.0009244914356261744, 0.0006630689076656266, 0.002590626501988338, 0.0002342516162619913, 0.00041007754917144677, 0.001470289029810659, 0.0012734083199744078, 0.00047386937782175714, 0.0003562635254249397, 0.0016937661951933129)",-0.704531699895855
0.0006605051373139079,0.0005957332664990425,0.00011030088937062947,"(0.000733527126196206, 0.00046859425028802877, 0.0005416900184750259, 0.0006347349941785358, 0.0005413148295172148, 0.0006336794095098181, 0.0006702668132145506, 0.000511443517645557, 0.0007522863424989177, 0.0004566998056421779, 0.000705321960576546, 0.0004875908291200959, 0.00043073913484798203, 0.0007977523131454228, 0.0006637121835649913, 0.0005174041385054949, 0.0005236479888760762, 0.0006557975907080541, 0.0004958405939789906, 0.0006926214894911616)",0.5872289079847852
0.0031692964344504845,0.003157335225618952,0.0009856848780609533,"(0.00212278414799798, 0.004299340258078999, 0.0028902151265666766, 0.003158888363243464, 0.0027355649105422503, 0.003325670960442336, 0.0029112233741287507, 0.0031224432968720295, 0.002487159061052677, 0.003664889669327282, 0.003751072880441847, 0.0024339284415951464, 0.0022681306864572957, 0.0040216308174338775, 0.002370767032934713, 0.0038437842834616156, 0.002159456501975349, 0.004218706039986667, 0.0057860135696329385, 0.001575035090207145)",0.012134921715612139
0.0013613173773865774,0.0014859824389356986,0.00025715805936550297,"(0.001863598546756057, 0.001152888927038357, 0.0015660785979833241, 0.001372343634418582, 0.0011910184523969858, 0.0017993422264717194, 0.0017622058995533125, 0.001215283885398761, 0.0016259020883092742, 0.0013202525589326372, 0.0013624808602006133, 0.0015775212659131625, 0.001578177276860428, 0.0013608224886086531, 0.001342027993871279, 0.001599027721048688, 0.0016284334581854192, 0.0013175765891429284, 0.001059902364173796, 0.0020247639434499863)",-0.48477991262149284
0.002224420529257087,0.0019821688686164703,0.00042542117491529383,"(0.002385487778585111, 0.00157956129374418, 0.0021221948390104037, 0.0017766941254524918, 0.0020886449912924008, 0.001795265116884652, 0.0021213862171449572, 0.0017651069784301453, 0.0015181905939112153, 0.0024783260905134343, 0.0026187876109583564, 0.001440219386349502, 0.001316172617313587, 0.0028606770851375054, 0.001792320467110545, 0.0020975653151991376, 0.0022463675287922777, 0.0016733044237714693, 0.0024012830762553217, 0.001565821836472712)",0.5694395928666496
0.002143284944614435,0.0021774319059059714,0.0004416069402749659,"(0.0016075800774579246, 0.0028430726656676593, 0.002027827831993349, 0.0022560831261181405, 0.0026285732979417983, 0.0017268546540254927, 0.0027510195006581147, 0.001646594996508999, 0.0020989837569363517, 0.0021738156972396622, 0.002027476090916153, 0.0022579790790003855, 0.0029748585741912353, 0.0015347902646460458, 0.00190418789157594, 0.002392725000212831, 0.001928062789161409, 0.002362931469591296, 0.001660067467624618, 0.002745153886652019)",-0.07732433115809939
0.006271029534272314,0.006938231815494238,0.0022148761032834666,"(0.007842029453532672, 0.005639142578236139, 0.010261482547761004, 0.004323186450918938, 0.007434569040689938, 0.00581845801427716, 0.0063368746881580715, 0.006781108485577264, 0.006276437886024387, 0.007008674977859457, 0.011993908275482124, 0.0037069241318226703, 0.007322234477213342, 0.006019709165176089, 0.006863075489421444, 0.006379293203036804, 0.003860071871549413, 0.011340181487383165, 0.005316135160463259, 0.008241138925301419)",-0.30123684129907885
0.01629578922216514,0.012649001358949084,0.0036627150897655548,"(0.014396094079277366, 0.010429050874270668, 0.00927398042928453, 0.01628388322664618, 0.019909678492927522, 0.007239522455408998, 0.01136743198012501, 0.012525032493395035, 0.01263154938592664, 0.011769706894311106, 0.008472654067788792, 0.01789626834327819, 0.014348409491810855, 0.01040042582297649, 0.01994176155327589, 0.007390525262679297, 0.012441492635992918, 0.011841682953659572, 0.013448213710584026, 0.010972663025362577)",0.9956515245769444
0.008094894735598478,0.005787933340232375,0.0012992815574048595,"(0.006419877300812916, 0.0050108633213685845, 0.004740740594293906, 0.006804553474850845, 0.004877129437202428, 0.006469964783086023, 0.005999157684377878, 0.005229217506525961, 0.004299079220977145, 0.007449137162648003, 0.003976843277327127, 0.008127899399411428, 0.006198356060960851, 0.00517518066972417, 0.004683860167033753, 0.0068083194455737395, 0.0059034151198778155, 0.0054012609238752035, 0.0083729347639998, 0.0038108764907199477)",1.7755669525348678
0.0018778228715256562,0.0019701787809927817,0.0003513165249811631,"(0.0021315093473856174, 0.001772254554095824, 0.0016164391768163462, 0.0023392208053082245, 0.0012968442650940616, 0.0028936228778270127, 0.001821918017836341, 0.0020555241344702773, 0.0019073281527337575, 0.0019775426181970787, 0.0019431904657353388, 0.001947257925731891, 0.0022800129127697336, 0.0016552042029944257, 0.0015174186862200337, 0.0024820059546329493, 0.001883534414836773, 0.0019995145566169335, 0.001995008329494025, 0.00188822422105899)",-0.26288518444180037
0.00328285519171144,0.0033885539012642393,0.0006592316486924022,"(0.0035724218514486612, 0.003116305946607285, 0.0037399783933465174, 0.002984142792308389, 0.0025327197473205775, 0.004325593943511933, 0.004511078285078498, 0.0024155462678902887, 0.003072212174176729, 0.0036157288384892046, 0.00344673279657701, 0.0032469262408796303, 0.002542360744251794, 0.004369402242961605, 0.003926502330586756, 0.0028154746875776876, 0.003962958350253345, 0.0027911518695651434, 0.004057868990846585, 0.0027259715316071353)",-0.160336218326979
0.0001019159767757502,9.964559278926926e-05,1.9169628491532518e-05,"(0.00011791468323591184, 8.137295891333233e-05, 0.00011455691872337662, 8.376523375515965e-05, 0.00015003119904564866, 6.391961445842148e-05, 8.049553417674287e-05, 0.00011911393076753188, 0.00010769390588486942, 8.909124227416167e-05, 9.671609319105799e-05, 9.922774691290448e-05, 0.00010300242973213585, 9.314730273088617e-05, 7.86594785979751e-05, 0.00012195432312788716, 9.238678666140395e-05, 0.00010383658232753472, 0.00010168281756817857, 9.434307370026544e-05)",0.11843651469217538
0.0017165597624877263,0.002878551975116876,0.002495995746704043,"(0.0005449014652006468, 0.005980726213824081, 0.0017469613952771149, 0.0032271810654097596, 6.938234036547427e-05, 0.0055087940547548266, 9.838803076524917e-06, 0.00815326938794768, 0.003652702840375565, 0.000986599961256995, 0.0022546035135394683, 0.0034149256692223738, 0.0005436846629687508, 0.005162050192329187, 0.00029364808705378706, 0.005179398710172581, 0.0004515836079898136, 0.00429526675339037, 0.005839244942681514, 0.0002562758355009954)",-0.465542545160006
0.034285656714069704,0.01992407028837804,0.009114409768004057,"(0.022865372137164365, 0.014211748263028763, 0.009573869207868516, 0.03375825270352989, 0.01349116466037608, 0.023595974717201734, 0.010052804761355668, 0.032517482695430144, 0.012713163483310511, 0.02561129107788965, 0.027665727417198194, 0.011765627875438295, 0.008815702970890427, 0.03674167555039782, 0.0099229409531346, 0.03199997195783729, 0.01820558336427606, 0.01796061231540187, 0.013312911527862807, 0.023699528127968075)",1.5757012018603456
0.01580350460741721,0.016729166312173024,0.009016472903112796,"(0.017537574066001507, 0.012617179952862314, 0.008339741110626662, 0.02627953916985685, 0.04502152477707455, 0.0047389794290602924, 0.019575761812312364, 0.011425302207754794, 0.01666535015726234, 0.013323033133236455, 0.02213920816510477, 0.010024506330255931, 0.019967541641381707, 0.011016131934653754, 0.02681097427637238, 0.007920678198243792, 0.017296208429083925, 0.012935841011737038, 0.020904712307358835, 0.01004353813322021)",-0.10266339340256253
0.00938479630737417,0.01176556680923139,0.0074359388975513965,"(0.006979104448936708, 0.014414362867992064, 0.014118239826612509, 0.007058164989115317, 0.0073111560652384415, 0.013269910512391193, 0.006558338472177546, 0.015506864005146895, 0.00697838286841012, 0.014463865579923438, 0.009430007497350746, 0.010699603508271456, 0.016256477296849824, 0.006150813958733281, 0.004518876344417309, 0.02136567632729158, 0.006824003080903749, 0.014906728738137412, 0.002663608975185929, 0.03583715082154229)",-0.320170799499333
0.0018168724277249347,0.0009630114028946869,0.0006159597683723772,"(0.0010393954503169673, 0.0006066830530009753, 0.0022694678377491793, 0.0002776149851350303, 0.00040269119493202457, 0.0015605127264613483, 0.001168521858251519, 0.0005404326768525223, 0.001315231794083609, 0.00047948380929302875, 0.0006272410143695768, 0.0010056009671705211, 0.002247460380056844, 0.0002802336523566968, 0.0018784113746666158, 0.00033422543653308475, 0.001022693302291427, 0.0006172966832212849, 0.0007421762767248132, 0.0008448535844266656)",1.3862285634117062
0.00045587998979088463,0.0006012975589508658,0.000131959544089902,"(0.0005170807373748499, 0.0006693709481609926, 0.0009839596098797226, 0.0003517124252538807, 0.0004604849137411416, 0.0007512309298523507, 0.0004950762994639605, 0.0006992554479056509, 0.0005130927206898282, 0.0006745986528838381, 0.0006052529527815447, 0.0005718831370202319, 0.0004859281682826648, 0.0007121965499574859, 0.0005456067585256776, 0.0006339649952892378, 0.000565742669497522, 0.0006119026033370811, 0.0006181029819878997, 0.000559507677131754)",-1.1019859924713777
0.003113927210120723,0.0031331176346381254,0.000777555716795742,"(0.00204018320328829, 0.004539948598063227, 0.004273056108061974, 0.0021668230202336095, 0.0029247532456156415, 0.003162491872311856, 0.0033143491735961, 0.0027957555094543472, 0.004164628479413284, 0.0022243346732516377, 0.003501476845488266, 0.0026455622398720326, 0.0028062923279232894, 0.0032998094264294667, 0.002426027585319803, 0.0038119336277182255, 0.00435780063408965, 0.0021263554764550923, 0.0030309264175346303, 0.00304984422864207)",-0.024680449391440082
0.0011813869115059397,0.00149386422779151,0.000267115582309321,"(0.0017930622318434652, 0.0012078251785194863, 0.00152921686746515, 0.0014158513036355588, 0.0015185034098704334, 0.001424793185967955, 0.0012710660866437071, 0.001704367032264923, 0.001590510590614094, 0.001361763370118369, 0.0012624157076771042, 0.0017156640407847894, 0.0019134981172487485, 0.0011316112224375465, 0.0010618889309907125, 0.002037176076266503, 0.0012211401538672617, 0.0017740556611226732, 0.0014209131920418934, 0.0015219621964498256)",-1.1698206206619581
0.0017330283815958347,0.0019840845602414384,0.0003230188620090086,"(0.0019894141469797085, 0.0019312224241854344, 0.0016299594857222945, 0.002356108921918418, 0.0017223908678485526, 0.0022269413002428936, 0.0013755438590904781, 0.00279455977453968, 0.0018804590918350748, 0.002043398800911752, 0.0017164067940244995, 0.002238697674068524, 0.002280264398415804, 0.00168437157293899, 0.001703484097482447, 0.002251083304077386, 0.0020649663488155542, 0.0018615294095637894, 0.001791331462432864, 0.0021395574697346312)",-0.7772183242927839
0.002085501493810352,0.002177713707933782,0.00026090338921392156,"(0.002509278787686607, 0.0018655175940010637, 0.002404905010244911, 0.0019454944412742384, 0.0024594209802276477, 0.0018995656840760805, 0.0025941673605501033, 0.0018056921304230782, 0.001987062453755737, 0.0023561334152886423, 0.002053459392728826, 0.0022799827371399847, 0.0020908120189146295, 0.002237952584934776, 0.0020111789301183363, 0.0023221256003904726, 0.0019599637928285583, 0.002389876299356073, 0.002554996929033308, 0.001826688015702562)",-0.3534343283207511
0.005992233915082551,0.006981992256439324,0.0012311166825336043,"(0.00679438924568394, 0.006984394238996563, 0.006505446444588156, 0.007282824826871103, 0.00814224320417656, 0.005791459043147928, 0.008459340326478791, 0.005621930776256798, 0.007946132871736268, 0.005974769653209754, 0.004686529455491737, 0.010130924520283004, 0.007565845988805559, 0.0062636925814067105, 0.0063718141465995805, 0.007392318320668462, 0.008239169061132975, 0.005771321425931017, 0.007007636305289153, 0.006707662692032436)",-0.8039516931245523
0.011852509213048529,0.01358152108858406,0.0028274018413177054,"(0.015204923203410242, 0.011693046263116728, 0.020278748229534065, 0.008739791907736279, 0.010557458332999132, 0.016633880998663756, 0.01131796067183317, 0.015775542285679907, 0.011256343157417246, 0.01580883015232909, 0.014944345754475286, 0.01190876101394197, 0.010975801573963773, 0.016155498443154, 0.01146881659440614, 0.015278485605751728, 0.01316282427267935, 0.013560597329115133, 0.016004321774513892, 0.010904444206960313)",-0.6115196822287303
0.004915526490297488,0.0059309097042618605,0.0007203609508464,"(0.0067659463100734315, 0.005135965421008844, 0.005013578561417895, 0.006921396149115558, 0.0061624279074828725, 0.005608032051632299, 0.00647102501115155, 0.005380341549617552, 0.005473472750961806, 0.006351155308859385, 0.006978628826431005, 0.004981642278763668, 0.005649276865955055, 0.0061436372742841, 0.006105645694120145, 0.00565447517641072, 0.004913039047374138, 0.007085454843566774, 0.006607590796732392, 0.005215462260277987)",-1.4095478284481286
0.0019042123257880757,0.0019940375639044697,0.00043191977094575104,"(0.002490375097323174, 0.001528981516610113, 0.0012421920483825575, 0.0030639159992431964, 0.0021263857521931057, 0.001787456233285455, 0.0022016058799989155, 0.0017306218199444215, 0.001800153500469685, 0.0021154961597344923, 0.0023272392612010005, 0.0016363999158549307, 0.0015267780990567753, 0.0024929622911326714, 0.0021220603088709746, 0.0017905037676875036, 0.002076331792141027, 0.0018349482776662226, 0.0015742997971630011, 0.0024120437601301593)",-0.20796741468840055
0.003364322567399783,0.003504214866682253,0.0007921687025895784,"(0.002501328295539958, 0.0046790502714960614, 0.004137079603057766, 0.0028270623252937216, 0.0025745813188688396, 0.004533430816387494, 0.00381157153773526, 0.00307410520595258, 0.003245551153192506, 0.0036064003644798543, 0.0036726819348436805, 0.0031874162511392576, 0.004594232321182654, 0.0025451578150055714, 0.0038267665898748335, 0.003047823988003482, 0.004729407607170481, 0.0024769406693189535, 0.0027030204384219233, 0.004310688826680188)",-0.17659407500595026
0.00012439580872637023,0.00010167782459305287,2.816521256764618e-05,"(0.00010135220001543867, 9.487764786302703e-05, 0.0001379726753648419, 6.969433741278809e-05, 8.672470314118385e-05, 0.00011087355736322969, 0.00013878621262481002, 6.928889245110342e-05, 8.609884825645524e-05, 0.00011168610367218668, 0.000134679786470904, 7.139974660419231e-05, 0.0001169928834888415, 8.21911268265695e-05, 0.00016463581340651152, 5.840326734859963e-05, 7.742031033732752e-05, 0.00012420839788912337, 0.00010206355072201509, 9.420643060190831e-05)",0.8065972901413097
0.015498230016702716,0.013785187606425229,0.002630925690812515,"(0.01607039302591603, 0.012305208484221414, 0.011020155629538375, 0.016882497971314435, 0.00897984021322755, 0.017530935776831298, 0.012791220441150346, 0.01664415599962216, 0.017462819339577013, 0.01087787220817435, 0.013810712964596877, 0.014703728470488587, 0.016071947895474774, 0.011235227619368975, 0.01564813010112436, 0.009955731341964624, 0.01564953608683966, 0.013412732387958703, 0.012242154709448845, 0.012408751461666196)",0.6511177477416491
0.02748052591258608,0.019237383587923335,0.007956190748117016,"(0.016959654072188562, 0.018175337940215315, 0.01648205586768066, 0.01958297354819292, 0.03674811600160965, 0.008830604254669822, 0.015227096075451339, 0.021384906890705088, 0.027272511520947326, 0.011360474684868569, 0.01765092129062171, 0.018160196315659224, 0.011710556277673919, 0.027633061371922635, 0.03823207742511203, 0.008171717029467467, 0.016328865244793007, 0.01896238296715977, 0.017447500629863423, 0.018426662349664256)",1.0360664526065617
0.013831368342154995,0.013806650423943946,0.00711963347010166,"(0.032253482510236395, 0.00445189937172187, 0.011659410511787429, 0.013322786560112232, 0.008725798975300465, 0.017974354616602878, 0.00986056842458238, 0.016003682860964038, 0.013737077475193446, 0.010502498457724255, 0.008651438795232317, 0.01774495432861519, 0.014970443201972999, 0.010429172144060635, 0.008613292921459306, 0.0170658056299231, 0.030306761128595188, 0.004755883006527769, 0.014310645742121377, 0.01079305181614564)",0.003471796450596832
0.009245861731677732,0.010171538202591326,0.003298727176583605,"(0.006490870787731707, 0.013667315839723502, 0.007037641876303797, 0.013683405292813668, 0.009260673947225382, 0.010508105231401483, 0.00987575810894334, 0.00991888347587081, 0.0074388127679563985, 0.011942651304958607, 0.008432164004764995, 0.011281601504379977, 0.012514310782807467, 0.0077410308600461475, 0.0058065592801805795, 0.01566228039854802, 0.011749831085143153, 0.007554497649903255, 0.01733794286368146, 0.005526426989442734)",-0.28061625631989695
0.0007837274827201576,0.0008472989343951706,0.0003682274149481796,"(0.0010720035543121734, 0.0005585664936869071, 0.00100165969223042, 0.0006071391897691262, 0.0007375230060440001, 0.000827040525068056, 0.0010147735764392577, 0.0006022053899651391, 0.0003150356381580228, 0.0018840342560213223, 0.0006254525873494799, 0.0009701625565652934, 0.0005378630445924523, 0.0011336677649580011, 0.00048821626377399595, 0.0012335480428566526, 0.0012108199353570459, 0.0004900208545028284, 0.0005726896305450299, 0.0010635566857082049)",-0.17264182158723682
0.0005540038692704222,0.0005923870433957497,8.257090967515389e-05,"(0.0005140017761261521, 0.000669473182453714, 0.0005611774750410805, 0.0006142420640416612, 0.0006056316878137279, 0.000569313259970439, 0.0005538192825880391, 0.0006226818610110574, 0.0004862049278014482, 0.0007073976319421446, 0.0006815693763769866, 0.0005056166341384074, 0.0004961630788131337, 0.0006948773851860567, 0.0006478304776658354, 0.0005314800319626015, 0.0006955046275734512, 0.0004945101297505572, 0.0004839316603450062, 0.0007123143173134892)",-0.46485105076754646
0.003848667392677466,0.0030597664013840924,0.00048366185015472844,"(0.0028312843991197497, 0.003223492720484435, 0.003259293682731742, 0.0028096749990960982, 0.00298993076610399, 0.0030640771597642263, 0.003104205494260975, 0.002952062209812857, 0.002811145189065286, 0.0032471790356370218, 0.004135632163660948, 0.002213186391307318, 0.0029674197679814425, 0.0030867220050793992, 0.00218893540806048, 0.00417365048028134, 0.003331225763182546, 0.002740109705621752, 0.0028232274251027015, 0.003242873261327529)",1.6311003049775294
0.001432317149074591,0.001487200684129061,0.00026396492707464914,"(0.0009646723150850139, 0.00222315913537927, 0.0012390399553481872, 0.0017353229101948705, 0.0013616015484053535, 0.001579655611915059, 0.0015014920336106714, 0.0014327864046951395, 0.0017023185167198028, 0.001259763014413575, 0.0012542251870800232, 0.0017136587178965227, 0.0016051664761781697, 0.001339780103037569, 0.0012740741631965921, 0.0016846035909431443, 0.0015903256856607696, 0.0013484458653168269, 0.0015130802035322117, 0.0014208422439724486)",-0.20791980079591796
0.0018818635224497151,0.001970645107803607,0.00029804652371142373,"(0.0020238055165124995, 0.001873247002985667, 0.002320972301432699, 0.001640803061251868, 0.0018613972383037492, 0.0020472382469759296, 0.0028102626666508114, 0.0013565472927751154, 0.002226819021042263, 0.0017015390117692, 0.0017907168249925052, 0.0021252494569017726, 0.00209980225707137, 0.0018144197080237573, 0.00209144624493833, 0.0018152715591733667, 0.0021395673687257056, 0.0017708669735149206, 0.001931885446112258, 0.001971044956918349)",-0.2978782783584897
0.0023960617949637044,0.0021723622949912707,0.00039470996624177656,"(0.0018232233669381358, 0.0024987120633516127, 0.0025242187302987654, 0.0018155014209993508, 0.001916179175571758, 0.002393802599179632, 0.001597854963774575, 0.0028723359648754367, 0.002346741044583528, 0.0019385700264301822, 0.0018816578474527479, 0.0024333625509156956, 0.0017582870622116227, 0.0026081508284939428, 0.0024620609163743972, 0.0018539951518152607, 0.0027591288625696056, 0.0016487374231901031, 0.0018903393973957335, 0.0024243865034033266)",0.5667439869896982
0.006858631241935026,0.006777086895932751,0.0011118276974439118,"(0.00492580111386223, 0.008983604045651477, 0.005452748451278845, 0.008269867198893116, 0.007130033721783628, 0.006343245482046195, 0.007202754626340984, 0.00629075127020015, 0.006559048754750655, 0.006714974385424786, 0.005299382337195116, 0.008485752884362568, 0.007756246823399966, 0.0058268255389001666, 0.006945577349372941, 0.006411283839246761, 0.006788283140760546, 0.006487075943679629, 0.008100937571304522, 0.00556754344020072)",0.07334261072083909
0.014056306462006153,0.012585674871649605,0.0017554205269406141,"(0.013049392202741024, 0.011655496997624339, 0.014112447285796999, 0.011170394954285422, 0.013080595017767567, 0.01211960839903135, 0.011626596002231475, 0.013682870533235287, 0.011516691051485865, 0.01309015012907644, 0.00958036042980736, 0.01636863771852092, 0.013305696350727793, 0.011897889713875726, 0.010016163205910244, 0.015367166558807098, 0.012793015316161449, 0.01178027068482791, 0.014955948264226955, 0.010544106616850847)",0.8377659756090455
0.0039791981084049575,0.005790271793244999,0.0009339331978734234,"(0.005096239495660065, 0.006358392706878746, 0.00559196473918658, 0.00589026427978014, 0.005177205195854506, 0.00637871337163597, 0.005292203833531212, 0.006250159417823043, 0.005966431140755998, 0.00540768587374237, 0.0055212465871615395, 0.005951456898442842, 0.006495423532902243, 0.005081003576674295, 0.004713013836778876, 0.00691313104744433, 0.005647091416400498, 0.005712582854545275, 0.003888417766663183, 0.008472808293038257)",-1.9391897503631703
0.0019644394052552466,0.0020055275597160335,0.0005005613053253283,"(0.0023655624809433484, 0.001600849083298918, 0.0018964222009834914, 0.002008049343102063, 0.0021634367986317032, 0.0017617885129897369, 0.0018830618121270866, 0.002025228559198644, 0.002660926908102042, 0.0014209713079895406, 0.002040419061022646, 0.0018648145230786976, 0.0014884620837490442, 0.0025601717446416283, 0.0033996374708094136, 0.0011160064633657998, 0.0017798332856802943, 0.0021242942996772666, 0.0022808576781074195, 0.0016697575768218783)",-0.08208416036889353
0.004323106533456534,0.0034292503603975165,0.0007447037056303066,"(0.0037187220998658463, 0.0030046843985393327, 0.003213226125085485, 0.0035175149997334247, 0.0031034719196546216, 0.0036498313423115186, 0.0027444985349953663, 0.004132837685314862, 0.0023592032514459104, 0.004706825579865285, 0.0050619851549881445, 0.002229143902943087, 0.0026218456755537794, 0.00431916079325365, 0.0035370424530174805, 0.0031723738162830243, 0.0037670762622879694, 0.002947012346594267, 0.002973780270268763, 0.0038047705959485143)",1.2002843094522684
9.658525764438998e-05,9.916974543947685e-05,1.5764645887664885e-05,"(9.136100035287457e-05, 0.0001050924053651835, 8.009065261992551e-05, 0.00011992287250333501, 7.093338933011809e-05, 0.00013541427208040252, 8.685743207254715e-05, 0.00011059307847485785, 9.291949483301297e-05, 0.00010330447640943344, 7.94381060683021e-05, 0.00012090194560520984, 0.00010337061421257198, 9.292142634339658e-05, 0.00010185926976552314, 9.427363993991921e-05, 0.00011371520830568783, 8.44117214615501e-05, 9.845399005092246e-05, 9.755991299476275e-05)",-0.16394201389002463
0.0033372136664162303,0.0034143635042121236,0.002369980346534544,"(0.001299495933536211, 0.002754840359011336, 0.006130353696673583, 0.0013367358777821752, 0.005963197267571256, 0.0017393530866929572, 0.004512849578227261, 0.002828613124958792, 0.0069570040198392, 0.00010787447601207038, 0.006036872582575963, 0.0011689970469836875, 0.002894965153380261, 0.003922552106187174, 0.0011612326257846712, 0.004232918499085828, 6.441366837412126e-05, 0.008412007160162386, 0.0025482074006658007, 0.004214786420737738)",-0.03255294412407432
0.05588390580303779,0.020978229083314905,0.009188914437177165,"(0.02364749919383947, 0.015468883775909405, 0.009935493298944855, 0.03656735855595261, 0.019455533620422762, 0.01827536381537547, 0.009428235734521504, 0.03921193335784945, 0.028539597300288468, 0.013077757648131572, 0.01562435705178817, 0.0239323281919777, 0.02342897986437935, 0.01502146329961597, 0.01145902728562745, 0.032433875393688985, 0.01704339574161625, 0.02181976261100272, 0.010667873293244076, 0.034525862632121804)",3.798672515493126
0.014544771202793355,0.0164900537248281,0.007696915064667051,"(0.010932160395639896, 0.020392838360206098, 0.01312663398278955, 0.016780927816317893, 0.008592354722312371, 0.02469830031011937, 0.006787139695694653, 0.0334553663854924, 0.01166212905749709, 0.019790644543926438, 0.01884277750600803, 0.012290873510756698, 0.011579223197607654, 0.018005127000407517, 0.01138893327159132, 0.020113798813153363, 0.0066150739829900496, 0.034671472490301475, 0.015791664574208573, 0.01428363487954167)",-0.2527353499020188
0.008236135854106858,0.014655972519722504,0.012384593347415583,"(0.030023285247697092, 0.003842208804916752, 0.02490372490772315, 0.004562413162520279, 0.03538983789409525, 0.0030660597347032977, 0.011271822358918713, 0.010469068271904398, 0.007273756250489344, 0.016551738657214977, 0.007191746558786043, 0.01681638431849746, 0.05139814774280231, 0.0020652266615454884, 0.010929099270670642, 0.010911103539041662, 0.012699609777279639, 0.009406217661231973, 0.006588923874743697, 0.017759075699667948)",-0.5183728270702839
0.0006617072204245237,0.0009255816101858321,0.0005158415208969051,"(0.00061805903255533, 0.0010751242805614497, 0.0016300568743873006, 0.0004068634663181251, 0.00026296089841550124, 0.0025110774647777376, 0.0007769095861389692, 0.0008572617253438217, 0.0010929511899653496, 0.0006101898890523238, 0.000949968872181551, 0.0007027890830250021, 0.0017092954683521544, 0.0003853760129794284, 0.000866045426438252, 0.0007689409507456946, 0.0009180057879087949, 0.0007259949937289178, 0.0007203681674918652, 0.0009233930333490704)",-0.511541586071831
0.0005589711022844849,0.0006042747723798396,0.000143167867154383,"(0.0006891927641211445, 0.0005027176609031326, 0.0006507214048409055, 0.0005323131904753923, 0.0007863966721864069, 0.0004402000485733588, 0.0003760737397135094, 0.0009215694678620221, 0.0004017418160804764, 0.0008629017283176004, 0.0007430930554753145, 0.0004665594828512921, 0.0005928270922364112, 0.0005837522329344394, 0.0005984505851712028, 0.0005791757393817128, 0.0005720613586693725, 0.0006059263800330029, 0.0005516365136287917, 0.0006281845141413004)",-0.3164374171091205
0.0029909358463705554,0.0031226030773439358,0.0007309039234028201,"(0.004794901902715953, 0.0019315193413663545, 0.002406068535698581, 0.0038473150041540066, 0.0031361643685868107, 0.002947186544496997, 0.002840918175029911, 0.003262456074803318, 0.0034562193072995104, 0.0026834305374102687, 0.0028990310373922224, 0.003199632447784578, 0.004336239455817095, 0.00212999865571869, 0.003580655795371905, 0.002589379309300493, 0.0032589224998025726, 0.0028451573918566266, 0.0023298518879520036, 0.003977013274320811)",-0.18014300752469103
0.0011506902553943491,0.001498777243668831,0.00029253646662778804,"(0.0012922419965773206, 0.0016759786978621316, 0.0013971534222201748, 0.0015495628859873891, 0.0017369401654390327, 0.001245067254524415, 0.0020421660094457005, 0.0010610998002873434, 0.0018453387841693874, 0.0011748353567838864, 0.0012575790731950724, 0.0017241176439364194, 0.001880966140559734, 0.001149129920312325, 0.0017473404075033126, 0.0012404368198123824, 0.0013336837313543937, 0.0016252459561104209, 0.0012181577813013388, 0.0017785030259944393)",-1.1898926389829345
0.0016588377556207715,0.002003972339569515,0.0004192638203211641,"(0.0017058229800229923, 0.002259300856970492, 0.0027799398517340335, 0.0013854446140159867, 0.0017081251543329238, 0.0022505964523010396, 0.0019302629555378577, 0.001998447047284485, 0.0013144661397507624, 0.0029369809586599627, 0.0024267804829044646, 0.0015911724931649495, 0.001998389414036159, 0.0019219692691236558, 0.0017959056399694227, 0.0021487350236147895, 0.0022895896996625222, 0.0016855982757008714, 0.0017561260261577424, 0.0021957934564451886)",-0.8231919073874865
0.0033077421405303528,0.002203919481799957,0.0004651575980349484,"(0.0018365352484748796, 0.002538427909917742, 0.00133384839244485, 0.0034921650448129803, 0.001780483007490534, 0.002610254478152116, 0.0016485215437010666, 0.0028311370350892918, 0.002365617858851293, 0.001974737121973041, 0.002393993021425742, 0.001951961577029741, 0.0021766364038123148, 0.0021328022069647063, 0.0018791017753768595, 0.0024846232941248612, 0.002263354542096026, 0.0020631636180700585, 0.00210657001132591, 0.002214455544865125)",2.3730079082734084
0.005230401241053219,0.0070071191635104405,0.0012512372871844844,"(0.00939589443685817, 0.005068082707504775, 0.0071400407133816466, 0.006651412257996779, 0.005604270811725986, 0.008413155086349053, 0.006170959137219804, 0.0077446670088927305, 0.005174592178145542, 0.009262894879784309, 0.00754579286878384, 0.006358797962715214, 0.00568756847769999, 0.008260350537025923, 0.007492653081769046, 0.006385614957649704, 0.006044488003153028, 0.007920050903547273, 0.007108281656647454, 0.006712815603358537)",-1.4199688105964023
0.016531565188669755,0.013437932526118116,0.0026155621087694367,"(0.012011438091134365, 0.01450959456206028, 0.013054249697134266, 0.013280074740587098, 0.011708835044667515, 0.014597086959771318, 0.01297402767434447, 0.013529209054601254, 0.012858551405261634, 0.013729308511971227, 0.015545380145226525, 0.011379933960340052, 0.012707838606150332, 0.013355241037731357, 0.01026124845496824, 0.017143355465467112, 0.01102128612151489, 0.015979196915871102, 0.020631384358063155, 0.008481409715496104)",1.1827792779912705
0.006620640210954157,0.006013764953809817,0.0014771098930266172,"(0.006637188424308157, 0.005153528806051929, 0.0052667216147271375, 0.006479243546458547, 0.008865895037754663, 0.003824976307938635, 0.00609603938995015, 0.005628675254212519, 0.005629858828703871, 0.006109941030027606, 0.0049296272705156045, 0.006984490172327547, 0.005207149854722413, 0.006492300140314532, 0.003529888518247171, 0.009729239362642514, 0.0063325015027860905, 0.005426230176594911, 0.007178677446520272, 0.004773126391392062)",0.41085315318066434
0.002274514883267953,0.002008364651956498,0.0004335453607920263,"(0.0022107328538077575, 0.0017445993921208452, 0.0014871213410538407, 0.002591474952598139, 0.001465440147795047, 0.0026243781858957464, 0.002281057165261509, 0.0016925747711950597, 0.0014828803054598972, 0.00260577414163708, 0.002163346519231862, 0.0017867057329241135, 0.0017836813448363585, 0.002153920142430629, 0.0016363994171207851, 0.0023600665801975767, 0.0017071972685944105, 0.002262592320454953, 0.0026958742924264715, 0.0014314761640878725)",0.6138924675038303
0.0032740063990753165,0.0034990885851707873,0.0007361870999805447,"(0.003684983364892624, 0.003185745019822882, 0.004002005205871984, 0.0029291540945588852, 0.004242693274930871, 0.002753794571566859, 0.003312220760680152, 0.0035504315824931294, 0.0028854659374047955, 0.0040798599656209555, 0.003300656244397547, 0.003569445073435603, 0.0022939508306728997, 0.0050839400318530865, 0.0029099563204083127, 0.004041169937996059, 0.0044799569995385, 0.0026264244115386665, 0.004347400919872636, 0.0027025171558593)",-0.30574046475606415
0.00011278048290694887,9.861647487181957e-05,1.0831961546993385e-05,"(9.963081999966942e-05, 9.650710844290109e-05, 0.00012032569569544522, 7.990568736910912e-05, 9.185400089484306e-05, 0.00010466543912838147, 7.918248364729168e-05, 0.00012143466742435557, 9.502535925907216e-05, 0.00010119056216836438, 9.353295558783844e-05, 0.00010280781262603509, 9.535580898799775e-05, 0.00010081690778945655, 0.00010730441874859072, 8.96082992536991e-05, 9.221907436463417e-05, 0.00010426876859879504, 0.00010588703141301735, 9.080659603689331e-05)",1.307612473851589
0.008977986464006818,0.012599870242708408,0.0030600734676836075,"(0.011041533927359501, 0.014216913900337884, 0.009144095309114529, 0.014879044704433934, 0.010238829630031141, 0.010926134672486772, 0.017039216504492024, 0.009846524970799866, 0.018695657402447434, 0.008825496495666352, 0.012097665379111843, 0.016188498766373793, 0.007330089400438756, 0.01251928852458844, 0.016214314736482757, 0.010048773022055982, 0.012747649991772489, 0.014196464148149424, 0.011251991041640163, 0.01454922232638506)",-1.1835937329449995
0.028289389298047724,0.020278832014191426,0.007878697457386645,"(0.015774181159705716, 0.02280545591772038, 0.013821061566798446, 0.02598834931870742, 0.01711533319425774, 0.020874616064307693, 0.023570112513632314, 0.015331442501002622, 0.021248888611967654, 0.017026465018142575, 0.011808241358243822, 0.030292274792324023, 0.008297527669353093, 0.042899833197353444, 0.02457212707455747, 0.014682790819233772, 0.029052188138449647, 0.012392493582498191, 0.01996783502772925, 0.018055422757843186)",1.016736246972655
0.013366670733884254,0.014658437158020399,0.004376141424373591,"(0.01448580305808503, 0.013653751620609996, 0.009399075822017612, 0.02099132835732866, 0.013564948669296964, 0.01440723797874918, 0.009014657397240387, 0.022112463159432008, 0.010776018006691932, 0.01855333099484602, 0.013737957322335652, 0.014259154629463965, 0.023306183296301783, 0.008335370778928371, 0.013503104381985305, 0.014723996442009824, 0.01599770263312389, 0.012381434663864993, 0.009891438681307237, 0.02007378526678915)",-0.29518388435562276
0.005334516049135632,0.011365287579553964,0.003292784612906834,"(0.01135772038528654, 0.010510768723570412, 0.011390974355140814, 0.010454905236640964, 0.011444545122850704, 0.01029907557113824, 0.009266376287681472, 0.012989930337471353, 0.014413261474338078, 0.008385131710189626, 0.007288476881167268, 0.016216867373626417, 0.017203127505121124, 0.006811121285970404, 0.015570421273351525, 0.007710672471824565, 0.0070466528952120465, 0.01696825929579076, 0.010055687521144342, 0.011921775883562588)",-1.8315110884505843
0.0004747887276645512,0.0008499698349206137,0.0002893087769836617,"(0.0006698569361147028, 0.0009690220448866404, 0.0014670869427340118, 0.0004425310855630836, 0.00043937006356300546, 0.001473053865381632, 0.000822338502408506, 0.0007906240061062508, 0.0006935494222364846, 0.0009419727709140965, 0.0005198882287437516, 0.0012470358203924754, 0.0008269349142996177, 0.000782667250065791, 0.0006787275779804186, 0.0009581607953045877, 0.0008160653530938852, 0.0007958715332444558, 0.0006256911650166282, 0.0010389484203622448)",-1.296818959893672
0.000762204055224964,0.0005978638889852778,0.00010839997062889048,"(0.0006044954435336516, 0.0005731354464160199, 0.0005823620337093293, 0.0005949087327437605, 0.0006867023077055169, 0.0005043831647037063, 0.0006474221333679754, 0.0005352254452939453, 0.0007000562871209959, 0.0004951141250077626, 0.00044133980931184346, 0.0007848825523187901, 0.0006708405105031945, 0.0005162794337602058, 0.0006284953409332996, 0.0005513324663365757, 0.00047065275495460415, 0.0007361543043689589, 0.0008008180442209173, 0.0004326774433945003)",1.5160536048695819
0.0022566051432792015,0.0030994987889118963,0.0006017199978049166,"(0.0029006245880680423, 0.0031976872626966347, 0.0043097479759315665, 0.0021519622028718034, 0.0031522081767123354, 0.0029411113437391406, 0.0024394239791386265, 0.0038033952014106436, 0.003133498146664906, 0.002961290893144419, 0.0028047038380548755, 0.0033058205251642707, 0.002995364136631752, 0.0030944026685010002, 0.0020926410270989495, 0.0044332345507384005, 0.0027706811650187024, 0.0033478469342899217, 0.003515633752809303, 0.0026386974095526147)",-1.400807100823611
0.0015460454696503917,0.0015095037820414832,0.00034379159994676526,"(0.0013546067814582024, 0.0016010847030424316, 0.0009938501708454846, 0.0021821240610971865, 0.001501501576959576, 0.0014439289245932027, 0.0018110286026206967, 0.001197851745073303, 0.002000451908984349, 0.0010845737203816353, 0.001984534255665626, 0.001092572050817767, 0.0013620293859024051, 0.0015915395195797123, 0.0012905892670553429, 0.0016807784896445137, 0.0017588584297436416, 0.0012331523582663404, 0.0018568721303715342, 0.0011681475587267095)",0.10629022819221559
0.0025064366134177423,0.001980483032460643,0.0002794469679976617,"(0.0017096346103591916, 0.002251546380560912, 0.0023460040969416123, 0.0016406551310331045, 0.0021093476938073108, 0.0018236530758511723, 0.0014936085511808156, 0.0025783035303000037, 0.002037101876967952, 0.001891153624002736, 0.0018272573712250133, 0.002105612324007025, 0.0015781030493504248, 0.002436992777066592, 0.0019609890022135265, 0.001963592631352454, 0.0020855557484766836, 0.001845878719743952, 0.0019394596289956552, 0.001985210825776716)",1.8821230544233358
0.0015258504514805748,0.0022071878931085465,0.0004534796669219767,"(0.0021935288053953612, 0.00213541450764704, 0.002692027841627653, 0.0017398566263688426, 0.002236257043843732, 0.0020926365001601413, 0.0020674038057036303, 0.0022670125644220413, 0.0033679681517821383, 0.0013926710656749727, 0.0026753589800064194, 0.0017497862078987292, 0.0021491538872650436, 0.0021769418683460742, 0.0022836599933684118, 0.0020521442497547777, 0.002647707308898233, 0.0017693663711332575, 0.0017023797921573772, 0.0027524822907170573)",-1.5024652510940453
0.004615609506223744,0.007065980655672101,0.0016480365042375838,"(0.009183933962741921, 0.005159166621136815, 0.0059910101172043085, 0.007906971432008556, 0.009652139337943313, 0.004893770861294379, 0.006670317812923771, 0.007116863099790842, 0.008997692945727616, 0.005289933810593629, 0.005103251307478451, 0.00926675654278759, 0.007205586718885779, 0.006550616377722419, 0.008762670358655049, 0.005415986077026148, 0.005194429348125238, 0.0091259114616287, 0.007546932445178148, 0.006285672474589321)",-1.4868427629774803
0.013321260742792902,0.013628481679294265,0.002705921607488528,"(0.011047165644744936, 0.01619314011514495, 0.010399952847319961, 0.01719338875048467, 0.011539688048308598, 0.015409557649304031, 0.013574796322316248, 0.013226650020923894, 0.011705247209563077, 0.01541798517034392, 0.016234250171678295, 0.010978330884733047, 0.010567879037536965, 0.016802989211047354, 0.01244516733424126, 0.014419455329288648, 0.013998526048653615, 0.01279082315478161, 0.019366375101811547, 0.009258265533658678)",-0.11353652509782307
0.007640061532905692,0.005976774776742058,0.0010774374306408187,"(0.006780931586846778, 0.0051060873399644295, 0.004635450457598452, 0.0074681458283324615, 0.004585105237063022, 0.007530477546871071, 0.007348679279874144, 0.004719608655357785, 0.005910333726149122, 0.005883214399081399, 0.0046416905988423745, 0.00744687251941164, 0.005832555208683144, 0.005916391408580896, 0.006407809229862906, 0.005411461347822096, 0.004943256604576871, 0.0070073502946208874, 0.00493164763749914, 0.007028426627802531)",1.543743245651281
0.002558186126042868,0.001975837653508486,0.00026275687665289356,"(0.0025068693970784215, 0.0015313464153125572, 0.0018114903882365699, 0.0021190661071787474, 0.002410489766292329, 0.0015911196885483355, 0.0018627546369265108, 0.0020620188293569465, 0.0018080013876001118, 0.0021262393102628777, 0.00224169091140914, 0.0017115476423823983, 0.002023651938401602, 0.00189490259143806, 0.0017761606068190236, 0.002162396373005887, 0.002118461481192591, 0.0018123695586860253, 0.0017432638192566034, 0.0022029122207849793)",2.216301548231884
0.003113483282293217,0.003545823873631263,0.0009200240316632264,"(0.0026147476252767134, 0.004502725687182064, 0.002536357917297451, 0.004642441294106031, 0.002317343280949794, 0.00506958757196448, 0.0029740544872775667, 0.003963563879772421, 0.0026546115876736024, 0.004455809349551386, 0.004357570033436434, 0.0026993101194446962, 0.004257836288077355, 0.0027590316568145263, 0.003437404645730064, 0.003429835986336573, 0.00453992108837784, 0.0025944220855959096, 0.0044777770979641755, 0.0026321257897961524)",-0.46992315032951637
0.00010917221396331972,9.976782017634417e-05,1.899540694148742e-05,"(7.90619945978087e-05, 0.0001216567712164186, 7.01652501630688e-05, 0.00013708369890715147, 8.371260326835395e-05, 0.0001148901858491081, 9.611033557242697e-05, 0.0001000805995650922, 9.900122585359667e-05, 9.71719760069806e-05, 9.684077600705484e-05, 9.931983654908439e-05, 7.341310843616805e-05, 0.00013100955069771485, 9.377423236157562e-05, 0.00010257507249659481, 7.491301061436021e-05, 0.00012839660361514628, 9.641738620849658e-05, 9.976218554068118e-05)",0.4950877765316857
0.027826140730860746,0.02395251107066428,0.0030497745031937648,"(0.025149990685644153, 0.023475366828026388, 0.02682723386598642, 0.0211531331774782, 0.02554509141092283, 0.02159101704151801, 0.025888924075828112, 0.023193241637714586, 0.01794265738791967, 0.02913733611561222, 0.022237787867843493, 0.02578289156247277, 0.025085454361597554, 0.022382183178216705, 0.021115564752116983, 0.027275401004906573, 0.026866332227372263, 0.02120847638312051, 0.01923056850447829, 0.02796156934450988)",1.270136417017045
0.016536218405356125,0.021522021678127393,0.009636286747328072,"(0.026442248159269724, 0.014472239648172977, 0.03430050927360823, 0.01100573217467842, 0.041180345448341, 0.009272458868009186, 0.02392430231959292, 0.016035952523304038, 0.03654017508468989, 0.010325709179128943, 0.027410335659520293, 0.013754892455956333, 0.03095527918599297, 0.012362046729081094, 0.012695873832666274, 0.030384027489967595, 0.02179989299712829, 0.017440370188232805, 0.024965600166355743, 0.015172442178851123)",-0.5173988076012496
0.022115680123103346,0.016194091433643112,0.007706549588244385,"(0.013042266658042674, 0.016276386360051628, 0.008950700858948259, 0.023164830803038335, 0.01191099527739104, 0.017761292672326533, 0.017513601928272997, 0.01217892871400024, 0.03183345132931143, 0.00650633651127428, 0.006765708263816125, 0.030583167096441738, 0.022718587001526337, 0.009344243370459622, 0.009761190489236654, 0.022061921814549152, 0.018612805524658677, 0.011272145779197527, 0.02542096717542068, 0.008202301044898351)",0.7683839079544832
0.014297939527318195,0.012058120966867364,0.004076486535265131,"(0.012055383118693551, 0.01095239293457152, 0.010857439224382188, 0.01189438898804335, 0.006657566668172031, 0.019774718077265264, 0.010318933639722685, 0.01285747925897697, 0.007635030164576993, 0.016895078153284775, 0.009309352321080868, 0.013847253382576917, 0.010027328129820875, 0.01316881153101047, 0.014153012497037284, 0.009460669724052453, 0.009345799977418025, 0.013966924033503449, 0.0058690851959501324, 0.02211577231720746)",0.5494482910895118
0.0012227906048984409,0.0008674188055300555,0.0004452603111402664,"(0.0006705007650872638, 0.0009456560986539954, 0.0009509589987307876, 0.0006655848459046621, 0.0007260188613061468, 0.000873881167510144, 0.0009055493726173998, 0.0007011926750170616, 0.0007981958619098584, 0.0007925542238918323, 0.0009910627781650465, 0.0006387576962818795, 0.0006229246498967835, 0.0010180295068399883, 0.0007691412208989687, 0.0008261937406446422, 0.00024228437077016427, 0.002611221306129863, 0.0008782109351083497, 0.0007204570352362733)",0.7981214370046014
0.0006470719717489303,0.0005963044637927536,9.661992484816023e-05,"(0.0004379455551776375, 0.0007921022499364962, 0.0005388939374050476, 0.0006435213341433043, 0.0004612655078468948, 0.0007520609081355166, 0.0004919115458357611, 0.0007052901727761204, 0.0005720524726605303, 0.0006061963463175212, 0.0006115189206219496, 0.0005670908339152409, 0.0005788812337463887, 0.0005992611651245459, 0.0006120614691653779, 0.0005669182654191217, 0.0006514499184399988, 0.0005323786393534826, 0.00047466251707220476, 0.0007306262827619301)",0.5254351836431109
0.0046506997039500305,0.003116094653594433,0.0006773824180710056,"(0.003546980593989912, 0.002618494610400377, 0.003129746439554719, 0.002965062431042941, 0.0021641328320358057, 0.004291149831675094, 0.0038229283060102564, 0.002429906263794321, 0.0024635921917658937, 0.003766666504189347, 0.0031267259412408864, 0.002967709589713237, 0.0033936638269735663, 0.002736795312325817, 0.004448470792873127, 0.0020889342949010153, 0.0032070708351671327, 0.0028947970198560376, 0.003845224676247047, 0.0024138407781321316)",2.2654928876449443
0.0016963659277438251,0.001496583454611175,0.0002655608690866147,"(0.0011944082211537768, 0.001820687305816546, 0.0013132495789578479, 0.0016549242423945446, 0.0017814589965891438, 0.0012206220122227887, 0.0012182257512489464, 0.0017853424691269403, 0.0014660162335880047, 0.001482420592483561, 0.0014557433956066128, 0.001492864319475599, 0.0015411603955966322, 0.0014110491449874272, 0.0010403446962674102, 0.002091135997438013, 0.0018023372013723149, 0.0012061787353885955, 0.001392057419346006, 0.0015614423831627907)",0.7523038835495359
0.0017108993293474706,0.0020251600345789975,0.0005039476264380809,"(0.0019978396665216833, 0.0019393617816628583, 0.0014595769870369027, 0.0026519257460825975, 0.001766593980487157, 0.002193059921058834, 0.001969729068456613, 0.001967591503546714, 0.0020843388084408796, 0.0018568896996417415, 0.0023554969718813396, 0.00164315831592839, 0.0019152342401115195, 0.002023038482074893, 0.0030996076750371133, 0.0012508980118116884, 0.001752709790997204, 0.002209288139444952, 0.0012368750318778818, 0.003129986869478988)",-0.6235979469786023
0.0022565624341667288,0.002226904937651625,0.000572197048221814,"(0.002320921163461258, 0.0020109809619690646, 0.0022544884698862382, 0.002067858251372353, 0.0026156024031640784, 0.0017843893243503666, 0.002179827892477046, 0.002142020379403725, 0.0017139035293702067, 0.0027197427850492255, 0.00242172343627617, 0.0019249722269567022, 0.0025566702529503174, 0.0018256037582901183, 0.0018526543171392433, 0.0025215871094917508, 0.0012948396686566098, 0.0036017139584739693, 0.0014013697022446179, 0.0033272291620494504)",0.05183091490469682
0.008464697056161367,0.006995118736806433,0.0014960813917044972,"(0.00564913569976218, 0.008301996923415367, 0.008230968344620216, 0.005677038250941044, 0.008379496146138607, 0.005596756394082471, 0.007341525007332705, 0.006396734145693815, 0.0050351159406294265, 0.009276480641160644, 0.0073969003006148365, 0.006316322771599063, 0.0066657764132914896, 0.007036503812734921, 0.008186406386689027, 0.005745950463367034, 0.008813703476616327, 0.00530755444923767, 0.009756325043306646, 0.004791684124895171)",0.9822850063529177
0.015850612165886024,0.013701188108657187,0.0027554091256821373,"(0.018443793873045962, 0.009820723012528045, 0.011295386226996136, 0.015922255651501786, 0.010298860910150844, 0.017586711295384423, 0.01354148654000217, 0.013410735164059159, 0.01206351158712007, 0.014896446015751496, 0.012842874484057064, 0.014000051302355187, 0.01683922892314126, 0.010758584239744736, 0.013569989400453845, 0.01342511245227491, 0.01897544891822383, 0.009498281476856003, 0.013514775710688974, 0.013319504988807776)",0.7800743770479888
0.007171082579897528,0.0059493026948956584,0.001138154409919219,"(0.008011361876630554, 0.004272605913997911, 0.005657241279341281, 0.006031491778939371, 0.0050298332362104905, 0.006805492325591766, 0.004188470546133987, 0.008182206406525599, 0.004601020780678143, 0.0074132512706762965, 0.005434213761459519, 0.0062784210485211725, 0.0048421193971290724, 0.00706975799694586, 0.005506213110851643, 0.006232848645119163, 0.005555483353203024, 0.006147321976240891, 0.0063585552148204254, 0.0053681439788969935)",1.0734746308179626
0.0024476189484898265,0.001988915593356822,0.0003208148320969556,"(0.0020841921100010563, 0.0018525490554530254, 0.0017824867128463113, 0.00216385561068184, 0.002010173268847995, 0.001920785777255723, 0.002152849967175376, 0.0017941893395229459, 0.0016365511573125336, 0.002356512545642277, 0.002496724135885016, 0.0015447925407911485, 0.0017211349075831708, 0.0022433969079953342, 0.002676204741895579, 0.0014439948407432705, 0.002015263368133952, 0.001914464583147204, 0.0017027720274714723, 0.0022654182687512113)",1.4298071948069306
0.003621409672895478,0.0035400071517097537,0.0008932121336832317,"(0.0034571250093392808, 0.0034149518996009643, 0.0033694474858689595, 0.003498948492502408, 0.0043362127310142135, 0.0027237662617757004, 0.004579114385672032, 0.0025808702251517027, 0.002127986831087059, 0.00553814485642651, 0.004205817573805133, 0.0028034407836590954, 0.0038409074448392264, 0.0030740514606746785, 0.0036094632041936835, 0.0032762212486746366, 0.0026268309228055747, 0.0044870115710777024, 0.002461689918388224, 0.004788140727638272)",0.09113458955159341
9.479535201122017e-05,9.9736415022717e-05,1.925943084375012e-05,"(8.397920965651581e-05, 0.00011449674606313455, 9.26978462138761e-05, 0.0001037251453865336, 9.321182639218453e-05, 0.00010315792050959439, 9.330641792175346e-05, 0.00010305483856010241, 9.370642750613234e-05, 0.00010260737002529368, 9.229323598996763e-05, 0.000104180552726496, 0.00011214495483030577, 8.574066165030428e-05, 0.0001562279364326314, 6.154967324612834e-05, 7.605540707291944e-05, 0.00012641923921069805, 9.563582075769801e-05, 0.00010053707030206979)",-0.25655290914789664
0.0034119528334731063,0.009729869135557033,0.0029186614923454256,"(0.006781056586970796, 0.01289179584428264, 0.008893269220955718, 0.009670842635014866, 0.012544712499392829, 0.0076437781173388794, 0.007841542226496745, 0.012779244154574446, 0.011478938664971345, 0.006914323869635171, 0.01002821253894247, 0.0087710457030138, 0.006349295481916283, 0.013604953454906985, 0.010213709031816016, 0.010463282308114314, 0.0045886271399630234, 0.014376478308894035, 0.013243704711777295, 0.005518570212162957)",-2.164662232551975
0.013230242343740614,0.020442802393244308,0.006703314647114422,"(0.013464502209040838, 0.027979643816992916, 0.01917468322590178, 0.019628512161262195, 0.02677852694535248, 0.013820836747486824, 0.02201491918956591, 0.016943075016281346, 0.03652171155975886, 0.010263586008795424, 0.01645153003217969, 0.02259864789522244, 0.020590795140743974, 0.020411891825289238, 0.020421923521158042, 0.018257952744958412, 0.029967700167109625, 0.012276081452132371, 0.027794856953434376, 0.01349467125221938)",-1.0759691927348938
0.029464571308214487,0.018577004887422206,0.010284906091648243,"(0.03255284916135828, 0.007906869059564973, 0.013266937713777214, 0.019372238876921726, 0.023328345771249592, 0.010710268070513118, 0.03363416413587927, 0.007527009882929662, 0.02669007868937231, 0.009558990989994605, 0.018021250734852782, 0.013965732427804358, 0.008333405817786035, 0.037276693858927616, 0.006421438067448739, 0.03940199392194663, 0.014239399815629834, 0.017366191659678648, 0.015894098993843593, 0.016072140098965133)",1.0585965806370776
0.0076521919163994884,0.012398787894902721,0.0049897428222347604,"(0.009109270270618555, 0.014452236149084096, 0.005174638024817048, 0.025403833439216976, 0.012324279898571208, 0.010348551690988894, 0.008325628418326817, 0.015537320402902037, 0.01259884906542641, 0.010346940157627578, 0.007118188501441711, 0.018051572150714786, 0.009174033102627804, 0.017621894658749578, 0.00939674027919555, 0.013758216176191333, 0.00775851073586778, 0.01625362969392857, 0.017946213743243036, 0.007275211338514627)",-0.9512706661657906
0.0009706161930746501,0.0008917079494128833,0.0003946782958897687,"(0.000476732739084154, 0.0013619768235560825, 0.0005115125805204154, 0.0012699027532622638, 0.0012488564849926567, 0.0005165758138921091, 0.0013983797092071862, 0.0004628679039437022, 0.0008440208924922444, 0.0007665196387176045, 0.0005339242170301161, 0.0012086559329089839, 0.00046120801412875313, 0.0015014013012061484, 0.0012596164249628985, 0.0005138907955271684, 0.0013334485594885736, 0.0004821120958055878, 0.0010864841813605338, 0.0005960721261704838)",0.19993053705645217
0.0005493149560391252,0.0006000972506472836,0.00011638066034244554,"(0.0006402237164380585, 0.0005426481696424413, 0.0008076852446425812, 0.0004301371421237953, 0.0005088636058818805, 0.0006822970440636495, 0.0006410690736661392, 0.0005417532528039265, 0.00044442609365338403, 0.0007815062304455303, 0.0005757015534349229, 0.000603140143031489, 0.0006472341448018542, 0.0005394915517778967, 0.0004373510832863792, 0.000794098196813425, 0.0006547775653703722, 0.0005301022418574199, 0.000488729425425798, 0.0007107095337847274)",-0.43634650687436777
0.003642311850684727,0.0030953260358309114,0.000567211780299643,"(0.00247804352646943, 0.0037444187573747677, 0.0031789009463685162, 0.0029187190708073445, 0.0027237354587059965, 0.003402835166091293, 0.004133102317750504, 0.0022436023100533124, 0.002775299469832412, 0.0033422420764090276, 0.0032711288492395197, 0.0028341774958084293, 0.0028528722350477397, 0.0032757060450035983, 0.002353199048088277, 0.00394052337386812, 0.0040259778486311185, 0.0023012530776151956, 0.002811987812401799, 0.003298795831051826)",0.9643414221137255
0.0016837873676664517,0.0014905778608330154,0.00023912766843051824,"(0.001432578710519679, 0.0015136498437989042, 0.0014168756382379375, 0.0015303689829203459, 0.002051396435952016, 0.0010561481131699689, 0.0016837503684605853, 0.0012872498196426151, 0.0013931176137102921, 0.0015560985664827116, 0.0015665213062220553, 0.001383317808543476, 0.001843047238533739, 0.0011831709269046874, 0.0013200987189736669, 0.001641828134198483, 0.0011948685569018174, 0.0018126738303297603, 0.0014776318609554776, 0.001467164742202083)",0.8079763755551186
0.0019267150277056282,0.0019973994352153065,0.00035698178388079814,"(0.0016996225593952125, 0.0022772008209417014, 0.0017856366038302921, 0.0021674002406695896, 0.0018966562408347938, 0.002037407193354676, 0.0016372091413462484, 0.002361991031399725, 0.0017236234277461686, 0.0022442099806856595, 0.001987565162640008, 0.0019448306124814992, 0.0020699558241889016, 0.0018908021936165757, 0.0026263040044218664, 0.001472406649715139, 0.0020842664500617023, 0.0018528680711663395, 0.001375487610599736, 0.002812544885210289)",-0.19800564258842093
0.002085449761633167,0.002191685969710273,0.00032843647555419475,"(0.00262405420741938, 0.0017910050483970325, 0.0019647502411814493, 0.0023919372283067223, 0.0018031412589733058, 0.0026007608890258388, 0.0022044428295957255, 0.0021294854592094005, 0.002288643690958887, 0.0020516758507581963, 0.002885691362695913, 0.0016256786697289455, 0.0018766474738218914, 0.0025462218718600538, 0.0024571553379643574, 0.001910434155108535, 0.0023517757036924506, 0.001992209903569585, 0.0022588088233312176, 0.0020791993886065774)",-0.3234604435997732
0.008860448586592566,0.007077961982045103,0.0012874378497998158,"(0.006371628568189825, 0.0076106990480456415, 0.008847697214711406, 0.005480394056170696, 0.006280828321099014, 0.007666035886992015, 0.0069805460192959344, 0.006920863189281921, 0.00616081519710335, 0.007848027846794342, 0.006680566343508578, 0.007215525678050011, 0.005219468326467808, 0.009817452545538084, 0.007317181982362404, 0.006602049318072427, 0.007415662017959664, 0.006473096298505457, 0.009622551810069588, 0.005028149972683923)",1.3845224488503447
0.01063912757712309,0.013823017901852556,0.0030141403354505747,"(0.010646889379771743, 0.01711240043447515, 0.014105355091498075, 0.012914807184523135, 0.011451833048045, 0.015686613431777796, 0.014240683727998978, 0.012699250549096949, 0.012463841648294342, 0.014532464572798762, 0.012108632617515139, 0.014869026197990215, 0.010432206047735433, 0.01949068336161148, 0.014414760031168105, 0.012544366880621343, 0.02100933305741297, 0.00849871624913052, 0.011593515879343432, 0.0156449786462426)",-1.0563178785282124
0.007136754581272549,0.006059701558963526,0.001191302388305167,"(0.006494142277636052, 0.005441455363195498, 0.005592790422186856, 0.006318236740060041, 0.006147785887843841, 0.005711628357519487, 0.006222764233251734, 0.00565993644992585, 0.00673833790670405, 0.00523004705839887, 0.0045997028646422335, 0.007641193429601507, 0.0066432128860129174, 0.005594909875355277, 0.00470323680676849, 0.007488210901182341, 0.004636582648328619, 0.007552094672457218, 0.0040324288613001495, 0.008745333536899479)",0.9040970897752634
0.002178098998416852,0.002005475690951039,0.00037883512993552984,"(0.001799202959747732, 0.002160033627362049, 0.0019268148009863647, 0.0020169525247051485, 0.0016153624339050497, 0.0024008295238346425, 0.0014139733125333143, 0.002745512998493057, 0.002283088634097975, 0.00170071439673242, 0.001790065782631899, 0.0021672038691044264, 0.0015970139373362297, 0.00247420016494985, 0.0019286773050434852, 0.0020127893768370517, 0.002056054492774997, 0.0018845090022823268, 0.0014405827591574226, 0.002695931916505346)",0.4556686902167443
0.0043020016555630905,0.0035064151744044897,0.0005168025745947634,"(0.0035871659447749365, 0.003351271514629664, 0.0028745662921142957, 0.004183193403365799, 0.0034243258862031987, 0.0034940057972517994, 0.0034849567380267903, 0.0034415357421768923, 0.0039708588462605875, 0.0030195836419373468, 0.0036028690069052874, 0.003321776158866778, 0.004594202799970902, 0.002741121940709386, 0.004136797329528625, 0.002899356695094447, 0.002814337623561458, 0.004240543352478534, 0.003223845266015083, 0.0037219895082179835)",1.5394398562786538
0.00011652831617605548,0.00010091989590190906,2.5696301145447408e-05,"(8.747959856874505e-05, 0.00010999970348210261, 9.457107334826344e-05, 0.00010175291409542661, 0.00010197275220965687, 9.435179778494452e-05, 0.00010250010679987955, 9.387372974040003e-05, 9.715102287127769e-05, 9.903996850911377e-05, 5.2990596488742716e-05, 0.00018156624441288224, 0.00010265093775944722, 9.38965265621333e-05, 8.119905701551314e-05, 0.00011850009249452893, 6.88753831827427e-05, 0.00013967921921121537, 9.417929014979631e-05, 0.0001021679033513693)",0.6074189505251713
0.023696515901520325,0.024417934051525966,0.0042233155652963185,"(0.021410591915208638, 0.028470488373966648, 0.02870301605108937, 0.020918719331594476, 0.023251078623177077, 0.026418643620541058, 0.021673807552046606, 0.027942194084590505, 0.0250931208155415, 0.02557387876744528, 0.02553628379544082, 0.024372384421902486, 0.02999999964989443, 0.01100191221670256, 0.028201047788411444, 0.02103206332195788, 0.02199045114199454, 0.026235178132516846, 0.027123806262171757, 0.023410015164325355)",-0.17081796016704348
0.009097266918910414,0.02577862998235671,0.014241302838178035,"(0.03831947601886679, 0.012750153462510884, 0.01373251987906783, 0.039109726129233816, 0.022087200515637603, 0.02197475075025155, 0.05970801544674469, 0.008289218704242252, 0.03646088089765146, 0.01298012647198405, 0.04804712514812203, 0.010751405085068496, 0.014233278066241441, 0.03274067873532104, 0.01686259822493782, 0.030147111695604925, 0.011667573337157778, 0.040471623719819154, 0.023948904251772183, 0.021290233106898468)",-1.1713368680516332
0.019534590946643535,0.02157383611310897,0.011247529365163982,"(0.01727370132759554, 0.021111465218222603, 0.030273395942136964, 0.014682993679628803, 0.03006871498644376, 0.01196626957958278, 0.016824681389290195, 0.02226862847705538, 0.016223752939201426, 0.02106931395369746, 0.023683979197840686, 0.01728409455899514, 0.06000622806397736, 0.005518002512843851, 0.021416684613118273, 0.01849073957822473, 0.013628088956753165, 0.024978400149299678, 0.012298669273980642, 0.03240891786429089)",-0.18130605400163832
0.02343114735815022,0.015763132274429426,0.008936385379684124,"(0.012395754607520088, 0.014889675108691252, 0.005317137120501252, 0.04184793423449219, 0.015640190783044017, 0.01165563645970003, 0.020109135364761107, 0.009415790069104884, 0.030449004551178105, 0.005710300278691017, 0.024590442545061895, 0.00836536318951806, 0.011734330653874709, 0.014384114476538116, 0.01014909786352919, 0.01964977895765178, 0.020917661111478598, 0.008283123907268491, 0.010329476259307309, 0.019428697946676402)",0.8580667415209254
0.000881216182346694,0.0010188033307090654,0.0005773346607386049,"(0.0008073523051867644, 0.0009978386882037605, 0.002957432888439412, 0.0002889140382744045, 0.0009184089077206794, 0.0008750344735789145, 0.0010374243321470708, 0.0007826532347612213, 0.0007438025595955454, 0.001069870918858377, 0.0015121951824125478, 0.0005494631781198984, 0.00042265088758926966, 0.0018684910616266247, 0.000749635028710493, 0.0010990145073388076, 0.0008109277795564138, 0.000982042907867745, 0.0012326318142672308, 0.000670281919926123)",-0.23831437417312026
0.00034869978929773026,0.0006030716151099729,0.00012079168813163086,"(0.0003991753369378646, 0.0008768722937343669, 0.0005593269458679404, 0.000628348357577545, 0.0006629221338414941, 0.0005278906411474135, 0.0004306715795000143, 0.0008131932664235546, 0.000531870277897057, 0.0006574143224737727, 0.0007180620678577409, 0.0004885485136637034, 0.0005005199255413848, 0.0006981872116009133, 0.0006994816678282451, 0.000501213010687626, 0.0006075780848353926, 0.00057549401597551, 0.0005779211837713563, 0.0006067414650365597)",-2.105871933299292
0.002958962842521242,0.0030816288643214507,0.00033811616234248783,"(0.003116534264933696, 0.0030104715561254164, 0.0032656353144942347, 0.0028888528716146155, 0.002929356936715149, 0.0032016406829122822, 0.003491127266538591, 0.0026894692671321795, 0.0030440258049254532, 0.0030766593283526236, 0.003395517098298107, 0.002772000526961848, 0.0039300662260418956, 0.002380918361806634, 0.0030824764243155595, 0.003050704580289994, 0.0032196731517929976, 0.002908481746248002, 0.0034629571254325814, 0.002716008751497151)",-0.362792541327725
0.0013394681455477912,0.0015211435966424657,0.00035777793682840374,"(0.0015711718451653757, 0.0013959613180377346, 0.0011789997289456844, 0.0018683839076825313, 0.0011371758758761668, 0.00192817846772566, 0.0016671984945823095, 0.0013163370803552258, 0.001162228966866823, 0.0018845888023328909, 0.0013524114840174773, 0.0016258252830814073, 0.002196075890942103, 0.000996702093360345, 0.0011399100658279209, 0.0019275359284374855, 0.0013834528580980178, 0.0015831139090114307, 0.0020194050610384024, 0.0010882148714643253)",-0.5077883021663492
0.001711662793598217,0.0020104095603582415,0.00032012996878860874,"(0.0014282998398708184, 0.00275978473912726, 0.0018715574198697805, 0.002124778338109994, 0.0018907878626748574, 0.0020836319677254526, 0.0026077979259025164, 0.001513362887261874, 0.002080449300707117, 0.0018898368921511938, 0.002306963623270623, 0.0017171812213040323, 0.0023038173567280756, 0.0017043358877080368, 0.0019933731011651324, 0.001984524961164882, 0.001908517155391054, 0.002059892419214549, 0.001950829021441516, 0.002028469286376058)",-0.9332046227677478
0.0024381980571841723,0.002230359604629059,0.0003825094221232697,"(0.002394709058104417, 0.0020158481984756584, 0.002948336250139672, 0.0016594572387150974, 0.002591532852705763, 0.0018613670254054731, 0.0026783283173815917, 0.001805681266692965, 0.002442936022425252, 0.0019689657292959704, 0.002344996318100606, 0.0020739524303559067, 0.002548863152999357, 0.0018834661054313465, 0.0017482848795624332, 0.0027760210481800694, 0.0018428192519536072, 0.0026100253564603627, 0.0023040309648347857, 0.002107570625360834)",0.5433551189443225
0.0073107737819438166,0.007436318204591963,0.0011774145311284922,"(0.009237346188492366, 0.005803517985416177, 0.009369167987317316, 0.0059976623036612, 0.00885376008331402, 0.006039495148913973, 0.007075673806603178, 0.007625221968405483, 0.006556788138846968, 0.008075295258901384, 0.0067208658259030225, 0.008186472340769916, 0.007042050734900182, 0.0074680341455831255, 0.006694067837193504, 0.00815965374443182, 0.006015067638331391, 0.008801406401093713, 0.00875124502672889, 0.006253571527031667)",-0.1066272067559915
0.012525652628956215,0.015510996969467346,0.002582615141857593,"(0.013545159701754367, 0.017041807588469068, 0.018163282425894385, 0.014015194422240546, 0.010929335328473273, 0.021009375723255865, 0.017090899933641955, 0.013687194948548614, 0.0165995098653964, 0.013554030976563906, 0.01283669525030348, 0.01897872379119495, 0.012413177576269417, 0.01787221788822298, 0.014862850273918026, 0.016145899563973533, 0.014035704141377135, 0.016026164171959484, 0.018103979687023965, 0.013308736130865507)",-1.1559385260801451
0.005624088766563892,0.00645082211580171,0.001607642626765747,"(0.00524721144746736, 0.007417699886969139, 0.005260694345356679, 0.007742497435769191, 0.008497289039784115, 0.004569759206766363, 0.006069058114831518, 0.0064528667287373385, 0.004558193670378561, 0.008441381497021642, 0.006544168424075759, 0.006097161307587301, 0.007805993308131241, 0.00489769641228859, 0.009503854494278678, 0.00416939510720933, 0.008340225633794022, 0.004613522525234011, 0.007480276973392309, 0.00530749675696107)",-0.5142519459695087
0.0016360251898390155,0.002038723300852231,0.0004057390503225045,"(0.0018697529565677158, 0.0021376722252293514, 0.002136434843619633, 0.0018965662595192276, 0.001821775158690509, 0.002192380108011296, 0.002617118361965816, 0.0015300582677759875, 0.0022114269270998564, 0.0018010342707768673, 0.002923325120641842, 0.0013775457648478534, 0.0021542561834568246, 0.0018452344490962824, 0.0014369350514192812, 0.002796632280882338, 0.002159111544564863, 0.0018446429740981126, 0.0018551130936279258, 0.0021674501751530366)",-0.992505184534562
0.004824572894505127,0.0036375707598332143,0.00039961011685443515,"(0.0037728997090977407, 0.0034438920839715906, 0.00365200206437253, 0.0037066612640197553, 0.003499392062799072, 0.0037066191369552913, 0.0028961416329490322, 0.0045110479219590965, 0.0034277404310810865, 0.003757868309508445, 0.003864105907248744, 0.003435958790030283, 0.0037429389625660532, 0.0034230444365915547, 0.003389273194394696, 0.003894117953769597, 0.0037938422121559087, 0.0033968625259702943, 0.004495101544855477, 0.0029419050523680373)",2.970400609512844
8.585705099177717e-05,0.00010076266450338048,2.3502399314170532e-05,"(0.00010031385370990912, 9.61480243537961e-05, 8.934316114688174e-05, 0.0001081085333882968, 8.78525303535453e-05, 0.00010978023583152817, 6.70432012976662e-05, 0.00014388917317822774, 0.00010291366664375773, 9.369381510845043e-05, 6.393872115033472e-05, 0.00015095835821669505, 0.00011313789336644917, 8.521156815051677e-05, 0.00012834662525671456, 7.518810427255772e-05, 8.866162822804302e-05, 0.00010875756323251212, 0.00012436675868106938, 7.759987450065745e-05)",-0.6342166734702754
0.02896796185821355,0.02806438511764077,0.002666309849891002,"(0.028139790385237628, 0.02972085464340184, 0.019271945089208268, 0.029999369646845575, 0.028944068702227016, 0.02941134892101922, 0.02728631303266538, 0.0298712388756504, 0.02792016212045772, 0.029682636428123643, 0.024840167953969167, 0.029981930161974014, 0.029438965281753163, 0.02846673048120664, 0.029935978635301622, 0.026810980804088537, 0.029761359778665182, 0.02751340088867009, 0.024307483549356055, 0.02998297697299418)",0.33888662287682647
0.02091582072406913,0.023549582534484217,0.014759679352732199,"(0.012399752013022406, 0.03150475260846755, 0.014412095854654425, 0.02688300225875231, 0.03862449238623159, 0.010018358991205038, 0.006518160298891524, 0.059166487683754, 0.015921106663005516, 0.024248647761029907, 0.006782635850545045, 0.05670808830781556, 0.025237681948842332, 0.015735542061398152, 0.03283490096085347, 0.01196548127657259, 0.01333341094260662, 0.02915299415421836, 0.019788932238092853, 0.019755126429725108)",-0.1784430235557621
0.026542898823432557,0.016821657142717,0.009343221278589883,"(0.02556976687651048, 0.008248378455046973, 0.03973474653551348, 0.005233151596960966, 0.008333847087115112, 0.024896065448739946, 0.007240129605318782, 0.02846524538929308, 0.026903479556850487, 0.007672470231532993, 0.0195396692941405, 0.010512484994070474, 0.01135646216529879, 0.019105682256942775, 0.012910851974576953, 0.016500690090901434, 0.00796148016712851, 0.0262578206455567, 0.018698550733812117, 0.01129216974902939)",1.0404593224171959
0.022830820467925693,0.013559235466117803,0.006856464870390069,"(0.01254828194640894, 0.011368005173668386, 0.026190137489268787, 0.005374893074416292, 0.022242235004491802, 0.0063156080523002695, 0.007768200278294496, 0.017955639435149575, 0.005877612580005212, 0.023761515905897236, 0.019741450340601534, 0.007051348551785626, 0.00937123925630812, 0.015632433159064263, 0.018482069122702956, 0.007792617813801806, 0.008253413499911271, 0.01713702334133466, 0.006562197867364331, 0.021758787429580487)",1.352239846199405
0.0005662643883123622,0.000872849783112317,0.0004347968034755168,"(0.000930996511215802, 0.0006715941025458469, 0.0007363534320982322, 0.000848000425266324, 0.0007230810050077956, 0.0008633103576628777, 0.0022879894507851634, 0.0002719703553107151, 0.0008872742507111909, 0.0007008277958758303, 0.000855709106806809, 0.0007293899461871555, 0.000534258128346083, 0.0011732250516695037, 0.0008319857239047542, 0.0007527229329369031, 0.0005081208376172353, 0.0012286427142715695, 0.00041493992745844253, 0.0015066036065681063)",-0.7051233871760019
0.0006169155986897754,0.0005985532371676133,0.00011039240491695544,"(0.0004764166112869924, 0.0007279606077362822, 0.0006730293968558581, 0.0005151935609264151, 0.0006146018902137339, 0.0005641493015217455, 0.0004822581440871416, 0.0007187884420546092, 0.0004896988209835007, 0.0007078524820502906, 0.0007388944293841296, 0.00046920532206866323, 0.0004885574219135679, 0.0007101667897458923, 0.0005068600890917183, 0.0006843640922773668, 0.0006348461174944278, 0.0005461997609377392, 0.0004481558924396959, 0.0007738655702824979)",0.1663371817651359
0.002914869326467454,0.00308724181520111,0.0005682942770245721,"(0.003742302654241016, 0.002467752335628579, 0.003238555559617876, 0.002850075341473941, 0.00323600952481527, 0.0028520794833709973, 0.003083373221219516, 0.002992494400510217, 0.003581803149840686, 0.002576220644935385, 0.0032677212084348504, 0.0028233363355872243, 0.0029898983631631787, 0.00309207042034402, 0.002446835221698445, 0.0037757306584668506, 0.0037292639041395896, 0.0024755494780428385, 0.004446960466715843, 0.002076803931775869)",-0.30331554566438634
0.001540707715473202,0.0015003285579761698,0.0003087318743321702,"(0.0012323503757996753, 0.001754448151857309, 0.001910302020096037, 0.0011313714115095393, 0.0017090675470244298, 0.0012645061999305973, 0.0017686746818995139, 0.0012216118719837925, 0.0011002914373325306, 0.0019637544349081423, 0.0016065597786647959, 0.0013448447801244893, 0.0017262369655613502, 0.0012534624902527927, 0.0020468758604861572, 0.001056590703045502, 0.0014457875034518488, 0.001495064003876427, 0.0017113640988506088, 0.0012634068428678492)",0.13079037460702087
0.002161259661130976,0.0019896844657308044,0.00034794145347577017,"(0.0015755971554956593, 0.0024430168923289257, 0.002137633935018218, 0.001799538718975717, 0.002914564290648504, 0.0013196964571683678, 0.0020612672447168105, 0.0018650783652785746, 0.0017457899654807333, 0.0022021545200365607, 0.0016414877668793737, 0.0023423081522536047, 0.001798207182668063, 0.0021433443431944266, 0.0017733982569206107, 0.002171616645655047, 0.0018486223391106843, 0.0020812553026420405, 0.0020653734732869067, 0.001863738306857269)",0.49311513096877835
0.002275832607593248,0.0021835959375729546,0.0003409223740463985,"(0.0021921743324484744, 0.002126329738862724, 0.0021046237803638546, 0.00221310358525983, 0.002184270267923963, 0.002132117630555642, 0.0017166345741329602, 0.002710786920285049, 0.002020743097023732, 0.0023027424305475607, 0.0023177863081780075, 0.0020085114365601705, 0.0017555897978477441, 0.002659172254071134, 0.0018399811245409224, 0.00253497579223305, 0.0018154865336125377, 0.0025659768551088698, 0.002815051239672346, 0.0016558610522305218)",0.2705503570374068
0.006509789312547495,0.007107912112267263,0.0020518376870653806,"(0.007182767300960477, 0.006522031003145809, 0.004965159462987785, 0.009411965621513316, 0.005851412175185677, 0.007982935384122002, 0.005030073287297967, 0.009261955305848666, 0.008816440047039475, 0.005283449861319925, 0.00561777927316738, 0.00830468508153127, 0.006126660409754545, 0.0076839895319453025, 0.005857936144851748, 0.008013944519602587, 0.003735293382824764, 0.012517063777926106, 0.008446025676968873, 0.005546674997351596)",-0.29150590394663584
0.0106541582196039,0.013450371657990075,0.002391403571261199,"(0.017175483789008898, 0.010250535443939795, 0.011570826664520185, 0.015145147936379284, 0.010375077150553984, 0.016876609888303386, 0.011968485466150333, 0.014556868055722426, 0.011171445207734318, 0.015591048796583549, 0.012888520534725698, 0.013553523870552222, 0.016193481668942807, 0.0109743065082548, 0.0143368564692822, 0.012329379006230832, 0.01471022574478659, 0.011924155095378676, 0.017147988795364548, 0.010267467067386935)",-1.1692771023635646
0.009046395591610037,0.006020999645641719,0.0012669540969117413,"(0.006233909273682771, 0.005581561731886724, 0.0077949418472299265, 0.004454541559607499, 0.0060893905383656004, 0.005700051937284562, 0.008076132699567326, 0.004287665122113746, 0.004925123579484141, 0.007029634837020587, 0.004369570008591762, 0.007935541749586062, 0.007307064972956118, 0.004781698980141974, 0.004705774472539952, 0.007407593297386339, 0.006907457895306103, 0.0050287910665543535, 0.005712707553578902, 0.006090839789949936)",2.387928618205553
0.0017792552385669299,0.0019750947513361033,0.00020043369826718997,"(0.0020009244326053676, 0.0019316107913290984, 0.0016846566966374574, 0.002292645775193482, 0.0018825809919046977, 0.002051350555960097, 0.0020104179612941975, 0.0019193768519387509, 0.0018501548829798018, 0.0020855129117237532, 0.0020468750190978896, 0.0018860629236514745, 0.0021317381623136796, 0.0018156118216118503, 0.0015820205913867405, 0.002444580503580766, 0.001983686561601261, 0.0019472889740430983, 0.00218975259220074, 0.0017650460256678523)",-0.977078776983438
0.0037897134799696397,0.00347861693765969,0.0006273861673975737,"(0.0032021140139785968, 0.0036674912296493453, 0.002683590393554408, 0.004371577200866369, 0.0031869193477429463, 0.0036803113077240584, 0.003121920896053755, 0.0037481801754519874, 0.002732571921112801, 0.00428012515966999, 0.00376822515205573, 0.00311203342006027, 0.0026595987626333406, 0.004424337104581765, 0.003667672314350694, 0.0032058601712486234, 0.003816675409857214, 0.0030733927483311417, 0.004637908744634595, 0.0025318332796361634)",0.49586133465516524
0.000111522633668061,9.942954072003326e-05,1.6900425306093472e-05,"(8.982924712677877e-05, 0.00010706623637779644, 0.00011915759454603194, 8.07120610556987e-05, 8.595928714684392e-05, 0.0001118831463943573, 8.716044021134257e-05, 0.00011033211458246977, 9.56863102217022e-05, 0.00010049899150078206, 8.42800948242858e-05, 0.00011411285293426816, 9.18263704717928e-05, 0.00010474190476534105, 0.0001274291793381645, 7.547739023614945e-05, 8.014465252682279e-05, 0.00011999990361745288, 7.638785376192694e-05, 0.00012590518276065738)",0.7155496225096513
0.002974559321047691,0.008327664835704024,0.004018769098681773,"(0.00450841566242171, 0.012781501509522406, 0.005704974399972668, 0.010255984465484631, 0.010484701374640807, 0.005398728172362369, 0.015096174147357564, 0.0017867213636020385, 0.0160869905684944, 0.0013044252024459891, 0.008954744063079806, 0.006764749043128676, 0.006640292259257102, 0.010920516931845545, 0.007167418412528926, 0.010234221704803408, 0.012087282991230644, 0.004239182533991301, 0.007042006783172168, 0.00909426512473835)",-1.3320261461182843
0.013092058227328795,0.02089413105982019,0.010409647631041739,"(0.010024519163825685, 0.03436410263215441, 0.024097582366927477, 0.014586275094984216, 0.02220975593847608, 0.015312002703177584, 0.013367782997123176, 0.0258316893401608, 0.03492332851877946, 0.009870956829979684, 0.010640221523972412, 0.03179019862521295, 0.02027134773718842, 0.017143609814028255, 0.0072512967460492414, 0.0470987227469739, 0.012057215554873567, 0.029563402230635406, 0.02002517783827803, 0.01745343279360302)",-0.7495040282848275
0.00854994154745483,0.01681923583811796,0.009068182816876314,"(0.007727067271397617, 0.02752234632933302, 0.00865117442326635, 0.025450811531220127, 0.014961697157787317, 0.01388027640841406, 0.015755298604188863, 0.013539082129163162, 0.02155504253888672, 0.009869328635225666, 0.0371567175617246, 0.0055383550321880855, 0.009378237904400233, 0.023004729334561835, 0.033867985255456264, 0.006181985232505432, 0.018411963810288333, 0.01226218686087134, 0.010103644813403166, 0.02156678592807706)",-0.9119020268618299
0.008921774095405968,0.011916878966023461,0.0062744755353222725,"(0.006998585568438965, 0.015382531784531053, 0.006813807823394678, 0.016372662737147683, 0.0243461642302534, 0.0043084250824848395, 0.004308054476963857, 0.025039601891604, 0.017342046740724534, 0.006204230508804022, 0.008107996863315217, 0.012818444485933337, 0.008477274182272334, 0.012877699139018966, 0.01630510157248478, 0.006492589595040943, 0.006609161833970016, 0.017336223249905126, 0.014685897270347078, 0.007511080283834416)",-0.4773474458154306
0.0005382828383562454,0.0009086068335151493,0.0004306903717551811,"(0.0004921732409573088, 0.0013608560741083838, 0.0008243609804045204, 0.0008157157026880927, 0.0007302337034898887, 0.0009085205427334827, 0.0005105605856111384, 0.001305692732355502, 0.0007674857604913761, 0.0008691570873493635, 0.0004346704227790636, 0.00152537651568259, 0.0007422833946283577, 0.000900781398543798, 0.0019592777082282804, 0.0003400983468549413, 0.0013276417512703724, 0.0005100311558080432, 0.0004955026927081635, 0.0013517168736103169)",-0.8598381097996974
0.0005181473644998907,0.0006019102855992223,0.0001310956995030922,"(0.0005558153809488881, 0.0006232063023451722, 0.0007384207977874042, 0.0004693639552558838, 0.0005082810196271757, 0.0006809879751652336, 0.0007342776604642852, 0.00047164830962902806, 0.0007455315130535814, 0.00046452921659136825, 0.000388907622599736, 0.0008899023535381932, 0.0005981985924024453, 0.0005790930150311995, 0.0006286515679117819, 0.0005507667642686459, 0.0007658890946458122, 0.00045281131961662555, 0.0005027442306606776, 0.0006891790204413064)",-0.6389448427128294
0.0034801040230850538,0.0030812679261048833,0.0005133687694294222,"(0.003153606495840565, 0.002931715769586897, 0.0030444598496419096, 0.003040827266353244, 0.002514992362419871, 0.003672804613934239, 0.0027576177749880056, 0.0033530752448844036, 0.002731609248336873, 0.003384654701409334, 0.002472480735809495, 0.003734662808520819, 0.0037557251332197986, 0.0024630379019212703, 0.002216534825015253, 0.0041686535656671716, 0.003194673878040431, 0.00290062003989753, 0.0026778527391174175, 0.0034557535674931248)",0.7768998052286122
0.001399842169325863,0.0014808391479862444,0.00018523748095031962,"(0.001434702648851299, 0.0015058006477217838, 0.0012289399099612256, 0.0017596211989720327, 0.0014089188632226224, 0.0015322127403190535, 0.0016582892237255705, 0.0013028087412522804, 0.0016313436800697984, 0.0013242418465900761, 0.0018974796722751911, 0.001137419867539894, 0.0014930252625921538, 0.0014474985799731931, 0.0014530009290684171, 0.0014861297825064556, 0.0012965473883254357, 0.0016691174643425942, 0.0013591303060485956, 0.0015905542063672118)",-0.43726020373870655
0.0017372188832370172,0.002001699452885844,0.0004266373243038846,"(0.0025168817907173066, 0.0015241517594973164, 0.0015289572620075856, 0.0025131458146049274, 0.0028075986147338243, 0.001364238119470532, 0.0015356941525971697, 0.0024976365811778772, 0.0018440359210382304, 0.002079844341358761, 0.0016947723256758058, 0.002259118889440566, 0.0020850029964668876, 0.0018407646032083968, 0.0020227184786709676, 0.001894731974140775, 0.0025062332516839663, 0.0015353784750855887, 0.0016362083569143164, 0.0023468753492260695)",-0.6199189676626672
0.0023558764165877186,0.0021704206618733462,0.0002480096948787597,"(0.002261006049146305, 0.002057849681782025, 0.002101466835815745, 0.002218662235781205, 0.002074695113443623, 0.0022373354017893475, 0.002426423585037282, 0.001916598204754756, 0.002109936284799692, 0.00220401386184105, 0.0021763940444806747, 0.0021317945767951965, 0.0025228246244959366, 0.001844993933223429, 0.001954960837874536, 0.0023766839841604577, 0.0025704609029061176, 0.001817606192394892, 0.0017635023988246553, 0.00264120448812)",0.7477762303003233
0.008981334313811951,0.00696798900473629,0.0014664997417223144,"(0.009850020366034369, 0.004731006215240646, 0.006743110290397626, 0.006956917333930841, 0.010514832453076836, 0.00439730005549316, 0.008122133023936965, 0.00572733705507966, 0.006897797535566389, 0.006743422162180952, 0.0064116639662606, 0.007200680021455653, 0.0073600832072765, 0.006338661024152261, 0.006030434618127189, 0.0076921871119000895, 0.006451417109888402, 0.007320824226443811, 0.008091551145208, 0.0057784011730758495)",1.372891690189532
0.009042551603318846,0.013419983840276636,0.0024623336191255474,"(0.01311570339800749, 0.013300190021979835, 0.01642384579690459, 0.010760693351443517, 0.012908473316208393, 0.01330683573478911, 0.013686770478495562, 0.012700630618385231, 0.010071881208229567, 0.017256623828647576, 0.010540595155703344, 0.01624881111062447, 0.010924597495953453, 0.016002736830477687, 0.010239935513960166, 0.016882282020331964, 0.010599515759651023, 0.016896976587208987, 0.013907118985016845, 0.012625459593513917)",-1.7777575723115682
0.007426068191482381,0.006009197820264877,0.0011951047612245743,"(0.006110798740046612, 0.005697783809524151, 0.005461153837284723, 0.006412573965013168, 0.004465643901011979, 0.007740859521554631, 0.006108768467497796, 0.00568927508918159, 0.0038218181879154985, 0.00909361317122761, 0.0064712132028637015, 0.005335046763330444, 0.004504761157069591, 0.007735263446543031, 0.005332774312319512, 0.006501798247083247, 0.005718430457155983, 0.006161679114404371, 0.005774278614036363, 0.0060464224002335235)",1.185561648809512
0.0018254765134156216,0.001992707463107998,0.00037049757210161295,"(0.0020648778784846723, 0.0018627874804298169, 0.0016489056268628056, 0.002337207898045602, 0.001971667202629978, 0.0019461976844274559, 0.002179649899222903, 0.0017636400613853414, 0.0030315888865691644, 0.0012680153106219391, 0.0016444147695198973, 0.0023325249703456466, 0.0017835131324146867, 0.0021572339178516165, 0.002266848960836602, 0.0016944655744548713, 0.0017979754252320616, 0.002147787115347189, 0.0022228823046242696, 0.0017319651628534443)",-0.451368544046792
0.003278060316294483,0.0035775280848690523,0.0009506455044824403,"(0.0027559952755489506, 0.004350934245019255, 0.0033488345744512637, 0.003592063248365814, 0.003190294515144726, 0.0037319772145067366, 0.004005989286338065, 0.002983177715935824, 0.0025267351266048815, 0.004731766475731928, 0.003156348009692598, 0.0037702181624492395, 0.0022322598349171956, 0.0053656999366893015, 0.004529978975907594, 0.0026368691164208665, 0.003764385525671349, 0.003212397568171123, 0.0054733936942735414, 0.0021912431955407757)",-0.315015184064441
7.31442830157868e-05,9.984273501645026e-05,1.9273923886307075e-05,"(7.454651145011909e-05, 0.00012904958459036405, 8.42299804156263e-05, 0.00011422190167035562, 7.361043377015202e-05, 0.0001306565670343231, 0.00012115970894537954, 7.938892755670601e-05, 0.00010842470353223863, 8.871567174149795e-05, 0.00010965446245858176, 8.770844921331328e-05, 8.946596321788157e-05, 0.0001075212808087602, 0.00010693657043298331, 8.994936128503616e-05, 0.00011516664317914275, 8.355406534095654e-05, 7.553130238687561e-05, 0.0001273626112987119)",-1.3852110321775764
0.02807274995297565,0.02537621326158156,0.003048148190460103,"(0.029433404335480896, 0.019025747184653725, 0.02324418081598474, 0.028864887286562103, 0.02491877169692071, 0.02546405742349976, 0.027811957608066023, 0.022809493290908773, 0.026773111621305034, 0.024973937466180117, 0.026005026248623705, 0.0242246031270218, 0.027609610923534474, 0.024344723327786557, 0.020571731136850555, 0.028691809901040106, 0.029622689857620916, 0.021640884299923058, 0.02309479415007919, 0.028398843529588998)",0.8846475049453096
0.021752123537887372,0.02107899670117526,0.010203189156649362,"(0.015617050623667531, 0.022847642280002224, 0.015570994734476692, 0.0226748932786007, 0.03132681283936505, 0.010910798286444059, 0.013744494590746344, 0.02561215576413145, 0.039611358803668464, 0.008912900439278258, 0.01262840828768126, 0.028140426543958118, 0.008904338065933683, 0.039922083892928936, 0.02553919539262444, 0.013984411546605251, 0.037366890982830275, 0.009472469357046043, 0.023725086102013952, 0.015067522211502463)",0.06597220010112616
0.008292810496162853,0.015709571108341168,0.007050728491359004,"(0.016966402729966277, 0.012339287997859353, 0.03425815041956274, 0.0060115700017033345, 0.00979263755135381, 0.019982393352874512, 0.01104381754605178, 0.01856052320782684, 0.013494468481340583, 0.0152597712521496, 0.006914081309446343, 0.030085819000582704, 0.011262153967883489, 0.01848086175310518, 0.017136281027506497, 0.012231294838100783, 0.010144682021514091, 0.020378197658581187, 0.0113466231206775, 0.018502404928736726)",-1.051914085369746
0.023179521662694574,0.013423172218832383,0.00772264525149051,"(0.013398880869030018, 0.01043112023010645, 0.008714516476727186, 0.015737343644089043, 0.038379210527485726, 0.0033659524768838056, 0.024123432398409087, 0.00565364163448545, 0.006752386842512245, 0.020306965933500516, 0.012122857755008548, 0.011442607187096557, 0.015875132525462233, 0.008744783392248559, 0.013831198366927804, 0.010115248901072533, 0.01460897823153237, 0.009427789217534241, 0.01735117509537498, 0.008080222671160316)",1.2633429513001604
0.0016048580572754845,0.0008913174809042645,0.00038468890335713676,"(0.0007743488471373728, 0.0008611950732156113, 0.0006649951641650956, 0.0010010859309498301, 0.000529674719783463, 0.0012480989281264594, 0.0006975146132941263, 0.0009537186210717343, 0.0010253618520858958, 0.0006492058235394934, 0.0011883116701799127, 0.0005607058607835523, 0.0016068833881394602, 0.00041473392873748994, 0.0017102158183053562, 0.0003895611972899118, 0.0010842456855186431, 0.0006140541096717238, 0.0004890777651388336, 0.0013633606209513208)",1.8548509461651523
0.0005094126786605317,0.0006031209553259826,0.0001377039544538499,"(0.0005260103198542319, 0.0006578862103857857, 0.000514191143528598, 0.0006728295093180369, 0.000736078016965472, 0.0004695701382746642, 0.0004159195815221344, 0.0008317266748495055, 0.0004413514010525099, 0.0007838669642796575, 0.0005045522307240686, 0.000685784092619468, 0.0007767658284150461, 0.0004454642013924603, 0.0005016292632994511, 0.000689835158481009, 0.00044158999281547793, 0.0007834829847794938, 0.0005261188120801041, 0.0006577665818824755)",-0.6805053423273782
0.0027584001508341,0.0030935919262007738,0.0005740398484411668,"(0.0020969947525616792, 0.004421470114340663, 0.002831699618753012, 0.0032720441939629646, 0.0027511521514194484, 0.0033606431895707926, 0.002959363137787468, 0.0031302750357801684, 0.0034650285664924257, 0.0026739754984801, 0.0029414899407525586, 0.003151229943040421, 0.0022943605037184798, 0.0040401400609353455, 0.0038383499271641836, 0.002415682624098228, 0.003393579084035749, 0.0027307194592984183, 0.003253638520994219, 0.0028500022008291583)",-0.5839172598851867
0.001466696485829748,0.0014981176913575528,0.00029225900528886603,"(0.0011875875998621313, 0.001823397182935473, 0.001423990074138127, 0.0015199414660063467, 0.0010572201522213833, 0.002044033685249953, 0.0012015999656576522, 0.0018009865684016837, 0.0011024521293577852, 0.0019632330224094025, 0.001645346696017685, 0.001315841534550851, 0.0012336852607366588, 0.0017549567236203822, 0.0014778086214455048, 0.0014653343931213699, 0.001487106208448289, 0.001455589077216921, 0.0012048898735320405, 0.0017973535922214193)",-0.10751150506636548
0.0018932396174017156,0.0020434543625753514,0.0006012365592888795,"(0.0014398550211146028, 0.002676711826027221, 0.001181443577617642, 0.0032595227059321243, 0.0021525885882171247, 0.0017841790762836397, 0.0019149543142892435, 0.0020104707719584814, 0.002309779915534563, 0.0016672122165577031, 0.0031842099893196947, 0.001209957944654081, 0.0021600253709123155, 0.0017837516567532654, 0.002007392309500211, 0.0019199131309029288, 0.0029631825293918368, 0.0012998109663946425, 0.0017862762349542618, 0.0021578491051914344)",-0.24984299915378438
0.002163422818600019,0.0022164312012225187,0.0004919763829488476,"(0.002042953941645309, 0.0022962913836641094, 0.0024429208538640002, 0.0019184747061586464, 0.003110799916114091, 0.0015015761511642345, 0.001686994818063038, 0.0027772290212936214, 0.0017693396824490157, 0.0026487765594860077, 0.0023312272028012644, 0.0020114855636205204, 0.0024109607211705345, 0.0019451041678558549, 0.0024878323369947816, 0.0018854809208369745, 0.0028510813450315347, 0.0016441102640925957, 0.003004339193315141, 0.0015616452748290904)",-0.10774578711436099
0.006587143231795441,0.007027228830840277,0.0015222171933019113,"(0.005706251941757969, 0.008308916923503527, 0.006303565946417012, 0.007498335906006227, 0.006785644321074736, 0.006891449682653043, 0.010871398496927464, 0.00434324638446456, 0.00546117801188916, 0.008654369146594378, 0.007582719757917868, 0.006244227492539036, 0.006422142953454404, 0.0073743989654249135, 0.00614392733735893, 0.007714349687433362, 0.005068157205363232, 0.009331194358280627, 0.006247226488143604, 0.007591875609601496)",-0.28910828295811464
0.012016159364986338,0.01347455185261507,0.002465194285435152,"(0.012434798823906256, 0.014219694228375962, 0.016868327183402726, 0.010420113904964685, 0.009804644805577602, 0.017562120574262003, 0.011555455599362116, 0.015180646254721082, 0.015665568658220476, 0.011218682778826549, 0.015205139831641533, 0.011598492173889597, 0.010263835914485804, 0.017190149416298334, 0.014279749698256468, 0.01237436337246149, 0.014894186032114705, 0.011813606465525494, 0.01559927940888273, 0.011342181927125796)",-0.5915933264348366
0.004793351220591815,0.005946579616255007,0.000821741007309588,"(0.0058261104139030895, 0.005977522063759135, 0.005898355727693256, 0.0058885355753923, 0.007424527725800514, 0.0046345670132629585, 0.0042736778145906545, 0.008119707748393466, 0.005593216380324862, 0.006209399921847265, 0.005302574988773264, 0.006559894077154553, 0.006227952397777916, 0.005586388479925421, 0.005897768883976225, 0.00590275767302279, 0.006098912776377218, 0.005697472134535825, 0.006124491466015949, 0.005687759062573485)",-1.4033964295379466
0.0018905063185924178,0.0020163755088440116,0.0004865620218665344,"(0.0018401398598487991, 0.0020967670591899323, 0.0024300385648751547, 0.0015863642142171749, 0.0026347160148328616, 0.0014586017788950861, 0.0019826223563736804, 0.0019437697189469414, 0.0017982366618595161, 0.002143681554087297, 0.0016400319599987642, 0.0023516767580625706, 0.0021100457613731803, 0.00182796892482136, 0.0020272906531984022, 0.0019029742010901894, 0.0024934283049622146, 0.0015462661769880509, 0.00336679201201881, 0.0011460976412402404)",-0.25869094708365903
0.0030345309715784975,0.003516704238548381,0.0007747641957210412,"(0.00399722305964751, 0.0029586745561166667, 0.004769389823833207, 0.002476323149763773, 0.0035440083656510207, 0.0033146882464355596, 0.0025981713173028396, 0.0045431881468015614, 0.0030783305296587793, 0.0038364741792512023, 0.0029713455311302646, 0.003977536459384148, 0.002567258820818113, 0.004604310920676587, 0.003817963400934692, 0.0030955133409992577, 0.0033380360221957226, 0.0035385220167273956, 0.002419558884938117, 0.004887567998701204)",-0.6223484121141462
9.325009454571989e-05,0.00010150100529902282,2.7138288821026493e-05,"(0.00012518609584637286, 7.68256725427623e-05, 7.647980607823432e-05, 0.00012574842002185024, 0.0001335818980444588, 7.198501635314374e-05, 7.940321865934273e-05, 0.00012111688797750603, 7.862788474617188e-05, 0.0001223128328065391, 8.798660700615168e-05, 0.00010930469952846526, 0.00011295328469559428, 8.514485788713546e-05, 6.47424298391788e-05, 0.00014854604620479566, 0.0001462922132354769, 6.573967774872052e-05, 8.531828757029872e-05, 0.00011272426918825657)",-0.30403209309609097
0.012493584059141822,0.011071586921286817,0.0033518123201786774,"(0.008118972371921043, 0.015185991771524684, 0.007695377502240273, 0.014667622461333428, 0.003976217663372977, 0.015323631445619705, 0.007814799694067091, 0.013985219125780993, 0.010757005849769097, 0.01118287979876886, 0.00902122035463191, 0.013561445372311194, 0.01246375014681377, 0.01015802378116456, 0.006309912451285948, 0.016402647232132094, 0.008667678096794224, 0.013428469151031509, 0.011148479010430005, 0.011562395144742934)",0.424247243586479
0.02897108242252282,0.02087101030719775,0.010690959688977979,"(0.021939303721411132, 0.01577701252895579, 0.019114262012262975, 0.018121103413211416, 0.04081258163155787, 0.00833183102053822, 0.017842274599690303, 0.019098067216118016, 0.01742178541613582, 0.019828766958026215, 0.011931655095183883, 0.028758668798844252, 0.008031859984275332, 0.042891881812092816, 0.024649246476920177, 0.013960884965643572, 0.007984370474179962, 0.0430860791444664, 0.01488243334833356, 0.02295613752610724)",0.7576562208606936
0.026890702197925137,0.015802654365230675,0.007667450309731236,"(0.01625215223813051, 0.012464902728627133, 0.007205601900752398, 0.028160452499040745, 0.01669986595063945, 0.011792744428426968, 0.01640241558605212, 0.012046368634548943, 0.012427055196006495, 0.016246604003392416, 0.006291734809200653, 0.031751380393208746, 0.01466061839322689, 0.01371163576276564, 0.01002516836895151, 0.0200185105632571, 0.007284342749342703, 0.027541618640859227, 0.0070927845569338874, 0.027977129901249884)",1.4461192945224484
0.01032718123334269,0.012237476090217962,0.004883705687637143,"(0.015824351779854855, 0.008255144028305426, 0.00632125925825204, 0.020711414705240738, 0.009233195089342455, 0.013747897046987017, 0.024073677716550633, 0.005290478884297667, 0.01095773455454229, 0.011877797918103434, 0.009984474904496641, 0.012897579510689459, 0.008842874782185775, 0.014654117369764309, 0.016577321082104433, 0.007804486637647084, 0.014595362223320751, 0.008862934361573059, 0.016469587766662994, 0.007767832184438244)",-0.39115683439136967
0.0012527814615319046,0.0009562732672606351,0.0005923541936986109,"(0.001294286048642944, 0.0005057040147014081, 0.0003006433027524197, 0.002182506215149181, 0.0010334818764376628, 0.0006310485213668411, 0.0025095072020240496, 0.00026001086365080433, 0.00039597128782660186, 0.0016506788028357816, 0.0009819265532996055, 0.0006650532984849598, 0.0007809092605845292, 0.0008366692208988309, 0.0005708003258293453, 0.0011448497903034992, 0.0006501428633978899, 0.001005785722380932, 0.0011648202626520247, 0.0005606699119933891)",0.5005589517648162
0.0007823175746742665,0.0006000341406323846,0.00012195697794113959,"(0.0007252473705524329, 0.00047790323325632496, 0.0005041728209657109, 0.0006875569434628028, 0.0003738129434505569, 0.0009267478715921154, 0.0006618512370842815, 0.0005234560633945972, 0.0005975781220230761, 0.0005799429713993386, 0.0006109273105376075, 0.0005671805370074027, 0.0004817884557749887, 0.0007192741943606154, 0.0005701028480200921, 0.0006078457934033576, 0.00047163307187386564, 0.0007347769739663717, 0.0006204056884763943, 0.0005584783620457556)",1.4946535829205105
0.0063874285253544974,0.003091815208424082,0.0005682216290808387,"(0.003863793959349835, 0.002397136378402596, 0.003086000653540547, 0.0030015101994578406, 0.0029266459912920756, 0.003161230411148112, 0.0036847948718606704, 0.0025111299857592563, 0.0023711558268429017, 0.003905607009893059, 0.003226470385346894, 0.0028690706156552313, 0.0037510512930375227, 0.002468435405654011, 0.002802019108112606, 0.0033042717881094532, 0.0032599929494460766, 0.002840043632322055, 0.004205206777418927, 0.002200736925831973)",5.7998730570348656
0.0015413216776505795,0.0015110258862952282,0.00036060788444964307,"(0.0018772627687891666, 0.001152902144523013, 0.001128382719859619, 0.0019182019347697148, 0.001774914009664372, 0.0012184031377633913, 0.001825270542917776, 0.001184899380281841, 0.001398448230486266, 0.0015474756059853855, 0.0016984638526736143, 0.0012737539558722742, 0.0017201897813979314, 0.0012578848684903089, 0.0009188011859042151, 0.002354925484834652, 0.00168570930770383, 0.0012835601499762066, 0.001202940183543127, 0.0017981284804678586)",0.08401311413805751
0.0017459939052724247,0.002033559119256663,0.0005629254004655885,"(0.0021624068747529506, 0.0017782603307428617, 0.0020795462723726768, 0.0018495205130066035, 0.001728650574909289, 0.0022213836417986437, 0.0024499346048693616, 0.0015676366812939187, 0.002500183508999736, 0.0015376708257246996, 0.0028635384223518147, 0.001341894022816213, 0.0013045360545200276, 0.0029463903680763156, 0.0020444836456010094, 0.0018799082854446688, 0.0030030915311504056, 0.001279864826283906, 0.0014123797230458529, 0.0027199016773723026)",-0.5108407148556395
0.0026341022037133298,0.002209594928644036,0.0004936126818591943,"(0.0028456316660777532, 0.0016383201629136797, 0.002337381239003166, 0.0019954161945902895, 0.0014679202770573577, 0.0031704728554343775, 0.0014500736627590103, 0.0032101372578745555, 0.002268561569511143, 0.0020543622152386946, 0.002227344597358504, 0.0020911550254756827, 0.002470453647609852, 0.0018860119458294984, 0.001727463215081496, 0.0026970625874427547, 0.002093025769809458, 0.002226185850687767, 0.0019639516877635516, 0.0023709671453621245)",0.8600007468819185
0.00655098912739272,0.007005357023978899,0.0012869726443011497,"(0.006944366693129563, 0.006860507406751974, 0.005924955016734271, 0.008052517606901585, 0.007917015619194091, 0.005984180134924398, 0.007003884076515533, 0.006768760592294509, 0.004912114243085382, 0.00968778929208236, 0.008658304006990102, 0.005485885343740405, 0.005752600760899377, 0.008265849347431568, 0.008985348778317779, 0.005291185557027596, 0.006426974600613536, 0.007399576746673727, 0.007117153323856466, 0.006668171332413773)",-0.3530517129467888
0.01130260944597567,0.013500415433831077,0.0016587648397775624,"(0.015807127045692353, 0.011416076772103316, 0.011925231989413438, 0.015174721139364142, 0.01410469229571185, 0.012656548431419742, 0.01572803997625003, 0.011364497997795807, 0.012523405498404689, 0.014377608579719658, 0.01468097330301317, 0.012220229782441697, 0.013835648150056175, 0.012994173457780487, 0.01220843778612933, 0.014721935798230668, 0.01118739331669978, 0.01607458572671651, 0.015301250330015639, 0.011705731299663048)",-1.3249653809578756
0.00500007123131055,0.0059692704755675485,0.0010378244909875745,"(0.004926409807293333, 0.007041683635805853, 0.005384215332145586, 0.006451790945356957, 0.005759519959403104, 0.005994007690002362, 0.007006413226668027, 0.0049300814902076585, 0.005504038397543499, 0.00629613437263381, 0.005570934908192273, 0.006210561769589271, 0.004507224215117643, 0.007683397452710069, 0.004840482139019648, 0.007153641171441728, 0.0051282839109714345, 0.006754108551649201, 0.004419875548471602, 0.00782260498712789)",-0.9338758650171445
0.0017367767681839455,0.001990307157632286,0.00033528231533867087,"(0.0021998548717225104, 0.0017541599361426022, 0.0026655217764111317, 0.001448368248746412, 0.0024252648990909873, 0.001588570237903849, 0.0019520178473965467, 0.001974074353400208, 0.0024048555110657193, 0.0016040734955966775, 0.0017547683334450065, 0.002197164465849237, 0.002038252744166591, 0.001892160968018957, 0.0019380829367032495, 0.0019898867148736015, 0.0018949705063089522, 0.002035352461336203, 0.0015309757698644538, 0.0025177670746028224)",-0.7561698838551855
0.004036103391554853,0.0035433277661086693,0.0008775671598801376,"(0.002765593951624452, 0.00429387333382217, 0.003451279322682805, 0.003446866256736882, 0.003658207228707144, 0.0032372381584167328, 0.003547287342671239, 0.0033396970934676407, 0.0023144793072484263, 0.005125657965874107, 0.0032790307666891124, 0.0036153176770986136, 0.0030262547748348165, 0.0039188759165956, 0.00395320454242196, 0.0030003157264485193, 0.0020940906257076366, 0.005666549122350682, 0.004496010246016607, 0.0026367259627582415)",0.5615246877669047
0.00013034624361697592,0.00010134472321858507,2.700024252686609e-05,"(0.00013998576386986831, 6.867518345119415e-05, 9.60743376312995e-05, 0.00010007074178064331, 0.00012104856648219462, 7.941347521316905e-05, 9.868320228273824e-05, 9.74126499410749e-05, 0.00012489477515297999, 7.697040269999575e-05, 9.029468595725988e-05, 0.00010646341231570559, 0.00010757710071339206, 8.936051320995176e-05, 5.725513508356633e-05, 0.00016790142024555554, 0.00012431005157701028, 7.733407929684722e-05, 7.500953829113516e-05, 0.00012815942917611967)",1.0741207368612864
0.01742948332528179,0.02017227948578805,0.003727119652257446,"(0.020765780383144496, 0.0209946926149579, 0.027641338509288352, 0.012783676351406089, 0.018492449911960057, 0.02128346940017847, 0.013908655970411382, 0.02500927450353411, 0.02318484325170564, 0.017104322516761018, 0.018877821367091083, 0.021430246396071793, 0.019939686745907476, 0.020594744473155645, 0.019556501795336956, 0.02120180098785848, 0.02501067845776362, 0.015246256121486538, 0.017494188155427907, 0.022925161802313885)",-0.7359023633290119
0.028307795546823375,0.020226981121376386,0.007151090363243565,"(0.022324115565059404, 0.016435948771292657, 0.020886113843435188, 0.017546157456517802, 0.01927087426047197, 0.019110816700417362, 0.012335667125406869, 0.029971443201870864, 0.02379934793980538, 0.015227924992394417, 0.022069818241810594, 0.016592070531517726, 0.014604633224019743, 0.02482367356788754, 0.01606139897542238, 0.022370776157318924, 0.010799222124356219, 0.0331217004199091, 0.009828669104859798, 0.03735925022375382)",1.130011510829479
0.018036754853580545,0.01576549112666107,0.005780146911285499,"(0.017323215475086192, 0.01283341863710589, 0.007082965983552083, 0.031359769678855454, 0.011812742839501856, 0.018945573379009352, 0.014549468872338522, 0.015480679352395561, 0.01606604004776588, 0.013558070425281765, 0.016149054906856343, 0.0137319774918224, 0.009441278435446785, 0.02308850662061034, 0.008601146743118607, 0.02496439552939396, 0.011548877285499597, 0.018487153802827398, 0.012580963008385184, 0.017704524018368223)",0.39294221440720234
0.007611086981723622,0.01134112466566843,0.004757325367216301,"(0.012153344979022372, 0.009188116099569902, 0.012946321028445736, 0.008626181079601036, 0.011516063829948157, 0.009775372293805472, 0.011601244074668761, 0.009774714985625418, 0.014765599419067837, 0.007388017424284091, 0.010268840790418881, 0.010851478906682614, 0.008225128838163362, 0.013276332619368645, 0.011742862146794333, 0.009137834505270604, 0.024278705892825152, 0.004398519850099204, 0.005146016435069049, 0.021761798114637937)",-0.784061924721243
0.0008390127236333438,0.0008898975800255218,0.0004647102481694589,"(0.0008194839128205197, 0.0007792715442885255, 0.0008873651674203508, 0.0007217034855041209, 0.0009713151512442638, 0.0006596531190513259, 0.0008357123037802387, 0.0007678670813277005, 0.0011616241402452655, 0.000546742557183165, 0.0010378599314818564, 0.0006162516733212553, 0.002415461598622082, 0.0002630706434485396, 0.0010490309909632573, 0.0006028015324022157, 0.0003957586463821897, 0.0016035180682092772, 0.0006041000906969512, 0.0010593599621173367)",-0.10949802934757452
0.0006554869865137728,0.0006104349186476501,0.00017704412891034578,"(0.0005455118079059184, 0.0006334817847555511, 0.0005440568317384853, 0.0006352742803592208, 0.0004954615316799089, 0.0006976518384981031, 0.00043216514291029697, 0.0007999565767213839, 0.0007065647103548413, 0.0004888331796802856, 0.0011258158637380848, 0.00030697152064016326, 0.0005464023676826067, 0.0006321463239807107, 0.0007632985663953654, 0.0004523243365398065, 0.0006560849188530203, 0.0005263144241044104, 0.0007736243773124835, 0.000446757989102354)",0.25446801395451446
0.0030045423659625045,0.003081457520399484,0.0005523561230421709,"(0.003144292026687091, 0.0029306079150930348, 0.0033915017658681253, 0.0027169096790538067, 0.002229903378781663, 0.004133509138420373, 0.0023201383341608806, 0.003973831265184594, 0.0031739501311418986, 0.0029006996473532123, 0.0025071829611556995, 0.003674939239856975, 0.003933132827702969, 0.0023408756751943185, 0.002968805908044741, 0.00309924131767671, 0.0026840407428049065, 0.003427263602726943, 0.0031841942952229763, 0.0028941305558587618)",-0.13924921120338032
0.0019430756771825427,0.001479982810706647,0.0001610750049260704,"(0.0015053423524405733, 0.0014392447090237686, 0.001535468581031346, 0.0014110461300151393, 0.0014523001553186788, 0.001492179313525515, 0.0016829409642232646, 0.0012879553659392625, 0.0016924886537952881, 0.0012792286669630925, 0.0013373066830575592, 0.0016200186679176916, 0.001439594422396117, 0.0015040016926148483, 0.0011839248829563953, 0.001827847417840859, 0.0014610852461672623, 0.0014809647187320595, 0.0016666156508702663, 0.0013001019393039494)",2.875013827803044
0.0014604815539376022,0.002000652852947891,0.0004177846203433181,"(0.0025364666392095046, 0.0015155866640360449, 0.002263429465756589, 0.0016987277818694547, 0.0018030022106133303, 0.002133255129067027, 0.002189785900827854, 0.001757149540451372, 0.001969054531490449, 0.0019498271890719383, 0.0018445863263907105, 0.0020840907219485854, 0.002777908410364822, 0.0013821994619174305, 0.0017421107386891225, 0.002201797363816214, 0.0021283806043232547, 0.0018022436031395633, 0.0029137794808353854, 0.0013196752951391596)",-1.2929420392890443
0.0019447215166268886,0.0021666346634446033,0.0002616950256079797,"(0.002691595884370536, 0.001721102493135708, 0.0019990532282983626, 0.0023183906676048065, 0.002251228307951366, 0.0020594681817327847, 0.0021023840744576368, 0.002206453157087812, 0.0023937556340094535, 0.0019318269666307468, 0.0022928643150927014, 0.0020207176157116644, 0.002519556750820524, 0.0018356107421526725, 0.0023162139377264036, 0.0019938969229234106, 0.0025494033323317073, 0.0018121418238455174, 0.0023151257782629297, 0.0020019034547453245)",-0.8479838174308347
0.010204768746374826,0.006903707577155079,0.0011046953040035736,"(0.008277365828856643, 0.005629872961897402, 0.0071475180825330475, 0.006529805392372886, 0.005750842395601739, 0.008125369996587615, 0.007558644714362041, 0.006192785936056, 0.005970282228596942, 0.007760475482261577, 0.0056923798351656, 0.008191036332986028, 0.006713921283943474, 0.006903904619200905, 0.0063790326267236675, 0.007232262529055389, 0.005291334182525186, 0.008729756625724727, 0.008518737320315444, 0.005478823168335252)",2.9882096513456964
0.015982307909260484,0.013508095456964107,0.0027614927634150186,"(0.00952661113655301, 0.018475961097896433, 0.013477550629894967, 0.013097567578552427, 0.015527402943094116, 0.01139442862471121, 0.01416159553174157, 0.012534730136642183, 0.01693640316850164, 0.01027920757265626, 0.01215188825208878, 0.014499614264178052, 0.018660935682201656, 0.009336920665010314, 0.014013713365150523, 0.012322693207679642, 0.015057418024674278, 0.011495280254231247, 0.01067459136683837, 0.01653739563698542)",0.8959691964706168
0.005090425247323313,0.005910403297679433,0.0006819128445869468,"(0.004617085443723056, 0.0074837209056076645, 0.005152938984466536, 0.006714976345746005, 0.006231025754127157, 0.005558679920844714, 0.006261257511046004, 0.005540153934401976, 0.005716103847612325, 0.006014670457110264, 0.006370615869459413, 0.005426767287075535, 0.004894947285442304, 0.007026356451814817, 0.005732601924133026, 0.0059751137883599014, 0.006124022067007634, 0.005600040810097781, 0.006004498149699639, 0.0057624892158129)",-1.202467524794614
0.0017981805417640758,0.0019869045726426905,0.00038281099271471,"(0.002008189885785898, 0.0019021826967379686, 0.003175367253465281, 0.0012035786428778556, 0.0016766407017080813, 0.0022802032607339095, 0.002171674155791927, 0.0017613274619842024, 0.0018437716036111206, 0.0020682925958207497, 0.0023005755919830186, 0.0016607457937718902, 0.0018341642340859302, 0.0020793978264769925, 0.002256159124839904, 0.0016881105836109682, 0.002102118109001079, 0.0018125852766826063, 0.0018780689866186898, 0.0020349376672657367)",-0.49299532790392286
0.0026348016859883134,0.003454206023783963,0.0005566593267405126,"(0.004473022588884988, 0.002605368010212414, 0.0034827154511333897, 0.0033527524204284053, 0.0033092374920266434, 0.003529876006540295, 0.0026767857411166755, 0.004368719417863378, 0.0034523192588092944, 0.003362449669729914, 0.0030649049090875143, 0.0038063376337847303, 0.0033990749742344546, 0.0034163647265482346, 0.003832593415072349, 0.0030194801791611804, 0.0032618044513978003, 0.003556426690268136, 0.00454721074744118, 0.002566676691938291)",-1.4720032494445494
0.00010114896623003449,9.98760089050516e-05,1.9733984973636598e-05,"(0.00010640603215925594, 9.037462678117877e-05, 0.00011731105098879399, 8.197989835902969e-05, 8.653027368166335e-05, 0.0001111427033057221, 8.253025123936057e-05, 0.00011653349616588095, 0.00014748008711335968, 6.519650913713453e-05, 9.294259761853664e-05, 0.000103470631531212, 8.596304296879171e-05, 0.00011185397643225053, 8.580804009312061e-05, 0.0001120430494605514, 0.00010710803060159377, 8.977086410402706e-05, 7.52137902253928e-05, 0.0001278612261341761)",0.06450584241771144
0.003683315427378552,0.004298771662146107,0.0025037684040480185,"(0.0055582766379410785, 0.0024947345000645082, 0.004111983021122914, 0.004642241213666314, 0.0025476672928663223, 0.007016194858461889, 0.0043123503403901765, 0.005035297134823501, 0.0006467438903042638, 0.008976442623560378, 0.006514764296576048, 0.0024225361791273933, 0.0030357188037685055, 0.0031843412067483743, 0.009796465594814223, 0.0003045016346475986, 0.0017592780970814821, 0.0049342410768474405, 0.005682435296757097, 0.0029992195433526285)",-0.2458119663833537
