0.010481221253211522,0.02055632761849496,0.00876988881032773,"(0.026544323797538665, 0.01409393401427304, 0.021414308350989578, 0.017483125853853917, 0.019940422645322142, 0.018433326118312113, 0.020429068384569427, 0.017621479663617465, 0.010776067678167479, 0.0339497372922019, 0.016936358969637483, 0.02161138702916906, 0.01936950460363953, 0.018885829139660266, 0.03382506629449964, 0.009786666906011553, 0.0270598173068717, 0.011810050476190229, 0.008181682397124844, 0.042974395448249186)",-1.1488294302453
0.01287143989875246,0.014818197321019461,0.005126456196242517,"(0.017089219906044704, 0.012216695457413686, 0.013106875333056024, 0.0159235216978801, 0.008909233464576598, 0.022846955319345014, 0.01899945711857379, 0.01039352825758846, 0.01983396595952373, 0.010204090757375705, 0.020687949611150565, 0.009782714000032656, 0.020745143343159286, 0.009746231085613222, 0.00715635178990357, 0.02454310144201398, 0.011557455578209511, 0.014447925994162758, 0.01678756692196064, 0.01138596338280516)",-0.3797472069875278
0.003246357536705441,0.012550581297582027,0.0056989314487554555,"(0.008616138672879829, 0.01611435804055609, 0.008694046910209861, 0.015940063515115212, 0.01585770680045074, 0.008535899042599333, 0.007484437495034662, 0.01753736393337011, 0.01294044545187732, 0.010412585185200614, 0.009708732158051929, 0.013867544184926884, 0.01104738538294563, 0.012173503706589837, 0.016170588753085344, 0.007244604850033787, 0.0038295173622165907, 0.029081041652133252, 0.006663822641738865, 0.01909184021262461)",-1.6326260184983383
0.0009928036162696711,0.0009459103049009276,0.0005718453805696964,"(0.0009490568986942274, 0.000665539406960335, 0.0007237111120347341, 0.0008723250643620289, 0.00037079460390674886, 0.0017019603083940065, 0.0010210690081592939, 0.0006174239917333574, 0.0003329792284732594, 0.0018956444965762, 0.0010370543880986935, 0.0006085159990107395, 0.0019525185769109798, 0.00032318339596124404, 0.0006917331703665674, 0.0009089279960519607, 0.00044899420529485016, 0.0013979369584861108, 0.002098634353651638, 0.0003002029348915767)",0.08200348024500333
0.0006099657851562936,0.0005957086115479192,0.00010718324006789728,"(0.0006621318492688676, 0.0005202882727242797, 0.0005251620808703664, 0.0006559290124011467, 0.0005999759040364397, 0.000574057476263436, 0.0005891513827737207, 0.0005844407444930428, 0.0006684202055852618, 0.0005152834435470536, 0.0005546725242095676, 0.0006209280570336442, 0.0008220258734014243, 0.0004189735968767885, 0.0005312807881382093, 0.0006475607954845939, 0.0006313854666710819, 0.0005446466940269931, 0.0008361479008614358, 0.00041171016229102917)",0.1330168186681321
0.003610381844733814,0.0031227467446972947,0.0007679468538471212,"(0.0028509522015214986, 0.0032410977992885725, 0.004933507662017961, 0.0018729086364382983, 0.002291069787022268, 0.004029117770118336, 0.002791774564756477, 0.0033025390374708846, 0.002839916956352982, 0.0032497346524872663, 0.003547408759275261, 0.002601596164489446, 0.0036191752539310403, 0.002549907149157897, 0.00441435667628033, 0.0020790538285508278, 0.003602583157369374, 0.002542459712716675, 0.0027625484923366615, 0.0033332266323638274)",0.6349854779580815
0.001359419807849858,0.0014819608956407897,0.00021208641252229413,"(0.00145407936380668, 0.0014835687390321241, 0.0013563873180831335, 0.0015903064799009075, 0.0018878654289522802, 0.0011419990389311884, 0.0015538572612852416, 0.0013864673178715294, 0.0015936841828285632, 0.0013526867858644205, 0.0014256511434115446, 0.0015120708607739108, 0.0012021479898987775, 0.0017931440716574677, 0.0011856729773439547, 0.0018122870458400454, 0.0013422452140583565, 0.00159898608376394, 0.0012671815145948587, 0.0016989290949168628)",-0.5777884888219817
0.0025340015556421414,0.001972220822685149,0.0003450678103120163,"(0.0022012663569294247, 0.0017206931365599876, 0.002073534639314072, 0.001826325311039136, 0.0021469301772102296, 0.001762757385893266, 0.0017895988697201367, 0.002112536802831901, 0.0024771993724050268, 0.0015276712584234844, 0.001814966592290511, 0.002084883815114937, 0.001973143714779966, 0.001917663127795784, 0.00132394722607853, 0.0028458087035827273, 0.0022461493298507455, 0.0016746097982203924, 0.002233846245156519, 0.001690884590506201)",1.6280299586594895
0.001795190003099195,0.0021550625609141724,0.00033168867798927655,"(0.0021721906920145143, 0.002095560603709484, 0.001659391690250488, 0.0027423176979907322, 0.0018893970121192415, 0.002407091045729528, 0.0021797994688914557, 0.002084148089774311, 0.0020124964660138615, 0.0022599186769434168, 0.0015457864046469327, 0.002941827039346581, 0.001832936149030554, 0.0024808329896667636, 0.0019540267054164893, 0.002317251985342221, 0.00227308942124717, 0.001988537605862746, 0.002219954776208703, 0.002044696698078244)",-1.0849708829271887
0.005414136894939066,0.006887856986279313,0.001452466963396102,"(0.004604776000653887, 0.00994850225139418, 0.005022967738510179, 0.00911154369131661, 0.00474172244369719, 0.009635086404115428, 0.006500384366716161, 0.007005001431003865, 0.0060157154322442626, 0.007595389859237124, 0.006221333199852981, 0.007341097403732886, 0.007474985542373517, 0.006108955330487749, 0.007184492630004416, 0.0062741154303535855, 0.005939921036085122, 0.007548405871637317, 0.0065694634264003154, 0.0069132802357695115)",-1.0146324346644355
0.012673708123535325,0.012994450051943716,0.0032211845534612805,"(0.010143906400990516, 0.01588734534639159, 0.009221534211207284, 0.01744514243684635, 0.015321199621804631, 0.010464800035794105, 0.017328870042437064, 0.009194043999563082, 0.011034468673130996, 0.014532907954105586, 0.008624295368116036, 0.0185787810690652, 0.014332347943882585, 0.011176250178546877, 0.009924553219251625, 0.01574639614566693, 0.011944744966819508, 0.012951424532409758, 0.016325098425605856, 0.0097108904672387)",-0.09957266436775325
0.007382763373609957,0.0057322872230759145,0.0006011982620674825,"(0.005641725509672717, 0.005795582502164219, 0.006043226926187853, 0.005405889170630898, 0.004940323926680073, 0.006603079513372644, 0.004799518772701168, 0.006777467631466542, 0.00551360176375691, 0.005917257638835704, 0.006318893649312933, 0.005161086668541965, 0.0055324868552659905, 0.005893911506395416, 0.00586663569803994, 0.005497368396166601, 0.006540870856083665, 0.004908257820159135, 0.006478842110343019, 0.00500971754574089)",2.745310914336579
0.002658124014285721,0.0019918944339602208,0.0004350055129083361,"(0.002009788238054056, 0.001890421599415989, 0.002777267447755508, 0.0013676189178339476, 0.0016718221419818394, 0.002270819908367601, 0.0015893377935808836, 0.002386403362329492, 0.0013491420725152109, 0.0028140669804955104, 0.002182422916744403, 0.0017393800191847777, 0.0018665566886234186, 0.002033633649151967, 0.0018520045466249378, 0.0020421157777448812, 0.001468461935042966, 0.0025715713012022415, 0.0023247715324356626, 0.0016302818501191226)",1.5315428438395158
0.004202721951041565,0.003474256613930061,0.0007227578451241237,"(0.0037926554441001393, 0.0030603306716547097, 0.005072861679187614, 0.0022870567004105572, 0.0027557385357766897, 0.004208734733506587, 0.0029873890363630723, 0.003879008624995201, 0.003661331572285767, 0.003168268983069908, 0.004551331847452205, 0.0025482387762124454, 0.0035264238465941206, 0.003288672076962914, 0.0033271746270226122, 0.0034748380239132603, 0.002630575957376629, 0.004388698530092518, 0.002950434508787394, 0.003925368102836877)",1.0078968246777045
9.413149735925244e-05,9.8780826553586e-05,1.23669880647813e-05,"(0.00010774420126326818, 8.922272041996941e-05, 8.776963063262028e-05, 0.00010952762445537895, 9.319792823990578e-05, 0.00010314806955598003, 0.00011141467061385316, 8.628258150225435e-05, 0.00011390913866310171, 8.439362290191278e-05, 0.00010152450021041562, 9.468839248880125e-05, 7.95317967789164e-05, 0.00012087221273944629, 8.991887340643064e-05, 0.00010690791931953529, 0.00011631760900385904, 8.264405781617365e-05, 0.00010536225884923435, 9.123872221066273e-05)",-0.3759467681200342
0.07672228767416145,0.07135979290885844,0.003363845788027527,"(0.07369347974305, 0.06993817790679609, 0.07542291233064402, 0.0669066634162182, 0.07092659638280245, 0.07137780479819261, 0.06984516206105754, 0.07280207043946799, 0.0732954464359989, 0.07042458069112648, 0.07204048052685308, 0.07124775498998802, 0.06555913090219341, 0.07702927388129281, 0.07248131378653117, 0.07039589629385262, 0.07753611839533697, 0.06399896371617408, 0.07038796818004098, 0.07188606329955127)",1.594155946265135
0.020812130051709586,0.023184704900261095,0.013545560622193673,"(0.018937024807371687, 0.019663051301454806, 0.014316288423165235, 0.02579525699571298, 0.018504874799276306, 0.023293145409403155, 0.025095778372931705, 0.0173767565448175, 0.060045128094147256, 0.006452292295626115, 0.010383228638147063, 0.032409156702167013, 0.03774475563524529, 0.011778017993745641, 0.03143482447696311, 0.012611113531906974, 0.009500629452649312, 0.038571814653061656, 0.009536093758495234, 0.04024486611893394)",-0.17515516077379423
0.010036834386022746,0.016216580729318954,0.006245335337461475,"(0.00854202118863349, 0.02504145047261432, 0.020053262446136314, 0.010540686447058576, 0.01851607160024078, 0.014135795778227824, 0.016820076252104205, 0.015818045225705322, 0.010427690951967123, 0.021655589612732375, 0.011237650664863923, 0.016546312768092774, 0.02070201800279015, 0.013187643559183612, 0.007161308225387391, 0.03255463664862429, 0.021308936513106416, 0.009816492080170956, 0.017558736727113028, 0.012707189421626302)",-0.9894979227501454
0.01539643742380778,0.011900797741299842,0.007881367424889393,"(0.023786369270051587, 0.0036291035982884, 0.003087933652488451, 0.02767340655736898, 0.014744720604102124, 0.006898512514699903, 0.006154954392116092, 0.016752208666753247, 0.01054644004830087, 0.008549711866075355, 0.027470637563086923, 0.0028028787890299464, 0.008522735812309624, 0.012346090099997237, 0.01150763008016783, 0.008042871238656157, 0.021984636785719523, 0.003854825035445907, 0.012523782407141443, 0.007136505844197251)",0.44353213015658827
0.0012851058559364714,0.0008748649312693858,0.00034554380311189727,"(0.0008611454819137276, 0.0007689442736880348, 0.0013899441551448195, 0.0004761740063811054, 0.0010826685452420015, 0.0006146300383625339, 0.0008424298475193935, 0.0007903288789061914, 0.00038112474810566785, 0.0017394144701007518, 0.0006438758073581936, 0.0010248144167314902, 0.000611565794573907, 0.0010890819843286928, 0.0007057053181303005, 0.0009401836352255411, 0.0006653536415617053, 0.0009945855778483593, 0.0014027231603719102, 0.000472604843893387)",1.1872327646235852
0.000638680457860368,0.0006005564685099361,0.00012270185728601693,"(0.0007011100985620974, 0.0004940823590708645, 0.000719233505756549, 0.0004815772862539269, 0.0005490719365302917, 0.0006317836203854452, 0.0005751560716095971, 0.0006032112687485855, 0.0007451548078763905, 0.0004650398006263154, 0.0006522245372192507, 0.000530583968077705, 0.0004446687701135106, 0.0007803306057078444, 0.0004690233509265468, 0.0007389979335447733, 0.0005185919215279117, 0.0006678597373682535, 0.00042168389303522233, 0.0008217438972576384)",0.31070425659136713
0.003240027887949952,0.003109192389070074,0.0006369586560242552,"(0.002469573263594226, 0.003751845528396933, 0.002473435139638744, 0.003744469711356909, 0.002865245892170763, 0.0032559342921498606, 0.0033296227561763173, 0.0028033939082517043, 0.002929934795234598, 0.0031681497511106757, 0.00245835691081663, 0.003751102048141636, 0.0031223037555311293, 0.0029921417452786364, 0.0022947453814112484, 0.004049476307941704, 0.0022801448438254557, 0.004060458199448836, 0.0041449487367966565, 0.0022385648141288106)",0.205406579598937
0.001577861650929261,0.0015029282598238076,0.00031193964019124264,"(0.0019395608577122273, 0.0011164396103100279, 0.0014616703480066213, 0.0014810803855808614, 0.0016890227925238286, 0.0012871535733514127, 0.001684659711143347, 0.0012909195638027588, 0.0011411744381266166, 0.0018995083789632365, 0.00163300454124026, 0.0013223435848469824, 0.0014803419009425847, 0.001469796360844009, 0.001391104270467293, 0.00155922908467673, 0.0020495476161850926, 0.001056049882822914, 0.0010585108596293717, 0.0020474474352999714)",0.24021759805683443
0.002430710712158879,0.0019901140870528626,0.0003323380245682076,"(0.0016137355817610387, 0.0023852764786123264, 0.002251274818367526, 0.0017091270867587627, 0.002119741987942656, 0.0018258514753900245, 0.0016227017632350976, 0.002386267293374263, 0.0015776802314593382, 0.002443214970864037, 0.002333935036250738, 0.0016428923528385886, 0.0016919459519447665, 0.0022900015700857983, 0.0024679189493748066, 0.0015632754025224115, 0.002203344719983043, 0.0017458639818712883, 0.002026784296589665, 0.0019014477918310772)",1.325748462513324
0.002630564587235553,0.0022081696547983833,0.0004597021120853803,"(0.0017261202058675615, 0.0027058221625600736, 0.00257062652401062, 0.001816119989390433, 0.0020256944913453713, 0.0023184140571217288, 0.0024121845793572505, 0.001947937763937709, 0.0031632847609833446, 0.0014785286790769323, 0.0018022228221640174, 0.0025814644926668447, 0.0016553695828506485, 0.0028401100206484164, 0.0025165796725709648, 0.0018601620086638986, 0.0026257862834980846, 0.0017775530006438384, 0.001992823688689273, 0.002346588309920655)",0.9188448809187074
0.006248163920085719,0.006966848098393031,0.00134689417835749,"(0.00585519131729225, 0.007954297809847312, 0.0050333662173273645, 0.009240646873746242, 0.006165620768257386, 0.007683597420374378, 0.006184716590070329, 0.007671959393209907, 0.008903476391107291, 0.005253220349877292, 0.006137780212806423, 0.007497047101309676, 0.008909578437737752, 0.005334800752584987, 0.005576246072596783, 0.008411241508973124, 0.0075311686308678, 0.006171452968270581, 0.005907367761589117, 0.007914185390014608)",-0.5335862236658658
0.018702800000402035,0.013614452019980742,0.003032072701526902,"(0.017284267493007904, 0.01011065107633649, 0.010730720450116294, 0.016241777836630736, 0.01058934173528888, 0.01707475632178474, 0.011825309618985678, 0.015338478245650902, 0.009497695345936691, 0.018556330321555077, 0.012000716785779271, 0.014214800954487464, 0.016119738475737874, 0.011290942186176671, 0.011074006096849618, 0.016004407949000116, 0.011284315663026952, 0.015422944168007392, 0.01765185860909876, 0.00997598106615731)",1.678174793717474
0.007014411597234835,0.006013021462867633,0.0012673060319798692,"(0.003618265108456944, 0.009545932454005606, 0.005706746095761874, 0.006045348637291362, 0.006794314764737488, 0.005158396105183861, 0.006189068621715753, 0.005670584529469261, 0.006635911747645808, 0.005223822468634432, 0.007134735586276519, 0.004791189898366807, 0.005032116300246138, 0.0069844533313371425, 0.00651176974345317, 0.005336242694359634, 0.006734897518715822, 0.005119384452501436, 0.004784655406082499, 0.007242593793111081)",0.7901723096849502
0.0016299409356745512,0.0019970975356413084,0.0003757699829240099,"(0.0018503774687729372, 0.002081326307783295, 0.0017317065606213713, 0.002223097564915562, 0.0026469090766624813, 0.0014620043711809595, 0.0016783082237068316, 0.0023068066486116074, 0.0015895353711903152, 0.0024257550381075006, 0.00204495830955883, 0.0018768765728620664, 0.0021127616496159902, 0.0018333251381051452, 0.0017727537941904605, 0.0021767718019326554, 0.00279033981249144, 0.0013793989424234492, 0.0022302537413803774, 0.0017286843187128966)",-0.9770780441528921
0.003828194908525657,0.003568247718307351,0.0010908058171561637,"(0.003485980092278181, 0.0033540592178540004, 0.004043156596470768, 0.002890676333653269, 0.0020484055940644206, 0.005732012467155017, 0.003016803409955473, 0.0038937730322993963, 0.004358879392454923, 0.0026850309175264994, 0.0038105063836304924, 0.003059212458771701, 0.0028942836379442414, 0.004059941176950728, 0.006454065469378261, 0.0018146870245103525, 0.0032115575127673835, 0.003638688075038121, 0.0029620727067265168, 0.003951162866717271)",0.23830748436601976
6.963396096144531e-05,9.966195740269185e-05,1.8780909916344606e-05,"(0.00010277762798036119, 9.355824053987265e-05, 0.00010511262095008286, 9.147972226187941e-05, 0.00011256296213304821, 8.542692059876328e-05, 0.00011031263607641837, 8.716989388665518e-05, 0.00010783535299163717, 8.917059286880016e-05, 9.067829188570312e-05, 0.0001060402293070755, 9.831075782495601e-05, 9.781177129081145e-05, 8.945175446756325e-05, 0.00010749687922658934, 6.202136381898401e-05, 0.00015503794267533077, 0.00012246576135131426, 7.851782591799043e-05)",-1.598857380978855
0.07826100437512033,0.08173991920051954,0.0034649535925025078,"(0.08202674231274067, 0.08035402416882953, 0.08908204142365034, 0.07370086861347366, 0.08352818498679891, 0.08056917709400646, 0.08343916686847408, 0.08280197748072611, 0.08030269077683821, 0.08241975666346127, 0.08101598490443189, 0.08121412375653125, 0.08090170125898191, 0.08426891665883131, 0.08467360044557054, 0.07948096538456276, 0.07500707046401911, 0.08702549926954534, 0.08063696248041208, 0.08234892899850484)",-1.0040292698080888
0.016702208086292903,0.016090044055279175,0.0074504636752702755,"(0.012648069762914294, 0.017259778500859874, 0.04067238305378959, 0.004754466789376229, 0.014215734499328957, 0.015535325983394388, 0.012797749837660303, 0.017404722350908057, 0.021364299300396697, 0.010361653800551601, 0.017690993090197036, 0.01203171975615769, 0.010605403736674051, 0.021335500540494285, 0.02139443348450382, 0.00993676132431819, 0.009821975824780546, 0.02200542798774182, 0.012503069022198984, 0.01746141245933701)",0.08216455481094888
0.012521926115958176,0.012681555188036656,0.007299456934599192,"(0.0062733112160265475, 0.018618973348423464, 0.003320802468150461, 0.029579053766391354, 0.006538479580364632, 0.01815966084944519, 0.012367393620295968, 0.009718816686746408, 0.006202408902307695, 0.019210997215373605, 0.014608188365270633, 0.007710152578871318, 0.01062578698342039, 0.011567121027593453, 0.004613881518467924, 0.024374907162262184, 0.017878163242935487, 0.006438423312274763, 0.005846509165805266, 0.01997807275030641)",-0.021868623037125313
0.0101562383412725,0.009187055299861692,0.00350409765894053,"(0.012712331283547217, 0.005900620175553136, 0.01095905403028314, 0.00580721195703403, 0.006971566395258204, 0.0109266067305898, 0.013929610222175615, 0.005532483060117527, 0.008557931755448478, 0.00893248260568834, 0.00383095909936255, 0.018909522253824477, 0.008128035765092367, 0.009682547057311306, 0.009956326981839795, 0.007268199516326415, 0.009295674476678244, 0.007954146409061443, 0.006012731646477177, 0.012473064575564546)",0.2765856251003693
0.0013255976091724733,0.0008408771533769389,0.0002661121748188905,"(0.0009831017059051632, 0.0006614819043955347, 0.0006807638683743155, 0.0009494231405561127, 0.0009369842188298159, 0.0006943734870554494, 0.0008273043031930622, 0.0007867739091647777, 0.0017184304211548267, 0.000378677426971052, 0.0009519939624523403, 0.0006821114427218725, 0.0005561251744728023, 0.0011712437289824824, 0.000799606729028787, 0.0008121952656949953, 0.0008177901289068178, 0.0007946106740680639, 0.0008453064844766461, 0.0007692450911338616)",1.8214892126804167
0.0006949144742571723,0.0005925837262972571,8.535801106093993e-05,"(0.0006925529306429465, 0.0004972065345071496, 0.0006163229068728428, 0.0005576958364600045, 0.0004635552695944207, 0.0007429437687659794, 0.0006809420624796876, 0.0005058283288076835, 0.0006891745059203938, 0.0004997461292302036, 0.0006455781704909545, 0.0005331686960465573, 0.0005420637576371025, 0.0006355614899066231, 0.0005949924667798196, 0.0005785049667991884, 0.00048138216426872854, 0.0007151823419678381, 0.0006473775853025036, 0.0005318946134645153)",1.198841757065519
0.0026802093034948497,0.0030474268636405556,0.0005485913933947187,"(0.0032045336505612367, 0.002813604539187068, 0.0030023365121646553, 0.002977787964766302, 0.0023382426631855116, 0.00385910113776969, 0.003277307294826528, 0.0027549764026481766, 0.002951724820777708, 0.0030575600339793497, 0.00438040178281882, 0.0020546665178376162, 0.003001871277873057, 0.0030110360231100997, 0.0028226796856332284, 0.0031883287696956755, 0.003841015332066974, 0.0023456865834207323, 0.0034592541659285514, 0.0026064221145601376)",-0.6693826490301644
0.0019418484866675003,0.0014684389037288006,0.00014135649229428087,"(0.001410852649985792, 0.0015157913368575035, 0.0015527421446794817, 0.0013703139725747798, 0.0013248756144650495, 0.0016149181612649932, 0.0015128158509968854, 0.0014148007539240821, 0.0015529006275079996, 0.001377941597133423, 0.00153812843590559, 0.0013888587320532637, 0.0013766549891104669, 0.0015557342525260635, 0.001553434109620045, 0.0013751411982806825, 0.0014704703134335495, 0.0014536731860577612, 0.0011514100821810671, 0.0018573200660175336)",3.3490473288848954
0.0015112579620152962,0.0019710348725208195,0.0003490918751683949,"(0.0015282693822701204, 0.002469509766622943, 0.0017870911368354351, 0.002097149739245521, 0.0015989208837948715, 0.0023618808641359536, 0.0018357177896411643, 0.0020582318311029328, 0.002016766423010103, 0.0018728506479847313, 0.001975478880506301, 0.0019075509852516232, 0.002059682946147119, 0.0018360187224054436, 0.0013803156614960435, 0.0027300434513228707, 0.0017584995617834485, 0.002144744361128056, 0.0024805611696398166, 0.0015214132460918965)",-1.3170656300257235
0.002267086867048292,0.0021755191667471754,0.0004930700846912383,"(0.0019052711966488112, 0.002370763240233233, 0.0017119033796838532, 0.0026201344335321313, 0.002383972140528295, 0.0018958771677691738, 0.003514178400211544, 0.0012867790290302448, 0.0025273534118753996, 0.0017886498727240593, 0.0019444806514907309, 0.0023193338694960882, 0.0027515152213853, 0.0016448500454604598, 0.002215300821642281, 0.0020358600454516073, 0.0025985753093285473, 0.0017369843310586686, 0.0022604509100954662, 0.001998149857297608)",0.1857093000449548
0.0076597310743182325,0.006818107534648287,0.0012835672679896788,"(0.00796816278493141, 0.005655521315771225, 0.006366145767676972, 0.006927745728654359, 0.008491787243086826, 0.005316772172752119, 0.0061690777698738125, 0.0073298172565727515, 0.007358704588389376, 0.00613894736076676, 0.010087931538454721, 0.004445661010127187, 0.006558356859643651, 0.00691282253497944, 0.006271820593040107, 0.007151425325858647, 0.005368529898913797, 0.008375333437697977, 0.0072696853446491206, 0.006197902161125499)",0.6556910266090652
0.01378497652542037,0.012575628813932087,0.0018032199042408853,"(0.011468769338781708, 0.013571032310737117, 0.009055451451830943, 0.016498096824772032, 0.010355357720782138, 0.015083892289533638, 0.012823652259000045, 0.012216100221247686, 0.01200623512439335, 0.013023994058596503, 0.01106339269843909, 0.013940020641804088, 0.012096607774136485, 0.013014849466442846, 0.01388228879726598, 0.011111800661306638, 0.010468950958179967, 0.014803799622481044, 0.011509474960602345, 0.013518809098308085)",0.6706601389237608
0.00743439907924179,0.005821138724968923,0.0013476853425322935,"(0.004466133231754549, 0.007217067550560086, 0.004216725283101923, 0.007507945725339461, 0.004497295015600082, 0.007178182887774114, 0.0075613820068389775, 0.004274840464517823, 0.006409946854076282, 0.005038736670335748, 0.003997482124771563, 0.00803070732115088, 0.007339894359238295, 0.0044133946733357415, 0.006449090358039199, 0.004978418317163138, 0.006238937334938638, 0.005156532173230719, 0.006465560521092584, 0.00498450162651867)",1.197060102502532
0.0013089884807039008,0.00196069421601908,0.00023096806388466743,"(0.0017969448261172273, 0.002112614450289867, 0.00208734207939926, 0.0018077285936518213, 0.0020552118566175034, 0.0018481016753912143, 0.0020508242838907314, 0.0018528537479124863, 0.0015827642048211285, 0.0024001415459910837, 0.0019830795759841094, 0.0019117225597230197, 0.0017898700329240821, 0.0021245445951921646, 0.0020446172812851214, 0.0018542530343521508, 0.0015817603335583547, 0.0023984873647683435, 0.0017063412376105316, 0.002224681040901399)",-2.8216270438176454
0.003098939536370555,0.0035196892652066374,0.0008586927050460775,"(0.004201755553324868, 0.0027989615070711333, 0.0030642376955572715, 0.003817258974709349, 0.0037524802594340874, 0.003135422162237334, 0.0033044894822219957, 0.003561870793218956, 0.006238409184114725, 0.0018862894510990676, 0.004217816445324385, 0.0027847596527595026, 0.003973331196163864, 0.0029641402359860433, 0.0029603446434535003, 0.003968005308179589, 0.003861928853462456, 0.00304328912546062, 0.0033873632256857717, 0.003471631554668235)",-0.4899887076757045
0.00011467513059084158,0.00010102573173890495,2.5478614037218633e-05,"(0.00015137697287468212, 6.352545586088163e-05, 6.481128710645942e-05, 0.00014836908571518595, 0.00014307981162709507, 6.720943079238306e-05, 0.00012543222468671376, 7.666556924550615e-05, 9.9531335017125e-05, 9.661597038706998e-05, 8.35949456614101e-05, 0.00011503348475321842, 9.03674873760461e-05, 0.00010641399069094654, 9.772743947229924e-05, 9.839844608190156e-05, 9.483563038968816e-05, 0.00010139914655200181, 9.767124875342818e-05, 9.845567173405696e-05)",0.5357198327977287
0.1198952906848859,0.12119906281576959,0.003507410963360941,"(0.12216738138927193, 0.12115935761229238, 0.12431576753099056, 0.11227797353784, 0.12656500992391287, 0.11698551500539159, 0.12019051120203812, 0.12363731452917237, 0.11759453509847957, 0.12513474590014487, 0.12262120589590655, 0.11885177665626989, 0.12023153892498639, 0.12402182247299504, 0.12321717261985124, 0.11914316619258516, 0.11909259206278673, 0.12312167445004044, 0.12555773024509617, 0.11809446506533956)",-0.3717192380656646
0.010807495969490644,0.015503472053464171,0.004329374801583837,"(0.012598709003001194, 0.018127102821382655, 0.019224168113093545, 0.012048709567376817, 0.016856045846915628, 0.013489665073424455, 0.016188195594874152, 0.01481688669947465, 0.021906985708405883, 0.010822152218608326, 0.01978305852525742, 0.010900734865640022, 0.01073283245150959, 0.021188219048503158, 0.009952042894556586, 0.021442003225397906, 0.020014213113428096, 0.009986451475885382, 0.01091388628887352, 0.019077378533674416)",-1.084677649589399
0.004034973783209644,0.011199211309089388,0.004097793896918033,"(0.009197179640426989, 0.012456568452186068, 0.013573864096265017, 0.00854767043715321, 0.01178730148023405, 0.009630305585021098, 0.009219534292981158, 0.01311117612012623, 0.009773113117114988, 0.012259779418653156, 0.01356900935878297, 0.00793447034402513, 0.009038586839107729, 0.012568786208582669, 0.013073456717868177, 0.008073804295021438, 0.004128267803926926, 0.023918543477030072, 0.006626883795290648, 0.015495924701990108)",-1.7483157294143068
0.013428073581844665,0.008767666789252997,0.004123284890883905,"(0.013442796291450858, 0.004731740935122583, 0.005396647209945521, 0.011895497995705892, 0.00505964839691883, 0.012401422585876636, 0.008436877861950302, 0.007936021331252237, 0.010962649604883998, 0.006081775537444464, 0.0036608747398327508, 0.016381128178793815, 0.010390040214476596, 0.00604790150680067, 0.014072745340257835, 0.0041452762972512495, 0.006440052181176704, 0.0085396002148654, 0.015718574950747976, 0.0036120644103056127)",1.1302655324387785
0.0012702459461787804,0.000887202907973312,0.0005448313392046169,"(0.0007002935191944531, 0.0007935139353160134, 0.00044708487455223254, 0.0012424996386548339, 0.00102552252351099, 0.0005411159250654828, 0.0002687077368822428, 0.002069635193347245, 0.0005141430868288346, 0.0010824185417279669, 0.0008660470884678529, 0.0006410558664870946, 0.0010844427539335893, 0.0005119047073017753, 0.0010116285112926925, 0.0005477270970246447, 0.0019968786811461626, 0.00027734881820758487, 0.000304672449078202, 0.0018174172114463437)",0.7030488348277865
0.0007354941471951521,0.0005960259552980414,0.00011852660521560523,"(0.0007023030878275355, 0.00048740198748378885, 0.0007748079553894121, 0.0004417716821427391, 0.0005420532366582466, 0.0006313062429360649, 0.0004054708260762873, 0.0008445029056951274, 0.000516438584634572, 0.0006631343560102506, 0.0006864684481899541, 0.0004984534154106473, 0.0006449759850102538, 0.0005305911510742663, 0.0004555350690870783, 0.0007507596816415792, 0.0005310692515904771, 0.0006438160926645368, 0.0005951112829534295, 0.0005745478634845809)",1.1766825823064089
0.0033726706814141355,0.0030449748633545885,0.0004938408733135232,"(0.002620322972120585, 0.0034572646243077594, 0.0030103750785441465, 0.0030112723252599884, 0.002279753065197337, 0.0039715688102130615, 0.00378596023460508, 0.002399762313478365, 0.00240161660053601, 0.0037814024438822054, 0.0036436696205119504, 0.0024779647243990672, 0.0030029812819877683, 0.0030152181468067626, 0.00335198547443833, 0.002690469747622802, 0.0029548626465019452, 0.0030412573884317498, 0.002981106075030932, 0.003020683693215928)",0.663565605375689
0.0014260971999686186,0.0014942801122601412,0.00033347536619477146,"(0.0010458082860101865, 0.002038411825717685, 0.0016384893804811426, 0.0013013303967157528, 0.0014266193652053682, 0.0014935620889266446, 0.0020154342011150642, 0.0010592685942007933, 0.0016164629479848845, 0.001320673430064584, 0.0014684549680984208, 0.0014493151538651052, 0.0016649838729971395, 0.001279811615914511, 0.002013509353318693, 0.001055970928540408, 0.00131846748359112, 0.0016100953427143733, 0.0010548296802184386, 0.0020141033295225123)",-0.2044616160694142
0.001723604484152867,0.001988801378044755,0.0005650326496114017,"(0.0014332722287226228, 0.0025642027665450594, 0.001863977328614002, 0.001971793413175256, 0.003153875520194368, 0.0011642537204108302, 0.003224837180826562, 0.001141553038786507, 0.001915152436229482, 0.0019226714805026565, 0.0017940313118172209, 0.002044722766595681, 0.0021214123351323898, 0.0017310910747341697, 0.0023638861372261713, 0.0015492441586409762, 0.002551732420691766, 0.0014329761886397686, 0.001810250321748948, 0.0020210917316606605)",-0.46934791126543873
0.0018734240165744099,0.0021611412758444893,0.000396104320271995,"(0.002108359039347482, 0.0021482065449314625, 0.0021286620359629387, 0.002127460568123562, 0.0020926170390357752, 0.0021620086540173325, 0.0025793193896684837, 0.0017584632109420837, 0.001948006446350431, 0.002329414911974971, 0.002803476712990596, 0.0016129867907602533, 0.0017390437510917786, 0.0026020195304039054, 0.0028492919598475477, 0.0015840244745199087, 0.0025603808751297713, 0.0017607839879424194, 0.00174668691974207, 0.0025816126741070203)",-0.7263673849164561
0.007000529603251242,0.006602284497966546,0.0011767019521209496,"(0.006144366196127473, 0.006913326290959327, 0.0066865495842221455, 0.006350109460934089, 0.0049871004805950815, 0.008488902316806676, 0.005930991510952758, 0.007192500275567294, 0.006931934234784442, 0.006162893672676857, 0.006519470011940648, 0.006484642602773157, 0.008107647560529712, 0.0052244077503447095, 0.005683087280252259, 0.007395458644349813, 0.009463246821525077, 0.0044267025742458265, 0.006314239253925241, 0.006638113435818335)",0.3384417817671478
0.016589950537626026,0.012380544625345527,0.0023547108926042816,"(0.012872199480176634, 0.011589262138704095, 0.015113883347750654, 0.009862062546921012, 0.009615478398701253, 0.015415848272502754, 0.013392808435968172, 0.011226396120035476, 0.01006447614027041, 0.014980842545495159, 0.013329746603531568, 0.011093612519618748, 0.016650650357637145, 0.008911511357833152, 0.013119109057240765, 0.011147783658356922, 0.00912015758265492, 0.015939890983180497, 0.012774959886986544, 0.011390213073344662)",1.7876529664433443
0.0061901915935681185,0.006130812210440153,0.0011187377761847713,"(0.006036640079376658, 0.006051731594732521, 0.006341156986640807, 0.005758561390220463, 0.004520619628337918, 0.00805768708500916, 0.00652969331738642, 0.005613606082974665, 0.0077563546290168916, 0.004732114757606075, 0.004902013175721276, 0.007424475962217341, 0.0055579068924583265, 0.00655701975357823, 0.00475942587487001, 0.0076087685768970875, 0.006278749233704154, 0.005753292800631257, 0.004718244407450295, 0.0076581819799734895)",0.05307712351545553
0.001642387783329707,0.001961297310609116,0.0003781048740041051,"(0.0017320999265437141, 0.0021476172293088784, 0.0014484193169872356, 0.002567862062442309, 0.002077708113554199, 0.0017885982585414354, 0.0016402257319659925, 0.002270553986193469, 0.0018694949962461671, 0.001992998353151241, 0.002901427087211098, 0.001280418346846258, 0.002356934707086682, 0.0015769604130916365, 0.0018392754223653476, 0.0020163851364421535, 0.0017988043854988394, 0.0020599635175125365, 0.002069495071017925, 0.0017907041501751934)",-0.8434419897902363
0.0028138696279045,0.003511838541310142,0.0005835193482012902,"(0.002792702654947401, 0.00430617041849788, 0.004000205856697536, 0.0030054546892193577, 0.002979105060977622, 0.004032111281503695, 0.0032008240011968375, 0.003759738563447457, 0.004744646663788351, 0.002537887134698952, 0.004169762636662903, 0.002881731825734635, 0.0036173868300200117, 0.0033216103857074742, 0.0038564142222531073, 0.003110671179024823, 0.0037491222523164587, 0.0031983610545061212, 0.0038941871949895075, 0.0030786769200126934)",-1.1961367100459386
0.00011441467052146549,9.969452489626482e-05,1.8772853699883666e-05,"(0.00010749980259492404, 8.938839645997823e-05, 0.00011128451751746734, 8.634820327143523e-05, 0.0001348128893555537, 7.12774614360832e-05, 0.0001277250367470775, 7.523383597191538e-05, 8.639970344440052e-05, 0.00011121888411278403, 7.657915742135763e-05, 0.0001254806962528903, 0.00010038157800427797, 9.572655956469869e-05, 9.152077780581378e-05, 0.00010499384706087213, 0.00011198524267594148, 8.580657709799607e-05, 7.977505728397811e-05, 0.0001204522738458511)",0.7841186992946036
0.02150865681044835,0.022086339753118047,0.0030605790756475008,"(0.022035469591723846, 0.022486158942872272, 0.02149747949648566, 0.0230289443271003, 0.028117561790714618, 0.015187248726483239, 0.019568754212026074, 0.024214148160894303, 0.019178064878347348, 0.02478014786125208, 0.02176526691866805, 0.02296439415139452, 0.019181784727866615, 0.02523361526975413, 0.01863657200769794, 0.026393728371003525, 0.024367489604574, 0.0187550614064262, 0.022308711837545393, 0.022026192779530773)",-0.18874955633926344
0.01741220355453616,0.024349194746237833,0.010753823297995777,"(0.030898866823073075, 0.01638909868905576, 0.042329064730847056, 0.009056104395175565, 0.011828793852547726, 0.0399679246620329, 0.01748395196309522, 0.029038373390839717, 0.015840039512917358, 0.030965931540807415, 0.020161885393785814, 0.024837826790713335, 0.04290323503291407, 0.011079486125720383, 0.027546485021869686, 0.019492739013545604, 0.01470847148709712, 0.03588389862491147, 0.03187800207437844, 0.014693715799428865)",-0.6450720826884463
0.02516748010306827,0.014102681251766728,0.0059518888856068645,"(0.01494996247026004, 0.011670701408384781, 0.008760879658239417, 0.014822268660089555, 0.018268367346521916, 0.00890673004814661, 0.007513022950313311, 0.023377650505318197, 0.007424442451026529, 0.02287530104065536, 0.02430820629615391, 0.007112241225840468, 0.0070608656287082195, 0.023167632964955467, 0.012710161774022661, 0.014669833259835228, 0.0161859748248286, 0.011306434425631428, 0.00889556280794789, 0.018067385288454935)",1.859039888674494
0.016871001038405588,0.011865405096598383,0.005908745193307722,"(0.007237965119216677, 0.01596657632470484, 0.0032852065974007037, 0.02683173745734205, 0.013608301954923789, 0.007991844897198178, 0.00867356229804718, 0.013460458844267735, 0.023207561453565173, 0.004893704704289381, 0.006506815598984302, 0.017663207116844465, 0.01026894380847986, 0.010638674976351254, 0.008731448582811911, 0.014130265782638776, 0.007659388003001587, 0.015827115496874905, 0.010009781862983427, 0.010715541052041384)",0.8471504148590755
0.0014000132965020856,0.0008619142691643358,0.000352935393041445,"(0.0009991152083479345, 0.0006391746343656987, 0.000947594861300815, 0.0006698053284487604, 0.0005888954608418353, 0.001083829762778711, 0.001176577218603598, 0.0005434548067766218, 0.0011429193824149507, 0.0005595400368209678, 0.0004089770854422347, 0.001562472709188568, 0.0008599504264398842, 0.000742272470042743, 0.000761722909319936, 0.000840569034941066, 0.0003662893013316228, 0.0017471213694375215, 0.0007714924760837153, 0.0008265109003595264)",1.5246388941064948
0.0008695994664775046,0.0005981082453323882,0.00010477859888074509,"(0.000713837590842715, 0.0004870548468201426, 0.0007230616075602415, 0.00047987983090532567, 0.00040010637818608125, 0.0008686985348469851, 0.0006019633418810407, 0.0005777203434227094, 0.0005887513172454709, 0.0005906460096235658, 0.0005233329209791112, 0.0006644136751602347, 0.000629223350484637, 0.0005523963437324695, 0.0006087035479418668, 0.0005715673328231689, 0.0006530291139373098, 0.0005326907017539552, 0.0006953165786876919, 0.0004997715398130394)",2.5910942124175294
0.003325831153331145,0.0030918511630188307,0.0005043246143447734,"(0.0035731017769615636, 0.002613642423973375, 0.0026025313362948526, 0.003548112823832297, 0.002615304434455012, 0.0035613980505883273, 0.0028977426745302824, 0.00322368746583648, 0.0026433434025182013, 0.003529481480399945, 0.004355432675356952, 0.002143464085814662, 0.003127000154759042, 0.0029792187035285614, 0.003410921049072755, 0.002744943782260447, 0.0034654749329528028, 0.0026997985290507947, 0.003034360395379222, 0.003068063082811031)",0.4639471952331832
0.0012687664445947162,0.0014964451821463279,0.0002746496095917283,"(0.0015583592256680579, 0.001393166313105067, 0.001207697232092876, 0.001786392943240893, 0.0012788709392667643, 0.0016953332680243595, 0.0013837170457162466, 0.001569485339097587, 0.0011898893129073408, 0.0018240772995485666, 0.0014659374648093876, 0.0014808860411817794, 0.0015234796986649279, 0.001423273390873972, 0.0015444360464567082, 0.0014079769231159578, 0.0019725861362224033, 0.0011019152054079207, 0.0010425411370288224, 0.0020788826804969116)",-0.8289789229631903
0.002003049758954131,0.0020166822570088965,0.0004901910588220276,"(0.001255912103107149, 0.003068740108695234, 0.0014914823771115433, 0.0025625927678856845, 0.0017806433015455194, 0.0021610032917805857, 0.002110912835653985, 0.001827014429193872, 0.0012434416924067685, 0.0030998419151771913, 0.0020392184442702375, 0.0018901461203542755, 0.001963209228377188, 0.0019602717634231944, 0.0017725932781790226, 0.0021795068314638486, 0.0016167254837620452, 0.0023882366220855855, 0.0019434434195824883, 0.0019787091261225125)",-0.027810580812154064
0.0021830102909384664,0.0022026955179535465,0.0003855105429112709,"(0.002709404835034248, 0.0017406366201295467, 0.002316779582627193, 0.002019335789045565, 0.0020573537173398083, 0.0022892922434160543, 0.002932788435683113, 0.0016095167579713015, 0.002300717464055624, 0.002050979133625206, 0.002322500903671102, 0.0020311757246110817, 0.001955378249967516, 0.0024089320296396843, 0.002399995196990565, 0.0019701769547479375, 0.002628854120489714, 0.0017975939861156814, 0.002876247775378604, 0.001636250838531365)",-0.05106274621291188
0.0064857751091013304,0.007014718079701685,0.0011053203564524382,"(0.006656240132948528, 0.007233001806066961, 0.005400979227186555, 0.008694134888339462, 0.007682482221674468, 0.006241580572995501, 0.008627215116156958, 0.00559675148049835, 0.005783845159338475, 0.008339569815127897, 0.006278321799059362, 0.007675491121384272, 0.007571158450545544, 0.006335392160344183, 0.008111667962162587, 0.005984103684687139, 0.008645299602958291, 0.00560434198715862, 0.006867885198751867, 0.006964899206648679)",-0.47854268449195514
0.014613485186743876,0.014687958895871253,0.0042743509378576384,"(0.009615494490080702, 0.020765430204526494, 0.01954929546964651, 0.00970322907763518, 0.01407755835535535, 0.014066515038706777, 0.0172923693444437, 0.011615472946649226, 0.011931547982133034, 0.016798656625876866, 0.013654214699412293, 0.014651002684179786, 0.016410290265501244, 0.0120749232530743, 0.021598317074851794, 0.00940149043995815, 0.018412397932281287, 0.010986403997000366, 0.008823318921338178, 0.022331249114773796)",-0.017423396022017805
0.00523259149179421,0.006148648764024052,0.0012917607104689093,"(0.004179146029055233, 0.008689281596309582, 0.0056086400485273824, 0.006342527271107994, 0.008236491472404378, 0.004394684143885156, 0.007610375422426823, 0.004783640114154385, 0.0064649504456651226, 0.0056269420054941965, 0.005461001500402024, 0.006655358747746088, 0.0055449613557698825, 0.006529588466272308, 0.005959628473300918, 0.006135514212430784, 0.006887867049231634, 0.005300481025088339, 0.008105476711484566, 0.004456419189724213)",-0.7091539979547085
0.0011286881299145386,0.0020053361351525223,0.00041276326790713183,"(0.002558337878796483, 0.001510080140169317, 0.0019324424088905366, 0.0019854992705371716, 0.0015445846765839042, 0.0024985106506922707, 0.00154042458705868, 0.002510058631434939, 0.001605804565472933, 0.0024072681295070194, 0.002167133916341904, 0.0017831910916871823, 0.002559757826322804, 0.001507759683945093, 0.0019114961503041647, 0.0020257499291526336, 0.0017716101903453572, 0.00218457834479339, 0.0014587462569612456, 0.0026436883740534084)",-2.123851789629745
0.0025463285219625162,0.0035179220068876416,0.000895909447141128,"(0.0032376163772052107, 0.0036002695972685967, 0.003635699563974951, 0.0031884649223111517, 0.00395672597920521, 0.0029443952974379985, 0.005307299083941496, 0.0021986653784423185, 0.0034464826021967827, 0.003386100558861071, 0.004387490257631254, 0.0026581387592831455, 0.004156740544364667, 0.002802927671128682, 0.0031664540094956716, 0.0036896450392055304, 0.002946307302039824, 0.003963523730801606, 0.00207464644828558, 0.005610847014672084)",-1.0844773297407537
7.248373164126463e-05,0.00010207139650994648,2.9342276258774454e-05,"(8.79039740776287e-05, 0.00010943557389570706, 8.137206621494521e-05, 0.00011821723323306862, 0.00014354259822313694, 6.701718114375427e-05, 8.475942841896813e-05, 0.00011349644985328764, 7.88102571793683e-05, 0.00012206419145359059, 0.00015554738323638855, 6.184521455837595e-05, 8.435113286642868e-05, 0.00011404501561462224, 0.00013791170466514798, 6.975439639871494e-05, 0.00013690031102138648, 7.026956754805155e-05, 0.00013043027196660292, 7.375397862975488e-05)",-1.0083629711527242
0.05594721016600717,0.0566203809382968,0.0032295157878917675,"(0.06189789539430077, 0.05026870837701189, 0.05693399394612364, 0.05621202600715818, 0.05592071568948684, 0.05809482260764483, 0.05573609980326116, 0.05807630429880274, 0.056336938917327266, 0.05807842855758665, 0.05924475392555844, 0.05378049665670488, 0.05633114531965294, 0.05803622738581898, 0.05157266188261716, 0.06212371826112435, 0.05501476221321382, 0.058423813099652055, 0.05958034935937895, 0.05074375706351045)",-0.2084432517139282
0.013068586661351828,0.01840532940257403,0.008757963250783478,"(0.012034095514137581, 0.02301602677919042, 0.00976637822713418, 0.027851035580341146, 0.02196157832756681, 0.012395998815611715, 0.02642838371567605, 0.010531675836463977, 0.014191345448863758, 0.019300063984314778, 0.010053938254964215, 0.02809199585456561, 0.026508366446586266, 0.010467518415647874, 0.015150418955257552, 0.018100770740884765, 0.006649566004763287, 0.04264632024302283, 0.017425512640478105, 0.01553559826600972)",-0.6093588872669435
0.009061053317962945,0.01296636439282699,0.004328251281210903,"(0.01348646813142101, 0.011244412561828983, 0.015273416018240712, 0.009688955025133712, 0.007330202008770189, 0.02020885695090094, 0.013934775393314336, 0.010967629185247543, 0.015182768878691407, 0.009836747399033221, 0.009684821902472293, 0.01609353434694322, 0.008863993065232294, 0.01714883139168919, 0.01454203424613299, 0.010286913998976247, 0.018683310071722345, 0.008394801009000715, 0.021701857623059102, 0.006772958648729278)",-0.9022838142085566
0.01248232482180362,0.010444772096221138,0.0033319622683183644,"(0.011813542813951687, 0.00841399815084749, 0.01779448514897289, 0.00546406870562546, 0.01239987998087064, 0.007846949089243237, 0.012744501340374508, 0.007868490776752297, 0.008550417281832097, 0.011463163559279854, 0.008789533942807582, 0.011611279137978926, 0.010732309295307, 0.009280586298134766, 0.005810344276173174, 0.01689255259020535, 0.011389705794322108, 0.009022511232478395, 0.014210204678767872, 0.0067969178304973675)",0.6115173466867709
0.0005239707200197298,0.0009473579379862284,0.0006313528192229651,"(0.000621582954665483, 0.0009968641555968864, 0.0006243777485606723, 0.0009916202705381838, 0.0005037817210595609, 0.0012282574698027958, 0.00042022491252524793, 0.0014828193382308852, 0.0002514723994702703, 0.0024610574321955606, 0.000873724181508102, 0.0007131531818437773, 0.00023832828231732243, 0.002599155466034225, 0.0010010336405013368, 0.0006182660199298367, 0.0012429932561625779, 0.0005032409317910357, 0.0008354158271472281, 0.0007397895698435788)",-0.6706031953537178
0.00045489904814814274,0.0005946391474058572,9.865065810341898e-05,"(0.0007227235139246232, 0.0004765384942518708, 0.0006601649506032562, 0.0005215707205887334, 0.0007216811026759649, 0.0004770998852295403, 0.0004681483250647116, 0.0007359630452880669, 0.0005864499667139037, 0.0005871586648796425, 0.0005565596097212982, 0.0006191525081198291, 0.0006704122600686809, 0.0005137241257182827, 0.0007348256518154336, 0.0004686043367422622, 0.000718324621809876, 0.0004798537028134551, 0.0005727606315106298, 0.0006010668305770844)",-1.416514617786127
0.002415051442839793,0.003074515391094259,0.0004736603328741318,"(0.002517833557245252, 0.003670864724965566, 0.003091042461030603, 0.0029869372677885867, 0.0024135822644789267, 0.0038254969205344094, 0.0031539654993885755, 0.0029315087378858416, 0.0026098274665229313, 0.0035391010783969185, 0.002890069508762995, 0.003201933724446155, 0.002437471928021605, 0.0037922807695184545, 0.0036927321645692165, 0.0025014260853850148, 0.0032520432462097345, 0.0028463398828983424, 0.0026411018738652977, 0.0034947486599707462)",-1.3922718507013094
0.00190407521674029,0.0014696064866735815,0.00011241235777660592,"(0.0013398318255167427, 0.0016031304522921104, 0.0015415493474926732, 0.0013924443806916707, 0.0013028937492824708, 0.0016475293929768212, 0.0014463357907957047, 0.001485547604389136, 0.001590095679522702, 0.001350244051233092, 0.001431686968385725, 0.001501522281337499, 0.001455275951968349, 0.001476042211380932, 0.0014204927629024174, 0.001511518925723651, 0.0015462599058164818, 0.0013905989221983724, 0.001272085137448065, 0.0016870443921170103)",3.864955229656483
0.0015787072156095033,0.0019759212016961427,0.0003216292381429698,"(0.00144818685050165, 0.0026289840725319353, 0.0021011854229600947, 0.0018102860414592207, 0.0016730662626282576, 0.002273497100701929, 0.0021600506101123354, 0.001763864980835279, 0.0016266946777230753, 0.0023389999172887493, 0.0018803105669368777, 0.0020277035704507414, 0.0017354473383941519, 0.0021939620782818587, 0.0023882292121374968, 0.0015932393055649206, 0.0019149865119810294, 0.0019920537634842985, 0.0016186820392474124, 0.002348993710701547)",-1.235005835850256
0.002429775199988938,0.002176622085902813,0.00039109657996743504,"(0.00220410801853295, 0.0020850527567560463, 0.0019038200798168693, 0.002411656398696063, 0.0019091524021956016, 0.002404764708002416, 0.0027355655077383723, 0.0016820388871610864, 0.0016033844133518545, 0.002864192520018641, 0.0015199483472572368, 0.003029299470516656, 0.0023009337139638653, 0.0019973817169310383, 0.00207552632675156, 0.002212734417016866, 0.002052454470027529, 0.0022453254260789614, 0.002299514409875185, 0.0019955877273674567)",0.6472905339832017
0.010586399232555433,0.006833684767234892,0.0012384441487077822,"(0.005060917224156254, 0.008938986440428112, 0.006244478213951234, 0.007223563293786686, 0.005588407284613608, 0.00806974817281919, 0.006533447445945782, 0.006952439222659402, 0.0051591098416690585, 0.008749131913758009, 0.0058766329209150765, 0.007745222039237463, 0.007518109112201114, 0.006017962369559835, 0.008654123671456692, 0.005216393287489553, 0.006095911086438794, 0.007488286432737932, 0.005870447619185759, 0.0076703777516883105)",3.0301846629387357
0.01138853928404307,0.012872194777030006,0.0026542007873464253,"(0.014497214818576036, 0.010966396855286088, 0.01581737995386071, 0.009995779495129484, 0.017552276728594267, 0.009003881783265711, 0.014788974503204265, 0.01083269331437091, 0.010333887288414596, 0.01531930315637437, 0.01248379826146984, 0.012882331675901117, 0.01496808237004445, 0.010623289401022362, 0.01438665451411751, 0.011006374159598813, 0.009280737596919867, 0.01742346134771787, 0.011157058625971852, 0.014124319690759947)",-0.5589838945343099
0.006029360457920788,0.00591408165967826,0.001219499691634764,"(0.004830849683435299, 0.006957477270681792, 0.005129621866548962, 0.006536450680587474, 0.006151176422026726, 0.00544963207579865, 0.005103189418064862, 0.00661086236295833, 0.009233209401656403, 0.003633229373923446, 0.005580840944002379, 0.006054929376125673, 0.004927344126561039, 0.0068215757450691425, 0.007155879398361432, 0.004688403785171503, 0.005183632618741017, 0.00653627434397469, 0.004995284800164697, 0.006701769499711656)",0.09452958375741355
0.002891506203729363,0.0019861089926357127,0.0003753117986048712,"(0.0014624822514388489, 0.002607422897917981, 0.0018579607133627429, 0.0020507538254420383, 0.0020349239774864443, 0.0018722662179013663, 0.0018710456695510383, 0.002040626269880458, 0.0019581899794369985, 0.001946115000086457, 0.00260202322437513, 0.0014681648137620544, 0.0023316055789037826, 0.001635514769150079, 0.0023227834594309054, 0.0016406988752305242, 0.0014157661679737737, 0.002700739840099029, 0.0019337480489987331, 0.0019693482722858645)",2.412386752719314
0.002898816273907442,0.003464022443582763,0.0004680374537639155,"(0.0032501153157426174, 0.0036256701443680615, 0.0036965813557051177, 0.003185620795630227, 0.0035649714706117073, 0.0033018497286328857, 0.004311865020566041, 0.0027438109371267882, 0.0032010607343546816, 0.003677832406810193, 0.0033498125455001886, 0.0035321090097854032, 0.003602548690779197, 0.00327034533079383, 0.0028053103096347376, 0.004196764739868695, 0.0027095621230191673, 0.004378826912397421, 0.003679880205532558, 0.003195911094795741)",-1.2076088465356423
8.473052581611891e-05,9.956329874180863e-05,1.8156346536924993e-05,"(0.00010056063386707493, 9.559749273622912e-05, 0.00010534510188750907, 9.125557456978324e-05, 0.00010056861225716854, 9.558802203005364e-05, 0.0001499676715213046, 6.411239013336996e-05, 0.00011385376221506883, 8.443415050333744e-05, 0.00011204877855231089, 8.580733795370544e-05, 8.98495364342757e-05, 0.00010699267009420955, 0.0001055256514093164, 9.109775873058533e-05, 0.00012633271081266233, 7.611330461857834e-05, 0.0001015946464975534, 9.462016801207586e-05)",-0.8169470050334164
0.19318590567779623,0.19283141968655731,0.004766047209413438,"(0.19619392158731525, 0.1906112631600609, 0.18843392385719251, 0.1971003992551124, 0.19545238693712416, 0.1908405245592751, 0.18461724014360892, 0.19961475720889493, 0.19662709578076876, 0.1880374171201944, 0.19936107670195743, 0.18678876297131503, 0.19341626885494317, 0.19381536469071722, 0.195849243211391, 0.1899622703212226, 0.19986185214763943, 0.1845617564467211, 0.19226605008029093, 0.19321681869540078)",0.07437735625840328
0.018429194835578134,0.01920242746766909,0.007583521478093754,"(0.026075797768676235, 0.013121276537166687, 0.01692082534758539, 0.020184345527910007, 0.011309873287418485, 0.027112542022225454, 0.025871148554753014, 0.012231729469293079, 0.021985082727436378, 0.0150443421754335, 0.025011400245472583, 0.012877954727060199, 0.025915599790339947, 0.012987590119822116, 0.010931869140226837, 0.026257934514618178, 0.007638912472128928, 0.036859470326468066, 0.022014985855899626, 0.013695868743447108)",-0.10196221298041602
0.0092682065698326,0.013738294532558183,0.006281130980317283,"(0.01046940143208357, 0.0164195170964487, 0.01214103452663572, 0.014138429563052295, 0.006411513756386737, 0.023154675187294093, 0.009064156788335378, 0.017100352554959973, 0.012452438448827452, 0.01320979509120059, 0.00688588454902492, 0.02304987469783571, 0.010277743776566772, 0.01637248662635331, 0.02945777412627218, 0.004617192374008492, 0.009631766472026347, 0.01376799289684276, 0.0181194729685266, 0.008024387718482011)",-0.7116692800600987
0.0060357808712482456,0.01047833106879633,0.0052747185947176365,"(0.010868423207949639, 0.008856598663451815, 0.009899673402767513, 0.00972017143443825, 0.014135374932364669, 0.005919572683530572, 0.007690618082952849, 0.01135059830710948, 0.015689302464992796, 0.005890807162227588, 0.009641503796911711, 0.009261496987492731, 0.01313320284267376, 0.007186308081841462, 0.007677510538252074, 0.010033433735840844, 0.023368129981694876, 0.003219485483383657, 0.0036777913434556816, 0.02234661824259459)",-0.8422345415729047
0.0008976402412180759,0.0008642339587205313,0.000325758447925687,"(0.0005979506460211671, 0.0011036946322728588, 0.000764669611106796, 0.0008633349686641452, 0.0007655664419388495, 0.0008584395107589722, 0.00036301659091576795, 0.0018133147624356139, 0.001239302674807298, 0.0005321109472667233, 0.0010885650893226863, 0.0006051161531975905, 0.0006315340827534938, 0.0010446459145459297, 0.0010895380423430856, 0.0006018708081734993, 0.0008326736971280903, 0.0007871311172570993, 0.0011102542100577637, 0.000591949273443194)",0.10254924380400211
0.0004888276502320695,0.0005972041426486203,0.00010486130411601348,"(0.0005182230100852281, 0.0006689742633186514, 0.0005906204368142875, 0.000587000864002436, 0.0005631025160321063, 0.000614905992654493, 0.00046264652984048457, 0.0007487411795716681, 0.000824137085498544, 0.00042053624761839226, 0.0006872042754161316, 0.000504174146445832, 0.0006095478242411155, 0.0005686691755261124, 0.0006797574415592919, 0.0005090370305929882, 0.0004956877245970296, 0.0006979432983864192, 0.0006949879118739589, 0.0004981858988972323)",-1.0335222638147648
0.0021152045773982224,0.003073292525157227,0.0004866100955936124,"(0.0030887465221095755, 0.002999583235628116, 0.0027935880105382387, 0.003316328874972367, 0.0033152583145264086, 0.0027772235700116426, 0.0034885327936713204, 0.0026441594645733504, 0.003643331111298147, 0.0025382449231541853, 0.00273005623346735, 0.003382189270912827, 0.0032699747715005906, 0.0028307778276835307, 0.0023265539911564237, 0.003942730052887302, 0.003167446412677463, 0.002892901593585139, 0.0022754772600987946, 0.0040427462686917675)",-1.9689027343138858
0.0015708966647049083,0.0015144733507430018,0.0003798993308870811,"(0.000991525972167921, 0.002183630581907157, 0.0011577732090078347, 0.0018701009340037586, 0.0018649790042091505, 0.0011567906263861493, 0.0015015361596251572, 0.001438375203298964, 0.0010702713319442664, 0.002020925315654144, 0.0015664321338828974, 0.0013795836959553094, 0.0013222128358929442, 0.0016367001976177287, 0.0010145450810552393, 0.0021220078797780247, 0.001915402922449926, 0.0011233142086793898, 0.0016319298506808086, 0.0013214298706632614)",0.14852175135490672
0.00207233487026143,0.0019913982736570746,0.00037175599152333347,"(0.0017948942882061603, 0.0021451066806369335, 0.001664675618804674, 0.0023131129996748637, 0.0023697469843014752, 0.0016169293137185833, 0.0019614021388939203, 0.0019566223216550523, 0.002412511193543918, 0.0015939329309196085, 0.0019071909900978078, 0.0020138087476598023, 0.0019276243445538069, 0.0019961842515684434, 0.001883604256860777, 0.002028639099996295, 0.0013681979607606477, 0.0027907399250624325, 0.0014603489499458553, 0.0026226924762804355)",0.2177143030639642
0.0025421503388275532,0.0021947787416511837,0.00044679628312469037,"(0.0028869213673617727, 0.0016088265968534328, 0.001684342838402783, 0.0027579319880316686, 0.001716036798613767, 0.0026935918202287247, 0.0018893332963658257, 0.002450544170181076, 0.0020491918108539544, 0.0022639066176139396, 0.0023962435534525487, 0.001933644671072155, 0.002618412547379247, 0.0017728229935407788, 0.002849921270143838, 0.0016175609091055693, 0.002293595655891892, 0.0020085036065263973, 0.0017241704372585062, 0.0026800718841457952)",0.777471994052883
0.005539075947998899,0.007016623762313479,0.0017213697022695695,"(0.008112100881943037, 0.005799773252861362, 0.006681768653945895, 0.007045007561807795, 0.007213957472804541, 0.006424694959380345, 0.00762437584648086, 0.0061102726260955755, 0.0055717161386381235, 0.008413898615893752, 0.007990061443624713, 0.0058447521112680615, 0.005356770212563907, 0.00876792187754332, 0.011690317363428288, 0.003931596247107074, 0.007548996687483447, 0.006075228364479144, 0.005166336563026416, 0.008962928365893874)",-0.8583558850643659
0.015095713233669789,0.013267591232841887,0.002313835528230433,"(0.01708305444691575, 0.010211243413476689, 0.014463480431996866, 0.012072752074156526, 0.009025492369518783, 0.01878236192093348, 0.011163887733010263, 0.015334577626513676, 0.014318019407126119, 0.012100150950625643, 0.015288692283718559, 0.011249174905742258, 0.014000291258038113, 0.012419020923668441, 0.012011450008708402, 0.013890090256512411, 0.013421976240246703, 0.012379003110332035, 0.011819591821644201, 0.014317513473952785)",0.7900829503754774
0.008080159600896274,0.005981430806429941,0.0009259481629903002,"(0.00691729674472997, 0.005099859660782748, 0.006985613168607599, 0.005052403090434698, 0.007779130833383823, 0.004478715488877512, 0.007991609251685601, 0.004378535338502648, 0.005707541129863949, 0.006162788716743469, 0.005984089237586531, 0.005859183569398663, 0.005629159629800422, 0.006258160860739963, 0.006168695731234483, 0.005609115542622403, 0.005911537790513795, 0.005842735006273383, 0.00564824061282102, 0.006164204723996177)",2.2665726639476227
0.0021616525386730866,0.0020089112550432052,0.0004932059471796356,"(0.0013829155936159049, 0.0027641106100270113, 0.0023085433024961975, 0.0016560813794220435, 0.002325396323067071, 0.0016370420069518911, 0.0020398954228325362, 0.0018688375528057425, 0.0015524411256182718, 0.0024598852343367845, 0.0024861869053644735, 0.0015343870231932033, 0.0017361419318722244, 0.0022007219341375985, 0.003089712172591956, 0.0012292622778239599, 0.002459415210663985, 0.0015433867582565176, 0.001887708198536635, 0.0020161541372500933)",0.30969067689333823
0.003467687511127949,0.003508927884715475,0.0007205159885667338,"(0.004071807038440614, 0.0029123368887199494, 0.0023960828437376786, 0.004950382834934718, 0.0027346714260717535, 0.0043209133707449365, 0.002937407328544053, 0.004028200731234393, 0.00347752619453886, 0.0034077352755449096, 0.003713962268188289, 0.0031877693884193336, 0.0029458294982748516, 0.0040242955628098315, 0.003506650585773445, 0.0033633977148258163, 0.0024439161464571363, 0.0048238337422569335, 0.003022931759732571, 0.003908907095059429)",-0.05723727750936145
0.00010656437443437484,0.00010030229890693558,2.206809502704828e-05,"(8.74502199546101e-05, 0.00010992095070951105, 9.320340305245169e-05, 0.00010313608808242232, 0.00010734428321881856, 8.954773881102053e-05, 6.57694197061001e-05, 0.00014615475662539288, 7.091848975610683e-05, 0.0001355442229877075, 0.00010002932203623023, 9.609725496259254e-05, 8.947465661953722e-05, 0.00010743384165991845, 0.0001184188503671787, 8.117250299206777e-05, 0.0001098303249924444, 8.751982939102473e-05, 7.025233062494199e-05, 0.00013682749158863426)",0.28376149004995666
0.07486371100558943,0.07108486458715664,0.002685542709635941,"(0.06673040672064579, 0.07490702282324353, 0.07329801894260045, 0.06972285091349366, 0.07430855506069801, 0.06678406238623555, 0.07218062476441349, 0.07011720322152931, 0.06821908373830309, 0.0749801278209832, 0.06945876333189692, 0.07329978420048958, 0.07305903042653354, 0.06978360960336281, 0.06766885009888422, 0.07397201129601273, 0.07017411758906826, 0.07069541182753221, 0.07318812560807497, 0.06914963136913159)",1.4071071760929323
0.014115961620598961,0.019741347962086455,0.011731052063995658,"(0.010901080101817602, 0.02495258706771281, 0.02440706650133868, 0.010847053936646346, 0.021888628905647408, 0.012488835876021788, 0.0378425861649422, 0.007252441937498944, 0.007635037669365182, 0.03563598334939074, 0.0134392072465217, 0.02041888369287439, 0.006740002564365439, 0.03794094676905642, 0.02664542725656851, 0.01026993179573667, 0.007446487842217091, 0.036658656531337735, 0.03396459090847529, 0.0074515231241940975)",-0.47952956911278577
0.005557112739157974,0.012837448285771193,0.005709285598598769,"(0.012530589125152343, 0.01109769370757906, 0.005850026491016188, 0.022838902941942428, 0.018397522662100527, 0.007614762845494038, 0.008588072366461615, 0.01641067907555124, 0.012912705686795064, 0.01077406164038393, 0.016720459738758336, 0.008425914615251912, 0.00489430227501352, 0.02593288081158968, 0.007203308038358543, 0.019479190487846187, 0.011549325935587594, 0.012104868366103735, 0.008221858282874597, 0.015201840621563318)",-1.2751745241821555
0.01308049000128068,0.010662176127540711,0.006001621153258213,"(0.010230736886307672, 0.008667950280743067, 0.005104072287697728, 0.016756547529779498, 0.010085033578558581, 0.008853040821797864, 0.007364375507135682, 0.012192129587520736, 0.012424397016412157, 0.007140944209169535, 0.008680018969404197, 0.010338315802703191, 0.020096530704258705, 0.004062025533851187, 0.00765994488642453, 0.011673451904319159, 0.012759249557220092, 0.006984564477635068, 0.002734660277244834, 0.02943553273263075)",0.40294344011152616
0.0007032437760601702,0.0008564158163607878,0.00036746805597443513,"(0.0013081773981060056, 0.00046790977203899406, 0.0006230200389971848, 0.0009812052263316925, 0.0010091720384172444, 0.0006067339902078455, 0.0006246222103222159, 0.0009805837415008366, 0.0007851535464338921, 0.000779702412714422, 0.0012352177879727225, 0.0004958465247403621, 0.0013384541646662886, 0.00045587957476926416, 0.00039007957086130136, 0.0015699556170524493, 0.0011729543662888475, 0.0005220189621687622, 0.0013194649652167683, 0.00046216441840866106)",-0.41683089947626306
0.0007519394613853801,0.0005913391396831085,7.925659375644976e-05,"(0.0007166279340759827, 0.0004798276493850411, 0.0006249919929185182, 0.0005499715161233135, 0.000615748391758726, 0.0005584827719341736, 0.0006645141260758447, 0.0005175366394727135, 0.0005826007516926858, 0.0005902198398831294, 0.0007551709825896057, 0.0004553984685490996, 0.000572662924077763, 0.0005999265804781786, 0.0006077431691788663, 0.0005658532184995213, 0.000716778360285953, 0.00047975701419428386, 0.000607999246802397, 0.0005649712156863702)",2.0263338870679415
0.0024989025100756045,0.003051261873120424,0.0006001154199028896,"(0.0037193311223371987, 0.002414246753327724, 0.0027995374588174653, 0.0032019487893566578, 0.002371153734804921, 0.0037881305840807068, 0.0036457827718774597, 0.002464372526358831, 0.0023336939469878583, 0.0038477875483384654, 0.0029672576008355177, 0.0030278507093248817, 0.002313357737434948, 0.0038663428051310617, 0.00323396941644582, 0.002777656044374682, 0.004021761851719972, 0.0022332109928485415, 0.0032338895040919732, 0.002763955563913787)",-0.9204218800680077
0.000989214957733119,0.0014840782078472377,0.00025243632932135657,"(0.0018271412606327378, 0.0011732726683279147, 0.0013287957485737117, 0.0016116230668511192, 0.0013177976752865004, 0.001627074823438253, 0.0012181544595443157, 0.0017604588822265092, 0.001277317164227809, 0.0016783368199668521, 0.0015327364166279008, 0.001399108486262868, 0.0019404483713707902, 0.0011021472883352766, 0.0018821565140363413, 0.001139252846809607, 0.001552373555901195, 0.0013811385489483257, 0.0013579708094235646, 0.0015742587501531677)",-1.9603487796090864
0.0028259553753027244,0.002017548388239922,0.0005517296959309474,"(0.003100961830641494, 0.001223759308092302, 0.0021962487965579776, 0.0017253630832943922, 0.0016731886732406125, 0.0022686689826174116, 0.0022588639338759014, 0.001680875950426275, 0.0018527811957663445, 0.0020482451446816124, 0.001691958605316179, 0.002243953508619979, 0.0023154187584745137, 0.0016334732801577413, 0.0027091801940676897, 0.0014012317669172484, 0.0014862813735977336, 0.002553785873997151, 0.003045592920861268, 0.001241134583594606)",1.4652229035791828
0.0023577041942080016,0.00217628557863538,0.0003927587401145917,"(0.0026721498961673382, 0.001720586984890317, 0.0014355418256433727, 0.0031980112352057864, 0.002203034536226161, 0.00208759788264056, 0.0023841744823923775, 0.0019295304122887466, 0.0021199384417029533, 0.002168871818218691, 0.0019177030440498423, 0.0023987101232553084, 0.001796873352608004, 0.0025499647975377373, 0.0022335835236847847, 0.002059229161154443, 0.0023593507162270326, 0.0019491587507227185, 0.0018056285777008488, 0.002536072010390574)",0.46190853835535445
0.005567238120374573,0.006907694738385543,0.001420259123209253,"(0.005701287904211425, 0.008055312432343625, 0.005020775661147975, 0.009106045512244006, 0.009108035999852302, 0.0050469682901636845, 0.006732198272644334, 0.006833953786380445, 0.009067066365144582, 0.005065832928259498, 0.005318770222336852, 0.008648135821181199, 0.008343994848386906, 0.0054469217715769945, 0.006876600300751605, 0.006686549796893515, 0.0066087177200479606, 0.006954288248675774, 0.007411376523286655, 0.006121062362181489)",-0.9438113060538141
0.010190305339070496,0.013108050979585652,0.0019357486284366072,"(0.010622492164342062, 0.015907216914481406, 0.011891644942159173, 0.01408656880763231, 0.01343631972817305, 0.012598334058494648, 0.016351747947035193, 0.010369360357138145, 0.013676611693832396, 0.012358431751300917, 0.01079082745469293, 0.01570640299440919, 0.011223171483108708, 0.0147556464913712, 0.013264645904456003, 0.01276825702663146, 0.010781673991017522, 0.015694333625380644, 0.01448520237245463, 0.011392129883601457)",-1.507295729235077
0.006764837749438805,0.005951112190521215,0.0013724010816093066,"(0.00888719543695584, 0.0037986858872684505, 0.00512550060966291, 0.006561614094986331, 0.003865754766521746, 0.008739873197598634, 0.006569081265474698, 0.005147034772993485, 0.005339641614659897, 0.006323294548263064, 0.006267345669292835, 0.005393788757453692, 0.006064263789284088, 0.0055180546431011605, 0.005542966451253707, 0.006096833687183319, 0.004819866125543257, 0.007008658902169999, 0.004457609225820427, 0.0074951803649367195)",0.5929210999771282
0.0027822757965211093,0.0019746628023130613,0.0003466544246244762,"(0.002542155560671038, 0.0014903521799266466, 0.0023961978837202355, 0.0015791193879790674, 0.0020140639223641004, 0.001881620474620241, 0.0019093135974000374, 0.001985343978523949, 0.001986778389248916, 0.0019070436830496873, 0.0016559145968984472, 0.0022890065105302363, 0.001778796639347382, 0.0021236358864481987, 0.0014828070074921426, 0.0025559734742788796, 0.0023414286337120845, 0.0016184561520368797, 0.0016095743237382982, 0.002345673764274761)",2.3297351392036
0.003927498282737122,0.0034714717151865014,0.0006363811275347465,"(0.0033245658444426523, 0.0035129497173660867, 0.0028798131739615276, 0.004050971362476536, 0.002862056399675389, 0.0040817022185702595, 0.0037632388711236705, 0.003105080048570241, 0.004720815002998229, 0.00247417843683316, 0.0030989812615419827, 0.003770511460067165, 0.0029050333086428678, 0.0040095260726098255, 0.003597471180945797, 0.0032477414790177315, 0.0030270021911852785, 0.003859269043133306, 0.002521566550828056, 0.004616960679740251)",0.7165934812008093
7.544283952098981e-05,9.873443096848245e-05,1.2151408560514978e-05,"(0.0001106111290428898, 8.688417936947098e-05, 0.00011218064844846758, 8.566807196163796e-05, 0.00012847363557128732, 7.48042801778162e-05, 0.00010010465036490665, 9.600352943350875e-05, 9.330061584788035e-05, 0.00010300448911890626, 0.00010333694200521509, 9.300087613599725e-05, 9.737997596476758e-05, 9.868744420119532e-05, 0.00011306716092303556, 8.499734522017447e-05, 9.388488745589782e-05, 0.00010236362782666718, 0.00010772595885790553, 8.920917144202123e-05)",-1.9167811971343627
0.17040931484891894,0.16873673477900145,0.004944187225325901,"(0.17012774050448545, 0.16749846079969483, 0.1764695592385712, 0.15947288747841482, 0.1681901794805652, 0.1700081773595585, 0.16392648138276164, 0.17429613498621369, 0.167177066009304, 0.17182716697543882, 0.17636918618188835, 0.16361579996745793, 0.17053469141489264, 0.16352124177896996, 0.172320852277817, 0.16746701930059388, 0.17505475093577705, 0.1639335307720923, 0.1711904485904482, 0.16173332014508415)",0.3382922194673252
0.021869270190648448,0.023419815357094233,0.008997227357329848,"(0.032641036345238066, 0.01444956666289312, 0.011874789182602458, 0.038912431959657656, 0.020574147329596715, 0.02261483667273023, 0.0335858247898349, 0.013976601963456462, 0.022941354835863396, 0.020985974733840698, 0.015135801804178006, 0.03355437485251526, 0.018789664101343584, 0.02539018536073738, 0.01608239407318874, 0.030066946175037364, 0.023967634793060265, 0.019760167493836134, 0.04177630282417671, 0.011316271188097443)",-0.17233588803139321
0.02441338461258109,0.019927614179549108,0.010222243823683327,"(0.020819305524839717, 0.01521100252913576, 0.014920750381172356, 0.02056689545474991, 0.011003184508958189, 0.02818452529215753, 0.03236833794515963, 0.009715126950690722, 0.019181458528459074, 0.01703484653491389, 0.0526728598300618, 0.006782567861133748, 0.017677672226079865, 0.01822562327266199, 0.016451864897811246, 0.01999874494904432, 0.010036426364665063, 0.031751448569192556, 0.02028837904337971, 0.01566126292671515)",0.4388244411309344
0.015331020681518127,0.013199041173509117,0.006188786860448123,"(0.028322773694330356, 0.004922328989509473, 0.019569897678506705, 0.0069257843952681185, 0.018689087361971366, 0.00732009260511435, 0.012890681226549943, 0.010750709811013644, 0.015364780898769359, 0.00932870289832066, 0.022213785825880874, 0.007058801511361149, 0.01059593345377193, 0.013356367664755422, 0.009498928827728369, 0.015187574598466213, 0.019423102484310686, 0.007217252035617606, 0.01723257598307859, 0.008111661525857442)",0.3444906984330426
0.0008474434759624804,0.0009989750565054334,0.0007261561414649261,"(0.0011729447555204116, 0.0005782126684984324, 0.0005236769457860151, 0.0012931002264562727, 0.001032534083563706, 0.0006561109361917992, 0.0006892766082545155, 0.0009844414067118465, 0.0004024360345854051, 0.0016868453694572495, 0.0017231210141297139, 0.0004045149868612874, 0.003556083708736668, 0.00019072191541664923, 0.000561172765636911, 0.0012109736738277685, 0.0007925695419610726, 0.0008557320174064489, 0.0009553899828038271, 0.0007096424883026696)",-0.20867630512255622
0.0005300198240873663,0.0005950406806756499,8.636928382481193e-05,"(0.0006617439663848755, 0.0005242446984976666, 0.000696830382977142, 0.0004977120675052204, 0.0006675135463751518, 0.0005196141507865421, 0.0006592707007301682, 0.0005262035857863454, 0.0005074625360567433, 0.0006837882718888504, 0.0006639414690951505, 0.0005237033953876017, 0.0007062466612819808, 0.0004912589560895221, 0.000619986836607041, 0.0005597403430333717, 0.0007101823153982056, 0.0004885071055874553, 0.0006903285677666698, 0.0005025340562772951)",-0.7528238478875117
0.0022149337901336778,0.003094341006439213,0.0004683117246814498,"(0.00300914415610888, 0.003112150006720463, 0.003989222973088937, 0.0023452369657454273, 0.003276246038427718, 0.0028565486854833476, 0.003008561096843275, 0.0031120705157842887, 0.0024411265079457866, 0.003840068593657033, 0.003106028105851043, 0.0030266030330410557, 0.0034152874610539996, 0.002743533002982097, 0.0038726021573619925, 0.0024211454289954394, 0.0027208674659134017, 0.003442557250214466, 0.0027857291019733085, 0.0033620915815923006)",-1.877824470236607
0.0019398230912237484,0.0014903812829455926,0.00021436393755420422,"(0.0016854115989226345, 0.0012921387594674323, 0.002010181877026361, 0.0010827082978304731, 0.0014498805261044926, 0.0015014204878207203, 0.0018563962405001083, 0.0011729802578857905, 0.0014044772841448302, 0.0015515338258086833, 0.0016004662112787619, 0.0013644960205952024, 0.0016897466726382441, 0.0012892364848272786, 0.001445003464936812, 0.0015082434130971058, 0.0014837532116762423, 0.0014679274351275175, 0.0014868824895742539, 0.0014647410996489047)",2.096629747550283
0.0015363804405293855,0.0020190728693603582,0.00044696435470525025,"(0.001963919413747594, 0.001979656513272749, 0.0019495739459774778, 0.001992379063950837, 0.0015568372657992057, 0.0024957193858681113, 0.0018522423091430346, 0.002098710690628142, 0.0014411473918250913, 0.002700103930488319, 0.0016423827192605478, 0.002379656684283636, 0.0013878013983694526, 0.0028026850655698712, 0.0014765000228196248, 0.0026361306338416914, 0.0024587676249469047, 0.0015814902553581828, 0.001703911221214918, 0.0022818418508417752)",-1.0799349517463943
0.0014630574786523058,0.0022060323315067037,0.00041541001923247326,"(0.002126404466167921, 0.0022124564373664155, 0.0020928959182264315, 0.002245569142230358, 0.0021592471965866814, 0.0021772502008303124, 0.002534348251776773, 0.00185615158268992, 0.0032750848930715166, 0.0014377790050355234, 0.0020658062186124254, 0.002294720807731419, 0.002117585757438091, 0.002222580186017276, 0.0025550557554397694, 0.0018435862223897188, 0.0027538516456525413, 0.0017086315777187335, 0.0017438895770970043, 0.002697751788055234)",-1.7885337821825902
0.009358754989106434,0.007081822982391112,0.0012174278667789347,"(0.00580222813746861, 0.008380537055296315, 0.008973584141899027, 0.005400914799963844, 0.0061370937002808235, 0.007905101952457708, 0.006007438246065346, 0.008092050877424522, 0.006333972331873911, 0.0076992110689733, 0.008525075077236237, 0.005848978894088025, 0.00937140386392843, 0.0051954135070375294, 0.006887890844748062, 0.007088029687175516, 0.0063383773427264055, 0.007675449245619516, 0.007424028443327783, 0.006549680430231303)",1.8702808345759483
0.012279650587857936,0.014049497850263782,0.002152355562937719,"(0.012922263449266166, 0.014857122145023525, 0.015011689360596178, 0.012706047568390944, 0.01085212360486611, 0.01761121248829925, 0.015127571525517115, 0.012684330522011893, 0.013335489855773121, 0.014479306728735823, 0.015276224120242942, 0.013206199799500943, 0.014614898898376465, 0.013169901427242687, 0.012112330926713563, 0.015976983550980407, 0.012015152633533843, 0.015994477661939347, 0.010182493202268742, 0.018854137535996594)",-0.8222838702310913
0.005965540249502733,0.006026019985732598,0.0010050640296077088,"(0.006223954198956856, 0.0056720098359488175, 0.005517099520849888, 0.006380860140195688, 0.0057169926451152075, 0.006162969284509615, 0.0058963946650569315, 0.005985971511208321, 0.004949678834280859, 0.0071495021172742835, 0.0075624031475564745, 0.004773665589159069, 0.008693221480024159, 0.004065149380301252, 0.006608972385840456, 0.005359802803861637, 0.0062608884245333556, 0.005640835390663127, 0.006269013095680806, 0.005631015263635148)",-0.060175008206662176
0.001931282953129888,0.0020063714224047725,0.00037032891821309953,"(0.0022531021641927426, 0.0017282301638482228, 0.0014755200173911733, 0.0026365615307034056, 0.00225612616693583, 0.0017248071675814414, 0.0022793877626756925, 0.0017081974864390928, 0.002093398856914236, 0.0018615527374448106, 0.0024083498341964985, 0.00162885213411942, 0.001916628152157158, 0.0020323249557601137, 0.0014538955706746447, 0.0026812444141724595, 0.0023588772184927873, 0.0016509532898684937, 0.0017345213590647373, 0.002244897465462486)",-0.20276156028321837
0.004194071332487056,0.0034848927402438556,0.0006162240708320285,"(0.004354098209095058, 0.002701764155554032, 0.003165927505254068, 0.0037112105217803637, 0.0026100729812330364, 0.004503105379210629, 0.0034686754398872885, 0.003392526456765812, 0.002818210180520119, 0.0041774680069492694, 0.0028301042980110915, 0.0042401096035681336, 0.0027213309195783333, 0.0043231238579299, 0.0033529437962409726, 0.0035139616347420024, 0.0030010378134776986, 0.0039200565292212795, 0.0037841785083269305, 0.003107949007531092)",1.1508453269046504
8.54487653050627e-05,9.985670115926986e-05,1.995153928805974e-05,"(8.841693266720474e-05, 0.00010873757978333225, 9.601945104278802e-05, 0.00010012576246905196, 8.658310804413005e-05, 0.00011103874602475258, 9.081021285065247e-05, 0.00010587385986243865, 0.00012445758156555764, 7.724970838830508e-05, 0.0001144857745322447, 8.40356275388355e-05, 6.079406453188074e-05, 0.00015814290065596946, 8.800376459810489e-05, 0.00010925166107008364, 8.946946725438702e-05, 0.00010745800071957169, 0.00010082547597728311, 9.535434360882287e-05)",-0.7221465795789388
0.18654571198986136,0.18912940837262898,0.006030577053708038,"(0.1858308565208727, 0.1933302796109097, 0.19253553377652025, 0.18437816711458802, 0.19236048086066115, 0.18544425259902808, 0.18192306508210088, 0.1961651715797783, 0.18979370436511872, 0.19085213031047277, 0.1711323247304461, 0.19999999937252722, 0.18825120922887045, 0.1906425274880183, 0.19522576258575322, 0.18594486313073819, 0.1890610148503666, 0.19070619749929146, 0.1909573859869069, 0.18805324075961113)",-0.4284326955376476
0.008522415834420887,0.01714705609335987,0.0070303535187250825,"(0.009639402380752657, 0.029195636560360103, 0.02024325743346892, 0.013301381157456547, 0.020381060394285933, 0.012061629204449382, 0.007466106404423544, 0.02994311523120707, 0.018316386834682882, 0.014375220339092715, 0.009421244556377948, 0.02581776939490244, 0.014544280292109255, 0.014965304211601275, 0.022917634695100424, 0.011682056798169803, 0.008478075230496242, 0.02695128615231343, 0.020424928932211577, 0.012815345663735208)",-1.226771916371997
0.011577339185724294,0.012645569898846715,0.005948673753814982,"(0.011737900351265314, 0.012676511045465142, 0.01707879578803571, 0.008339563317249452, 0.021306427854871964, 0.0057840588022442015, 0.019172437524502255, 0.005855773803603113, 0.016755381140532103, 0.008224830954511686, 0.010307994048909062, 0.011896324420295805, 0.0039083423855309505, 0.027582279826400515, 0.011005662705556439, 0.013014199478962265, 0.01855393737677077, 0.006254122117332062, 0.012155676044813633, 0.01130117899008187)",-0.17957460054644056
0.00843706047367726,0.009866119587741242,0.0033312791251310044,"(0.00795384958148123, 0.012195748959470388, 0.008236995173096824, 0.011489402300561172, 0.010867132948961937, 0.007657954269286499, 0.0122587692873273, 0.006445576458001817, 0.010957019777098998, 0.008398857128755448, 0.0068681321965262405, 0.012136312026296421, 0.013462096179397826, 0.005666887811845033, 0.006920206766570885, 0.013859095526391866, 0.0044589559674585565, 0.018241110241384886, 0.008914014420639533, 0.010334274734272012)",-0.42898209978360297
0.0008612621778795035,0.0009438864494467694,0.0005488103603402859,"(0.0006012231026760924, 0.001149526383631835, 0.00073325597117256, 0.0009434127673156649, 0.0008930355869138888, 0.0007701030635474399, 0.0008080751325714036, 0.0008527665713859828, 0.0027004414883858804, 0.0002558325995719166, 0.0007131266008298389, 0.0009651890918049175, 0.00033485867133072327, 0.0020551514541811812, 0.0006710570623990781, 0.0010327977687152206, 0.001024525105734203, 0.0006737084572952408, 0.0010245912319200735, 0.0006750508775522443)",-0.1505515885597265
0.000604521153634801,0.0006052682148581625,0.00015145372748752434,"(0.0004706286864266953, 0.000733518023958001, 0.0004516142401570396, 0.0007644871617268599, 0.00046202414784221607, 0.0007460504615709676, 0.0009074244041638534, 0.00037996058133228915, 0.0007230925605343079, 0.0004773103112103233, 0.0005244867629417672, 0.000657317692822319, 0.0004276600081850378, 0.0008058821688879914, 0.0006210216285278567, 0.0005561934066596774, 0.0004875832648961279, 0.0007074153113620992, 0.0007266031715298674, 0.00047509030242795145)",-0.0049326037447512796
0.003908892727591931,0.0030909465185718086,0.0007221266859393098,"(0.002768843498287768, 0.003297699752570988, 0.003462584844816787, 0.0026323175992064084, 0.003524783109658141, 0.002569267598543114, 0.003127958667295966, 0.0028843063696569267, 0.004572528399709067, 0.001990454204865085, 0.0024207171727151896, 0.0037405367674241746, 0.003460057587328615, 0.0026027910548661994, 0.0032510776196371448, 0.002804544885548515, 0.002245322394877107, 0.004024006977795471, 0.0020948062745536488, 0.004344325592079843)",1.1326907382686942
0.0016742626806142398,0.0014925853660472568,0.00028503571618802853,"(0.0011810453095927353, 0.0018273315018289807, 0.0012121645358264673, 0.0017794703477024942, 0.001458932569395664, 0.0014724888280575649, 0.0015590065526726088, 0.0013764557338325353, 0.0019645668092125434, 0.0010970093645197158, 0.0014123893661512719, 0.0015212413930959616, 0.0019109832739569376, 0.0011217040889321083, 0.0014356008553311037, 0.0015033778421367902, 0.0011004277552598646, 0.0019518538418934375, 0.001274504180181845, 0.0016911531713645006)",0.6373843846542254
0.002834573923591328,0.0019739227996479155,0.000340795732746752,"(0.0019958561903123378, 0.0019040069601140225, 0.0016172397121929445, 0.002349446175971455, 0.0018092174916211215, 0.0020876567594360603, 0.0021473951545253134, 0.0017585468773790817, 0.001872068380417646, 0.0020271544981393897, 0.0022002142936246413, 0.0017174611145879498, 0.0013801699454647541, 0.00273184115362132, 0.0016219841343601928, 0.002345550351061093, 0.0022680990848521513, 0.0016672727627164248, 0.0015908973737295633, 0.0023863775788308538)",2.525416374808217
0.002053155679698863,0.002188967356588982,0.0003388341314118767,"(0.0020601007105297037, 0.0022796374206494802, 0.0024251962412907935, 0.0019370191512503344, 0.002336077674313937, 0.00199829677733306, 0.0022378217354901276, 0.0020875627605833006, 0.0020901323565633147, 0.00224466994320456, 0.0016259191586481814, 0.002872937857665441, 0.002546810898370912, 0.0018313368720562595, 0.0020028547702461963, 0.0023493266230715285, 0.0017355407697323298, 0.0026958346310631993, 0.0017700689358412477, 0.0026522018438757274)",-0.40082053222976644
0.0066608498087367286,0.00689533475314704,0.0014453643376517312,"(0.005079108979937933, 0.009049701190383737, 0.006677250889206004, 0.006891083458001348, 0.007925916059479218, 0.005691081270907454, 0.007349762259028886, 0.006153344114241838, 0.005065464370017777, 0.009047180294307115, 0.004998367662118441, 0.009043065093564659, 0.006333241971645182, 0.007104798418990751, 0.005210754240167841, 0.00887727447513764, 0.005378407012481557, 0.008449652993978376, 0.007226988891322437, 0.006354251418022567)",-0.16223241317222248
0.017021656996481883,0.014210137058208804,0.003880457738555697,"(0.01812955244039824, 0.010524893737822522, 0.017169150907088402, 0.011136947159310363, 0.009425264160257772, 0.01950693162973779, 0.012067853317547167, 0.015314151447371903, 0.010494591908025706, 0.018075679255325085, 0.02073364596625003, 0.00890387276542319, 0.017491647605832845, 0.010460255315065507, 0.01787771890570961, 0.010807478695912122, 0.012032207105991729, 0.015507159342016895, 0.010635525726911916, 0.017908213772177297)",0.7245330648336153
0.005102162182234479,0.005963831784321413,0.0011793653765544442,"(0.006363677876247831, 0.0054205690701859014, 0.007182661550157752, 0.0048075101938859655, 0.00542034352644338, 0.006267509605370865, 0.004747462410288417, 0.007173814324280489, 0.004973860502349234, 0.006919498096289515, 0.006963380955927555, 0.004887234894078152, 0.005026100732387752, 0.006748067107691391, 0.007164164881783921, 0.004841410653070725, 0.008685582516119113, 0.003936912642435033, 0.005733548335183332, 0.006013325812251901)",-0.7306214165828158
0.002255462470889576,0.0020196290736769706,0.0005032333771348115,"(0.002643409942734282, 0.0014604264015153502, 0.002181285140956904, 0.0017704539602502209, 0.001828818464992819, 0.0021000659749423906, 0.0033637294563419865, 0.0011427485251493468, 0.001983394122240947, 0.0019449227984590144, 0.0024376277716301915, 0.0015764981234339438, 0.0020517729803310124, 0.0018708279539312411, 0.002557542113301248, 0.0015122619598425305, 0.0021874910281069067, 0.0017596018278136232, 0.0024336944633835014, 0.0015860084641819532)",0.4686362390255925
0.004477243836554998,0.003474035942420817,0.0006375705224761146,"(0.002477592502878826, 0.004723254626081538, 0.0037857459063179856, 0.0030934818380082513, 0.0037873810136585077, 0.0030766584641307116, 0.0032909248405949216, 0.003546604220576136, 0.0038957939357640915, 0.0030028065449953646, 0.004074688906858267, 0.002861710046902964, 0.002838570371149433, 0.004106996985938259, 0.0026921926812069168, 0.004357050804596605, 0.004223719671083217, 0.002767174251243794, 0.00309430623732689, 0.003784064999103647)",1.5734853773321427
7.280829849011346e-05,9.888361055002678e-05,1.3563407409968241e-05,"(8.50221131643261e-05, 0.00011298803535793487, 8.362678683104955e-05, 0.00011487417974143716, 7.243790793790845e-05, 0.00013261357278192206, 0.00011103649382822156, 8.651555678928064e-05, 9.446888116809531e-05, 0.00010168906353813715, 0.00010259314405941549, 9.36350452889473e-05, 9.64925942115206e-05, 9.95553220095144e-05, 0.00010577914574751087, 9.081788213788499e-05, 9.030225872730693e-05, 0.00010638160628727232, 8.946768995751255e-05, 0.00010737493143533705)",-1.9224750294494306
0.013941828905642646,0.013707685049630394,0.001620397454442775,"(0.013450638690741529, 0.013463655596381628, 0.010847397271284358, 0.017538766859456635, 0.011381562670935156, 0.014767126741318285, 0.013657091697659739, 0.013365476570971317, 0.013614399867938668, 0.012837208070915932, 0.014740088577084393, 0.012041725476914884, 0.013613771778934232, 0.013909372387814737, 0.014224524996494745, 0.01353868916006423, 0.016249263418889128, 0.0121857893345593, 0.01604613655739324, 0.012681015266855786)",0.1444977930385415
0.017605629698105127,0.019312532685840243,0.007763595097084025,"(0.02924352428701267, 0.011331263398271098, 0.015159097618542191, 0.021239670458606398, 0.02306991022720402, 0.014128109963485697, 0.01821398279450353, 0.018093839049566025, 0.022507343363303595, 0.014707910352159596, 0.023201026603507, 0.013190319497655433, 0.03678500624080079, 0.008572938388057675, 0.019556403719660304, 0.015734597915761903, 0.015392966294770459, 0.021587727234661156, 0.00880061059293668, 0.03573440571633855)",-0.21985986728960422
0.007606736337834443,0.015805873610202654,0.005409327866555821,"(0.02067519544818657, 0.011285572581721316, 0.022414555156261402, 0.009978512470954246, 0.019326796169685117, 0.011781613552207268, 0.014413321349726562, 0.016062471311411773, 0.01487768832266655, 0.015659912435522522, 0.007498381313609811, 0.027669056772147555, 0.01750652463541456, 0.012387275106395363, 0.025235442712144476, 0.008291074413534775, 0.01798387068225903, 0.013029000121025727, 0.018126607351725662, 0.011914600297452765)",-1.5157404902485032
0.00854230936229479,0.011252042272234981,0.004815944332905377,"(0.009119523001866896, 0.012150710793106414, 0.006484118557114563, 0.016499624692575526, 0.0072535554086610495, 0.014968257244868693, 0.015626572751379082, 0.00704688324750211, 0.008329938734928434, 0.01328558515223067, 0.005254079893650736, 0.019123168600809596, 0.009666926123397306, 0.01078298960391676, 0.004302187756171305, 0.023527535895886607, 0.0118495180942614, 0.009384480728488694, 0.010106080390786464, 0.01027910877309726)",-0.5626586859457025
0.000886613338509218,0.0008965229095401593,0.00043204823885134813,"(0.0010948081897448616, 0.0005939246929697569, 0.0019469772779658549, 0.000333587055278404, 0.0006579484033714598, 0.0009875659416652492, 0.000976461130749046, 0.0006658395963041985, 0.0005621319766255673, 0.0011566489971437284, 0.000896436236075293, 0.0007229199739451609, 0.0004163127770209835, 0.001558502195743009, 0.0005817184046306179, 0.001114477839858729, 0.0007122039529168745, 0.0009130747370781284, 0.0016443925467498955, 0.00039452626496636707)",-0.022936260676092706
0.000534063825725572,0.0006055972316191844,0.00014599564057042163,"(0.000525539086536991, 0.0006619239235930402, 0.0006071533499801769, 0.000572759817785741, 0.0004992793237012134, 0.0006966007387859959, 0.0008123082023815577, 0.0004282266082397561, 0.0005535406805770042, 0.0006284302613363819, 0.0004926848121440225, 0.000705399630544233, 0.0005444852085644041, 0.0006385112182469763, 0.0010043772248722795, 0.00034605801600705847, 0.0007540751244143458, 0.0004613320864557585, 0.0005934433807179612, 0.0005858159374987877)",-0.4899694649382899
0.0038750749222042124,0.003082221751682681,0.00046468294483211604,"(0.0030961491731603097, 0.0030078523517527984, 0.002993063672463535, 0.0031066586323051293, 0.0024586017732049557, 0.0037844590019826137, 0.003927986304689748, 0.0023702019403319965, 0.0026176150767850386, 0.0035575330128144577, 0.0032708806084982547, 0.002835018992901509, 0.0027132607709264823, 0.003423171283723952, 0.0027966961471724704, 0.003316725299910835, 0.003118895988777118, 0.0029863721323020393, 0.0038532001990883515, 0.0024100926708620174)",1.7062239519205489
0.0010695915728307504,0.0015054292994330148,0.0003489039377327225,"(0.0015242879793602386, 0.0014128454480511836, 0.0017881910629692697, 0.0012032278418909977, 0.001122803140992066, 0.0019170120559610282, 0.0010573282039307754, 0.0020364938416085614, 0.0019036214402262178, 0.001131270067908129, 0.0017918533705174908, 0.0011987811210470772, 0.0018525807064334254, 0.001160605612668364, 0.0017355537386736144, 0.0012379195112132686, 0.0018583588696383488, 0.0011589720132321268, 0.001154222311573498, 0.0018626576507646147)",-1.2491625329151126
0.0014833390611971161,0.0020107189130072404,0.0004306152762764339,"(0.0017478251372530164, 0.0022171073138008267, 0.0016166766787569149, 0.0023939217683586343, 0.002113163830058071, 0.0018324229350866641, 0.002502190580145498, 0.0015483836841999991, 0.0017734226744902583, 0.002184995067453308, 0.0015180711700511257, 0.002543500706569374, 0.0015946831048415666, 0.00242454516582943, 0.0015367026710391446, 0.0025134550927950455, 0.0019044532649001805, 0.0020350374891862644, 0.0013498257720454016, 0.0028639941532840984)",-1.2247123612762225
0.00247536656968245,0.0022133647903838523,0.0005514920530395937,"(0.0016946647345475274, 0.0027275417692662948, 0.0029565300700453963, 0.0015614007767434958, 0.0019034391848343959, 0.0024265088420115737, 0.0029129177535695714, 0.0015865354412152425, 0.002048092554956426, 0.0022567386607802533, 0.0017692135433085923, 0.0026030155726909864, 0.002832495593214079, 0.0016280865809161372, 0.002660088153409786, 0.001731874317169411, 0.001427565105716689, 0.0032383139038214127, 0.0020229493042808154, 0.0022793239451789652)",0.4750780684047097
0.0047799889835777746,0.007117285549465154,0.001480355803922763,"(0.006682859550507978, 0.0073169517320277955, 0.005625711538427491, 0.008656891763946468, 0.007438485383211366, 0.0065577837450335255, 0.008824367344091564, 0.005538216382351913, 0.00712887938823087, 0.006857944931409382, 0.007211962455667357, 0.006702187173393137, 0.004320151989039, 0.011236277061446925, 0.006695087401460931, 0.007227818579882277, 0.005562961417158641, 0.008793744002292185, 0.007483085877745477, 0.006484343271978789)",-1.5788748621742337
0.014210765011548493,0.01321531010928141,0.0012604826100295632,"(0.013015777108110128, 0.013415363454247767, 0.01374567872122923, 0.012604129252084205, 0.012799715778522945, 0.013578060896334896, 0.015010373002888166, 0.011620336445649766, 0.012610375245313731, 0.013841873941089234, 0.010869519405538007, 0.015708665270972078, 0.012923392184908969, 0.013321621512568051, 0.01231388784356158, 0.013896655037214541, 0.01173048056424617, 0.014897705728856112, 0.011702064704847864, 0.0147005260874447)",0.7897410835709479
0.004637441593498698,0.006001658847212677,0.0008832873436843472,"(0.004809053895488131, 0.007365343614670828, 0.006528553257158343, 0.0054073242043875674, 0.006661007489047914, 0.005306877069246941, 0.0056928431123075785, 0.006219143423579452, 0.005992294842743478, 0.005910089676594231, 0.00635900990234334, 0.005516832950408335, 0.00507476297271531, 0.006937435986088879, 0.006478312637371557, 0.00542045540033093, 0.00799845625191445, 0.004429979686155846, 0.005362966793316263, 0.006562433778384171)",-1.5444773022826161
0.002858077560237256,0.0019821614845169297,0.00030055816031744257,"(0.0020336624346187077, 0.00189299678543693, 0.0024554931199493547, 0.0015660575754741766, 0.0019168750133547667, 0.0020069890540547865, 0.0019441810668059055, 0.0019798304876920488, 0.0017303076782293036, 0.0022247627541450406, 0.0020475335205014018, 0.0018741864041149088, 0.002008234781907983, 0.0019131052621317673, 0.0019789064933307637, 0.001939801670125038, 0.00243826011496074, 0.001579065814061278, 0.0026790737307665277, 0.0014339059286771593)",2.9142981005579887
0.004173502838130444,0.0035320650468292853,0.0008942136091674693,"(0.0027484179415629534, 0.004276255114894375, 0.004016842551575401, 0.0029230484743629666, 0.00407576410749163, 0.0028818607512221834, 0.0029429912650356434, 0.00399316548314144, 0.005092832834036282, 0.0023076103660263562, 0.0035307720137039075, 0.003319193949022292, 0.0023987068243349133, 0.004890676296074358, 0.00365912435354346, 0.0032038525112046677, 0.003040852599664091, 0.0038653502043283663, 0.0022420399470424635, 0.005231943348317965)",0.7173205425696332
9.847758894560919e-05,0.00010037260989401898,2.2126905888656736e-05,"(6.831188409949164e-05, 0.00014085709949892487, 0.0001426536701137757, 6.745117321767851e-05, 0.00012265265164802192, 7.845062043469705e-05, 0.00012495045301960913, 7.700822054467499e-05, 7.64318910389266e-05, 0.0001258926007503928, 0.0001114960893261683, 8.629952097411023e-05, 9.697146392885005e-05, 9.922615345132237e-05, 9.500656681327968e-05, 0.00010127799945790267, 0.00010083309955730721, 9.5427079349957e-05, 0.00010073498537466427, 9.551897528062461e-05)",-0.08564328686286249
0.13740304715558255,0.13439055979583894,0.004576966673949753,"(0.13774051314030308, 0.1326865834597283, 0.13559672260262354, 0.13328614430314806, 0.1302712907916855, 0.13881345981428803, 0.1289288284128371, 0.14159684706776215, 0.13916633039412718, 0.1309915138448296, 0.1425129222215938, 0.1250205054540503, 0.13861474567029133, 0.1286419960969145, 0.13332461240134805, 0.13424382091213405, 0.13498850918655766, 0.13378377473209974, 0.13706688850475332, 0.13053518690570404)",0.6581842461054974
0.02244588897864186,0.03163416659581564,0.011276288744108767,"(0.028411347035792237, 0.033908527795424706, 0.05702308220856503, 0.016261818720384753, 0.022326008817446577, 0.043811971329601455, 0.025435736721550865, 0.03597537065125795, 0.014018655941793006, 0.053494074464087375, 0.030619866703645512, 0.02694624951286818, 0.022976628612010254, 0.038196349360381084, 0.025811172050527662, 0.03487061940341777, 0.020669776665021983, 0.03686279353137617, 0.03976126045553419, 0.025302021935625918)",-0.8148317079920593
0.020540926619233547,0.014367177267964368,0.004525698782606145,"(0.015466904900577418, 0.012721039413864509, 0.008620340775384825, 0.02180543705576987, 0.013719365456404323, 0.014422576287019996, 0.02260849372634724, 0.00843227709408837, 0.012746697380952115, 0.013803198960970195, 0.00869183816388188, 0.02130645517689043, 0.020051783875522082, 0.009413070057593214, 0.017581981516428695, 0.010900519384960108, 0.012195164015311335, 0.013660892985508386, 0.011028548658261613, 0.018166960473550733)",1.3641538352037643
0.02332545212703325,0.01298009784507894,0.005760337792906392,"(0.010625106232192394, 0.0137833918014752, 0.007961302686855092, 0.01687311095879968, 0.013472182792478528, 0.010810011322963263, 0.0069929453931521935, 0.020301149784671093, 0.017355781783517682, 0.007881972608813032, 0.007502637478478706, 0.019074152644018173, 0.012002097880618427, 0.0118805274503357, 0.008293210480726147, 0.01745580697401343, 0.028894317623922812, 0.004127941049770907, 0.012379038245394035, 0.011935271709382278)",1.795963128185671
0.001076613387837916,0.0012507840135768773,0.0006281872380159843,"(0.002153234311271302, 0.0005872224891973041, 0.0011066495612170534, 0.0010255860885247984, 0.001271363359037984, 0.000936354292410667, 0.0006911729344992918, 0.0018567592388139085, 0.0009825874113375322, 0.0013368592709002598, 0.0027041439406215607, 0.00048250149478657714, 0.0005050501666612932, 0.0025125252588888924, 0.0014000815925969139, 0.0009004631952000564, 0.001096643122786282, 0.0011121399926735432, 0.0015398629024030181, 0.0008144796477093076)",-0.27725909601259596
0.00047947676539357263,0.0006030383688077241,9.966894351306638e-05,"(0.0006062154232375545, 0.0005852343695431528, 0.0006885107715248911, 0.0005125395687547765, 0.0005695933831012901, 0.0006213370065429534, 0.0008667074627784905, 0.0004094889025073147, 0.0005047433817267437, 0.0007041521906321678, 0.0006755082061132117, 0.0005261045052744369, 0.0005993638966034911, 0.0005920660122637847, 0.0006661052040357273, 0.0005326704707885674, 0.0004951547841968132, 0.0007140066957813662, 0.0005833212624357629, 0.0006079438783119879)",-1.2397202083109553
0.002489221019831043,0.0031951385433436653,0.0008187072619905878,"(0.004082082249676207, 0.002352026898901155, 0.0027386660822049692, 0.0034985181658649897, 0.003367837088431472, 0.002851354904061419, 0.003901168917972232, 0.0024579521002575867, 0.0020082260297934734, 0.0047608008144049375, 0.0036642961964920024, 0.0026144619527266825, 0.0024046203328174885, 0.003986533427255044, 0.00417602681145315, 0.002296927283391993, 0.003786400813142541, 0.0025180830612108384, 0.004084685325738208, 0.0023521024110769295)",-0.8622343495479317
0.001405521210560421,0.001538003344612856,0.0003696626362949495,"(0.0017390141836273808, 0.0012889652287997107, 0.0009799881774640302, 0.0022809547367732444, 0.0018623722504828362, 0.001203079455702038, 0.0010678288084438193, 0.002097739960324634, 0.0015264187118462847, 0.001467098761365486, 0.001376023615592765, 0.001628990567911068, 0.0016378728123015458, 0.0013679737161448177, 0.0013425737776245476, 0.0016694128060881675, 0.0010781758054163632, 0.00206797195066072, 0.001894112075396111, 0.0011834994902915482)",-0.35838659643905474
0.002083440928733195,0.002038298953759421,0.00034276306146808545,"(0.001661293462865064, 0.0024390221861199457, 0.002374881728518047, 0.0016909775266189325, 0.0017855035345094637, 0.0022625602013466957, 0.0022244778269945873, 0.001820878756476619, 0.001474539440128179, 0.002752689914331003, 0.0018947892896624121, 0.0021438294311448055, 0.0021557755233645843, 0.0018798054446466283, 0.0019290034892532285, 0.002101269891047791, 0.0023564395612640713, 0.001702570524300473, 0.0024879784219701334, 0.0016276929206257475)",0.13170023275094786
0.0023901238081894456,0.0022486973239578415,0.00036350912672116376,"(0.0016157172392206951, 0.0030613102232071626, 0.0019118898885524254, 0.0025427785884238607, 0.0023101658202369095, 0.002125097348308103, 0.0018939038349491666, 0.0026137941787661295, 0.0019066972291111226, 0.0026084443013774912, 0.0027247827513262324, 0.0018253611513089087, 0.0022828176965643873, 0.002168318208752236, 0.0021458781135737155, 0.0023060654451636424, 0.002406792488010474, 0.0020289257677170575, 0.0025826001901172687, 0.0019126060144698405)",0.38905896395852485
0.006271904932416845,0.008308368330928162,0.0012896838322153615,"(0.00932983140572132, 0.007310061709640642, 0.008319360722564477, 0.007623907083085053, 0.00936401914831422, 0.007046430377456394, 0.007121049122006332, 0.00962297684336229, 0.006093433640763918, 0.011467702715579295, 0.009058059506670447, 0.0077073556734955214, 0.008676682554324508, 0.007885868889553952, 0.006745212303583174, 0.010126150678886862, 0.007583020535838835, 0.008570112797539062, 0.008881263045885034, 0.007634867864291855)",-1.5790408064689547
0.009202524537684333,0.01977831261558089,0.0044143074208860215,"(0.015336472708325524, 0.024990819370288377, 0.025073673622868553, 0.012374395533528006, 0.019395527993634594, 0.017870570353667906, 0.020627803412366755, 0.01890043108469644, 0.028398229343243264, 0.014516926462783452, 0.02279172562988445, 0.01799285979810074, 0.01828884985659185, 0.02115639614090051, 0.02084850157204465, 0.01843481406380446, 0.012678473984027097, 0.02665133295252564, 0.022463558940568847, 0.016774889487766613)",-2.395797815951348
0.004221393541546296,0.007356927370615657,0.0013353109666407923,"(0.0069537529126889675, 0.007626959055710489, 0.005849070193403738, 0.008280743319181265, 0.005138645961050355, 0.009855115738180858, 0.00963213097616703, 0.005558829044834341, 0.007382183159566318, 0.0074194551278898195, 0.007118366696303682, 0.007664860845503668, 0.0065551635726366735, 0.008122034786292618, 0.007222878743112381, 0.007342065720436571, 0.005569073194821857, 0.0091110851294375, 0.006089852380293323, 0.008646280854801687)",-2.348167511090951
0.001958232812010012,0.002093854053747134,0.0004519278315965458,"(0.002167153213990245, 0.0019399909823088713, 0.0026805403413882626, 0.0015365251985153443, 0.0016669366312879797, 0.002497627926426406, 0.0015071726567874118, 0.0027941123597914775, 0.0027133941739608466, 0.0015604650690223295, 0.002389631214860477, 0.0017709921369308327, 0.002250145456642683, 0.001870164720981569, 0.0019513328441850223, 0.00215515051560217, 0.0016989170173911123, 0.002444415689406044, 0.0027636535188456696, 0.0015187594066179237)",-0.3000949095301492
0.0037442802459656567,0.0038670507046583906,0.0007675612743223912,"(0.003902549724263478, 0.0037246488224401382, 0.0034631364696563038, 0.00390774898567131, 0.005843942172188821, 0.0023907139691467885, 0.003287531276607674, 0.004464297659193708, 0.0049359402496489515, 0.0030202896422328552, 0.004420846988486484, 0.003357511169084738, 0.004509103097753533, 0.0032314809151800395, 0.0033525994278449044, 0.004327936208366348, 0.003304231055571712, 0.004291627620657353, 0.0038399295568011093, 0.0037649490823715463)",-0.15994873998967254
0.00012084053366941274,0.00010103714612017954,2.4889659464642208e-05,"(0.00010655349574268048, 9.098171406215438e-05, 0.0001856241955570375, 5.2102711692896724e-05, 9.064114672444855e-05, 0.00010680607672960195, 9.2842528670811e-05, 0.00010445573804209062, 9.586682328524245e-05, 0.00010120617493295185, 0.00011836845119632568, 8.195345249637756e-05, 0.00010220363250241038, 9.48595933687427e-05, 0.00010326243436890964, 9.387170396142551e-05, 9.155714939396667e-05, 0.00010581994887425769, 0.00012289647799934645, 7.886947280191325e-05)",0.7956471874340235
0.010500945734921621,0.0012377145685390338,0.0021282466902167963,"(7.968994622467753e-06, 0.0009581988039335872, 5.889031138629837e-08, 0.007844647548111086, 0.005956416323542266, 1.7454277516592627e-07, 2.84357958108605e-05, 0.00040712601114115034, 3.637352032509257e-06, 0.00197160084615968, 0.0007023620136033152, 1.5619733572575667e-05, 0.002236983841611845, 2.168947503937673e-06, 0.0027280771044644768, 1.4335271524673637e-06, 5.9035450407396455e-06, 0.0010115089613556047, 8.669516674017362e-06, 0.0008632990713615405)",4.352517595335237
0.0244983336133203,0.020034327597296304,0.007773476921554297,"(0.011616190844459761, 0.027475931928955286, 0.03901501764514866, 0.009073500305680379, 0.019374203412234413, 0.017963615937215904, 0.028318284642645904, 0.012336957141262579, 0.026416942722776674, 0.013425969039343401, 0.02139267170973826, 0.016594613526903935, 0.03313377776655721, 0.010590844001104186, 0.022244603300509654, 0.016044117053099518, 0.021963535035175074, 0.015997953942537096, 0.020642502743527198, 0.017065319247050997)",0.5742611782439595
0.009372901882166409,0.015205924621036532,0.007665660046650123,"(0.03588889595535386, 0.004500858695942992, 0.027461800252058775, 0.006780013967903201, 0.01976135281859574, 0.009202893135983471, 0.008544759676891394, 0.02139912746721939, 0.013738692223478613, 0.013590366665781966, 0.014197528035457246, 0.013164577010797068, 0.01961209550168786, 0.009380437181262906, 0.013488007009396667, 0.01395881148121742, 0.020868392667790867, 0.008830572674393848, 0.02090172180886666, 0.008847588190650636)",-0.7609289615470414
0.007176279743247609,0.01245772380720309,0.005940137039062991,"(0.003559706835843174, 0.03250640713392939, 0.012425741343525887, 0.010571246846356129, 0.006577361614327904, 0.019550351109832165, 0.011179117392798919, 0.011561645263817038, 0.018135895729402465, 0.007263166147712673, 0.013199153760868026, 0.009985114590022093, 0.013050692181077825, 0.009957993454546217, 0.01013398615810863, 0.013090910939832636, 0.012468596371849832, 0.010437004309722431, 0.009008009062179656, 0.014492375898308709)",-0.889111485008532
0.004253653307104641,0.0008569411222892264,0.00032404713261639025,"(0.0010490025388494822, 0.0006102210579394007, 0.0009502463996136833, 0.0006783474761777514, 0.0011614942011353008, 0.0005540294016453442, 0.0004493721402528554, 0.0014331013740210604, 0.0009354764180501485, 0.000689653389838476, 0.0008297101238426287, 0.0007770037798962211, 0.001251249186180063, 0.0005149135917057234, 0.0008452002839433561, 0.0007630334302321925, 0.0007447557832560257, 0.0008648707872536717, 0.00039144058555397565, 0.0016457004963971718)",10.482154732831631
0.0007644142065965728,0.0006094489115226256,0.00016419199913382927,"(0.0008672471011681754, 0.00039931066212630067, 0.0005121987965984796, 0.0006770681179159026, 0.0004767780030023702, 0.0007271702813388619, 0.0008368595376849479, 0.00041432286529056095, 0.0005560654436077696, 0.000623701401488992, 0.0006310215895749749, 0.0005495922189485746, 0.0004214128290081936, 0.0008228357249911904, 0.000622795459836079, 0.0005568935578662209, 0.0003707536816212221, 0.0009352622583567109, 0.0005171173460323823, 0.0006705713539945988)",0.9438053978966322
0.0028274343950806997,0.0030789799955692303,0.0004902935957985045,"(0.003817019330958419, 0.0024139158367550493, 0.002567807142012475, 0.0036078565967473573, 0.0034835168747065167, 0.002657060746726796, 0.0032380922657836734, 0.0028590451221139146, 0.004286429258089483, 0.0021615399476798687, 0.003166232178861746, 0.0029263912845908487, 0.002846255299996254, 0.0032534044335538856, 0.0033088202030249953, 0.0028010691123769617, 0.002986529524716849, 0.00310079321863794, 0.002864532412894856, 0.0032332891211567113)",-0.5130509609836063
0.0013296255138994524,0.001496965985693015,0.00028580534236652964,"(0.0012057163273686835, 0.0017904375098811087, 0.0014901117476296564, 0.001453692827857295, 0.002133534065217309, 0.0010147035028847324, 0.001124252241520199, 0.0019259188871708164, 0.001209721110423507, 0.0017907810770239694, 0.0016148298115242902, 0.0013415386245201819, 0.0013762428378770826, 0.0015735164012885949, 0.0014826110151894855, 0.0014614369542333974, 0.001223981152632881, 0.0017693177460530124, 0.0013366119083041454, 0.0016203639652599472)",-0.5855050518228507
0.0017589150310419923,0.0020048083675069544,0.00042220532744640104,"(0.0016367559774254294, 0.0023459042436334257, 0.0017498801366168932, 0.002205272489180906, 0.0016837354998791932, 0.0022898727571554083, 0.002127230645567047, 0.0018129161603252588, 0.0022526143486680376, 0.001713383424846456, 0.0018289870110927366, 0.002110149452134905, 0.0018482866345455715, 0.0020869872156088973, 0.0023333782084258383, 0.0016544486510232093, 0.0026240760088093794, 0.0014700258803420434, 0.0030625412419546917, 0.0012597213629037612)",-0.5824022589960763
0.0028493736185174787,0.002182986899339156,0.00035772856406949194,"(0.0018934043383071596, 0.002442064347747266, 0.00291571232133873, 0.001594366492046947, 0.0025649713408010064, 0.001810566238769755, 0.00241569046717482, 0.0019230568206397697, 0.002029200095315017, 0.0022914587457089934, 0.002436468051644166, 0.0019082088278639902, 0.0019160248673894674, 0.002425160837772353, 0.0017667028489904714, 0.002632370441274113, 0.0024973172276333416, 0.0018606633195027236, 0.0019365419108384326, 0.0023997884460245926)",1.86282781446793
0.005400524219229873,0.007119733920278575,0.0016754796921037542,"(0.00631519446959095, 0.00750754513298262, 0.00537026340128696, 0.00897782637965485, 0.007409786672306632, 0.00648621842883061, 0.005181768885851236, 0.009284389113628975, 0.008057452773969164, 0.005988318263116673, 0.0054657051437525936, 0.008824447547438153, 0.007354502305053261, 0.0065466348159784315, 0.009078064333418345, 0.005317744884467992, 0.0060534864899984536, 0.007953533998041766, 0.00448695675218018, 0.010734838614023634)",-1.0260999934233996
0.013338504542551458,0.013464973518359777,0.0029269696893528215,"(0.017007630699471595, 0.009906848192154767, 0.01464005733926653, 0.011893411132828149, 0.0145870629542852, 0.011863030966607558, 0.010276386790086581, 0.0168723514092, 0.013479109288994793, 0.01293745077947608, 0.017955880366082293, 0.009704415823953124, 0.01379449306485731, 0.01258859006232704, 0.014388986375504374, 0.012131216647516733, 0.009086341493455757, 0.01911091286783055, 0.010459133588606676, 0.016616160524690424)",-0.043208160394815134
0.004911754073833563,0.006238650309470424,0.0020277447547905904,"(0.006678129313205378, 0.005236838546032509, 0.004941907104552034, 0.007178348450144582, 0.002923820482365404, 0.012100025099258015, 0.004665389918202466, 0.00758986843436042, 0.005166874067437931, 0.006870666087870219, 0.004305827260355654, 0.008241431362832433, 0.004766681386443179, 0.0074336031339861, 0.008562420023663543, 0.004147556133970048, 0.006623677468171232, 0.005349351945028803, 0.006701454114208301, 0.005289135857320207)",-0.6543704440620745
0.0025766367895076066,0.0020219995755447603,0.0005132775035603797,"(0.001716058435349148, 0.0022349893781243814, 0.0033565654060257657, 0.0011481355542268703, 0.0024030926324909467, 0.0016022143223746827, 0.0023806389918263893, 0.0016178083373699346, 0.0024723279813545973, 0.0015591419608214142, 0.0016336873775656213, 0.002359208812420338, 0.002078146161448544, 0.0018537154128909971, 0.0014528110369676, 0.0026536087615411483, 0.002359514489654455, 0.0016326434283184554, 0.0019562112393117954, 0.0019694717908121046)",1.080579628204183
0.0030476618952488136,0.0035317053565808395,0.0009892098617084886,"(0.0030668162557282983, 0.003783763804357686, 0.0036375827990944797, 0.0032080901019749548, 0.004180882711738192, 0.0027874906445198512, 0.0036599952446180837, 0.00318605481468859, 0.003587608777730929, 0.0032548394162532504, 0.0035430519791379363, 0.003294060867525047, 0.00676914592791231, 0.0017232590494244886, 0.004218465301524457, 0.00276745467220488, 0.004532326431969704, 0.002573268766709799, 0.0031127742026983937, 0.0037471753618054542)",-0.4893233277072497
8.042005258571092e-05,9.961306914312788e-05,1.827368343359961e-05,"(0.0001429913276746614, 6.724007978780122e-05, 0.00010808286966098194, 8.896510386458211e-05, 8.548887736710204e-05, 0.00011247458203142838, 0.0001324062945192587, 7.26210166739294e-05, 9.525990137788473e-05, 0.00010094291962572272, 0.00010485892005381481, 9.17005570238539e-05, 0.00011812688913185655, 8.140028479055366e-05, 0.00010723617193025592, 8.966804783450751e-05, 9.146351368918495e-05, 0.00010512915788751338, 9.516898392449873e-05, 0.00010103588401316535)",-1.0503091304584482
0.18698299933343265,0.18740975073243,0.004457810209597653,"(0.18635565462053222, 0.18019718981461774, 0.18465965486785446, 0.19192015075658264, 0.19049822573128392, 0.18257999297283523, 0.19018397644126117, 0.1855684402547212, 0.18200901260433727, 0.19493165115256014, 0.19206168387141495, 0.18466736347086676, 0.18202630922605445, 0.19308389855431382, 0.18394625903997608, 0.1927224019045893, 0.19070879267827254, 0.18472548946152034, 0.1906780875694209, 0.18467077965558412)",-0.09573117269069543
0.01391419640928511,0.017387024653079838,0.005498223304648218,"(0.013591034867306685, 0.020089844755879476, 0.020752918608079873, 0.013911514464760157, 0.02166939076499518, 0.013770173294516836, 0.02846411191246906, 0.010260069968185369, 0.019187425144509572, 0.015302120529309033, 0.013677263176639476, 0.019271287223934574, 0.01773228425543756, 0.015528022895095821, 0.024848631763334388, 0.010900242995252251, 0.022432952037909824, 0.009170409563468599, 0.011440589247728415, 0.025740205592784508)",-0.6316273551237518
0.012192296168677572,0.012871843726356686,0.007131069473730605,"(0.01989662678345656, 0.006164183904496763, 0.010492674154325808, 0.012532476085341786, 0.01086596111961947, 0.012606732580754341, 0.009579784538378707, 0.013950252787374393, 0.018770772100900335, 0.007154284466552637, 0.02196321401399715, 0.00537926677960297, 0.00653552024753815, 0.019020126098504075, 0.008143692880509935, 0.01487742213446394, 0.002623047987530375, 0.033562347974232895, 0.012943232783472562, 0.010375255106080871)",-0.09529391912144838
0.005618707295806385,0.009585587027397837,0.0032770813846240126,"(0.006888118663891471, 0.011684283163882567, 0.014241401043095346, 0.006047893380876093, 0.00986292911382045, 0.009085183828381454, 0.01175774693842213, 0.007454059071799226, 0.00934086890136715, 0.00941137092048441, 0.005764144189286704, 0.013544552651696842, 0.011376634401381263, 0.0071860933535017055, 0.005845032014991699, 0.01357367576807418, 0.015677965400776726, 0.003791673571708117, 0.011670955732518291, 0.007507158438000893)",-1.2104916741475986
0.0010648785405641098,0.0009847524237291806,0.0005931186796771081,"(0.0006189581377429165, 0.001134220304114094, 0.0003306178727933626, 0.0021288414907240255, 0.000287210632914049, 0.0024543731068227795, 0.0007223517455458217, 0.0009753962735590274, 0.0007095218891246914, 0.000992790028350123, 0.001143563285548301, 0.0006138399212920712, 0.0003597455115910965, 0.0019533609027527826, 0.0006216160333201153, 0.0011276749666328412, 0.0009283506082735401, 0.0007500663924924206, 0.0013018496733363978, 0.0005406996976531511)",0.13509289047943918
0.0005960137388055547,0.0005958390687151354,9.407362009772559e-05,"(0.0006644030445451582, 0.0005218421572971784, 0.0004924397815215893, 0.0007045787765670528, 0.0005934352226165934, 0.0005849179442892248, 0.0005866910298495539, 0.0005915403231591086, 0.0005541005682646185, 0.0006263119199210764, 0.0006861173653073581, 0.0005052683247465236, 0.0007031950779608048, 0.0004931766887342493, 0.0005205905350840519, 0.0006658013230037003, 0.000421761317349762, 0.0008199662185780872, 0.0006289533115007946, 0.0005516904440062189)",0.0018567382677292554
0.00209953517823072,0.0030633275506893997,0.0004113814265519552,"(0.002455350380717732, 0.0037560985474131363, 0.002719236557450437, 0.00340264425353936, 0.002311568973151514, 0.004010366547740932, 0.002775344920983422, 0.003336424581072232, 0.0031571241321865116, 0.002933579403176802, 0.0029867171802977132, 0.0030826539272721786, 0.0029175552758435503, 0.003163118395097712, 0.0028043173040259795, 0.0032867442509394995, 0.0031064038789502205, 0.0029238641677221625, 0.003463287837440716, 0.002674150498766184)",-2.3428193648333266
0.001553941391468452,0.0015158995106046378,0.00036531786621349957,"(0.0012274459111042053, 0.0017693047030739016, 0.001295362575960207, 0.0016797824463658229, 0.001916752243444777, 0.001136495295163195, 0.001965919924948178, 0.0011074089172773383, 0.001904199201031337, 0.001143366822386229, 0.0015508287346168066, 0.0013993015328839012, 0.0020418785389092254, 0.0010641151931380986, 0.0012483027587739542, 0.001738940366688267, 0.002050169619139966, 0.0010505499531675755, 0.001174620678665642, 0.0018532447953541278)",0.10413364464792323
0.0023734226002971046,0.0020002411776242107,0.0005548570166400615,"(0.00195901106630385, 0.0018997397393406398, 0.0019669945140925967, 0.0018971689596719806, 0.0015775785528141986, 0.002369235884166183, 0.0018472216972767231, 0.002021887655784594, 0.0021485560988837673, 0.0017382862058800297, 0.0011626512627411637, 0.0031985559444476144, 0.0025119354839878974, 0.0014827826161191722, 0.003125612825978167, 0.0011896744213232343, 0.002385189835354996, 0.001543804868388822, 0.0024634337076292687, 0.001515502212299313)",0.6725722329920152
0.002353961278756588,0.002222203565818285,0.0005432501191898721,"(0.002131098622370124, 0.002187146824982662, 0.001590524973706145, 0.0029386575094263105, 0.0020250730325183067, 0.0023118725799529086, 0.0028098565457511655, 0.0016650249560695941, 0.0023569323710557768, 0.001984789478720956, 0.0017011619658862992, 0.0027384483348348067, 0.001594380570158701, 0.0029261272668457015, 0.0025921380828705133, 0.0017962112139648793, 0.003319563684708674, 0.0013899416884792341, 0.001829492716301998, 0.0025556288977609466)",0.24253600373763073
0.008628923322305693,0.007142527605289256,0.0015809740695853813,"(0.007993439562409003, 0.006091137966773736, 0.005753362401378804, 0.008536521087878257, 0.006855350086060796, 0.007201252733908294, 0.00676281221699425, 0.007284243803643896, 0.006762700667746938, 0.00728191367346596, 0.005488493724916834, 0.008857030281168165, 0.007804911356618398, 0.006256558310272892, 0.0041005233974724655, 0.011833360886753711, 0.005737221183241377, 0.008223951980316764, 0.007152562258567128, 0.00687320452619745)",0.9401771639469403
0.011425580113589686,0.012310635335360899,0.0030904652322355283,"(0.011704964524482456, 0.012153792744659407, 0.011801949709390523, 0.01224735541473441, 0.008585517269003348, 0.016995253849321868, 0.011220575197408177, 0.012953278617139316, 0.014952267222097942, 0.009714523581181621, 0.013004744590373641, 0.010907082090788122, 0.00904308245888627, 0.01581594162880332, 0.01727690458070304, 0.008182726688707544, 0.01024060391556199, 0.013113277777844419, 0.00784767667233973, 0.01845118817379083)",-0.2863825201913038
0.005680325478736828,0.005888727260629403,0.001577282515894536,"(0.004274714112890192, 0.007577127372259291, 0.005363108043280061, 0.006082378527927508, 0.005355616091078206, 0.006116605988988128, 0.0051609491098499344, 0.006336519539743882, 0.0048210941425927, 0.006781046943304955, 0.004822863210370624, 0.006708035717582761, 0.003996508021790346, 0.008124330058965103, 0.009982182904681572, 0.00323534369217591, 0.006623906545633575, 0.004767773319078034, 0.004702345783846436, 0.006942096086548844)",-0.13212711089641602
0.0014803727369158612,0.0020000055817971075,0.0004269416554288386,"(0.0014195600488084896, 0.0026969174435634864, 0.0022124786035823403, 0.0017345505261141176, 0.0023700140246512365, 0.001621571071925927, 0.002753839006860393, 0.0013947521214197197, 0.001426254930639558, 0.002692724954813985, 0.0018368066722121402, 0.0020834511556003664, 0.0020564903333660954, 0.0018631717977127928, 0.0015845065461718023, 0.0024137875446904257, 0.002043475549160204, 0.0018574703232181783, 0.002166435914630087, 0.0017718530668007998)",-1.2171050500080733
0.0030555147099041247,0.0034351375874208594,0.0008692951916136736,"(0.003609477356960207, 0.0030736594150431993, 0.004959773041992976, 0.0022416624890429634, 0.0038428298210471832, 0.0028969742955673944, 0.002301129941964982, 0.004835842387982872, 0.0044336946718019745, 0.00250935552482349, 0.0038704544936945247, 0.0028661119462615203, 0.0029252852914934003, 0.003795619050772624, 0.0030049752452833466, 0.0036874714505826293, 0.0022875167853607927, 0.0048165574219958315, 0.0028698349455804147, 0.0038745261711648537)",-0.4367019180355068
0.00011931234362910779,9.981232595908268e-05,1.945095008455021e-05,"(9.542906623137234e-05, 0.00010073305584204282, 0.00012332842228452622, 7.794609973253984e-05, 0.000142909746813817, 6.726642416997725e-05, 8.648659970792079e-05, 0.00011115040134643778, 7.231805646156046e-05, 0.00013292674679343716, 9.654186231726301e-05, 9.957198150004685e-05, 0.00011558775797139255, 8.316535916398128e-05, 9.1897203983052e-05, 0.00010460347751813121, 8.844659460704108e-05, 0.00010868175490527345, 8.792738204031913e-05, 0.00010932852579152132)",1.002522631812925
0.044484993542737744,0.0421656264936995,0.002812625432100266,"(0.03832042482174161, 0.046328633879517904, 0.04451133038789802, 0.04050690476384533, 0.04378737652910517, 0.040609718951575335, 0.042578887573714856, 0.04305849273015841, 0.039083585232372764, 0.04618569444324525, 0.04355971571314047, 0.04121833356607751, 0.047624053849459114, 0.03672606783040938, 0.03923239630455014, 0.042096625586779235, 0.042665993597281196, 0.04034598901597815, 0.04379944809354666, 0.041072857003593546)",0.8246270628742431
0.015004039703408434,0.02567560075186049,0.013246897987861952,"(0.01822704184285229, 0.028693332363611778, 0.020921903478413016, 0.02638458427833165, 0.036904242174625894, 0.014219901101840998, 0.022838066630277612, 0.022362117934730218, 0.01076449634061309, 0.04737460988881203, 0.04490692267617493, 0.010816616433616309, 0.007419091968500181, 0.06089475533242516, 0.023021150655604748, 0.02335441795191787, 0.018371734601656434, 0.030393197943583715, 0.02078989560562379, 0.024853935833998194)",-0.8055894337097137
0.012872436206293518,0.022195967146550085,0.009433857771590184,"(0.020595735605641388, 0.0204618114251008, 0.02619971598423061, 0.017306591461212658, 0.010064975186068036, 0.04209523531666976, 0.01391015537780016, 0.029362525149223422, 0.02303729628332296, 0.0176899796265855, 0.01911839151096828, 0.019985841170296864, 0.03500525208317978, 0.009917521355641739, 0.039484450596680584, 0.011100696225197085, 0.016849217799153778, 0.027358438980274312, 0.0309870199605795, 0.0133884918331745)",-0.9883052263448509
0.04253148208605769,0.01745767856098947,0.009516853768994483,"(0.009877976318941275, 0.023108535021726002, 0.015153265941667854, 0.016346952139948096, 0.019707628675952688, 0.011666990728469755, 0.029052359383485202, 0.007598969592174565, 0.018885601453774034, 0.011655707917831075, 0.005782483605659082, 0.03551624905179482, 0.0330276607235874, 0.005609252777378284, 0.010486720128510625, 0.022814418897918756, 0.00795929253764683, 0.0317534735158237, 0.02365727206398468, 0.009492760743514723)",2.634673615219101
0.0005321809176112293,0.0010253061412423775,0.0008362208574657933,"(0.00016458166716534607, 0.004221047995198919, 0.0008147526825288067, 0.0008599433894144667, 0.0008726997304732087, 0.0007982039179057632, 0.0010971095847272009, 0.0006325953509682886, 0.0006300302039619165, 0.001100573718741417, 0.0013172988807930563, 0.000524775653252737, 0.0007005070501883217, 0.000982685054943461, 0.0012920012886528383, 0.0005431204151354597, 0.00047551099207067475, 0.0014800885319787489, 0.0004482014750639882, 0.0015503952416829295)",-0.5897069168133253
0.0007737558975958147,0.0006077030094756757,0.00015200103339549134,"(0.0005247536494945415, 0.0006628648205587851, 0.0007963506555172748, 0.0004371859115971691, 0.0006646480266449663, 0.000523445165732168, 0.0005307872631407205, 0.000655179821821524, 0.00038660241214397704, 0.0008994709507828962, 0.0007609993587770627, 0.0004567052952934825, 0.0004821038432056437, 0.0007203488044772744, 0.0006344682429661595, 0.0005486767258774691, 0.00042621255391742476, 0.0008171472137391442, 0.00044566208566505707, 0.0007804473881607728)",1.092445784155205
0.0029362628640129096,0.003076843180037053,0.00037208287970645675,"(0.002819544418061796, 0.0033131217120300227, 0.0031129981644408026, 0.0030073969584301203, 0.0031967198553450866, 0.0029226910546123618, 0.0029016425362672544, 0.0032163733073797074, 0.0029479090858276283, 0.003165678425496035, 0.003849379846621332, 0.002419656827486829, 0.00291112029513115, 0.003190363909291783, 0.002592806151479974, 0.0036071258933577217, 0.0028895084779863947, 0.0032416218710419335, 0.0037237530213633874, 0.0025074517890897392)",-0.37781989898339297
0.0016433472398344278,0.0015302564094445813,0.0004017079732491159,"(0.0013409402754099356, 0.0016362421089739364, 0.0021152270408591523, 0.001038814594481585, 0.0014894736915934618, 0.0014732921769223944, 0.0018623538841928751, 0.001177454237878103, 0.0011466912931332792, 0.0019122042720103067, 0.0010727119147160092, 0.0020416094922117867, 0.0009163686979800344, 0.002385649250514608, 0.0014997311114144656, 0.0014643005538394068, 0.0016295267658350452, 0.0013489649865499535, 0.0011558725120379332, 0.0018976993283373528)",0.2815249831242809
0.0019628475503893116,0.0020460780834697665,0.0005489408720004206,"(0.0014505956559467442, 0.0026974568699545715, 0.002523177115457548, 0.001554614685940429, 0.0017253214686911232, 0.0022687391594412693, 0.0022434008217591104, 0.0017427286149864264, 0.0032708726346389284, 0.0011951310858812078, 0.0022523703956142294, 0.0017324166527244958, 0.0029343950684196005, 0.0013262097477246897, 0.002152105149061425, 0.001821372603827017, 0.001922751227344147, 0.002041668209390414, 0.0015618832272036242, 0.0025043512753883355)",-0.15162021508282064
0.0014947833209027913,0.0022567890760890733,0.0006093072807061032,"(0.0027608432797718743, 0.0017232806939202982, 0.0029658545364575203, 0.0016092189582743084, 0.0019954232606994287, 0.0023857423829889432, 0.0020355220525989826, 0.0023352716758637472, 0.0016949936879022544, 0.002803827053807862, 0.0012555476199306418, 0.003777591639881309, 0.0016641609465849032, 0.0028416998338275244, 0.0027460385877132753, 0.0017371195498917873, 0.002024501153257665, 0.002360255720086325, 0.002563622194953501, 0.0018552666933693235)",-1.2506099620264217
0.007481338446818105,0.007149313402384127,0.001412478461121703,"(0.006778709271005041, 0.007269263087866181, 0.005968581159649204, 0.008341814871813926, 0.008506462955826816, 0.005804537739336851, 0.00479525359697912, 0.010246832429190406, 0.008077546004038922, 0.006078636617399249, 0.00730072626617207, 0.006681940898949548, 0.007589212124530397, 0.006367288011754578, 0.007417635583407623, 0.006701498075414005, 0.005974764722164199, 0.008366067335309276, 0.009582003428183753, 0.005137493868691354)",0.23506556281948832
0.01642030809642958,0.014167275989459122,0.002382274873348939,"(0.01268461654690944, 0.015410723384943105, 0.01897757913092519, 0.010514010871851266, 0.013290262114608228, 0.014767309747409715, 0.01532354592316176, 0.012684693919702849, 0.013269848963294712, 0.014626833307823037, 0.01211828811481752, 0.015811509111476944, 0.019284141335575954, 0.009750447779400486, 0.015224000647948047, 0.013064185603279049, 0.013130341909404028, 0.015314878928420015, 0.012537079813589352, 0.015561222634641703)",0.9457481721255809
0.0048641590971358305,0.0060433755770891995,0.000988680000621651,"(0.007386527497267855, 0.004820201527178882, 0.007565277062997502, 0.004748568347432219, 0.005191118374648699, 0.006871219916837437, 0.007747610292420582, 0.004584668036255366, 0.005550675775150119, 0.006395108597437691, 0.0058328331113828786, 0.006052633181442841, 0.005250261799271512, 0.006670909321946165, 0.0062490062759443556, 0.0057418906346261775, 0.005193013786446768, 0.006941962597179848, 0.006969186964203124, 0.005104838441713981)",-1.1927180475097248
0.0019097923752316966,0.0019938438233870373,0.00029393147992167926,"(0.0020630283055835014, 0.0018879863582783305, 0.0021873302075031756, 0.001785989303934408, 0.001622000300141931, 0.0024028011530348664, 0.002713690132466239, 0.0014341848242178548, 0.0022020385192901507, 0.00176703863600644, 0.0019645182800212754, 0.001977121936737187, 0.0017662137723898578, 0.0021933434081066426, 0.0018401793957252446, 0.002122104107897359, 0.0017394315234966532, 0.002248495069578913, 0.002138431728564257, 0.0018209495047664622)",-0.2859559247540853
0.004241569124579417,0.003522857773111728,0.0006158349254960587,"(0.004215976220414706, 0.0028560560562955833, 0.003119984870197139, 0.003883551441724049, 0.002531625869027651, 0.004765445500147378, 0.004357114486856517, 0.0027613178783836823, 0.004175622571811277, 0.0028794608321961604, 0.003809086043700053, 0.00314903317925432, 0.003917323785903435, 0.003051862191695105, 0.0033666936827414376, 0.0036023718462621147, 0.0029413203052334057, 0.00413278709236983, 0.0034814097471298038, 0.003459111860890918)",1.167051951281851
9.539687616055202e-05,9.987206331026626e-05,1.9746212734110547e-05,"(9.540304635506431e-05, 0.0001007835882351052, 8.895866868941222e-05, 0.00010810553503734128, 0.00011672597494984624, 8.237882274160725e-05, 0.00011647852272333512, 8.254716759130664e-05, 0.0001478100633431705, 6.504798163598824e-05, 0.00011182218960077914, 8.597840663298245e-05, 8.000492601586104e-05, 0.00012016394001842293, 7.548372056191085e-05, 0.00012741195245154124, 0.00010047540849128548, 9.572509366754831e-05, 9.95307056387698e-05, 9.660555182404666e-05)",-0.22663521405214004
0.18675008763778583,0.19178993895099714,0.005720962729953016,"(0.19647136042791769, 0.18812167217164721, 0.18355275411948033, 0.1996617963900853, 0.19827135037060456, 0.1874915083531156, 0.18884449302746903, 0.1959876704166293, 0.1937249810728082, 0.19110889913099233, 0.19373732223957763, 0.18808677303483587, 0.18396884915153844, 0.19338218305347316, 0.1839266912834893, 0.19983828326311548, 0.19989804400002997, 0.1847067491457858, 0.18798561856306953, 0.19703177980427813)",-0.8809446156368672
0.012480212321236946,0.01879586746639358,0.00865306569518114,"(0.026861099860362288, 0.010748838637228747, 0.02621330396437338, 0.01083480011314632, 0.0270789539572847, 0.010477319851371115, 0.03537346350287115, 0.007842138322013236, 0.028971401909577362, 0.0099021363332501, 0.030121390836493143, 0.009441108315515975, 0.01918334554704863, 0.015151713439747264, 0.029878994726757414, 0.009553079175789344, 0.019248837036826564, 0.015027610125682515, 0.01633826695042173, 0.01766954672211062)",-0.7298748637345721
0.01402097220265347,0.01452314465973455,0.005882859133845581,"(0.012545601386735853, 0.01449036450570134, 0.007634593729698777, 0.02324787026301535, 0.009543608177473739, 0.018573152575494613, 0.02416242532586877, 0.0071001132710892464, 0.01853449381068371, 0.009717171051827473, 0.01968621370225027, 0.009033704921770956, 0.010210406924807259, 0.017977664352653622, 0.007444168690765008, 0.02401829077181408, 0.0089333027874348, 0.020407381472421052, 0.011798524701299553, 0.015403840771885528)",-0.08536197207102146
0.00679861030730961,0.00976318685860434,0.0032954065732975707,"(0.009195333349775386, 0.009499779468935833, 0.007427631920974256, 0.01149973854107305, 0.004383602730413058, 0.01946746036303165, 0.010395103611172725, 0.007962830535749841, 0.009835302882604985, 0.00880462885879819, 0.006703192613529674, 0.012768217557807342, 0.010852515684902468, 0.008122012995975812, 0.00582705997115091, 0.014761235566580747, 0.011268208348447982, 0.007774025668824467, 0.009856355804934686, 0.008859500697403726)",-0.8996087388173797
0.0006580105029639741,0.0008474631235229149,0.0003491580746828844,"(0.0009499064065917027, 0.0006399645371032732, 0.001278119429884231, 0.00047515580175045314, 0.0009653551363515626, 0.0006291692325046853, 0.00041553046061819013, 0.001459957453760939, 0.00043594948388656714, 0.001393920293870335, 0.0011319765519530898, 0.0005366051769286537, 0.0007029702592538885, 0.0008650628554971356, 0.0005567861572443044, 0.0010911519136082048, 0.0005634594718806977, 0.001079069893371228, 0.001317927823926023, 0.0004612241304731311)",-0.5425984225941424
0.0005340043691855771,0.0005948356606418895,9.390355158915716e-05,"(0.000538437080281029, 0.000642174035893467, 0.0005757165963945673, 0.00060044385004522, 0.000600052104815825, 0.0005760988199003923, 0.0004613112385620407, 0.0007491221765877567, 0.0005424100180947375, 0.0006374104813695727, 0.0005730835785518301, 0.0006032232256705036, 0.000411493434561407, 0.000840359704365506, 0.0005850059843942435, 0.0005909595159741248, 0.00049573717863675, 0.0006975155624494103, 0.000579654358110904, 0.0005965042681785013)",-0.6478060779049011
0.003719178445984275,0.0030618972929353145,0.0004478271899881099,"(0.0028077260758420292, 0.0032739445520980595, 0.003947520407280186, 0.0023262079431009275, 0.003114670074654826, 0.0029480640697565176, 0.0026764373450031903, 0.003425894033572579, 0.003627752965144934, 0.002532864660125307, 0.002950309714269911, 0.0031127424563890563, 0.0025098758899057246, 0.0036640116600366404, 0.003524889669871116, 0.002605953328086678, 0.0031918692452030917, 0.0028802815858894135, 0.0026559960779746765, 0.0034609341045014354)",1.4677115810373458
0.002076438435416823,0.0014958784029701984,0.00029936729106964347,"(0.001490906486349961, 0.0014450400499550467, 0.0013652297472852876, 0.0015770623619054131, 0.0011064714661664409, 0.0019458359437903386, 0.0011318191838881103, 0.0019006225925912797, 0.0015860853620966882, 0.0013579911901041397, 0.0011660531183251078, 0.0018465564960998117, 0.0015145346357026675, 0.001422856734947204, 0.0017593384355799266, 0.001224030280741276, 0.001163263271487807, 0.0018522019685235193, 0.001965646427008155, 0.0010960223068557842)",1.9392901287654898
0.0017314528892390505,0.0019776126623635222,0.0003088374274933594,"(0.002029672080859439, 0.00188418491147446, 0.0019982664364463195, 0.0019120684289535468, 0.0016041246030360618, 0.0023818766351653706, 0.0025038935441684495, 0.0015241080009451, 0.0014264188391681747, 0.002680100767054334, 0.0021910878480915098, 0.0017439788010999617, 0.0018145814730011448, 0.0021082732351617875, 0.0018398943067569717, 0.002077267330198636, 0.0019760683039401123, 0.0019355519307735372, 0.0018223307366326867, 0.002098505034342836)",-0.7970529191438903
0.002370839877904359,0.0021961951691320185,0.0004430256839682382,"(0.0019421798704836281, 0.002391323350591017, 0.002822912577646351, 0.001643686524264067, 0.001451276324993793, 0.0031972725423468386, 0.0024631284361374566, 0.0018814842161923935, 0.0028228816218010266, 0.0016446646390731613, 0.0018463262693753477, 0.002513402018025446, 0.002041559041033923, 0.0022757448435575226, 0.00240189444847633, 0.0019324243359470643, 0.002305113794613503, 0.002015122547535403, 0.0019505952226116343, 0.002380910757934463)",0.3942089930498507
0.005284017535793127,0.0069297549818993906,0.000964321925749368,"(0.006534326184842342, 0.007227283220211083, 0.006672567587636276, 0.0070568324903946145, 0.006773908154184515, 0.006951990483581221, 0.005262494458563581, 0.008914202749565444, 0.008263580067995768, 0.005708469127824571, 0.005684851733057507, 0.008286164620595778, 0.00604008191172113, 0.007827443627060188, 0.007634957564510739, 0.006173499859259234, 0.00683597859139629, 0.006911648208372262, 0.006122934039610221, 0.007711884957605033)",-1.7066265965355627
0.018722696375349245,0.012904519649886185,0.0022682635066209925,"(0.012394869347966722, 0.01309449362543906, 0.01783909409182207, 0.009046989952150057, 0.012646384887474172, 0.012764385160097941, 0.013933395423968646, 0.011499617720862705, 0.015459697810123966, 0.010475847693313202, 0.011534312787661677, 0.014002756474506287, 0.013300311297433523, 0.012229448194996894, 0.009119225650290455, 0.017732032395883283, 0.011990170619054791, 0.013548891429280775, 0.012893836105431714, 0.012584632329965753)",2.56503563562169
0.0063880703449316015,0.005954574607006171,0.0012087555664058575,"(0.007056729923590958, 0.004838869858109341, 0.004792815106275082, 0.007107034931193189, 0.0047927651175095195, 0.007107899766716885, 0.0046652615106590285, 0.007278726445217721, 0.006377462281717152, 0.005349220243140902, 0.0047299449178841635, 0.007203975934760036, 0.0062114001759321835, 0.0055025397123199815, 0.0062333579074938935, 0.00546924037445601, 0.006591961057892689, 0.005182153162736762, 0.00865553395047392, 0.003944599762044008)",0.35862977592268486
0.0013601989703056253,0.002000499531541198,0.0004299325743525419,"(0.0026590818206407847, 0.0014415184110285425, 0.0014256773856515228, 0.0026864121160540943, 0.002204922559049676, 0.0017370640806123022, 0.0019484322187990988, 0.001963609869027294, 0.0020949216520969095, 0.0018291401940203243, 0.001348855832622849, 0.0028397345910043314, 0.0019349349706763793, 0.001981625740005547, 0.001964511836243011, 0.0019501265110850087, 0.0017938625703079233, 0.0021370850803052173, 0.0014818329735511902, 0.0025866402180419446)",-1.4893046013083215
0.002539561328338358,0.0034703229494947234,0.0005733538591311288,"(0.0037500811589951805, 0.0031313229482971454, 0.0029562904009185482, 0.003968933596387576, 0.003714661458425034, 0.0031589131968059085, 0.0031739481065035133, 0.0036934831979952144, 0.0024742159880359826, 0.004744592621093563, 0.0031928848698510666, 0.003675392228655428, 0.002911558195035368, 0.004034266946717662, 0.0035345539622179513, 0.0033206187514525777, 0.0026148608660361674, 0.004491400474309733, 0.003627808407037536, 0.003236671615123297)",-1.6233633145277142
0.0001309042271686416,0.0001004657816781314,2.2917945081769704e-05,"(0.00011933447379454389, 8.055326375239708e-05, 0.00010557298405614894, 9.105286395517436e-05, 0.00011403759721590964, 8.429441495870484e-05, 0.0001286115732633002, 7.474198751304197e-05, 9.72574491948387e-05, 9.883829709921894e-05, 9.031564930238511e-05, 0.00010643494439994695, 0.00014104338924487574, 6.815488661553956e-05, 0.000109095117269643, 8.811347696863145e-05, 0.00010761288184573043, 8.932746922967335e-05, 0.0001514522617044036, 6.347065217852027e-05)",1.3281489846453451
0.14480302852213675,0.14560706243347812,0.00346441541328332,"(0.1447457036731106, 0.14759959142233733, 0.14668823674831144, 0.14295580540327296, 0.15028974320316424, 0.139842583490539, 0.14103656869715653, 0.14916176777654364, 0.13929065330062343, 0.15194321266656174, 0.14728192678529692, 0.14384311103752787, 0.14890848472667714, 0.14355814494522065, 0.14650137690223705, 0.14485925077217032, 0.14915544833869984, 0.14273064391563947, 0.14710416728550973, 0.1446448275789629)",-0.2320835741171606
0.015851994216538774,0.018523437210206814,0.006976476406229367,"(0.025123069548375718, 0.011831059822332027, 0.017480600775765673, 0.017388419121538295, 0.015747519663584522, 0.019186855717707757, 0.019329549782029734, 0.015482151853794078, 0.014203587110944422, 0.020461706067477752, 0.009449655416355954, 0.03227380191358615, 0.028152086489863313, 0.010744258422732501, 0.01642352837541382, 0.018727630260300276, 0.03087409739135494, 0.00949650176818202, 0.0109866717388692, 0.027105992963928186)",-0.38292152629982107
0.01381173612009484,0.014006884826804695,0.006633910300768604,"(0.02079817358252313, 0.007390575868508809, 0.022966003599432686, 0.006891806535023369, 0.018840166051958932, 0.008335078001886632, 0.022916634716786625, 0.006766899787205743, 0.0062636720730587965, 0.023837291287326874, 0.019705167123220197, 0.008067006717617245, 0.018843164455250597, 0.008346200799392625, 0.00965516561957596, 0.016646183523211844, 0.021714035057211128, 0.0069546941653990816, 0.01044671831131461, 0.014753059260189017)",-0.029416844344013034
0.014050008017430591,0.01136818514621674,0.004658143130901257,"(0.006510027806500081, 0.016600882058743077, 0.007571405474264176, 0.014733090311975734, 0.00729262223386298, 0.015165055123054801, 0.017021907635799475, 0.006409207515873514, 0.021085579424323632, 0.004969628464220204, 0.008912518578335589, 0.012573600329961448, 0.015089759470411494, 0.007341772101870231, 0.008490239888169588, 0.013355242069506517, 0.012857142911923393, 0.00824889002790472, 0.016607013121514098, 0.006528118376120037)",0.575727880369999
0.00060354167242509,0.0008877822497921893,0.0003795684437182335,"(0.0015168992624392979, 0.0004351105968109118, 0.0006059754476451172, 0.0010903988325771208, 0.0005564594723092227, 0.001187013573857996, 0.00121430824323806, 0.0005436727907999351, 0.000870319819301255, 0.0007577217354978187, 0.0011265807016123952, 0.0005865836014059769, 0.00038894024023804067, 0.0016984431507278725, 0.0013078187686124548, 0.0005054570567876077, 0.0010415187555635386, 0.0006333518420982879, 0.0010749317136780664, 0.0006141393906428062)",-0.7488519714196807
0.0007317136336729599,0.0005919041028040382,7.142551864421694e-05,"(0.0007657140341335651, 0.0004512511000889485, 0.0006421492249494842, 0.0005382462815583165, 0.0005582696746315623, 0.000619062485859196, 0.0005803862750187123, 0.000595392052950535, 0.0006509391301161064, 0.0005306775922830768, 0.000509529968073333, 0.0006783658547138149, 0.0006163350488827303, 0.000560753291692283, 0.0006678761323196286, 0.0005175858451172593, 0.0005895717654735628, 0.0005859720994115484, 0.0005394308418088806, 0.0006405733569982178)",1.957417090176657
0.002822514078692655,0.0030554673987766632,0.00046387428481027614,"(0.002897921044511675, 0.0031507220650914794, 0.0032243440782115545, 0.0028354338657959987, 0.002799628735225351, 0.00326443705423113, 0.002649875663256226, 0.0034469988961115944, 0.0029746281243870016, 0.003065528685974301, 0.003323680326223127, 0.0027512155243095597, 0.0028672413027786923, 0.003187671554680755, 0.0024629723316210318, 0.0037144643809951753, 0.0036655263571804975, 0.0024889721855506047, 0.0022144774447312994, 0.004123608354666214)",-0.5021906316261648
0.0015242316790204397,0.0014833955813888845,0.00022917478961778501,"(0.001570707567788083, 0.0013694188846682823, 0.0011325518278779366, 0.001900728946200206, 0.0015662864462334444, 0.0013740800402828935, 0.0013301953426068343, 0.0016174036308971016, 0.0014555657278633172, 0.0014766134149161814, 0.0010894251029343427, 0.001976197294705762, 0.0014277506341364135, 0.00150747773756876, 0.001430117991808316, 0.0015058557372129848, 0.0011766046742076662, 0.001827248903282255, 0.001444830883306758, 0.001488850839280147)",0.17818756460804952
0.0025363704607942613,0.001961535740922623,0.0001825421075787534,"(0.0022495328120434132, 0.001695595886761307, 0.002126664588830967, 0.0017955917419092645, 0.002072463375915858, 0.001841966052693875, 0.0018311702682716929, 0.002083655871195164, 0.0017839325537685133, 0.0021359121198481373, 0.001922161623716313, 0.0019869352650535134, 0.0017378533898644213, 0.002196786224999082, 0.002235572013108858, 0.0017090723768040765, 0.0021235048973831353, 0.0017950761926576629, 0.0019105881905672284, 0.0019966793730599825)",3.1490527171854836
0.001892872820107297,0.002182274770903345,0.0004108446661997302,"(0.002780375976181972, 0.0016552984055273243, 0.002363990468283653, 0.0019491369538651017, 0.0029679123030929996, 0.0015519962348519963, 0.0019906650178744046, 0.002312705142402029, 0.0024950890493268415, 0.0018426676045282407, 0.002414054960900149, 0.0019090035938450901, 0.0028094571676035907, 0.0016396713689404178, 0.002027232030212602, 0.0022741817517185573, 0.001909653555344522, 0.002408503050394632, 0.0018339373461328768, 0.0025099634370398926)",-0.7044072239588398
0.007555718198592498,0.006865916158507845,0.0012896994059830838,"(0.006491366247284597, 0.0070153862169795925, 0.006310505235872449, 0.007243155030907187, 0.008110649246335927, 0.005629539975062936, 0.005513993087978743, 0.008267163543730133, 0.006685763778949481, 0.0067894508046080606, 0.008841781391222738, 0.005172000366757205, 0.009935939197798867, 0.0045966287911873085, 0.0074327406232849655, 0.006160246941638503, 0.007067231001394926, 0.006430790266762574, 0.00772830128917089, 0.005895690133229828)",0.5348548947797996
0.01487354361216564,0.013324782941044881,0.0030105683636208235,"(0.0172194500616971, 0.009793607666628578, 0.013572314135980246, 0.012512704403404287, 0.018490291589716677, 0.009166052908375669, 0.01890982163201185, 0.00893510977221916, 0.010496814269272507, 0.01596778353476511, 0.012096960258560012, 0.014051426714839632, 0.011986873244064373, 0.014146450087056532, 0.011270321004846609, 0.015118248706212771, 0.01129931614484125, 0.01486796912430031, 0.01612574393972127, 0.010468399622383594)",0.5144412895039056
0.004901940332150938,0.0059009919043763945,0.0010001440357949654,"(0.007066995194965201, 0.004788347505531415, 0.0058996312691711825, 0.005753148499082923, 0.005072924848275109, 0.006684849717866712, 0.004598311747183593, 0.007365019116848608, 0.004660473588661482, 0.007241965088663725, 0.006185447731688176, 0.005489414647753922, 0.005902192872688766, 0.005746937421970414, 0.007537833993523988, 0.004509153276630322, 0.006116613759561454, 0.005523320624639712, 0.007127330707466706, 0.004749926475354474)",-0.9989076937616882
0.001565570131417814,0.0020073422516300315,0.000493225279993164,"(0.002269682713043089, 0.0016757678420747696, 0.0029273780490402016, 0.0013006136070716592, 0.0018793394434757575, 0.0020253112322524552, 0.002256359060230921, 0.0016861303833463435, 0.0021042841858016324, 0.0018058707866857107, 0.002191342018417854, 0.0017376967032764086, 0.0021626122355133046, 0.001760161310649461, 0.002707981673693303, 0.0014066642415830912, 0.0028466089047519496, 0.001335391496809919, 0.0014572814137721395, 0.0026103677311106674)",-0.8956802056422178
0.003943633274698255,0.0035082112360852653,0.0009067098066274867,"(0.0025475108539577554, 0.0045402997004633265, 0.0031203886996115913, 0.003710256012555834, 0.005202965315763253, 0.0022245080868867908, 0.003298113113831742, 0.003507767676150115, 0.003560494963180936, 0.003246181308957411, 0.004368435604914346, 0.002650523931700994, 0.0031321547853221895, 0.0036955508648828543, 0.00566685003277358, 0.0020437970576434187, 0.0030291662027858196, 0.003816526630781119, 0.0033730971246204136, 0.0034296367549218215)",0.4802220461611028
0.00010941068790671613,0.00010120844755468752,2.6108494009370552e-05,"(0.0001013780319658932, 9.482766515013668e-05, 0.00010914722565306754, 8.807826703543556e-05, 0.00012916775660183396, 7.442630483965258e-05, 0.00013791527507934603, 6.970548132031913e-05, 7.430346424061577e-05, 0.00012938032265955908, 0.00015387806382907032, 6.247480692031416e-05, 0.00013236148841332118, 7.263052624160279e-05, 8.009605575078631e-05, 0.00012002476480989964, 0.00010353633570171783, 9.285064263769475e-05, 8.534747183640467e-05, 0.00011263900040707906)",0.3141598419688532
0.14359047709837822,0.14582589470274304,0.004753586421679748,"(0.14153327343369512, 0.14978959497457925, 0.14639419114727378, 0.14638264661004946, 0.13974800363153536, 0.15203206168714362, 0.13696565875991995, 0.1536498140442639, 0.14791815648092208, 0.1432859482944335, 0.14349633279373303, 0.14906743858107627, 0.14201683044506283, 0.15011620160238912, 0.14788634225870098, 0.14395376595809478, 0.13779311530065508, 0.1527044278817564, 0.14565540445956224, 0.14612868571001386)",-0.47025916982801136
0.03666837353255225,0.021509474696708882,0.010438625528765708,"(0.01653809475898417, 0.02293893899559482, 0.01193135587659551, 0.031097775086798667, 0.023808907598800506, 0.015981642003458675, 0.0471867441792142, 0.00801156915261279, 0.036486540984513864, 0.010480527514178453, 0.017195537334743768, 0.019343293312504856, 0.01343193097550105, 0.027880622591172726, 0.01280810706809453, 0.028973032075232778, 0.03246230888577376, 0.011517211350010981, 0.029884111748245637, 0.012231242442145856)",1.4521929916989558
0.015089143008364723,0.014639879357423122,0.005458630191552348,"(0.01760468485418891, 0.010949431363814, 0.011484952669312208, 0.016342090435237634, 0.020771612702812144, 0.009313873180724736, 0.02074517439230504, 0.009254478778208956, 0.01593649878127018, 0.012212684365900438, 0.008521701771629808, 0.019307315106486398, 0.008126781148223768, 0.023355847689865195, 0.017160919266683408, 0.010938263373580333, 0.013593901907328418, 0.013932987283723195, 0.026212433551771178, 0.007031954525396481)",0.0823033682766917
0.006962938950073624,0.01066409165629063,0.007001660833053316,"(0.007611333663485745, 0.011135501691961926, 0.005097841430614298, 0.016229995102065478, 0.013098918553799419, 0.006492117123433594, 0.010236580635936623, 0.008251715428030526, 0.0086749714148041, 0.009856579729945499, 0.0020575446535822974, 0.035684147972694716, 0.007204857637497948, 0.011602465966389607, 0.010012617641017699, 0.00826372702100287, 0.0054970191562626145, 0.015174534705027902, 0.005080893043178097, 0.016018470555081606)",-0.5286106817320642
0.0014625248311621768,0.0008821105318902486,0.0004023280975800422,"(0.0005021647431571707, 0.0013097163146024214, 0.00029852631722171284, 0.002201148336623442, 0.0005002123651739953, 0.0013150045843923503, 0.0008861865586579461, 0.0007421787167995154, 0.0007966456882894226, 0.0008258704570133049, 0.0008665701428645174, 0.000754740791051453, 0.0006938899312294033, 0.0009474151875062288, 0.0006755123164253748, 0.0009727306360059322, 0.0011692424694656797, 0.000562150177910517, 0.000775065345949389, 0.0008472395574651921)",1.4426392358949183
0.0006931850066399955,0.000604852305444389,0.00015408528225752056,"(0.0006367946119947375, 0.000542247554963517, 0.0010607725214165009, 0.0003254359974572261, 0.0008171586302815267, 0.00042257806468941166, 0.0005165889742300716, 0.000668413400566599, 0.0006219767121587663, 0.0005552201460622322, 0.0006608768358936909, 0.0005216906647358449, 0.0005876355794747043, 0.000587531331817649, 0.0007542090816246476, 0.00045771456921129227, 0.0005279168620048036, 0.0006539694533255309, 0.0006333713752695988, 0.0005449437417094273)",0.5732715019983373
0.0031320895979586524,0.0030889442406686345,0.0006527817715324088,"(0.003506561605344071, 0.0026154569390609934, 0.004920317581967904, 0.0018618141405915166, 0.002508294984604181, 0.0036569481260079165, 0.00292816797077043, 0.0031315432436467743, 0.003106353091909652, 0.002953650073165032, 0.0030637790253425744, 0.0029730606489587, 0.003427683691217018, 0.002673865711971375, 0.0032579162413446244, 0.0028118462333540047, 0.002250096415411828, 0.004072850850615948, 0.003182076297983084, 0.0028766019401050666)",0.06609461105008187
0.0018855554041294167,0.0015077165874778668,0.00035266061590059715,"(0.0015335627154495826, 0.0014088382450590223, 0.0013481023254102505, 0.0016015470984918332, 0.0009574187445517757, 0.0022568510698860018, 0.0010800661640115075, 0.0020001977045801885, 0.0016165834997477384, 0.001336826983748617, 0.0016945888676683767, 0.001269712995705674, 0.001206444173905299, 0.0017901323497239302, 0.0020944206368001313, 0.0010308572618581435, 0.001748583368937633, 0.0012350283086231776, 0.0013743224337068496, 0.001570246801691602)",1.0713949888808951
0.0025182945876791717,0.001982399151740379,0.00035483041166554864,"(0.0019276977301289518, 0.0019808942721376123, 0.0018092865430566073, 0.0021085052644388663, 0.001308787875626268, 0.002918042052898956, 0.0017279526830544535, 0.0022096558153538925, 0.002053152222961046, 0.0018605310795189005, 0.001508360263231162, 0.0025169728666294094, 0.0016975056950262676, 0.0022483184514470525, 0.0022978990473699968, 0.001660154786892893, 0.0019292360675789092, 0.0019780367236745177, 0.0018916929914524713, 0.002015300602329348)",1.5102860925120192
0.002356689133021276,0.0022191192132634766,0.0005599438764569091,"(0.0025438158730772065, 0.001826983690991337, 0.001654164690465167, 0.0028068320642571434, 0.0025238895642373717, 0.0018416756607634991, 0.0025649261004216423, 0.0018118143380117628, 0.0036886751957441156, 0.0012604155507126215, 0.0022526438719050715, 0.0020509295496959857, 0.0019523684852197115, 0.002379196016198403, 0.0027473818170245736, 0.0016899410395610577, 0.002215373711698022, 0.002096456580084372, 0.001632108812944331, 0.0028427916522561414)",0.24568519371670702
0.00569539132863376,0.0070765451858591085,0.001945014553668291,"(0.005392511222273817, 0.008683370190475253, 0.00643928396971138, 0.007249315763370268, 0.010789191866605475, 0.00434200855968685, 0.006513059278944032, 0.007187843720550285, 0.008172750104378197, 0.0057362808115024345, 0.007241188297857449, 0.006346173723584217, 0.005496575862724656, 0.008504865173240813, 0.011393107084894409, 0.004097106257054758, 0.0072204963234893515, 0.0064714612846517375, 0.009181024589805761, 0.005073289632381023)",-0.7100994975181532
0.015426548095156131,0.013686781113763709,0.0038075070084207367,"(0.011343922162679852, 0.015412952011765298, 0.016352287561999697, 0.010629137259738465, 0.01390949082770356, 0.01258116210086296, 0.009741623109341256, 0.017940466200517625, 0.009775906287911524, 0.017926072439668275, 0.018314549081001302, 0.009209769936893635, 0.015428303586099873, 0.011296752789370468, 0.008598286155549428, 0.020213229073338432, 0.018200085914139772, 0.00956830503364312, 0.017272842506510087, 0.010020478236539555)",0.4569307364490017
0.003992030692520431,0.005957191771894711,0.001322228369729394,"(0.005049680627771784, 0.0067400675690192, 0.005348381198712459, 0.0063474888757069055, 0.004785338224518716, 0.0071150917785307724, 0.009879447579600057, 0.003444483701522257, 0.007130041553308003, 0.00477819468812274, 0.005743225713461973, 0.005835347492754528, 0.005544443892932847, 0.006130318553592938, 0.006226402926330813, 0.005452224740805995, 0.007262091949059671, 0.004678627867606327, 0.005580963747134741, 0.006071972757401512)",-1.4862493683874503
0.002107967559168591,0.002054082814966901,0.0007545478960836078,"(0.0007998017227200211, 0.004751131828217657, 0.0019003563977073427, 0.0019979052220893364, 0.0019713677500214646, 0.0019278222237892571, 0.0015838291135732623, 0.0023990931367048355, 0.0016550463012747478, 0.00229674309012904, 0.001355374864081231, 0.0027891744434567385, 0.002126387642938515, 0.0017862424559114758, 0.0016706456732987676, 0.002272590244994506, 0.001876251501209399, 0.0020241283084611295, 0.001887999358578001, 0.0020097650201812813)",0.0714132853346652
0.002547112726577792,0.0034938865345721494,0.0006951029923111546,"(0.003577533173999166, 0.0032889256954702286, 0.0024516926832698327, 0.004795550345020455, 0.003073056018916559, 0.0038292803744321537, 0.0033748847189689216, 0.0034864537637800974, 0.004002760512957539, 0.002940419337062643, 0.0025208536868273033, 0.004645512515046314, 0.003752105702255754, 0.0031347106010165015, 0.00395600517959377, 0.002971956366375584, 0.0026097180795374457, 0.004506269364130283, 0.0028800761908787534, 0.004079966381903675)",-1.3620626273617669
0.00011955741259953283,0.00010050458216154153,2.2911276040023875e-05,"(7.678118483697466e-05, 0.00012518849898740498, 0.0001232916297342103, 7.796211378540342e-05, 0.00010546064621601028, 9.114420198950511e-05, 0.00012152635357120129, 7.90950263781492e-05, 0.00011912968164821645, 8.068633018074251e-05, 0.0001028363874840978, 9.346716139986777e-05, 0.00012566799442392159, 7.648806128896538e-05, 0.0001093693926203956, 8.788633801642757e-05, 0.0001471787654303166, 6.530895353122733e-05, 7.734000755903318e-05, 0.0001242829141487597)",0.8315918504367794
0.15129228765989566,0.15227704366847766,0.00588430489210799,"(0.15779354229784637, 0.14803035083109373, 0.16093134137239035, 0.14330912495652176, 0.14850367201855394, 0.15731692568491307, 0.15208321098723676, 0.1548504024143489, 0.14832772966503785, 0.15760824023501427, 0.15535922276389288, 0.14211252216702883, 0.1604831096459102, 0.1446237600054961, 0.15493513020220454, 0.1501154328772255, 0.15008573962796015, 0.15535832047857495, 0.14483320355456267, 0.15887989158373994)",-0.16735298843925492
0.02745753599860631,0.021578220365282882,0.008563026746556752,"(0.012694398172229705, 0.03270912419880253, 0.012131222110595778, 0.03212176990435457, 0.02797114829225901, 0.014691096832700994, 0.02338477351858704, 0.017195320140983687, 0.025979467047632487, 0.015939040770210595, 0.015277087741971769, 0.024645473302060943, 0.020558367423005684, 0.02049197126080219, 0.013854408935352872, 0.027712816498037265, 0.01448680070540587, 0.02770846414495629, 0.04262368591180682, 0.009387970393901489)",0.6865931646993324
0.008686472986840832,0.01682429312883257,0.009427292838013955,"(0.014958968796326204, 0.015313404904407983, 0.04223136112316851, 0.004934247685363849, 0.01008968146190095, 0.022351391371936504, 0.02496241195138606, 0.008747696314801013, 0.013042742960846095, 0.0174886593493631, 0.016668269595436283, 0.011870137926519695, 0.01523447812829853, 0.015360801405310322, 0.005226506808650458, 0.038989811753686515, 0.014338256020666877, 0.015185921548000003, 0.013945609153909824, 0.015545504316672674)",-0.8632191957777489
0.022890669181785485,0.01278331387245693,0.006019578156794307,"(0.015704592183608194, 0.008958124529901383, 0.008199119199055064, 0.015683459445485513, 0.011201052154941297, 0.012372628512989212, 0.006605700459940828, 0.020350206420686186, 0.00890646238739109, 0.015728314166134183, 0.030740828385459013, 0.003979110081715098, 0.013312212342078158, 0.010780570979513826, 0.019169401858454813, 0.006565484241227355, 0.01486571727293085, 0.009015149040252333, 0.009556161159220932, 0.013971982628153275)",1.679080335209265
0.0004734499125978574,0.0008870562742726955,0.0004969501799768698,"(0.0009994220549491026, 0.000616399999979715, 0.0010808046612299207, 0.0005686182884415327, 0.0010715947565392181, 0.000574621883080207, 0.0008967049679850801, 0.0006861556833030809, 0.0014135511354597707, 0.0004357151948239963, 0.0008600678912386662, 0.0007134237670439304, 0.0013549330157107615, 0.0004548468674108041, 0.002564340835302056, 0.00023949265061215896, 0.0006029363606643756, 0.0010202870456549275, 0.0009144865836437134, 0.0006727218423808966)",-0.8322893890371247
0.0007826121353335802,0.0006009106295640092,0.00012495126288740977,"(0.0005117531941303078, 0.0006775652479883437, 0.000651143060454299, 0.0005321578101237374, 0.0006107406163204072, 0.0005676780105088415, 0.0006727381108731805, 0.0005152469462169847, 0.0005096891539736099, 0.0006802779605932675, 0.00039417134202787777, 0.0008787222088750394, 0.0007497189107006514, 0.00046256263535118136, 0.0007566835172693226, 0.00045785214294993506, 0.0006496223556464219, 0.0005335600370664813, 0.0004720258076669322, 0.0007343035225433613)",1.4541790260519205
0.003808162533903013,0.0030769091995933324,0.0005313307357638715,"(0.002876537353384829, 0.0032057894175585946, 0.0035321764712243973, 0.002602341099244159, 0.0026344290250376145, 0.0034985426858510317, 0.004112710915528675, 0.002238564325737597, 0.0041814720121683795, 0.002205019821165682, 0.003680823970444541, 0.002492840171317879, 0.002963526514900053, 0.003113943299353956, 0.003000467562076552, 0.003061169657302737, 0.003091687158252951, 0.0029775513492157884, 0.0030856837359919866, 0.002982907446109236)",1.3762677087716162
0.0019100373397261696,0.0015305146151474006,0.0004333806630984418,"(0.0013056330344693304, 0.0016647238774689557, 0.002116316425659655, 0.0010250670123303695, 0.002479842536102599, 0.0008761918609816531, 0.0012959155355526245, 0.0016755833961859974, 0.001599268184670638, 0.0013589415594787053, 0.0010312865595520197, 0.002101290303836591, 0.0012415598884695416, 0.0017513667712297, 0.0018583079566684962, 0.0011668482297771921, 0.0020429724826915734, 0.0010627949068173696, 0.0013601053705534845, 0.001596276410451519)",0.8757260230887618
0.0025448465385415325,0.0019835463346881154,0.0002598055699051029,"(0.0015886216471040094, 0.002440091560582079, 0.00166743859411959, 0.0023186186786363578, 0.0022953773299142213, 0.0016880066544448773, 0.001975508572717229, 0.0019595906568434193, 0.00214191889965097, 0.0018095016434112642, 0.0021734900365383146, 0.0017760419729259639, 0.00206606308746592, 0.00187725412653332, 0.0023729279649643167, 0.0016282009620140641, 0.0017952736289052363, 0.002156061388204768, 0.002081390292278931, 0.0018595489965074529)",2.1604625491995364
0.001710886515303823,0.0021761704776832413,0.00023887230712920965,"(0.002237955567015074, 0.0020951095629883672, 0.0021220383150611943, 0.002203678915188614, 0.0021185906219991896, 0.0022121070010699875, 0.0018802298855043113, 0.0024903402229484264, 0.0018451670209637043, 0.002540671842456744, 0.002407012815531839, 0.0019396620352306816, 0.0025386591058286713, 0.001847923539649743, 0.0020849305262838286, 0.002241356794778098, 0.0022563453803922887, 0.0020749174940547827, 0.0018338177968469974, 0.002552895109872277)",-1.947835510826875
0.007565047606402277,0.00703083067640191,0.001647519231124992,"(0.006663555702301135, 0.007085605988487134, 0.007386543012820179, 0.006338179956963755, 0.00792691683918169, 0.00594737264413383, 0.007082130655338391, 0.006638153890797926, 0.006458658084787243, 0.007306381876798957, 0.004498532513568617, 0.010354059749874023, 0.00839022902398094, 0.005636853335269819, 0.007765167461640675, 0.006015904541946531, 0.006096734825552586, 0.007707426866213292, 0.011076286232608657, 0.004241920325772795)",0.32425535308354586
0.01261931525502332,0.013767886336773394,0.0026952370406264506,"(0.015568500316345732, 0.011846323462845528, 0.013611474361783874, 0.013333581544991289, 0.014080065764688149, 0.013061291531330708, 0.010419008994780498, 0.017557072431894916, 0.009602261546345902, 0.0191869471755209, 0.009969968805370337, 0.01802771152400695, 0.011965635236932148, 0.015462405469452975, 0.01614533544962337, 0.011194274572478343, 0.015497345885485408, 0.01179327792822598, 0.013468371294121614, 0.01356687343924322)",-0.42614844796104234
0.005421037367119978,0.005948085042680881,0.0009292606731506177,"(0.006652949846344285, 0.005215985747916355, 0.00587884179011368, 0.0058617969720727485, 0.0053736525791202, 0.006449707414273971, 0.006412123866314446, 0.005392700810460536, 0.005001239949683373, 0.0069353960425943524, 0.007191195525636258, 0.00477174002978707, 0.007535932928659821, 0.004611113050250108, 0.005248677898354, 0.006553618684084193, 0.007419353332949476, 0.004658736420172443, 0.0054191062864880945, 0.006377831678342202)",-0.567168815800599
0.0019870832918274153,0.002043432186534801,0.0005992905367333855,"(0.0029837261367974648, 0.0012956047912585868, 0.0018643714367103255, 0.002068697311712453, 0.0023878127278973878, 0.0016182746190076397, 0.0019262400245759566, 0.00200452127783642, 0.002070233568179034, 0.0018670049871369416, 0.0022204947265212346, 0.0017344801362632139, 0.001874887446764643, 0.002062777340725065, 0.003528334804082579, 0.0010924403959270681, 0.0012498011491201724, 0.00308903355772269, 0.001986504628503921, 0.001943402663953231)",-0.09402600450614902
0.0020729469683096633,0.0035000209272657936,0.0007001566991496655,"(0.0032883898873687363, 0.003590058701454591, 0.0038267469622869327, 0.0030787842793395296, 0.002532469958370756, 0.004659881946957539, 0.0032813810577248794, 0.0035939882720223584, 0.004458536825243419, 0.0026473656222352113, 0.00368870704722699, 0.0031897903303429146, 0.0033342939047264607, 0.0035418346717609995, 0.004377941879442167, 0.0026896145462606985, 0.004385527545110955, 0.0026887271183006003, 0.0025853492606069703, 0.004561028728533165)",-2.0382208164105258
9.736925639299026e-05,0.00010066449995401175,2.383919496423102e-05,"(6.890711627305088e-05, 0.00013949780564986953, 7.732301456433747e-05, 0.00012431336763998397, 8.55559123375456e-05, 0.0001123518905682412, 0.00010578090642873003, 9.087020628804085e-05, 0.00010419844268475251, 9.225065366106166e-05, 9.057112526509986e-05, 0.00010612882000784511, 0.00014630124626680902, 6.570280320614023e-05, 0.00010630109406318453, 9.042472299750953e-05, 9.523529404386797e-05, 0.00010093238330167193, 0.00014379637482823046, 6.684681900426266e-05)",-0.13822797145481486
0.13523997675338298,0.1369108375169231,0.0025420305914863393,"(0.13765668476714238, 0.1377394940045604, 0.13639680376417618, 0.13724247732290126, 0.13882144496183887, 0.13584425637049577, 0.14055551478835362, 0.1333066134497107, 0.14132639379326284, 0.13272256826495996, 0.13425124932139107, 0.13729557386377, 0.13541175270196887, 0.1392042348303325, 0.13499890555358493, 0.13713779403679166, 0.1386953003219422, 0.13531289621295653, 0.13335547520299149, 0.14094131680533067)",-0.6572937277529594
0.013182734061576983,0.02132069946797317,0.01039461521687603,"(0.023611246552899073, 0.01638577201655759, 0.016726123083027438, 0.0220284231516231, 0.01754731665209134, 0.021457389591206497, 0.021824789433796166, 0.017063862676947632, 0.01353797364576426, 0.024777332024937985, 0.017172616793495563, 0.022255768255997916, 0.04260448925856836, 0.008769423196017145, 0.007913395613881243, 0.04631661756229439, 0.009385541346137637, 0.03834985762681941, 0.022743087579680847, 0.01594296329771973)",-0.7829020350059623
0.034161314651723514,0.014869327012773615,0.007158526828545933,"(0.01749290512884794, 0.011251296096266286, 0.011946741522965484, 0.015299290535323177, 0.015060192112059426, 0.012533174977158505, 0.013286413018204091, 0.013980769561792979, 0.010509615069330288, 0.015076870802895026, 0.016771977889172316, 0.011517340043379846, 0.012737102194794648, 0.014655397550099243, 0.017376565180310728, 0.010434648872361119, 0.005387444816398632, 0.0327447038312937, 0.0340899774636899, 0.005234113589128961)",2.694966171254618
0.014871409148892657,0.011058540818597452,0.006016973032055882,"(0.010149432573175117, 0.009975610456387597, 0.004528164254443347, 0.020957502952050303, 0.008110665809795971, 0.012025073618856416, 0.005196462656170235, 0.018520826166588518, 0.02894510382504751, 0.002891812094804173, 0.009529137506493868, 0.01045012872596239, 0.007481240275440271, 0.012920146625816403, 0.007524722998951162, 0.012522653691925505, 0.009806560833494576, 0.009381407486295077, 0.007026793368297862, 0.01322737045195275)",0.6336854611084108
0.0005564550478410857,0.000952237743175724,0.0005498151453724481,"(0.0008188692782981403, 0.000818668924298933, 0.0004425143289677271, 0.001511852006851181, 0.0004239694963208651, 0.0015786129777083577, 0.00048826998401253665, 0.0013707300938759432, 0.0004037722646018748, 0.0016499749713123736, 0.0007732115309305117, 0.0008664881163026332, 0.0014054423403734749, 0.0004762790159533534, 0.0008112314852074289, 0.0008244631081449824, 0.002453170435087655, 0.00027243643417362216, 0.0009537214588008021, 0.0007010766122920855)",-0.7198468406441091
0.0006125798337533854,0.0005985142243777308,0.00011425405904284178,"(0.0006864903149470421, 0.0005043657669458199, 0.0004934617650947486, 0.000701257530537732, 0.0005393591863699383, 0.0006417030656481654, 0.0005878395572608087, 0.0005887405534474576, 0.0005116776779842299, 0.0006755181310384053, 0.0007281506340041616, 0.0004754334883434771, 0.0006914403661834478, 0.0005005474159085621, 0.0004167898312250267, 0.0008302016848653323, 0.0007737561580953758, 0.0004471012037444504, 0.0005931336930406801, 0.0005833164628697552)",0.12310818095644573
0.0022335777922937983,0.0030709796885726778,0.0005030795436106889,"(0.004138202070173255, 0.00222835263651813, 0.002737684731283481, 0.0033590210929639254, 0.003104118291628672, 0.002966042068649289, 0.002297484971997759, 0.0040050245266596875, 0.003631800576680592, 0.0025185946922009583, 0.0034663422638681694, 0.002658399906197774, 0.002787734364851243, 0.0033013075775978995, 0.0030008218198433315, 0.003063557050026249, 0.0030135586088783244, 0.0030474876865697656, 0.0027360832671869803, 0.0033579755676780712)",-1.6645516736154706
0.001173793809213816,0.0014932367329672312,0.0002743667239889907,"(0.0017473061829426822, 0.0012377491765113006, 0.001257979860756626, 0.0017164058631298326, 0.0010690482680260488, 0.0020211022652323147, 0.0017356118747598927, 0.0012444977000252275, 0.0015623821571184077, 0.001377617282355275, 0.0013787602567395846, 0.0015679404811554285, 0.0012417621868546732, 0.0017396249831478413, 0.001888439043033378, 0.00114317448649002, 0.001323337923821099, 0.0016303592524565156, 0.0012369423955400861, 0.0017446930192483875)",-1.164291788410293
0.0019945159105130617,0.001991223658067286,0.00034039052935717977,"(0.00192076300674216, 0.0020122305543223344, 0.002223325782916072, 0.0017345130967552672, 0.0017174755641237345, 0.0022472934675413785, 0.0019065384251081671, 0.002023680481707062, 0.0016662944833627593, 0.0023041950241099738, 0.002224163711116689, 0.001736705377395648, 0.002565079408276827, 0.001504362250915123, 0.001511284670594182, 0.0025510764364845015, 0.002137433299787966, 0.001802272911926328, 0.002484980519116524, 0.0015508046890430184)",0.009671986033199069
0.002273064860256282,0.0021901232575327317,0.00042696453454271055,"(0.0030974004541374817, 0.0014971560511470713, 0.0024545589920445714, 0.0018849925724633513, 0.0023298292208737375, 0.0019874494270432, 0.0024594057158907933, 0.0018821680956742726, 0.0016870851078979797, 0.002730198894728827, 0.0020075909783122924, 0.0023084492256624555, 0.0017787096654620805, 0.00260286041396127, 0.002637733807894052, 0.0017536182126467695, 0.00247519213246789, 0.0018672331960770815, 0.0018191122972941454, 0.002541720688975302)",0.1942587639331281
0.005928315876524995,0.007184298769851386,0.001838929968876185,"(0.004611834596692935, 0.01059583679518765, 0.008821704388621185, 0.005500371795472288, 0.0073677503778160226, 0.006601590078749415, 0.006712590880157541, 0.007239268620578146, 0.005226214058057637, 0.009154921672334521, 0.010524518614370391, 0.004634091090747864, 0.007515462706519015, 0.006469039808654415, 0.004985200578382613, 0.009725105284210153, 0.007815877422758796, 0.006187001409680578, 0.006248260561165951, 0.007749334656870609)",-0.6829965874632806
0.019622810722236095,0.014109224637803876,0.004577241954473149,"(0.013632198324138164, 0.013558814685337907, 0.012277603556994181, 0.014849762065775485, 0.006260831819801436, 0.029256465954554414, 0.010267542023470985, 0.017807831087687256, 0.00933109119270708, 0.019012690900848693, 0.017172429147021884, 0.010723087265268005, 0.012948253360838833, 0.014134343621273412, 0.012400492512115759, 0.014678449260107251, 0.013771749093760055, 0.013150903438721571, 0.013401400274457026, 0.013548553171198114)",1.2045651375374684
0.004474060292895174,0.006038128646131679,0.0011910444934597436,"(0.005112155870336182, 0.00691294460422208, 0.007691079681117725, 0.0045682662516547, 0.006200451891636728, 0.0056773213708481395, 0.005160410987097642, 0.006816791094186366, 0.00528302916440369, 0.006573622350043108, 0.004877368854635897, 0.007234047941149409, 0.0043899391003036125, 0.008016417093001982, 0.007221810482445934, 0.004861667600104461, 0.006424708322805767, 0.005453257002080797, 0.004509501109946185, 0.007777782150613155)",-1.3131905330364297
0.001501778419058919,0.0020366437604025676,0.0005698533793772114,"(0.0028302518315835973, 0.0013678205093745207, 0.002182292214346362, 0.0017705156340524393, 0.002505241111228058, 0.0015432685022522964, 0.0020375119838730556, 0.0018970888612798334, 0.0022109445567248054, 0.0017408253569368138, 0.0018793009698553904, 0.0020588528641769964, 0.0022196632790457893, 0.0017416415184857601, 0.0010653326487149364, 0.0036259809356108987, 0.0015482747055725902, 0.0024931922251964452, 0.0015972407320290838, 0.002417634767711682)",-0.9386016836966012
0.003236295360327304,0.003491250897997582,0.0006687763713080527,"(0.003536416698912077, 0.003338337940475061, 0.0030815269363545102, 0.0038246991648128613, 0.0036342267376901897, 0.003244196182482322, 0.003244881144264721, 0.0036333703593563493, 0.003153190661585554, 0.0037249085898695628, 0.0042667666994410484, 0.002765542586945899, 0.005374744467357469, 0.0021938262889362892, 0.0037579786174369565, 0.003135525875845193, 0.004286991201360446, 0.0027469227669110153, 0.003202538689081273, 0.0036784263508328504)",-0.3812268922892911
8.788295802969375e-05,9.877579124059808e-05,1.2396741667690854e-05,"(0.00010456705018637303, 9.193886941175196e-05, 9.606630333595021e-05, 0.0001000734988878659, 0.00010599357649458803, 9.070060317926822e-05, 9.152353682912687e-05, 0.00010504082438712376, 0.00010799645731581865, 8.901687125068433e-05, 0.00013186540881910354, 7.290577045736293e-05, 0.00010112641210099843, 9.506628703814095e-05, 8.793027931320777e-05, 0.00010933299091680533, 0.00010435539182447959, 9.212408520332716e-05, 8.565655907843159e-05, 0.00011223504878155362)",-0.8786851821954067
0.10895862348259618,0.11541824395150782,0.006117972209473842,"(0.11864652910011403, 0.11377065449052326, 0.11860373805328364, 0.11301688152405094, 0.1274082399795978, 0.09933236751440848, 0.12208238649025625, 0.10966840824177204, 0.11628907918041193, 0.11221516737402788, 0.11117450799711906, 0.12069503834829375, 0.11341035791176908, 0.11817758428284267, 0.12364941533371471, 0.10809430307871931, 0.11753028649482133, 0.11308962807169859, 0.11472923439222366, 0.11678107117050839)",-1.055843382045566
0.0100875187066112,0.012196396150780067,0.0038270436322698142,"(0.010411781525637561, 0.013394948648697658, 0.008462231325489102, 0.01609042974772507, 0.004954908480276869, 0.02118196145504302, 0.012975059066683768, 0.010573270704148709, 0.017403919673219484, 0.008663853928231918, 0.009497931313499363, 0.0151324714693775, 0.012588357630615029, 0.010891145846883596, 0.007240339801425331, 0.015824774580445653, 0.011556586798499763, 0.012530103163769095, 0.014778096202212742, 0.009775751653720122)",-0.5510460937488959
0.007005747874820347,0.00850989016058041,0.0030356501015305856,"(0.004804163348762983, 0.013813628356593052, 0.006082399813378093, 0.01058402531296819, 0.013929207200684003, 0.003335149306527446, 0.007453052000564122, 0.00879780704311495, 0.010107526428844039, 0.007241071542069275, 0.01019659906504066, 0.006681123886648531, 0.006891322015021139, 0.009396693584174096, 0.011273062024897093, 0.004610143384522673, 0.005642331651198972, 0.01232560531911213, 0.00674147864701286, 0.010291413280473864)",-0.49549264093436474
0.005047004880868313,0.006682774816551432,0.0025476245290943344,"(0.005727115221884045, 0.0070749121047294136, 0.007108430530767971, 0.005540787663521161, 0.007937117094515578, 0.003665956168566913, 0.006144498743780895, 0.006561100171068261, 0.006783901388064598, 0.006541623120072926, 0.009363006071372098, 0.004398590770067791, 0.003970197805848978, 0.009956954811819449, 0.013832396720273426, 0.0023405174156493663, 0.00836272415744052, 0.005056858852720952, 0.005259620512834699, 0.008029187006029583)",-0.6420765371829049
0.0006735225407399583,0.0008598944352911387,0.00037266060759551023,"(0.0007737517587340797, 0.0007992786321095245, 0.0003734198713056501, 0.0016557303138778508, 0.0005660329981674803, 0.0010726627446824184, 0.0004571543860741614, 0.0013512628662060958, 0.0007355043482189625, 0.0008447534816462409, 0.0006151412451416238, 0.001003699481923504, 0.0011654270547132282, 0.0005302752738483766, 0.001311971099886772, 0.0004684260525726075, 0.0014168780954904034, 0.00043684693177020186, 0.0006199010902480696, 0.0009997709792055232)",-0.5001116049096083
0.0006267774115390793,0.0005865732774865844,5.317050867573746e-05,"(0.0007210904734448205, 0.00047370886268064387, 0.0005793308983365284, 0.0005894520422231776, 0.0005512967787842884, 0.0006170804254447686, 0.0006198294070532739, 0.0005511458817928964, 0.0006659031198557689, 0.0005135365576093936, 0.0005614570459786837, 0.0006083049135571537, 0.0005851251924554889, 0.0005835966065791541, 0.0006383977953060404, 0.0005338046516611996, 0.0005831667791553329, 0.0005859886008191529, 0.0005794625677752068, 0.0005897869492187124)",0.7561359681112219
0.0029944877538423797,0.0029845582411259265,0.0007051847432050578,"(0.002419598354939021, 0.0035078882118042267, 0.0024463433134575253, 0.003462767534710154, 0.003551883466336413, 0.0023355127007253407, 0.003095987737107452, 0.002739486510481897, 0.002659032929219393, 0.003212155820898711, 0.0017238952886648642, 0.004931624825117495, 0.0021914415426686484, 0.0038669665821321818, 0.0025785732266743696, 0.003240373867482942, 0.002709381383542222, 0.003142130667442021, 0.002591296402067444, 0.0032848244570462025)",0.014080725387397951
0.0017216223688544224,0.0014840346841835197,0.0003435935639444195,"(0.0014545757648119616, 0.0014442807427922288, 0.0008570636493758757, 0.002448509004225327, 0.0010613959070979592, 0.0019542161415090874, 0.0013181344878835136, 0.001593700488418606, 0.0013034081354615305, 0.0016174448126554115, 0.001365964941225625, 0.0015386322966130222, 0.0013407246009931684, 0.0015653741510507435, 0.0015251420192071465, 0.0013657369131758568, 0.0016144608006196232, 0.0013033555852713916, 0.0011059029005612618, 0.0019026703407210468)",0.6914788564239097
0.0025168042292795173,0.0019545015809497974,0.0004015118939197453,"(0.0027563236965386304, 0.001335248911742865, 0.0020206272192979263, 0.0018189750033720334, 0.0018779581923736531, 0.0019284065250658661, 0.0019006043047550762, 0.0019369358222624524, 0.0014300834778033574, 0.00258496213211641, 0.0018620560429485923, 0.0019765352270034063, 0.002043150146293674, 0.00179894505307818, 0.002136925623788118, 0.0017045037705030938, 0.0027799294230568985, 0.0013264516918477058, 0.0016925036357512912, 0.0021789057193967176)",1.4004632411763964
0.0017863708239970583,0.002151733326785843,0.000559476056870461,"(0.002578348853459283, 0.0016859798146636076, 0.002200914310263278, 0.001972732157967806, 0.002293410384762087, 0.0018655241571776619, 0.0015318767974303957, 0.0028387594614806056, 0.002342680365464837, 0.001863652236533691, 0.0013989924159690259, 0.003105988972226947, 0.002506222440533113, 0.0017322693710790636, 0.002983552159740513, 0.0014431178390484525, 0.0027725208202441297, 0.0015705913831331928, 0.0015658049193000066, 0.002781727675239159)",-0.6530440370093968
0.005168989845695753,0.006618701434997397,0.0024584065718362045,"(0.00873196088456444, 0.004444245528901891, 0.0054639048685334556, 0.007078331283172271, 0.010676249480566474, 0.0034728449108954143, 0.003010526589017904, 0.012903787877303017, 0.0053087682974434745, 0.007401301041567028, 0.005979291123385409, 0.006481774158821942, 0.005121325778910437, 0.007549789332475453, 0.0056375216181764505, 0.006699121554617416, 0.0044035821349722995, 0.00885535835683357, 0.008634372794578772, 0.004519971085210848)",-0.5896956206958243
0.012905755152717482,0.012052032609473592,0.0020504676683273625,"(0.010385640385446785, 0.013763072672142163, 0.016821749536570396, 0.00844192485894342, 0.012581186123381783, 0.010398058868466861, 0.014473117579072752, 0.009895796879579236, 0.013605387680945916, 0.010762253757284467, 0.010406180127809889, 0.013698962936287995, 0.009560363512379062, 0.014845484076555409, 0.011418484652112128, 0.011878570379159443, 0.012201124766459914, 0.011824780888145536, 0.0126929348908972, 0.01138557761783145)",0.4163550376487045
0.004930282524612962,0.005771070716484618,0.0011762766197599334,"(0.004590564811006423, 0.007013685428597311, 0.005571384638538615, 0.005763227425056706, 0.00479674228623425, 0.006456498066959082, 0.006345964290588985, 0.00507762537518594, 0.005269540837161823, 0.006174616494225588, 0.005433199357513254, 0.005917323035372828, 0.008708661888255293, 0.003685875872079923, 0.004938210352285367, 0.006375963318608207, 0.004253093910641478, 0.007599880531540916, 0.005076323622957109, 0.0063730327868832416)",-0.7147878124477665
0.0015597088049503064,0.001946160502995284,0.00033500813906255794,"(0.0023607988025397698, 0.0015621672129291738, 0.0022666368826701764, 0.0016254904768927363, 0.002469152152705672, 0.0014735179684824459, 0.0019516456850702155, 0.001890214102621135, 0.002288925748518537, 0.0016171525655831066, 0.0016373228725318327, 0.0022513631985951223, 0.002492221496233509, 0.0014782079342019318, 0.0016824189619964488, 0.0021748811198132154, 0.001887728291785563, 0.0019563588930394667, 0.001770457448695153, 0.0020865482450004667)",-1.1535591318060883
0.0035283846502953487,0.003585283631256476,0.0008991523065370551,"(0.003196025479057661, 0.003792924251060735, 0.002604977803511649, 0.004651985485563438, 0.004967438691115129, 0.0024050868039116303, 0.00370938913890963, 0.003265736829145808, 0.003147417858345585, 0.0038658214906855644, 0.002607104085207418, 0.004643976855683333, 0.00336381768206912, 0.0036013434094086757, 0.004275467878904054, 0.0028198752403553527, 0.0025677833908188657, 0.004724550903790848, 0.002368824656751686, 0.005126124690833336)",-0.06328069287867887
0.00010329651535979147,9.923009103756725e-05,1.611588027781701e-05,"(8.157151057321654e-05, 0.00011777448494692999, 8.949372246941764e-05, 0.00010735055074204116, 0.00010557174818654745, 9.097758189552708e-05, 9.019802392180915e-05, 0.00010650497566645134, 9.995202836344062e-05, 9.612186408804811e-05, 6.81134577102265e-05, 0.00014104006366858293, 9.956778759970407e-05, 9.648800330333563e-05, 0.00010741921807800839, 8.943435066122756e-05, 8.425095147277163e-05, 0.00011402816651819073, 0.00011572523968071301, 8.301809120515504e-05)",0.2523240587621839
0.00806041535385612,0.005138186649160764,0.002906264928769527,"(0.007724698687480086, 0.0024890918354266833, 0.006016638652475504, 0.004011397741766632, 0.00016352426675666717, 0.010031396494076784, 0.008838542406579929, 0.0011672542269124037, 0.005757441864425086, 0.005176013368213731, 0.00811416969849435, 0.001722281284243862, 0.006994815057548383, 0.0030810300999160917, 0.0032585809415595205, 0.007212106408312404, 0.007796472511955552, 0.002202838610022156, 0.008168148174901602, 0.002837290652147837)",1.0054928839307804
0.0074970351539185185,0.019065066520160753,0.007443565404538737,"(0.044460238052467925, 0.007145777805288436, 0.018478058964598552, 0.017368769441453286, 0.022468592761294603, 0.014288561814519969, 0.02014645267989643, 0.016249463765744772, 0.020191977993589853, 0.015776095880059553, 0.022555495812913193, 0.014463095226162969, 0.015974712261363825, 0.020130398327682632, 0.02192512315250934, 0.01480089075268801, 0.027697367731621507, 0.011419142164402088, 0.017270341270815028, 0.01849077454414307)",-1.5540981690291311
0.014370583480588704,0.015372571328977073,0.0045230928155981925,"(0.012289930349615041, 0.017436953371007063, 0.014089131434614053, 0.015442308944712295, 0.01295758224226039, 0.016800286516211817, 0.015603400788894025, 0.014358953690307895, 0.008409296184412824, 0.02558462903599557, 0.018403430378086935, 0.012112109218375461, 0.021222078755210743, 0.010281343313260978, 0.01769499956242943, 0.0124994395975077, 0.024013095101925265, 0.008862166293676865, 0.014653009642331327, 0.014737282158705737)",-0.22152714729464454
0.01202236509010851,0.01035829816173362,0.0025471980010207517,"(0.009863229944982174, 0.010156021921613457, 0.016040464129913664, 0.006322108449121683, 0.008470769318947675, 0.01197831789929046, 0.010450429405348695, 0.00993471906821968, 0.01161442418675225, 0.008652257590031956, 0.009197713595239736, 0.011242546704780042, 0.009666079816357438, 0.010514460596874633, 0.009910771702178574, 0.010368932333398183, 0.005944237828992096, 0.01675132613876761, 0.010329139982602363, 0.009758012621259972)",0.6532931196192991
0.0005973082995683608,0.0009504387753410965,0.0006129560478490721,"(0.0006694327637175848, 0.0009516729950410749, 0.0010787326586738535, 0.0005908717872697361, 0.00041400496145242266, 0.0015396438552612004, 0.0004479276229040093, 0.0014239995452403934, 0.0005852966796672065, 0.0010885981349929084, 0.00022701823858225798, 0.0028093499244747928, 0.0008224582561886265, 0.0007749930815017413, 0.00032906356028149724, 0.001937800482843833, 0.0010750276739967494, 0.0005923897080080422, 0.0010345905945246992, 0.0006159029821993004)",-0.5761105988135822
0.0004188251381875191,0.0005961631614097117,9.347852305009931e-05,"(0.0005733307475254865, 0.000605569096882601, 0.0005295964650415125, 0.0006556596646311571, 0.0006148408728859215, 0.0005647623750909284, 0.0005137745921011961, 0.0006759966925632605, 0.0005694502089739097, 0.0006097145800378006, 0.000600532657167958, 0.0005783175219872616, 0.0006533373955522816, 0.0005314862420656875, 0.000461639003910411, 0.0007522739199458303, 0.0007773734142207064, 0.00044658407464657644, 0.000739502608579255, 0.00046952109438448984)",-1.897099113634361
0.002879471566496483,0.0031425052153329913,0.0007252679588838618,"(0.002416132522096381, 0.0038838308403736552, 0.002599446610029959, 0.003611912852629748, 0.001987091749340489, 0.0047250814209143415, 0.0032441304361115384, 0.0028972010243820258, 0.0036372108417364315, 0.002580325461040618, 0.004017728904333808, 0.0023389260562595993, 0.0022735074896284547, 0.004130154005072509, 0.003298478576745457, 0.0028481437091372893, 0.003686613154677384, 0.0025447396853389317, 0.002986635131190198, 0.003142813835621005)",-0.36267099023828253
0.0013543319430956505,0.001499366257038695,0.0002850796363337816,"(0.0012947023307647982, 0.0016772179927629436, 0.0015438733617578785, 0.0014069892788705816, 0.002050428062427333, 0.0010594129711517025, 0.0013757595019373969, 0.001579903315099493, 0.0011308021684707074, 0.0019204795166440525, 0.0015302935210717858, 0.0014202108765646582, 0.0018801710377798894, 0.0011553928058588429, 0.0018846112607700711, 0.0011530130836756073, 0.0013418017545758565, 0.001618073885706125, 0.0016394073835556892, 0.0013247810313284818)",-0.508750171735287
0.0020147265482800916,0.0020594277867729827,0.0006260209134654628,"(0.001273888207887526, 0.0030417077120844026, 0.00218890618191454, 0.001771024798189603, 0.0028553436707906177, 0.001357711301358386, 0.001271166085759813, 0.003052249914439082, 0.0024174741033456694, 0.0016030177522757514, 0.001566636781679927, 0.002476250826538346, 0.0015409249553856967, 0.0025159405386263496, 0.0013982128600440904, 0.002773907612240256, 0.002283219536879399, 0.0016966229906063854, 0.0014727479895291302, 0.0026316019158846827)",-0.07140534370559368
0.002246250956124782,0.002203760547848105,0.0004799282147105722,"(0.0014909981876168035, 0.003113895824365967, 0.001952459611482199, 0.0023790894694660663, 0.001984066723025058, 0.0023412864212403626, 0.0021435896016944646, 0.0021688100633520313, 0.0015473796522282638, 0.003000797924983742, 0.0021767403790044467, 0.0021354998974311918, 0.003132704108279952, 0.0014828568867673061, 0.002293898321860952, 0.002025978984144344, 0.0020362253665669947, 0.002279403914677338, 0.0026108092292652036, 0.0017787203895094064)",0.0885349245455422
0.006525406931281816,0.0069866701981482595,0.0011131672121771966,"(0.005190601202533091, 0.00916496315179278, 0.006852124743630673, 0.006953291713597158, 0.007558963989084392, 0.006303927153289831, 0.008155931134847222, 0.005857384891578024, 0.0057142818417249995, 0.00832820971574449, 0.007645576900194109, 0.006245814007926591, 0.008323900952968227, 0.005724901329560079, 0.007627964665039769, 0.006255849945141443, 0.008313660691147258, 0.005716479907484828, 0.006919964259969045, 0.006879611765711129)",-0.4143701519597209
0.013125321755592665,0.013362836040053009,0.0025896571951426273,"(0.015834548085886233, 0.010849110744259788, 0.018520117241992318, 0.009303804149843276, 0.013635341898440892, 0.01264011339500783, 0.012636935823576055, 0.013706743363279839, 0.011345692668610378, 0.01515274327654317, 0.012497690322313472, 0.013848350711947528, 0.014126110963334555, 0.012202164312880454, 0.012320061979218557, 0.014028774319162142, 0.016979281680123637, 0.010098243555652654, 0.009588183947630023, 0.017942708361357373)",-0.09171649626284313
0.005876433987029243,0.005994847872804221,0.0011529386352105543,"(0.00583979519307375, 0.005934452136482145, 0.005133356585694203, 0.006759793825083556, 0.005110906948517309, 0.006790261061794878, 0.004527903607668511, 0.007680648259333163, 0.006975129871344197, 0.00497007468546894, 0.006255756959366618, 0.005557365320118306, 0.005427202644670053, 0.006394725407378773, 0.007912684745594195, 0.0043911042374391775, 0.005744778724829787, 0.006027563977355726, 0.00419278312048335, 0.008270670144387779)",-0.1027061477156171
0.0018604721625741297,0.0020083269554983826,0.00041478443629112185,"(0.0023205667491471593, 0.001667766931553494, 0.0016956543751218555, 0.0022833749814537966, 0.002598779643117183, 0.0014899154716905365, 0.0024719938048903376, 0.0015674236109268819, 0.0014368480786564404, 0.0026937923614206052, 0.0018101105241361565, 0.0021403267202041274, 0.002056161052454174, 0.0018831215573577892, 0.0018438633348435913, 0.002100743058704704, 0.0025265020163438585, 0.0015314007611426767, 0.0024995121225078326, 0.0015486819542944554)",-0.3564617666138253
0.00352084318958369,0.0035257483120197763,0.0009333145624904609,"(0.004987066313516706, 0.0023359785516170422, 0.0032022687980643423, 0.0036394505302931686, 0.003403336917172186, 0.003424564954259844, 0.003253025334804048, 0.0035848838032580123, 0.00453001589067599, 0.0025719110406928663, 0.003952466786394222, 0.0029502002563508087, 0.0041374750069497635, 0.002816854178105535, 0.0036142445696637007, 0.003225776420474478, 0.0042327892358773956, 0.0027513613048360036, 0.001961696418646126, 0.005939599928743275)",-0.005255594022874259
8.401933914241532e-05,0.00010054509653395204,2.3238594432403274e-05,"(9.195134042164189e-05, 0.00010459630549117682, 6.0736462099101025e-05, 0.00015835302454614785, 8.74312389954791e-05, 0.00011000416579333215, 0.00010241445847871072, 9.391089211665353e-05, 0.00011943082170088141, 8.053011272945704e-05, 0.00011665239053710731, 8.244856055273694e-05, 0.00012857509864094903, 7.480295283254299e-05, 9.500477341095392e-05, 0.0001012350833056615, 8.359435551542777e-05, 0.00011505254960670945, 0.00013044921522978127, 7.372812867458926e-05)",-0.7111341195616222
0.15473893929816554,0.15010527495690795,0.004233167863861491,"(0.14744821969294716, 0.15231019488999673, 0.14670568251098012, 0.15447713125942353, 0.1501636657136236, 0.15063643001090937, 0.15460777582375462, 0.1467975049224294, 0.15528611654945168, 0.14455813716615046, 0.14848697887517467, 0.15211854074979766, 0.14717756226630552, 0.15332562452248885, 0.1485737933128646, 0.1522611815151904, 0.14181620909290138, 0.15619490885268902, 0.15548836303953725, 0.14367147837154365)",1.0946091651160659
0.0127001313304227,0.01822819318933968,0.009070032229914243,"(0.00935522981582603, 0.028814839488486198, 0.017165051513279614, 0.01591377627371668, 0.024951544268395374, 0.010980115976798934, 0.04844454986888034, 0.005015763778088775, 0.012674435505666506, 0.021721862677610677, 0.02026555363054186, 0.013380190014681503, 0.01659731320469902, 0.016799476180337832, 0.016631311753392924, 0.016806349376647108, 0.015993584040140434, 0.017215703762465277, 0.024782620551722822, 0.01105459210541567)",-0.6094864625380992
0.01595386051511512,0.014194237470861583,0.006346074195002004,"(0.01526395827616871, 0.010827866989554104, 0.005918089412008437, 0.028493282894165094, 0.021088709163743183, 0.00803197279642935, 0.027593661199800633, 0.005119321901469042, 0.012153234442665268, 0.01403937564805312, 0.019497393713085585, 0.008551866470905377, 0.015806130148871323, 0.011004754098392721, 0.013621716630802092, 0.012815998905829084, 0.011376453622498593, 0.015001086631500092, 0.009130865155289688, 0.01854901131600005)",0.27727741437995945
0.011961031733910181,0.010205195824668247,0.004883608680925128,"(0.008735087457047371, 0.0093749019597411, 0.013122649456856933, 0.0063482704724743735, 0.005733714505112594, 0.014584885533894077, 0.01737058204122808, 0.0041247304613033844, 0.015538638861049649, 0.005414625489950209, 0.004809336147607359, 0.017154098688728903, 0.005781312488183282, 0.014795231365445156, 0.006701366755232576, 0.012802154371729935, 0.018745955002388265, 0.0044893078805173904, 0.010556041533316303, 0.007921026021558001)",0.35953656895157227
0.00048160893098992725,0.0008662669180157881,0.00038778139878912083,"(0.0005839842836083385, 0.001087979398676351, 0.0009651458876172575, 0.000658779280612743, 0.000978540354554845, 0.0006498723172219972, 0.0011794790799012288, 0.000535901538925207, 0.002117436767946082, 0.0003003629650201552, 0.0013334635673141924, 0.00047658384848908367, 0.0006754201366141174, 0.0009423283827209883, 0.0007952715415495012, 0.0008003897009906491, 0.0007927073316395069, 0.0008023398599297663, 0.0010349455620972288, 0.0006144065548865186)",-0.9919454316967935
0.0006377878432594268,0.0006031792080515857,0.00014405486482129787,"(0.0005888818550345894, 0.0005862614697812865, 0.0007562230263343053, 0.00045661485218847825, 0.000494440224154071, 0.0006983999059180956, 0.0005877422617054599, 0.0005865732815189905, 0.0004922011331283189, 0.0007016138359152937, 0.0005701331163979835, 0.0006055836572086547, 0.00035006328878846353, 0.000986673962060269, 0.0006629608104975695, 0.0005210065111589272, 0.0005836312788221838, 0.0005917053303884011, 0.0004192750811743103, 0.0008235992788560639)",0.24024620932291027
0.002341369729106375,0.0031071114945372073,0.0007428646018363025,"(0.0036609326510057506, 0.0024964472081563807, 0.002094505391793469, 0.00436688651639377, 0.002941941612282426, 0.0031095330654529307, 0.0030129254355541497, 0.0030148942205370996, 0.002316981053391687, 0.003949387453154546, 0.0033294219571890857, 0.002745958946968536, 0.004110088455371795, 0.0022280600247400265, 0.002558540162699115, 0.0035797031148095387, 0.0025663134849602206, 0.003565711225796314, 0.0020659094740625955, 0.004428088436424708)",-1.0307958725425594
0.0014526390599380514,0.0014939695562402892,0.0002999226739100102,"(0.0013943612276426035, 0.0015410190036283637, 0.0012953986021288296, 0.0016595434503355814, 0.00160806909672213, 0.0013370077722936868, 0.001977193011320028, 0.001082709278957986, 0.0020497675009707728, 0.0010490751484915348, 0.0015340241756422327, 0.0014010066463461708, 0.0013861685109003534, 0.0015520178573402463, 0.0015782706283267141, 0.0013632218030448205, 0.0021179344181891636, 0.001015318605689318, 0.0015518267635574407, 0.001385457623277803)",-0.13780384044801747
0.0021565850637950616,0.0020078218438899565,0.00047699473894072643,"(0.0020140775757265415, 0.001896933392447762, 0.001630525937132098, 0.002344760383712592, 0.002062908163819238, 0.0018535859735492966, 0.002856614591150687, 0.0013303993608208067, 0.0020065314709975654, 0.0019060898407042212, 0.0018928661132563375, 0.002018973741111922, 0.0016175341578677012, 0.002366060872603923, 0.002938821872364309, 0.0013024225021195986, 0.0015357340535426718, 0.0024904705236671264, 0.002646063908205773, 0.0014450624429989528)",0.31187601824596034
0.0022475835585253194,0.002177490266448973,0.0003479602059241963,"(0.0018616417527764545, 0.002484771376135524, 0.002579456654315295, 0.0017945826778945852, 0.0022255886590845583, 0.002080252072093223, 0.0018235397864301772, 0.0025229549040745765, 0.0017689017652263168, 0.0026178752646713677, 0.0027257239319575795, 0.0016975478058412477, 0.0023326183454819944, 0.0019866121203663, 0.0026730314515494282, 0.0017337870866142473, 0.0021288597199283126, 0.002175289444582979, 0.0024371047945054105, 0.0018996657154498897)",0.2014405408520087
0.0043468007077544744,0.006895615090077388,0.0009764120824288172,"(0.008487249038961697, 0.0054916516000313815, 0.0065103893324177835, 0.007175022133074109, 0.006289635154756607, 0.007430528463910799, 0.0064626077094005075, 0.007091657587917194, 0.005592496627095556, 0.008362210429463477, 0.006160025412829791, 0.007572898492449881, 0.006805578005759482, 0.006886644136871745, 0.008659033847286914, 0.005414215122757712, 0.00623223784277887, 0.007504458808468402, 0.006016641649801424, 0.007767120405514426)",-2.6103879992787045
0.02080504775039579,0.013085714661995174,0.002323993827859389,"(0.01000427763735765, 0.01657712301645045, 0.01200394924581776, 0.013874230780806959, 0.01398251960764125, 0.011922273985596673, 0.01798017117576421, 0.008931015433752638, 0.010572719952165691, 0.01578689191136816, 0.01254493439203624, 0.013241694817493908, 0.011838437424891844, 0.014157925238560593, 0.014930875528030973, 0.011232121867047024, 0.013880257595567337, 0.012026962286464486, 0.010817527532364441, 0.015408383810725196)",3.3215807184440025
0.004346460201296908,0.005879960652524829,0.0013628394313338953,"(0.0035164755878022754, 0.009348941666043168, 0.005518538027137988, 0.005968303847405471, 0.004899275050821221, 0.00672548439837544, 0.006356453023194482, 0.005099633968921641, 0.006632524156592944, 0.004970580385915546, 0.005713128278595345, 0.0057584655558445596, 0.004552431134548436, 0.007254998878667127, 0.006056960588052663, 0.005454245684924688, 0.004002267371354425, 0.008237816082230464, 0.005215987044937889, 0.006316702319130813)",-1.1252245979755588
0.0017553866989114702,0.0020109988859007997,0.0004898329946213587,"(0.0018792386975337158, 0.0020353884139663707, 0.0017303265405363044, 0.0022119310453240022, 0.0023169620079624914, 0.0016521191011312176, 0.0018888475210575282, 0.00201547519672344, 0.0020589758982599185, 0.0018594585920490296, 0.001748300273559008, 0.002188354268539531, 0.0025639297455754937, 0.0014941652908559103, 0.0028190506841804033, 0.001359059348359628, 0.0012146835985058573, 0.003151994313464754, 0.002501525923386735, 0.0015301912570446596)",-0.5218353802134499
0.0032187927901356265,0.0035417041989050605,0.0008295017305105019,"(0.004341237172075137, 0.0027422554523336344, 0.0036394317273426304, 0.0032729924673939557, 0.002980904826655381, 0.003996601438492257, 0.0030299395491690815, 0.003912127772977427, 0.002569786289639454, 0.0046364794735118215, 0.004118096081045361, 0.002891406230209369, 0.004795457842807516, 0.0024860964544753637, 0.003939296609242413, 0.0030266488771286243, 0.0022628850192728377, 0.005265448001537588, 0.0037515702285952197, 0.003175422464196138)",-0.38928358663061985
0.00010309461195305705,0.00010041309441210802,2.2531992903440197e-05,"(8.239933515301997e-05, 0.00011664753868819557, 6.569526772607269e-05, 0.00014630769129128456, 8.719918439741631e-05, 0.00011022736027851432, 0.00010637637140064082, 9.03530577122681e-05, 0.00012485796312657947, 7.698128876392153e-05, 0.00010882593085051791, 8.832164484988079e-05, 7.090453848580746e-05, 0.0001355593779988481, 9.463810293292992e-05, 0.00010156360262619805, 7.848979464126574e-05, 0.00012245827521336554, 7.939779355149817e-05, 0.00012105776855393541)",0.11900933718737394
0.16531193718221623,0.16658919787450926,0.0060583194342246184,"(0.16896222566122646, 0.16418223690547504, 0.1703069207751956, 0.16386459097843176, 0.16596876616219758, 0.16884820174452397, 0.14683489960055757, 0.1788764680848746, 0.17055430676434852, 0.16294118133788849, 0.1653269698958742, 0.1676118361823326, 0.17041153141119514, 0.16462381832559264, 0.16236855278085122, 0.17292291371450053, 0.16626838187683296, 0.16719340838568497, 0.1690158793519333, 0.1647008675506674)",-0.210827558064624
0.028446162933388867,0.0255057109225954,0.009314675092363004,"(0.03743346761991943, 0.01497942995078258, 0.0357300418328572, 0.01579280977652682, 0.036506380077883184, 0.013935563760680463, 0.017214357415395263, 0.034289556268705654, 0.03558093769736382, 0.015546951984750345, 0.03919072508190258, 0.014876427129181202, 0.018285688099324543, 0.03260928155030429, 0.017511906555693253, 0.033092378871245075, 0.03021242366389128, 0.01880139084988722, 0.02479783924405602, 0.023726661021557634)",0.31567950375470527
0.021832301845126266,0.016154392121673293,0.006607244973679354,"(0.013544179793433869, 0.016303148853587423, 0.018036157534615002, 0.012328910924384312, 0.005977154642008325, 0.03304630070910189, 0.01624735098255146, 0.014406671162932311, 0.006987644392100727, 0.031115290966167983, 0.016123342574040744, 0.014318101032644316, 0.020123852336743908, 0.011768646182664995, 0.01289513373160784, 0.017780482065511482, 0.01472173585820581, 0.015221640501692649, 0.011068748651395297, 0.021073349538075534)",0.8593460278938522
0.01322642732423819,0.012515690455675103,0.006005933639208624,"(0.007435854093908395, 0.01676261296396828, 0.008818456785314443, 0.014214025116984294, 0.005025431683010553, 0.02259594018341313, 0.008668312308249047, 0.015088620859975765, 0.011866462335284768, 0.010369762540425908, 0.009015397031835699, 0.014346656757573571, 0.009899921356433191, 0.013343524802953142, 0.02280070748056774, 0.005640787182081035, 0.004763049910080314, 0.02649022474646808, 0.013519156384676692, 0.009648904590298036)",0.11833911449223714
0.0005340795109408259,0.0008871132774414549,0.0005604818716811916,"(0.0008098080605690089, 0.0007028900864617516, 0.0005560954599747982, 0.0010236412769164549, 0.0004051420400381494, 0.001399949835585544, 0.0013773766165500357, 0.0004138891684245251, 0.0004894496254384141, 0.0011624044606262259, 0.00020809815456612394, 0.002738721139465019, 0.00045221318593135823, 0.0012611933026189502, 0.0009319456189178774, 0.0006114414362552116, 0.0011229682265338243, 0.0005070746160458526, 0.0005729224352703678, 0.0009950408026396047)",-0.6298754417189047
0.0004448985175132186,0.0005976820619037164,0.00010720196846667271,"(0.0006725870088971243, 0.0005151012768427934, 0.0007905051710812636, 0.00043828053864371463, 0.0006310850787670661, 0.0005484800237959541, 0.00043406755986853944, 0.0007984881006301216, 0.0004752898025199591, 0.0007288371283302122, 0.0005509894692949516, 0.0006289938361577601, 0.0005318691817272343, 0.0006517288970878584, 0.0005290050041171609, 0.0006551020709523028, 0.0006988129643918081, 0.0004958241982748871, 0.0005632927792759869, 0.0006153011474176305)",-1.4251934603047487
0.0023476251960731663,0.0030689341651400806,0.00040181223827896013,"(0.0038850155840977232, 0.002383890549039112, 0.0033822077968274846, 0.0027389482076798644, 0.003673394627268044, 0.002511490627702942, 0.003131971565446665, 0.002963047048626111, 0.0036931666911874045, 0.0025063815076751413, 0.0031596209763460363, 0.0029357154402178958, 0.0029950600042867, 0.003099758674868298, 0.003106487189079164, 0.00298522092727196, 0.0033958262407660905, 0.0027286969922989735, 0.0028727322491761595, 0.003230050402939832)",-1.795139371952484
0.001439975035523889,0.0014989223805683936,0.00026191574295342674,"(0.0013321651336903652, 0.0016379390419641027, 0.0017762013746828289, 0.0012286339039349547, 0.0013567428876432152, 0.001604500879276982, 0.0010629109897916647, 0.0020553194116396723, 0.0012322026633631241, 0.0017702472937026045, 0.001589986771182055, 0.0013736132799248315, 0.0018463597610612929, 0.00118350453862193, 0.001415339204973539, 0.0015428961632428806, 0.0015208155090979403, 0.0014351967975655426, 0.0012130505254004213, 0.001800821480607927)",-0.22506224475016195
0.0019336946755302965,0.001990663446977274,0.00029032062586809807,"(0.0021750739036980266, 0.0017846373207528537, 0.0017138264764780045, 0.002265330224265271, 0.0016280235787215292, 0.002376317582937113, 0.001817461678295685, 0.0021393447547882567, 0.0017383217080731784, 0.0022320119982095652, 0.002578318183029361, 0.0015074919035706303, 0.0019475332159499972, 0.0019972129595670026, 0.0019367622539328418, 0.002006465334849033, 0.0017554100399381346, 0.002212228727489684, 0.0023399709946932295, 0.0016615261003060811)",-0.196227089538103
0.0017244887678914836,0.0022295713300398865,0.0005612622259596661,"(0.0021970886536172123, 0.0021285380734410984, 0.0015925183688832911, 0.002937047990455703, 0.0027337027684036863, 0.0017047176948233197, 0.002189973117466737, 0.002139042071559254, 0.002597437649996247, 0.001799617802702401, 0.0024848402256901388, 0.0018845741512523758, 0.0015568406145840229, 0.0030101661881452428, 0.0025509577070781083, 0.0018353766265707123, 0.0015861989168217312, 0.002949570788335538, 0.0032890075783669113, 0.0014242096126039908)",-0.8999047838731616
0.005894713486675202,0.007109772563812716,0.0017599768684460238,"(0.006830642298583724, 0.006980951327247838, 0.006576476661129537, 0.007254207878211604, 0.004377012111366815, 0.010773447563228318, 0.004344957671088345, 0.011033086533888035, 0.005313962992991699, 0.008960080717928665, 0.006851200881847459, 0.006989657889069861, 0.006106938148167275, 0.007859982364975258, 0.007952949541659333, 0.006017713571681966, 0.005671975211238333, 0.008418508518082806, 0.006447403503538853, 0.007434295890328609)",-0.6903835493078685
0.012783469421207064,0.013685414477296619,0.0024087509268987638,"(0.012374757436373738, 0.014663496908314576, 0.009135778198344784, 0.019880707103896812, 0.012905846857718178, 0.013759433691837308, 0.011552656846637229, 0.015869603577158487, 0.013514600430290381, 0.013388110717808533, 0.01238994098413473, 0.01476675950888357, 0.01430113253102433, 0.01285188596753203, 0.015323550244076976, 0.011925729255219546, 0.016938046042082877, 0.010741419400012005, 0.01153474300298494, 0.015890090841601315)",-0.37444513088399606
0.005164305805548383,0.006063889918793645,0.0010367081607254882,"(0.005618554220920628, 0.006359506369317435, 0.004718865090903017, 0.007574940912696912, 0.006261551076943657, 0.005653584521969744, 0.005155538195855604, 0.006961291017600835, 0.004234387282874304, 0.008427899772559885, 0.005984404113746086, 0.00599189158786274, 0.0066438072637885915, 0.005407768929510295, 0.006200174033890849, 0.005780469030982227, 0.007585634275433751, 0.00471573294344999, 0.006354867624670909, 0.00564693011089543)",-0.8677312934584528
0.0016368519370619204,0.0019971998266949116,0.0003404810877715374,"(0.0015605430145635257, 0.0024855443014542627, 0.0021802512839870754, 0.001779284892706963, 0.002227064901082344, 0.0017363302924603122, 0.0018161263897814967, 0.0021388515736973095, 0.0027016483876845378, 0.0014351301411233872, 0.0016168438691127505, 0.0024017885355449072, 0.0018816134225907671, 0.0020651520684771964, 0.0017133361002877208, 0.0022661507184054443, 0.0019018460544084964, 0.0020402527261633714, 0.0023270268480970525, 0.0016692110122693035)",-1.058349208149806
0.0027238960603783594,0.0034884725328580336,0.0006294225908987697,"(0.0038504486321954447, 0.003063118023581468, 0.004322549852159597, 0.0027287357098514276, 0.0028554447059565597, 0.00411845985075637, 0.002777877825561134, 0.004251208037870468, 0.0035351966005183377, 0.003334993055462404, 0.003670513598625517, 0.003216619705535851, 0.002520493756040431, 0.004686990672022227, 0.004266336346108908, 0.002767021702492589, 0.0034677630891672357, 0.0034022517748020014, 0.00392362885091195, 0.0030097988675407503)",-1.2147267726566893
9.627582703755736e-05,9.93278511690702e-05,1.636356109505772e-05,"(9.322081158295635e-05, 0.00010314051810050039, 9.396047224782559e-05, 0.00010232852690879561, 0.00011616046929879796, 8.277051488260141e-05, 0.00010680106078154329, 9.002639345700203e-05, 7.757347699913306e-05, 0.00012394463761275526, 0.00011211405437961934, 8.575993619169278e-05, 8.722340268215699e-05, 0.00011023338479136429, 0.00010101630181522157, 9.51815497364752e-05, 0.00012325849682071367, 7.800563866111878e-05, 0.00012971275426976701, 7.412462216136362e-05)",-0.18651344372922837
0.142808514572488,0.1425791761736786,0.004174483203894663,"(0.14315340128642257, 0.14248522590715315, 0.14320998826678008, 0.1412100143429674, 0.1468732803053452, 0.13266446030748313, 0.15164332395843294, 0.1352181155845094, 0.14288760950579887, 0.14158649462542203, 0.13833323352342608, 0.14735770685184185, 0.14215790775894452, 0.1450104828549546, 0.1394062216220397, 0.1463795513346254, 0.14247148905445628, 0.1431053119985403, 0.14415431089932593, 0.1422753934851022)",0.0549381534450617
0.028048252350165583,0.020805975566406884,0.005805544311598653,"(0.016339980796206383, 0.026542480832204965, 0.018717601374497163, 0.022981049837395868, 0.015061726841487396, 0.024862119921357777, 0.015762261233367325, 0.026188367534747146, 0.0318600650509126, 0.012559804870400348, 0.021395952347761198, 0.01880055292950327, 0.018651713570696053, 0.02167487080455829, 0.014105174328154219, 0.025794358149376063, 0.03216796412616963, 0.012239655522711015, 0.019300577029429784, 0.02111323422720112)",1.2474759290510724
0.012058322243475372,0.0157883761863401,0.006471738117810411,"(0.01991604520130954, 0.01174351093438353, 0.01457207997088869, 0.015936204248021165, 0.018651527899353204, 0.010207856444310477, 0.02280323426580352, 0.009626599152545235, 0.011698530159274365, 0.018148394309901575, 0.021571648713794415, 0.009742356891846498, 0.02093082194369374, 0.01034358915086765, 0.03192859049187627, 0.0059189931326556625, 0.008502430400085815, 0.024277030388007124, 0.014294887627605226, 0.014953192400578338)",-0.5763604575715929
0.02120308427301376,0.014326475028622871,0.00491433450497014,"(0.011766839696603837, 0.017783201564677057, 0.01439536643648456, 0.014461080219810504, 0.02329067273479877, 0.006583407750675625, 0.014330728647371766, 0.013359805029413087, 0.020552876633093565, 0.008971314640470907, 0.008553297355657257, 0.020773157007913084, 0.02172617756037114, 0.00879878619913253, 0.01842709198079673, 0.00856665484917584, 0.016027343702510063, 0.01095243917613964, 0.011852887550262802, 0.015356371837098674)",1.3992961279774896
0.0007913695615703553,0.0009278295457978849,0.0005651862441689224,"(0.0004384715936440488, 0.001408130917796979, 0.0002681753109738883, 0.0023030873177354782, 0.0008270170980046415, 0.0007414643446579343, 0.0011799437159335847, 0.0005224179448591698, 0.0009256701922938737, 0.0006662188493245235, 0.001047572738983674, 0.0005871561861016789, 0.0002915794347590023, 0.002117276800600237, 0.000967844887977568, 0.0006359729919440204, 0.001049926650104251, 0.0005864430918614293, 0.00038217973228799697, 0.0016100411161137148)",-0.24144250790849844
0.0005631298749019217,0.0005993929326894051,0.00012966060860546022,"(0.0005849127546271106, 0.0005881606822320045, 0.00048170079938774415, 0.0007142355056838046, 0.0003988896973230685, 0.000860609820538352, 0.0004033004031465658, 0.0008525863421024761, 0.0004838592811305856, 0.0007106404435848837, 0.0006679763543195258, 0.0005144253984814635, 0.00065833455994895, 0.0005224898096547281, 0.000697619983961718, 0.0004925404792057319, 0.000594594476087001, 0.0005780304354788565, 0.000670051649170639, 0.0005128997777228919)",-0.2796767513086953
0.00320732226332655,0.003094785377675281,0.0005127844185228883,"(0.0027377919188595447, 0.003423122627569435, 0.003120504846286552, 0.003002507478923467, 0.0021499517862973456, 0.004322145262956505, 0.0029147951869070137, 0.003206965884050223, 0.003822536206996716, 0.0024422121163387173, 0.003175127490255223, 0.0029385697295235, 0.0038855469821818334, 0.002404641740972173, 0.0029634517658092612, 0.003135449099697392, 0.0029810713758079703, 0.0031278068095657928, 0.003375276747776003, 0.002766232496730932)",0.21946237363342605
0.0012438283066527295,0.0014943561860458782,0.00026566178297671167,"(0.0018570370227239358, 0.0011694950489775434, 0.001245000469044453, 0.0017443604709017006, 0.0011580462201664183, 0.0018652681860724819, 0.0011971308348279204, 0.0018114845530657266, 0.001580668922999339, 0.001371230581727746, 0.0016988548272411814, 0.0012747261515217748, 0.001518612188407205, 0.001428259861384029, 0.0014721381310275133, 0.0014686519617584395, 0.0011045486881676458, 0.0019604930363158446, 0.001320544208765801, 0.0016405723558208694)",-0.943033192753624
0.0015998479014636565,0.0019751295462436067,0.00029443275914099807,"(0.0022922394987171155, 0.001671474650187873, 0.0021179706026797944, 0.00180922511241365, 0.0021676863728218062, 0.0017534209598330458, 0.001494923390878555, 0.002557783458577215, 0.001714835075109048, 0.002228939181297366, 0.0016481581580132859, 0.002314704288686624, 0.0016565467859147606, 0.002310161455567796, 0.0016870544213525504, 0.0022585470697164974, 0.002047728430981619, 0.0018637043835648952, 0.0019594134020279362, 0.0019480742265306958)",-1.2745920184792863
0.002056260461463523,0.002171767706059698,0.0004597261768666268,"(0.0026464566064122253, 0.0017139772277153472, 0.002468558704711922, 0.0018379354428606322, 0.0020039126855862953, 0.0022451715262828396, 0.0029012829369753313, 0.0015603719105161148, 0.0020104703032019695, 0.0022515487168119604, 0.0013988405889742205, 0.0032283868028831074, 0.002735436013874996, 0.0016570424311755955, 0.002098804543426613, 0.002150688663303083, 0.0019999125658396403, 0.002259604115807902, 0.001950763698410665, 0.0023161886364234953)",-0.2512522679988379
0.006441670374948286,0.006590405318211115,0.0018478271228601947,"(0.005963191526056539, 0.006837664587059221, 0.007283155834455017, 0.005602724583394976, 0.005087180059978915, 0.007815525819220877, 0.006777514104923117, 0.005979855937329645, 0.004427005593523946, 0.00915291200739784, 0.010019369428139687, 0.004014371827097005, 0.006108525445375845, 0.006660988658358242, 0.006522157397040146, 0.006159006763705518, 0.006250604408869093, 0.006448535662182482, 0.0036447337847814914, 0.011053082935332687)",-0.08049180652387379
0.014378779704797952,0.012549580445431611,0.003199335811658222,"(0.012768724199602356, 0.011816979380733228, 0.013257413716229882, 0.011397656223124712, 0.007467053767100631, 0.019275303109210246, 0.014691666423168513, 0.010154679283937219, 0.011683589761052928, 0.012763925475116646, 0.012813833826521888, 0.011478251395150001, 0.014429653240741852, 0.010415594245450634, 0.01011824787481143, 0.01450093706510325, 0.011792035296553795, 0.012522563730783974, 0.02041881085915119, 0.007224690035087841)",0.5717434389665595
0.0043434947684234644,0.005782861866800383,0.0009333053491920972,"(0.00581120822114737, 0.005658630367396555, 0.0066197346213329854, 0.004970756308415073, 0.006087311823134125, 0.005287518515425784, 0.007968257375726501, 0.004105697755007167, 0.0065276478660404955, 0.005010993577359987, 0.004570870638436998, 0.007111201491363233, 0.005363370406788316, 0.006120382855934245, 0.005106904768689215, 0.006358180674046769, 0.0063617675215623904, 0.005118680502420117, 0.005039529560939113, 0.0064585924848411785)",-1.5422252745287341
0.0016107717735530348,0.001968797534361583,0.0004082234387731366,"(0.002655006675383121, 0.0014049717585844126, 0.002247583461398159, 0.0016600463406588571, 0.002291198823453288, 0.0016162577391565561, 0.002172951462190827, 0.001713682983674538, 0.0021845307439968017, 0.0017045692036948329, 0.0021095428702705876, 0.0017612941762036591, 0.0013721105851782472, 0.002717125678574791, 0.0024446120101199683, 0.0015194884396225452, 0.002324448723109288, 0.0015995064212746895, 0.0021400425188468296, 0.0017369800718396676)",-0.877033817275532
0.0038662246669789626,0.003418953268733141,0.0004463563888738569,"(0.0034088044137910185, 0.0033816682635958496, 0.003327527011416145, 0.0034653384663872215, 0.00317959066884727, 0.003602243420755882, 0.004512345337386231, 0.0025507944554257946, 0.0037499082895215206, 0.003070575411332116, 0.0031474669221556234, 0.003649510809703438, 0.003895426856195182, 0.0029589047156489746, 0.003012209994997693, 0.003815650515079095, 0.003946863526017404, 0.002913048937147336, 0.0035935671697360227, 0.003197620189522994)",1.0020499524478037
0.00011032819695823475,0.00010060072333390657,2.4008879166069167e-05,"(0.00010739484105088696, 8.947553897367105e-05, 0.00010378992102406412, 9.258341185593628e-05, 7.460984484779466e-05, 0.000128787572854397, 6.65028390860047e-05, 0.00014449149518043516, 0.00016416691291409714, 5.853291209481035e-05, 0.00010273700256604337, 9.35299098217311e-05, 9.489349233178703e-05, 0.0001012626339975843, 9.289167057401666e-05, 0.00010344386901627012, 9.525247074319189e-05, 0.00010088003156804143, 8.988623022956097e-05, 0.00010690186594780692)",0.40516150533489476
0.012614667992905435,0.01443592716565281,0.0026019186479719508,"(0.015655733121379852, 0.013733855149385969, 0.01417683730897908, 0.015094886353906475, 0.01241665236952292, 0.014893970642704816, 0.010015570670570326, 0.01930927215261863, 0.012700692825702676, 0.016997661910625395, 0.01692704967086365, 0.011330815407762533, 0.010735401460183402, 0.018065224185142826, 0.011378131938432257, 0.018406856913334046, 0.01389100032568921, 0.014988429617128683, 0.013696704398921358, 0.014303796890202081)",-0.6999677619309678
0.013404373678498753,0.019552026910619122,0.007640192455100127,"(0.01567649923839164, 0.020792899534440072, 0.02034121241323107, 0.016227813097663937, 0.017983258799224102, 0.01873513342394222, 0.030143804702419532, 0.010977475948077629, 0.02767761237921345, 0.011983321027456943, 0.011920996775575921, 0.02857342142884532, 0.023039476904067484, 0.014331709684753662, 0.010991594168047045, 0.029282511884344442, 0.019507490554135306, 0.017042911471038587, 0.008889444232908007, 0.036921950544606064)",-0.8046463840078492
0.010080850772392572,0.01442327120290474,0.005324029981134839,"(0.01952869916148877, 0.009134747001553057, 0.024710163221523536, 0.0073488496285741955, 0.0181223861574995, 0.010311759865091455, 0.01865026619680579, 0.009770148367945165, 0.00781992744069169, 0.0233794611729991, 0.011493328168687792, 0.016512455768364277, 0.019663412890180563, 0.009238014959912217, 0.010921984465151973, 0.016047374800583578, 0.017432316603387142, 0.010521157929631642, 0.017656024869964135, 0.010202945388059232)",-0.8156265922429239
0.01163110696290131,0.011816730737561081,0.005700319128883068,"(0.009350345655279854, 0.01181958273525603, 0.00703968994340565, 0.015929649163464604, 0.017419882939361392, 0.006588810338374321, 0.007837596620083752, 0.014347841945378826, 0.00936390292703867, 0.012043139806607204, 0.007399796718188272, 0.015708536292848112, 0.02035281868384406, 0.005510567794898273, 0.026618274700968357, 0.004093363604727496, 0.006818606046507718, 0.016577933970512854, 0.008682783334184702, 0.012831491530291422)",-0.03256375133792604
0.0009797468650992339,0.0008735427944512417,0.0003651914247472871,"(0.002104066725517747, 0.000314429589714769, 0.0005988852133366991, 0.0011053953600983057, 0.0005935683788090268, 0.0011162433202091123, 0.0011702634127099738, 0.0005657473537592334, 0.0008635663406899425, 0.0007668153907663498, 0.0009733977398513629, 0.000681044004759601, 0.0010917519424265697, 0.0006063474889436202, 0.0007816950028734464, 0.0008459602114092192, 0.0007281586464018776, 0.0009093665559045867, 0.0009760912237947141, 0.0006780619870486727)",0.29081753691638706
0.0007977970944440413,0.0006035065175365869,0.00013773005305115803,"(0.0005494906016589924, 0.0006317197583322304, 0.0007896418577145002, 0.00043966741639595534, 0.000950205978142926, 0.00036545928778888707, 0.0004084649790439815, 0.0008499865862791161, 0.0005729496897144005, 0.0006059920586651901, 0.000563671816821326, 0.0006161565162907574, 0.0005621272312180216, 0.0006176129607307033, 0.0005950835938646967, 0.000583240378067509, 0.0006750170585845713, 0.0005143655588713369, 0.0005669041617237707, 0.0006123728608228646)",1.4106621801364418
0.002360884533634737,0.0031153227550219827,0.0007053650138840225,"(0.002441105890923089, 0.0037863552234265185, 0.0025447855487383164, 0.003634581629233477, 0.002647850070159817, 0.003496964530035872, 0.003445300853567428, 0.0026849477032338405, 0.003391185982841688, 0.0027281456878548364, 0.0029629913441779326, 0.003126891286721535, 0.004861109278847238, 0.0019027219278086882, 0.002308791613775898, 0.004000633265806907, 0.0027451610226957106, 0.0033705736758118075, 0.0024457192928785836, 0.0037806392719004706)",-1.069571365941453
0.0015485390603684696,0.0014992962898513268,0.00026614495582810303,"(0.001377799782615516, 0.0015829843503859845, 0.00134792150569417, 0.0016187493550512565, 0.0015467015191373778, 0.001411640683301911, 0.0019020225251092696, 0.0011472628673994594, 0.0015259674819490653, 0.0014301101130145698, 0.0014376397763221156, 0.0015192823517826922, 0.002081791848626523, 0.0010481108568995813, 0.0011713479744221897, 0.0018612417144673887, 0.001803562515762828, 0.0012100697719512718, 0.0015876341372355151, 0.0013740846658978532)",0.1850223700987503
0.0017993118676575633,0.001998859425234991,0.00044014373479767815,"(0.002203311995728557, 0.0017301687509668864, 0.0023320655118525416, 0.0016356211083852505, 0.0014086164071660857, 0.002710368299343468, 0.0027732236537673796, 0.0013755821072418562, 0.0015309522870868466, 0.002492098342731133, 0.0018167369076897226, 0.002102589923367667, 0.001888997207472745, 0.0020192358465210935, 0.0024810946843797656, 0.0015356205225959406, 0.0019136010936791359, 0.0019939000308833122, 0.002520381769221138, 0.001513022054619288)",-0.4533690742392461
0.0025110687010160677,0.002199955335396037,0.0004273227260570726,"(0.0022499477213752013, 0.0020731332961912486, 0.002476210908530172, 0.0018848755712167844, 0.002674570800896257, 0.0017467029851243054, 0.0025669325702304888, 0.0018184642401444756, 0.0017616978054870115, 0.0026500254380410052, 0.0027308206510710626, 0.001711652262870095, 0.0018469145613656621, 0.0025270419205778794, 0.0020429566918617557, 0.002281945116723766, 0.0028833477051967097, 0.0016192055732627787, 0.0016874254801498964, 0.0027652354076041856)",0.7280524686592001
0.007153622075586677,0.006890013592434251,0.0018245251590633352,"(0.00401266881402005, 0.01105226710834721, 0.0047772492459212225, 0.009301503669824277, 0.005216937113748999, 0.008542216803610265, 0.008128692767090802, 0.005468432356858901, 0.006489681020614328, 0.0068526154884839706, 0.004598751297872248, 0.009706947530002582, 0.007355179704736864, 0.0060408950339172355, 0.007861410486867157, 0.005631874718829314, 0.0070838169781656645, 0.006278603903177343, 0.0074032153185841845, 0.005997312488012376)",0.14448059641323627
0.019606436565403906,0.013512208985927369,0.0016071755957435263,"(0.011618941001522855, 0.01543486811563702, 0.012081349247146485, 0.014900892038744184, 0.01222739084977326, 0.014806516105081727, 0.01268415774907006, 0.01420250094438874, 0.015419114942673541, 0.011693684650642574, 0.012448050090767535, 0.014592447815194996, 0.01152524573727629, 0.015617301179248649, 0.012884589095528571, 0.013872871481217039, 0.01562488329140065, 0.011542324447769634, 0.011684015520745094, 0.015383035414718426)",3.7918865839032163
0.0057644317473969225,0.00604952122367506,0.0014683608264290855,"(0.007171397582418938, 0.004814379369157404, 0.005832604212825439, 0.0059291496861548065, 0.00479314628825857, 0.007232386317751726, 0.004299381921926935, 0.008045931047887818, 0.005206859440413376, 0.00664620185200246, 0.005769178996511421, 0.006017366230178539, 0.0071497222885147805, 0.004836514051327886, 0.00785269955993578, 0.004390537785131808, 0.003900054300492906, 0.008873913257039297, 0.007796239234427224, 0.004432761051144077)",-0.1941549182917443
0.0011282719155749571,0.0019918657920063114,0.0003682624978706619,"(0.0019811089083199857, 0.0019381762708911138, 0.0018892118933449826, 0.0020335599678990243, 0.00197999215016002, 0.0019418772263823886, 0.0017878315869931756, 0.002149083729276455, 0.002345158462639564, 0.001638563554714098, 0.0022305611325971228, 0.0017245522664653364, 0.0014438946188359975, 0.0026606700497410424, 0.002810688259699481, 0.0013654866445010924, 0.002353504134391804, 0.0016327978959240375, 0.0018188747787284956, 0.0021117223086210227)",-2.345049744203545
0.004621014034268632,0.0034663308909403355,0.0007785999356000453,"(0.00276765778625214, 0.004133677923253679, 0.004305540564991219, 0.0026585805203802057, 0.0032791699363109404, 0.003493176174366125, 0.004484921485021509, 0.002552467267307318, 0.003695067013164968, 0.0030985393127323513, 0.003405925423522023, 0.003364681642852151, 0.0024006913739397034, 0.0047678986502842635, 0.004480484642070385, 0.0025524592632495966, 0.002821625068210213, 0.004057569106923265, 0.0025931199677474725, 0.004413364696227192)",1.4830249663948587
8.685641875979065e-05,0.00010048179246253925,2.2827724617664263e-05,"(0.00013636252353365025, 7.048711465493787e-05, 9.007766027910036e-05, 0.00010670615207733146, 8.373048582219813e-05, 0.00011479547825665864, 8.960110334033276e-05, 0.00010727373372933342, 9.960576453250244e-05, 9.649904369726263e-05, 7.183042246332681e-05, 0.00013381392756919893, 0.00010621385978822463, 9.049522169661897e-05, 0.00012837412401575264, 7.487323104758867e-05, 6.850078817787355e-05, 0.00014031735279614624, 0.00011993757189661898, 8.014028987612728e-05)",-0.5968783105174305
0.1561315814961438,0.15687604964737978,0.0028513395631996957,"(0.15770212737038164, 0.154417751399362, 0.1570156569494873, 0.1566831666442119, 0.15539893911286043, 0.15902595658447477, 0.1566296044959649, 0.1570927172285443, 0.15616771645528696, 0.15847829296309907, 0.1603717694597106, 0.15484979254819425, 0.1508293984587086, 0.16330336951278346, 0.15459688506423339, 0.15778470634007224, 0.1548097771597032, 0.15878835210103823, 0.1606312812817815, 0.15294373181769783)",-0.2610941751183589
0.015293664197460572,0.0230026816827844,0.009054937444212574,"(0.022133237281019284, 0.02031097465714594, 0.00990336005394923, 0.043865955146133756, 0.030547425076209583, 0.015226294434191783, 0.027524070923388908, 0.016987665082059535, 0.013790380897768266, 0.03341630251182559, 0.03857581840549469, 0.012018210155953429, 0.01510188695164608, 0.029825596379723967, 0.025341069278915673, 0.01844706119444074, 0.025652169395510703, 0.017818437313398276, 0.02627845110643964, 0.017289267410472868)",-0.85136065630702
0.01201428419198715,0.020658392727534006,0.010766657224696113,"(0.007828601377471163, 0.040292530929733214, 0.009787722621332349, 0.030301942894131143, 0.022007429597972517, 0.01524135531221207, 0.01837653304209286, 0.018421097050818104, 0.024900378671525215, 0.01324526799572362, 0.036453794517245154, 0.009148986133023264, 0.0392368516531951, 0.008068205781221659, 0.019727138264315762, 0.017156086083656704, 0.03129589159088438, 0.010383786783713905, 0.030879641627760246, 0.010414612622651694)",-0.8028590819924458
0.010572811932444245,0.014322078079291879,0.0037037729826958133,"(0.020562323067277136, 0.009157238301372444, 0.01805453424683187, 0.009965900375911694, 0.015025554979276103, 0.013114290002690895, 0.016407916875448774, 0.012087726247900317, 0.01723774552310678, 0.01128820257117776, 0.012382374786255528, 0.015849453450590203, 0.01245311539660054, 0.015161903596392929, 0.010651950238571722, 0.018619680287686517, 0.008794363880188753, 0.021883223839346672, 0.01269936360178627, 0.015044700317424607)",-1.0122829245648604
0.0012150730594939812,0.0008858023056847848,0.00043425262106751235,"(0.0006058051103108947, 0.0010659144769557696, 0.0008827198051254825, 0.0007304514237793961, 0.0009230511866650957, 0.0007010976448987595, 0.0008459396422689454, 0.0007647600018876129, 0.00028553383616063165, 0.0022645101664565104, 0.000395189925016797, 0.0016378383034754542, 0.0009213554684048063, 0.0007012003962767932, 0.0010678891519759295, 0.0006061190657176437, 0.0011419969163571026, 0.0005658456445515155, 0.0008245772182039838, 0.0007842507292065713)",0.7582470152966686
0.0005621021532984016,0.000605261070593526,0.00014536171928697177,"(0.000543373063675004, 0.0006378051657783793, 0.00043430238671056544, 0.0007976603903208265, 0.0008519831426313857, 0.00040695300199964545, 0.0005276442097909203, 0.0006571208796273968, 0.0007000645737523303, 0.0004951975574387802, 0.0004349656132290867, 0.0007970991888180947, 0.00061631074333517, 0.0005623478534150232, 0.0008053862734224624, 0.0004305199805580232, 0.0007723694095548676, 0.000448789108529907, 0.0006606606235250594, 0.000524668245757589)",-0.2969070365074619
0.0020705238394914988,0.003115021280208626,0.0006267084280588153,"(0.002445393685222042, 0.0038150813712795975, 0.0033916404235734567, 0.002746054685355755, 0.004044627011486547, 0.0023104994713647646, 0.004253057015165737, 0.0021978201052970064, 0.0029412731695033422, 0.0031757620556712865, 0.0023209291079919056, 0.004025823545247697, 0.003387610045879255, 0.002754242153793844, 0.0024719257163072906, 0.0037814247638382173, 0.0029362957771838774, 0.003179854612978657, 0.00287982296550888, 0.003241287921523345)",-1.6666401694203856
0.0015483198880427477,0.0015129854140835846,0.0003434288287280426,"(0.001042566182041685, 0.0020892136978448664, 0.0016917095027804815, 0.0012861920541288301, 0.0010181435378956605, 0.0021415789810150737, 0.0017966839901116347, 0.0012137625989475642, 0.0016653142455793216, 0.0013089383409362572, 0.001816985627768047, 0.0011999211094605446, 0.0012856433122388825, 0.0016943169745394942, 0.0011309268150034568, 0.0019282921813974345, 0.0017237069071484577, 0.0012642714786206713, 0.0013633416837683654, 0.001598199060444956)",0.10288732629124753
0.0014540832471191792,0.002004844490209428,0.000384868624064013,"(0.00255389770100897, 0.001518766833396564, 0.0019444095409765706, 0.001991835208698716, 0.0017267301379036933, 0.002249762955354906, 0.0016403702830029142, 0.0023686173803067756, 0.002037930011194941, 0.001905370291546513, 0.0026819418977774927, 0.0014483174936208729, 0.0022332389358190353, 0.0017370303581885971, 0.0018321134292112538, 0.0021207882686514893, 0.0014180563011580484, 0.0027372120070841867, 0.0021193361034553757, 0.0018311646658316443)",-1.4310370049771686
0.0030887778820996564,0.002189662127473469,0.0002935571607479823,"(0.0019255707203313414, 0.002445946889311947, 0.0021300149089804924, 0.002207678680094024, 0.0019867976624320556, 0.0023745284837781147, 0.001984299493366461, 0.002377829506075275, 0.002172233847950462, 0.0021707271112338033, 0.00281067728086022, 0.0016783469384215855, 0.0024752883220916875, 0.0019030262945968887, 0.001902957436453069, 0.00247965226908225, 0.0018130440227822654, 0.0025996641319884933, 0.0023464173710084123, 0.0020085411786305283)",3.0628302587994938
0.01135864021657984,0.007107458973256484,0.0013023270518919142,"(0.006380425388843762, 0.007649653246755809, 0.006989643967039546, 0.006947807238814989, 0.0071438679768643714, 0.006868666048184219, 0.0063923993388479705, 0.00767917091984121, 0.005346509159556753, 0.009162870584879189, 0.009580819037734384, 0.005120189366507472, 0.0055012097002653335, 0.008876518908619074, 0.005689698510447313, 0.008629744025361208, 0.0067062600297315535, 0.007294994898490971, 0.00590257402765778, 0.008286157090686759)",3.2642961974471687
0.01233181732132982,0.01373379783154141,0.001985782164963091,"(0.012465845799473808, 0.01476074792507715, 0.011776179348480907, 0.015472390493367938, 0.015532014306521793, 0.011970499574340519, 0.011241896320901298, 0.01655160530048939, 0.01307059067447406, 0.014179945281835082, 0.01812381162328354, 0.010253217810099241, 0.015766772026811968, 0.011681367120801337, 0.014256720378569865, 0.013057787686677431, 0.012627553943620274, 0.014638239612406343, 0.0145588349605497, 0.012689936443046522)",-0.7060092163923967
0.008809960060828962,0.006096095833118356,0.001316347715392777,"(0.0057319600565283995, 0.006190256012061645, 0.004038926675733786, 0.00874810733812648, 0.005818309539180704, 0.0061258146872082385, 0.00834959717494952, 0.004270011571027072, 0.006093065131009325, 0.0058415439335949264, 0.00699341845700928, 0.005095405413673765, 0.005049175134553281, 0.007030295554598297, 0.00483236883778019, 0.007379631510446165, 0.007872246514171895, 0.004516069167118291, 0.005612999093124426, 0.006332714860471406)",2.061662124661973
0.002357235578431088,0.0019913962744224443,0.00030000102221701224,"(0.0024551725400787983, 0.0015796074312352287, 0.0025698107872629138, 0.0015070670446466186, 0.001971177583520658, 0.0019703515154045398, 0.0017407109689827238, 0.002231435090818528, 0.001854534374301823, 0.002093331686740147, 0.002316662188037492, 0.0016764006104074052, 0.0017844356954215238, 0.002173658069319012, 0.0017552266344175794, 0.002213157577934387, 0.0022448082573777867, 0.001728733949335602, 0.002188572087600887, 0.0017730713956052395)",1.2194601915189667
0.0033210300750421188,0.0035020362112898346,0.0007296902668797385,"(0.004462672183520941, 0.002634728730392532, 0.003013534222177165, 0.003896849479859701, 0.00307969710340324, 0.003824491602975323, 0.0024324900942424457, 0.004841116861192618, 0.0035366096348130264, 0.0033282059587433966, 0.0040564755486188556, 0.0029038570504725204, 0.003238822754145362, 0.0036315860834750654, 0.004648576113647456, 0.0025341252897275604, 0.0026322364162279796, 0.004469530458368857, 0.003652647666324737, 0.0032224709734679034)",-0.24805886067485092
0.00010906679349028478,9.883019320770434e-05,1.267289174607203e-05,"(0.00010208132624862314, 9.419779721510816e-05, 8.29508333133027e-05, 0.00011592142500735054, 9.799198466249807e-05, 9.813152453598707e-05, 7.833548955210972e-05, 0.0001227537537969226, 8.332723420866441e-05, 0.00011539999339075647, 8.507675072089097e-05, 0.00011302943117091281, 0.00010299913158250606, 9.335958923741351e-05, 8.610309310572946e-05, 0.00011168143372830647, 9.954100978789042e-05, 9.660219682225815e-05, 0.00010845579190401313, 8.866407416284275e-05)",0.807755679421256
0.18687128706084052,0.1844738597697323,0.006743898853892159,"(0.18755866337971958, 0.18037534918683915, 0.19156920665117583, 0.17312912655050108, 0.18127055542072254, 0.1903977095755918, 0.18333765771260202, 0.18665751646872883, 0.18599848210482692, 0.18431097215293132, 0.17449337223474248, 0.19430155479186284, 0.17594596205782242, 0.19186299685997707, 0.19194766266586605, 0.17855952860714924, 0.18510641208235556, 0.1838174595283907, 0.17467666589689573, 0.1941603414659444)",0.35549573667235274
0.016317900751330616,0.024237789663052345,0.014775195860042906,"(0.03639739279409269, 0.011257976951740885, 0.021380269158398073, 0.01979656245847613, 0.022166254417557953, 0.018921635224585988, 0.021801916056959164, 0.019361485188152595, 0.028283623694747437, 0.01493079248535794, 0.06243326518799494, 0.0067426779041204945, 0.016450751210265107, 0.02627335582280701, 0.008247545481520112, 0.053623036670957254, 0.045098955634717115, 0.009429736538160809, 0.018341361293610768, 0.02381719908682449)",-0.5360259848155224
0.010861953124465695,0.015331456513465387,0.007775240165820653,"(0.015487065691114188, 0.011293631591555312, 0.005220113043197726, 0.035325694699687875, 0.01989381096904538, 0.009130538277835946, 0.02208257065859626, 0.008312126636784201, 0.029283389038784257, 0.0062731145880458705, 0.014269694745081083, 0.01280579043633431, 0.010674026311773973, 0.017872643285125337, 0.01177806454881967, 0.01693193659596073, 0.007603364221552046, 0.02443554023306288, 0.015063281024276978, 0.012892733672673755)",-0.5748379848956021
0.012312744088970986,0.011775455238892263,0.006639908730722324,"(0.004342438173184254, 0.022623821081645255, 0.012464686504150706, 0.008214943919843965, 0.004909003429283897, 0.020608018295507513, 0.005337104198825914, 0.019111424526297216, 0.006348302813441057, 0.01607896550130312, 0.008286276172347229, 0.012266240999672664, 0.008590681539251284, 0.012237353657055625, 0.0038895931820193946, 0.02820491444596027, 0.013814557177668376, 0.007453726597866183, 0.009504080185104695, 0.011222972377416601)",0.08091810774336863
0.00047902954461559227,0.0008622327700930993,0.0003455991123761507,"(0.0015647451459587316, 0.0004040705847994384, 0.0005116975686082695, 0.00123813392385362, 0.0011863555276736978, 0.0005333536898627821, 0.001072868497102217, 0.0005899491749200912, 0.0009918026945024618, 0.0006382822074213784, 0.0008014591535617371, 0.0007895776231955805, 0.000583568888134934, 0.0010863520708407196, 0.0005150010978662356, 0.0012587517372677633, 0.0005188986658903133, 0.001220318514133025, 0.0005217474269492045, 0.001217721209319787)",-1.1088084770901494
0.0005869371013574533,0.0006076002273847649,0.00015805621024819665,"(0.0006021210797621515, 0.0005760267014597533, 0.000656235873737058, 0.0005287512220929953, 0.0005368144267162174, 0.000646274160082737, 0.000722279799117162, 0.000480364859221849, 0.0006683656288383677, 0.0005191233547091519, 0.0008695332156780979, 0.00039900096613691705, 0.0010303842329531182, 0.00033683246221990283, 0.00047969895023725393, 0.000724628889571994, 0.0006211473601236989, 0.0005586287081367213, 0.000699553494557897, 0.0004962391623422528)",-0.13073276902479297
0.003177715821194036,0.0030961756961054264,0.0004878661613363715,"(0.004060974962614381, 0.002301185874169311, 0.0029935734738418267, 0.0031268946743821043, 0.0024996579095407432, 0.0037429686408675398, 0.0032089487783663008, 0.0029165995546651014, 0.003302791337996668, 0.0028338015833957557, 0.002580109820832908, 0.0036269404573171546, 0.0038144475236763925, 0.0024565975501888316, 0.003043499709662724, 0.0030832776005184593, 0.0036113445291285524, 0.002592602625811264, 0.0031641853168954013, 0.0029631119982371124)",0.16713625897982687
0.0016453495751328,0.001484896048714743,0.00018855785421749253,"(0.0015079719731401658, 0.0014384550424498131, 0.0011897710833910292, 0.0018250414128628074, 0.0014921741475195408, 0.001454732313950285, 0.0014106070955665507, 0.0015391653060424374, 0.001353448439092044, 0.0016042003858193915, 0.0011124554306093434, 0.0019515090943296937, 0.0016126281132998038, 0.0013473571475652905, 0.001427683125026522, 0.0015238104153064216, 0.0015871385825813138, 0.0013682904018886151, 0.0015406392907558793, 0.001410842173097909)",0.8509511687218368
0.0018568228341914036,0.0019880650987789844,0.0003189106879817938,"(0.002002718745923398, 0.0019228495533754122, 0.0019815129325883155, 0.0019463641606297173, 0.002157021767563559, 0.0017871230667419595, 0.00167611348028264, 0.0023005711210254964, 0.0017320946848559682, 0.0022263114881207837, 0.0014156926754867946, 0.0027234107324764544, 0.0018110840651737801, 0.002131470621236937, 0.0019407875770962389, 0.001994822596882488, 0.0020421887268390333, 0.001888823498269846, 0.002587539829677415, 0.0014928006513334467)",-0.41153297626410434
0.002489318632693091,0.0022113921605356798,0.00043467492796830676,"(0.0029500377080487923, 0.0015954270279557492, 0.0024375771908514243, 0.0019339776066442983, 0.00221108718338669, 0.002130836422754795, 0.0021426538057051914, 0.0021995910222844767, 0.002283202928413062, 0.002064316888177727, 0.0022197282903097955, 0.0021229098225693903, 0.002784863919135485, 0.0016943692385047646, 0.0025368678693068352, 0.0018691227675970209, 0.0032292726502569638, 0.0014599803845110116, 0.002366648175934795, 0.0019953723083653307)",0.6393892407285923
0.008038522516181744,0.007042816431926126,0.0017586191671104558,"(0.006791312282908635, 0.006836732212391103, 0.004267810103044708, 0.01093578180848298, 0.008610305785515011, 0.005410215635069015, 0.007819224266623825, 0.00596360608764081, 0.00739317216694974, 0.006308564491151945, 0.005498345347651557, 0.008476961773083356, 0.005526368320115316, 0.008470112662716332, 0.005827490089291387, 0.008165060958035463, 0.005340993439154184, 0.008740856685917273, 0.009568938012062846, 0.00490447651071703)",0.5661863027978015
0.013519986169322262,0.01360388659809219,0.002101515488167052,"(0.01657640137158333, 0.01076301938702238, 0.010256472719942268, 0.01757551103240856, 0.015890600300398253, 0.011301333864296178, 0.010370977854238126, 0.017350999560292117, 0.01236790864024769, 0.014555420721945373, 0.012951463409325872, 0.013881188816446495, 0.01315877030729143, 0.013779213675047586, 0.013012565907779597, 0.01439653889892043, 0.013411548409305854, 0.013448281431123421, 0.01414035096672453, 0.012889164687504303)",-0.03992377369681218
0.004723324859988214,0.005981073976075016,0.0012414472382493076,"(0.005594905180974303, 0.006110082885117022, 0.005845446588246933, 0.005873463001153236, 0.005851041463030679, 0.0058583309822589505, 0.007097431337864878, 0.004833576171181958, 0.006004324889210204, 0.005714583263856186, 0.005169597382681642, 0.006633543192253671, 0.004379772500730615, 0.007857752699269022, 0.004939234662609646, 0.00707384003755632, 0.00564022955747911, 0.00608822084824185, 0.009378004182098791, 0.003678098695685278)",-1.0131313497144534
0.002317076703349028,0.001996697356502339,0.0003289659486415136,"(0.0024938926137551627, 0.0015549893079755872, 0.002281096823865745, 0.0017024973726599692, 0.001989440765822264, 0.001951032674333755, 0.001649695863640464, 0.0023534926218918622, 0.0019301411356527024, 0.002011656680293895, 0.0020569910398174486, 0.0018872456835478065, 0.0022303217352476817, 0.0017426487548091447, 0.0023221300998018004, 0.0016821375040900768, 0.002695122250176538, 0.001441045329322598, 0.002145245942093096, 0.0018131229312491719)",0.9738982048741409
0.0031170878456338283,0.0034632086262425875,0.0005431287763587667,"(0.0035459577052296227, 0.0032950859460353613, 0.0033308549282869996, 0.003513605925834624, 0.0031848019948193477, 0.003671242801289065, 0.004791411366300543, 0.0024408644864477524, 0.0030039571299861996, 0.0038937720373004264, 0.0041278037413788994, 0.0028328293381322243, 0.003529087729853443, 0.0033181901749925313, 0.0030328025565033697, 0.003922914002545673, 0.0027977097287554013, 0.004181777013055525, 0.003421401160544647, 0.003428102757560081)",-0.6372720350580857
0.00014269921212135543,0.00010192286106909404,2.9856994916973202e-05,"(8.174718239672426e-05, 0.00011754930701276368, 0.000128862628564557, 7.457201678152311e-05, 7.715572612227986e-05, 0.00012454420984259895, 8.912682097404702e-05, 0.0001078161208801562, 7.847501260722642e-05, 0.00012245099510581757, 0.00012575796560445403, 7.641094423092059e-05, 7.716631036790996e-05, 0.00012452994158635003, 0.00011197268829715861, 8.587107019706923e-05, 9.521926490264536e-05, 0.00010091822792643044, 0.000186890258956689, 5.14205290245593e-05)",1.3657218740751673
0.19288894914280497,0.19008106901778327,0.006255047905867554,"(0.18105470729129539, 0.19634288665075206, 0.19646087327742365, 0.18371561606015915, 0.18630607643215844, 0.1939238919148394, 0.19151638691703826, 0.1898303257050813, 0.19204210507372688, 0.18961184692443125, 0.19155028034599839, 0.18956738568430564, 0.19027140200912923, 0.19283472679254934, 0.19999999887361142, 0.17310903201953476, 0.18836441845624854, 0.19301647429680693, 0.1841106398807588, 0.19799230574981672)",0.4488982606172792
0.02071436109810893,0.021314152874091136,0.011833291817197332,"(0.025234718081810225, 0.014460736397196191, 0.01290545093776059, 0.02647216939330494, 0.0065931122351645995, 0.047451811390761704, 0.0227215433180468, 0.015126810698839812, 0.02329007769573032, 0.015122040172210766, 0.028504908172618623, 0.012639011319726617, 0.009629821832191538, 0.03432521609393598, 0.0468353274098925, 0.00750462631224766, 0.018014268371129925, 0.01986750825815721, 0.009160984542928734, 0.030422914848167948)",-0.05068680678613254
0.014586335288726604,0.012643821127603158,0.005980045607937218,"(0.008284872076414648, 0.01680855527458239, 0.00861557278663942, 0.014846978929293904, 0.021910249624211762, 0.005230061058472441, 0.006437062095112402, 0.0200364956624869, 0.014791582713853094, 0.008993697433186332, 0.010705747291127676, 0.012814449401821703, 0.02293640342807593, 0.005355088400125609, 0.00838323745606459, 0.015867306114712248, 0.016202247346277215, 0.008390112986795956, 0.004546668020809088, 0.0217200344519999)",0.3248326665845454
0.006323339351467798,0.01035688046616881,0.004860075181933888,"(0.010106643893729804, 0.009568704982203673, 0.01638584674447844, 0.0054365272438673005, 0.00893016709575661, 0.009002007584932477, 0.010143763606998236, 0.008856612529235494, 0.012153430307290257, 0.007612882339678991, 0.006578815162510833, 0.014512071603790172, 0.012641068352655783, 0.006789830816968497, 0.009905734768093373, 0.009364603685303388, 0.006779340631739247, 0.01394962658726922, 0.025711086568927927, 0.002708844817946467)",-0.8299338927296209
0.0016295777842208375,0.0009210975925001328,0.000657526025607381,"(0.0013947235206677863, 0.00041851040651759685, 0.00018583174624628958, 0.0031321318739093626, 0.0007472033038600714, 0.0007770088498835778, 0.0005619622024247572, 0.0010361669119769473, 0.0010298459463459583, 0.0005659178386678225, 0.0005734856888118313, 0.001017774861039412, 0.0006936202449194487, 0.0008385585923824376, 0.0010464669863657627, 0.0005573437366397983, 0.0002932052915937036, 0.001989715046260735, 0.0006009893205800949, 0.0009614894809092618)",1.0774937631803325
0.0006303863494798197,0.0006047590436657824,0.00015514326844665214,"(0.0005357117839104706, 0.000642156150168923, 0.00043714169152484715, 0.0007863495996054337, 0.0007263512932487244, 0.00047287332464281015, 0.0006282137239366882, 0.0005472335702084577, 0.0003807605450356394, 0.0009031068455591248, 0.0005515675452345356, 0.0006236634344471407, 0.0003811971208592143, 0.0009015237623296833, 0.00043011036964013956, 0.0007995972661986445, 0.0005740697016251116, 0.0005991478499444635, 0.0005449646455622505, 0.0006294406496333476)",0.16518477450312002
0.003007079070388668,0.0031120126279423014,0.0007996738509229221,"(0.003381886267261189, 0.002717011856963411, 0.0036586643251455453, 0.002501652489540779, 0.0023709108422746952, 0.003841027501835735, 0.0057568851917360235, 0.0015904845290989169, 0.0027245349711979, 0.0033654433781431185, 0.0028564068987552782, 0.003214679219375557, 0.003248939450947876, 0.002811925380931057, 0.0026960186839834043, 0.003401115303186536, 0.002855783380498843, 0.0032140042683051536, 0.002783232021823301, 0.003249646597841701)",-0.13122044372531
0.0015442430332046776,0.0014746901550190812,0.0001871844477345583,"(0.0012563861622174844, 0.0017087569923274063, 0.0013935962658198698, 0.0015371059243419096, 0.001647443341660677, 0.001296755845358087, 0.0014474179188333721, 0.0014803005141126935, 0.001577941080919631, 0.0013589201438541849, 0.001423561040363231, 0.001507614483862265, 0.0012377710856196554, 0.0017289495932287337, 0.0012569558955029944, 0.0017061527296094016, 0.0014682606074496527, 0.0014613234862601494, 0.0011531932424926755, 0.0018453967465475439)",0.37157402245419235
0.0014784943945603793,0.0019641174331169343,0.0003021399876754543,"(0.0021542554615008426, 0.001757229199465466, 0.0018777134767137018, 0.0020100306094166173, 0.002028047325870424, 0.001854728570789704, 0.0013775275617252357, 0.0027408273047580824, 0.0018770681699595115, 0.002013480575491932, 0.00165489677560267, 0.0022867221829509995, 0.0020335497047669787, 0.0018538411310860708, 0.0015443927516056715, 0.002448011470853232, 0.0020530636415451026, 0.0018425008282725193, 0.002040618250757919, 0.0018338436692060026)",-1.6072782761816693
0.0020893977576068143,0.002225038318772471,0.0006164144480919478,"(0.00149833036017856, 0.0030865813499365994, 0.002311643030238803, 0.0019945803518697093, 0.0017980750484138776, 0.002556024223171169, 0.0037855804203773677, 0.001218434276297361, 0.0016595035142672298, 0.0027822557831655233, 0.0018962718385759061, 0.0024382607428373305, 0.00179114026127027, 0.00257148855500976, 0.0019439234784371024, 0.002376335305483954, 0.002357013489373234, 0.001960769186652509, 0.0015791115862179008, 0.0028954435736752585)",-0.2200476669317521
0.0056860041969094615,0.006880474287732075,0.0016699036702673665,"(0.006840660280581378, 0.006616326538468755, 0.005774318122664004, 0.007764428968369581, 0.00766835043764295, 0.005788492666757125, 0.007512202651867199, 0.005975215426090108, 0.010512779323302657, 0.004283285063594153, 0.006518398513137921, 0.006938409021022048, 0.006014282283989148, 0.0074304059983763575, 0.007525786508890571, 0.005992746019017653, 0.008092698321359688, 0.005580865707140537, 0.010696478644632997, 0.004083355257736638)",-0.7152928112502253
0.013443652547226445,0.012632509369919588,0.0019763224412941956,"(0.011537102434600696, 0.013764596710491407, 0.013400215224368392, 0.01164482055915084, 0.010887539174042777, 0.014068438364431281, 0.008667090367561844, 0.01804336213105239, 0.012943393758764098, 0.012153255642848953, 0.01288930789030987, 0.012303912808689579, 0.013660247506929454, 0.011354192265565693, 0.014499167931656561, 0.010880720936038512, 0.01290160404701192, 0.01226046111465291, 0.010160545433436707, 0.014630213096787876)",0.4104305857983779
0.006605371849471001,0.005791444550884496,0.000802156884362746,"(0.005066581392513807, 0.006552619735478076, 0.006541197414809758, 0.005035623621264867, 0.006395110490451128, 0.005108880766784462, 0.0054144303339939, 0.006089637126079291, 0.005721659904404105, 0.005777723411844663, 0.0060443814938834, 0.005489690704690189, 0.004372723589657833, 0.007513225411148235, 0.005552639484789761, 0.005962131640585177, 0.005507021367933817, 0.006018189632582574, 0.0071681550137006455, 0.004497268481094216)",1.014673456593357
0.002158458313580182,0.0020310013191346026,0.000580471269268611,"(0.0018884180375110073, 0.0020301513510813498, 0.0019272885367233252, 0.0019840615922877254, 0.001658323501151473, 0.002299625344528155, 0.0020106792556776856, 0.0019023939969783831, 0.00109104554751958, 0.0035089326746148663, 0.002502150940585764, 0.001531907596057303, 0.002681847885861249, 0.001424585272084363, 0.001495166425818669, 0.0025616808895383082, 0.002707055962386876, 0.0014154046918477268, 0.0015503374536202264, 0.00244896942681801)",0.21957502669541976
0.0027540341901567725,0.0034730518373448913,0.0005226180634708274,"(0.003651306399389774, 0.0032410834646216286, 0.0036932354931992852, 0.0031969648482091943, 0.0029903059027204175, 0.003940332016535744, 0.004484749292282331, 0.002633583631074111, 0.0035735627153528063, 0.0033074882629827787, 0.003736848783318967, 0.0031667395629434276, 0.0025380000579442825, 0.004649424683997021, 0.0034032409337341825, 0.003475051917076819, 0.0037361770104338515, 0.003166080132939124, 0.003729717032781546, 0.0031471446053605405)",-1.3757994555583408
0.0001327258001825052,0.00010141512957544039,2.7875734588208614e-05,"(0.00018588099719941603, 5.1732331326072154e-05, 9.228169928673126e-05, 0.00010420200328127176, 7.598804886865055e-05, 0.00012654433214922897, 8.578163954452766e-05, 0.00011209810820729951, 8.426578974613807e-05, 0.00011411506472113343, 0.00011770868629905905, 8.16937209676384e-05, 0.00011621548015120338, 8.274219342616747e-05, 0.00011141849558113969, 8.630549275782289e-05, 0.00012624634184756105, 7.616884240216438e-05, 8.962174439162376e-05, 0.00010729157935395824)",1.1232231569714104
0.05801158907312962,0.05527497941810048,0.002718823267024844,"(0.058003798973867385, 0.05300915100531803, 0.054277147641582674, 0.055198298628404335, 0.05741066167439083, 0.0537237137096795, 0.05596244601930103, 0.054330180674022156, 0.0499595547117273, 0.06102843096035407, 0.05421736820656608, 0.057219593093556266, 0.0546447718967942, 0.05632139451324203, 0.05257854094968067, 0.05818027473176575, 0.05483367383845405, 0.056083250110607774, 0.050248700059807805, 0.05826863696288778)",1.0065419434282545
0.023091509572952248,0.017033291832274543,0.006891679626553278,"(0.01926567567122923, 0.012593624058382583, 0.020442204225454876, 0.012038546958306865, 0.007296526737793428, 0.034150484874401574, 0.01480997419148111, 0.01733172196965587, 0.01043099829144315, 0.02455127510951999, 0.017462695779082518, 0.014552645482043136, 0.022652690257131708, 0.01111320764234764, 0.01351374854493843, 0.017371877641961037, 0.009753529295573552, 0.02558466134586557, 0.0260967864464973, 0.009652962122381302)",0.879062589812752
0.01865591928106169,0.0131990144749574,0.005917945202651734,"(0.0242148559956038, 0.00567996239353443, 0.007488073394002575, 0.018752548048023534, 0.010691852961919986, 0.013377458289678457, 0.006129587524754484, 0.02438583142606757, 0.010142771608815881, 0.014680717309461948, 0.016505589665487017, 0.008920819255290688, 0.02003829867433283, 0.007246560492493168, 0.006742420932064506, 0.019426826362759848, 0.009402030902266234, 0.015243214509417406, 0.009334241629928403, 0.015576628123245227)",0.9220945140991069
0.012557999988177195,0.010367626908878427,0.0045768848372327855,"(0.010646570408241414, 0.008136241924787598, 0.018307744929187873, 0.004821292356665099, 0.007668960834667188, 0.011706691560548616, 0.008849814077061638, 0.01056865008048871, 0.012154411839453672, 0.007663842073466767, 0.009910071986518299, 0.009304872046410947, 0.012021952169233035, 0.007572630425355456, 0.02163117401170591, 0.0038275353290310827, 0.012592665203458952, 0.007141455211665617, 0.017663977504641073, 0.005161984204979567)",0.4785729065062257
0.0008174235351544233,0.0009152880913872266,0.00046428853149362503,"(0.001242585359721384, 0.0005236400964978603, 0.0004161281850017128, 0.0015644101504185875, 0.001217145692590392, 0.0005351655994969173, 0.0006522749689339547, 0.0010001409297607795, 0.0016068273102850515, 0.000405873535842821, 0.0012133618011785608, 0.0005373537490268786, 0.0019350197885345062, 0.0003367883694869711, 0.0006190582632203322, 0.0010492734112327157, 0.0013447578630546545, 0.0004843793047849516, 0.0007363021405333536, 0.0008852753081421458)",-0.21078391903838564
0.0007674239461733561,0.0005977841150586016,0.0001202455660506364,"(0.0005974198737686611, 0.0005761292279371633, 0.0006271268893142305, 0.0005489294701539042, 0.0006808892930725218, 0.0005056718944647341, 0.0005917281770070744, 0.0005821151946944525, 0.0006075211300011914, 0.0005669422290122928, 0.0004711791952051879, 0.0007309306644342864, 0.0009266697648467344, 0.00037160452869111654, 0.00044072270619166894, 0.0007806054449592511, 0.0005726052866375225, 0.0006013027640962022, 0.0005541262353881652, 0.0006214623312956716)",1.410778265564634
0.0032166515970798518,0.0031197428594168636,0.0007024720250990008,"(0.004272988723882746, 0.002166332627005667, 0.004088630879659978, 0.0022660257582437257, 0.0030856279557221295, 0.0030049871793817262, 0.002589291818034875, 0.003587799285165684, 0.0037075366621910663, 0.002505247998497106, 0.0037285902843148568, 0.002489906314968947, 0.0033091916258829583, 0.0028037950026082595, 0.002811914911306852, 0.0032850600001887308, 0.002461239568409711, 0.0037676391889256474, 0.004310380812105063, 0.0021526705918415334)",0.13795387460351977
0.0015962893276660148,0.001480707283542952,0.00020499837061457453,"(0.0016722921638404292, 0.0012860616473797778, 0.0014626034192102674, 0.001471199693729721, 0.0016989041279168093, 0.0012671690619603924, 0.0017523945743397925, 0.0012298995471703245, 0.0017774064274592588, 0.0012124400944118572, 0.0013607843399745263, 0.001583206291404682, 0.0012223080692463472, 0.0017619404151711403, 0.0014335689521242064, 0.0014983277264301815, 0.0012174981632924072, 0.001768292205061308, 0.0014057429892746305, 0.0015321057614609821)",0.5638193307417702
0.0018958726292945774,0.0020014474534038006,0.0004221264769620373,"(0.002615164150993864, 0.0014670300303674959, 0.002800049454366324, 0.0013711027485115023, 0.002503965640106731, 0.0015342304542451876, 0.001869189908402594, 0.002058569091453018, 0.0013647519676697696, 0.00281884245163997, 0.001992811855291665, 0.0019297461299956167, 0.0018711329163715598, 0.0020542217982335307, 0.0021423844629005, 0.0017876169289841, 0.0019838745572443414, 0.0019365343908493216, 0.0018514572795627427, 0.0020762728508861793)",-0.2501023505301651
0.001887644709661789,0.0021857972359348057,0.00046002815158769055,"(0.0021872261431953696, 0.0020927357371696527, 0.002786152770848118, 0.0016439598925483282, 0.0020897486859941298, 0.00219325071056256, 0.0016578841165985712, 0.002769160695679372, 0.002042219372853476, 0.002247430189680332, 0.0022242819675706927, 0.0020627533811106826, 0.002465797848544389, 0.001859778229595488, 0.002376721708460579, 0.0019224038824029116, 0.0016555598320957183, 0.002768550429934374, 0.003266025415343921, 0.0014043037085074532)",-0.6481180015701343
0.009216600535622147,0.0068178180075446895,0.0014755723719594113,"(0.004654811787828578, 0.009513475435513199, 0.007157161402942067, 0.006199861881177282, 0.006797870295765045, 0.006540790804016655, 0.00881603486836765, 0.005069309114472367, 0.005978142462584385, 0.007469645190368257, 0.0052487839804976075, 0.008498545021338292, 0.006437959771231891, 0.006918023287040577, 0.006772661541968875, 0.0065022374535316126, 0.009497864453815202, 0.004681890943406579, 0.008100923390475741, 0.005500367064551926)",1.62566240305253
0.012071165750224365,0.012600019212210836,0.0016344625242961338,"(0.009962925521068316, 0.015561080816916935, 0.011903078612073785, 0.013074085501326379, 0.012148930463502607, 0.01285802505634604, 0.011647278404009942, 0.01354022595600135, 0.013822519460482336, 0.011391991111200667, 0.010614432964150367, 0.01480562136666625, 0.010510605835219806, 0.014908728884624783, 0.01055411688674603, 0.014537621408247615, 0.012504316451283557, 0.012494954539368771, 0.011387103081527886, 0.013772741923453295)",-0.3235641405814531
0.005256440012746037,0.005764186813290217,0.001117389878232283,"(0.004486110683372782, 0.007121738832862224, 0.00628459895731949, 0.0050922090418487305, 0.0040349816840199604, 0.007944704992270622, 0.00457810560816327, 0.007032272960652408, 0.005444172536977531, 0.005909368894261404, 0.007101091962943549, 0.004526542367090817, 0.007223396164554491, 0.004444123884094245, 0.005061091922084806, 0.0062832188870399095, 0.005189929837230086, 0.0061771909003156805, 0.0059656306438672, 0.0053832555048351416)",-0.4544043314115558
0.0023965422919396163,0.001984806361921406,0.0003465009360227295,"(0.001341736182708577, 0.002850183952284992, 0.00217100369457004, 0.0017624807509353264, 0.002074662718935156, 0.0018453750135746085, 0.002109439849973623, 0.0018175672796270123, 0.0017491645563446963, 0.0021914103768654798, 0.0020482593410678642, 0.0018708591488022178, 0.001629666919861706, 0.002350377785892376, 0.0016990288120515636, 0.0022472817445468194, 0.0015474740693563129, 0.0024741159509234466, 0.0020127553292384505, 0.0019032837608678604)",1.1882678723592297
0.0035787561611452284,0.0034644181268845154,0.0005244320812720773,"(0.0032854020922442988, 0.0035733923247670612, 0.0035380605400579176, 0.0033196589961874347, 0.004983052183433981, 0.002358192553320774, 0.0034850223858453387, 0.00337623332560187, 0.0034310311138032587, 0.003428479916090343, 0.003108898374620956, 0.0037828931779370274, 0.0032187231796010174, 0.0036523430866432904, 0.002742121332532599, 0.004275206195064639, 0.0035883360238551467, 0.003274777439346007, 0.003261795085422955, 0.003604743211314383)",0.21802257783957738
8.043891403704045e-05,9.985489424010168e-05,1.961726161887083e-05,"(9.972389496327201e-05, 9.642655095851625e-05, 0.00011047923072142247, 8.703941868776719e-05, 0.00013685799415151452, 7.026314218971451e-05, 8.719095498716122e-05, 0.00011028823759772787, 8.971162128499344e-05, 0.00010718931636248157, 8.072990537511793e-05, 0.00011911474956003813, 8.772356563348325e-05, 0.00010961813971121969, 0.00010325440962744729, 9.312863762648452e-05, 0.00014283586273523575, 6.732252219851093e-05, 0.0001134063666000658, 8.479336382985945e-05)",-0.9897395763119163
0.11483601555771156,0.11940024823927736,0.0029249834487794476,"(0.11713828653718601, 0.12214003218401843, 0.11478411246810812, 0.12383972604390747, 0.12094336458403027, 0.11778320078071336, 0.1218749768514824, 0.11671885807193588, 0.1214420834583948, 0.11809075698736671, 0.11768519604415849, 0.12285385199084914, 0.11810328011026612, 0.1208030275891864, 0.12057534501692542, 0.11532995323993317, 0.11970699420133124, 0.11869850806895546, 0.11487705530343323, 0.12461635525336473)",-1.5604302593474135
0.024723227224396814,0.024300616942113412,0.01656473095886928,"(0.022175627875066342, 0.019951754032576194, 0.01022681991396431, 0.037529867334986054, 0.012475710210434098, 0.03481916832350669, 0.08159746899783456, 0.004614080287212921, 0.018927919313988593, 0.022711541817490726, 0.011968534668116034, 0.034067709009104184, 0.010665149774460378, 0.036818052913495505, 0.026910234257704276, 0.015335648885898013, 0.013108102084478825, 0.03016907977699986, 0.019328723674473507, 0.022611145690477213)",0.02551265597568447
0.01959727871782781,0.02179749004031042,0.007837965014256175,"(0.028369216219275937, 0.016735391367859856, 0.02917490420874329, 0.012807782033841182, 0.025462771083485904, 0.018070160171797956, 0.03176369495400329, 0.011388453591854693, 0.03175806056592032, 0.014237170529844008, 0.016863409554779572, 0.024504819872182663, 0.018078345871713798, 0.021475977245160163, 0.010967855859541546, 0.03848666228032999, 0.01477082854437474, 0.02658217721661271, 0.016852021963602495, 0.027600097671284334)",-0.28071206218460154
0.02643250819541471,0.013658689908373553,0.005450921851406388,"(0.010177544518864863, 0.01749647468139022, 0.011370504083710717, 0.012901004035779172, 0.01204128810528011, 0.014411888699877912, 0.00793241071002364, 0.01801244256594218, 0.017769445243336863, 0.009629881252748843, 0.012121107301608359, 0.013113805793156855, 0.018236777379671505, 0.00829573322614759, 0.019301561050309373, 0.008386136635504936, 0.028174391128151885, 0.005415265837186246, 0.009066205383126486, 0.01931993053565331)",2.3434234860192302
0.0012536457081380077,0.0008847798343829006,0.0004113031176349216,"(0.0007409612014150757, 0.0008830893224133197, 0.0006045428034596811, 0.0010769369030989968, 0.0004575092697553566, 0.0014291022240526306, 0.0010218429238637151, 0.0006366813946347762, 0.0021375011234298163, 0.00030577509739937366, 0.0007612799265336096, 0.0008566542271457487, 0.0009399648086002689, 0.0006931783871028499, 0.0014480321930548635, 0.00045073339308346214, 0.0009285633052154497, 0.0007017117162925517, 0.0007537062486401047, 0.0008678302184663549)",0.8968224599807619
0.00066607245409328,0.0006051563976723979,0.00014784579498045068,"(0.0007791781301647655, 0.0004445465550164383, 0.0005842414855936852, 0.000592050324026402, 0.0007282253344295176, 0.0004755541411796712, 0.0005031864232238174, 0.0006872859289138381, 0.0007160677349541388, 0.00048358137955677085, 0.000520530629290029, 0.0006648569406928933, 0.0005190190549210776, 0.000666594115727831, 0.0008891063757701751, 0.0003893126722774813, 0.0005430995206109837, 0.0006370579243671511, 0.00038877300081772216, 0.0008908602819135674)",0.41202427454184215
0.002786059233916629,0.003127145954306953,0.0006882015802184503,"(0.002970858083377447, 0.0031560955648454606, 0.00479676850651431, 0.001942214267281086, 0.0036812659871617924, 0.002544892926580995, 0.004001216968910885, 0.0023263569126879234, 0.0035131674880108602, 0.00266541398275266, 0.0028818029634998335, 0.0032415373383071406, 0.003404457568421513, 0.002739322977303431, 0.0032422295168742683, 0.0028828382150325317, 0.002485716588457146, 0.003752921407930803, 0.002385563871934773, 0.00392827795025419)",-0.4956203679190265
0.0017939840045490681,0.001492408021341161,0.0002038645596794556,"(0.0011207260992213723, 0.001956810455519518, 0.0014804754413830358, 0.0014756817464335163, 0.0015884325783991303, 0.0013799285128635991, 0.0019033796294239307, 0.0011472113826147534, 0.0016963914153103779, 0.0012917549916214863, 0.0015453209238185323, 0.001415963278886041, 0.0014499278699740246, 0.001507682502478798, 0.0015537772588144956, 0.0014087808822779101, 0.0015863917816896433, 0.0013782041889076153, 0.0014838964332824986, 0.0014774230539029395)",1.4792957818763943
0.002209533622894034,0.0020076705720321747,0.00036291710129164487,"(0.001750351346667471, 0.0022393576275300973, 0.0025622008634659126, 0.001521693793136972, 0.002173928700015804, 0.001801694970399553, 0.0028550969959168183, 0.0013645903625722022, 0.002397854858554685, 0.0016328260513123606, 0.0017396348663073968, 0.0022459064440391867, 0.0019915333543405896, 0.001959366053104129, 0.0018000459096391233, 0.0021717986868576037, 0.002211422679204917, 0.0017648522081550213, 0.0018403749117568507, 0.002128880757666802)",0.5562235842384283
0.0020996748301170256,0.0022263480336868055,0.0005297690326571467,"(0.0029362392907938406, 0.0016057375612817263, 0.002084950104130864, 0.0022490892431183125, 0.002214416984579198, 0.0021274793392539936, 0.0035277176013339398, 0.0013282473068543558, 0.0027502264947108436, 0.0017123427657034663, 0.0016680659639820693, 0.0028169678795953806, 0.0019470219783769157, 0.0024104605774874434, 0.0018821775210024177, 0.002498189861426363, 0.001851099246729221, 0.002535723612142865, 0.002482147893901194, 0.001898659447331692)",-0.23911024571298337
0.007271112372472617,0.00723859701695294,0.001614624370379013,"(0.004954878453635351, 0.010188572193989063, 0.0059555820063068214, 0.008333161979285209, 0.00634671130500433, 0.007934588639790508, 0.0077791865531846765, 0.0063645082125603865, 0.006760024458368016, 0.0074405676532670086, 0.004535858410280514, 0.0110119340273584, 0.006708359009019814, 0.007417759751984374, 0.008829489130092525, 0.005669027587110867, 0.005925224865969578, 0.008401751805742663, 0.007425517233013965, 0.006789237063094752)",0.020138030935358632
0.014818031374452144,0.013814233598157175,0.002274287197404449,"(0.014081279083119486, 0.013451900670820532, 0.013990391340628827, 0.013088462347133277, 0.010068291678860608, 0.018721531318106083, 0.01097880357510311, 0.01660008152731707, 0.011871598498691039, 0.01584011793010605, 0.01130462246433884, 0.01640586247560152, 0.014789416498801838, 0.012446848068166115, 0.016758979622057774, 0.01111303982590449, 0.013851478958724815, 0.013300985157076424, 0.015162222190831619, 0.01245875873175393)",0.4413680811467266
0.0048634408729906105,0.006036044663815809,0.0009961272441964704,"(0.005330875023478052, 0.006713934785094118, 0.006527734126201817, 0.005403860831442099, 0.006418928747504349, 0.005564103047968136, 0.004754437090359426, 0.007404307853032782, 0.006672492090621158, 0.005347227931709233, 0.0041683269083978266, 0.008508693322889508, 0.006365298679410509, 0.005554308163678184, 0.006628376207872537, 0.005360615623023201, 0.005159171721746163, 0.006855191225409774, 0.006377254798653947, 0.0056057550978233514)",-1.1771626543264393
0.0011764570008168367,0.0019847658164559453,0.0002523380693083234,"(0.0020745910887580363, 0.0018747737183720356, 0.0018754338134507555, 0.00206404893902476, 0.0016914932390675874, 0.0022977927420375615, 0.0021562533693400754, 0.0017940452145192613, 0.0018909265094756368, 0.002054767062076419, 0.0021288898011244755, 0.0018215296181129978, 0.002047784021850883, 0.001891725378790757, 0.0023849475847096727, 0.0016269439362379577, 0.001763981915424876, 0.002196323906771864, 0.002510254836323717, 0.0015488096336495742)",-3.2032773249583006
0.0037440305538158354,0.003521549795224902,0.0006374785932171785,"(0.0032218226011507473, 0.0037442638124772377, 0.0053951083518345, 0.002226487155592979, 0.003968962836453549, 0.0030374317235472388, 0.0034872050889019706, 0.003442537461915813, 0.0032139124272790114, 0.0037498984152691244, 0.0038465900799412173, 0.003127300549572283, 0.004413403522739854, 0.0027235374930028398, 0.003363611013534967, 0.003578736166335501, 0.003318366353674029, 0.003622405570224044, 0.003355902780799062, 0.0035935125002520647)",0.3490011444433519
0.00010452222922363412,9.998860226777305e-05,2.0144954801464288e-05,"(9.882218216907108e-05, 9.735593625643283e-05, 0.00010913197601409438, 8.815658325332292e-05, 0.00010607659738621345, 9.069761553606196e-05, 0.00014217217949929063, 6.766920515792894e-05, 0.00011462282993774394, 8.393506219118267e-05, 0.00010066712354694143, 9.5570239532747e-05, 0.00011315613963528284, 8.502181074431444e-05, 7.979854345535621e-05, 0.0001205637883133619, 7.704898106079011e-05, 0.00012486523014292828, 0.0001309953107444986, 7.344471077789746e-05)",0.22505024213464744
0.11043990080284016,0.11135010400639123,0.005999051927186868,"(0.11432706486514306, 0.10977219886169683, 0.10874293280706954, 0.11168068937673414, 0.11676140607009709, 0.10757155691150953, 0.10321047874012622, 0.11852293400543726, 0.10605668911836885, 0.11708722605756311, 0.12515912101360369, 0.0978665651945229, 0.11074115416984434, 0.11091072120707737, 0.11203640517865104, 0.11068486157514992, 0.1134155581518648, 0.10801378265988376, 0.1173410935412413, 0.10709964062223941)",-0.15172450823873504
0.01301543242866934,0.015562933024039853,0.005791855104330434,"(0.019612426094807015, 0.011108166105203165, 0.020301722018598367, 0.01093979542495676, 0.011106914084459121, 0.017512148208412258, 0.008933154266918979, 0.023674556354272177, 0.0134841616176956, 0.016506534192149837, 0.021506515866505233, 0.010522765064975594, 0.0061603165062638, 0.028797249205366773, 0.017501129739745117, 0.012468750955635306, 0.016257386477586674, 0.013008739767862527, 0.02200200914237567, 0.009854219387006993)",-0.43984190720962724
0.0160769925383631,0.015972411281924292,0.00593590014814568,"(0.010830490403041173, 0.021510773342130095, 0.009455511624455466, 0.02580982938815219, 0.006722138655888764, 0.028412957046944666, 0.022280085997612855, 0.010031768673020455, 0.016709188508688883, 0.014779164927730236, 0.015436855776100721, 0.016158838839914084, 0.017363229690727417, 0.009331979723795143, 0.018492531620031463, 0.012819035808734839, 0.0230672512740484, 0.009770500157386315, 0.013970810069213606, 0.016495284110869028)",0.017618432559293865
0.01161216650323625,0.009138113465666153,0.0033346036595742305,"(0.007220606256437093, 0.010379712195059225, 0.011386474946606027, 0.006877735053515615, 0.013243446259507114, 0.004905614254200717, 0.008861618601024406, 0.008273114965358343, 0.007340551845375556, 0.010819456960151397, 0.01191417379034636, 0.006639754492939215, 0.012618266297989303, 0.004552687451046391, 0.006213388440563273, 0.012359745317503446, 0.00540686392063729, 0.013712719679572688, 0.015108430198034546, 0.004927908387455052)",0.7419331621215786
0.0009957234293068893,0.0009936212592814462,0.0005194014675075368,"(0.0011045022541829653, 0.000676951847444142, 0.0014254266472845298, 0.0005393306284491142, 0.0006046373206148724, 0.0012688810454826128, 0.00032145486976003563, 0.002389184804671162, 0.0012947498827173397, 0.000596237421053885, 0.00043332149250609517, 0.0017724964478362233, 0.0013397364594383196, 0.0005713097158700443, 0.0005997971118039072, 0.0012856836682305405, 0.0007241880351804634, 0.0010638723375680872, 0.0006136045598884557, 0.001247058635646129)",0.0040472931960142695
0.0005180791400659722,0.0005930945945615495,4.9130819045364434e-05,"(0.0006824159424002173, 0.0005115465461859843, 0.0005860589408186501, 0.0005966867027998528, 0.0005424126938307628, 0.0006438576818052512, 0.0005794301451669407, 0.0006032324882449016, 0.0005561791084546311, 0.0006290150175205965, 0.0006916180682266197, 0.0005055458532994703, 0.000607293732221802, 0.0005745695397391048, 0.0006327774068005442, 0.0005526876281290722, 0.0006124885465199516, 0.0005708767299035754, 0.0005682980431349086, 0.0006149010760281505)",-1.5268512911684313
0.002461691851465338,0.003175183567353128,0.0006247263755138319,"(0.003599227770656766, 0.0027040936876880006, 0.0026753653316941243, 0.0036438512183635755, 0.0040947534676214915, 0.0023603359633127476, 0.003349537378081139, 0.002901466006824969, 0.004326922666714216, 0.0022539677042752912, 0.003078679970970272, 0.003168906134805733, 0.002453060295443429, 0.003917275113256226, 0.0023761811580704914, 0.004098470455888429, 0.0030198100254238956, 0.0032192336002310022, 0.0034067725648595153, 0.0028557608328812437)",-1.1420867500606953
0.0015153799582229028,0.0014993967115437756,0.00030070697038888115,"(0.002262289090340392, 0.0009576722970238887, 0.0015524631051634552, 0.0013974071789883645, 0.00161326428554663, 0.0013384289582425923, 0.001642266362988301, 0.001318817442663155, 0.0017258279380466606, 0.001257608144961649, 0.0012869302238511415, 0.0016859737072980414, 0.0016447933629776975, 0.0013087513679794127, 0.001673994316396782, 0.0012953939990798533, 0.0011035878093003974, 0.0019632963543166158, 0.0013286567144249438, 0.0016305115712855406)",0.05315223208313836
0.0018164922436581066,0.001996833625997895,0.00033988109415248246,"(0.0017577368657654912, 0.0022059392413012386, 0.0019152677483698678, 0.0020307821149963007, 0.0015055874305287403, 0.002568130975621624, 0.0017424440687381026, 0.002227615080190401, 0.0017363203725916827, 0.0022423576492328263, 0.002235008729176367, 0.0017399441955422558, 0.0013655965245175272, 0.0028206062484198205, 0.002144317612858248, 0.0018133902104150745, 0.0018875184210559906, 0.0020581655432262815, 0.0019694444074498402, 0.001970499079960214)",-0.5306013939653877
0.002705629276116425,0.002261815699743212,0.0006032357021139802,"(0.0024315799847562823, 0.0019620162645495438, 0.002296405127351185, 0.0020888102716770545, 0.0015889595017058932, 0.003002547453408158, 0.0022884323809098882, 0.002092109698425473, 0.0027075869100800258, 0.0017742209805459534, 0.0033559176321271166, 0.0014286902335042717, 0.0035817514083245215, 0.0013273024402870883, 0.002324257692054489, 0.0020641285606452483, 0.0026409310584367524, 0.0018150922683583084, 0.0017844006989241215, 0.0026811734287928717)",0.7357216670331547
0.007275093304347204,0.007415450561222123,0.0018152429653990332,"(0.00696366545544645, 0.007375538721683068, 0.007553281478143679, 0.006956584174415715, 0.007854067739737208, 0.0065709177644625, 0.004082851641395585, 0.012787841431256077, 0.006425517778888315, 0.00822490254156456, 0.0063736089098829244, 0.008228856448879857, 0.010198295540287854, 0.0050004086268911835, 0.007902137525948217, 0.006657589918147534, 0.006341335273628816, 0.008272632247006242, 0.0063761390775246415, 0.008162838929252028)",-0.0773214713128305
0.013289236451794072,0.021153541552107736,0.004764634495793559,"(0.015240101265395298, 0.02665643765635193, 0.0189768461443698, 0.022940472189358206, 0.021836724402706297, 0.019076364640738856, 0.028209674949153662, 0.015190481415698337, 0.021532447800940865, 0.020551430806416256, 0.016483218144700735, 0.02627060825629375, 0.015996028052767647, 0.02527866935276727, 0.02350364139574465, 0.018610416716370506, 0.027086448508190815, 0.016033264149275632, 0.0146691191132224, 0.028928436081691756)",-1.6505578984613904
0.005328873023214107,0.006389124312173578,0.0012098540471678645,"(0.00517651734120566, 0.007485785430030658, 0.005009974084675436, 0.00792625617732487, 0.0058644369581420264, 0.006692350144011697, 0.005298505089149639, 0.007462664761072155, 0.006211734171698691, 0.006426837620800694, 0.009152956630385234, 0.004331126425262472, 0.007656500086344173, 0.0050843635800637, 0.005242499201805799, 0.007590137851504579, 0.0060346830083384375, 0.006580443633667448, 0.006322314158077263, 0.006232399889910867)",-0.8763464414913541
0.0017779274994677802,0.002111496974353662,0.0005417469218413098,"(0.0011973733190650429, 0.003489458784743217, 0.0013741692979144919, 0.0030603100207404425, 0.0018028866481785643, 0.002322897514960963, 0.0021194697158636883, 0.001981213814914797, 0.002623956537167349, 0.0016051561946440124, 0.001976875209497294, 0.002126223303644384, 0.0021577103566793065, 0.0019354705739245003, 0.002054218102972766, 0.0020481028388456522, 0.0020068184656100514, 0.0020950588781868352, 0.0026970810762336895, 0.001555488833286186)",-0.6157293404679317
0.0021447389131883736,0.0038265260819322286,0.0007720851622023831,"(0.004978856868409405, 0.0027756065288895688, 0.0030983182957821957, 0.0045575952976743975, 0.0044819856083335935, 0.0031440948184701598, 0.00391262822689833, 0.003605678486625018, 0.0029272966574913723, 0.004839935135169863, 0.0032363117566988147, 0.004359839818590726, 0.003646326351202262, 0.00385645366733194, 0.0032354113509809666, 0.0043748394138976385, 0.0034528580754700274, 0.004096194069978551, 0.0026580888782919095, 0.005292202332457835)",-2.178240498686097
9.232091901243467e-05,0.00010131181233207089,2.6550950871053067e-05,"(0.00010914473233778149, 8.842309929013902e-05, 9.726935978242206e-05, 9.929320125201921e-05, 6.331702512842124e-05, 0.00015254428085837522, 9.896410382204964e-05, 9.759370698605528e-05, 8.406269473536098e-05, 0.00011490283076741372, 0.00011103488757057438, 8.698253814077947e-05, 0.00017754658888538755, 5.440056417612966e-05, 9.600344474132184e-05, 0.00010061118494069952, 9.036026850922295e-05, 0.00010689309783764839, 9.262241535069588e-05, 0.00010426622152892016)",-0.33862792196412295
0.016460229770452195,0.0066359940713510805,0.003951058916843795,"(0.01383887594091547, 9.274014449107693e-09, 0.011634054835422935, 0.0017333546616831322, 0.009496669241436497, 0.00423794627188107, 0.0038998693381443687, 0.006763591318810068, 0.00943031471508114, 0.005037139799016245, 0.010284057071162762, 0.0019199871710519766, 0.006831248113625553, 0.006543556230427794, 0.005952191978033417, 0.008262816882598186, 0.0038517215871663223, 0.011059152995782718, 0.011117620940109605, 0.0008257030606579017)",2.4864817017076932
0.045577311749274145,0.023374733286531904,0.009471961418549625,"(0.01203725959302543, 0.0368276001013244, 0.036026958634068636, 0.013001317453056003, 0.019007480584803213, 0.02476373082032855, 0.027607508808352894, 0.018379471871254577, 0.026097273741753944, 0.02005889873271997, 0.022097746857110252, 0.016168537333670734, 0.026379386531401323, 0.02010009446408502, 0.020538048401844824, 0.02559393307122468, 0.020855042453181503, 0.020755173169741244, 0.05110897900494746, 0.01009022410274343)",2.3440317671967423
0.015798875947802504,0.016231911491755648,0.009056902490410227,"(0.02626243117061283, 0.006656523470890685, 0.018400850043625544, 0.010115457040715458, 0.029069855127583012, 0.006461846728812977, 0.008923165728914256, 0.022998505774197014, 0.009505509439060752, 0.02240031898590672, 0.03387640964323428, 0.003980751823294794, 0.01201641722232097, 0.0179942611881647, 0.01577309559557147, 0.013529546874665706, 0.03237292934991279, 0.005228027645737379, 0.0130931808470857, 0.015979146134805885)",-0.04781276428797354
0.011259892945888889,0.0114837689649308,0.005946021113050026,"(0.013530678509512518, 0.007062267879030893, 0.004383663312349563, 0.02292035734902189, 0.008666524742914813, 0.011720113929322516, 0.017134100049801475, 0.0063808876978525145, 0.01029699623051389, 0.010950050952745236, 0.0029108055138824637, 0.026314196260191557, 0.012000317838549796, 0.009519801445910372, 0.016174498815890188, 0.0069662652160326416, 0.008336557712573849, 0.01111262527110346, 0.006693462320992173, 0.01660120825042416)",-0.03765139995055853
0.0006434654284085316,0.0008589466334960237,0.000403495113472744,"(0.0008945677688941259, 0.0006902129572262178, 0.0005087988116975787, 0.001214379896275359, 0.0007396691446319541, 0.0008363233069838352, 0.0010946412123581913, 0.0005661381469003938, 0.0022171277832259612, 0.0002797334593899103, 0.0009139604948044803, 0.0006709627030230029, 0.0012039145824873977, 0.0005153827121780466, 0.0006916247673236833, 0.0008960327438414983, 0.0007087622999967598, 0.0008695398027972149, 0.0005599196745192016, 0.0011072404013656597)",-0.5340367154212088
0.000458348752026194,0.0005957344086771443,9.715705739558219e-05,"(0.0005156396770234923, 0.0006709278161489504, 0.0005312163465689587, 0.0006514441358238493, 0.0006680349978165132, 0.0005181453861732697, 0.0007198872442030134, 0.00048109286780629847, 0.0006674324337202658, 0.0005190279172244256, 0.0005718487907894715, 0.0006038182073617417, 0.0004988772215734361, 0.0006944733883326536, 0.0008268363083806557, 0.0004189109954372343, 0.000543009970707273, 0.0006368413795179153, 0.0005979437811432151, 0.0005792793077902523)",-1.4140574069835647
0.002267520077414828,0.0031382376978836726,0.000728696059105259,"(0.0025207018778464698, 0.0037029845002399643, 0.0027230113796616476, 0.0034352845355032076, 0.0019336341951330556, 0.004839293273388701, 0.0031674196439989365, 0.0029633323336219477, 0.0026469154069565094, 0.0035505884260460976, 0.0036209670912662234, 0.0025546831327109484, 0.0025175773889789263, 0.0037349891114720124, 0.004062148944758304, 0.0023137322860014445, 0.002515904585694664, 0.0037058204725739143, 0.0037533859124842294, 0.0025023794593362317)",-1.194898215228403
0.0013668210488899295,0.0014921983307939252,0.0002334111435718292,"(0.0019539039377437337, 0.0011117042587693827, 0.001816442530357255, 0.0011972138546330056, 0.0013485994369841184, 0.0016130577025178746, 0.001253489791955857, 0.0017384858127978552, 0.0013058899907230262, 0.0016699538560105412, 0.0016751075959142627, 0.001289806392237511, 0.0012084638167159441, 0.0018051592219080134, 0.0015192398348504, 0.0014353439078064205, 0.0014863019250863606, 0.0014602656499783783, 0.0014162904043303552, 0.0015392466945582117)",-0.5371520827385539
0.0020339247869222954,0.002020594963273868,0.0004829416350896307,"(0.0019095955669810923, 0.002022600178797683, 0.0020026533693936004, 0.001931296027528884, 0.0017308215766243082, 0.0022360581471746917, 0.0022176876952719766, 0.0017491858235983806, 0.0018206735129539721, 0.0021326996019845348, 0.00145469338486774, 0.0026354747187440656, 0.0017875857107143886, 0.0021731426263897568, 0.0015586290850695898, 0.0024905934092298255, 0.0012337080450273625, 0.003126470538878835, 0.002823963740603715, 0.001374366505642952)",0.027601313864673536
0.002195679291704696,0.0022039433811620337,0.0004557287502603379,"(0.0027966393968949666, 0.0016651701074073936, 0.002231095403968702, 0.002089815097405796, 0.003219588110516001, 0.0014494217212888193, 0.0016553069295512464, 0.0028254631856484053, 0.0017647239682033738, 0.0026528301046461903, 0.002328145468887955, 0.0019851843507580676, 0.002236879945156672, 0.0020938412112877897, 0.0017158145965490024, 0.0027272382788689565, 0.002197698194465917, 0.0021156420159107107, 0.0022298530775205065, 0.0020985164583042014)",-0.018133790006921675
0.007927462781344412,0.007114082513899016,0.0013099121048856825,"(0.007445551322814365, 0.006545137701672819, 0.006564912491272713, 0.007450760317037721, 0.005630572615729948, 0.00871042019796014, 0.006732691737218185, 0.007334847915202526, 0.007244671860472749, 0.006836692762410263, 0.007461899849557959, 0.006380225598261049, 0.005207713021412793, 0.00952437060972087, 0.009570798908374189, 0.005167736273516641, 0.005459811054506322, 0.00888178634508287, 0.007744731297951514, 0.0063863183978046766)",0.6209426299762159
0.009039670644385218,0.01333861688476698,0.0015551462087781054,"(0.013100982365337605, 0.013248204098462536, 0.012630478695294699, 0.013845880145506341, 0.01351174411807662, 0.013013329172036247, 0.014106811522584264, 0.012639839126894235, 0.013386905247849435, 0.013399869148866008, 0.010809037086933208, 0.015314270814452084, 0.01614641924512982, 0.011141942917047027, 0.016694342960494695, 0.010714224088465826, 0.014287860990913597, 0.012026869188659351, 0.013624980629104076, 0.013128346133231881)",-2.764335736483252
0.0067705992855958,0.005947923434011725,0.0010097854519659285,"(0.007453560556126382, 0.0045954946241633645, 0.004594511266068392, 0.007477977927110173, 0.005916033049982082, 0.005821328002283835, 0.0076179932410084614, 0.004546998342661346, 0.005552286045915284, 0.006254264417028142, 0.005163092035235325, 0.006504081567561607, 0.005573489998777124, 0.00623803570542138, 0.004680942847563673, 0.007408880363956962, 0.005249170320392054, 0.006497483964776108, 0.006355163194685715, 0.005457681209517094)",0.814703608556081
0.0016062064872823197,0.002003053432998509,0.00039708538844231524,"(0.0019099096076983504, 0.002020767752273961, 0.002236876658391072, 0.0017271299886863934, 0.0013935425691658063, 0.002774511318888967, 0.002291358216943622, 0.0016906071804548908, 0.0026509108567993518, 0.0014625063708050621, 0.0018690831672571045, 0.0020514602250807966, 0.0020091378183976797, 0.0019304432806721745, 0.002566991299267881, 0.0015096730712579234, 0.0015725588277952771, 0.002450803285578121, 0.002076038571523007, 0.0018667585930327297)",-0.9993995177534447
0.003793376530293711,0.0035315464841822993,0.0007004552169081644,"(0.0032477218376350007, 0.003697900272548891, 0.00318156399706939, 0.003777154847419329, 0.0027394761345888212, 0.004390987540089782, 0.0038732245522823863, 0.0031105058868506645, 0.0028588223185160625, 0.004217066597693084, 0.003886307367231473, 0.0030722868238968696, 0.0022367540116920086, 0.005391891293532734, 0.003291619444762413, 0.0036602310540285407, 0.003979922610521991, 0.0030128916281159995, 0.003965181918301199, 0.0030394195468693586)",0.37379983729315264
0.00014423678007757313,0.00010130311581637829,2.7443093025742337e-05,"(8.809848569326368e-05, 0.0001091892788011937, 0.00011334512298891569, 8.486847327614577e-05, 7.341206844817713e-05, 0.0001310341928291747, 8.777416756821754e-05, 0.00010959447449676325, 9.961086756702296e-05, 9.657172040427528e-05, 8.90233740189503e-05, 0.00010805155320460205, 9.827526293521046e-05, 9.788437792991756e-05, 8.187143166784473e-05, 0.00011749578132641227, 0.00018633032027941195, 5.162508199124224e-05, 0.00012512897473199684, 7.687730616882779e-05)",1.5644615649162412
0.07073155879428912,0.06936266296745518,0.004096020410378102,"(0.06752449202039892, 0.071411080837454, 0.07347759658159078, 0.06439666837643601, 0.07033688115470509, 0.06925247703788473, 0.06982303638054653, 0.07003779581655364, 0.07175341442841036, 0.0677243450124669, 0.06844012972052918, 0.06772096861540611, 0.07510310006463855, 0.06482972347217057, 0.062251383018403675, 0.07609164732892332, 0.06269847050467302, 0.07457507138042029, 0.06574836811182415, 0.07405660948566783)",0.3342014173966436
0.009809474614696273,0.019852248040944893,0.00889708581811644,"(0.020555628764561348, 0.015815273483446267, 0.020669553919039678, 0.016826792549881064, 0.028680667434805407, 0.01180539235011023, 0.013036936269249937, 0.025386623180660407, 0.024735438923733883, 0.01382959558974111, 0.022527790331248083, 0.0155305634123498, 0.0276196565280399, 0.011636250808564433, 0.016386041396043625, 0.020809634742951763, 0.019836672718931404, 0.016367463506656132, 0.006258331307513668, 0.04873065360136971)",-1.1287711090522816
0.016192591735831978,0.014847067992648774,0.00481119030583412,"(0.018861311155787795, 0.010299625626948248, 0.015966157569624762, 0.013384155341594955, 0.017036345700609624, 0.012058020769729876, 0.0176714890444259, 0.011280463300612302, 0.011823004186352619, 0.01766533068602152, 0.022198721489929317, 0.00970740611983007, 0.012871109361697351, 0.014850215812018749, 0.013223017670168803, 0.015715426826650183, 0.006868307866382052, 0.028248065479464554, 0.016361268848938917, 0.01085191699618789)",0.2796654585771845
0.012821381003234681,0.011048266957463254,0.005414814901648519,"(0.005000919385362002, 0.018500341047229564, 0.013289122190805113, 0.007528228782888239, 0.017514283717434492, 0.005521893195326264, 0.016567622594236737, 0.0057066678383148085, 0.013823614128520295, 0.007106007026518031, 0.010072922135089535, 0.01000048922591619, 0.01787121249808768, 0.00510824888887826, 0.007207439879804427, 0.013566044409889481, 0.017217188268334776, 0.0053706255626976935, 0.01960915003882447, 0.004383318335107027)",0.3274560770732181
0.0005943353508938158,0.0008427466615510077,0.00031844328058792633,"(0.0009250269050809301, 0.0006775388408391971, 0.0006301730514140048, 0.0009972290823599727, 0.001025786701352554, 0.0006115906495241651, 0.0018145730060083608, 0.0003457035172070376, 0.000820318414184624, 0.0007656989496786077, 0.0009324225474000811, 0.0006740966144428139, 0.0011795815964226095, 0.0005310586250062614, 0.001010327411743197, 0.0006215288304163337, 0.0011709328852859333, 0.0005353090368414213, 0.0007320121712991458, 0.0008540243945129025)",-0.7800802397166683
0.00048252776581481197,0.000598242240451598,0.00011239461724606026,"(0.0007208047271339445, 0.0004803453337978716, 0.0005431848625756574, 0.0006378978789308667, 0.0003937766523941902, 0.0008795688774598645, 0.000619323368832757, 0.0005591855259257255, 0.0005618696053974793, 0.0006165910601790194, 0.0004428773215838711, 0.0007824246429278551, 0.000649421595062225, 0.0005330718247448602, 0.0006553025709446841, 0.0005286419977401025, 0.0005269157624483357, 0.0006571090455034008, 0.0005964258762343769, 0.0005801062792148744)",-1.0295375123121577
0.002376554172180039,0.003080443831679539,0.0004975709212175638,"(0.0030022586784884753, 0.0030796274537185303, 0.0036548418040051227, 0.0025387150900960387, 0.0034075585812000384, 0.0027189376495481516, 0.003103812599603348, 0.00298172808943343, 0.003687234260949074, 0.002514283285845087, 0.0023358785610695368, 0.003973446697288028, 0.0036896133753795664, 0.0025044010951396937, 0.00316521468539631, 0.0029283909452676813, 0.002873320338130458, 0.0032176810537184013, 0.0038189670918746758, 0.002412965297439135)",-1.4146519209303292
0.0012801737601386756,0.0014950565859843654,0.0002787908665041783,"(0.0019526206069879143, 0.001106668464286321, 0.001661422978123202, 0.0013033628081502969, 0.0019431464069824755, 0.001113349593149339, 0.0014857212559895483, 0.001455308384833457, 0.0014115249859804457, 0.0015333759082095198, 0.0018085430008907511, 0.001197558217964829, 0.0011279837888963226, 0.0019150331406675054, 0.001309091556165913, 0.0016531367295976387, 0.0012363789920301327, 0.0017477594037154226, 0.0014148702628650261, 0.0015242752342012487)",-0.770767093413619
0.0025577221695808174,0.0019799578835197036,0.0003015285969296697,"(0.002059145878052613, 0.0018605631022545158, 0.002076922097772099, 0.0018499911050989235, 0.0016896559178979642, 0.0022707807310235043, 0.0014779527244301433, 0.0025944333798847957, 0.0016836076533260367, 0.0022807429204938358, 0.002230552527027458, 0.00172300454337102, 0.0015920047148290453, 0.0024052916807618093, 0.002094502887939205, 0.001832908291389907, 0.0020991249238226086, 0.0018251755794779893, 0.0016842114640623713, 0.0022685855474782264)",1.9161177146852006
0.002339204299823356,0.002203809530964707,0.0004393569504739336,"(0.0015318438811633543, 0.0030500102525843737, 0.002389267281868515, 0.0019612423392178654, 0.002108638314750007, 0.0022187858156685575, 0.0025452902539436113, 0.0018372650038592905, 0.00244544369789748, 0.0019150271638697523, 0.0022931617193041464, 0.0020439447907307697, 0.0017307479869449836, 0.0026980773238323335, 0.0016386411010783644, 0.0028571891967619266, 0.0016625463044966742, 0.002810388275353171, 0.0019530389173359657, 0.0023856409986329997)",0.30816576069321083
0.005401753084581709,0.0069342193188816695,0.0009908236909252335,"(0.00710343810389114, 0.006620160464174287, 0.007816217724951205, 0.006071791853520741, 0.005818340334739282, 0.008116893621975681, 0.006785112290872958, 0.006950349583449352, 0.007036545166085664, 0.006731940727575183, 0.005173043122631684, 0.00918123433427461, 0.005971238673066855, 0.00786256457327624, 0.006145359858061896, 0.00770207551371726, 0.005755549455229947, 0.008172024182954152, 0.006524402936635776, 0.007146103856549468)",-1.5466588539772799
0.009240006670433195,0.013220088728700237,0.0028746837185680005,"(0.012579324395583453, 0.013211699300698347, 0.01065388595089766, 0.015875006284172117, 0.011707807006984537, 0.014311374538952757, 0.01308029457352807, 0.0127745317165828, 0.012806537414210844, 0.013159337173128956, 0.009711826172617065, 0.01744050821746376, 0.01472507357502652, 0.011251314935929915, 0.01705909697941906, 0.009863933708527749, 0.01528491759079368, 0.010876894171365536, 0.008277523844465458, 0.01975088702365642)",-1.3845286813847075
0.0038419822518598774,0.006112996637466435,0.001640087063181757,"(0.004030063529875308, 0.00863876219263183, 0.006780878028930991, 0.005173133011259389, 0.003904954540301179, 0.008946266165707496, 0.007022417377752034, 0.004969312550428501, 0.006343169541000601, 0.005521673002826681, 0.005253672273442433, 0.006681112916255867, 0.0064817558375102405, 0.0053639418380235955, 0.004632883908992877, 0.007555008834749138, 0.006944564620501091, 0.005014075588432472, 0.009275211224824213, 0.0037270757658827633)",-1.3846913597384316
0.001709617255284608,0.001997852334398956,0.00037083619041787915,"(0.0019136517859237138, 0.0020167836860966928, 0.0019068718011412643, 0.002029118088846934, 0.002365038839172327, 0.001633766270378344, 0.001570147534995321, 0.0024599472613411697, 0.0024073479898710803, 0.0016064449510256873, 0.002015069967932913, 0.0019205726571959938, 0.0014107933463308629, 0.0027343920685283653, 0.0017327667629854905, 0.002231344898008099, 0.001674035629729599, 0.002305588241849196, 0.0024551375748426345, 0.001568227331783427)",-0.7772571463145184
0.00480545540947816,0.0035088139370915298,0.0006368283371942063,"(0.0032106308315655594, 0.0037157679754514033, 0.0029036149497320848, 0.004118072259336581, 0.003268083757265251, 0.0036535914609836444, 0.0031395725663873842, 0.003802758008408652, 0.00462900681447281, 0.002582029138739051, 0.003452167060121818, 0.0034642701412461313, 0.0029631430884835223, 0.004024397629864971, 0.003724472115485407, 0.003208372478959416, 0.0023648971384713138, 0.005045053252652321, 0.0033108501139737113, 0.0035955279602295667)",2.0360926118637965
9.491854064967564e-05,0.00010040538108863763,2.2511552411534086e-05,"(0.00010677593610744458, 9.007172636048983e-05, 0.00011504573771735085, 8.359815240912066e-05, 9.452995833803992e-05, 0.00010174051104288422, 7.13492250601682e-05, 0.0001347952117079128, 0.00010216056440265047, 9.414190955369681e-05, 0.00010948880889966335, 8.784106270963957e-05, 0.00010883513925833015, 8.836734365386891e-05, 6.618043803268253e-05, 0.00014532360859311825, 0.00014476480194287682, 6.643535540240676e-05, 0.00010551565526222345, 9.114647531818452e-05)",-0.24373443193330085
0.09933747352942343,0.09368591858464563,0.003350944641274336,"(0.09574372191270875, 0.09126235165469124, 0.09223396628133598, 0.09621451645167421, 0.0931235639400971, 0.0930294379262806, 0.09268423417657069, 0.09490913592977981, 0.08736610625066493, 0.10097754842447824, 0.09768294025705444, 0.08971673573411419, 0.08817574867621561, 0.09900825831594065, 0.09561334679005785, 0.09290746653508558, 0.09435887857971852, 0.09327521311756612, 0.09196090974434855, 0.0934742909945297)",1.6865557476439128
0.007953572026936258,0.013891474871039726,0.0065032457039233636,"(0.004993389286521233, 0.0276517368070997, 0.02656330059507064, 0.006255613882264347, 0.011042008097515764, 0.012917156220644673, 0.013397756066358686, 0.011889034783994324, 0.0232977060550299, 0.006710711885525382, 0.013077500290129577, 0.011994962305704219, 0.02062022233311882, 0.008154503218095507, 0.014667556528836365, 0.011396040273807192, 0.007823912726746558, 0.019247931187043092, 0.011243035488395822, 0.014885419388892658)",-0.9130675841635773
0.006233380441143515,0.011814035982196084,0.005307173109906249,"(0.005993242301054281, 0.01624094630972006, 0.008637281980521471, 0.013759250957606358, 0.020960213462501383, 0.00471810739203897, 0.014907852237757034, 0.007735346561531375, 0.007629196190491447, 0.015377115707210731, 0.019101692002829962, 0.00611708038485915, 0.006947731817274694, 0.017097390518705097, 0.016592484007906045, 0.00704931062652975, 0.019243514615826476, 0.0055839012412672775, 0.011037055750568667, 0.011552005577721415)",-1.0515307161614613
0.013673819679795586,0.010745308037092866,0.003531667464596867,"(0.013658290530396118, 0.006687692868581087, 0.007811898084911055, 0.013430479583528696, 0.004989614318352263, 0.01795574881351059, 0.007037424099244472, 0.015047154817017516, 0.009096518945215896, 0.012449972026580818, 0.008694601963277575, 0.012861255069287309, 0.00979920324543233, 0.010466991370633534, 0.007567898518098906, 0.01321510100623052, 0.007140827775582894, 0.013878198097579215, 0.008150007497229293, 0.014967282111167244)",0.8292150017122307
0.0006283936415618167,0.001237424102849995,0.0006696511375827728,"(0.0026545136138403707, 0.00045821629943797464, 0.0005062442011608281, 0.0022116948027127528, 0.0008372283954028018, 0.0013998920419232134, 0.0010935017276417444, 0.0010856360598550194, 0.0004502285826700381, 0.0027374396284003404, 0.0007762885715340545, 0.0015855209985817132, 0.0008336131787037679, 0.001304489455844566, 0.0016375054788923403, 0.0006582908516843762, 0.0015262154128006117, 0.0007850169730558449, 0.0011148509508149011, 0.001092094832042645)",-0.9094742427924251
0.0004771433677717066,0.0006038447384084153,0.00012098869365224038,"(0.0006843440406632501, 0.0005134885375544419, 0.0005274413436544756, 0.0006637607205605774, 0.0007906004802266225, 0.0004435250881752623, 0.0005298992575324636, 0.0006626833504537358, 0.00042072105656016523, 0.00083681778900824, 0.0005311825407803116, 0.0006626291517066176, 0.0005122850921975448, 0.0006823043521767315, 0.0007095309124200836, 0.0004923237337531149, 0.0005058324287433455, 0.0006943214827934277, 0.00048002000597309827, 0.0007331834032347939)",-1.047216618446087
0.003407828100984719,0.003065489750612509,0.0004417430992576191,"(0.0033226302740989914, 0.0027539408415116155, 0.002948314498128285, 0.003132097876656429, 0.0036843266268998262, 0.002485159379959786, 0.003598792809688588, 0.002562647651362405, 0.0032381918235993394, 0.0028507587712558583, 0.002616191877231065, 0.0035277615677416084, 0.003202163874116183, 0.002883554733039965, 0.0022913108720949, 0.00402680933553333, 0.0027542256710676545, 0.0033374814183557075, 0.0031710350990029907, 0.00292240001090565)",0.7749715863078207
0.0010613540163560465,0.0015044921706810687,0.00027766808691456264,"(0.001169263248772859, 0.0018692835841491316, 0.0014901007729277388, 0.0014701336654652064, 0.001875302236266565, 0.001164538095898933, 0.0015682309526229646, 0.0013978803357329562, 0.001548003758337584, 0.0014189986900147377, 0.001158768486677701, 0.0018949649927550562, 0.0017789175327799802, 0.0012305071611490213, 0.0018000039374877, 0.0012152867746045275, 0.0019513538000327318, 0.0011218669713892408, 0.0014798580827811406, 0.0014865803337755946)",-1.5959275667908284
0.0020901116541176277,0.0020098432082514815,0.0004141756067041445,"(0.0017223486401208416, 0.002250924848675531, 0.0024354434884043784, 0.0015873263479564768, 0.001381359828524645, 0.002796694727196337, 0.0015256569249306635, 0.0025448753903552523, 0.001876910972715996, 0.0020796327839412527, 0.002336677259791398, 0.0016691796973526925, 0.0015991993564362164, 0.0024109720235918498, 0.0016065466955932429, 0.0023966403911481427, 0.001682862788102518, 0.0023048789272354436, 0.0017275451216867215, 0.002261187951270027)",0.19380292940207808
0.0017407706978636202,0.0022142313476055213,0.000361102572241382,"(0.002337107965135353, 0.0020563670171073, 0.0022199501267504366, 0.002140432364213704, 0.0022224377482230754, 0.002147143852721464, 0.0034506801002438404, 0.0013905659631529164, 0.002367443999779493, 0.0020450920011106963, 0.0020465864714856443, 0.002363403050444131, 0.0020068366671071704, 0.002355228751862504, 0.0020677264502977593, 0.0022809430864521077, 0.0022555247294259923, 0.002127700126516755, 0.002103093634458629, 0.0023003628456214546)",-1.3111528029365918
0.008925499434152979,0.007628625742455751,0.0009334131917240752,"(0.006592205126258344, 0.008862291845666986, 0.007088569952155284, 0.007834141127747067, 0.008855729087336109, 0.0064076351697403425, 0.007987662599692523, 0.007244408217223191, 0.009356773542372472, 0.006406480874253081, 0.008532353131780683, 0.007001117315656484, 0.008384377997577002, 0.0064805321355867074, 0.006320658866329068, 0.008524607164374668, 0.007653605488907979, 0.007576637541902318, 0.007390104818436189, 0.00807262284611848)",1.389388647166875
0.014923548103577235,0.017377769451729343,0.0019205854752589646,"(0.018880965255216247, 0.01664680533760071, 0.015419474506626518, 0.0178175014417858, 0.016526788613134953, 0.01768799727124525, 0.01618704485464084, 0.018846506862159152, 0.018655888421893023, 0.017797448282675717, 0.016548240445981466, 0.01991486236596295, 0.015144359735803118, 0.017177196613551916, 0.018123638726648416, 0.01406953525204135, 0.01562428807768808, 0.019688423288184768, 0.021783177090463707, 0.015015246591282816)",-1.2778506240765928
0.004408247596951661,0.006562349024256617,0.0007946600736998023,"(0.007374434584300519, 0.0059195645547475625, 0.006522477559046441, 0.006259013975432467, 0.004930267081415796, 0.0085647120726153, 0.007017929115732732, 0.006113473945843844, 0.0067916933355601184, 0.006553335835702969, 0.006521760979500704, 0.006806993481396227, 0.006019303774229694, 0.00661228250118821, 0.007460329462607224, 0.005289408502435331, 0.006089286346436815, 0.00708624328084564, 0.007101747991462299, 0.006212722104632446)",-2.7107205943741772
0.0016095606822216254,0.002059812237287025,0.00038653173065196885,"(0.002725136456758802, 0.0015143400549544877, 0.0019335752046961035, 0.002102966974404583, 0.0015055087001515082, 0.0027191283452267737, 0.0025722192129761312, 0.0015992537841957447, 0.0020713550302383006, 0.0020048667696071806, 0.002467652013452066, 0.0016814526561536164, 0.002160453244883125, 0.0018707575922153512, 0.002000140398438494, 0.0020161814422692726, 0.00219909894610269, 0.0018722108808609595, 0.0016189540312529325, 0.0025609930069023746)",-1.1648501775157074
0.0029645895611699357,0.0038719791102901895,0.0006655581129404052,"(0.003866329516572343, 0.0038653022176833108, 0.0047671345669954256, 0.002962109182793501, 0.0039313631757708035, 0.003705419132240163, 0.003365807724139982, 0.004367300191386397, 0.003760529646564296, 0.004011757711773072, 0.0037237090615343613, 0.004047379776504302, 0.0027284803437998204, 0.005072525904066458, 0.00351663778020823, 0.0039118392022461645, 0.0034973327578677335, 0.0042292360348990445, 0.0028385338924796027, 0.005270854386278783)",-1.3633513460026028
8.64447657818172e-05,0.00010042904600625634,2.0899959133469524e-05,"(0.00011112634095145081, 8.726532981983565e-05, 6.780072066565899e-05, 0.00014276504204753854, 0.00010184691866124507, 9.514127340032437e-05, 0.00010097594596984831, 9.598326575499896e-05, 0.000121855176088687, 7.959677502345621e-05, 0.00010640506566187211, 9.115362067477572e-05, 0.00010362577773534363, 9.334972826048961e-05, 8.798945647266625e-05, 0.00010991919700700713, 9.304350526161268e-05, 0.00010418985753040685, 6.471625879682565e-05, 0.00014983166434108305)",-0.6691056252853856
0.00917872616630625,0.0019607109897710885,0.0027501264228946927,"(0.0017678292325719565, 6.580468974717075e-05, 0.006168995800574157, 4.802952462477564e-07, 0.004018590630453847, 6.154325188933745e-06, 0.0033869291216140868, 1.1293571322732684e-05, 0.0013870163783890974, 0.00011212808662174262, 0.0013483717837658124, 0.00011573052811534457, 0.008318278465205055, 7.985250582487098e-08, 5.7396380398092265e-08, 0.00835188352200425, 2.282743430706765e-05, 0.0026769954835230755, 7.882365668495052e-05, 0.0013759495412000082)",2.6246121328988634
0.015122392575757145,0.022691975420711847,0.007097663161726813,"(0.016983436672690855, 0.02776993148651239, 0.019736365689552445, 0.02404289268405783, 0.02791652006967819, 0.016756194266243585, 0.03430694508888861, 0.013855144116064425, 0.012624461328342032, 0.03774886020716301, 0.014863403769862402, 0.030975692502861252, 0.01861098460243429, 0.025383740233564253, 0.02848818480521056, 0.015911698667911922, 0.018175213791647802, 0.02608647530500914, 0.018822497126026166, 0.02478086600051574)",-1.066489444832019
0.009978975841245902,0.01701627132110137,0.005350994437889424,"(0.009405911635985966, 0.028322179574206123, 0.020153324702397987, 0.013309346402877387, 0.015355509854928385, 0.017149556388719425, 0.017547179152957487, 0.015326227982169186, 0.012641638050775889, 0.021335391704361134, 0.014960998945453535, 0.01724600237242654, 0.017315859976457855, 0.015408472993978331, 0.021814703810878997, 0.011593454378785893, 0.014115525338757482, 0.018980834016869067, 0.008923455701540097, 0.029419853437500653)",-1.3151378797977535
0.014647968058875716,0.01348884470026756,0.003867291257290464,"(0.01130741014829635, 0.014976903013276553, 0.011428088599743872, 0.014888024425483015, 0.010645188819376521, 0.015724320515073845, 0.0117160457881743, 0.014564971381860047, 0.015700405252876217, 0.01089030504948231, 0.01824182966149456, 0.009011103517247978, 0.02061848147368672, 0.008218006533221368, 0.019176438403324905, 0.008420983216546375, 0.015367843100978721, 0.011059098612066361, 0.008768700293808128, 0.019052746199333045)",0.2997248672240607
0.0009969014265455334,0.0009380201542252934,0.0005158759034179993,"(0.0007581513326252209, 0.000892015336289102, 0.001462632950491536, 0.0004610220276566641, 0.0023577834760648933, 0.0002857116776720198, 0.0012042325638163913, 0.0005608347873871455, 0.0013653727534282767, 0.0004940731779696069, 0.0009795298259291717, 0.0006868964846724443, 0.0008939666152901369, 0.0007551044544578889, 0.0007112283164242872, 0.0009450084506394518, 0.0006028306327622749, 0.0011181935823320905, 0.0018637304713040343, 0.0003620841672932268)",0.1141384428505284
0.0004588879449393927,0.000600366424536145,0.00011924705569142901,"(0.0007157347068433472, 0.00048509924868416084, 0.000522245569324887, 0.0006647391108732675, 0.0006532916954338794, 0.0005313068829574758, 0.0005107854765019006, 0.0006797274225291207, 0.0005940464941383147, 0.0005844267607660602, 0.0005030867583710632, 0.000689804492342694, 0.00046230833128582677, 0.0007509446249487758, 0.000462936108462595, 0.0007494927132328664, 0.000702252520534516, 0.000494335420054208, 0.0008350843039711596, 0.00041567984946678187)",-1.1864316378833766
0.003154544278792761,0.00309925387373205,0.0005296361441963844,"(0.0028823004862269332, 0.0032420886650684835, 0.0032991689693177427, 0.0028330542271213293, 0.0026416727669815636, 0.00353603790889302, 0.002290565224296823, 0.004080897026690073, 0.0031989825513448825, 0.002922313670343784, 0.0023216700000719607, 0.004020710275258999, 0.0034414151075375238, 0.00271548676157121, 0.0035638549410305998, 0.002617559593587437, 0.002629472063619932, 0.003554466978381001, 0.0035959695273626146, 0.0025973907299350887)",0.1043931870333416
0.0015941866369334914,0.0015308136031149655,0.0004080770696327969,"(0.001406288673854849, 0.0015585613958365115, 0.0016982179275568433, 0.0012907386626890604, 0.0009239148563220265, 0.0023715635388131874, 0.0019073539250405761, 0.0011493077289582718, 0.0021759885226468505, 0.0010074540858040573, 0.0012536330179757165, 0.001747078907928789, 0.0021689517423485096, 0.001010522332069041, 0.0014975386905317805, 0.0014619247464279026, 0.0014011733448036899, 0.0015643277924933215, 0.0018136045184190095, 0.0012081276517793124)",0.15529672832524347
0.0014631917591321074,0.0019988664567582325,0.00031933002984638724,"(0.0016665643567105525, 0.00234105759777269, 0.002120120628101403, 0.0018401321562004074, 0.0020636584407084766, 0.0018894016551875392, 0.0020554825331825675, 0.001898376322346908, 0.002457513004345783, 0.0015877817244569748, 0.001974795134054015, 0.001973162326923751, 0.002359717487846625, 0.0016532042244421167, 0.0015803657095287494, 0.002464091561180931, 0.0020601503786389004, 0.0018935944227252692, 0.0015018971078016835, 0.0025962623630092947)",-1.6774955298874017
0.0020246775612550692,0.0022232576670081707,0.00046935621663418545,"(0.0020770934014883364, 0.002282477683200615, 0.0028511325596686497, 0.0016622564230396781, 0.0022799353011798964, 0.0020773880377314624, 0.0027378531023995135, 0.0017316258799052063, 0.0019711919805129254, 0.002404783977295143, 0.0031123249611356707, 0.0015206999600476145, 0.0022752612063496923, 0.0020830905327668065, 0.001781311626409355, 0.0026551383049868652, 0.001612203237972188, 0.002939407977921781, 0.0018520314672210772, 0.0025579457189309324)",-0.4230903921485162
0.00872778887423959,0.007126865865658753,0.0015763472236126688,"(0.005662847177354718, 0.008589712096821397, 0.006596816593699407, 0.007364793933711531, 0.011167905871658454, 0.004341526610403058, 0.008516804624484002, 0.005711041111495908, 0.006588965480576625, 0.007378465784514428, 0.007571825013688451, 0.006388735753031993, 0.0058038872152687245, 0.00837283522934143, 0.007004657735634679, 0.006890710236825699, 0.008676556553553988, 0.005597953709071905, 0.005518957108971184, 0.008792319473067477)",1.015590337331801
0.008617052215076209,0.013889684469289683,0.0024931351259495646,"(0.010025942365484004, 0.018750037388548333, 0.012573497744725198, 0.014916101787690213, 0.01239829414058493, 0.015066578054207769, 0.010635329144302515, 0.017674089687087207, 0.016098927554057414, 0.011664930276573162, 0.014113794710966972, 0.013175459716914415, 0.012316467061212807, 0.015233973118047993, 0.01020491007259676, 0.018142640046701377, 0.012842144329509803, 0.014596250344197736, 0.013351412579570242, 0.014012909262814798)",-2.114860201251738
0.010162842103048573,0.006100744377190317,0.0014691149256105373,"(0.0036323788430633495, 0.009726702203412606, 0.007638540613410433, 0.004619799346143676, 0.006699655712276102, 0.005258048294395007, 0.006722244504571876, 0.005255090987557844, 0.007053835244612918, 0.005005629183576815, 0.0057908586582334845, 0.0060711912831070605, 0.004419722332729792, 0.007986450089453673, 0.005548928078795356, 0.00632381514124802, 0.0048973555816285335, 0.007203837734835117, 0.00477030550126539, 0.007390498209489286)",2.76499656701134
0.0014351511787644262,0.002000551214507824,0.000351949181162461,"(0.0022773788935886792, 0.0017072568986874548, 0.0025222691273223347, 0.0015408779146478058, 0.0025493350343070054, 0.0015236536717636543, 0.0020509088537077726, 0.0018956811070977107, 0.0016386287633149757, 0.002372252144559939, 0.002283757717498613, 0.001699740977878888, 0.0019257786668561018, 0.002018331549606204, 0.0023921956157822197, 0.0016216834323030153, 0.0017108513051047399, 0.0022714955397679574, 0.0023686029584967993, 0.0016403441178646002)",-1.6064820320818054
0.0043643391689659845,0.003538415651945732,0.0007767879032458072,"(0.00484501693607779, 0.002473495883981806, 0.004952229050450624, 0.0024149453037995913, 0.003907631562190911, 0.0030581454961731815, 0.0037796880018897546, 0.003167739565320415, 0.003873607418467875, 0.0030884015531090925, 0.0037270525912816276, 0.003203298857234161, 0.0038056875778383985, 0.00314487314463058, 0.004258493530195911, 0.0028011696026090703, 0.002639477858959771, 0.004529862096503033, 0.00275587222103878, 0.004341624787162266)",1.0632548647695625
8.061431039102744e-05,9.950929260553847e-05,1.7295967380877535e-05,"(8.164100197406936e-05, 0.00011787527917289821, 9.361455348256643e-05, 0.00010278987665382165, 0.00010866711533419796, 8.855006438439252e-05, 0.00013545351613496325, 7.104309692730864e-05, 9.943653943104196e-05, 9.677240790708761e-05, 0.00012145228342398189, 7.922682442180741e-05, 0.00010802323996286993, 8.90822441160129e-05, 9.605837233241094e-05, 0.00010016949394581717, 7.729650481283868e-05, 0.00012448872714352762, 0.00011450496816166066, 8.403974238749437e-05)",-1.0924501531727777
0.19657504819966262,0.19220687251177104,0.004478377090301619,"(0.19894012858716736, 0.1850313210599535, 0.18812103409026315, 0.1962752727599126, 0.18763810417011084, 0.19595640428114644, 0.1877701873723232, 0.19767586597624762, 0.18959861917278503, 0.1959728038210012, 0.1922008346017523, 0.19200032882138787, 0.18813208167692805, 0.1973738212782965, 0.1895040767768177, 0.19333440731764576, 0.19389019173432787, 0.19171722382761974, 0.1981916103242125, 0.18481313258552157)",0.9753925584675099
0.022409726360034934,0.01730078106771236,0.009921356122742286,"(0.02080290936506785, 0.011693544747957797, 0.015660021862472874, 0.01579073763102618, 0.004450481126224669, 0.043973481636616865, 0.010490947724878418, 0.02302974571691616, 0.038324084773870504, 0.005521280586569842, 0.025125481097993094, 0.008878925095439336, 0.012038385489376085, 0.017412930414834285, 0.0208366229910695, 0.010785431642631349, 0.013661343718421507, 0.016033841529489532, 0.010722505841232438, 0.020782918362158953)",0.5149442504751506
0.013535263633452607,0.011024017594081116,0.004846460738770478,"(0.011047928410412482, 0.010266747500010253, 0.01170310552074434, 0.00988890285393406, 0.01150197808601935, 0.007448767107765249, 0.009406689261466062, 0.011941287961526353, 0.00891615658609133, 0.010621875142552991, 0.011943313602904886, 0.008478570079606213, 0.02154162270538078, 0.004344141387549021, 0.014852674273383935, 0.006896264655201322, 0.004568273207278738, 0.021699765211080368, 0.01770772886523257, 0.005704559463482054)",0.5181608135772457
0.007346668249386069,0.008159205318218753,0.004423654908154798,"(0.005642544960092475, 0.009738225849756007, 0.00715046793716957, 0.00782362989748965, 0.016693472295520605, 0.002524428642547108, 0.013823218083046391, 0.003934718373604082, 0.009327438436436727, 0.004964196393838345, 0.0041876384674947595, 0.011764022960118027, 0.008578059683154213, 0.005338188060912625, 0.0030682201916503045, 0.016264981141899674, 0.011520733737309573, 0.004201286411407539, 0.0038346516827346333, 0.012803983158192728)",-0.1836800305862038
0.0013882400757495583,0.0008655204812205652,0.0003440468127448301,"(0.0003476646778340232, 0.0018835606117933708, 0.0005457913043099867, 0.0012003291606557044, 0.00085327589805539, 0.000759718576610263, 0.0007771873358459838, 0.0008419945528397657, 0.0010103959462754424, 0.000643756807972511, 0.0010818404915180295, 0.0006024269820158493, 0.001144767806806625, 0.0005680100889804983, 0.0006621592446762768, 0.00098538712831315, 0.0005122010504262752, 0.0012724746780033215, 0.0007582353638619744, 0.000859231917616864)",1.519326949605197
0.0007133834632738662,0.0006216284869757257,0.00022957965668724104,"(0.0006060054776895928, 0.0005732335302051959, 0.0005426011788894416, 0.0006403087076221472, 0.0006197395235279031, 0.0005589427888017158, 0.00041246853941249333, 0.0008420677616528411, 0.00024185138289066453, 0.0014336710977393557, 0.0005073392647763247, 0.0006838465326956905, 0.0005273764489093555, 0.0006574054324208708, 0.0007560992395734314, 0.0004589712958132774, 0.0005144312995118551, 0.0006743760211391647, 0.0006385335820667012, 0.0005433006341764891)",0.39966509934780176
0.003270564602609551,0.0030396470419341796,0.0005731728788773729,"(0.0028383232359541826, 0.003163652771093273, 0.0038207961387646586, 0.0023525205193632008, 0.003325601038418091, 0.002662168672897267, 0.003491558114993972, 0.0025704834384066753, 0.003590148844462422, 0.0024784831519086394, 0.0023472360729984614, 0.003803669710982972, 0.0024742307107507027, 0.003594154654512573, 0.003455260996517145, 0.0025854537888928557, 0.0025272562245449944, 0.0035290110888964482, 0.0022975958062970373, 0.003885335858028025)",0.40287593706047425
0.0013297133750042457,0.0014622488492209307,0.00010775883427476415,"(0.0013920432698075072, 0.001533185275721415, 0.0014562172575599281, 0.0014664074863981853, 0.001722809433647178, 0.001228580109545692, 0.0013915061591265204, 0.0015332523024062601, 0.0016264493753338236, 0.0013051906661163731, 0.0015303692023634883, 0.001389785723656721, 0.0014187658247720423, 0.0014957368244378653, 0.001480620929982913, 0.0014371310471887227, 0.0015317769707804813, 0.0013878188925643992, 0.0014257009119033098, 0.0014916293211057897)",-1.2299267629301303
0.002779772994583514,0.0020117689352908814,0.0005369150908383553,"(0.001151674195537121, 0.0033030343104648403, 0.0019299592537033066, 0.0019723132627543997, 0.002799527111518697, 0.0013437381380062058, 0.00171070221079907, 0.0022224676117186004, 0.0014024447668602499, 0.0026927864935320785, 0.0019783543713444286, 0.0019136212745386645, 0.0022325262748664585, 0.001690837305212412, 0.002365403352515074, 0.0016017197626961835, 0.0017480793604336539, 0.0021646548551674818, 0.0024937834086751296, 0.0015177513854735692)",1.4304013286224606
0.0021791380934178786,0.0021823330841950683,0.00041809829184026066,"(0.0015970747190444854, 0.0028937042412175993, 0.0030134168929873105, 0.0015345210502530518, 0.0016230990709769986, 0.0028158560470570933, 0.0019373339818830812, 0.00238402988412241, 0.001959434794088295, 0.002341447039560242, 0.002308402044852683, 0.001992201112467424, 0.0022023198759945164, 0.0020823681647713817, 0.0020313148078479498, 0.0022660116865634438, 0.0022982870273478115, 0.0020003419382104257, 0.002591263209901148, 0.0017742340947540037)",-0.007641721670583485
0.0070900178420049125,0.0069471426849687925,0.0013960736763757745,"(0.005897208476254129, 0.007986018337056627, 0.008067430237094643, 0.005848015235847994, 0.004890393783414424, 0.009307200108499256, 0.007696935983281033, 0.006107166362410615, 0.004831698842012564, 0.00953129796060897, 0.006113762963492776, 0.007587369153405617, 0.007300289070742165, 0.006300451599398059, 0.006445208687798347, 0.007217683754749397, 0.009098984881482659, 0.005093476219006304, 0.007023142878650628, 0.0065991191641696315)",0.1023406998168075
0.013173922448400826,0.013350334642075018,0.0027691208557002384,"(0.011779341754924426, 0.014947143474165992, 0.014836501833957585, 0.011907625466068805, 0.013067181120261524, 0.012612750268658667, 0.011817906066472567, 0.014843727469550271, 0.015257560633877345, 0.011049814078529197, 0.010230738314313054, 0.0167115777941064, 0.007803974700917828, 0.021551710087013946, 0.01311942400812441, 0.01310451385355247, 0.013104522853417322, 0.013024612082312707, 0.011932857172975887, 0.014303209808299978)",-0.06370693186288615
0.005847876573475571,0.005898085540933447,0.0010565267755508548,"(0.00469591106669763, 0.007272094129848186, 0.005753799795596035, 0.00594361164476102, 0.0056864571675738764, 0.005836329998248956, 0.004226510520248373, 0.008066629698363656, 0.005502116628321736, 0.006091115617272466, 0.004475338535811786, 0.007533741514363449, 0.004852884239704235, 0.0068989363618870226, 0.005500742716097364, 0.006144550573906929, 0.006086982297818823, 0.005535435341120394, 0.007140009093020442, 0.004718513878006544)",-0.04752266446981265
0.0019441865223774725,0.002009078686963477,0.0004068608214352492,"(0.0017912648187690305, 0.0021772536182465365, 0.0021476941042703015, 0.001816789061214195, 0.0013136713247112947, 0.0029407688184239747, 0.002104458487332108, 0.0018522265736118596, 0.001582471864392839, 0.0024491917949002293, 0.0020846886380018006, 0.0018628818879812571, 0.002166996345619016, 0.0017879393974362496, 0.001787434624163386, 0.002174470062555565, 0.0013764598465040635, 0.0028207768450203416, 0.001891378770916373, 0.0020527568551991153)",-0.15949474898342345
0.004139447525154413,0.0035485228087674715,0.0009587744298279242,"(0.0033364177087230884, 0.003534405708019065, 0.0027575434892632483, 0.004277876767243247, 0.004448692801110265, 0.00262893468404594, 0.0026545422923378234, 0.004439790424241709, 0.002469248968458604, 0.00474950365954105, 0.004143638797856072, 0.0028348696649235, 0.003484363646148504, 0.0033649213254878423, 0.003039517961620427, 0.0038682083895674483, 0.002554972912701009, 0.004597676293059158, 0.002046192384651033, 0.0057391382963503795)",0.616333412743389
0.00010221491042880278,9.923698960733604e-05,1.6213012204919044e-05,"(8.677530487069707e-05, 0.00011071553903150141, 0.00010113974776224665, 9.49912793094121e-05, 0.00014445035412941334, 6.650702682578062e-05, 0.0001056347700676719, 9.09486712081591e-05, 0.00011665450706434686, 8.235518039487717e-05, 0.00010887979346154474, 8.823653609257249e-05, 0.00010652182061192088, 9.018891283729884e-05, 0.00010581175314314123, 9.079552163925199e-05, 9.015793798845684e-05, 0.00010655947719360854, 0.00011037316837025676, 8.704249014456199e-05)",0.1836747412404482
0.053970700810100185,0.05788071562147127,0.002618003291857975,"(0.06262926452369406, 0.053985261796582786, 0.0568534140081884, 0.060219708643068914, 0.05811483634222259, 0.05652832586717377, 0.060230438597485586, 0.05577778092462704, 0.05765680767289492, 0.058123718399446925, 0.06163207441106111, 0.053896354250306255, 0.05932747213134289, 0.055849068073582434, 0.05785289426543949, 0.058790102773361066, 0.0620359686588243, 0.05360013495262607, 0.056676155077342395, 0.05783453106015394)",-1.493510273089145
0.006046354837121314,0.01622183397326729,0.0050937500021077334,"(0.016835893940231075, 0.013840502188684427, 0.012162836259075714, 0.020371263606950542, 0.013029552233383047, 0.018084352954660446, 0.009317236831724479, 0.025960984785695643, 0.015551480952726557, 0.0148817509690062, 0.008582240656358497, 0.027803527993080227, 0.013722898507358252, 0.017616995356169896, 0.012624587112822754, 0.019276170395871258, 0.02119859200190055, 0.011392196089479258, 0.01264779687495854, 0.019535819755208458)",-1.9976400749811996
0.010655285432980933,0.01462642194349028,0.0077012033038658815,"(0.03415916989768612, 0.004626016590205866, 0.011859034636123856, 0.014621446281974853, 0.00843790872192702, 0.019041742729480886, 0.007725273945174837, 0.021643233323632875, 0.02826918591447113, 0.005531599939245554, 0.014033086082315037, 0.01167277202605533, 0.007366907943001004, 0.022678323793269353, 0.012335858797734476, 0.01367804810661676, 0.013512698057323812, 0.012344379006384437, 0.020616915344396382, 0.008374837732785963)",-0.5156514318373986
0.011805973720702726,0.009485489852725994,0.003991763318890507,"(0.005788592142695972, 0.012632569586912485, 0.01444044394762075, 0.005462751535362436, 0.004989128473267093, 0.014853308396756228, 0.01225181911295595, 0.006249957837275404, 0.006817139044913526, 0.01063317287130777, 0.009014044703727218, 0.00835437039180357, 0.007403023570659297, 0.010337169882830835, 0.016421768753893257, 0.004697493758843719, 0.017159652783018516, 0.004454117565966567, 0.009262284100445429, 0.008486988594263847)",0.5813179997409517
0.0005082973950644207,0.0008956679944878082,0.00047664476656208104,"(0.0013210481444803585, 0.00045827103325865435, 0.0012237033370512376, 0.0004962189289912411, 0.0003901594634589008, 0.0015522507804789948, 0.0010168375574675097, 0.0005964705660353117, 0.0008193095085204835, 0.0007385548327540827, 0.000316683160119948, 0.0019139990476131953, 0.0014252812505147672, 0.00042553686972106444, 0.00038681111440641715, 0.0015684288766516922, 0.0005092450237316318, 0.001190956113905892, 0.0008454314765944907, 0.0007181628040002884)",-0.8127029322432182
0.0005093318479807038,0.0006043105367987234,0.00014869333182860727,"(0.0006467110197973956, 0.0005328520110295437, 0.0007086319258206951, 0.00048670951925001055, 0.0004826662012822928, 0.0007140458733618578, 0.0005229159550838066, 0.0006593435676982403, 0.0006811602487646025, 0.0005058446010789261, 0.00048491212504275165, 0.000710887331900542, 0.0008613171411131738, 0.0004002933199271314, 0.0003995238119356841, 0.0008630498897252595, 0.0005807659314205542, 0.0005936570139546516, 0.0008406787083141348, 0.00041024453947321077)",-0.6387555356382599
0.0033957420324220887,0.003088481924331631,0.00068369727537215,"(0.0028782860302339784, 0.003157165834757743, 0.003115593722241941, 0.0029280005832333735, 0.002082369134781201, 0.004366908868698477, 0.003386437854293595, 0.0026897391155061086, 0.00397068185634975, 0.0022875790448253002, 0.0021503848247837873, 0.004232197898665295, 0.003565671728785422, 0.002554452380483041, 0.002520851414211961, 0.0036146880212573605, 0.0038799512047426464, 0.0023473857922441167, 0.0029618399689734054, 0.0030794532075641076)",0.4494095839759051
0.0013339788823497857,0.001515838078811003,0.0004148598283521928,"(0.0014306127027256107, 0.0014924058382877763, 0.0018279455694314446, 0.0011707651187245183, 0.0010836037284925036, 0.001971129493801418, 0.0019365454841374578, 0.0011040874269196152, 0.0011755117933825489, 0.0018157728885434198, 0.0011501535246886661, 0.0018580221463899134, 0.0019974008051287353, 0.0010704291559380812, 0.0009359058630476181, 0.002285062962358023, 0.0015686808793605258, 0.0013629258932375675, 0.0010588256539448943, 0.002020974647679719)",-0.4383629940347682
0.002466708653123999,0.002012134944279653,0.0005313311456233627,"(0.0017272439123297905, 0.0021917175627720795, 0.0011753564607045732, 0.0032314258741565883, 0.001553017262783314, 0.0024389079453538388, 0.0016783376693515681, 0.0022600826326389955, 0.0019307194429686832, 0.0019599366866842453, 0.0025345470457373105, 0.0014955260752478271, 0.0019556978641002013, 0.0019395089717778257, 0.0016717046445896887, 0.0022697602292184203, 0.002756260973025725, 0.001376107830135315, 0.0014171212990968882, 0.002679718502920174)",0.8555374790066864
0.0021578057400879506,0.0021811346865250234,0.0004213162532545812,"(0.002039446075445088, 0.0022486280802943293, 0.0023528152212034504, 0.001955677819495694, 0.0018109399921436128, 0.002533671889111664, 0.0018429586650267513, 0.00249343137903651, 0.0017228896281871486, 0.0026606077462910933, 0.0022843129630922203, 0.002010226691360071, 0.0014353239513483513, 0.0032015028028300947, 0.0023671964863956076, 0.0019418485698213003, 0.0024713744412396465, 0.0018592857513376217, 0.001727699068789826, 0.0026628565080503938)",-0.05537157956015579
0.00996803892600055,0.0069685709487704445,0.0018918732618533533,"(0.008318716929495656, 0.0054202418236398995, 0.006034456485928126, 0.007549045788831345, 0.005653801997877992, 0.007987611928771522, 0.004942112927690106, 0.009180494733166084, 0.004094106831679244, 0.010998294815922184, 0.007556786962217753, 0.005990822487426799, 0.004265830009132207, 0.010635244014901202, 0.006161069702738401, 0.007371236334760794, 0.00792127182527645, 0.005726618386523026, 0.007460807550397236, 0.0061028474390328585)",1.5854486860772639
0.013730073980022543,0.01302427106582132,0.002968278591638272,"(0.011779062308582928, 0.01361732067914034, 0.010801122658496993, 0.015151380572384592, 0.007181683377875869, 0.022403160494433326, 0.013138286165242905, 0.012358188995746273, 0.014378906040577831, 0.011125483194194546, 0.013941152550821394, 0.01159648408029423, 0.014800107710840869, 0.010969190651705794, 0.013673718427638658, 0.011896632276048287, 0.010291168412662829, 0.015771098264233865, 0.012106678405769759, 0.013504596049735107)",0.2377818969518195
0.0055958683604251285,0.005944779025544742,0.0011455267942387126,"(0.005927840325622497, 0.005734745924108267, 0.006913855795653278, 0.004958774312215979, 0.008857793058964999, 0.0038427249568874283, 0.005409772038739303, 0.006316370172540238, 0.005460613574098138, 0.006218311398680883, 0.006522556571257151, 0.005229273032813912, 0.004997672285660938, 0.0068368598109208424, 0.006844100263908131, 0.004996597390860129, 0.00740628337005598, 0.0046129389782689385, 0.006672152950731257, 0.005136344298906535)",-0.3045853373962247
0.0015989171030362998,0.0019881321695882858,0.00038911185152690073,"(0.0014620639007415428, 0.002603121078534582, 0.0017905449602510614, 0.0021317409963035037, 0.00210257384509779, 0.001810921142058413, 0.0018791560898236753, 0.0020289059852849644, 0.002183441850728507, 0.0017424082449869311, 0.0025904569782870144, 0.0014708864962608458, 0.0017476169032946424, 0.0021815789505056464, 0.0026405809973689665, 0.0014442520188643949, 0.002137364122134813, 0.0017837036439780135, 0.0025120921159835167, 0.0015192330712768915)",-1.0002652579834828
0.004681237271202595,0.0035422201049806834,0.0008574403494089031,"(0.0035454503399369288, 0.0033484417749568957, 0.003944459004091733, 0.0030174433174833732, 0.003756332488865891, 0.003161491002288214, 0.004994363890113386, 0.002380743712274146, 0.005715115066378387, 0.002076415718189221, 0.004028485329458384, 0.002949972131929638, 0.0033258059030719105, 0.0035751369061162754, 0.004484734474749289, 0.002651918075616954, 0.003200920396585672, 0.0037145152190480677, 0.0029828383245759475, 0.003989819023883343)",1.3283923097474009
0.00011268373363240961,0.00010030852513362539,2.2170018650648242e-05,"(6.806371908313127e-05, 0.00014121573695885433, 0.00010140590464033871, 9.47854436182846e-05, 0.0001007581007281827, 9.539360655260017e-05, 9.017887853595842e-05, 0.00010658543872402072, 0.00011672881396978328, 8.234158917867445e-05, 9.144687174036236e-05, 0.00010510721750523069, 0.00014830886301704974, 6.480906361520682e-05, 8.643310937432549e-05, 0.00011120474685558098, 0.00013051814389374678, 7.364304807815547e-05, 0.00010931280949234105, 8.792939711067932e-05)",0.5581956737967102
0.14930704826264657,0.15020914580008704,0.004879779701510334,"(0.14495853085077925, 0.15449086394295827, 0.15168625233475402, 0.149300585421389, 0.15797826923888383, 0.1403404964783081, 0.1523579811581574, 0.14867935332067914, 0.14224836736831037, 0.1554886872315315, 0.15096312012710975, 0.14968808576978204, 0.15726873687567397, 0.14378552177249135, 0.14633617456140305, 0.15520628073916326, 0.14797800405289907, 0.15304026765471926, 0.15179562230845695, 0.15059171479429073)",-0.18486439811232966
0.03234803211563452,0.026029509235813948,0.00861876638181066,"(0.030215767378736918, 0.018251171397970545, 0.045827521878410715, 0.013470159767508648, 0.02501155944754309, 0.02540292024734794, 0.027819862087414424, 0.022862930832115828, 0.039876199161888844, 0.015551194583087404, 0.038079540536740196, 0.014391181391385186, 0.020491150191236054, 0.031558835974266994, 0.029829570541636194, 0.021058444068489363, 0.031802516557459554, 0.019010377485883093, 0.026003513977026167, 0.02407576721013178)",0.7331122111808718
0.015310407593777095,0.022347032706727138,0.00756867651804036,"(0.00939186996344105, 0.039725476591572065, 0.021858337216641197, 0.020899875029261734, 0.019982893319114157, 0.02410657434120749, 0.02591404571532299, 0.018590241750414974, 0.01883419404901225, 0.024451341490815067, 0.01986580869789209, 0.018474058540215332, 0.017737728593913264, 0.028038095585432365, 0.02563181793668358, 0.018329926385712004, 0.011596684696595996, 0.03791628457683533, 0.03000350990882506, 0.015591889745634779)",-0.9297035084242082
0.005789133254934102,0.011724307469401805,0.003697172552764742,"(0.009613452691309057, 0.01204301297655793, 0.01827950489697207, 0.0069013183023284895, 0.01521382813123276, 0.008484461029896051, 0.011042514089875242, 0.01168173036293671, 0.0075903433084544445, 0.016675841821028714, 0.012192453620771808, 0.009412096619517932, 0.012442732762309216, 0.010516032864210444, 0.01681536624687625, 0.007582786038912778, 0.015898728940993954, 0.007804560744443592, 0.007652428463280415, 0.016642955476128284)",-1.6053278903710855
0.0008074886440204487,0.0008439416073654798,0.00040261205316076155,"(0.0008212628083058748, 0.0007213503117187533, 0.0013704590244975872, 0.0004334214939289452, 0.000755590265810674, 0.0007868111002256958, 0.0006443443158221602, 0.0009223918105342945, 0.0002735582772655697, 0.002171411485853229, 0.0004771714153436634, 0.0012404393738489163, 0.0007095390313741908, 0.0008382517152267523, 0.0010768094386717864, 0.0005515344173990886, 0.0007983421544959104, 0.0007435111608958465, 0.0007422077672021167, 0.0008004247788885408)",-0.09054116253811101
0.0005193740681358176,0.0005991879468814003,0.00011289092791536608,"(0.0004835635126257178, 0.0007170009939087925, 0.0007104065091259235, 0.0004884528506282232, 0.000503308208767583, 0.0006896108880889132, 0.000709130242351088, 0.0004894280680113063, 0.0007388159321779124, 0.0004696821791133505, 0.0007434258737245154, 0.0004662837604318188, 0.000625626089800666, 0.0005548577007416505, 0.0007441568193063371, 0.0004663087288821624, 0.0007038709618730388, 0.0004928956346921041, 0.0005214827238120697, 0.0006654512595648306)",-0.7069999354192469
0.002519477158965887,0.0030917769405192407,0.0003516307404684751,"(0.0030768869166431776, 0.0030571148883080513, 0.002751986285060665, 0.0034325645508681522, 0.002737079593071784, 0.0034550989513229516, 0.003496189575692906, 0.0027049089875779675, 0.003759773680925705, 0.002512906169013874, 0.0027110427369516567, 0.0034684452100929024, 0.0033211573612373173, 0.002849368812232247, 0.003144202919176571, 0.003006131686910292, 0.0034671667794385157, 0.002722338845516835, 0.0032779844700172593, 0.0028831903903259767)",-1.6275590148656598
0.0013594842190665832,0.0015095254037184591,0.00028642465845366905,"(0.0011491732411821841, 0.0019131826066167133, 0.002205571635483365, 0.0009992758558993386, 0.0016459388004508486, 0.0013399343664925879, 0.0015071862979511691, 0.001463231434156417, 0.0016620199765391783, 0.0013262056782885432, 0.0014819483888918999, 0.0014831184682140735, 0.0016762122284092575, 0.001316248045048487, 0.0015016507740738035, 0.001468095409730461, 0.001128545474353391, 0.0019519892029210071, 0.0015317694882055067, 0.0014392107014609458)",-0.5238417162192268
0.0023599922536354885,0.0020475182635633347,0.0005902874533258913,"(0.0021411286811329885, 0.001809339498796434, 0.0018072972869321103, 0.0021506138363554684, 0.0018394925454127086, 0.002114964421318226, 0.0017808953617670677, 0.002184292545841844, 0.003007936418978302, 0.0012923321026332157, 0.0016025363009322619, 0.0024160508436304336, 0.001851701621135814, 0.002102133921261504, 0.001584182514169529, 0.0024541059631754797, 0.0027080809508533716, 0.0014342703689832603, 0.0010847236802321394, 0.0035842864077245376)",0.5293590238307849
0.0019680511317214677,0.0022393785447540585,0.00040114839883186905,"(0.002664958712818475, 0.0018203976258490857, 0.0019793197822322414, 0.002459040767790116, 0.0023226385821933414, 0.0020976185006174246, 0.00261259513590341, 0.0018644692773969987, 0.002063554735041397, 0.00235890956788916, 0.002656413825653463, 0.0018249311078584276, 0.0026300707671333833, 0.001853416115318843, 0.0022100217626492605, 0.0022026241432309035, 0.0018979927497881305, 0.002562532636197991, 0.003170511986922364, 0.001535553112596754)",-0.6763766571739718
0.0070190146375540465,0.007450679080601565,0.0013995374402039568,"(0.006865937459107894, 0.007751110083777811, 0.005363298925142783, 0.010026135644796071, 0.007726038969000779, 0.0069816937285629346, 0.006913032382557873, 0.0077980528501210905, 0.007831404021033175, 0.006868603382714643, 0.005017696460399802, 0.0105815352323561, 0.007629469724544951, 0.0070820291066688995, 0.006806480299026334, 0.007903218998938854, 0.006074764509460469, 0.008831348630609746, 0.008946008203252493, 0.006015722999958597)",-0.30843365146745316
0.016062639560940083,0.014493643997766724,0.003200050657501075,"(0.012333099313163537, 0.015972623697955796, 0.010777807509818722, 0.01866997542384136, 0.011167735246844989, 0.018133519943686036, 0.015199183034306887, 0.013307140702662354, 0.01396888336852479, 0.01441463950946859, 0.008735363523817756, 0.02244340566522999, 0.01392650027183792, 0.014591855076006797, 0.01766985182571394, 0.011396335430247201, 0.014964306090860203, 0.01338280831978364, 0.011946725665347848, 0.01687112033621613)",0.4903033517596218
0.006080067073688621,0.006140135785592002,0.001269816313826489,"(0.007372187418244101, 0.004877719864637548, 0.005352611600982043, 0.006776576026820485, 0.006157399346430652, 0.005906303961592855, 0.00539797911528946, 0.0067336596680843495, 0.005561119563070288, 0.0065242504013392965, 0.004789094499733366, 0.007493606430581968, 0.005294467731032267, 0.006878688350052574, 0.007327800272306957, 0.004951281120836441, 0.00950378107717884, 0.003809154312696517, 0.006572884645347921, 0.0055221503055820935)",-0.047305040303324324
0.00228444677836028,0.002048438644007817,0.00044840563147224496,"(0.0015997670041675886, 0.0025022923665642236, 0.002024524667176897, 0.001982872576465106, 0.002008537365473862, 0.0020003622663943344, 0.0031780945639201647, 0.001263994002122148, 0.0022542387955237298, 0.0017809656912312248, 0.0015387866653822592, 0.002599741297862521, 0.0017301338972876914, 0.0023233190840829944, 0.0020088431177249493, 0.0019985094973846646, 0.0022568026394487028, 0.0017776508199558276, 0.0025876397552542546, 0.0015516968067332017)",0.5263273201489023
0.0038263862579097133,0.0034177864993426097,0.0006648971881604205,"(0.0027980942727605105, 0.004018542289965722, 0.004199755363714337, 0.0026837169866278238, 0.0031659963901870813, 0.0035627797565114284, 0.0026633996991925913, 0.0042340504985327685, 0.00251899857303756, 0.004474551310068721, 0.004537939019918954, 0.002475945033665565, 0.0031691214187644363, 0.0035606863740532077, 0.0031923048513651017, 0.003530254908411942, 0.0027329456471617422, 0.004121582054543239, 0.003336443430354007, 0.003378622108015457)",0.6145307362444737
0.000133663109983498,0.00010090514506697869,2.436010051743991e-05,"(8.060086755127487e-05, 0.00011949354425805766, 6.379380331323615e-05, 0.00015097698770929365, 0.00010274919191799075, 9.373733140969297e-05, 0.00010981650550505029, 8.770468939834638e-05, 0.00011843475324466812, 8.132233435097988e-05, 8.907498186502362e-05, 0.00010812510136561569, 7.737676866902144e-05, 0.0001244747727537256, 7.687101163607763e-05, 0.00012529278827479775, 7.756803781448112e-05, 0.00012416665771785662, 0.00013537847374307858, 7.114429884130456e-05)",1.3447384953550245
0.05999954163053043,0.05723420097623965,0.0031806471620509833,"(0.05972208331098061, 0.05448634013074732, 0.057906094749088234, 0.05658441686712798, 0.06036648729849351, 0.054322707435210664, 0.053719077847337204, 0.06126346642524623, 0.057244747866398264, 0.0562081803636047, 0.060637324851778, 0.05344433765321153, 0.05883095229706237, 0.05607393255668012, 0.0502374458015705, 0.0642439189259516, 0.056676986232998154, 0.057539454203959645, 0.05832389806784133, 0.056852166639505014)",0.8694270421707508
0.017570669852185257,0.01994937600165592,0.00666213286356798,"(0.02329919312079687, 0.015072383605150917, 0.01611691996995084, 0.02277328795643582, 0.018575552905232384, 0.019654463898246995, 0.020683168225644904, 0.01759966048284773, 0.032059897462705364, 0.011503417100482216, 0.02285525107860704, 0.015729379504489528, 0.011129853355360014, 0.032959886155101904, 0.017821740180868913, 0.019184283979353, 0.011620288112308273, 0.03151806251742379, 0.01319471028597632, 0.02563612013613566)",-0.3570487407236607
0.012481027736092125,0.01531917423064879,0.00526714263030778,"(0.026247219037737243, 0.007750680148441357, 0.011620383605487396, 0.018557107406978687, 0.010487058320690981, 0.02042947539804126, 0.014258761876030923, 0.014963873766804024, 0.019290887776408302, 0.011254500614989914, 0.015547142094283305, 0.013496280150338573, 0.012423426056092628, 0.01735504287149965, 0.021223047314032763, 0.00925423011245227, 0.016694814180755958, 0.012883237410248436, 0.0077836688679315605, 0.024862647603730467)",-0.5388398784239531
0.014851487630240788,0.012001647633542535,0.005248305015133499,"(0.010006907586224637, 0.011791297915455341, 0.012177009498467783, 0.01022754657661945, 0.013964748178339804, 0.008870595726723605, 0.007101962770547278, 0.017371175478738378, 0.011081011696942079, 0.011316858325674205, 0.01291152901804684, 0.009405087171479292, 0.009838143374591274, 0.012666429348364913, 0.024290162738594155, 0.004702780982557267, 0.008275888063087228, 0.01501726048879656, 0.0046133274520765155, 0.024403230279524072)",0.5430019765392319
0.0013017832491689872,0.0009121319937608627,0.00047955510861555204,"(0.0011072060824827293, 0.0005842061993615763, 0.00033326532059800134, 0.0019439162129914276, 0.0008345579776625311, 0.0007763676504042612, 0.0005725516189246716, 0.0011313684695122847, 0.0007069206720798905, 0.000916825696814255, 0.0010961949398635127, 0.0005905570273109239, 0.0003463342356855269, 0.0018711543040227372, 0.0017955907764002459, 0.0003599042314785045, 0.0010471550116953315, 0.0006186970900050944, 0.0007582551574575968, 0.0008516112004661445)",0.8125265447239739
0.000570837328992811,0.0005980928861494069,0.00011048270634099424,"(0.0004851392987539275, 0.0007141283010177037, 0.0005549653234574448, 0.0006245664507252543, 0.0006480388429122371, 0.0005348614038693383, 0.0006176612715375617, 0.0005611364384174001, 0.0006216610106449928, 0.000557612121838991, 0.0006565252446205476, 0.0005278360471759705, 0.0007576130051381221, 0.0004575284083928276, 0.0005734930539974136, 0.0006039432041885048, 0.000511280983085728, 0.0006779299234418901, 0.00039157703258270167, 0.0008843603571895807)",-0.24669523456887704
0.002723463305532467,0.0031619233398118163,0.0009370643804288668,"(0.0023620486507374768, 0.0038890616031501094, 0.002704572079344004, 0.0034044121335522035, 0.0025157040987935204, 0.003659070232864394, 0.0023066983519239286, 0.003989952155495936, 0.004409860856118527, 0.002088501376756857, 0.001975358153976102, 0.004656105733172462, 0.0029195581124663956, 0.003153719310584562, 0.002367889952373098, 0.0038740466616817675, 0.0030293095789719073, 0.003039157187659719, 0.0017999032178929138, 0.005093537348720446)",-0.4679081218290241
0.0014790082927250226,0.0014913864069517793,0.0002565132977116914,"(0.0013952596192715945, 0.001548975317700745, 0.0013403926992419397, 0.0016145691138123872, 0.001793104052986985, 0.0012067873704520466, 0.0015471646165706905, 0.0013984675363603843, 0.0011247752967430346, 0.0019244362940909012, 0.0016560262152967387, 0.0013060092101071432, 0.0011481048277822289, 0.0018850377557760442, 0.0011169941895014502, 0.0019332872895314473, 0.0014164426326605318, 0.001527811208776444, 0.0015629505985099933, 0.001381132293862856)",-0.04825525357624579
0.0029098104096421593,0.0020134529265877685,0.000467512144460354,"(0.0027061123292266716, 0.001421277828534743, 0.00237520018956948, 0.0016222873319330137, 0.001409933179523743, 0.0027326381135902187, 0.0024933809292757804, 0.0015449574353569929, 0.002579181434713527, 0.0014944363521492848, 0.0019198496422077299, 0.0020053333499874576, 0.002152486755137045, 0.001790320532643762, 0.0021080646187781053, 0.0018224908407184228, 0.0014279745975909709, 0.0026983050967927693, 0.002282961117154744, 0.0016818668568709112)",1.9172924033643017
0.0022672890195666235,0.0022115596518008387,0.0004964847671430025,"(0.0016713052554091436, 0.0027889781503008973, 0.0024523147719198806, 0.0019042360343905988, 0.0019160385274221267, 0.0024370936130042598, 0.002073903222283724, 0.0022511318083167256, 0.0021351788002581815, 0.0021878409131651827, 0.0033006265983275837, 0.001413610929510163, 0.001865049040703932, 0.002504247360594085, 0.0025721632167452764, 0.0018102321927300948, 0.0014819490259540072, 0.003151074457930844, 0.0021514207357316746, 0.0021627983813183966)",0.1122478904770368
0.009259750484325603,0.007078953171956648,0.0012966448835545997,"(0.005496641386498044, 0.008802796690690746, 0.0077801280662179685, 0.006255149369024771, 0.008803705895447976, 0.005527193706881511, 0.006503249582775509, 0.007477577409523936, 0.00614983603762363, 0.007922303774966652, 0.009059588198795727, 0.0053573344193973225, 0.006799535309766452, 0.007161070945167833, 0.005329753615889443, 0.009047699019624596, 0.007084349303243684, 0.006869305681410936, 0.005679516739439439, 0.008472328286746725)",1.6818770814030088
0.01408022437488903,0.013315804358181919,0.002768646920104199,"(0.011324091484188822, 0.01496300664231535, 0.00816945430837312, 0.020975819001851005, 0.015671019048945037, 0.010932254734506838, 0.016971523707480847, 0.010081884592056705, 0.013201884957848924, 0.013008697780424957, 0.010739961224856287, 0.01587201577906655, 0.013701993480816162, 0.012519390063420793, 0.011789159415103155, 0.014277958880971109, 0.012715043759421358, 0.013476333997695792, 0.012330630136648908, 0.013593964167646659)",0.2760987727096463
0.0044479938541738895,0.0060712531216837165,0.0013313370773483904,"(0.004498618273346998, 0.007807569099395225, 0.006345667143698549, 0.005561415997633134, 0.006554350225881065, 0.005383974667912875, 0.005479533141200638, 0.006436536171515401, 0.005325755953978458, 0.0066328266062474816, 0.007391743800528033, 0.00476378942854588, 0.00603186371673367, 0.0058535381326483595, 0.008473723244929357, 0.004133393043983081, 0.008305688955415804, 0.00424896763542483, 0.007589518105525973, 0.004606589089129501)",-1.2192699318063422
0.002078785732300199,0.002012001877652382,0.0004380782690976295,"(0.0017202623820881768, 0.002248609342509161, 0.002359275777859595, 0.0016421741840480202, 0.001952550640703391, 0.001984201648401134, 0.0025828869717216033, 0.001499697487741923, 0.002436170212737659, 0.001590851122899692, 0.0017109653365515547, 0.0022627451707529374, 0.0012885024892820218, 0.0030073360757130116, 0.0025936612998249823, 0.0014900155082227188, 0.001979953453884777, 0.0019567792335456313, 0.001891542818602654, 0.0020418563959569967)",0.15244731217866805
0.0028225865396428167,0.003479629192922948,0.0005797371127187636,"(0.0031258029239192202, 0.0037703289379976395, 0.0032615265950855783, 0.0036182048293514155, 0.0034431222167493345, 0.0034277020473306254, 0.002948770382794659, 0.00400154104045872, 0.004510505364049837, 0.0026172510535053943, 0.0037227477990596828, 0.003167964080907942, 0.004513953518740487, 0.0026149704745903573, 0.003447808702616397, 0.0034155313089331953, 0.0038741753188156177, 0.003046150295131265, 0.0043739184764351085, 0.0026906084919864743)",-1.1333458542939092
0.00012662218974488312,9.943453809307159e-05,1.7204676851498738e-05,"(0.00010491491572439587, 9.161112301520734e-05, 7.250917687044698e-05, 0.00013255469948641983, 0.00010203553737174493, 9.419705964686821e-05, 7.372816099399538e-05, 0.00013036316457418827, 9.431495084658558e-05, 0.00010190809246471746, 8.871442752551287e-05, 0.0001083409253348581, 9.506664795104868e-05, 0.00010110230615405174, 0.000109401379560536, 8.785385178217099e-05, 7.695109573307173e-05, 0.00012490315856226447, 0.00011365330457610025, 8.456678368724675e-05)",1.5802477365009706
0.12708648729554137,0.12417197267315566,0.004031533152053472,"(0.12131561563930321, 0.12707517924058276, 0.12602465421516806, 0.1218040834316972, 0.12320738015353426, 0.1261586849600109, 0.12254909259288015, 0.12674561466607695, 0.12144875102353246, 0.12737287556454863, 0.11742777133138493, 0.13036014075101185, 0.1271594185696397, 0.12264996352204172, 0.1192986024727185, 0.12830440012118577, 0.12535536896373922, 0.1224525286471469, 0.13077690173030618, 0.11595242586660426)",0.7229295933982808
0.029002394650480427,0.024778230831418568,0.012213366744045596,"(0.02769915359409239, 0.017959788168299705, 0.03414428744049417, 0.01432370858320439, 0.015744845029359328, 0.031176481569161456, 0.013530372661368742, 0.034719905922219796, 0.010533036627600977, 0.044767850797661095, 0.013342686230168125, 0.03718899476574529, 0.03553971187499889, 0.01265231764607146, 0.030229994562235747, 0.015730596573949943, 0.010004254257513572, 0.048362458356361056, 0.014041095541410573, 0.0338730764264547)",0.3458639953738615
0.03290128758074506,0.018970079544125606,0.006382450785486581,"(0.018382283494292606, 0.018507876277504064, 0.014747044907385608, 0.02249112158678578, 0.01539655546775633, 0.021656496661805073, 0.017425373451794755, 0.017918430153355886, 0.0315061559045437, 0.00996987824483574, 0.025958585424885973, 0.013056704388520345, 0.02524725310722658, 0.011578993829401842, 0.02547452691051562, 0.012482711213114455, 0.024480134324847812, 0.01333094864276193, 0.011079174088958619, 0.028711342802219382)",2.1827364604672583
0.004763021839046093,0.01438696438742415,0.008644856641182004,"(0.01934993599944207, 0.007931240411906194, 0.008407332324679814, 0.017843323355270894, 0.014108806239041018, 0.010680464914309556, 0.005222869719117982, 0.027199385961657843, 0.005361903110651112, 0.026650529606054126, 0.010571767922057159, 0.014468525516781669, 0.03628580656471825, 0.0036882669989268674, 0.0071144030151408496, 0.02029884837154128, 0.009689064920307156, 0.015257201325398135, 0.0070152272360589655, 0.020594384235422057)",-1.1132564654145825
0.0005899604620290537,0.0008926542824700539,0.00039156164554121376,"(0.0014563876288876743, 0.00045740349644953995, 0.0010321635076989502, 0.0006449419763584975, 0.0005110513402127109, 0.00130266611291629, 0.00043271931099613436, 0.001535733418784141, 0.0009017243688254789, 0.0007372445763136491, 0.0007928950239282611, 0.0008400906917345225, 0.0005616850899405572, 0.0011802905598262922, 0.0010289706357904725, 0.0006461338332229735, 0.0008882703681179627, 0.0007490632764627519, 0.0003735645039517449, 0.001780085928982472)",-0.7730425691275734
0.0004009217119634084,0.0006000798067739058,0.00011889147475114634,"(0.0007978966952278136, 0.0004350673531462979, 0.0005795757770884824, 0.0005988467953921682, 0.0005370298459711245, 0.0006463038810217513, 0.0005918191293346448, 0.0005861975455016715, 0.000616905861822894, 0.0005624022109906005, 0.0004331972827563012, 0.0008013224573589799, 0.0005545343353730403, 0.0006252892854944806, 0.0007292025904714728, 0.00047581913124622064, 0.0008252112256588402, 0.00042054032137681926, 0.0006534395399135354, 0.0005309948703309755)",-1.6751251107563299
0.003222616254733631,0.0031035248515541547,0.0005510451938991325,"(0.003618999098822162, 0.0025865970697082647, 0.0026117407257332434, 0.003581403760731141, 0.002921647414047444, 0.0032020243599917507, 0.002415655425562426, 0.0038650431789039445, 0.0023469162005849806, 0.003978974872691628, 0.0027118236123076056, 0.003451486973602641, 0.0025380872375925243, 0.0036712750487376774, 0.0026874716416787165, 0.0034760458960125325, 0.002890933586824792, 0.003233940591468895, 0.0038606860525322224, 0.0024197442835485034)",0.21611912144047432
0.0010090830939832453,0.0014958764315411517,0.000273574319196344,"(0.0016289460406950294, 0.0013324941931944945, 0.0020484408701529817, 0.0010591184879647929, 0.0013677010963133408, 0.0015864086267700123, 0.0015903347800107885, 0.0013626617935477443, 0.0012920189699911007, 0.0016775073875160559, 0.0013170516414158272, 0.0016479335114315805, 0.0014996354441817452, 0.001443280776160785, 0.0010522422108171312, 0.00206019787702797, 0.0016275773123126135, 0.0013325807213507204, 0.001232518800766298, 0.001758878089202014)",-1.779382432488246
0.0012244011893650598,0.0020837428878823705,0.0007185041875642319,"(0.002959479295521042, 0.0013116670728332567, 0.0015987886033093836, 0.002426374760545835, 0.0019287508549092507, 0.0020114957222635834, 0.00113671116701422, 0.003407128309265272, 0.001948347520548954, 0.001988244801379822, 0.0031605709965576243, 0.001228097788279155, 0.0013354702775967872, 0.0028947533673224133, 0.0017920022264848157, 0.0021622847548080407, 0.003234486008810743, 0.0011988087858147826, 0.0021444108212456243, 0.0018069846231367978)",-1.1960148783969173
0.001424490739037137,0.0022035703048459017,0.00047805574921122004,"(0.0020191087031176005, 0.0023045463985511133, 0.0015203451437030154, 0.0030584581587380054, 0.0014307301018101233, 0.003250322013179308, 0.0018531617456582219, 0.002504864641413465, 0.0021739274260739834, 0.002135859480489954, 0.0027999977378241185, 0.0016616797432157766, 0.002265046875406644, 0.002045345027607217, 0.002071540477158263, 0.002241951972675185, 0.001780407284008415, 0.002610477697244116, 0.0019029219906937572, 0.0024407134783497554)",-1.6296834984083475
0.007447444480240244,0.007021237771765803,0.0017032842994203978,"(0.007870590598381286, 0.005962116100216936, 0.005630216419413584, 0.00831630039047939, 0.007484229053529151, 0.0062579248739497734, 0.008407266529300093, 0.005538964108302818, 0.007926117954035748, 0.005880439266387482, 0.008052574377174614, 0.005825675263367312, 0.003932800475017363, 0.01176691785562318, 0.006743804831726307, 0.006916444192593052, 0.005441457606732444, 0.008591866994825639, 0.008167290658865121, 0.0057117578853947675)",0.2502264059026866
0.01561455315993152,0.013836106255722416,0.002666795161691997,"(0.01260453585227154, 0.014810691756411533, 0.014663253201033559, 0.012676996874513829, 0.010579805066168005, 0.017579553542273522, 0.01736846539826169, 0.010589261963986477, 0.014447165407702465, 0.01275253058269717, 0.009130276163685721, 0.020434839470199317, 0.012846380566644633, 0.014143401154872566, 0.013226313447404887, 0.013949565087264608, 0.015103990366748529, 0.012271125452948036, 0.011509895173846431, 0.016034078585513836)",0.666885454779637
0.006013535904458853,0.006107042945016053,0.0015466456955732768,"(0.005965010852842299, 0.005917964927786096, 0.007916396029676013, 0.004451043590478087, 0.006206169452731673, 0.005678892394958534, 0.005671723976849233, 0.006184322241488247, 0.006511833493056081, 0.0053905824013504395, 0.007718967905157185, 0.0045721405489660815, 0.0034284582795133084, 0.010177073853570496, 0.005173531819015155, 0.0067890290877204796, 0.008285957896105482, 0.004247180743717427, 0.005998778293160458, 0.005855801112178268)",-0.060457958034494316
0.002134426947968501,0.0020106664546597534,0.00044240947380770726,"(0.001550341122398313, 0.0024934762999710655, 0.001423381743054231, 0.002714238034303781, 0.002620514016081927, 0.0014743993527741894, 0.002122278626706981, 0.001817648736855841, 0.0016422577241111767, 0.002349531806247979, 0.001596125638966183, 0.002421757971931037, 0.0020839658351573752, 0.0018478374303518184, 0.0013757918681747935, 0.0028051386147161304, 0.002036125084692204, 0.0018966356753547405, 0.002129570141674036, 0.0018123133696712592)",0.279741959962051
0.004669034674766132,0.0035247964612515636,0.0008358859375722762,"(0.0021902413415528237, 0.005384654136942074, 0.00267382264736602, 0.004408216128357217, 0.004406841877098179, 0.0026747966686830175, 0.004062429349231394, 0.002897237807735944, 0.0039037270176370976, 0.003015953945966735, 0.0027791337796781506, 0.004243370745114172, 0.0037363335520469703, 0.003144009364237147, 0.0037333540382854897, 0.0031538744624909926, 0.0027063209275012233, 0.00435355133827993, 0.004270554189027034, 0.002757505907799653)",1.3688927664435433
9.959575341181213e-05,0.00010066104654538353,2.3640110340603686e-05,"(0.00011560817465008442, 8.31697704381145e-05, 0.00012792388587532237, 7.516230733147883e-05, 0.00014903693569059812, 6.451465683441018e-05, 8.152120217623857e-05, 0.00011794434342818984, 0.00012793177610080308, 7.515713288479529e-05, 9.862610224043734e-05, 9.749043802975978e-05, 7.167573756054288e-05, 0.00013414205080663306, 7.867318786066573e-05, 0.0001222141445763382, 0.0001025295084485211, 9.377819343388541e-05, 9.899492387205296e-05, 9.712645866879918e-05)",-0.04506295098554091
0.17031830085020372,0.17195127894884976,0.0060407259162510865,"(0.1745554168271849, 0.17244003564383653, 0.1737350887816515, 0.17190478679550153, 0.1791838049218522, 0.1660267098663809, 0.17963780612519087, 0.16323049468593573, 0.17698344720541614, 0.1671696334107731, 0.17870464742863207, 0.1674911355780474, 0.16297601767099346, 0.17217232236448587, 0.16872946178241205, 0.17503939356553927, 0.16997715638949382, 0.17534007134315327, 0.18261030630886665, 0.16111784228164733)",-0.2703281230245718
0.011087702005279665,0.0252486529500464,0.00912012968715195,"(0.033889367320921765, 0.017112934267079643, 0.021488239963529714, 0.02654307627346249, 0.023486957064190465, 0.02538128903343752, 0.021742472715924558, 0.026337281904508427, 0.04975733712873129, 0.011723198867341803, 0.015476877212527143, 0.03450840674929949, 0.03745511195579664, 0.014896273457357577, 0.019324890867682357, 0.030413784739195947, 0.018670572414869347, 0.027559463493721383, 0.01848465625676659, 0.03072086731458375)",-1.5527137694890545
0.028643679962551793,0.019532650624812038,0.009983586827383211,"(0.018480384413771273, 0.01681731596405885, 0.01222363477893343, 0.024803979995769037, 0.02583533512962407, 0.012551251929818411, 0.012009838290380007, 0.025392859987425357, 0.015826478916451267, 0.019834576506221908, 0.008497740880968599, 0.03232060318016264, 0.017143400275316082, 0.017106114858930065, 0.02718354930284185, 0.011673054927510175, 0.048155622924083215, 0.005389817556171958, 0.010368472258488238, 0.029038980419314322)",0.9126008012220432
0.02283889345623456,0.014173358496150232,0.002771884313319507,"(0.013353540733355502, 0.014915200285805622, 0.017212694692978113, 0.011356607492947281, 0.012881961583314895, 0.015989137045265178, 0.012659580103407482, 0.015507911681914581, 0.010359815671414379, 0.019396247229427576, 0.020380532997108573, 0.008889804657726114, 0.014821693766164363, 0.012852867205827656, 0.015969077449441992, 0.012680976466713581, 0.012854957326995898, 0.013488239744839245, 0.01437280246580288, 0.013523521322553819)",3.126225332869971
0.0005469431812358273,0.0008700010267785405,0.00033046805159844404,"(0.0008893850568142413, 0.0007423335625949299, 0.0008617343836923803, 0.0007658876295301559, 0.0006467587752128251, 0.0010220086884481275, 0.0006508772733903168, 0.0010140655214181651, 0.0012572294817729387, 0.0005254543884712414, 0.000709024565382064, 0.0009291512866661153, 0.0005453492399701985, 0.0012094171284010122, 0.00043058792359088527, 0.0015342473642171834, 0.0005587124501113759, 0.0011776369136841343, 0.0014861734102972963, 0.0004439854919052197)",-0.9775766340501347
0.000537445874068107,0.0005946647583803667,8.28600947628528e-05,"(0.0006334516806219751, 0.0005482680168766691, 0.0006089262475134008, 0.0005702837290242144, 0.0006606030398028294, 0.0005258858304482726, 0.0005653042868346967, 0.0006143041455242488, 0.0006451122763136547, 0.0005384239561872987, 0.0004330462529866504, 0.0008014731567030125, 0.0005550318285704299, 0.0006255403052298726, 0.0006618480669020433, 0.0005248235493577615, 0.000600017859272882, 0.0005782448261438025, 0.0007212856026509897, 0.00048142051064262837)",-0.6905481399221339
0.00315479292752305,0.0031166296553663386,0.0006365719294475327,"(0.002398994623224221, 0.0038999366408412387, 0.0033799090616007587, 0.0027662869934867453, 0.0031033573517901475, 0.003018182303298983, 0.001922824928864987, 0.004863280261137562, 0.002645101009507773, 0.00353802985347356, 0.0034616576051954375, 0.002693885942079753, 0.0032049618049143943, 0.0029147090118436404, 0.0031408328631252853, 0.0029804532332848477, 0.0034811861053602785, 0.002674753973415655, 0.0037542665422535216, 0.0024899829986279832)",0.05995123314631965
0.0011105048314959116,0.0015007469688747771,0.0002687223648252679,"(0.0017368709396019843, 0.0012586258519293873, 0.00196369455109221, 0.001112828405308996, 0.0016336075733255008, 0.0013391180078913783, 0.0017284361291025772, 0.001264403066788246, 0.0014890813768645293, 0.001468360102141821, 0.0013887013398825275, 0.0015711811413228662, 0.0018730460889150292, 0.0011660732404150406, 0.0020116217252565214, 0.0010870975340111634, 0.001439636839925272, 0.001514231901481275, 0.0016173697992651376, 0.0013509537629740793)",-1.4522130959684496
0.0017789955774915429,0.002039341659753955,0.0005461662268080383,"(0.001087033157014474, 0.003588205904062841, 0.0020902750090516075, 0.0018651041837681717, 0.0015570054867202164, 0.002507701410423423, 0.0020691275977387136, 0.0018843657951719294, 0.0019080828273710935, 0.0020449273775125644, 0.001732419953335749, 0.0022456250260663307, 0.0014078290028553375, 0.002767186667805306, 0.002131006282608939, 0.001831309711933098, 0.0015283341398173347, 0.0025422606377026595, 0.001682951822400605, 0.0023160812017187045)",-0.47667920402906266
0.0018944873858363811,0.0022330902679157964,0.0005196236173709035,"(0.0032409182107031908, 0.001461916116217216, 0.0022214665504471766, 0.0021317969466677247, 0.0023754402245426067, 0.001996770036862576, 0.0028765530609181993, 0.0016464738965966457, 0.002510448246299512, 0.001888135648694756, 0.002815333871315305, 0.0016785570257684508, 0.0027643938558561077, 0.0017118325775356915, 0.0026956462632218305, 0.0017586368602615868, 0.00273618013807221, 0.0017248347606056435, 0.0018086587428361044, 0.0026178123248933962)",-0.6516310474735851
0.005092436631220729,0.007270105168338413,0.0015847528947982652,"(0.006604161219546465, 0.00767618331394162, 0.0059424385925899185, 0.008518145826040045, 0.005747875640612411, 0.008851370946543206, 0.006881375123549861, 0.0073581125873866055, 0.007702252775730207, 0.006591429829663841, 0.005165239200184032, 0.009733593433900952, 0.00610081510943345, 0.008277153825681043, 0.007358909330242409, 0.006901653548568385, 0.006702377018087792, 0.007469463799545642, 0.011371006734911428, 0.004448545510608946)",-1.3741375985275581
0.014839752212371575,0.014072272259211246,0.0021347352311923305,"(0.019491273909331055, 0.009987378873641314, 0.01238011431077896, 0.015677774648880767, 0.013942525525052778, 0.014060333126869634, 0.011874189980820026, 0.016355520793108164, 0.014197170446414052, 0.01375083716254761, 0.01392865404054443, 0.013750572649906282, 0.011823923371727666, 0.01633827868727947, 0.014540194388188798, 0.013436771718077417, 0.011491504860036148, 0.016528597161894094, 0.013154971433691699, 0.01473485809543456)",0.3595199732248114
0.006513799895666672,0.006142174134548246,0.0011966689228812576,"(0.0076290443369523495, 0.004779494536953445, 0.005010185290425946, 0.007268732852625691, 0.0076678626388183, 0.004769646110722059, 0.00567589560607015, 0.006417798564734449, 0.006489039087467178, 0.005626204077954542, 0.008729431885957067, 0.004148346798439413, 0.005429845836437963, 0.00669355750584246, 0.004880559839851807, 0.0074827299841388134, 0.00541469703547118, 0.006664119274552159, 0.005989854555243411, 0.006076436872306532)",0.31055018979155113
0.0016709485672356868,0.00199231915737625,0.00020425414975938066,"(0.002296531714157214, 0.0017123020846851785, 0.0021525059447733788, 0.001826139913222784, 0.00196315114551606, 0.0020050466575036742, 0.0019091084495616215, 0.002059124549605109, 0.001976010808953223, 0.001990862708308868, 0.0022819150158261254, 0.001719430812357689, 0.0024077819853110818, 0.0016314728078550543, 0.0019273882234235988, 0.0020412870562963223, 0.002097927396027575, 0.0018680674844781353, 0.0021653917222121287, 0.0018149366674501699)",-1.5733858554117508
0.0028069841434980457,0.00351161423181273,0.0005737440394097477,"(0.00430473009292525, 0.002793850642160562, 0.003278657634928114, 0.0036670867421115887, 0.003072106440722678, 0.0039186998133817165, 0.0029612719299638656, 0.004060340668770443, 0.003935642595452047, 0.0030573899110950577, 0.004262227130492772, 0.002816439120138623, 0.003147574661966144, 0.0038176331318369827, 0.00444769991177796, 0.0027054547742998898, 0.0035036301519934645, 0.0034225632530903937, 0.00286814184118424, 0.004191144187962801)",-1.2281262024780055
7.849913913173675e-05,0.00010202600726984541,2.968811780986834e-05,"(0.00012028407119094858, 8.002781733716741e-05, 9.934366454481885e-05, 9.689658025369809e-05, 8.328598022564624e-05, 0.0001155792629153784, 7.660917759412136e-05, 0.0001256515706070024, 8.531239294062284e-05, 0.00011283358422141187, 9.30524189096604e-05, 0.0001034468751267113, 8.214699262866794e-05, 0.00011718057877818189, 0.0001563737887548234, 6.155828453104533e-05, 5.511784931101373e-05, 0.00017464259410762315, 0.00012276864411688655, 7.840801730147813e-05)",-0.7924674877936627
0.10864492440392325,0.11423181694176349,0.004824959597652341,"(0.10683369002068795, 0.1213429981754586, 0.12121486098151912, 0.10760052423959506, 0.11790353567051602, 0.11239248208684094, 0.12219801509443723, 0.10656055902121511, 0.11152962621519358, 0.11747965087525403, 0.1166902703842257, 0.11100046746147459, 0.1132621731298123, 0.11518016429633074, 0.11200717899761936, 0.11697684698613398, 0.1084147787799482, 0.11832164202209881, 0.11218750467698187, 0.11553936971992565)",-1.1579148850404115
0.021653447109696123,0.020942112144610933,0.012261159650336261,"(0.03261943572401028, 0.009236077727772282, 0.03536535185940028, 0.008644145721714194, 0.014601578128542195, 0.022265175294897938, 0.014693974959042228, 0.022861810720854192, 0.030090425952915424, 0.010574459321659168, 0.012539645917849795, 0.026396803179554153, 0.016064863869168285, 0.018709590503170337, 0.011374069221373411, 0.027145942076949914, 0.006077567930091359, 0.04912424984022958, 0.04307188837184764, 0.0073851865711761075)",0.05801530894067443
0.013805843096914504,0.015326300593792204,0.006671984007565589,"(0.008983735813637839, 0.020616805821661265, 0.0073521434709531985, 0.0256849388812023, 0.016992221759686742, 0.01203885136977991, 0.022088836556374884, 0.009674851702562288, 0.012230834461021857, 0.01626196634585558, 0.017732457434254924, 0.011817478503226642, 0.029768985025865283, 0.006202955210847686, 0.013032153546353353, 0.014676600392668007, 0.026148918879405618, 0.007006348673110454, 0.013965805396727133, 0.0142491226306491)",-0.2278868617121386
0.015880096763531408,0.012035096632295808,0.005522570654680384,"(0.0185453378870072, 0.0059878066704345916, 0.01758943451231966, 0.006430280298623709, 0.017747537943453916, 0.006862096639977126, 0.01017680700520239, 0.012476564966539492, 0.01738604711512093, 0.006823966986631728, 0.008845992530847845, 0.014088689228385397, 0.005420875017759951, 0.020428304333804066, 0.005389259362441585, 0.02123275181799297, 0.010194819856395297, 0.01079428743589956, 0.006795595204683068, 0.017485477832395655)",0.6962337599025481
0.0009073890226611569,0.0008833629662847898,0.0004739699333812124,"(0.0008728944005252311, 0.0007014089197406992, 0.00034998719603427774, 0.0017505265397451087, 0.00042106556435227144, 0.0014580467738031567, 0.0008312969920432535, 0.00073970742018791, 0.0008560637039961268, 0.0007165792978484978, 0.0010781407666890892, 0.0005699762710998477, 0.0002708272660283849, 0.0022605006918529776, 0.0010924567337303572, 0.0005609683299095801, 0.0007264123110068308, 0.0008429237944043961, 0.000807164411978714, 0.0007603119407190863)",0.050691098072339236
0.0005491515229759114,0.0005971690166431893,0.00010734576548002428,"(0.0004591457505007652, 0.0007530841545968474, 0.0005318193016673353, 0.0006502901829767657, 0.0006116020479261887, 0.000565811184406368, 0.0004675833681127396, 0.0007403947782773402, 0.0006105633311307348, 0.0005666438893222136, 0.0005904510032123509, 0.0005862200403968432, 0.0004112086982650214, 0.0008408570778115354, 0.00047850235188161115, 0.0007228132869290683, 0.0006372709855656714, 0.0005425762758194044, 0.0005801280485907777, 0.0005964145754742019)",-0.4473161419321504
0.003623586037976124,0.0030689450006940186,0.0004938729083005904,"(0.0032010629244591505, 0.0028662535838004663, 0.0026662064747820296, 0.003443922817343481, 0.0031767696348557247, 0.002899699992360015, 0.0033473538230457387, 0.00275677429160548, 0.0031058609664568137, 0.0029625615262013037, 0.002783409980631518, 0.003312705592714266, 0.0029098442280746616, 0.003152727876610178, 0.0038245951286253166, 0.002402057947534841, 0.0031701009554471055, 0.002893004379434351, 0.00442413122409968, 0.0020798566657982413)",1.1230440624706812
0.0012504711187506532,0.001492123129227295,0.0002901435411215478,"(0.001317923420475344, 0.0016278749717385293, 0.0012200084965267774, 0.001759345683664688, 0.0010922876834410526, 0.001968688178257874, 0.0020692357153566866, 0.0010403194671708173, 0.0016339834661675302, 0.0013151699210202615, 0.0013218635356231658, 0.0016277375309453864, 0.0011223617522792397, 0.0019113874830125179, 0.0016420369195491668, 0.0013075416524607657, 0.0015267825466133722, 0.0014048995116860133, 0.0014271548881177503, 0.0015058597604389562)",-0.8328705493237512
0.0017169290504423246,0.0019915316425378558,0.0004216666431554604,"(0.0011070295632288768, 0.0034400772663218523, 0.0022878726405698995, 0.001665646518291158, 0.001707119872535696, 0.0022378249331170214, 0.0020181646438720705, 0.0018958241748986558, 0.0018291959102848467, 0.002086611893166732, 0.001956936252322614, 0.0019538299033220606, 0.001835703464579361, 0.0020743685866790136, 0.0020371455886308916, 0.0018713491954200732, 0.0019232348779848322, 0.001979744614336872, 0.0017884229812716276, 0.0021345299699229666)",-0.6512314800160525
0.0015788305194412273,0.0022002197338792553,0.0004273466381302325,"(0.0028348354345652, 0.001644614392963371, 0.0030728664594172014, 0.0015182602163497786, 0.0023768606455288922, 0.0019676447663221877, 0.0018157251682167795, 0.002579875426582685, 0.0025039036193800165, 0.001866137286214205, 0.0027525978530774835, 0.0017006107979296034, 0.0023200032509415962, 0.002009395599070334, 0.002522795798545151, 0.0018499629650694282, 0.001940694785808879, 0.002402061307284559, 0.00210099065059388, 0.0022245582537238854)",-1.4540636546406192
0.006861955978014205,0.006976775837673717,0.0012980490776282499,"(0.00870603735259555, 0.005379961655606134, 0.008740898952114879, 0.0053699128356107465, 0.007103949570079519, 0.00665724441708662, 0.007012087140468943, 0.006778207545044373, 0.009656348094233538, 0.004884035899126821, 0.007882499331707664, 0.006016793867946143, 0.005523930316857887, 0.008476853935110695, 0.006806475136730511, 0.006903644892770415, 0.00799685385655601, 0.00585511178489918, 0.006339802778628608, 0.007444867390300127)",-0.08845571530261953
0.011642173172129277,0.013373543335798292,0.0022289073467914545,"(0.016444569953290362, 0.010474755509845885, 0.011270758512410124, 0.015347744892261643, 0.0123700168004366, 0.01419419103671273, 0.014628940414722576, 0.012121785463537964, 0.013645849416152699, 0.01279665525332009, 0.010856232305664126, 0.016264860336295792, 0.015724314289535603, 0.010948715764074956, 0.017712007473653875, 0.00978759246399847, 0.012800510757996304, 0.013447840838980245, 0.014879556742270416, 0.011753968490805419)",-0.7767797823275824
0.0068973440760238995,0.005951354205539149,0.001456924839768902,"(0.0048826314505244295, 0.006827673418946475, 0.006759702355783002, 0.0049406827571741654, 0.0035092313990436135, 0.009577919867717001, 0.004679643734818874, 0.007213120094085588, 0.004163861853381925, 0.008053156559857902, 0.00715891884515038, 0.004706447293868117, 0.005189321118220842, 0.0064226955726799356, 0.00595187439671712, 0.005616463838139177, 0.006224586460059284, 0.005354357302031705, 0.0047912470686968115, 0.007003548723886627)",0.6493058836410558
0.0013827157253353236,0.0019903409929280086,0.00032048409208689844,"(0.002280294547996629, 0.001693162669129404, 0.0018585047801688622, 0.0020786838477727036, 0.002287640715930785, 0.001692321294018161, 0.0018301539232037445, 0.00211836579728509, 0.0018056009388668444, 0.0021424450835588575, 0.0028603940676149293, 0.001354558763116131, 0.0022850452014406167, 0.0016895150632985042, 0.001777359974900899, 0.0021742516702289564, 0.0021388357770591618, 0.0018050061876516475, 0.0019341733181900602, 0.0020005062371281908)",-1.8959607749514413
0.0031177383252503875,0.0034878469603559755,0.000761255632933118,"(0.004010121171517832, 0.002895224362904067, 0.003148167496787796, 0.0036900293596570004, 0.002380733797586079, 0.004888326355548563, 0.002698428099744094, 0.004318743841180088, 0.003782399400105409, 0.00307468342053577, 0.003034197928149961, 0.0038386546918401146, 0.003916698434854304, 0.002964075234634337, 0.004450512399347123, 0.0026108639781560494, 0.0033618593608045542, 0.0034537248519604462, 0.004831690425059959, 0.002407804596745972)",-0.4861818016105305
0.0001076244474935184,0.00010029106033632878,2.2300237154888975e-05,"(0.00011716008336468608, 8.204669886044127e-05, 0.0001371758056838007, 7.00752465520057e-05, 9.097570929790883e-05, 0.0001056624410433249, 0.00011668120404438996, 8.238508633982643e-05, 0.00010976794681968722, 8.75727193528268e-05, 8.856726177821049e-05, 0.00010853629766612011, 5.9877701358064354e-05, 0.00016053707177501243, 9.732701776183984e-05, 9.87664034852247e-05, 0.00010545971997610945, 9.114957019344646e-05, 9.89576301701977e-05, 9.713959120345248e-05)",0.32884794481129026
0.09590255631923543,0.09770426597739758,0.0027713282655862526,"(0.0913444188193861, 0.10324873785256855, 0.09594234412339717, 0.09908455456995936, 0.09595967345668421, 0.09968265011975154, 0.10050241732837667, 0.09663859756548664, 0.09359127077971617, 0.10111012199367089, 0.10101299309289186, 0.09594893730077136, 0.09620093336160586, 0.09752837405162557, 0.09913961461241597, 0.09589801427280902, 0.098084860311005, 0.09725862717468017, 0.09669388614780142, 0.09921429261334797)",-0.650124952909904
0.0258413375285479,0.023508612482042765,0.007672709142158062,"(0.012266650595841855, 0.03482095813173653, 0.04491619089874139, 0.010246397321134295, 0.02139212745634179, 0.025828033573626008, 0.022991092947745408, 0.023326897038176534, 0.021907104768226812, 0.024809090592333535, 0.022198038005953498, 0.0243711947312588, 0.022508768485768254, 0.019660303430862742, 0.029444780850646536, 0.019237301869504335, 0.02602647455557826, 0.02127492872469282, 0.013591609461667344, 0.0293543062010185)",0.30402886428834713
0.015108977341301875,0.012294572496417949,0.0032931131533844443,"(0.012139845027480443, 0.010294720838141402, 0.007845663683700857, 0.01694160571247848, 0.00735657290184998, 0.02089230738552149, 0.008688738016737536, 0.01716061936880232, 0.012742984693474665, 0.011864786383288172, 0.011873451533673113, 0.012712634052140813, 0.014069791231181926, 0.00920578971912158, 0.013055789945909018, 0.01200640974078959, 0.013292209728974165, 0.01157122292239697, 0.00920015062569032, 0.012976156417006121)",0.854633507503824
0.004851579506585124,0.00935407152825205,0.004943819158696724,"(0.018313918826988296, 0.003271954803465933, 0.0064957625777081526, 0.00977702709214678, 0.010180812131023162, 0.007124589762674543, 0.006849245453751558, 0.010239908766824287, 0.00672841617397117, 0.01058757452306933, 0.006267410753271864, 0.011370774971418786, 0.021898302995006336, 0.0028479669657522615, 0.010340652483235981, 0.007142375091842352, 0.007351658553617596, 0.009866880255711091, 0.0170227282890894, 0.0034034700944720764)",-0.9107315371248048
0.001300484051920306,0.001007573244503297,0.0005686198580840139,"(0.00045305650482668774, 0.0016440490293891713, 0.0003973989347283183, 0.0018780529766571571, 0.002418748174377682, 0.0003099085960083033, 0.0005756853577085822, 0.0012995841780377012, 0.0005339915357629642, 0.001402347228896213, 0.0005700611383674394, 0.0013141605619298529, 0.0010338133409222813, 0.000722507056674432, 0.0009889303837286847, 0.000758653489757728, 0.0012198577079445849, 0.0006146377800134089, 0.00048772483397081654, 0.0015282960803639255)",0.5151258846357968
0.0006179405015163277,0.0005991306352401229,0.000112358169923893,"(0.00044154916441930647, 0.0007853319894573362, 0.0006611754607884307, 0.000524780303535381, 0.0004359084343530086, 0.0007970100126010214, 0.0004866494929478839, 0.000713540142827065, 0.00044554708264838295, 0.0007795511350162561, 0.0006076683176211049, 0.000571617912960665, 0.0005734194489755253, 0.0006051401654519069, 0.0006767325765568178, 0.0005134868506528242, 0.0006351348296132403, 0.0005470142007928569, 0.0005445018572592054, 0.0006368533263242376)",0.16740986693665322
0.004158025580420809,0.003099550891067582,0.0005256399688011482,"(0.003442810857810892, 0.0026995849028481817, 0.003551972625037462, 0.0026239001416281382, 0.002394838488977997, 0.003917168657696749, 0.002424165972616541, 0.0038643580155409223, 0.0028029756185288138, 0.003344261385564658, 0.0026399923069877706, 0.0035505046609723744, 0.0025411805353241354, 0.0036634660601898798, 0.0031553367321713872, 0.002975683575544401, 0.002806950912116434, 0.0033421473437621617, 0.0038242708728186883, 0.002425448155214042)",2.0136876040217024
0.0015535621527974848,0.0015036432318186158,0.00030692404650854835,"(0.0021935223056017226, 0.0009877255500224348, 0.001796224732520951, 0.0012082520471168546, 0.0013558984048485999, 0.0016067689146635838, 0.001585294342098998, 0.0013727826290554149, 0.001502188862991252, 0.001449456066399982, 0.0010901267471603235, 0.0019974418695062855, 0.0012685105018284614, 0.0017102069155601714, 0.0015100470689746854, 0.0014435038273857767, 0.0016562834717851387, 0.0013153577344548909, 0.001164964422626891, 0.0018583082217698977)",0.16264258713752727
0.0017732794260289096,0.002005996447164786,0.00040179956374887163,"(0.002393711022138795, 0.001610408536134861, 0.002044165257453338, 0.0018902650633627457, 0.002695248556481463, 0.0014411045990294351, 0.0015536852882386614, 0.002495533204358198, 0.0025915480377241558, 0.001497349916499905, 0.001903567586559511, 0.00203888858214034, 0.0024316997186905644, 0.0015887587291143824, 0.001958561983093233, 0.0019846215632585754, 0.0020364559014435495, 0.0019072994406744246, 0.0015164333743899296, 0.0025406225825096505)",-0.5791868437202351
0.0019877190869019195,0.0022114874823579364,0.0003909258709692253,"(0.002551223769283483, 0.0018517721903503895, 0.002723770908937931, 0.0017386179235066562, 0.0028642105681126306, 0.0016619382195641698, 0.002618232322727448, 0.0018144773397533326, 0.0017836682224783092, 0.002665894031104382, 0.0018814189517879735, 0.0025280867189164647, 0.00233624615072996, 0.002027378923348296, 0.0026035508728407615, 0.001829748060955939, 0.002485966229846452, 0.0019148639234963748, 0.0022375628351373033, 0.002111121484280474)",-0.5724062081161995
0.006737517485387297,0.007012859838185784,0.0013519606885789065,"(0.005139374326512752, 0.009105619729489856, 0.006031299244102246, 0.007816195695742156, 0.0076167009982269435, 0.0062881346633530105, 0.007111644313068556, 0.006693487860186496, 0.007724853518330538, 0.00617964050398901, 0.0077781389534015135, 0.0061427280373697905, 0.009426678776444895, 0.0050042693086198185, 0.005013915099021308, 0.009575351754925394, 0.007653984796503925, 0.006258193777363984, 0.007185003020445177, 0.006511982386618299)",-0.20366150815221493
0.012158377683481209,0.014117885854675761,0.0029177081618549133,"(0.015620649694941941, 0.011900499649746954, 0.012930818287841641, 0.014588206421983848, 0.014638778010005314, 0.013300469310279495, 0.017415310014958645, 0.011043660170571155, 0.010494372341301862, 0.018430935233363477, 0.015686935842149367, 0.012351882068150587, 0.012029089463626805, 0.015703124735208945, 0.011388446106762507, 0.017178728273697874, 0.01672503517623846, 0.01164397133384765, 0.009295449647473208, 0.019991355311365488)",-0.6715915583376262
0.0061201393943286974,0.006142673032530798,0.0010216776886386343,"(0.0065163876012196385, 0.0055739289824324675, 0.006499900082942022, 0.00562162752312871, 0.007086895023096962, 0.005223032988155663, 0.008106127928625199, 0.004543097864122158, 0.0056581736380770095, 0.006523949983360702, 0.004999551058045736, 0.007389039746362935, 0.005607408501476807, 0.006521046153966732, 0.005563474059392892, 0.006666458778601551, 0.005450460817407366, 0.006791963487177157, 0.007930790818690324, 0.004580145614333895)",-0.022055525389935944
0.001347116328864915,0.002041321569272777,0.00041516041903504535,"(0.0013752518141502954, 0.0029011893615020655, 0.0018287491148466664, 0.002186202089284943, 0.00240323806718538, 0.0016709345333855846, 0.0023260615385268697, 0.0017233815262009838, 0.0018796882023831409, 0.002134344845386095, 0.002464132141959603, 0.0016285431760059714, 0.0015651423502019218, 0.002555025979184642, 0.002477591712758829, 0.0016218855499353258, 0.0024090283370969967, 0.001666982751163996, 0.0021724544193855357, 0.001836603874910691)",-1.6721373439727192
0.0032039509702140485,0.0035499258742898495,0.0008111308328894759,"(0.0030604000324597, 0.003907103025533462, 0.0051441254732746125, 0.0023283868378049075, 0.002592300426078987, 0.004637393132715528, 0.0032610254801740952, 0.0036804734436782704, 0.0032179140119006195, 0.003732638034346296, 0.00515379872798508, 0.002331354734372318, 0.0034687764201282523, 0.003455132468385205, 0.0037279751429268393, 0.0032269739272402878, 0.0031166195821462706, 0.003857884009258683, 0.0027539329754681673, 0.004344309599919405)",-0.4265340313144566
0.00011209818065161974,9.889669009614446e-05,1.3446191418941647e-05,"(0.00010655447074731271, 9.018480564318044e-05, 0.00011557121628068964, 8.314922792372834e-05, 7.877750955894987e-05, 0.00012198677538910051, 9.017803221326969e-05, 0.00010656428925122748, 8.18540050991347e-05, 0.00011740171490862668, 8.703933189630677e-05, 0.00011040785573524779, 0.00010643570316451345, 9.028657085430658e-05, 9.173216780409722e-05, 0.00010476032260667071, 0.00010482812324943433, 9.167257978632451e-05, 8.359704764279557e-05, 0.0001149520521679725)",0.9818014740499933
0.0225767951148114,0.02141730160531747,0.002422063973891904,"(0.020892991185414735, 0.02164549342543001, 0.019386829350677284, 0.02258285459571955, 0.016826685571888624, 0.02513130707796577, 0.02145819941028665, 0.02087030426957356, 0.025422725225293066, 0.017682172400621445, 0.020629738225389094, 0.02235594469445994, 0.01961383327823071, 0.023282986972370093, 0.02329093341971028, 0.020090916248632153, 0.01920561202936262, 0.024205265276401634, 0.024520269907680817, 0.01925096954124139)",0.4787212567431873
0.01708827879220425,0.02312452024217991,0.008411796116022004,"(0.02906706760417076, 0.017167068970546706, 0.019688803272658498, 0.02561917429671006, 0.024218779274210674, 0.020193465078292398, 0.027884369640163876, 0.015002620431521658, 0.022339475095977657, 0.02032343216973436, 0.01346883360881556, 0.0326037810230808, 0.033929594330713714, 0.013237134435375095, 0.017217112013965037, 0.029268039763627643, 0.030921284592642644, 0.016485052185430144, 0.010425168876453842, 0.04343014817950715)",-0.717592457867398
0.010324279002437877,0.01680498877596406,0.007883496465650893,"(0.012744855063089387, 0.019370608143703432, 0.012033211173583132, 0.020808307426754158, 0.01584430593424642, 0.015191334738792767, 0.005143417750188813, 0.03847434991297054, 0.008478365709369757, 0.02586773333419173, 0.028445673657731457, 0.0073889429895499835, 0.016636084188895138, 0.012994340712219336, 0.02177154996051928, 0.011477727476741143, 0.019995679470588085, 0.01268516852251082, 0.011165790672537527, 0.01958232868109827)",-0.8220603385519638
0.011212824054384235,0.013737176630871893,0.0052598788120258285,"(0.013718100320597764, 0.012706714069876853, 0.01185812392296619, 0.01489283242519291, 0.019635149604122597, 0.008681701360170825, 0.007660897632800164, 0.01874922168771406, 0.023218292492260418, 0.006769835021103275, 0.017461076723284955, 0.008665893593070836, 0.02512383428147604, 0.006171878022103908, 0.015665118824619503, 0.011244064128973108, 0.010836121933318737, 0.016478061491196346, 0.011188567327761592, 0.014018047754827723)",-0.47992599576936085
0.0015499089388838752,0.0009073507753178727,0.00047288377285102613,"(0.0010852942100399734, 0.0005971798099854059, 0.0007226866880122468, 0.0008973436245774535, 0.0004736578560263537, 0.0013674383588551462, 0.0011920459674638227, 0.0005406874121615023, 0.0004470600013979756, 0.0014455329294544032, 0.0008030647114802538, 0.0008036177452698309, 0.00040754160496764264, 0.001584545258056336, 0.000924130230952544, 0.0007015061977159889, 0.0002899593480883357, 0.0022369255773595324, 0.0006896376269487584, 0.0009371603475439492)",1.358807809563872
0.0005727820529350448,0.0006071130903571673,0.0001542986346137718,"(0.0003965219683411895, 0.0008752625686004946, 0.0005440142280804139, 0.0006380515278099459, 0.0006016742779400943, 0.0005767193914185087, 0.00037596858861574123, 0.0009216698334195994, 0.0008069649207931846, 0.000429727128597318, 0.0005527537981996781, 0.000627138850701675, 0.0006274899674362847, 0.0005525489483473095, 0.0005413118346086446, 0.0006411966604581345, 0.0006619542160991103, 0.0005244079875810374, 0.00041873866682962086, 0.0008281464432653606)",-0.2224973507254766
0.0020035236416917983,0.0031544678748442684,0.0008081403877951565,"(0.002258279739793532, 0.0041545408965093745, 0.004758417323183776, 0.00197263782149915, 0.0038494961755942267, 0.002435141699573128, 0.002851065666122334, 0.0032662136647393487, 0.002683447027596088, 0.0034823247877879973, 0.003210628286610265, 0.002906335469666153, 0.003689969798213306, 0.0025311946049411172, 0.001938815744238217, 0.004841077081081184, 0.0028419387279521743, 0.003304337953585367, 0.0030595658478377837, 0.0030539291803608408)",-1.424188483256706
0.001306481843938499,0.0015093444462709264,0.000328658407436755,"(0.001064595706108171, 0.0020478892263915147, 0.0018799257726465405, 0.0011600740338797303, 0.0018775548822130683, 0.001160581770824764, 0.0012991741942124364, 0.001670698641686764, 0.0012027385797180293, 0.0018083912426488202, 0.0018914123991376737, 0.0011489263005330192, 0.0016202825449604696, 0.0013419293605472908, 0.001487775019499526, 0.001465737649515628, 0.0015724543958287214, 0.0013872526396038923, 0.002025965773024215, 0.0010735287924382468)",-0.6172445242298117
0.0019768098865966337,0.001996555216475998,0.0003401163310670018,"(0.0018175932596612612, 0.0021378299393280094, 0.001762378311955869, 0.002205859366616301, 0.0023823126785534974, 0.0016299012284144208, 0.0026485669190278067, 0.0014581513827240768, 0.00256320545416989, 0.0015110364548552115, 0.0015884511159955637, 0.0024351592456729222, 0.0018760871688137996, 0.002063370037300024, 0.0019161424382481166, 0.0020285147816200915, 0.0017632990067780094, 0.002205408765761243, 0.0019086494201084687, 0.0020291873539153627)",-0.05805463623995857
0.0025817304603414923,0.0022106108490260942,0.00045405462527589753,"(0.0032694381477003116, 0.0014398634541065716, 0.0018097288408567111, 0.0026026146566575778, 0.002164943502079924, 0.0021728757663291467, 0.0019259012024283406, 0.0024293478211569884, 0.001918840928689048, 0.0024453607699451477, 0.0018185332269790029, 0.002576759934393872, 0.0020963936600019253, 0.0022369063287899535, 0.0021731872623707645, 0.002166853541382484, 0.0024646875186680956, 0.0019115666797581534, 0.0015385108428310602, 0.003049902895396809)",0.8173457347558004
0.008612490741882707,0.007021382147058615,0.000977792892767775,"(0.007589445353286269, 0.0064186593694059695, 0.007733547914809828, 0.006309589207526902, 0.006376504661922011, 0.007622350435611008, 0.009568963334347935, 0.004993505509868118, 0.006085091718839931, 0.007924198761982184, 0.006002597204753677, 0.007998944066053608, 0.0066689268655057655, 0.0072166512465071655, 0.006808979929834957, 0.00716120567334065, 0.0062821597763369685, 0.00777443260859114, 0.006789399828284105, 0.007102489474364125)",1.6272449990102136
0.013788729272707195,0.013675652966102174,0.002915757889896364,"(0.014407726267341473, 0.012600437412328264, 0.01414841774170448, 0.012875008165783276, 0.0128071181700125, 0.014110148479533817, 0.013108650203239721, 0.013316114513283357, 0.015455356493879083, 0.011505122740812699, 0.016230738010415215, 0.010861014328216826, 0.00850970499816647, 0.02081458410076433, 0.010191419461150231, 0.017847932453214706, 0.015184401879116266, 0.012018960419230803, 0.017152535341765508, 0.010367668142084398)",0.03878110284699947
0.005824526918154246,0.006014642352978831,0.0009296270329116679,"(0.007516493734529403, 0.004729348963440279, 0.007243905383537301, 0.004914243849622214, 0.006038214187623275, 0.005876178004932596, 0.005251545429232674, 0.006661867567311008, 0.005685124964654696, 0.006200345204142041, 0.007644924128200707, 0.004594471318655051, 0.006885259794462184, 0.005111264277373193, 0.006711436884023888, 0.0053007925737845185, 0.00618382525079794, 0.005760947459229447, 0.00518868902778836, 0.006793969056235814)",-0.20450721428477342
0.0022743089211389187,0.002014627671264219,0.0004654968918996625,"(0.001584807577143793, 0.0024418346452981738, 0.002333691127365329, 0.0016590274093856313, 0.0013594031371164648, 0.002844939625945291, 0.0017389774613306348, 0.002213523489418973, 0.0018465552136686719, 0.0020898168339440032, 0.0019058400062879513, 0.002022405064928454, 0.0017007142336104737, 0.0022677948427717903, 0.0020704248134878226, 0.0018695918465236603, 0.002161458923761508, 0.0017916681900379291, 0.003174408607507791, 0.0012156703757500282)",0.5578581820706848
0.003922967290954476,0.0034686868490080083,0.0005001169677127141,"(0.003611541648093572, 0.003271843894742042, 0.0030494285760229102, 0.0038768514038553656, 0.0035155362871655688, 0.003359362403070709, 0.002834827973491382, 0.004148824232933455, 0.0033799035655775636, 0.003487538998644862, 0.00464848305133236, 0.0025328879254466127, 0.0029743944530682648, 0.00396062425723579, 0.004072450160818725, 0.002902178183505002, 0.0033648475958181325, 0.0035140102158435693, 0.003365960627171062, 0.0035022415263232186)",0.9083483890261117
9.324123852330946e-05,0.00010126025916901496,2.6377113895376747e-05,"(6.361420882059317e-05, 0.00015116438398372618, 0.00011170063349827267, 8.608932164585132e-05, 0.00010246116565640847, 9.385192788377785e-05, 0.00011748896497124066, 8.184569706536614e-05, 0.0001396497301939969, 6.885856318644942e-05, 0.00010826910649191593, 8.881591124458192e-05, 0.00010177313489650098, 9.44850621208701e-05, 0.0001347065217662356, 7.13864062493271e-05, 6.547675219518406e-05, 0.0001468648300757278, 9.08071762271148e-05, 0.00010589568520715838)",-0.30401433142050605
0.1000977932244947,0.09906253829102683,0.004048604593623471,"(0.0987484095840199, 0.1002011859677634, 0.09827629651056778, 0.10145716847453373, 0.09758824536745109, 0.10164722467118568, 0.10536978513812095, 0.09111925695889035, 0.097567637173883, 0.10002146390368594, 0.09060804770044137, 0.1064160159572108, 0.09601900034593253, 0.10015140684750896, 0.10073583493528238, 0.09856260075123861, 0.10192999600660704, 0.09648551973785208, 0.1033478400124983, 0.09499782977586303)",0.2557066044677202
0.01253697156968108,0.018338638212602173,0.004524116146845398,"(0.022363230383465747, 0.01395704018523727, 0.018577931102821348, 0.01657085180605269, 0.01855325075331975, 0.018083709375744675, 0.022734101728662175, 0.013270039060274396, 0.016814387242843464, 0.016977332575134542, 0.012530614690258906, 0.02542153207160746, 0.012118370451238803, 0.027169504424533343, 0.016505235048489247, 0.020240320718404325, 0.01327846030056366, 0.025935600092876685, 0.020029824370660435, 0.0156414278698545)",-1.2823867590062898
0.010917413287282436,0.011839710303195536,0.0033192109721647835,"(0.010487425545661953, 0.012121612076426294, 0.018362401140974167, 0.006850198834124033, 0.010333433156679879, 0.013342716569815767, 0.009289097688710437, 0.013199361108344625, 0.006272169036160846, 0.018591742761985313, 0.008018015690834733, 0.016248981975450404, 0.012177532923111278, 0.011125034356342765, 0.013930532626791342, 0.009889896508161198, 0.01384607459865514, 0.010112117562374446, 0.011117341624934775, 0.011478520278371306)",-0.27786634343148703
0.009544027938375794,0.008905302411475899,0.002295559307497742,"(0.009509241547365066, 0.007662807364691046, 0.011157183860999134, 0.006490248787069552, 0.009028716633877892, 0.008662116302052244, 0.006683637049626049, 0.010574354407229763, 0.012106436652249026, 0.00563093348596868, 0.012024692014379995, 0.006196126848235408, 0.008111294714527956, 0.009515514979041254, 0.011094376865876833, 0.0070623642843118265, 0.008549693382630482, 0.009194494839828878, 0.01339654719807794, 0.005455267011478951)",0.27824396643279636
0.0011271914819305727,0.0008624499432825072,0.0004026707531335916,"(0.00033691272753120794, 0.001790442384591378, 0.0007496773213472218, 0.0008048137199260487, 0.00046208774960303966, 0.0013098123467226318, 0.000435060490917668, 0.0013843550398271686, 0.0011544472095664081, 0.0005218174509830734, 0.0007139824626294246, 0.000845897425312046, 0.0012677548843736115, 0.0004772546489685796, 0.0013894351563923592, 0.0004357218244082285, 0.0009859498521186034, 0.0006131683074363007, 0.0006701656443258423, 0.0009002422186692987)",0.6574640362823517
0.0005360985926787352,0.0005931076094787041,8.118607704130822e-05,"(0.0005291295343127407, 0.0006528976668175496, 0.0004954620809616917, 0.0006972774293990276, 0.0006329037151359032, 0.0005463634558769901, 0.000553976195640137, 0.0006233579072722326, 0.0006546740450063807, 0.0005273972993569547, 0.00048219695403463363, 0.0007166744011957238, 0.0005133549244852677, 0.0006735265070022148, 0.0005740826746680768, 0.0006024083319836059, 0.0005663454807297222, 0.0006104414679930504, 0.0007475241056852342, 0.00046215801201694414)",-0.7022018907375234
0.0027913100957051807,0.0030708381924447266,0.0005403106301157905,"(0.0026448274555982676, 0.0034606830603627218, 0.002568805800774318, 0.003561365551358264, 0.0028583678063962715, 0.0032150394891619586, 0.0027194531342005796, 0.0033597444239765835, 0.0036976084031306593, 0.0024650685124322567, 0.0032272020802817324, 0.0028396565109524694, 0.003125252460885179, 0.002938010915928577, 0.0028087786805052794, 0.003271780974982008, 0.0033468640225622266, 0.0027475875225552093, 0.0020130579459930113, 0.0045476090968569515)",-0.5173470243952853
0.001345461194229076,0.0015030559656447255,0.00031326198208413717,"(0.000981397807579376, 0.002208007295848682, 0.001549136753913042, 0.0013985813811355104, 0.001143343587131677, 0.0018999949284760093, 0.0011794426294371803, 0.0018352981944336545, 0.0016473337196392065, 0.0013125789748624555, 0.0013509839418340823, 0.0016052514752545642, 0.0011695722126311573, 0.001856604812384629, 0.0015198847626544103, 0.001429455314646225, 0.0011665226399335316, 0.0018622505603479009, 0.0015154756119629953, 0.0014300027087882194)",-0.5030765954016152
0.002131372156674131,0.0019992827672953278,0.00029906552356594114,"(0.0020630887498134776, 0.0018945759397597062, 0.0016407336890666086, 0.0023821189891246423, 0.0018390120453155429, 0.0021330449391562677, 0.0017612666551612465, 0.0022158766966674176, 0.0022607606604484946, 0.0017244201874479816, 0.0025427122070570346, 0.001539025670327214, 0.0023837670393639346, 0.001644771174363946, 0.0016415244562526519, 0.002390395210914647, 0.0019117819059026205, 0.002050975526822373, 0.0021339980134193145, 0.0018318055895214342)",0.4416737436125056
0.0020340239826379127,0.0022172502059855884,0.00036291648899474446,"(0.0021634047962554286, 0.002213261659176816, 0.0024488458826335195, 0.001955364163366339, 0.0021446429277919288, 0.0022408545603795553, 0.001867138104751365, 0.002560399166747935, 0.0023564607523509913, 0.0020272453306490524, 0.002342414556844289, 0.0020466481624657673, 0.0017590785626170212, 0.0027308157590279257, 0.0017981197045022332, 0.002673748812045999, 0.0023734871775059146, 0.002023305488959539, 0.003049476372638259, 0.0015702921790018965)",-0.5048715858990058
0.00667655193349706,0.006740192506551147,0.000985973294600108,"(0.006523130984993013, 0.006800599846658139, 0.006440818834601497, 0.006888633670468773, 0.0059671752543592055, 0.007521728079269419, 0.008910348804702432, 0.004953606071172237, 0.006694893906216657, 0.006578213546179892, 0.006498492917490116, 0.006853291377735715, 0.007811201022164668, 0.005738099553411557, 0.006697819427430261, 0.006709687403715843, 0.005284950310771922, 0.008472168276735212, 0.005773644286170959, 0.007685346556775445)",-0.06454593993836157
0.012420570297632766,0.012956896870093493,0.0020907641630297296,"(0.009842787329832821, 0.016518179798080346, 0.014443771716722424, 0.01126011116149593, 0.012144912450415815, 0.01369772406627083, 0.00974975178937148, 0.01651196198120088, 0.01625822951906251, 0.009859269632874855, 0.01343136836694431, 0.012198585540316966, 0.011642117326185811, 0.014250703036652573, 0.014474184485078525, 0.011521992996976796, 0.013937508341711206, 0.01187918543398211, 0.012448270404830928, 0.013067322023862727)",-0.25652179329663605
0.005473803905042765,0.006135427277764335,0.001245440339020105,"(0.004877975334579654, 0.007396685947083358, 0.006088450117564235, 0.005927201522754199, 0.005992869184240171, 0.006079589686793663, 0.004832753361509882, 0.007434531397326923, 0.004305086324679947, 0.008331920494631663, 0.007027231524525877, 0.005151331620463593, 0.0062896567167348314, 0.005786210065018857, 0.004570615700671126, 0.007979994218358022, 0.005343456386010886, 0.006803863464005456, 0.004539776898117328, 0.007949345590217042)",-0.5312365048671266
0.0022576861249187473,0.0020087143646610804,0.0002883931286077194,"(0.0021226043799825608, 0.0018623222965487567, 0.0017261998435556894, 0.002290133361389431, 0.0025287438592538425, 0.0015682228187679644, 0.00205971928187807, 0.0019165279558672978, 0.0019505963797672753, 0.0020226765299147026, 0.002351708246995203, 0.0016827093010062832, 0.0019938767011684917, 0.0019881779079257895, 0.0017001731390889154, 0.002333318056703466, 0.001968748656319722, 0.002012852117292649, 0.002536333934258726, 0.0015586425255367678)",0.863306839034731
0.0039008792474231474,0.0033152234688420034,0.000464607320187209,"(0.003781033787237318, 0.0028505493723838715, 0.0031847777456224208, 0.0033848107672907178, 0.002974823659021123, 0.003633570146884751, 0.003621417766132985, 0.002972214703212742, 0.0030259052722171925, 0.003557540246732186, 0.003162586461260583, 0.0034115021773029395, 0.00356513126354981, 0.0030310448873907365, 0.00415803092492047, 0.002600277956676361, 0.0025684171403446807, 0.0042044851466647055, 0.002902173378891284, 0.0037141765731031925)",1.2605392836797313
0.00010834536561547895,9.922980219161406e-05,1.59343959513861e-05,"(9.580239504171261e-05, 0.00010030572620505433, 0.00010856335994420751, 8.851559130974692e-05, 9.718588831153353e-05, 9.887970064192623e-05, 0.00011156435654362079, 8.613345859384185e-05, 8.179569453381292e-05, 0.00011748210915503782, 0.00013549890716047224, 7.092024889208087e-05, 0.00011031881208107672, 8.710830555534747e-05, 0.00010910703946884938, 8.807559777129052e-05, 0.00012020345837336237, 7.994462728969352e-05, 8.803695442229057e-05, 0.00010915381253732273)",0.5720683389364345
0.01578363389375632,0.012454898828492246,0.0019973010597066376,"(0.013460470492784449, 0.010951637210945317, 0.009198950584413347, 0.016088713046932747, 0.014679168700462392, 0.010840969122038613, 0.014516387183585165, 0.009414357797080946, 0.011793572307698964, 0.01359746131846844, 0.010772546213826104, 0.014538290079350327, 0.014648689628927458, 0.010614337315748488, 0.010301630082024924, 0.014112517811508341, 0.011054550244733412, 0.01349592130623214, 0.012261259243449294, 0.01275654687963403)",1.66661658195535
0.015624478852512906,0.019260684124527905,0.007089986896769524,"(0.011896559097460666, 0.026366693925676823, 0.030398616375537136, 0.01142642115829118, 0.015125055850600325, 0.020678330666743128, 0.020807625727344986, 0.016270300244030932, 0.022609343450671848, 0.015206160753199943, 0.013138247069599996, 0.02564036450854442, 0.018033500996658576, 0.017974092289050784, 0.027977548689290036, 0.01097883221747466, 0.03555370702068371, 0.008719548879281232, 0.019234532463238457, 0.017178201107179273)",-0.5128648790129354
0.0160487885003952,0.014231663345433593,0.005836515476298804,"(0.024831567790110497, 0.006580362207737619, 0.010226956759817185, 0.018790867864608447, 0.005462956141986506, 0.029781660166177098, 0.014334001474002534, 0.012869377816660576, 0.013755981465365219, 0.013753250275852943, 0.01810848176119623, 0.010108079381734277, 0.011465351277766059, 0.01501941943524437, 0.013302916735051318, 0.011877792142224532, 0.012461523646604905, 0.01286738582238137, 0.008745898376102446, 0.020289436368047652)",0.31133733172484035
0.01717507602551133,0.013165586922603537,0.006563012230327796,"(0.00825803796593696, 0.015777464908327397, 0.009588748859706508, 0.015524768591024916, 0.01360085111848673, 0.009548287999240195, 0.009098492717157288, 0.015818931436801686, 0.014225060128197567, 0.010337682935210547, 0.01609345905104547, 0.008887503059492157, 0.005267760592851846, 0.02582966593675065, 0.005404683210049359, 0.023447406547771575, 0.004564914150569974, 0.028097225276929774, 0.009996834742979847, 0.013943959223540296)",0.6109220830611701
0.0005372688686595756,0.0010125135100788954,0.0007532807468232824,"(0.0015777512178899715, 0.0004094860911470908, 0.0014687463045942016, 0.0004417083102707022, 0.0012308478121798004, 0.0005248762037581265, 0.0034602718937785876, 0.00018727732158685026, 0.0003662656313626347, 0.0017709667569982472, 0.00038309397348750836, 0.0016913662168790583, 0.0005611307789753152, 0.0011529649424695469, 0.0005015907316947123, 0.0012868399999015389, 0.0007324024147527334, 0.0008815868624723774, 0.0009086699777874942, 0.0007124267595914115)",-0.6308997587201188
0.0005662537214705686,0.0005928809988908215,8.075970890047886e-05,"(0.0006571366740381466, 0.0005252925366972274, 0.0006829513639579406, 0.0005060123521004969, 0.0005477675566098503, 0.0006301634842727628, 0.0006481457551082891, 0.0005330277383958936, 0.0006278363621553829, 0.0005503933754384179, 0.0004797732022742015, 0.0007200572622174739, 0.0004984854101543234, 0.0006927382994102354, 0.0006690776022247692, 0.0005157902030322876, 0.0007087535590786829, 0.00048696390729986684, 0.0006217672230803023, 0.0005554861102698775)",-0.32970992321265036
0.003104358488170024,0.0030654338752197363,0.0005214307242864584,"(0.003633534424084543, 0.0025110478711514303, 0.0030277174437770334, 0.003029918989473648, 0.003937953762170987, 0.002316600569389866, 0.00281402005867657, 0.0032555411891747824, 0.002917766327410042, 0.003142454121201676, 0.0031229653692715783, 0.002932717659876224, 0.0022548900171015076, 0.004053437097134484, 0.0039060555487148547, 0.002333226767253947, 0.0031447274116972617, 0.002899520922307987, 0.002761801907885996, 0.0033127800466402936)",0.07464963443332466
0.002085465899252063,0.0014881314218848955,0.0002421202222233663,"(0.0021867122619534532, 0.0009870638691909413, 0.001546727428187619, 0.0013999707403420198, 0.0015408868859386334, 0.001400664000068321, 0.001325737714227905, 0.0016320035142531099, 0.0014685639673218073, 0.0014740664715521257, 0.0013281176782038513, 0.001628837407627026, 0.00147582452244646, 0.0014640580539105237, 0.0013145841803120129, 0.0016408026057815803, 0.0012276698439589858, 0.0017574741928125198, 0.001662277661875, 0.0013005854377340137)",2.4670986664472028
0.0018717144229860813,0.0019789562004150626,0.00023150376388901122,"(0.001690790571728423, 0.002282494814585215, 0.001627187863328127, 0.0023822110841000407, 0.0020298981361544176, 0.0019010274572023563, 0.0017993884000096804, 0.002151801563971157, 0.0016999384078212948, 0.002279480225778757, 0.0023663448319959646, 0.0016359324597238233, 0.001967339574232535, 0.0019645068580536793, 0.0019004089406628997, 0.0020288263519514576, 0.0020470201171492474, 0.0018842580432956635, 0.002086988351825441, 0.0018532799547310633)",-0.4632398870214298
0.002263788426478338,0.0021776789364432946,0.0003656955849540522,"(0.0026896630771586424, 0.0017132523839386146, 0.002048245775447812, 0.0022598182504803776, 0.0018496176433707428, 0.0024911852638612453, 0.0024219273070881704, 0.0019089462879896613, 0.0018299987426448807, 0.002528565478838184, 0.001943792789823449, 0.002378076994257226, 0.0018188699322825653, 0.002537240971987226, 0.00255784067635957, 0.0017998142437475394, 0.0018707919073678281, 0.0024617507126438415, 0.0016569318173731828, 0.0027872484722051257)",0.23546767742865313
0.009696004129239889,0.007030425226939105,0.001536454118019134,"(0.0057658030213446265, 0.008149018524971435, 0.007637954367679613, 0.00623893034821161, 0.005435914852244635, 0.008641628986492546, 0.010349994338010163, 0.0045873485165697, 0.0059685549156412825, 0.007976492762660468, 0.009217932395540475, 0.005147790844349416, 0.005502849900828493, 0.008578579302532354, 0.007844335517038238, 0.005971519859914609, 0.006753138492934549, 0.006944902612815707, 0.007926815930771805, 0.005968999048230405)",1.7348900113837231
0.012519974699906138,0.013638020056583475,0.003304428943118616,"(0.011701572752774336, 0.01488836326742413, 0.01267795480500641, 0.014113171572071053, 0.0128601480724848, 0.013541343425961439, 0.013023069628739932, 0.013644617007851982, 0.017459240437324466, 0.010230088899118356, 0.011593447312032613, 0.015310652707118113, 0.010838082843391324, 0.016217884087425263, 0.010384311633536569, 0.01668048728857325, 0.009228890733384485, 0.01881227616074225, 0.008309383496998241, 0.021245414999710492)",-0.3383475256763006
0.006445645513061619,0.0059777551248163365,0.0008644445959965553,"(0.005779808915042047, 0.00603305441082595, 0.0069122115433944585, 0.005104290888701969, 0.005239432666485229, 0.006654086318043952, 0.005823672437141586, 0.006039921714193922, 0.005089315149787058, 0.006927307020676116, 0.005481567334618055, 0.006413873703499242, 0.006532641886920169, 0.005358731524463642, 0.007212018117360653, 0.0048226663417613716, 0.004926147952678605, 0.007067674135845892, 0.007391815196880517, 0.004744865238006288)",0.5412612796843108
0.0023210371027201676,0.0019977897669169542,0.0003439755417084928,"(0.002317329084726468, 0.00167202450306851, 0.002014509077632488, 0.0019308149487867248, 0.0018143797365707322, 0.002135387144808581, 0.00202646495396833, 0.0019174969032819422, 0.0024488573658049467, 0.0015879570126975846, 0.001565216873571473, 0.0024821759699324548, 0.0019338548553498704, 0.002006163257769342, 0.0014532602960739493, 0.0026639276094251032, 0.002455169855927608, 0.0015773533029663986, 0.002136091642625313, 0.001817360943351264)",0.9397393029680994
0.00356076404487146,0.003506469025775439,0.0005934390758333507,"(0.003623361200845407, 0.0032982608610919667, 0.004372958289498191, 0.002742155022004212, 0.003373915076530123, 0.0035419955297758513, 0.0037677970917662485, 0.003179691518669197, 0.002565210056279421, 0.0046739030952874655, 0.00436587869187045, 0.002743821336754088, 0.004189308819419384, 0.002855919055529683, 0.004016153800339977, 0.002973430828743841, 0.0036730160980928584, 0.0032520830005205725, 0.003515598964100798, 0.003404922178389048)",0.09149215362971494
9.318949008764529e-05,0.00010060154961355559,2.3759369267685674e-05,"(8.780520501893417e-05, 0.00010955080347905547, 9.075178181738992e-05, 0.00010599575214255691, 0.00010935468800308562, 8.796268679449837e-05, 5.895371755583878e-05, 0.00016316617720764503, 9.704813796240427e-05, 9.911883955666847e-05, 9.254414497867882e-05, 0.00010394232218336305, 0.00010377549106335197, 9.269226682642655e-05, 7.795540469012391e-05, 0.00012339226659023817, 9.69827424602097e-05, 9.918367775513634e-05, 0.00014594507519412106, 6.590981099138532e-05)",-0.31196364863065595
0.09383370992194845,0.09640498138337086,0.004831684766723883,"(0.09760546746058713, 0.09447419021468415, 0.09383072913925013, 0.09999653626611889, 0.10186471681297356, 0.09083478967479969, 0.0930675695097114, 0.09954656593292636, 0.09733073037911633, 0.09668751954597721, 0.09342642185852322, 0.10024243660856301, 0.10066251234031134, 0.09138325600863448, 0.10118874841329645, 0.09108068545828674, 0.10401395945537795, 0.0880179678918534, 0.10311826468394616, 0.0897265600124798)",-0.5321687124811871
0.0373123309100936,0.019934035977002093,0.00993482708136262,"(0.01717330071482506, 0.019118592904175207, 0.024034508696999305, 0.01209665755920914, 0.013201917521317103, 0.023029303400255954, 0.007427299203717651, 0.042163405219529757, 0.009059869475224807, 0.032078991711400995, 0.025734498149634147, 0.012471726506090162, 0.03679693566864655, 0.008576742630124026, 0.010400518500186449, 0.029437626288946014, 0.011660187925051448, 0.027539593321984347, 0.01726527295781106, 0.019413771184912672)",1.7492297340225045
0.016138379517897757,0.01626931622880334,0.007981631473444176,"(0.0116277791135533, 0.01919004649410006, 0.006349025207046112, 0.0299145190133685, 0.03329112176152277, 0.006052605326103445, 0.013588928720594211, 0.015426163991668396, 0.026812906635974486, 0.0070781838779337015, 0.018285698396747693, 0.011840298806688304, 0.008039996325888848, 0.02633011430006058, 0.009368675212527492, 0.021710454131798562, 0.01711550334318107, 0.012658806361171376, 0.012822799915350097, 0.01788269764078782)",-0.016404755261029573
0.017163496273759165,0.012179122525423376,0.005453215506790805,"(0.01396628500095416, 0.009499539120755419, 0.014212370224282045, 0.00798730562045502, 0.008533275939445167, 0.014084294784324432, 0.010863941744154443, 0.011499158930869443, 0.007294346100519635, 0.015546170462158507, 0.005971619297641175, 0.0215768476055806, 0.015662675692248402, 0.008047500371720697, 0.004341720150120705, 0.02793780120658876, 0.013863134256749584, 0.009301176211531013, 0.012478134396993822, 0.01091515339137443)",0.9140247147997042
0.0016754941518784892,0.0008557872929895391,0.0002965463600805544,"(0.0008489669966291093, 0.0007722711343910992, 0.0005191786808540917, 0.0012566222445216531, 0.0010522265024453911, 0.0006211179536991436, 0.00041739514068860897, 0.0015679536065181757, 0.0005725552189269669, 0.0011393569142451702, 0.0012170553869321292, 0.0005382000835169742, 0.0006348937119057381, 0.001030882166019361, 0.0007556604908823823, 0.0008651356102604426, 0.0007311345400296615, 0.0008959297160442078, 0.000618713255568003, 0.0010604965057124753)",2.764177778699706
0.0004703014177733349,0.0005942663555202352,8.862994755582399e-05,"(0.0005071934342936937, 0.0006821630485268003, 0.0007585313598750308, 0.00045550293175571364, 0.00045684728106143896, 0.0007566734969830496, 0.0005924487463959782, 0.000583696530664827, 0.0005676002721359135, 0.0006087118549462646, 0.000518201920497619, 0.000667496870224141, 0.000569555414642545, 0.000607186707689191, 0.0007104196959495666, 0.00048663316406266237, 0.0006052758173191046, 0.0005714774119682553, 0.0006330261362708311, 0.0005466850151420726)",-1.398680030458332
0.003591243950093792,0.0031356724599142004,0.0007638211981783471,"(0.004002716880337306, 0.002330127299776957, 0.003387131350797368, 0.0027359297395635742, 0.003395606583609226, 0.0027355573295842887, 0.0018738870040202087, 0.004964864225947741, 0.0030657819751796407, 0.003022608449161577, 0.0038046865837288546, 0.002448453464137075, 0.0031339332745517145, 0.0029698190667653266, 0.0022087314866273515, 0.004207107285969012, 0.0029222905788109936, 0.0031878640140336253, 0.003956345053739812, 0.002360007551942355)",0.5964373485130987
0.0010774019293836798,0.0014956438887547732,0.0003005400316832823,"(0.0012154762754428767, 0.0017743799947739275, 0.0019235752949039358, 0.0011169331592000037, 0.0012549832602215118, 0.0017143659156762798, 0.0013050183440167574, 0.0016502111097148775, 0.0011606028071727236, 0.001851138607205336, 0.0015769105239167454, 0.0013667047322660953, 0.0009913974145717612, 0.00217269239195067, 0.0014732536190829241, 0.0014607062703519281, 0.0015150172326728387, 0.0014225659742289818, 0.0012770876286724224, 0.001689857219052867)",-1.3916347750034468
0.0018829540378021681,0.001998958739743905,0.00043278393017528647,"(0.0011081225082747045, 0.0034700403897150955, 0.0019545572604063887, 0.0019569271931318467, 0.002030107089959302, 0.0018877252035874922, 0.0023488807136448926, 0.0016337522202939138, 0.0022385006382145346, 0.0017085874041177266, 0.001984692956667959, 0.0019355064177981674, 0.0019724659211260375, 0.0019460027713820917, 0.002064274158236502, 0.0018570811330419186, 0.001778570496542958, 0.002159882364901288, 0.002169724443660971, 0.0017737735101742956)",-0.26804299756405575
0.0023311999746572173,0.0021993852251448362,0.0004050775436107365,"(0.0028769069575058856, 0.001632014181506752, 0.003059177298690884, 0.0015265347368652092, 0.0022173494582940962, 0.0021101863221681095, 0.0017546739410306805, 0.0026703761855561533, 0.002026459142887522, 0.0023042838103878643, 0.0018745013182726298, 0.0025021887236174743, 0.002367398135350547, 0.0019796370895678447, 0.00250591212805869, 0.0018678160046912392, 0.0019175417875578378, 0.0024461122423096067, 0.002005875981806515, 0.0023427590567711852)",0.32540621318433244
0.0057941288851914245,0.00710130801614154,0.0017095832072571064,"(0.0053000048873968605, 0.009059032749731195, 0.009375073353988534, 0.0050350482605211605, 0.007740492409936235, 0.006135786366640548, 0.009448233029678411, 0.005049296043383761, 0.007629028173185528, 0.006185688342964016, 0.008806859561659502, 0.005434196240413451, 0.008664106094848224, 0.005509706585625947, 0.008478280460119017, 0.005607755059465498, 0.009224756357640654, 0.005188607082182808, 0.008469669244831241, 0.005684540018618216)",-0.7646186072729289
0.014663006933312269,0.01320710915683626,0.002306642005929266,"(0.014820908016406231, 0.011591091018433563, 0.013948860726543881, 0.011911431233387126, 0.01001966811322515, 0.016783216472695747, 0.013114476062009715, 0.012935832816147784, 0.01721880489062595, 0.009644094265580164, 0.010828370479395392, 0.01576458214502501, 0.011808417775079098, 0.014384157378723485, 0.012634360821267657, 0.013337516991892045, 0.015875847193508208, 0.010754881131462474, 0.010858550461382411, 0.015907115143934152)",0.6311763042264884
0.006427802325595089,0.006131263650684966,0.0012682395646631077,"(0.00775227949424624, 0.004683544413669214, 0.006913414204523375, 0.00517797296651289, 0.007106182985964159, 0.005063266133637667, 0.006253304616648481, 0.005775442366463606, 0.0066756813182702514, 0.005361072579579118, 0.004796875935274032, 0.0075487671238573355, 0.0080948592193907, 0.004463750646493284, 0.008614834154994066, 0.004180253041884814, 0.00544789988464404, 0.006647335411651866, 0.005891073942379476, 0.006177462573614705)",0.2338191325776019
0.001732067774148434,0.002002120117131779,0.00039133161531258975,"(0.0017381299055453986, 0.002229410158836385, 0.001645928448817175, 0.00234331845527241, 0.0022130855532041366, 0.0017457213426125173, 0.002322241068178125, 0.0016657233101608595, 0.0014036211752741874, 0.0027476266135501174, 0.0021816595023539612, 0.0017745952615307293, 0.0013437160945194222, 0.0028792109273326288, 0.0019964093014269947, 0.0019357519460448643, 0.0019022418091810774, 0.0020353283413019345, 0.0019505114208134796, 0.0019881717066791804)",-0.6900856777636822
0.005094651607953884,0.003455718291438851,0.0005143802454201825,"(0.0030800894281801656, 0.0038029603813598896, 0.004328662210524732, 0.0026946918810254587, 0.002727089495501254, 0.004283636103183577, 0.003276787007328965, 0.003569193310054944, 0.003812493270192082, 0.003059254664202575, 0.003350670049475033, 0.003493063398166058, 0.003434639773339271, 0.003405385700111378, 0.0028363370852949525, 0.004119686392147092, 0.004157481262799297, 0.002815285910519553, 0.0036933508262774646, 0.003173607679093289)",3.1862291196199326
9.789587550986126e-05,9.908172548198426e-05,1.465543846341025e-05,"(9.706514904068372e-05, 9.906634732323989e-05, 7.761865401362121e-05, 0.00012388342969796987, 0.0001030281564292102, 9.333125532005789e-05, 8.870843100136218e-05, 0.00010839795327506239, 7.714612403139423e-05, 0.00012464221509769446, 9.443602827712774e-05, 0.00010182396409430267, 8.827792237874266e-05, 0.0001089265420893443, 0.00010454439012298288, 9.197773104299837e-05, 7.742421743089616e-05, 0.00012419694444888336, 8.856819985337275e-05, 0.0001085708546707383)",-0.08091535269201722
0.10815605105990067,0.1171238231369918,0.0036686132269507605,"(0.11626359311697876, 0.11954758797629615, 0.11083984283799353, 0.1205727159160711, 0.11316821957121742, 0.1203594896214457, 0.12033680750256014, 0.1146601746907971, 0.11371477687434, 0.1184290242734851, 0.12148586692006301, 0.11427333399233211, 0.11453905171807038, 0.11947653207579884, 0.1220324785197819, 0.11073929784579764, 0.11376363347808578, 0.1217126108602324, 0.11713336142241318, 0.11942806352607536)",-2.444458306809536
0.028704225645189423,0.02207658737938817,0.007658592311971858,"(0.01570626355139852, 0.02618679678351624, 0.021079742580808587, 0.0205083447803685, 0.04632812584419349, 0.008777285464066142, 0.026681181038341946, 0.016772080835849763, 0.013289751251772484, 0.03164044644823038, 0.02180623698751038, 0.02023953480027279, 0.0220611363244124, 0.020639529976425743, 0.016735876280355912, 0.02706640069820251, 0.022647824100795015, 0.0201959626470638, 0.019688241826007265, 0.023480985368171454)",0.8653859607386304
0.019387808301786744,0.01694542428721311,0.004554664061956756,"(0.0279775103809578, 0.008881363406458405, 0.016576545282652243, 0.015912522490766738, 0.01894735691859735, 0.012952231085280461, 0.015571670150674967, 0.017654500090958803, 0.014892788053028114, 0.017133751446294965, 0.01135635638827771, 0.023803606659597642, 0.015108263683358183, 0.01856746518350017, 0.014503793390903836, 0.01923166062007145, 0.02237875726594218, 0.012612813840416022, 0.021630375966354337, 0.013215153440170841)",0.5362380147800289
0.010185634229765976,0.013743679493653144,0.0045492472770567016,"(0.018176376644450442, 0.008710325160851467, 0.00701787424450849, 0.023880403693814903, 0.011651695326401682, 0.013448024830408644, 0.019944253559265473, 0.008739798766237466, 0.01308790898727728, 0.012407562932476381, 0.010468823762924209, 0.016380991532433834, 0.012054252877627894, 0.014730821606979423, 0.018459812720138354, 0.009573255578696984, 0.009757476106598878, 0.018322046209163362, 0.010035950552050366, 0.018025934780757317)",-0.782117358586226
0.0020214472080924925,0.000830770758429108,0.0003040212186293107,"(0.0005230785363345125, 0.001156719134282379, 0.0006885032650616047, 0.0008804208614380224, 0.0008651726539293858, 0.0006994082352452121, 0.0005447436628589818, 0.001114129057983321, 0.0009703680955049434, 0.0006240409219089134, 0.0010165541168518446, 0.0005966841548732424, 0.0004156351760181054, 0.0014607814116237821, 0.0011118786654851333, 0.0005460613250615562, 0.0012916338214097249, 0.00047026967585979304, 0.0010731547924182484, 0.0005661776044334528)",3.9164254884300087
0.0005792545906103147,0.0005983635795021063,0.00011399201476625463,"(0.0006880174590460948, 0.0005027552674419996, 0.0005498673207278644, 0.0006293768235890675, 0.0005659866518138149, 0.0006111404135908929, 0.0004943840703819413, 0.0007002427223937261, 0.0005585694185894281, 0.0006194037836030444, 0.0008875813169446672, 0.0003899772898426445, 0.0007317833678616357, 0.0004731353395922191, 0.0005522007750055794, 0.0006269962497561266, 0.0005988471043580819, 0.0005782219582872663, 0.0007422034482830162, 0.00046658080893301613)",-0.16763445168484264
0.002214825318526124,0.0031214197149927268,0.0007408562848433306,"(0.0030777538489434706, 0.002994179399533025, 0.0025799821843161506, 0.0035795836869425514, 0.0023456863812210803, 0.0039269078653082976, 0.0019290705069830122, 0.004794572449841154, 0.0029760528799516834, 0.0030994757165375515, 0.0030120380211171058, 0.003068828904885702, 0.003065990865396962, 0.003018856002370221, 0.002450954424375233, 0.0037756389896542834, 0.004182242823085777, 0.0022136210219563376, 0.0022869230968426213, 0.004050035230592318)",-1.2237115551477313
0.0016452824647354316,0.0014906204021376285,0.0002534870654927246,"(0.001821492906495664, 0.0011847511153418827, 0.0011559157518899765, 0.0018693583939351644, 0.0018143838954046492, 0.0011891442012781789, 0.0017053792927890436, 0.0012681977559438383, 0.0014810388377336208, 0.0014579413296909236, 0.0015817999504913242, 0.0013667609811906466, 0.0011171786335816476, 0.0019367049337366497, 0.0014952935864797096, 0.0014468282930989375, 0.0016988282696653936, 0.0012738284228582851, 0.0013873851948901044, 0.0015601962962569207)",0.6101378873007708
0.0017480655760177394,0.0019908164156793003,0.00035423023084129885,"(0.0016594930559517464, 0.002312408557579895, 0.002051264641604991, 0.0018741763354753742, 0.002427790726402252, 0.0015803082395645257, 0.0017472969173478396, 0.0022029727456502023, 0.0016982221851506625, 0.002261516722274698, 0.0016125853291800384, 0.0023857018112177202, 0.001385672265230588, 0.0027793657483980707, 0.002077615676810662, 0.0018535223813344536, 0.0016618069519628723, 0.0023182181802695375, 0.0019454555151452448, 0.001980934327034632)",-0.6852911426701958
0.001722274112100184,0.0022067136530685614,0.0004401935620410807,"(0.00223358046673815, 0.002094388046132246, 0.0021104173859749003, 0.002220845734466127, 0.0017075296206095743, 0.002739301916401226, 0.0023805027392490474, 0.0019714351172495778, 0.00187813201789684, 0.002492887720237807, 0.0015684789851472681, 0.0029903285608318475, 0.0022959663410071535, 0.002045064494928479, 0.0026151159793178953, 0.0017953630806624107, 0.0018069907393846705, 0.0025994053096787275, 0.003045854131829081, 0.0015426846736281976)",-1.1005148251649521
0.005590181083855521,0.006956046275602134,0.0010839440210173492,"(0.008087777252361573, 0.005801580638414712, 0.006368607777303221, 0.007412535385148013, 0.005869055572468162, 0.007992051161441048, 0.006706499830027257, 0.00706823112985926, 0.007765541391238907, 0.006058730541150122, 0.006148290166354261, 0.007695619432467299, 0.009088913200291957, 0.005223883923755805, 0.008909297650931475, 0.005328112699526004, 0.007163077713950753, 0.006636108219304966, 0.0068849898184143235, 0.006912022007633545)",-1.2600883120003399
0.010884214799925521,0.013489366672421663,0.0015912117147737356,"(0.013194564746346454, 0.013408582411663903, 0.011928383819149516, 0.01500634451060061, 0.014751751403273602, 0.011985118566488857, 0.012685761502972234, 0.014223283138396738, 0.014759591964734765, 0.012049615109908327, 0.016124216577172824, 0.011150135736851132, 0.013477705889824644, 0.01342917192454622, 0.010824650312600208, 0.016713937122164558, 0.013358295309850995, 0.01357968398619527, 0.012052664846233588, 0.015083874569458772)",-1.6372126023887301
0.006511935061635182,0.006121733544925196,0.0017195632260990665,"(0.0043902310432016025, 0.007868575084894627, 0.004870554334049086, 0.007128504282356584, 0.005174775885226087, 0.006673858680372474, 0.006410905518748623, 0.005434384767915143, 0.003933199313315205, 0.008802731986488415, 0.008887812228757829, 0.0039138192734289225, 0.0065064317778904986, 0.005361718397593634, 0.006898710330516623, 0.005056019031993773, 0.006952300831945429, 0.005022797743564647, 0.0036996259698362398, 0.009447714416408478)",0.22691897034526726
0.001410034612849058,0.0020208771299594845,0.0004713196869677226,"(0.0030178550415146097, 0.001284045926492819, 0.003078404838936263, 0.0012608820529562295, 0.0019283032333413503, 0.002009418147781322, 0.0020815080032717823, 0.0018668632932377861, 0.001897528439740264, 0.00204367950846762, 0.0021376060166975078, 0.001816940500068199, 0.001954552708119259, 0.0019889818566238542, 0.002404637298871825, 0.0016166172964150512, 0.0017287685213962175, 0.0022494912626260374, 0.001563636882641539, 0.002487821769990149)",-1.29602589070772
0.0036060637975658537,0.0035093375452025302,0.0006253053107715987,"(0.00393204640070036, 0.0030336022957864377, 0.003458839869186719, 0.003454014156603078, 0.0033648543554967584, 0.003545180865837639, 0.004790466924540254, 0.002496474666974523, 0.002882562587215653, 0.004140936620449777, 0.0037731443740582514, 0.0031680220719875626, 0.0033987365695077407, 0.003519931273979141, 0.0042468503783785645, 0.002816984349633215, 0.004620664597961099, 0.002590037789719236, 0.003818313375698197, 0.00313508738033639)",0.154686439883211
0.0001265961283607866,9.938057051680321e-05,1.6816552907392156e-05,"(0.00011561143519378878, 8.314026679202022e-05, 8.207247532790002e-05, 0.00011711663927856259, 7.181198197530644e-05, 0.00013384917653459623, 8.767191683712302e-05, 0.00010963724373997037, 0.00012664149125112854, 7.589932862349015e-05, 9.892872407905108e-05, 9.7161669939514e-05, 0.00010285347484149124, 9.345450190603482e-05, 8.761711991267351e-05, 0.00010970596234937434, 0.00011138622878283758, 8.629555084882733e-05, 9.024753304763685e-05, 0.0001065086890747367)",1.618379105031691
0.10134112929787001,0.09938154492502377,0.004803892868254875,"(0.09250824487678144, 0.10464285360712036, 0.10587959665066658, 0.09330324533113162, 0.09372522064335594, 0.10400021665389847, 0.09554781987476745, 0.10448834780137445, 0.1073983312405999, 0.09073736063011259, 0.10120594181736271, 0.09821933531900914, 0.09938106415758316, 0.10013495684047696, 0.10133939957458596, 0.09800552045922176, 0.1001398586854926, 0.09855089077673945, 0.10362644231045481, 0.09479625124973995)",0.407915918732406
0.03386514819773336,0.02044745793982454,0.007489541899226127,"(0.029284073530774155, 0.012302965555678157, 0.02153214199009209, 0.017299676055089572, 0.028092601599789584, 0.012715203776063463, 0.015033602862242125, 0.024485244947754833, 0.016561364851230023, 0.022636112038683667, 0.011980214322883811, 0.030428200079422433, 0.029860198615093415, 0.011742215028961413, 0.024567198967630353, 0.015002529269521697, 0.025390418593650182, 0.014633710864326119, 0.010957032275434424, 0.034444453572169194)",1.7915234921504657
0.009058238878161748,0.01848214804934189,0.007276018934381507,"(0.011204428609044234, 0.025447695281330687, 0.016175637307574382, 0.01856005081064207, 0.009075004353774297, 0.030967081819248173, 0.010239470475097392, 0.028811499534649673, 0.01305874779585971, 0.023227483086223917, 0.018779290021432537, 0.015458642474044219, 0.00940122791605233, 0.029067594820776088, 0.026611448378482297, 0.011092702768376816, 0.02502613098109053, 0.011943876083013751, 0.020665995517562964, 0.014828952952561722)",-1.295201298425595
0.021182191138586322,0.01488020964718943,0.0055492436516694135,"(0.026994386844780314, 0.007015777115131045, 0.00978417134805914, 0.02019525554638992, 0.008907532344626296, 0.020978435712458516, 0.01365093504730769, 0.01428319832171607, 0.01961404978925527, 0.010164555127237712, 0.017559829110180333, 0.010943650924156683, 0.022179302177682023, 0.008241268975876766, 0.021304774711827484, 0.009141240510631938, 0.01574013149313208, 0.012501373345177183, 0.013385795830246164, 0.015018528667915927)",1.1356469254149666
0.001838793780276536,0.0008914250884973886,0.0004096015303551083,"(0.0006041818838945947, 0.0010885587326918073, 0.0009849013664781673, 0.0006695269817666865, 0.0008313829312784828, 0.0007878493765861321, 0.0003234920417467398, 0.0020421410681942757, 0.0008746677381906469, 0.0007553012744630471, 0.0012678831164309823, 0.0005189550485298841, 0.0008372447574564682, 0.0007828083674087178, 0.0004863446162739186, 0.001352931962762944, 0.0004543728154716099, 0.0014492468002841022, 0.0005827871001503117, 0.0011339237898882518)",2.312903203652135
0.0005150801872309946,0.0006001683951936431,0.00011682806249904022,"(0.0005173201933519703, 0.0006720326379985191, 0.0004774516918717134, 0.0007284683416002008, 0.0006278077424440637, 0.0005535847387215979, 0.0006128737525331478, 0.0005675053744652574, 0.0005533383030718493, 0.0006286636466011305, 0.00038512536141849853, 0.0009028215164258675, 0.0005477101532430878, 0.0006344681005473347, 0.0004626965880034968, 0.0007515322351091238, 0.0004905156300116227, 0.0007089898381735427, 0.0006122271521709902, 0.0005682349061098445)",-0.7283199442201442
0.0033902282479405105,0.0031438853633753354,0.0008322383006457009,"(0.003994368509760191, 0.0023170641200056805, 0.004514996823158747, 0.002053040188414583, 0.005177132977922919, 0.0017869273741236392, 0.0024373515818976463, 0.0038011192133602977, 0.0032015711631395204, 0.0028961808205246477, 0.002811786339658374, 0.003293341424946165, 0.003123246021780456, 0.0029595699682107577, 0.0030153661484000438, 0.0030725222037675253, 0.002904360682554184, 0.003191146687060767, 0.0023081206887245226, 0.0040184943300960434)",0.2960004176376494
0.001351378171597452,0.0015003734899727856,0.00029120763803923324,"(0.0013168719530145612, 0.0016493586747022186, 0.001501020120765606, 0.0014484180879017331, 0.001773468585220214, 0.0012242998300447765, 0.0014343584901143885, 0.0015153068929429849, 0.0017969229439441247, 0.0012101651276854213, 0.001320219791438093, 0.0016457179266360427, 0.0011480263023339525, 0.0018903787870252955, 0.001737906564404931, 0.0012505594032978739, 0.001484915248234247, 0.0014639697734180794, 0.0009830087841190438, 0.0022125765122121208)",-0.5116463269251887
0.0017015574310853402,0.0020069463238042633,0.00037730277673576196,"(0.0023751035396702533, 0.0016384982309916602, 0.002178454821561111, 0.0017890268821002728, 0.0020298310713480934, 0.0019158837077326645, 0.002680791067255888, 0.001453368100107873, 0.002239739515689501, 0.001740749562553208, 0.0017950464253178578, 0.002168991415549661, 0.001592143589284632, 0.0024410510100834736, 0.0024812197322222106, 0.0015697969943889926, 0.00258764038623063, 0.0015057839623696533, 0.0018673410811674397, 0.0020884653804601784)",-0.8094000668667153
0.002985539768029968,0.0022313059663850486,0.0005126679183008478,"(0.002761532919682872, 0.0017124759445582066, 0.002435812308724317, 0.0019446618735548785, 0.002567176931949331, 0.0018401882355203443, 0.0015168515541029947, 0.0031224607124407926, 0.0015983137341680684, 0.0029652376601718563, 0.0022800169195030906, 0.00207514756531414, 0.0016629854238422984, 0.002839240485732148, 0.0027955889123150264, 0.0016930870319422434, 0.0020072652350447456, 0.0023590048191355264, 0.0026804350912488337, 0.0017686359687492505)",1.471193680588989
0.008199921898982328,0.007263785266257889,0.0013910684277741523,"(0.007556941036325201, 0.006725805725981707, 0.008098263005914019, 0.006309607995081892, 0.0075272114172895855, 0.006728607523952535, 0.008532339372655205, 0.005987090016345923, 0.008871630075925554, 0.00576988134976563, 0.00663700438342408, 0.007670015691531062, 0.005153541529391531, 0.00981190052802588, 0.005537886411497497, 0.009203331235547351, 0.007120919302939415, 0.007167039440141653, 0.009438406939498377, 0.005428282343923683)",0.6729623173335556
0.014096046435900258,0.013981027020837922,0.0032622749676974915,"(0.013110121613517827, 0.014095428521056916, 0.013378996280220304, 0.013959341992397999, 0.02198108495440634, 0.008347581238795962, 0.011949666002857988, 0.015621579179662786, 0.016645140508175334, 0.011260503545116872, 0.017512386968665698, 0.010585030522943923, 0.016324675701735545, 0.011204063318120233, 0.011172107706374853, 0.016631784207321563, 0.010254907617817985, 0.01816833905853213, 0.013303367971759685, 0.014114433507278456)",0.03525742501819724
0.006973443019746186,0.006106702062031774,0.001422868443662306,"(0.004642844012992731, 0.0076114172742380295, 0.007472249822691058, 0.004750624113043765, 0.005638857791235474, 0.0062467767548100624, 0.006600592919168823, 0.005377856678159101, 0.004937109617204826, 0.007201575584833564, 0.005205487470274964, 0.006797478405417531, 0.004396080435664161, 0.008002987980669536, 0.006025649687059369, 0.005877876579095511, 0.004455960841769018, 0.007957638820286899, 0.003968106298371415, 0.00896687015364965)",0.6091504534906378
0.00207253970123439,0.0020090057872643456,0.00038586170189947136,"(0.002391441254565181, 0.0016286917557781528, 0.002540509355299504, 0.0015353860467459532, 0.0024643745650211493, 0.001578835445429765, 0.0018463645472518836, 0.0021125844007923093, 0.0017676680331346474, 0.002207825348917618, 0.0018289747615817381, 0.0021304675586184653, 0.00211173332891397, 0.0018417398553713647, 0.002850806737786222, 0.0013672628457694932, 0.0017851956188754507, 0.002184228404386882, 0.0023322573611866226, 0.0016737685198605344)",0.1646546253678134
0.0031462777638391697,0.0035587447083005523,0.0008291387726493615,"(0.0036381275655168813, 0.0033055234024833586, 0.004460686323147987, 0.0027014805945480285, 0.0056116068630830615, 0.0021367547413989655, 0.004355715631657541, 0.0027699370980598876, 0.003183608311781048, 0.003790210970407538, 0.003330722999952654, 0.0036119460605623446, 0.002876329745238515, 0.004170113069150905, 0.004296345305375356, 0.002800356111832833, 0.004306684259735794, 0.00279527362332806, 0.0040625473057338685, 0.0029709241830164048)",-0.4974643064193221
7.167064138777431e-05,9.932048217832409e-05,1.606587272852363e-05,"(0.00011493928139186832, 8.37413026929683e-05, 9.065975296898224e-05, 0.00010617236310233567, 8.18514508960388e-05, 0.00011758110043785368, 9.472265977114509e-05, 0.00010162456901793036, 0.00013934975676593048, 6.907796684648443e-05, 0.00011665248292373912, 8.251154822480924e-05, 0.00011185888512838852, 8.604136368383588e-05, 9.544037527607453e-05, 0.00010084929418621781, 9.257935930879804e-05, 0.00010396732024724608, 9.094888184832662e-05, 0.00010583992884750869)",-1.721029492625058
0.19516436783725988,0.1947361161034736,0.0030767735041851833,"(0.19135769616115386, 0.19772267784766842, 0.19659899378744347, 0.19509335367506364, 0.19398238995049386, 0.19342462400985247, 0.19933832327946419, 0.18776047895681122, 0.1916702092550111, 0.1986763114105622, 0.19399631509558898, 0.19650771285672827, 0.1900906316417102, 0.19695844920359223, 0.19332435290981284, 0.1966715618618742, 0.19596383230910508, 0.19483483739840363, 0.1921651828024984, 0.19858438765663367)",0.13918857959604197
0.014001097185006145,0.024134072961558593,0.008421496588135093,"(0.03363613735977617, 0.016338619690152333, 0.02302218194644458, 0.024151968145281765, 0.03531225657788294, 0.01457293613055974, 0.015312543647840751, 0.0315521230568986, 0.016828560388323144, 0.029766759088756933, 0.0387319112252509, 0.011806641781977418, 0.013731053033267267, 0.03639166485521662, 0.022302136785474245, 0.023910874824748723, 0.017963992450444777, 0.03019416466605244, 0.018166826720390137, 0.02898810685643234)",-1.2032274395062548
0.02334721340670878,0.01831434858630516,0.007654326882325534,"(0.014195832365091317, 0.021568440186364023, 0.013031666516246147, 0.02358116433762118, 0.023451757295389106, 0.011952603563826637, 0.017176755033790687, 0.01510122514667299, 0.02686222864445923, 0.01006992332096853, 0.00860658832838599, 0.028469588466504808, 0.03020577149295442, 0.0090180504241976, 0.010993721635160955, 0.026649051623092525, 0.02412333601839132, 0.012045346174417729, 0.02923311440866957, 0.009950806743898444)",0.65751892985194
0.019745273992878058,0.012061568919200393,0.005692527294750999,"(0.009406299860502336, 0.013358674729872483, 0.01707079004326637, 0.007332090702170988, 0.006347368006017181, 0.018514821519742142, 0.022900239614852297, 0.004855908992601872, 0.00820944991485819, 0.013936474273171826, 0.010981155921415789, 0.009789697735001414, 0.008364598561384756, 0.01382702616538928, 0.02398011700106974, 0.005055263302763873, 0.006405435047709331, 0.01850741217091527, 0.009175373719604973, 0.013213181101697747)",1.3497880072990962
0.0010093974196468565,0.0008532419868528315,0.00030137481611515563,"(0.0008983548730394283, 0.0007192689062251337, 0.0011974461914408758, 0.0005388755697005737, 0.0012541406269772162, 0.0005138892068633085, 0.0011225286017561326, 0.0005730483322100904, 0.0005601306965243774, 0.0011492952351789434, 0.0013575043889111336, 0.00047404219555719493, 0.0006784133762102449, 0.0009501678051704167, 0.0013103858770751136, 0.0004920356445812658, 0.000685067903926514, 0.0009383554422990078, 0.0006342987595407296, 0.0010175901038689294)",0.5181436020664644
0.0007998202723878131,0.0006050928069365291,0.00014634494162378385,"(0.0004881066160698147, 0.0007102342305372347, 0.0006971774460749912, 0.0004971152322841122, 0.00042892738431687195, 0.0008076542178028203, 0.0007184005899927636, 0.00048197070778329586, 0.0006791277872925114, 0.0005099546395524832, 0.00044688790465489606, 0.0007747666670469112, 0.0005083277676797614, 0.0006814970288419554, 0.0009339002464830248, 0.00037102152222516727, 0.0006261527129475671, 0.0005529984958654206, 0.000671634070204549, 0.0005160008710744284)",1.3306060550550456
0.0026091411763561672,0.003104720321289149,0.0005675892946689277,"(0.002640857781080801, 0.003549060721467404, 0.0031569615578401354, 0.00296910448077013, 0.002869675101644785, 0.0032573116043845855, 0.0028842754339332543, 0.0032332348416493797, 0.00475546558414728, 0.001963490576251081, 0.0034659205779056976, 0.002686082742491319, 0.003528150780583518, 0.00264714084010407, 0.0028727808044217477, 0.003258136417400872, 0.002588042711260221, 0.0036154478797740855, 0.0034046233468666967, 0.0027486426418058996)",-0.8731298310022758
0.001170366309318296,0.001489148543016852,0.00021415304011833755,"(0.0015929319497139758, 0.0013672753957264916, 0.0012843777282596947, 0.001695365498843347, 0.001811782131442417, 0.0011999929446774738, 0.0016932719499703785, 0.0012821751863647654, 0.0011965192082860107, 0.001815756344408962, 0.0016513093052045818, 0.0013138029019480579, 0.0012472122966257842, 0.0017426224468294618, 0.0016683273954493487, 0.0013041802600668767, 0.0014515293678781457, 0.0014976805884016492, 0.0013267765765831128, 0.0016400813836565064)",-1.4885720675382523
0.0015359930035252667,0.0019861959089036894,0.00032041377111529285,"(0.0020694219529345226, 0.001865205606969331, 0.002063057493065396, 0.001869738516662181, 0.0022697424177984035, 0.0016961923022507062, 0.0028035919449413966, 0.0013705510487315063, 0.0017387418687934279, 0.0022118936200889185, 0.0017235824349973229, 0.0022279995071909716, 0.0020427278304335004, 0.0018842653128238619, 0.0020272282961310063, 0.0019009331071593932, 0.0024273258627653493, 0.001584547667887533, 0.0017741339403022666, 0.0021730374461467936)",-1.4050672785110365
0.0019884929902845632,0.002211848039231493,0.0004977619310116673,"(0.0022482157913117605, 0.0020861028384335143, 0.00245784627654528, 0.0019063657824999673, 0.0021199743235592256, 0.002206200249266426, 0.0024864458271733635, 0.0018772626054758279, 0.002425321795315995, 0.0019262709719992984, 0.0025150191737936963, 0.0018554012019566454, 0.0018211142564920006, 0.0025680762397867606, 0.0022880040396091746, 0.0020459630245893575, 0.0037910630550867437, 0.0012317000589524931, 0.001853959170783587, 0.0025266541019987447)",-0.4487186243692354
0.005652516857927428,0.00700490124640735,0.0008633718498275434,"(0.006917422126400429, 0.007055311745770936, 0.007020946577628057, 0.006929453392189498, 0.005487958500743564, 0.00881400292282711, 0.006104332031690671, 0.007872835703772436, 0.007682869933818339, 0.006273018858518582, 0.006431037279699945, 0.007466670832737285, 0.007376481123066597, 0.006556254891086139, 0.007896136751254968, 0.0061429324625122935, 0.0071021870464446826, 0.006773699184317694, 0.008422737453126663, 0.00577173611054109)",-1.5663985208112337
0.012785484352491772,0.01352146796380043,0.002473809963878908,"(0.012880722221537905, 0.013984287070873975, 0.010312408890345135, 0.017364296767592914, 0.012414021301788846, 0.014266597543332708, 0.01657613948658631, 0.0105538375766134, 0.011023593569417393, 0.01595547160378622, 0.012485971137600289, 0.013987838116552314, 0.011172608421148618, 0.0158457323021164, 0.010066455495136543, 0.0176872297043592, 0.01193192734002601, 0.014692539784311662, 0.011055845384805493, 0.01617183555807725)",-0.2975101653138483
0.0045239948160215645,0.006124926129024146,0.001241707644958154,"(0.005703114845494155, 0.006374577894742657, 0.008496586568620517, 0.004267235871342262, 0.006044059089673822, 0.005970560238156988, 0.005238938044093805, 0.006851224558472854, 0.005213316211497943, 0.006900978694601555, 0.005491186637989239, 0.006532786819674792, 0.0074249354605829985, 0.0048597003200931575, 0.007569089936943289, 0.004778337723728841, 0.006777746388299928, 0.00529914923478246, 0.008381460943299841, 0.004323537098391809)",-1.289298104511979
0.0017885658189622084,0.001981132832848906,0.00024808330057810496,"(0.0021046896990286955, 0.0018416993368921368, 0.0021357441212626047, 0.0018133241703964659, 0.0019488559690642696, 0.0019842335599153504, 0.0016249101883872893, 0.0023757169429299754, 0.0019419356060833837, 0.0019893604206472765, 0.0017176490898084698, 0.0022470777747304045, 0.00170182732077111, 0.002272202945956515, 0.0018186141684219726, 0.00212785469023591, 0.0018144656541167054, 0.0021279033937017374, 0.0015731203977693592, 0.002461471206858487)",-0.7762191708912356
0.003062573738607029,0.0034808419756806076,0.0005056775710486544,"(0.0031122697851786695, 0.003824223418770143, 0.0030919830747960834, 0.0038450948189434537, 0.0028544241916780475, 0.004160757338927927, 0.004397199462399505, 0.0026967187215711477, 0.0038220911657284437, 0.0031044553627757655, 0.004308193875442278, 0.0027531887276636842, 0.003347199390846654, 0.003548699326168927, 0.0036029018344712945, 0.0032976551353232253, 0.0037765482440637725, 0.0031383776139720966, 0.003830389787421149, 0.0031044682374698853)",-0.8271441349597337
0.00010260429189940471,9.941847262754595e-05,1.687446756405519e-05,"(8.483142273651764e-05, 0.00011336306449479677, 0.00011374015189511368, 8.45493509732725e-05, 0.0001016936511307867, 9.45647210580742e-05, 0.00012305007383079655, 7.815131426111482e-05, 9.410812176382695e-05, 0.00010218634474683537, 0.00011684654928894739, 8.230095162415022e-05, 0.00011712629508824884, 8.210492212411616e-05, 7.297128129343458e-05, 0.00013178616245879363, 9.57712451194143e-05, 0.00010041066661870232, 0.0001156846024834577, 8.3128559560519e-05)",0.18879524700648742
0.014452871785910934,0.014786132926441526,0.00221940399172283,"(0.016802673675211235, 0.013530631576638467, 0.016576654217898057, 0.012809676487625352, 0.015715544296076585, 0.014062911010741556, 0.011763534294925167, 0.017557411586861884, 0.016655283671846533, 0.012706745059514083, 0.016189599023861457, 0.013756085915626602, 0.015299969998150302, 0.014568739502804252, 0.011493312540732758, 0.017669544183981933, 0.01158799547600157, 0.016683602950558495, 0.012127514902101639, 0.0181652281576726)",-0.1501579441027748
0.018753189762715713,0.018004303401113916,0.007804403360741988,"(0.023768370577131773, 0.013057672239083891, 0.024709669158145337, 0.010162626654509602, 0.033082341784993294, 0.008459450379858133, 0.02369963940458576, 0.012506078659248167, 0.0178999489998244, 0.013528416959489963, 0.012127972040152342, 0.023020583676375554, 0.018634263070365246, 0.015535807668505338, 0.022087836739433868, 0.013165517657345872, 0.009125681806268661, 0.025507388872114123, 0.00691596243101113, 0.03309083924383585)",0.09595690112185577
0.007395776867091268,0.014498033520137272,0.006683150511567265,"(0.017679545218091387, 0.011970458054151164, 0.00581479131988578, 0.027265591776955023, 0.008900873459247291, 0.020456338119199682, 0.013111908295285891, 0.015245213200545504, 0.03286040028331914, 0.0045665789271629245, 0.014137768059137839, 0.012772331527845888, 0.010319326432927645, 0.018422753857851876, 0.012937263830536205, 0.014991415216075516, 0.010928467201952955, 0.012872999099884631, 0.008793006628991046, 0.015913639893697998)",-1.0627108637989442
0.00879265714564764,0.010996277886589,0.006568096471112518,"(0.006279154668683757, 0.015320827468422421, 0.016062289516766765, 0.004852299229957865, 0.007392651085283497, 0.01158990236418256, 0.010187751162593838, 0.009091079571228731, 0.0037293624384674563, 0.020009054146217897, 0.017406851731877206, 0.004878597938394921, 0.013941731181701379, 0.006332288554179424, 0.006440369701875499, 0.014031278296538937, 0.02496634746728593, 0.0028336741715388695, 0.021222431227739945, 0.0033576158088430503)",-0.3355037111030902
0.0008625775412802693,0.0008578642641006561,0.0004143344057398263,"(0.0005641821683593985, 0.0010436179217093394, 0.0008783228298992263, 0.0006672090149359901, 0.001651421438843745, 0.0003551770708670782, 0.0006970860833876903, 0.000844466941300722, 0.0006141467639369702, 0.0009534861929128871, 0.0004088103285862843, 0.0014344604577930227, 0.0009771964761041882, 0.0006005735926813006, 0.00036908807096742074, 0.0015934049558864176, 0.00043725038800356567, 0.0013365762305179328, 0.00046130103169351165, 0.0012695073236264301)",0.011375538971226062
0.0005795422487541169,0.0006046801959824627,0.00015265876612598954,"(0.000513070402724154, 0.0006713491499689384, 0.0005670000093197737, 0.0006065986668476954, 0.0007377031940311907, 0.00046643126957671854, 0.0008592857168066599, 0.0004008004162225491, 0.0007633348655092211, 0.00045040473162623904, 0.00040186404153851724, 0.0008561263951669967, 0.00071713918975869, 0.0004798928981073033, 0.0005431719914539942, 0.0006338919855256966, 0.0008457889885674627, 0.00040626801025130246, 0.0006090805824800244, 0.000564401414166126)",-0.16466756457077247
0.0033838860794067616,0.00305587499558202,0.0005666491099683332,"(0.0032223239336557205, 0.0028259550280064533, 0.00341592126437874, 0.0026382038947049572, 0.0035045146648169222, 0.002584336007264792, 0.004265075997930507, 0.0021306776198713297, 0.0026073420512956083, 0.003449492251858757, 0.003988175462647997, 0.002270232191639293, 0.0024460574520496032, 0.003708379213288816, 0.002894310083363906, 0.0031363539142072795, 0.0033048604634614027, 0.0027150986786983167, 0.003248266048951504, 0.0027619236895485007)",0.5788610236113706
0.0015356637575012094,0.0014776437865724997,0.000181838591744184,"(0.0014589880775744233, 0.0014809382375701248, 0.0012768198549294714, 0.0016830836010531887, 0.0018209551984442191, 0.0011828801531161782, 0.0012417556767057233, 0.0017384358207933185, 0.001644609265396375, 0.001305145263610199, 0.00160260364865634, 0.0013436718377432201, 0.0014219870166798047, 0.0015158919590418168, 0.0013158364022793107, 0.001639443108379708, 0.0015003007982191524, 0.0014285554669754936, 0.0012939777905587187, 0.001656996553723205)",0.3190740225833575
0.002162237292660369,0.001977837220663877,0.00030774210086617225,"(0.0020663734593603517, 0.0018595385148424662, 0.002448198488003214, 0.0015591961533074792, 0.0020170485817593907, 0.00189707358327667, 0.001674897578593723, 0.002292131949897428, 0.001644898794966568, 0.002316915177361112, 0.001760934272572498, 0.0021719930729227474, 0.0018864386443310395, 0.002030148004710671, 0.002054682664090566, 0.0018666250080960356, 0.0019585684930093395, 0.0019416969366364792, 0.0026985216817346754, 0.0014108633538050736)",0.5992032662332478
0.0016466375283663841,0.002182138077085874,0.00037142948510264945,"(0.001962655504428288, 0.0023717316647559345, 0.0021055294769095224, 0.0021973938429118043, 0.0015984240926917416, 0.002899997035310658, 0.0016658161864762364, 0.002792583800118874, 0.0021489822027964713, 0.0021495875986707884, 0.0018565672519494552, 0.002495562147477361, 0.001985878693615008, 0.002335951760034906, 0.002798281714650307, 0.001660718001344251, 0.001924063234048567, 0.0023955457764517174, 0.0021741227035886822, 0.002123368853486904)",-1.4417287000559393
0.006278241101528786,0.007105998002528158,0.0010173782214131374,"(0.008694140508163486, 0.0057807819825533065, 0.006467485745333033, 0.007624750113989977, 0.007041215707621552, 0.007044164614560962, 0.00535897452702097, 0.009360365653574045, 0.00748066502720098, 0.006559726123326544, 0.00784198005850758, 0.006315218875428323, 0.005956444846701231, 0.008346583600834016, 0.007494401381014761, 0.0066715580112032685, 0.006431511207129318, 0.007576481579856495, 0.007770527604822256, 0.006302982881721053)",-0.8136176729334923
0.018386003884526127,0.012449546416693621,0.0028388886220610306,"(0.012274790021656877, 0.0123569027402299, 0.018677167653571337, 0.007844798305196521, 0.015165945880437324, 0.009764276268719623, 0.011444729632235513, 0.01320604577897674, 0.013193803131127805, 0.011006205422949576, 0.012822160730857622, 0.011517127865296573, 0.007922761321107055, 0.018771148849083326, 0.010696179740814101, 0.014047289621441396, 0.011382881338267247, 0.012595955106994978, 0.013862660433669571, 0.010438098491239304)",2.0911202439223007
0.006261702844666908,0.005987411838021598,0.0016196866992954477,"(0.006026735504776104, 0.00563341436693808, 0.005072649914093526, 0.006590359050564944, 0.0031658277042191313, 0.010608181770299182, 0.007933481094179793, 0.004273069912060356, 0.0047291698012242485, 0.00704073130914752, 0.0049110926521860445, 0.006829763999948307, 0.006379292498168349, 0.005274485178281955, 0.00566633870958264, 0.00596669059635012, 0.007628892692381855, 0.0043393493594075, 0.006760679408366962, 0.004918031238255352)",0.1693481873776109
0.003117422421680755,0.0020063016071690796,0.00034787475992155957,"(0.0021266074674872373, 0.0018477888266900523, 0.0024064507694594043, 0.001624684992714116, 0.001936230402940381, 0.0020222617741080325, 0.0018831233052956891, 0.0020856845576736685, 0.001545171033488852, 0.002526971402811671, 0.0019190989541855005, 0.0020394780549362226, 0.002140450514130411, 0.001830453421643213, 0.002913349089220083, 0.0013469546360052253, 0.002172685342009894, 0.001793730084026798, 0.002147481715321686, 0.0018173757992334505)",3.1940253864989114
0.0030296524306595214,0.003513190672885056,0.00061077138693529,"(0.0034292876772224444, 0.0035108613255928826, 0.0036362777981216376, 0.0032976781226964256, 0.003650630453450444, 0.0032873162204430533, 0.004175493333876682, 0.0028828754772432744, 0.002941801789313937, 0.00407308093148341, 0.004204090282847539, 0.0028539083723009293, 0.005215991925077489, 0.002301878311615727, 0.0032257902417983427, 0.003728587210806841, 0.0033383398863897277, 0.003583155685267544, 0.0035754295707734495, 0.0033513388413793405)",-0.7916845035125468
6.543630996046424e-05,9.858004195226818e-05,1.0363806633868006e-05,"(0.00010257797367410364, 9.37575284022994e-05, 8.921253733973221e-05, 0.0001078002312048267, 0.00010149955692552042, 9.475107796716888e-05, 0.0001025143101851139, 9.381557918873249e-05, 8.897333255999888e-05, 0.00010809125057735923, 0.00011129540331891753, 8.641183127949868e-05, 9.69842866633241e-05, 9.916279701515114e-05, 9.071268523341517e-05, 0.00010602029581797449, 0.00010165171768025364, 9.460862360663793e-05, 7.722643839668294e-05, 0.0001245333820086522)",-3.1980268604677695
0.01535758407759898,0.016137166585245354,0.0024302294177673237,"(0.01670714443482422, 0.016828816905327993, 0.009872620280651473, 0.020738346705993272, 0.017359079750139672, 0.012932874688908422, 0.015267911014893547, 0.017927865754302087, 0.018665096761964352, 0.014724079187771964, 0.013364363969235219, 0.018689829267146307, 0.0162471787451178, 0.01441320964554026, 0.014794778172709645, 0.01795106095321025, 0.014917830679628971, 0.017408695068694458, 0.016714937435821753, 0.017217612283025385)",-0.32078556120951907
0.012308187729132272,0.022197258868086447,0.010681451578244641,"(0.02552864817196526, 0.015816174843842443, 0.009661310615384527, 0.04209984937558601, 0.02112107996188089, 0.018872917873736236, 0.0446826502917232, 0.008740489432298723, 0.0335268422480522, 0.011558126150528246, 0.02302728385201491, 0.017513683381969635, 0.01205513877056527, 0.03272569541044833, 0.018994166114589577, 0.02065326901385009, 0.024030966648052585, 0.016551767856038783, 0.03633835205055565, 0.010446765298646342)",-0.9258171575758167
0.02189103876486599,0.01632436473936841,0.005100291981763611,"(0.010890695718268513, 0.022951867226478035, 0.016543230682797266, 0.015263361496560388, 0.01188553590142441, 0.0206614880255179, 0.014780997049547526, 0.01614888351609584, 0.010707607603529559, 0.022051556234220254, 0.023308784472678114, 0.01070660387311724, 0.012397300317563906, 0.01952750108818153, 0.01359341549778103, 0.017668514944123675, 0.00909260982102199, 0.026927698116178796, 0.01978413251706373, 0.011595510685218465)",1.0914422243670647
0.008983095788071094,0.012212891481968588,0.006800385072276192,"(0.012871336579813658, 0.008689890022576115, 0.014676313595903939, 0.0076919074523847135, 0.005092366199782821, 0.021611828121357094, 0.01641179486208379, 0.006532534299465923, 0.02301786890316821, 0.004611322111550604, 0.014037244053993992, 0.007956376527328439, 0.008009096192983007, 0.013562920458428227, 0.00455249227618577, 0.02368405710497094, 0.006687319167392303, 0.016412868793715205, 0.004339521941606519, 0.02380877097468054)",-0.47494305977829465
0.0020101854883670307,0.0009411310062063665,0.0006471781050133488,"(0.0008617094145602053, 0.0007412823278260762, 0.001964107623980381, 0.00032531270534101565, 0.0007679884802598981, 0.0008313548505921373, 0.00019854634260420197, 0.003212662497574708, 0.0006454452575388776, 0.0009879540458701823, 0.0009149372334518684, 0.0006981354157378285, 0.0008291259780362602, 0.0007697736475404117, 0.0013292446321980051, 0.0004799710904942485, 0.0010497493345297437, 0.000608176583728224, 0.0007097444711873065, 0.000897398191075749)",1.651870596176324
0.0004415273664317765,0.000596639649074846,0.00010506794185008774,"(0.0006635479895551754, 0.0005213538311705405, 0.0005203067339411049, 0.000664936120441616, 0.000569828183571847, 0.0006070170526831038, 0.0006636659077356305, 0.0005210625526644788, 0.0005128904382267598, 0.0006741788432463937, 0.0006133023483480217, 0.0005640598352264574, 0.0005466207396733248, 0.0006327180641120825, 0.0003960336600173644, 0.0008732324829543248, 0.0005824433520044526, 0.0005938569647139511, 0.0004596080012076489, 0.000752129880002641)",-1.4763045693270136
0.0021042815283334043,0.003120832480347797,0.0006697509699742409,"(0.003362480317732068, 0.0027795370952748014, 0.0018763302163927033, 0.0049829140797028664, 0.0033011379635242083, 0.0028293572377139425, 0.002472082648746413, 0.0037743119061682084, 0.0030541064936495774, 0.0030538262749320124, 0.0028512652905169846, 0.0032776982514095294, 0.003552459919500817, 0.002627820739037484, 0.0034585667949830964, 0.0026983767717447646, 0.0026898242411920207, 0.003472005572516805, 0.003934637047239334, 0.002367910744978304)",-1.5178043744430711
0.0012454934811027758,0.0015036549088271846,0.0003109138311044558,"(0.0018176738497124442, 0.0011959194842100197, 0.0010054704998070374, 0.0021624431062090364, 0.0014180758515116355, 0.0015323221183829434, 0.0012018791169613472, 0.0018068159949399627, 0.001598433773910624, 0.0013582354125115342, 0.0013794560420575018, 0.0015757768763710654, 0.0010142585552709936, 0.0021417303637291303, 0.001657541968623378, 0.0013102968164671665, 0.0014461059658980506, 0.0015025240220640943, 0.001531179216176126, 0.001416959141729588)",-0.8303311139531647
0.0018266390010631042,0.0019970570594183552,0.0003719097997582021,"(0.0013124777018263358, 0.002944521383559816, 0.001765859972615073, 0.0021891952530364487, 0.0015899415049054906, 0.0024293530185230867, 0.002181402995401058, 0.0017690593793209467, 0.002241777003772054, 0.0017208217794590687, 0.0018688149103163161, 0.002067851526792017, 0.0017111247590633882, 0.0022563169330753023, 0.0021812565296304718, 0.001769523386662413, 0.0024173418341062766, 0.0015977010249285017, 0.0019950967556635686, 0.001931703535709468)",-0.4582241674353531
0.0016403928121636363,0.0022223001366329857,0.0005138463116904459,"(0.0025667374860652943, 0.0018312185202808255, 0.0020610407795612147, 0.0022812384699019946, 0.0017400628143495645, 0.0026997261890249736, 0.00287416934344845, 0.001632911835122072, 0.0025300734125751237, 0.0018543298546337792, 0.0014047035231399467, 0.003345926788879437, 0.0020388434982384364, 0.002303081296895799, 0.0018952981437722351, 0.002476768495580823, 0.0030291558001163737, 0.0015506928417607106, 0.002140196702337777, 0.0021898269369748794)",-1.1324540260977978
0.008633301665108617,0.007115476253456061,0.0018325185284891648,"(0.010568132014293909, 0.004513607217724844, 0.004909564573036681, 0.009725405197635935, 0.007947049630028992, 0.005991940233110254, 0.006267554225282006, 0.007574894628857477, 0.010133855668263593, 0.004679605474653098, 0.009899944248357941, 0.004817533313136862, 0.006939746192597637, 0.006852122589101256, 0.006366332899133791, 0.007462148767961181, 0.006600339724972985, 0.0072125688342947036, 0.007743404752417682, 0.006103774884260378)",0.8282728867707221
0.010711049142839832,0.013912907130246352,0.0030071731447534112,"(0.017420943177805275, 0.010684252873561362, 0.016248662777566085, 0.011477340309777803, 0.01313559886025732, 0.01412191970220515, 0.010431415994162935, 0.01767854360559961, 0.016965344546288404, 0.010845810352551824, 0.013890535930912856, 0.013395839206128586, 0.01076642604694343, 0.017182361493866465, 0.017666440335847897, 0.01045173680273355, 0.015620526985466605, 0.011869093369567596, 0.018552386794827354, 0.009852963438856919)",-1.0647401507268626
0.006734403744671763,0.005990432793279924,0.0012104819964130326,"(0.0050408064645073155, 0.00686719307017196, 0.008082997008383106, 0.004286097729163248, 0.007292108161341441, 0.0047403067902524266, 0.004007842254206669, 0.008603329593730996, 0.005080723440910678, 0.006780219471605613, 0.006471683247830466, 0.0053482175987816585, 0.0049627534325641905, 0.006957233838285009, 0.0053216268335738665, 0.006482833416731184, 0.005892821094175899, 0.005864623238421475, 0.005998491299336461, 0.005726747881624794)",0.6146072007649973
0.00130429333031959,0.001983119009121053,0.00024967790588829554,"(0.0019058478657430265, 0.0020344094279053687, 0.0018131447797959364, 0.002139001987641329, 0.0015435887055242068, 0.0025106764765432475, 0.002129368864590406, 0.001818504433006298, 0.0021018598517691975, 0.0018417344409673644, 0.0021030799285302287, 0.0018435434620289808, 0.0022876055845459722, 0.0016934654804343513, 0.001983848892142116, 0.001952240167284864, 0.0022749838446661395, 0.0017033832468056967, 0.0023021492234968233, 0.0016799435189995093)",-2.7188055602531596
0.003987215870941115,0.003523613099061361,0.0008483336281567594,"(0.00325276602464461, 0.003618618889204328, 0.00493295735632474, 0.002386665122100111, 0.002695449687091803, 0.004365062801778491, 0.0036355321670458783, 0.003233766314315601, 0.0034873603522474774, 0.0033702794526920743, 0.005499470075589596, 0.0021402411156970632, 0.0044193346688952435, 0.002661514245921, 0.0033639920026552745, 0.003495410435743381, 0.003251485611362085, 0.0036184039272935, 0.0027081548429400094, 0.004335796887684946)",0.5464863781093525
0.00010632276928275068,9.932513579374654e-05,1.6422696609473924e-05,"(9.039603145580937e-05, 0.00010636567213669239, 0.00010321318286843391, 9.315717425177118e-05, 9.052367933058866e-05, 0.00010621550063669028, 0.00011319587983133573, 8.494085161499296e-05, 0.00012470462468718501, 7.710182438148994e-05, 0.00013800966500477661, 6.96692882660795e-05, 8.487232975750725e-05, 0.00011328791327257619, 8.582905940540146e-05, 0.00011202468119309013, 8.984166449040246e-05, 0.00010702181011489089, 9.663065554583191e-05, 9.950122762938475e-05)",0.4260952787112525
0.16523788885561086,0.16193407535623616,0.005750520553105647,"(0.15852026521104168, 0.1662807894860631, 0.1576610142420245, 0.16724368245644577, 0.16743272219950978, 0.1574186468842314, 0.16030914736119473, 0.16259944798766363, 0.15306048685275916, 0.16993386810560718, 0.15521633115259184, 0.16918669442543688, 0.16835694931771364, 0.15692010662592756, 0.16628765707829585, 0.15727821556439373, 0.16783777620385443, 0.1571306466359424, 0.1534948980119742, 0.16651216132205127)",0.5745242485204974
0.020049770672465463,0.021716462649417595,0.0073902353470613755,"(0.025848954444989074, 0.012836731080749859, 0.027863074220110348, 0.016470760110566324, 0.01369553431984247, 0.03246457841780576, 0.008578709412538799, 0.04079356956267777, 0.022511791737475813, 0.020482036506943857, 0.015274520416826412, 0.026204501133489773, 0.01941213846034254, 0.02439600416261302, 0.02507182996062179, 0.017881514267992532, 0.026606285960283804, 0.01665526127541267, 0.022370412824326388, 0.018911044712742842)",-0.22552623816166675
0.014531467555062776,0.016788659324826653,0.006204015687249127,"(0.01662179676882708, 0.010940637109419232, 0.009859767641757415, 0.027866420493099262, 0.018874761570371743, 0.013999007508209675, 0.023652853937809422, 0.008289991170058535, 0.011817524672260321, 0.023351497754243673, 0.008595027409305364, 0.026834033364988193, 0.013311320543669741, 0.021457320260664797, 0.012326646402522616, 0.021660297986043183, 0.02188834291551045, 0.011996216940049766, 0.020207523995154276, 0.012222198052568247)",-0.36382754066902107
0.01576201422220505,0.015466759815024307,0.007950894095948978,"(0.0034837261414231734, 0.03991788987695797, 0.012898207567491089, 0.0162040043927453, 0.014494678982085934, 0.013891261726634742, 0.00945463819876034, 0.015962978797550983, 0.01700311371529561, 0.012325592255409308, 0.025264807599644022, 0.006953889579003531, 0.014101168401831166, 0.015382599130795649, 0.022183188422302654, 0.00916914931967016, 0.009458745529836412, 0.021113490525294085, 0.02124142159500574, 0.008830644542748206)",0.037134742787125995
0.0009290851314382462,0.0009277090870894157,0.0004296501556762348,"(0.0012236988052959834, 0.0005641254839052403, 0.00060174152991592, 0.0011598020383939086, 0.0006054161479343435, 0.0011518839115297007, 0.00046842196956792563, 0.0014789509439863864, 0.00037810109827665075, 0.0018454301028893584, 0.0010648049338842244, 0.0006523448270516624, 0.00047739052672215207, 0.0014630352909112284, 0.0011326321358848127, 0.0006158636301565233, 0.0004989998979171014, 0.0013967555838866944, 0.0005841004553977927, 0.0011906824282807034)",0.003202708833340668
0.0006385855497278794,0.0005957177833827291,9.440733913121305e-05,"(0.0005036991155447614, 0.0006867083102194403, 0.0006676359427932191, 0.0005196273964275323, 0.0006261270135813882, 0.0005539505345033558, 0.0005298271213450932, 0.0006533874174068061, 0.0006786045652229007, 0.000511214235165544, 0.0005539778640917939, 0.0006254387295961858, 0.0005712936382499344, 0.0006073993977093461, 0.0006656868005798294, 0.0005210649097614624, 0.0005373684863582385, 0.0006453680810649531, 0.000846512682838282, 0.000409463425194513)",0.4540723924606129
0.0030871834662611996,0.0031278286904586777,0.0006963242801094129,"(0.0031194462162900008, 0.0029623344738842665, 0.0033643716052225133, 0.002785433201081669, 0.0032024892613025787, 0.0029223741776368208, 0.004303464751140678, 0.0021528901008954207, 0.002504756204288235, 0.0037418965360368366, 0.002014521084892397, 0.004624256365017483, 0.003490185212522949, 0.002688546325871717, 0.002361319205010919, 0.00396480924592793, 0.002885567309164166, 0.0032426134488649032, 0.0037053998722350037, 0.0025198992118870686)",-0.05837111437661126
0.002232217167660891,0.0015086116289271647,0.00034390184196750226,"(0.001377836675233715, 0.001563997013314594, 0.0011581125429671818, 0.0018759844563790064, 0.0014023037204740176, 0.0015481789026441913, 0.0019171530230619807, 0.0011259886060307083, 0.0012787022593761205, 0.0016991237803704515, 0.001877208843559897, 0.001153325469391337, 0.0012892886861225101, 0.0016863449253407847, 0.0014361754839973776, 0.0015119684810445367, 0.0023541576897083485, 0.0009220283992755883, 0.001768710235096818, 0.0012256433851541258)",2.1041048649053327
0.0017463111673229927,0.002058567926661411,0.0006483581770654346,"(0.001734628537722428, 0.0022100937803433214, 0.0023509047009404945, 0.0016492760174169172, 0.0012310023816911645, 0.0031467270384105306, 0.0023815835629416612, 0.0016141724706556953, 0.001557950696409508, 0.002488651597173524, 0.0022614055671152117, 0.0017062437385827447, 0.002032380990474594, 0.0019095860064415233, 0.001467774553640952, 0.0026398173694697664, 0.0015152267231916077, 0.0025555467903076575, 0.0010550176573847654, 0.003663368352914159)",-0.48161150793491786
0.002948535827435206,0.002212974880733656,0.0005138789134570479,"(0.0022237270123562597, 0.002076796398495139, 0.0022296236500708153, 0.0020954529417866945, 0.0013275707052481298, 0.003516069128017312, 0.002929816581330793, 0.0015812341096891852, 0.0024066230111471137, 0.0019411735373143395, 0.0027729508962603968, 0.0016764904501514169, 0.0026202842440277638, 0.0017847095114162997, 0.001894426488946123, 0.0024646205313644445, 0.002013678003912995, 0.0023170135845515714, 0.0025882633151452675, 0.0017989735134410613)",1.4313896278661586
0.006046300434867304,0.0069757309647241255,0.001161929101403651,"(0.006806045971585167, 0.006777636568535628, 0.006642257143567242, 0.00720873475711083, 0.0059061999633123275, 0.008083617225574054, 0.006919143240846557, 0.0067351053739120575, 0.00788940618465588, 0.006067403239837242, 0.0052056651209403575, 0.00905161281690767, 0.006687911268968827, 0.007181015719791153, 0.006243385437086032, 0.0076534088345536835, 0.007314690780677996, 0.006517397924200547, 0.0048409971020538425, 0.009782984620365387)",-0.7999029620086434
0.013112553050485337,0.013810565405283502,0.002923077712270103,"(0.0153662444463129, 0.011291840578252117, 0.013377502608250883, 0.013950272336044968, 0.014181118212854222, 0.013085124684527182, 0.017413036329682295, 0.010163689942908165, 0.01146751557119939, 0.016264752426374655, 0.013013683237334829, 0.013897862148660158, 0.012296048414145128, 0.015266493186947934, 0.012879385979768334, 0.014431113401505598, 0.012393135683628329, 0.014930065245528592, 0.008162046806453776, 0.022380376865290534)",-0.23879363585447688
0.005326674064062333,0.006010609895187206,0.0013125305746941936,"(0.0038890367970381245, 0.00867038352606114, 0.006207696987969397, 0.005607214448161997, 0.005823864747072507, 0.0059621593099122554, 0.007981482721913213, 0.004262051834366554, 0.007653051242823427, 0.004546987439980654, 0.00751670022412126, 0.004567848414096263, 0.006515976464127463, 0.005355477694980025, 0.006541585360542922, 0.005311745713264281, 0.00726829805925056, 0.004771109900402023, 0.005580644733367987, 0.006178882284292044)",-0.5210818279674918
0.0016747289297686027,0.0020048978041812414,0.00039674268237451134,"(0.001890821192765512, 0.0020325220973360886, 0.0014867000569138333, 0.0026111735450737887, 0.0025125326260836077, 0.0015438707140581417, 0.002533791298951589, 0.0015209974854443649, 0.0025397297820601416, 0.0015283870533598725, 0.0018078388086662214, 0.0021380454750029544, 0.001590671667714003, 0.002442456847670985, 0.0022062122529577306, 0.001758620283518602, 0.0016208861474690708, 0.002392165363756739, 0.0018631258822613597, 0.0020774075025602207)",-0.8321990274315147
0.003765045846140728,0.0035891237213114876,0.0009893495430085178,"(0.003599562416314986, 0.0033192456661288935, 0.0039646430542002505, 0.0030409445509686638, 0.0063762420255326375, 0.0018896168189049887, 0.004171086892631463, 0.0028727654871792616, 0.004259689788688995, 0.002829861867397883, 0.0036791273384820084, 0.0032641958395670375, 0.002615607102178625, 0.004612336691393885, 0.0049731100856332125, 0.0024232552101259167, 0.003242388776636536, 0.0037142800841538518, 0.0034662933340595978, 0.003468221396051046)",0.17781594591359295
0.00011839783246707626,9.947399260733926e-05,1.7260447165502506e-05,"(9.772265361680457e-05, 9.83971397950423e-05, 0.00010938102697745697, 8.791356897410601e-05, 0.00011875331180903254, 8.09748870140225e-05, 7.196711573198056e-05, 0.00013361359055768008, 0.00010494352375212027, 9.163082559874361e-05, 7.909421996218311e-05, 0.00012157496960402597, 0.00010618785952343632, 9.055742402810495e-05, 0.00011443793011252761, 8.402861286911347e-05, 0.0001232745950088313, 7.800488132456008e-05, 8.910494828962626e-05, 0.000107916767597387)",1.0963701970340038
0.045780082728327565,0.04442322758031725,0.0031076796887421496,"(0.04821331244870419, 0.03977466043545565, 0.048392722849542685, 0.04148895262109498, 0.04636168254970555, 0.04196097851421469, 0.04272759297749667, 0.04606003730195664, 0.04349551218966528, 0.04556920047434043, 0.043285936623227474, 0.04478479062332429, 0.04891820458171525, 0.04022180571200226, 0.04096369326582258, 0.049356558553149556, 0.04496975027507044, 0.04426496523995114, 0.047633996425268346, 0.04002019794463666)",0.43661357794551564
0.0329812608995891,0.018815961722802286,0.006891746976553813,"(0.012334875779447897, 0.024812894844290452, 0.02245003754399995, 0.013908216915390043, 0.009364710862130395, 0.032689515603323865, 0.028142966399816838, 0.01118359221418667, 0.01709616739174516, 0.01804723375847227, 0.00939347294901903, 0.032400805864986434, 0.01841889718098948, 0.01737135524759215, 0.023931867824556502, 0.01324030228352923, 0.01483088133928991, 0.021027353858317464, 0.017113559556103938, 0.0185605270388581)",2.055400354217605
0.006933869991153935,0.013794351463028834,0.00410124162953895,"(0.021279553017917563, 0.007995382297657273, 0.019945114413742394, 0.008777024345433324, 0.012461608385652249, 0.013657615807396455, 0.013476077180076094, 0.013139014126812081, 0.01800587542259903, 0.009558150413947687, 0.018923017981656867, 0.008921258607278913, 0.010031919599312664, 0.018069763655475142, 0.013378979776033454, 0.013361678419310852, 0.009333818187685932, 0.01872365353916147, 0.014318090736498323, 0.0125294333469289)",-1.6727815845968907
0.019355854281428095,0.009907854042708369,0.002429095237477887,"(0.0160821934286725, 0.0056250569071465825, 0.008559337698873968, 0.01085844269989467, 0.00834584530779645, 0.010843467184190343, 0.00795046596822556, 0.011816812095282677, 0.00683915325267804, 0.013371783406208215, 0.007558526101230026, 0.011883650990349591, 0.00895562990909587, 0.010727320159631607, 0.009325631243274157, 0.010165629244408248, 0.012020709085689045, 0.007720227505210097, 0.009676412804185342, 0.00983078586212436)",3.8895141256501415
0.00046144050729359393,0.0009252696329155408,0.0005102657088366378,"(0.0002991440182928002, 0.002203778390886856, 0.0010407394858594338, 0.0006341035432671866, 0.00033790219447662795, 0.001951180123685519, 0.0007721534337906444, 0.0008550103122842168, 0.0007288744333435123, 0.0009048330711425873, 0.0009187197511285398, 0.0007175015182585634, 0.0006135537025448797, 0.001076822364537681, 0.0007212556945733451, 0.0009156205432412068, 0.0018213948559670239, 0.0003623194969678211, 0.0008794066055130177, 0.0007510791185493512)",-0.9089952892963111
0.0004598467725654748,0.000593871694295272,8.703529317798542e-05,"(0.0007286085077541532, 0.0004741340223679612, 0.0006519206027507784, 0.0005300493972951818, 0.0006764775717990606, 0.0005106769845791995, 0.0004586455988831437, 0.0007534936085405068, 0.0005148204775308628, 0.0006710972968006135, 0.000642307368591444, 0.0005378123996902718, 0.0005371210909399287, 0.0006435446464061423, 0.0006136669405994416, 0.0005631976042426453, 0.0005392612418554177, 0.0006407793162175989, 0.000685948514042575, 0.000503870695018516)",-1.5398916558564235
0.002889931992430438,0.0030928090634048024,0.0006524268764372384,"(0.004022552121836946, 0.0022765870767294896, 0.0035785271536528615, 0.00256198194262612, 0.0028809127732743, 0.0031787901321741687, 0.002781898005421805, 0.003297133598148862, 0.0037070780853288104, 0.002471458315939991, 0.0021917913692800395, 0.004176882106615819, 0.0028656988675411685, 0.003203723392256429, 0.0035103894398912767, 0.0026138963528285104, 0.0036758694069410837, 0.0024939702057747777, 0.0022048933318351573, 0.004162147589998427)",-0.3109575621443314
0.0018288598298734455,0.0014866914965006542,0.00024143255608389947,"(0.0016724129918477988, 0.0012879767403414914, 0.001701552607674783, 0.0012668019081772872, 0.001399565850419865, 0.0015390868139881482, 0.0016838870199900496, 0.0012804478775147205, 0.0019046484565089302, 0.0011312491148623525, 0.0011931159596926587, 0.0018050613643199609, 0.0013956468725968491, 0.0015457862415711576, 0.0011472378057065134, 0.0018798447288675445, 0.0015870408027380044, 0.0013581580146100646, 0.0013185307963480566, 0.0016357779622368487)",1.417241895305476
0.001667838502101524,0.0020089418220511847,0.0004651869754325599,"(0.001350054281290178, 0.002838343624921007, 0.0016596854653111394, 0.002311109566106288, 0.0025551184993264473, 0.0014997370916139212, 0.0021614498318929774, 0.0017753031151108054, 0.002859049371544427, 0.0013408083531173817, 0.002104542570793229, 0.0018203723448240385, 0.001826729751091721, 0.0021023188073336814, 0.0016501413684417985, 0.0023261477779002813, 0.0020234817073416134, 0.001895521836751064, 0.0026055040756631123, 0.0014734170006485828)",-0.7332606843355438
0.0024790748682397795,0.0021748887326765816,0.00036518275646116235,"(0.002758376156234578, 0.0016676226515421895, 0.0017556570939281197, 0.0026227551615541416, 0.002081969769388613, 0.002209486662390438, 0.0025511329153512776, 0.0018056821371439788, 0.0024395618763165677, 0.001886327641481517, 0.0019402840051338701, 0.0023702643753455935, 0.0018806463933251335, 0.002451503912106812, 0.0024128150202233955, 0.0019098244863490171, 0.0018650836405134836, 0.0024687917572063347, 0.00168526863157769, 0.0027347203664188774)",0.832969602702335
0.009055792327888992,0.006802224644348426,0.0008827035728941597,"(0.006151232004432319, 0.00738105528771717, 0.007557395848853082, 0.006026973413164817, 0.008002160628987906, 0.005674404964698576, 0.006681546857726865, 0.006825675468454857, 0.0061563548997067095, 0.007384319041583937, 0.0056062646892737645, 0.00809345000461024, 0.005241539907338239, 0.008723702318663795, 0.006543190060435219, 0.006977149296264881, 0.006914414429039881, 0.006586758804354098, 0.00680922475054022, 0.006707680211121943)",2.553028845404684
0.012557752341721396,0.013271869813806465,0.0028795897230405204,"(0.009394947847271002, 0.017823186679840855, 0.012320181387586955, 0.013673526896666583, 0.01631545981142757, 0.010265234634244145, 0.014676061230510705, 0.01150603342958134, 0.009174717373606657, 0.01829485237696405, 0.011343281203947694, 0.014744381085414857, 0.01721111798283277, 0.009859759683808946, 0.012812567213135308, 0.013204939244547664, 0.011587668872415833, 0.014535105759346736, 0.01037907135363202, 0.016315302209347543)",-0.24799278396196042
0.005837940160807812,0.005889012210545542,0.0012088496697793558,"(0.007540608477787582, 0.004409476299348656, 0.005621989854686168, 0.005929999425803817, 0.003982313164277855, 0.00835025725580233, 0.006026156047813685, 0.005538088867125785, 0.005127540370436792, 0.00649145154236893, 0.0050372148561170305, 0.0065975765652259875, 0.004971421871007407, 0.006727558474713228, 0.008209229107468926, 0.004068779818371024, 0.006241527659120325, 0.005340961832724396, 0.0059855783540153145, 0.005582514366695623)",-0.04224847060350485
0.0018990785694675506,0.001991193666176548,0.00033969236532957475,"(0.001699221415434083, 0.0022673547393778867, 0.0015118166795697356, 0.0025507002637900284, 0.0019043398524394902, 0.0020232017409309976, 0.0017206835264018297, 0.0022418756676671208, 0.002106874576322463, 0.0018293018611416014, 0.0022806021102120774, 0.0016890644209003958, 0.002436294973926004, 0.0015845266454418475, 0.0023625052922086097, 0.0016332907021872189, 0.0024156823426617338, 0.0015962730067835898, 0.0016995076268899872, 0.0022707558792442596)",-0.27117211368476274
0.003093044828880762,0.003496382877073933,0.000609630611681502,"(0.002712058246516076, 0.004376006581583266, 0.00476301781303694, 0.002493841383966674, 0.0034817960368593564, 0.003408815697767255, 0.002882046951819814, 0.0041228101401573, 0.004237862819651903, 0.0028013911282045805, 0.0029432232787293734, 0.004031939843829786, 0.0040057994178335785, 0.002968097107200549, 0.003500578114580351, 0.0033951850099801753, 0.0032358091722313673, 0.0036708163926650675, 0.0035110003348238334, 0.0033855620700413928)",-0.6616105564001648
9.545183296233452e-05,0.00010182389449077037,2.866132808515492e-05,"(0.00010154950891125216, 9.464582076462272e-05, 0.00010661959835514347, 9.014573788258115e-05, 0.00014113612219526027, 6.809917377338026e-05, 7.246263689531424e-05, 0.00013263833842645336, 7.407326700460234e-05, 0.00012975338638797026, 0.00011146495890879715, 8.622660193550884e-05, 7.9088299874103e-05, 0.00012152670604461898, 0.00015026903946264742, 6.396085723193212e-05, 6.307629884904965e-05, 0.00015237578050770334, 0.00010995081315897558, 8.741494324549111e-05)",-0.2223226191579117
0.15509995427735676,0.15856335653030174,0.0033244566735053742,"(0.1596091920176762, 0.15574759460849222, 0.15655431901575498, 0.16125076573118224, 0.16277191856714268, 0.1537398298130137, 0.15838426158563879, 0.1600334358068994, 0.15617828644158, 0.15964790115966485, 0.16516871371237413, 0.1507539419993539, 0.15672998096015378, 0.16015675186136857, 0.16044087200218193, 0.15803981986508853, 0.16222759153813165, 0.15528282510705416, 0.15899710354925167, 0.15955202526403156)",-1.0417949737612593
0.02681299283499197,0.02403358196015286,0.006551576589866576,"(0.023942782250439262, 0.02281409716052411, 0.025202196386382807, 0.021298544054683722, 0.01602003026141757, 0.03301102047732888, 0.02924183682345615, 0.018387885646737018, 0.029248505375131253, 0.01842670239023984, 0.016131449108977042, 0.032723865342289465, 0.037568435917717524, 0.014409287135632625, 0.021547831425724594, 0.02491182797975198, 0.023515203276795297, 0.023118044202907556, 0.016819599625600347, 0.03233249436132011)",0.4242354243615297
0.046860422934762336,0.024290925016815602,0.005690511360070638,"(0.02731732908491252, 0.02105904281091042, 0.021465510381213894, 0.025953542555532234, 0.03105021199114877, 0.017459432920017108, 0.018357829996623866, 0.03044509944270584, 0.028137088151239588, 0.01994855215894577, 0.031118263576481436, 0.017361593285071752, 0.035545743875783714, 0.01591892686221035, 0.01776385153692647, 0.03136294034560611, 0.023419729103567474, 0.024344739477320465, 0.024503395670410717, 0.023285677109683555)",3.9661634060364257
0.013202599653522301,0.013898055535033758,0.004444644841289298,"(0.01614012455756615, 0.011084277194607169, 0.00925551152340471, 0.018918298975477695, 0.0067383270268610495, 0.025516992973467982, 0.009540614972858467, 0.018393613484165888, 0.009538446308964872, 0.01844994328847492, 0.012569020218207324, 0.013647107932832827, 0.014071714790400503, 0.012573952381013918, 0.017155603072344153, 0.010206295015186493, 0.012114125012105065, 0.014677595478425122, 0.01062510942913364, 0.016744437065177132)",-0.15647051819549204
0.0009642600183590932,0.0009480433094232719,0.0005660662040770774,"(0.0007005953759852921, 0.0009114499120637579, 0.0013129300362341285, 0.0004859821499749947, 0.0003409087937336852, 0.0018704822599538893, 0.0011422014241773137, 0.0005587116734152106, 0.000618313975890233, 0.001032156575122385, 0.0007583364333866335, 0.0008407546470368555, 0.0006616311408439661, 0.0009647758520706564, 0.0019143468732246934, 0.0003332726033967024, 0.0020975098956989295, 0.000304314714845339, 0.001746707597348708, 0.00036548425406206225)",0.02864807829723953
0.00043899824391804637,0.0006062221637756606,0.00014254989141777958,"(0.00045066895149664367, 0.0007734879450333763, 0.0007909674553991558, 0.00044062889730714524, 0.0008607459770406947, 0.0004048471893776844, 0.0005226072048316508, 0.0006669091759488444, 0.0006417193566519856, 0.0005431329686148418, 0.0005311321526270035, 0.0006560725628434863, 0.0004997334840718385, 0.0006974815640995713, 0.00044078189848712764, 0.0007906884877849202, 0.0007760578726632395, 0.0004491469468235782, 0.0006574517080437657, 0.0005301814763666589)",-1.1730904751622782
0.002583392860044384,0.003089916359532055,0.0004804396003241671,"(0.0022945488084829086, 0.004069771351097411, 0.002328439276742766, 0.004007598111195865, 0.0031084109532882086, 0.0030001316328796554, 0.003407182210589779, 0.002738960302483588, 0.0029328358636264715, 0.0031822595626575696, 0.003101419586846659, 0.0030066587358368794, 0.0032015766423944135, 0.0029156782875902976, 0.00362880582679713, 0.0025714950163064267, 0.0030507242829276283, 0.003060380655954893, 0.002598760588863437, 0.0035926894940791054)",-1.054291734373903
0.0016968471201603413,0.0015046604382860846,0.0002789340674502514,"(0.001766736585114179, 0.001240773823801569, 0.0019632070042289946, 0.0011160942641815046, 0.0017732940604146459, 0.0012351496635419248, 0.0015519307350096967, 0.0014119374491941372, 0.001789686462593009, 0.0012244374800795836, 0.0010690275757297548, 0.0020487483310143544, 0.0016974279962532438, 0.001291135348995536, 0.001636054068628397, 0.001339271779920492, 0.0015443006312953762, 0.0014193019938433587, 0.0013447284154800387, 0.0016299650964018942)",0.6890039772876926
0.0018859328429962784,0.0020062305712071717,0.0003319710019966427,"(0.00167042425239217, 0.0023485673040273738, 0.002155969680013196, 0.00181844030268691, 0.0023335022072724842, 0.0016791627037578024, 0.0015886697672253078, 0.0024679757236849282, 0.0024266456379830616, 0.001615862851648498, 0.002383293232276223, 0.0016439426777978851, 0.0021226214321261472, 0.0018476102018638, 0.002502567895933135, 0.0015665802881776535, 0.0017813241163340346, 0.002201892426089393, 0.001854595947400312, 0.0021149627754531207)",-0.3623742058413584
0.002370491496467805,0.0022366671668553407,0.0004894270501653881,"(0.001840066647488537, 0.002599169650313473, 0.003125515977199789, 0.0015291147825410906, 0.0024159262557832415, 0.0019770832608854896, 0.002144216754005764, 0.002229110450626849, 0.002538657898655701, 0.0018829237040348024, 0.001978583538097907, 0.002413854434028087, 0.0017702469909048639, 0.002700719686579499, 0.0029041859781639063, 0.0016456226504618855, 0.0015587556668362724, 0.0030675003669163752, 0.0024974781384945748, 0.0019146105050887076)",0.2734305951566064
0.006688671685566995,0.0072260897590481,0.001290399492789089,"(0.005516993991944715, 0.009202873774047646, 0.007518414797752262, 0.006737633925668679, 0.007681822411961241, 0.006581887193914539, 0.00878080574073968, 0.005770658866726127, 0.005005765154301623, 0.01012528038141037, 0.0075283671192531735, 0.006713866312231116, 0.007638571899449492, 0.0066391586202104395, 0.007478352301380618, 0.006773341960025246, 0.00659793755164924, 0.007689044349344613, 0.005814201991638338, 0.008726816837312832)",-0.4164741822081174
0.013833372898074396,0.01410084086365763,0.0018339333871856443,"(0.011131803542548582, 0.01764830591147056, 0.01525446532931409, 0.012819783677015906, 0.012820733148653526, 0.015195721066386204, 0.01390520539481114, 0.014071900298115973, 0.013282030709509047, 0.014740161009111156, 0.013625963413254364, 0.014288415487873024, 0.014569216057092521, 0.013453257839937742, 0.017678739474397246, 0.011060563108496723, 0.01673255494095373, 0.011722344128381376, 0.01413231743093862, 0.013883335304891043)",-0.14584388258162972
0.008446112916927678,0.006156140561511991,0.0012530722497080822,"(0.005504557974914411, 0.006632191470808355, 0.006885639423769316, 0.005291838720016604, 0.0060490599498955935, 0.0060142346712485665, 0.007753775359089816, 0.004700510114701145, 0.006697617171015505, 0.00544295836831619, 0.0063013579946299934, 0.005771840748516525, 0.004050385213069685, 0.009004630055182462, 0.007754839266342015, 0.004698454978615612, 0.006761140789379319, 0.005395927784971043, 0.007629310861965641, 0.004782540313792005)",1.827486288958329
0.002851977565727305,0.00201070931582558,0.00035813165449624304,"(0.0021704230470434654, 0.0018089964033862751, 0.0023531520496119537, 0.0016674820736839466, 0.0013845608531872244, 0.002832539803703604, 0.0017297685723035151, 0.002268602531150021, 0.0026233793445256397, 0.0014959496719326804, 0.0017158548196225492, 0.002285431639409734, 0.0019766598073625596, 0.001985700702569525, 0.001802311462796434, 0.002177076130109763, 0.00183815238125907, 0.002135523106692143, 0.0019795665826709036, 0.001983055333490592)",2.3490474503994188
0.0031180866715883864,0.003604736814203468,0.000944453339943214,"(0.0035191319732014855, 0.00346490847559996, 0.0037888654562219515, 0.003216164442332846, 0.0026777573501355414, 0.0045483288827517085, 0.003245523033654685, 0.003755050797240846, 0.004288294647681932, 0.0028420926652215767, 0.0024109939260713933, 0.005051006096699141, 0.0032730231583097055, 0.003724309004760495, 0.0024459920137629826, 0.004981532211946477, 0.0021149411429161762, 0.0057635911608003715, 0.003470696749560074, 0.003512533095200011)",-0.5152717683695648
8.193649999750397e-05,9.983899397344896e-05,1.939889144215036e-05,"(0.00010828169591140633, 8.883517131460081e-05, 7.768021634627194e-05, 0.00012383025237773626, 0.0001080540228750218, 8.902133062879794e-05, 9.435774361016095e-05, 0.00010194378539100787, 0.00011270813731743107, 8.534594341894215e-05, 0.00014201781883408537, 6.773163708191124e-05, 8.083779789494987e-05, 0.00011899385256395395, 0.00010173442978023755, 9.455143043124746e-05, 9.306595224769905e-05, 0.00010335861088018115, 7.34276334492815e-05, 0.00013100241711405498)",-0.9228617021406719
0.1682890069023022,0.17762447550053173,0.0013517894938204153,"(0.18034139046138542, 0.17614060883357904, 0.17734261538945867, 0.17787767969453241, 0.17875966275563218, 0.17530252541118815, 0.1791995537662154, 0.17683274042534433, 0.17706438889002354, 0.1787327131583159, 0.17603303452952662, 0.17773647175394341, 0.1770168762571961, 0.17924749474769375, 0.17627302095810032, 0.1779265775598104, 0.17904861783064463, 0.17567385558941967, 0.17821950701959208, 0.17772017497903192)",-6.906007659406878
0.020789879180104637,0.01953387734058465,0.009604494269931103,"(0.03388024637900259, 0.009581569637398177, 0.03359361548141687, 0.0077308957315166205, 0.0414800078197663, 0.006096322118320103, 0.026115592690357726, 0.011421225988212099, 0.012469678675829234, 0.025081052706642296, 0.022156537023008353, 0.015490050235992566, 0.0093551536352765, 0.026373514271038453, 0.013614713556612363, 0.023326421516162623, 0.015138869970192396, 0.0214984873360381, 0.01605105966947136, 0.020222532369438325)",0.13077230348839572
0.009363687806665723,0.012596026881525117,0.0053494251602228485,"(0.00953758422377243, 0.015338756677648259, 0.006445842503221221, 0.01857860361152148, 0.01621913143517335, 0.0069092469284900435, 0.008998081210403144, 0.014479881862083493, 0.008946008566691093, 0.015772399448941286, 0.011158354590270324, 0.013678732412441965, 0.027902962576122233, 0.004083680284773147, 0.017300680076328803, 0.00784246551085436, 0.013239372070487244, 0.011029517237941712, 0.01446318235921105, 0.0099960540441257)",-0.6042404516459745
0.010012930146374815,0.012189811381944067,0.00496610351834509,"(0.01432421498641919, 0.009890902559373247, 0.00603206739375787, 0.018857751843906843, 0.0043207372677504016, 0.022996619669452233, 0.006115411934288182, 0.01917527898520177, 0.012849143538896933, 0.010581797661161971, 0.012882308161658447, 0.011438578369290988, 0.007340387880896658, 0.014598696232588812, 0.015636454365612968, 0.00763660016942868, 0.008739948798079947, 0.016111679038655805, 0.00907824204801288, 0.01518940673444746)",-0.4383479376794542
0.0016123933834785778,0.0008995011412413923,0.0006622662879968415,"(0.0004949808282345517, 0.0010764073037986, 0.0007934311984409999, 0.0006787999375582503, 0.0005410156752572642, 0.0009708497423832197, 0.0011525913692440163, 0.00044528996826078896, 0.000844852971156463, 0.0006365825146472077, 0.0009790468490955128, 0.0005474334413332838, 0.0013300852442621539, 0.0004042394761072741, 0.0010089392670804998, 0.0004977484467617319, 0.00018226295588219814, 0.00293642981992433, 0.0022295145914126182, 0.0002395212239868821)",1.0764435018932828
0.0006004564826900334,0.0005921080242156356,8.87744109925662e-05,"(0.0004886349001564521, 0.0007031124425544115, 0.0007337670903849852, 0.0004681482071129537, 0.0005801762699536341, 0.0005904691630143387, 0.000588909425876541, 0.0005813569003487655, 0.0005634220833236519, 0.0006099781590082432, 0.0004689354708457919, 0.0007328834334562412, 0.0006846428418313622, 0.0005015672244029372, 0.00048264384796098435, 0.0007082860349895505, 0.0005143006692322062, 0.0006681190454422935, 0.0006055861220656335, 0.0005672211523517328)",0.09404127136475048
0.003067103593664106,0.0030371913334882694,0.00048196757237944595,"(0.003221522637082497, 0.0028083143603668276, 0.004030822935452281, 0.002223542395555783, 0.003012877564184334, 0.0029643916759289736, 0.0034590612752672524, 0.0026003304095887384, 0.002921417545775111, 0.0030915091010027627, 0.0029521651082364134, 0.0030704502559742927, 0.002311383002748037, 0.0038685004310059943, 0.002599166449158338, 0.003466634804028331, 0.0025194456604955683, 0.003590457955716473, 0.003249624640128256, 0.0027822084620691173)",0.0620628064833522
0.0010554178105373706,0.001501810739072259,0.00022708757875541014,"(0.0014304675278230784, 0.0015478369111778744, 0.0015921387345023345, 0.0013848417523631745, 0.0013658377433780281, 0.0016087915154201194, 0.002136146454029298, 0.0010318595554179065, 0.0015840761809287425, 0.001396662893288476, 0.0015569644250297448, 0.0014230847406786911, 0.0018589255554858045, 0.0011846574002681884, 0.0014336837100603966, 0.0015373757488264133, 0.0014017958331460027, 0.0015792670054824776, 0.0013902509248749399, 0.001591550169263485)",-1.9657302745549377
0.001834915872012724,0.0019880523033019067,0.00027638944037024405,"(0.001597026006708457, 0.0024395353355690552, 0.0019465022190912186, 0.001993914549614587, 0.0021620448464516138, 0.001782791519069248, 0.002054685262174495, 0.0018800875361178499, 0.001850383180216509, 0.002104623868744983, 0.0024792662040037977, 0.0015726128103489862, 0.0023535008861703, 0.0016466758544082753, 0.0017633414302531338, 0.0021862565786030224, 0.0016793239206968765, 0.002319770383012451, 0.001895575003459871, 0.0020531286713234066)",-0.5540603544189138
0.0026471767919365907,0.0021796218446040747,0.00027349714973309397,"(0.0022605634384793368, 0.0020801473152259184, 0.0015647547317828461, 0.003000002383809467, 0.0022581771528044606, 0.002059394800800996, 0.0022941984632864998, 0.002025670375055682, 0.0021874524099905973, 0.0021509864478920157, 0.002220316466172983, 0.0021199467140657663, 0.002527857044548511, 0.0018544885928193729, 0.002214983195502681, 0.0020886393389216227, 0.0022300738344996633, 0.0021091838498068596, 0.002324490945407946, 0.0020211093912082694)",1.7095423034163362
0.007003815716170213,0.006995284403071633,0.0012349774163557376,"(0.00733368884218531, 0.006565276437987944, 0.006236225386397182, 0.007684548070391087, 0.005356702554951739, 0.00867704110602362, 0.006620604472964357, 0.006997553255273126, 0.008069279293309313, 0.005980818348270778, 0.006662079488370194, 0.007250902045167998, 0.007957307151679452, 0.005996671106902615, 0.004818671395268769, 0.009468763770212635, 0.008641876338994997, 0.005577386468920169, 0.0059769044490586365, 0.008033388079102744)",0.006908072152245503
0.015760647632164233,0.013920254876402988,0.002833319671393719,"(0.013728809108935284, 0.013950238723283718, 0.015329614155507012, 0.01237144435540057, 0.013570679886634684, 0.013153362289762924, 0.015894728480798554, 0.011164195401985731, 0.019441371168314306, 0.0098950598570527, 0.017660371867183364, 0.010915046269909755, 0.010036933765938325, 0.01873345627843581, 0.010824793429725789, 0.01590942719398775, 0.01580619916964877, 0.012141386429629239, 0.011978556406266817, 0.015899423289658713)",0.6495535164431163
0.0052531287123342325,0.005927841958836035,0.0016356436682499725,"(0.005125347242954912, 0.0065057245703725895, 0.0059563399264479944, 0.005578600110059727, 0.007109468956168303, 0.004552850212209214, 0.005732506491695456, 0.005627007153970143, 0.006863377516729743, 0.004869117180505003, 0.0060842516395004384, 0.005496097828416971, 0.006301315459335588, 0.005254268303578701, 0.011683765857034631, 0.0027241321087640618, 0.00581503785773294, 0.0057398801787860885, 0.005873412220876201, 0.005664338361582016)",-0.4125062564658109
0.0023999412654910116,0.0019858124997967582,0.0003693258241364129,"(0.0016029478356503217, 0.002389722334308214, 0.001577709231744953, 0.0024258157918546678, 0.0016530695453475434, 0.0022948322498156323, 0.001955981335874335, 0.0019364911960628281, 0.001730777963394802, 0.0022151662092323794, 0.0017883496363087859, 0.0021441053273430263, 0.0019388823049465301, 0.0019716365756564497, 0.0013799905222726062, 0.002731930511074123, 0.0020894588592856433, 0.001834015286625928, 0.0025601850161265285, 0.0014951822630098679)",1.12131006994326
0.0035878523054831803,0.00337643813849316,0.00039264772962167486,"(0.0032794333217933025, 0.0034505438591995075, 0.003540922415743907, 0.0032190647117719758, 0.0029560089219119864, 0.0037847260302513908, 0.002979715751017683, 0.003694989244902017, 0.002669349381381736, 0.004266895233974845, 0.0028989552153878433, 0.0039196066037394, 0.0033873460588963356, 0.003360562408108411, 0.002947203493264789, 0.0036777048045602244, 0.003666394998815343, 0.0030959544942824593, 0.0034214880943375554, 0.0033118977265224887)",0.538432164611579
0.00012098590215040681,9.991744436247015e-05,2.0129955768719722e-05,"(0.0001316307139129064, 7.301292290498526e-05, 0.0001054488349974572, 9.11730061588639e-05, 7.631236464545497e-05, 0.0001259126292289387, 0.00014523106754437432, 6.61154090100504e-05, 0.00011196748055148768, 8.585900945919576e-05, 8.561766544026085e-05, 0.00011227149842792976, 9.553008332593476e-05, 0.00010063635825109616, 9.980690147941336e-05, 9.61517188454854e-05, 0.00010358868611215067, 9.279073647900023e-05, 8.182363677718527e-05, 0.00011746816369723205)",1.0466221600285528
0.003167374458513194,0.0019695843222770864,0.0015587999984951187,"(0.00015689965233695643, 0.004731831320404122, 0.0018939255323279687, 0.0029224374872254795, 0.003373084339008434, 8.422343040549442e-05, 0.005331230534241656, 1.9916014769865643e-07, 0.0016504017023172516, 0.0023929584362283687, 0.0007382518183376724, 0.003094084724465869, 0.001494766056153697, 0.0032277531468142516, 1.5905157273865356e-08, 0.0015911286163941781, 0.0009784512559815465, 0.0020494005657136767, 0.0032040397509764205, 0.0004766030109037133)",0.7684052716143613
0.025837370363303868,0.019498156080449608,0.009188487993097943,"(0.023399749809625094, 0.013299638117778624, 0.021017396148333426, 0.015504400867186003, 0.023639512846165035, 0.013462816706540096, 0.05036814808132416, 0.006159684422189923, 0.018737162339415196, 0.01705011029935076, 0.03225965757484321, 0.009762140296117487, 0.02032038544743565, 0.01564508518587201, 0.02217848308387532, 0.014743361111188008, 0.015179088048773924, 0.020351939240126023, 0.015557529173299833, 0.021326832809552325)",0.6899083165387
0.01737141853315198,0.0142053331065928,0.005839328517066939,"(0.024896102278967016, 0.006639257801053877, 0.018044640719538194, 0.009731467465989891, 0.010403343818787807, 0.01636108436713541, 0.01050172271845214, 0.015678294979477893, 0.020105131538603084, 0.008511231137409654, 0.022271405857882343, 0.007539398907357446, 0.008190960062051085, 0.020762033789429753, 0.017539527695457573, 0.010059414786374204, 0.00765933601926557, 0.021361505008357252, 0.010172926483514278, 0.01767787669675152)",0.5422002576675524
0.012966274206708556,0.012530974277655685,0.005127610542217471,"(0.020067309948846514, 0.006446194545850628, 0.006409902709749631, 0.021407264967550323, 0.007257415213381674, 0.018338388106932897, 0.009124664729384942, 0.014125578825276087, 0.006480933441114452, 0.020650598353099386, 0.012934452079862926, 0.010157305268207127, 0.007362870138972243, 0.018072466866728372, 0.014032329645064122, 0.009826962318882622, 0.01604678127886382, 0.007976716532189258, 0.013485118468742152, 0.010416232114414545)",0.08489332906017132
0.0009637235541663141,0.0008712919015431954,0.00031294860483343465,"(0.0008575155247014363, 0.0007898140198268206, 0.001074104597092805, 0.0006315816098492804, 0.0007142164780896672, 0.0009489505517389906, 0.0008455130313953197, 0.0008009870338805674, 0.0010098705000420923, 0.0006713226988001006, 0.0007514685306653472, 0.0009017184309438016, 0.0008598178868371868, 0.0007884552353125663, 0.00047558549019112017, 0.001426749280011361, 0.0005955020015150841, 0.0011368350174457385, 0.0017601574690435046, 0.00038567264348111533)",0.2953572925251255
0.0006679119935442255,0.0005957326125113265,9.325073329405557e-05,"(0.000543355343850498, 0.0006380095450532469, 0.0005129492336686369, 0.0006761444807251913, 0.0006469010711599232, 0.0005360024114682471, 0.0006345628119910298, 0.0005462956419245251, 0.0005840493770718551, 0.0005937218328908663, 0.0006951892271306101, 0.0004987297375399786, 0.0005857444588917969, 0.0005919864907918987, 0.000783094223315568, 0.00044291762547586964, 0.0004644023360121275, 0.0007463977239907607, 0.0004989488285782281, 0.0006952498486956719)",0.7740355328390779
0.0026603813945361974,0.0030885096516866622,0.0006271721833013289,"(0.0028471100268243972, 0.0032229819708480415, 0.0031789886853199143, 0.00289312721536317, 0.002889583663330325, 0.0031791308559492256, 0.003111473259101187, 0.0029487129935891554, 0.0032686695753574584, 0.0028110023285658143, 0.004696095879997584, 0.0019551684540828596, 0.003065528284513959, 0.002996578080717381, 0.0020611603722468213, 0.004462965651597868, 0.003421548360284611, 0.0026808364692674585, 0.0032259095174991645, 0.002853621389276835)",-0.6826327259874149
0.0014030150910066112,0.0015036289264328542,0.0002967840281916786,"(0.0020496221281258165, 0.0010626498482721708, 0.0014087110861802287, 0.0015481758074894275, 0.0014094998772320186, 0.001546238524821608, 0.0016552148859514148, 0.0013157564384248274, 0.0010806019126377527, 0.002017128305521948, 0.0013497320746898552, 0.0016142456774926404, 0.0014710488692237355, 0.0014815550616173172, 0.0020591807831930597, 0.0010592490424212275, 0.0016791938478900677, 0.0012967479694365302, 0.0013418634642870333, 0.0016261629237484035)",-0.33901364584640425
0.00213869268086532,0.002078254555246593,0.0007126841518365756,"(0.003929221690830758, 0.0009851551384460519, 0.001717660734899771, 0.0022577052756977954, 0.0015159850526410652, 0.0025555934143083226, 0.0017213386847964175, 0.002248553245858525, 0.002883791728673169, 0.0013437362500504214, 0.0012721009192949665, 0.0030444230599076076, 0.001499179318470259, 0.0025843969818368892, 0.0016026966864738752, 0.0024200869799022593, 0.0016449566152224834, 0.00235230635717736, 0.0016904051859174915, 0.0022957977845263775)",0.08480352125549452
0.0018847492035796143,0.002245021065646919,0.0005637901820256434,"(0.0030695032181031917, 0.0015448585838097114, 0.0014613976769665552, 0.0032507517089032474, 0.002308346164593581, 0.0020560127549661762, 0.0019106837123045656, 0.00248159797455879, 0.0015258964091159999, 0.0031110417448338107, 0.002431665529818638, 0.0019510780186139205, 0.0018367794948979277, 0.002584160011821461, 0.0018729865599746607, 0.0025369054237687843, 0.00206648468782976, 0.0022937595144969687, 0.003045414746036461, 0.0015610973775241669)",-0.6390176231393087
0.007088140460414447,0.007134309468895709,0.0015253374832930049,"(0.006700574492668773, 0.007252598892341003, 0.0065572529792880885, 0.0074539726521500324, 0.005090064788871624, 0.009572918169845865, 0.005578434751229362, 0.008709234898472296, 0.006170213415252621, 0.00790314670785745, 0.005604386003447837, 0.00868515664331684, 0.0077946697058825145, 0.006253673956784819, 0.009023484601097342, 0.005420155308171221, 0.007187707391501287, 0.006752339741331084, 0.004827474853695388, 0.010148729424708722)",-0.030268061322133936
0.01196950883249967,0.013958627330201851,0.003177410581063813,"(0.010512241789833267, 0.01753806482598209, 0.016057182591920006, 0.011612159354641355, 0.010539487425980664, 0.01758461489928091, 0.012508140547787105, 0.01473203935995047, 0.01797087408258388, 0.010328475950565477, 0.013655356479252203, 0.013543970175790399, 0.0180811458209367, 0.010257776548467719, 0.01194611719952122, 0.015627801390923207, 0.020169706040760658, 0.00911752313737517, 0.013214330338161674, 0.014175538644322841)",-0.6260187177434949
0.007268033305352757,0.006076241401065233,0.001032006516472769,"(0.006665893374293629, 0.005375921153830843, 0.00592940552586807, 0.006073353569396134, 0.004809119891286573, 0.007468428356770026, 0.005097423925951708, 0.007028570720830779, 0.005569705155916454, 0.006452863886946729, 0.004331645155855387, 0.008284318639908991, 0.005173821622612314, 0.006944445715315352, 0.004873863825730002, 0.0073927520366310505, 0.005708334097212701, 0.00627073025852415, 0.0054345095216517605, 0.006639721586771968)",1.1548298244868413
0.0016615630663059482,0.002001692115060528,0.0003977792479572161,"(0.002076402214384938, 0.0018585821570681754, 0.002198123472085782, 0.0017584468424759671, 0.0016471945104682222, 0.00234458640346839, 0.0018662595334166944, 0.002067716740550993, 0.002252097037335779, 0.0017152123095372806, 0.003054936918826114, 0.0012638179538603516, 0.00236164501548027, 0.0016354852699973887, 0.002344615426329692, 0.0016488734821511945, 0.0023815375738180356, 0.0016198667478674875, 0.0020694395567632386, 0.0018690031353245646)",-0.8550698672726217
0.002871143962184999,0.0035518178577796274,0.0007993543132401406,"(0.0030219517881186235, 0.003981257000006701, 0.0039197794918600665, 0.0030736223709785784, 0.002891350855453319, 0.0041636141349289425, 0.005187400993162134, 0.002319206309552495, 0.003630254449647176, 0.003316940186421671, 0.0033770270413769885, 0.0035641410636449923, 0.0030995671234484187, 0.003884711720057034, 0.0032807179752007342, 0.003673049881388381, 0.0031499387241660935, 0.003818116656622575, 0.00548653278296752, 0.0021971766065900992)",-0.8515296462660629
0.0001246966613206682,9.975286034353306e-05,1.9201921245156625e-05,"(8.561214233411997e-05, 0.00011231804830443511, 0.0001109426368885313, 8.667413898216008e-05, 9.25215858933533e-05, 0.00010393050280176336, 6.352144142335097e-05, 0.00015137858739655886, 8.938479188248572e-05, 0.00010757788328024717, 0.00011363432122251701, 8.462066228774509e-05, 0.00010064429983576065, 9.554273562491607e-05, 7.410147338791569e-05, 0.00012976624464351613, 9.054149629257325e-05, 0.00010620286697539655, 9.666635105808241e-05, 9.947499635523228e-05)",1.2990263140167186
0.10004336758569606,0.09951446735866246,0.0038371536418411686,"(0.09459062923876846, 0.10439154008989443, 0.10109751355972836, 0.09833361358464147, 0.10831912932870028, 0.09029930026030822, 0.10039891678793066, 0.09831371013851707, 0.10105296226826221, 0.09729783810915953, 0.09751022363322963, 0.1018805835318907, 0.1038100694142482, 0.09565903748602045, 0.0976806565176268, 0.1022393695119263, 0.09950513698108925, 0.09858085987704103, 0.10045101743910119, 0.09887723941516474)",0.13783660400416456
0.03996244067687079,0.02372632415541866,0.009388181048737256,"(0.019556283279667214, 0.02554428025929145, 0.036113830780728724, 0.013585480863611622, 0.018273863938063573, 0.026488801117675514, 0.015076717431532676, 0.03206510700973025, 0.023647203829945868, 0.020842563248625542, 0.011609110717405495, 0.04294324632360139, 0.03090896047817043, 0.01591031299099532, 0.026897967802839422, 0.017029364103278113, 0.04120492663774971, 0.01169170391702235, 0.016615035242380335, 0.02852172313605816)",1.72942090029633
0.018497668141574785,0.018079061058829816,0.009213248560162089,"(0.019448407510129086, 0.013836692247533491, 0.020469141847913083, 0.012795181107484212, 0.025655720353720577, 0.010003998809334218, 0.01029317306008945, 0.024890896832974792, 0.019507309216440942, 0.013519918910470632, 0.021126420152771577, 0.012708526549727529, 0.010393915582590936, 0.025285873714871076, 0.005269227661678957, 0.04483641973448654, 0.02836586927328975, 0.008987369506694678, 0.023697925896637058, 0.010489233207757716)",0.04543534020725519
0.011867499556216191,0.013013587752513876,0.0053226579220785305,"(0.01528794390006874, 0.009796600737820063, 0.009120129671122515, 0.016075403816661452, 0.00714913800720994, 0.02018411804506412, 0.015311284103978532, 0.009412838260035366, 0.016377705605039768, 0.009002131085873628, 0.00919610245542798, 0.016271627575907492, 0.015013455712933398, 0.0097916382709379, 0.01222767584453574, 0.01105781293132838, 0.02027619709167299, 0.007082356165240559, 0.005352401663322837, 0.026285194106096085)",-0.21532253492069808
0.0009869363122210167,0.0008996187142930901,0.0003933055859258673,"(0.001288943513975635, 0.0005259156181384464, 0.0006058705707906309, 0.0011174587852853543, 0.0011500151970574774, 0.0005881614639353437, 0.0014379247964944506, 0.0004706735831408535, 0.0007090536601927976, 0.000955304300259339, 0.0003599928941606643, 0.0018877323029955477, 0.000566067420730328, 0.0011960562987082335, 0.0005060799558682063, 0.001332217469664893, 0.0007690162220521619, 0.0008804051961205848, 0.0008632537101624717, 0.0007822313261283778)",0.2220095545360111
0.0005275827571463294,0.00059916956236284,0.00011391073040830628,"(0.0006092288809793211, 0.0005698636430895974, 0.00041084384424400265, 0.0008448370427196756, 0.0005969496368082643, 0.0005813487507012582, 0.0005086900279496905, 0.0006822270840503729, 0.000535520781243307, 0.000648194931883326, 0.0006690383549130145, 0.0005189850944707157, 0.0005095030386946906, 0.0006812600615664285, 0.0006427774796753909, 0.0005395286456036408, 0.0006542485101545708, 0.0005304422876469678, 0.00041607280087856455, 0.0008338303499839983)",-0.6284465472208973
0.0025903184224482525,0.0030989107607546995,0.0005418321597137968,"(0.002698402535449728, 0.0034649368993762693, 0.00314725999354927, 0.0029681329327182217, 0.003212411849756621, 0.002906006300047593, 0.0020169840558906995, 0.00462807574311581, 0.0032357889628767326, 0.0028875884172461248, 0.0026710152550451886, 0.0035002168199408322, 0.003843053860537845, 0.0024310225655398785, 0.0033868397838212735, 0.0027488634413050644, 0.003038928129861325, 0.0030712293587794987, 0.003267076058099734, 0.002854382252136276)",-0.9386529189686573
0.0013260515199101763,0.0015193579927198647,0.00038380888426780424,"(0.001117041723775896, 0.0019500558888312417, 0.0025328980822548913, 0.0008595245216807447, 0.002004365408281194, 0.0010857261149022814, 0.0017364937487778674, 0.001253176472319832, 0.0016417785544304044, 0.0013262518382996654, 0.0015372677853571408, 0.001416991729968311, 0.0017572829022125013, 0.001238980048385131, 0.0012170481524059497, 0.0017850797645827569, 0.0016663623607609983, 0.001305806044683382, 0.0015685955564678751, 0.0013864331560192295)",-0.5036529396094125
0.0021897180786612206,0.0019926637895335566,0.0002964413848354357,"(0.0023960244459544713, 0.0016245208298900594, 0.0016761168973439293, 0.002320377091979446, 0.0023068321985268867, 0.0016849418478862906, 0.0020597107374582, 0.0018870760658723994, 0.0018561067060603098, 0.002095854130247431, 0.00176810047641962, 0.002201738197360332, 0.0016912924912622332, 0.002299776870702089, 0.0023735777914049194, 0.0016335439394602948, 0.0022444861625813555, 0.0017315703071121126, 0.002347546948660382, 0.0016540816544883697)",0.6647327235940935
0.0019790438849742746,0.0022064478519037054,0.0003978140632469515,"(0.001832419805994836, 0.0025798965098916015, 0.002225999107588982, 0.002121859594961551, 0.00189140312514931, 0.002495584267057, 0.0030754173411493115, 0.0015348589762401942, 0.0024580814979747847, 0.001922045657844101, 0.0019160708747962972, 0.0024681382081146513, 0.0016705622681453553, 0.0028276104320741975, 0.0026064339197427494, 0.0018061930655569607, 0.002114789145542079, 0.002231966651133151, 0.002296685769343432, 0.0020529408197735716)",-0.5716338056864143
0.006177521472504463,0.007058383814548663,0.001089787251340306,"(0.005858164759147024, 0.008350489770330823, 0.005680185964157289, 0.00858762005948528, 0.005867179958256185, 0.008296403885802078, 0.007525379174433246, 0.006469242765524371, 0.007408875548035971, 0.006589710134410138, 0.0067340609860495, 0.007273323644109776, 0.0067375816795533965, 0.00724201630527723, 0.005071401385792802, 0.009517483037185274, 0.007284030672100915, 0.006682879046957078, 0.00633451239437725, 0.007657135119987668)",-0.8082883525760161
0.014064807602732298,0.014274467807155945,0.0035066209970365993,"(0.01140050731094769, 0.017021095825347724, 0.0126700079643265, 0.015229767059443669, 0.01582815678686629, 0.012140410508237139, 0.010617427850257205, 0.018103688581418094, 0.01967056627184824, 0.009826724917868103, 0.009144587776497931, 0.021271725765183658, 0.015269290405990246, 0.012644572887045685, 0.01453090218458742, 0.013005744837252075, 0.01162265652556347, 0.01653441005643637, 0.018815255765995156, 0.010141856862006275)",-0.059789810361834936
0.006138731815972187,0.006014937763764772,0.0005362624359676879,"(0.005269183093900464, 0.00683897089470026, 0.0060537675349537174, 0.005938391088304689, 0.006708511987045714, 0.005349324405649038, 0.005646685583289304, 0.0063562542778165115, 0.005662089799061862, 0.0063539613533693815, 0.005177679228838565, 0.006968162103782209, 0.006609204935422634, 0.005440631042205442, 0.005619486602820683, 0.006341060578886157, 0.005652022777981958, 0.006349927046495403, 0.006028096113382812, 0.005935344827388593)",0.2308460259462861
0.0019518975417123464,0.0020417310751071806,0.0005558741099237301,"(0.0015610615808922344, 0.0024956323913693577, 0.001976921847765111, 0.001969101322485051, 0.0024593966712312923, 0.0015818855137071455, 0.002059214532232272, 0.0018894047196070817, 0.0015988309350493473, 0.0024353582740129216, 0.0017659364178195785, 0.0022069717599862027, 0.0020412787282430506, 0.0019071707489312676, 0.0032947652774273795, 0.0011780588677285325, 0.0024024801805888323, 0.0016194195873968915, 0.0012288177640046537, 0.003162914381665409)",-0.16160769460401755
0.0032759790714148905,0.0035272892633109866,0.0007632451237554767,"(0.0030363816769736415, 0.003929928937287613, 0.0033488678153312927, 0.003559758064106849, 0.0030845049767318873, 0.0038620007105164837, 0.0021170833590284576, 0.005629018362448369, 0.004614157110993524, 0.0025845595556872446, 0.0034163728030790143, 0.0034988555913605932, 0.0031399067173191126, 0.003796767938314128, 0.003973659945414524, 0.0029900635245614354, 0.0037531184452835745, 0.0031760360085152997, 0.002828155757670875, 0.004206587965595808)",-0.3292653750076353
8.23265625611647e-05,9.876350503523718e-05,1.199567526795752e-05,"(9.243715601008911e-05, 0.00010405506110102267, 9.665016050614445e-05, 9.951760013669445e-05, 8.832473555097061e-05, 0.00010889656868341202, 8.299469648721163e-05, 0.00011589220997842162, 8.601292650572757e-05, 0.00011182582841308671, 0.00012002694496231417, 8.01423255853676e-05, 8.254303181857403e-05, 0.0001165255725562964, 9.470417022811373e-05, 0.00010155756543168406, 0.00010697218426640655, 8.99164272343876e-05, 9.454060558500476e-05, 0.00010173432966381382)",-1.370239032560205
0.18757663197371804,0.1878167645798301,0.005713634809636997,"(0.1930939075956094, 0.1847718756247977, 0.18763320435540437, 0.1898305806338718, 0.1893330827340152, 0.1866835696047755, 0.1945798403037933, 0.18035084503455945, 0.1877809032532577, 0.19044069244400597, 0.19849035899982015, 0.1771168306777828, 0.18862806015630249, 0.18863897013706532, 0.1920801936307635, 0.17798171239729568, 0.18011373600728653, 0.19544257904037096, 0.18558913719534245, 0.18775521177048082)",-0.04202799340745926
0.036907328913573526,0.01670716736877218,0.007383888940483824,"(0.014211220035571273, 0.016281066958882134, 0.014034844081649653, 0.016663682210291, 0.023853405573770803, 0.010259923354615032, 0.025151585030867472, 0.007650383355129145, 0.008688778403243395, 0.022919925934180595, 0.029537314554564216, 0.008022709741343515, 0.0283642515709878, 0.008369858280713542, 0.024478661747891896, 0.009556182626722521, 0.024629661623868367, 0.009510152601291066, 0.01530404892197267, 0.016655690767887487)",2.735707661317796
0.014242580585162428,0.011723095809927886,0.005714664814135125,"(0.007740282387638995, 0.014311208037919689, 0.007174588877752711, 0.015692730870270934, 0.010969429348517856, 0.010865906506791694, 0.016260561266826033, 0.005434718492110436, 0.027087292912943997, 0.003391132243744054, 0.021242201968551703, 0.005381796167295785, 0.011080918176467901, 0.010360846217685673, 0.010121510551804892, 0.011124378944045353, 0.0065390109332052046, 0.017238313179827904, 0.01060747428468193, 0.011837614830474992)",0.44088058655734974
0.007982308394244977,0.009437200072342458,0.0060788491576150225,"(0.0037551674549397957, 0.017158534761263874, 0.004663843464673813, 0.014037104023921583, 0.010027936268438434, 0.00684250440191172, 0.001782546861082804, 0.03013664474706783, 0.0049261174826383146, 0.011218867157672528, 0.005986889773054187, 0.011062210888054844, 0.006789904374266991, 0.009803239971178511, 0.011058948675887217, 0.005918708329194402, 0.010191040977629968, 0.006425254461987335, 0.00893102377846679, 0.008027513593518231)",-0.23933669686060996
0.0010600182878745198,0.0009938414667683912,0.00043871790319202246,"(0.0012581943076013175, 0.0006606298159482167, 0.002296496723064086, 0.00036400673132172724, 0.0007394972626939465, 0.001126915477527985, 0.0008188870024208271, 0.0010108954587969312, 0.0016321433564373267, 0.0005087670111387716, 0.0007125072016959203, 0.0011751129355798305, 0.0009160181567674233, 0.0009103830476391533, 0.0011896247883009115, 0.0007026710929914438, 0.0011804029286459044, 0.0007054136792394978, 0.0013447749101806528, 0.0006234874473759531)",0.15084139631558122
0.0004985960639425223,0.0005985081943591153,9.621713721360147e-05,"(0.0007736595809234257, 0.0004517122687781892, 0.0006192867115143473, 0.000564563861249306, 0.0005121044102973051, 0.00068293428729979, 0.0006124592830255064, 0.0005697358870047104, 0.0005174080917826824, 0.0006745458478609874, 0.000734802768771365, 0.00047586097776793865, 0.0005596688505523439, 0.0006247539483070362, 0.0005442860973528854, 0.0006423456621792234, 0.00046312312677833633, 0.0007548032941604643, 0.0006690757852283338, 0.0005230331463481265)",-1.038402651648101
0.0028866366662392492,0.003063183453185001,0.000690209266136336,"(0.0033019777353076626, 0.0027086512926656004, 0.003798295409871356, 0.0023565573620522966, 0.00341325677481421, 0.0026294530872401738, 0.0020839942370840686, 0.004246354000718242, 0.002120933230641518, 0.004179915633159853, 0.003334284146335918, 0.0026864198148798812, 0.0025106542126981752, 0.0035684634670776236, 0.002890207670846685, 0.0030969795521644298, 0.003176274986342204, 0.002818195076297796, 0.0021415167804214974, 0.004201284593080837)",-0.25578733234635925
0.0011169428082809776,0.0014905355786932247,0.0003190518515430203,"(0.0014041790066922724, 0.0015190967330957483, 0.0024963117161697964, 0.0008549945343301795, 0.001211345171821114, 0.0017645829529565824, 0.0015844217124510711, 0.0013386378182331544, 0.0013430185964682804, 0.0015805582410064352, 0.001788755325310463, 0.001193607125649004, 0.0013901372692761067, 0.0015361635468301828, 0.0013985714439653308, 0.0015260602693273383, 0.0012710254073908499, 0.0016791816508307021, 0.0013893394260167773, 0.0015407236260431014)",-1.170946880908079
0.0017509986501650727,0.0019682151396835774,0.0002632516143285575,"(0.0024607283124433005, 0.0015476269391672692, 0.0017281273801546327, 0.0022060891136032905, 0.001689867085309793, 0.002260090929678721, 0.0017241319837007331, 0.0021935975602383837, 0.0017614848061168365, 0.0021489553507645985, 0.0018438180097111504, 0.002068478136571772, 0.0020942609639337663, 0.0018215804142577875, 0.002024676145720215, 0.0018828832080799442, 0.00202737697355037, 0.0018800857046575605, 0.0015831560364652781, 0.0024172877395461493)",-0.8251288033789693
0.0020093014012023164,0.002225764787777149,0.0005168489214614334,"(0.0027263785443591326, 0.0017250794231737213, 0.002624659724571752, 0.001794646982920244, 0.0015922045144492064, 0.0029625475656534657, 0.002224535805665173, 0.002101173293711698, 0.001966225759783755, 0.0023791330174697937, 0.0029293221212420744, 0.001608619870455242, 0.001522978565892966, 0.0030942172319256608, 0.0023971698733774, 0.0019648174008938084, 0.0015940680207737136, 0.0029534331186977045, 0.00228623820599501, 0.0020678467145314535)",-0.41881365634422585
0.007298497102031673,0.007545878486181092,0.0016098563853696314,"(0.005529775994492871, 0.009840035852794247, 0.009933849681840691, 0.005506572293776017, 0.007858663122291602, 0.0069885070671345095, 0.010069454029229069, 0.00530170246569488, 0.006980151827813577, 0.007668286871745762, 0.008649643151764376, 0.006332243583832839, 0.00587062238455833, 0.009328384652831642, 0.005837062336383708, 0.009369113325642154, 0.008434387694952772, 0.006472832541013559, 0.00819185814689836, 0.006754422698930857)",-0.1536667409575286
0.011943196565096072,0.05828721421905939,0.002830073768072275,"(0.05680255664975475, 0.05790027755956917, 0.06095563518573242, 0.05731860864164035, 0.056507524017439054, 0.06072956144330504, 0.060956933867156386, 0.05025812558175189, 0.05955469341659902, 0.05301000750903634, 0.0582536075479876, 0.06090887551681768, 0.0605947772093768, 0.05663935075039813, 0.05763838753421305, 0.06055132799665145, 0.05833888141774388, 0.05766974544634633, 0.06022795103271401, 0.060927456056954654)",-16.375551117005294
0.005294095535103699,0.006499117365184145,0.0018018944749017063,"(0.010390074393966858, 0.003779872590649526, 0.006363386787387448, 0.006210297369639967, 0.005520694766283608, 0.007158096019539123, 0.0035398483022877135, 0.01097307042523831, 0.00545995286510053, 0.0071346560262020445, 0.006359874161785242, 0.006222840969236546, 0.006873623390879643, 0.005744034341963491, 0.007678121962202412, 0.005145938295867575, 0.006792859525332736, 0.005797741078271072, 0.005238282558945769, 0.007599081472903272)",-0.6687527193545449
0.003036434239242347,0.002044406648978235,0.0003248642299650674,"(0.0015059976881553242, 0.0027080952340872793, 0.0023218704478138114, 0.0017592515197984641, 0.0022501885195254593, 0.0018168100843295502, 0.002385239972934225, 0.0017017830630103377, 0.001845225770782498, 0.0022014229517231493, 0.0022706925739145846, 0.0017995530321882605, 0.002074244242211164, 0.001969619698489375, 0.001581614306981684, 0.002582473074363925, 0.002252763091433661, 0.0018120283649722846, 0.001974770377462077, 0.002074488965387583)",3.053668267419852
0.0027516532337267417,0.003825692905279999,0.0007311501914985746,"(0.003904480026187221, 0.00361451917650563, 0.004465915645330357, 0.0031729028367317833, 0.004171106052291019, 0.003390249994802912, 0.004577982775106034, 0.0030729213866080825, 0.0037450024909722423, 0.003764556145954951, 0.0025787554018694312, 0.005500992951188063, 0.00429299909028653, 0.0032953446026252665, 0.004145884488321981, 0.0034177221070954655, 0.00279594837774076, 0.005054160705800585, 0.0035375230443728473, 0.004014890805808816)",-1.4689727008781768
0.0001245970035302794,9.955886900066434e-05,1.4872997353272687e-05,"(7.920826357412419e-05, 0.00012251046137131254, 0.00011873368700461062, 8.17377575484841e-05, 0.00010934745067039726, 8.874279646384485e-05, 9.785716691488482e-05, 9.91639595643609e-05, 7.692956775449901e-05, 0.00012615071351245594, 0.000123477552314651, 7.860090528625641e-05, 9.802729776360396e-05, 9.899501133864188e-05, 0.00010105595814470142, 9.60364667230623e-05, 9.150672615809004e-05, 0.0001060474516929458, 9.712276027483852e-05, 9.992542593752107e-05)",1.6834625822148492
0.04390532721096964,0.0015567131199254432,0.002042753249731755,"(0.00454014707536547, 1.0292966797516941e-05, 0.0008551086100197368, 0.00012524828131501333, 0.004846202172558356, 9.033207434111288e-06, 7.220618001161935e-06, 0.005613731862190518, 2.02797857175414e-05, 0.0032132790913174496, 0.00012332492629875348, 0.0008938403096097852, 1.101119982190868e-05, 0.004442638052407756, 0.001239489452453745, 7.952020075822615e-05, 1.1453612860906255e-05, 0.004311035231021166, 0.00018901207753270515, 0.0005923936650270387)",20.73114513297444
0.05214089814933319,0.031818500984722914,0.019046480278304617,"(0.031067455082314184, 0.023246883645844034, 0.03493729453920581, 0.022947515562744082, 0.043656888508920424, 0.019048961071692152, 0.024488266055773564, 0.03167289206156206, 0.023054022829647115, 0.037537874916031874, 0.10205974676414829, 0.006429580563447528, 0.026332974653963562, 0.03208153583487318, 0.03558212655549166, 0.02272032069503833, 0.04799487668484859, 0.015779791983205074, 0.029859613848477577, 0.025871397837229134)",1.0669896415328257
0.026545425601079028,0.02622053603162804,0.009012291755753393,"(0.03729861625213645, 0.015230822691898904, 0.030900046284241308, 0.02050402579440244, 0.03598260636082811, 0.018307149282662645, 0.05033798068389855, 0.01217219929207319, 0.02850550784378541, 0.024109309615449076, 0.024819709523980136, 0.020709963074111853, 0.034560717932949715, 0.019385284019609716, 0.018801254254999563, 0.03401853399639545, 0.028128944800788678, 0.02123185078964201, 0.025385345736156223, 0.024020852402551408)",0.036049606277291306
0.013468467702518996,0.022326374111936526,0.010390904223392932,"(0.008446411602206797, 0.04291165498185619, 0.0127108911319212, 0.03254005188430658, 0.012585849939460585, 0.0344901857857302, 0.011396879724484188, 0.034916855406046075, 0.01721071719307914, 0.026583759279782647, 0.011673368593556862, 0.02751312914279185, 0.016106836089706814, 0.02753002989933326, 0.02486005071709918, 0.016850215174247125, 0.020197443894339893, 0.01907824495278523, 0.010207774390652546, 0.038717132455344055)",-0.8524673328694359
0.0009036750952542979,0.0009848401129695275,0.00059228257323607,"(0.000620927793828767, 0.0011123666497632302, 0.0004693964814064961, 0.001474344554470466, 0.0006497294576503596, 0.001066184142628795, 0.0004434284538324563, 0.0015603410436905941, 0.0005653769810495046, 0.00122654147506685, 0.0011012289112475766, 0.0006260325814180614, 0.0013984714072117685, 0.0004955948678595081, 0.0024800337174244436, 0.0002791802318696858, 0.00033209606604404777, 0.002081946605990811, 0.0006509288798820569, 0.001062651957055069)",-0.13703765969639478
0.00046605398205888096,0.0005972820973741983,9.766796252666856e-05,"(0.0006321762216211567, 0.0005499198050372781, 0.0007371624092901075, 0.00047186900219853967, 0.0006732053629818314, 0.0005168233878273728, 0.0006032830044745642, 0.0005765187594419414, 0.0004379192701022722, 0.0007947132823595184, 0.0005134229529329443, 0.0006767590250983245, 0.0006236246118927743, 0.0005579780451825341, 0.0007012214501989775, 0.0004961001888346324, 0.00048526531036000026, 0.0007166057377402314, 0.0006213548504355161, 0.0005597192694734458)",-1.3436147526829496
0.004404033306911418,0.003104428235550622,0.00045295947622618556,"(0.00247937018673201, 0.00380161871476949, 0.00255926031755552, 0.0036931406445480626, 0.003148155066264896, 0.003005272817845866, 0.0032000613898850853, 0.0029511120959421523, 0.0032403454255518454, 0.0029229148605138585, 0.004075829108823117, 0.002306713445556268, 0.002573022498423578, 0.003678605629521476, 0.003089239043767247, 0.003060300131908482, 0.0031546312779426895, 0.0029916611248456742, 0.0032672177739493376, 0.0028900931566657874)",2.869142030515413
0.0016299927853423474,0.0015381929760694382,0.0004433378291786744,"(0.0021853634945993997, 0.0009987797974991292, 0.0014943726004567513, 0.0014629799769439206, 0.0016868411556872197, 0.001296836192863682, 0.0016822291150088281, 0.0012990126455586695, 0.0012336748222094482, 0.001774368945906319, 0.002172306659211545, 0.0010032936612673633, 0.0016145865492574747, 0.0013552348422101433, 0.0020359818690932094, 0.0010739792731112067, 0.0019958883076356335, 0.00109442506915709, 0.002389133158160082, 0.0009145713855516487)",0.20706513911293573
0.0031671389152027616,0.001997002939803975,0.00029674232606139675,"(0.001965867205403234, 0.001983461013381034, 0.0017627786605357214, 0.0022169443472072605, 0.0025460363327297207, 0.001536281038871886, 0.0022589231700966108, 0.0017290464726053432, 0.0018548515488796963, 0.002110782909957552, 0.0018776797249074734, 0.002072350738839774, 0.0022210973237454957, 0.0017617473737990366, 0.0019701061840633975, 0.0019841988725435656, 0.0026736422149816357, 0.001459958551281621, 0.0020404232241917363, 0.0019138818880577114)",3.943272909293979
0.0023864841131414952,0.002208272726852159,0.0003941650504237208,"(0.0022551801153730252, 0.0020951550527969556, 0.0015220939486794275, 0.00311127977779406, 0.001996681711878562, 0.0023739942009941024, 0.0018939202251285734, 0.0024992232560825203, 0.0030009404516582183, 0.001581163383059194, 0.002072821591013336, 0.002274733671700718, 0.002020289092774494, 0.0023473015125809785, 0.0019574279393498066, 0.002420151115535345, 0.0018955799024318303, 0.002495376471109492, 0.002230285741481452, 0.002121855375621088)",0.45212376413830185
0.006011571497204263,0.007167544090118144,0.0012891530229558075,"(0.0076646891947172845, 0.006463257494967036, 0.009689333603805878, 0.00514984379088235, 0.006736337557515182, 0.00742976044509582, 0.0054785005149446805, 0.009093957615651297, 0.005549081415162319, 0.009049181788570546, 0.00686554035924498, 0.007167660881385472, 0.0064799695589446, 0.007734825149824792, 0.009086975705411495, 0.005497286521490307, 0.006972549480676094, 0.0071300747975072834, 0.00705286013126365, 0.007059195795301797)",-0.8966915271729601
0.014023318333831195,0.014190900404288826,0.0019390359001828146,"(0.013337969330330842, 0.014661224806361752, 0.013951705855294443, 0.014219418068464548, 0.011514278538944822, 0.017333031372284015, 0.015725702724483568, 0.01257630294574064, 0.015451570585082751, 0.013001128887473363, 0.014539078379976861, 0.013272987742518123, 0.01261593121191255, 0.01586467253833127, 0.011850957293711092, 0.01677662788253748, 0.011349987195912695, 0.017351008594574047, 0.01632890844598268, 0.01209551568585896)",-0.08642546042692179
0.008433603823666817,0.006194194829289814,0.0012051586085931336,"(0.005380195849683356, 0.006844239371233185, 0.007871753894241036, 0.004706564365344682, 0.00790310335745789, 0.004699949807861059, 0.004492308093789071, 0.0082366470273353, 0.006544340918834615, 0.005691718381830202, 0.005197668214610104, 0.007044812665431037, 0.007431995182629758, 0.005004026044788125, 0.007636427345015038, 0.0048562407682004064, 0.006473473930861804, 0.005705447324233287, 0.006012978058040658, 0.006150005984375667)",1.858186116258359
0.0019309737559026652,0.0020486944095650795,0.0005542119305200038,"(0.0022210877042494162, 0.0017599429550620794, 0.0020268638943800755, 0.0019323659848960624, 0.0018165484358447026, 0.0021578720117452557, 0.0013187408594949868, 0.002968783265315993, 0.0013840795058517508, 0.0028346762421325783, 0.003018356756433342, 0.0012927363504282694, 0.0019174467308734986, 0.0020451326338585753, 0.002086574096306713, 0.0018776498222543901, 0.001367954289280292, 0.0028602963587152927, 0.0015323791057805778, 0.0025544011883977345)",-0.21241089767223134
0.003379145086886036,0.0034919215460122465,0.0006278433701620485,"(0.0034369419301273434, 0.003435655667704971, 0.00369915397570463, 0.003197428758021459, 0.004025789034350235, 0.0029403946798972607, 0.003512088798143999, 0.003367040534323107, 0.0026682968221439043, 0.004440201377669662, 0.002475097984065684, 0.004763240361499282, 0.0031528177892527886, 0.0037560932028208914, 0.003963233005329113, 0.002985510530374719, 0.00429084062560904, 0.0027543162696479348, 0.0040680849220571785, 0.002906204651501711)",-0.1796251493379668
6.0562632653447236e-05,0.0001003079657668767,2.1613969951306998e-05,"(9.215619198665118e-05, 0.00010444781262689783, 0.00010662151453890358, 9.027804814022422e-05, 0.0001191801898626255, 8.076539715726597e-05, 0.0001374836690751947, 7.001258791989398e-05, 0.00011621124895788523, 8.282918811426405e-05, 0.00012167152352922905, 7.911000424349863e-05, 0.00013741479029876893, 7.004820803570111e-05, 0.00012712468387998104, 7.571789641405412e-05, 9.53783253092188e-05, 0.00010091972840683859, 8.346863196812926e-05, 0.00011531967487230795)",-1.838872414598969
0.09455936742003136,0.09449789590824231,0.004006462013183197,"(0.09892334702652557, 0.08963755079767333, 0.09058970486375673, 0.09626590973148479, 0.09946261400570583, 0.09005790541170122, 0.09748368453229261, 0.09176352826283121, 0.09777619601002085, 0.09263747590270505, 0.08977590773752125, 0.09820058192088667, 0.09398838708652703, 0.09619332822509008, 0.09374711782029715, 0.09537336799635371, 0.08848208039184063, 0.10026297606177503, 0.10007451939898263, 0.08926173498087467)",0.01534309113296921
0.013814987009002223,0.01750899378718487,0.008104363266037124,"(0.013225065778785756, 0.016601122008316517, 0.013501194122642592, 0.019915124303499676, 0.025777056053584435, 0.00981070258756149, 0.01871092601892241, 0.013251170952172157, 0.014419232551479332, 0.01861345397343212, 0.007011743040174839, 0.03483969687412604, 0.03168971892143771, 0.0077589416987320975, 0.022886894542401944, 0.011322442312865673, 0.014079518436841751, 0.01780735678769634, 0.0307803420670523, 0.008178172711972178)",-0.45580468902018306
0.009201119625109744,0.011911005207537831,0.006027693562663038,"(0.0031641147477513404, 0.029175980866400785, 0.013109924991986457, 0.009510904016664939, 0.00782941007451876, 0.014554215199704868, 0.014501625573832867, 0.007612723915607176, 0.01322589356586809, 0.009410398917228708, 0.009970295130876498, 0.010846526234685147, 0.013222593065508242, 0.008254890783579953, 0.008784399072486142, 0.013431140082023466, 0.00533068105949002, 0.02109448904288896, 0.01934338849225872, 0.005846509317395402)",-0.44957255279428276
0.010575428800617242,0.008912165614534888,0.005300445079099741,"(0.01536134689215717, 0.0031430059665905653, 0.011471903831875857, 0.005237956853561922, 0.013966616123024687, 0.004032120123895313, 0.0034110188164501007, 0.016103633153446976, 0.009103001365473321, 0.00659687696966754, 0.02183418061828914, 0.0024810132481206757, 0.01259718112206399, 0.004327936229459401, 0.005702677417422156, 0.01011742114756466, 0.012432727343586133, 0.004484425061737056, 0.010514872704047253, 0.005323397302263832)",0.31379689087635126
0.0007250973475870627,0.0008607973810270042,0.00033712402940350226,"(0.0013097897278006143, 0.00048449464598529653, 0.0004905303865615926, 0.0013044567821159612, 0.0006632931591936172, 0.0009625073067950975, 0.0005044330930251604, 0.0012636992301744581, 0.0006787689223137688, 0.000942927324411135, 0.0014985369722306614, 0.00042532699556610597, 0.0005785238315125761, 0.001101711254372193, 0.001276188618674285, 0.0005005494465704974, 0.0009593160131370493, 0.0006652331895592088, 0.0008823549866273317, 0.000723305733913476)",-0.4025225780554571
0.0005440802826102624,0.0005920802191383164,8.942967962306972e-05,"(0.0007476142782791845, 0.0004581164016490415, 0.0005575430015119375, 0.0006158454688526085, 0.0007225778386868394, 0.0004748499441308189, 0.0005433489150501697, 0.0006312330654191836, 0.0006046353735021273, 0.0005679018376107712, 0.0005095703143097177, 0.000673016404604601, 0.0006459144187996413, 0.0005309711560275912, 0.00045326201351015167, 0.0007571550739658242, 0.0006324706026942505, 0.0005424315645976118, 0.0005551867473251003, 0.0006179599622391544)",-0.5367338531275657
0.0036469474111606795,0.0030259073901378773,0.00047720990244040526,"(0.003275037318014681, 0.0027074004683732243, 0.0038021678863996524, 0.0023629361392032626, 0.002904854427576618, 0.00308070265642493, 0.0032254364228222815, 0.002770614218500201, 0.003071230340686766, 0.002925088545338009, 0.003037543380968551, 0.002939369607674468, 0.003565265905362123, 0.0025053013970887526, 0.003348991966334555, 0.0026761909892245046, 0.0035918906656966705, 0.002489987625063022, 0.0022344168081967785, 0.004003721033808483)",1.301398017616281
0.002462525859027236,0.0014743991168339073,0.0002350306510853016,"(0.0012481003654078717, 0.0016927215356505709, 0.0014564269423858025, 0.0014615141898101445, 0.0015756093382802302, 0.0013479865957436708, 0.0016351532591090503, 0.0012977250892122468, 0.0013867255400053795, 0.0015349718477580627, 0.0013546146422051813, 0.0015657842359823413, 0.0021183998157982375, 0.0010014524563502028, 0.001266561502403431, 0.0016782448227445916, 0.0012717369677077127, 0.0016694898737275368, 0.001585392261100965, 0.001339371055294915)",4.204246287156393
0.0027306386737142216,0.00201671718667659,0.0005875613006780894,"(0.0020417731533180577, 0.0018293639769625754, 0.0026090061119465493, 0.0014460377064468282, 0.0017490013039589125, 0.00215085272510928, 0.0017875306230861485, 0.0021016110187945213, 0.0023420040879944862, 0.001610995999626165, 0.001297170601794844, 0.002894643548750301, 0.001910720141331573, 0.001965601710098118, 0.0034332842167058278, 0.001096763186953183, 0.0021136059729356424, 0.0017789446202893056, 0.0013144198176279049, 0.002861013209801581)",1.2150587287040744
0.003056635123948558,0.002179417632917579,0.000462702372719653,"(0.0027920672282643667, 0.0016192403765120272, 0.0023012097995868484, 0.001984068312393417, 0.0017874924792207279, 0.0025471583163293615, 0.0021055198507743153, 0.0021591986810088246, 0.002178725830683086, 0.00209587023764811, 0.0015787954705189504, 0.0028784458352071984, 0.0017029971003106761, 0.0026689728734945635, 0.0030195888371005487, 0.0015091407715755638, 0.001673564308534576, 0.0027192018071307586, 0.0021080044326655346, 0.00215909010939213)",1.895856910944515
0.006178156454000788,0.006712724669352623,0.0014445416120518928,"(0.007036632212386495, 0.0060082483009840405, 0.005646345251020732, 0.007718167005024176, 0.006953283431034569, 0.006213894566870844, 0.005243264312241278, 0.00820224628739795, 0.00474406918659805, 0.00918983139033344, 0.005438296546197964, 0.007898959493476037, 0.009478795443083998, 0.004534169511239466, 0.005473061521339435, 0.00791539155808049, 0.005482677539545191, 0.007868532041752259, 0.007281632513913568, 0.0059269952745324705)",-0.3700607936053219
0.011261294707280938,0.012232461265466529,0.0012141885561263361,"(0.01183377880556044, 0.012086985982013252, 0.012905285201899501, 0.011710170285882626, 0.014836719455976907, 0.010028369964086946, 0.012215603007771367, 0.012077874800799913, 0.01155672450518383, 0.01308630200502203, 0.011813687129199064, 0.012462624086426352, 0.01249738747040579, 0.011791568060008018, 0.01044198476895292, 0.014317578609906097, 0.013348426130492093, 0.01111546112629734, 0.010898623134586899, 0.01362407077885917)",-0.7998482223254794
0.008242202632686385,0.005813483201692202,0.0013004654962817286,"(0.008211938557846745, 0.003862202591102492, 0.0039029443685691997, 0.008330770298296786, 0.006010893838322505, 0.005371444137895452, 0.0056345255774161475, 0.0057080651638188075, 0.006544492425411034, 0.004970035437237112, 0.006657266653188881, 0.004826792313256637, 0.007632094798427836, 0.004211885065046327, 0.005668407609147084, 0.005708135909094001, 0.006382491887672597, 0.0050523284930379464, 0.006924722083019711, 0.004658226826036752)",1.8675769852705362
0.0016913035974230545,0.001984888989798712,0.00045391531028477833,"(0.001685112487453035, 0.002214394816816343, 0.0018387703859514951, 0.0020466834834749516, 0.0021637837705987726, 0.0017350889858056178, 0.0027850782043471766, 0.0013462374501390117, 0.0012304475094433774, 0.0030589284433877096, 0.002444921713802367, 0.00153306425996324, 0.002245966809475089, 0.0016690851293594546, 0.002072740727458438, 0.0018126208817868398, 0.0017665574080124758, 0.0021243215152075764, 0.0016517559911557217, 0.002272219822335547)",-0.646784511832102
0.0030148963747450965,0.0034724435178798366,0.0009011971053074258,"(0.003567725633170269, 0.003158413633017749, 0.003199101462036146, 0.003547621550579816, 0.002784571321564103, 0.004067760633984967, 0.0027438978468330307, 0.004122701454730044, 0.004943776278387911, 0.0022961091651927507, 0.0023992297948301545, 0.0047143740056092, 0.0035393278419963733, 0.003195787167044675, 0.002058121309109457, 0.0055063454214284175, 0.0027655312790481465, 0.004094336571262387, 0.003589161414045899, 0.0031549765737252196)",-0.5077104003553772
8.483092847167797e-05,9.96132815270892e-05,1.8125855815959312e-05,"(0.00011252993132205743, 8.545542495193833e-05, 0.00010389217250603248, 9.256372761982899e-05, 0.00010322634789624356, 9.315988570657875e-05, 8.183538108140107e-05, 0.00011751009155127145, 8.34990751211809e-05, 0.00011517089815327061, 6.97146244935686e-05, 0.00013794067093279277, 0.00010195729991495045, 9.431870364396483e-05, 7.651636651725052e-05, 0.00012567999944013494, 7.872501654518841e-05, 0.0001221535873005011, 0.0001035288857460393, 9.288754009758896e-05)",-0.815539591923476
0.06986659365349723,0.07235792899858227,0.00403027405004689,"(0.06920964214317493, 0.07398151279127631, 0.07431036199984191, 0.07012585623753285, 0.06625585693889167, 0.07876438130803148, 0.07572387689270897, 0.06832709279651183, 0.07293099166197717, 0.07241262894896726, 0.06928769698400182, 0.07503829401442341, 0.06478013632650324, 0.08001733439473363, 0.07338112061078558, 0.0714122748711493, 0.0747228261155543, 0.07101671168723832, 0.06832653400334517, 0.07713344924499621)",-0.6181553199976701
0.0075742710178535065,0.021817819501688318,0.007874316927293293,"(0.02291763794345253, 0.017300816429700813, 0.03236396438113554, 0.014411441412320987, 0.018226078769773422, 0.023039397858093825, 0.026524051022406684, 0.016210215418207406, 0.015029028441333128, 0.030395930714154352, 0.023440752722712364, 0.01556265422497703, 0.013767497851340125, 0.030937815970940863, 0.03926649531990311, 0.011496253152430119, 0.012497081840350383, 0.032216968967610934, 0.019185296992642917, 0.02156701060027979)",-1.8088614689186593
0.016173101063796075,0.012668426654242554,0.0036768373491477047,"(0.015713674984585153, 0.008940633127579208, 0.010786045249235186, 0.014871066866395163, 0.008967834684362751, 0.016525932050936117, 0.01567442434299104, 0.009599666925361806, 0.010614513739050238, 0.014979379460854939, 0.005903400627722926, 0.021955534646584337, 0.009613225815331897, 0.015556467457318436, 0.015341635366626635, 0.010231536907246697, 0.011316593523678324, 0.01256563270842478, 0.010789501448967365, 0.01342183315159809)",0.9531763515092415
0.00919809545385642,0.008917660561556717,0.0032993728179595673,"(0.0046516319777996605, 0.014421633897204546, 0.010255673334005162, 0.007138291502541715, 0.01472550053133969, 0.0047430200706103315, 0.009242135900216846, 0.007609858098241259, 0.006019793161984642, 0.012171818764298245, 0.005085884259338842, 0.012378700720607315, 0.010369019675255756, 0.006761086818646097, 0.006445845105013883, 0.0112406723525679, 0.011405506761126886, 0.005927280403131729, 0.012148058836726556, 0.005611799060477227)",0.08499642440320881
0.0005205109764258926,0.0008742738081297893,0.0005312760079374117,"(0.0008537881749087157, 0.0006488824453803801, 0.0005153812687676578, 0.0010752706392244977, 0.0006751656886155736, 0.0008214269924692408, 0.0008381051819833388, 0.0006616121016896018, 0.0011555066050153, 0.0004801808264771324, 0.0005162718510329421, 0.001070515671516572, 0.0022970931930789283, 0.0002413281416313065, 0.0007703525457466415, 0.0007199023896764951, 0.0003020268752428607, 0.0018341142151354183, 0.0016788612090739737, 0.00032969014592920735)",-0.6658739081354726
0.0006605051373139079,0.0006023551819376123,0.00014598415393376186,"(0.0006417802893626255, 0.0005360342356660262, 0.0005843903596998098, 0.0005889227966666217, 0.0005456463544847327, 0.0006307264281734588, 0.0009136610986008192, 0.00037665094615692193, 0.0006571303052668476, 0.0005238871051880584, 0.0009845730249912036, 0.0003491336564898245, 0.0006865366873177025, 0.0005012458726717063, 0.0006102614802363464, 0.0005640208770480222, 0.0006332417769781336, 0.0005432779659426444, 0.0006299313677339579, 0.0005460510100767773)",0.39833059828315537
0.0031692964344504845,0.003068048647909218,0.0005332273962021863,"(0.0027268201016425212, 0.003347844814513862, 0.004122642479660825, 0.0022278933667119515, 0.0028632050525366133, 0.003196475174899761, 0.0034711501378911287, 0.0026383531873351916, 0.00264016528886875, 0.003477823047854445, 0.0033939024259159647, 0.0026794403818631105, 0.002941051404962713, 0.0031130606419812936, 0.0029329834395258295, 0.003128632924237866, 0.002950707533880616, 0.0030955331272380674, 0.00427499738413986, 0.0021382910425239835)",0.18987731549876338
0.0013613173773865774,0.001480709978037302,0.00020751699949247875,"(0.0014388207778739072, 0.0014941123841366707, 0.0011449452986368512, 0.001882663939512561, 0.0017915830780920075, 0.0012015707511112991, 0.0013232699366883432, 0.0016270388045612602, 0.0015626891277461582, 0.001379668975045717, 0.0015223924025108686, 0.0014089350064218637, 0.0017523844386818396, 0.001228514022892772, 0.0014030383201216886, 0.0015360129024378632, 0.0015156846887988474, 0.0014186715867685429, 0.0012212911958548209, 0.0017609119228521551)",-0.5753388924412036
0.002224420529257087,0.001965039061721862,0.00034093694956700214,"(0.002221528148599304, 0.0016872490336151604, 0.0019907858807112363, 0.0018878519115655072, 0.0018037720764948538, 0.0020816471802495608, 0.0016889119743047573, 0.0022230767506699407, 0.00142923757059222, 0.0026315332909256977, 0.0015525317849295795, 0.0024068604856656356, 0.0019904787172005584, 0.00188613159599641, 0.002227466211070294, 0.0016874033295355556, 0.0015248548395400258, 0.002458655050750408, 0.0022682679090335034, 0.0016525374929870222)",0.7607901339665454
0.002143284944614435,0.0021845880913541316,0.0004422883681366007,"(0.002863196332499884, 0.001601822246105321, 0.0021266238684304168, 0.002160751597627927, 0.002275574342844182, 0.0020187137828016847, 0.001970047822820383, 0.002331291819444864, 0.0015449591803778898, 0.0029773818473501435, 0.002347538430194594, 0.001947694305005715, 0.0018477493810982982, 0.00248540656295174, 0.0017542179420736153, 0.0026203935057861286, 0.0029023629133667953, 0.0015804332307159448, 0.0018292879346005167, 0.002506314780986581)",-0.09338510735362641
0.006271029534272314,0.006798019765540681,0.001510703598884874,"(0.007475668644144689, 0.005883904674708741, 0.006214909450867862, 0.00711856213865926, 0.0077563578624304675, 0.00569949698911557, 0.006948655364016659, 0.006357541579701508, 0.005788440346209698, 0.007668852918433884, 0.009400773141308797, 0.004634249893667578, 0.005628459140526992, 0.007846832852140105, 0.0060473014429802, 0.0073245592439560685, 0.004527201549364008, 0.009720128202623534, 0.009079742070717276, 0.004838757805240717)",-0.34883760895079946
0.01629578922216514,0.012880735536558838,0.0023095909506582754,"(0.015821695721122447, 0.010119536643052545, 0.014748393395149157, 0.010977468965931306, 0.013955788977399092, 0.01158399185268218, 0.011234971685625669, 0.014369854678120908, 0.01647941409541128, 0.009888557598039228, 0.015874966375236596, 0.009900475936401061, 0.01585721142445431, 0.010176366426428003, 0.010873385475172272, 0.014923824848531834, 0.011067371450603873, 0.014478619018761739, 0.012397568540009597, 0.01288524762304367)",1.4786400529639017
0.008094894735598478,0.00581184504951071,0.0008215294946552457,"(0.005494285417963399, 0.006022486120794365, 0.007909238842520646, 0.004201912856746339, 0.005291876773922764, 0.006278103928222531, 0.004653038052439784, 0.007135572782227441, 0.0055519568337881586, 0.006003346070222507, 0.005005704978314514, 0.006558683374017938, 0.005630413497437639, 0.005895652026987406, 0.005268577261950131, 0.006314877827478261, 0.006065696764449765, 0.005456842006752451, 0.0056943617130472, 0.005804273860930966)",2.77902339592305
0.0018778228715256562,0.001979962074344414,0.0002997225650681519,"(0.0017751324818347342, 0.0021592978670031127, 0.002530333142312969, 0.0015171187666768514, 0.001695646359343218, 0.0022636213784631904, 0.002226813296476107, 0.0017233144399407788, 0.001641902192559833, 0.0023403014732952428, 0.002074411329433141, 0.0018428668764340593, 0.001968579321976892, 0.0019492356642570956, 0.002248059303104207, 0.0017082323980360265, 0.0023481808535458335, 0.0016325213008910506, 0.001700668840676506, 0.0022530042006274177)",-0.3407791562024465
0.00328285519171144,0.003455302174700311,0.0005987371963451504,"(0.00362635442086952, 0.003201031757046448, 0.002703295801514275, 0.004295649399198064, 0.0023169518880771403, 0.005014944823430308, 0.002730328036820134, 0.004254892959581698, 0.003798375807389223, 0.0030604972670199453, 0.003327279074129715, 0.003481219036775081, 0.003184287555930164, 0.003647574437702696, 0.003331632845817553, 0.003487640149568051, 0.0031827687891269607, 0.00364694287986332, 0.003308827717631118, 0.003505548846514805)",-0.2880178215777019
0.0001019159767757502,9.962205361095575e-05,1.8505736676173574e-05,"(6.652033926246736e-05, 0.00014448031832242278, 0.00010195358479168951, 9.426631361869981e-05, 0.0001034618991106532, 9.289321583686373e-05, 9.647910624658923e-05, 9.961688437375213e-05, 9.414674688980015e-05, 0.00010208367035917269, 0.00010372764176965103, 9.265409241909362e-05, 9.308542687021936e-05, 0.00010324796077824876, 0.00012823920868317883, 7.494479989628799e-05, 0.00012958511162212768, 7.416617426770352e-05, 0.00010741606132425218, 8.947251577624153e-05)",0.12395740871790896
0.011443731749918175,0.011257229466629347,0.0026305233571170673,"(0.008375555871962195, 0.014994317728783993, 0.008237026554322706, 0.013207828255827586, 0.009531741760243878, 0.013065034043345117, 0.012088155851446064, 0.011170658799830908, 0.008070443422962027, 0.013508706771660113, 0.010201459685105448, 0.012700635835602037, 0.0115742982607752, 0.010679965408693946, 0.01481601428470657, 0.00774645309668686, 0.01561690167849688, 0.007432051019849122, 0.008637467419598897, 0.013489873582687354)",0.07089930708436132
0.034285656714069704,0.017282699065134688,0.007792976195675212,"(0.011334195021803163, 0.020590616873751945, 0.009231941773633588, 0.024979484031838084, 0.010176509493430337, 0.024555658490194233, 0.020549550674224933, 0.011709192255627731, 0.014818235184240507, 0.016601790853695817, 0.021094520715521755, 0.011951952032687702, 0.026595751972463222, 0.009099919456081877, 0.00930555358061781, 0.025845523838727173, 0.008780067177663886, 0.028824523351216474, 0.031636817246194146, 0.007972177279079399)",2.181831077370796
0.01580350460741721,0.01326033195418016,0.006391986288315625,"(0.005005622650561674, 0.026439837638169955, 0.02152215781864195, 0.006063875141585909, 0.0072644064643910145, 0.01971820937240963, 0.006199309521028235, 0.022106688717893508, 0.019991256502267286, 0.007034724739792975, 0.009970663613118162, 0.014511206418407694, 0.009229787902106172, 0.014947806884255215, 0.0073559462594029795, 0.018626928899523342, 0.012753523764608721, 0.011397669965464537, 0.00902305765839581, 0.016043959151578416)",0.3978689156273534
0.00938479630737417,0.00911390474072933,0.0025021424229608813,"(0.004927233571387916, 0.014932150401275402, 0.007902975646116936, 0.00917983525086525, 0.007301347205773444, 0.010893362538180011, 0.0073270593819052265, 0.010386065942177572, 0.0075321226702825175, 0.01036663898692267, 0.0124543327448494, 0.006447672949233448, 0.008840305509118948, 0.008664783310967409, 0.012088879635509935, 0.006296599098531795, 0.010222176448138524, 0.007894232582880627, 0.0067958119654761145, 0.011824508974993373)",0.10826384787652676
0.0018168724277249347,0.0009023161860148154,0.00048096304731231053,"(0.0004566171786387197, 0.0013523362661747485, 0.0013344171586993352, 0.00046246700523638087, 0.0015350054760404552, 0.0004034322399321485, 0.0012112918146558874, 0.0005102701046131074, 0.001104301984982932, 0.0005603347761001647, 0.0021060714723744843, 0.0002941054135807443, 0.000541015930588241, 0.0011427527846259423, 0.0006479266658666521, 0.0009541785797992048, 0.0010421346857850714, 0.000594543417833768, 0.0004671976111353164, 0.0013259231536330057)",1.9015104108741592
0.00045587998979088463,0.0005921877536019755,7.861051154842575e-05,"(0.000676387728804634, 0.0005097174238488641, 0.0005439358414264314, 0.0006337331199518944, 0.0006339742157166203, 0.0005442657085842135, 0.0005534677961667204, 0.0006231162841130343, 0.0005011368046764335, 0.000688388044171437, 0.0005757772437606031, 0.000599326291176258, 0.00043209960195467753, 0.0007981935302940763, 0.0006177272386006158, 0.0005583163188285068, 0.0005682017765918719, 0.0006073599432613885, 0.0005423270759800044, 0.0006363030841312244)",-1.7339635772134925
0.003113927210120723,0.003033280840447422,0.00041228493905809426,"(0.003020638598322705, 0.0029863076110631884, 0.0034530112653661073, 0.0026105790904109496, 0.0030394729097081175, 0.002979316267388922, 0.002702523918862086, 0.0033435168585332696, 0.0030378894651625814, 0.0029781816551028026, 0.0022025807121369484, 0.0041133486058917475, 0.0032068282122651556, 0.002818638053447153, 0.0028362966244340686, 0.0031858000683739982, 0.0035126949666287903, 0.0025798041792753244, 0.002689719896234027, 0.0033684678503405007)",0.19560833305612832
0.0011813869115059397,0.001484006341882373,0.000260734056614125,"(0.0012639797763210818, 0.0016903610452492109, 0.0013186038945068696, 0.0016196530431353436, 0.0016448010675415045, 0.0013019929481115132, 0.0018141507212649005, 0.0011788915441432498, 0.001527209461611928, 0.001401466641502757, 0.0015641923594309592, 0.0013694677713840834, 0.0012890456472644668, 0.0016594454950294019, 0.0012601033072160827, 0.0016972633439056774, 0.001476518970715532, 0.0014510063463651572, 0.002160427858631594, 0.0009915455943161403)",-1.1606440459149412
0.0017330283815958347,0.002010870387403534,0.0005229879789664068,"(0.0019629154227638478, 0.001926356496790103, 0.0014144318719734868, 0.002671748885832014, 0.002736347789598455, 0.0013862499888292544, 0.0017855366761115748, 0.0021204649131052185, 0.0015699918017269324, 0.0024142021936489734, 0.0015177958150461197, 0.0025000699513534424, 0.0026419510391227936, 0.0014334765316774056, 0.0016906835491808324, 0.0022395860783712505, 0.002392786188972141, 0.00158622350126249, 0.0012940009390364873, 0.0029325881136678645)",-0.5312588758862196
0.002085501493810352,0.002183257035021569,0.0004283995597513642,"(0.0017696026550730658, 0.002592310865576856, 0.002027445444070313, 0.0022612114966069873, 0.00252495964668516, 0.0018226232510484858, 0.0014563807191982517, 0.00315376133056558, 0.0025156258661501395, 0.0018278843632350949, 0.0019513038778844988, 0.002359220626694487, 0.0021321183523357354, 0.0021548173681334775, 0.0016554880804132126, 0.002774783486795064, 0.002657678576990287, 0.0017326320591762776, 0.0020551897371693228, 0.002240102896629079)",-0.228187772340272
0.005992233915082551,0.007050676249784097,0.0016913171584981563,"(0.00798289579900345, 0.0058646428765549005, 0.008822492492881421, 0.005296115801532982, 0.006758502045149121, 0.006996495948597333, 0.004280403035295172, 0.010979756130592606, 0.007270785998209644, 0.006486844585674215, 0.006485410789869019, 0.007298467322567285, 0.009641267053123135, 0.004878789218121974, 0.006412946125795333, 0.007331434427823166, 0.005011377528112193, 0.009453143555744028, 0.006941304487664246, 0.006820449773370709)",-0.625809493732928
0.011852509213048529,0.01302870583283159,0.0019230184911095995,"(0.01739715680946929, 0.009445210099417933, 0.01648542584077884, 0.00993036104755642, 0.013699829254114513, 0.01222396032616109, 0.014216819682051659, 0.011643188281730466, 0.013871657316976668, 0.01201361057196329, 0.012091180166976459, 0.01387683943130522, 0.014680302892539977, 0.011293833541190516, 0.012159862060171913, 0.013622923781982928, 0.011970393915548877, 0.014039292392596794, 0.012849844005659741, 0.013062425238439201)",-0.6116408267631293
0.004915526490297488,0.005872383819327502,0.0010860820171150008,"(0.007520227985818648, 0.004415854408936875, 0.004738124829711286, 0.006997466901327473, 0.005218647485423349, 0.006415050539531914, 0.00438570656405675, 0.007595337228605062, 0.005312116998165815, 0.006288941473245054, 0.0068749233341642985, 0.004873460708538894, 0.005977776221266603, 0.005576320109545868, 0.004421828150769875, 0.0075359302766735865, 0.004988143108951841, 0.006721550863755521, 0.006065815165536454, 0.005524454032524886)",-0.8810175603236194
0.0019042123257880757,0.0020043822805545057,0.00045744993609542694,"(0.00168554555121603, 0.0022654988371813398, 0.0022108029659359363, 0.0017262991756595673, 0.0017347170374910578, 0.002207371987813261, 0.001527922287448042, 0.0025018552317831997, 0.0027948693565743965, 0.0013690875649459255, 0.001623752287287439, 0.002358867219832605, 0.0030068197494578087, 0.0012716239159290062, 0.0016740513472370485, 0.002283735373236827, 0.0019350088746728198, 0.00197990071683069, 0.001789955930496208, 0.0021399602000609017)",-0.2189746830471387
0.003364322567399783,0.0034676536166683932,0.0005059652728513656,"(0.0031570463218492757, 0.0037281174793250106, 0.0039255506485090675, 0.0029967068064918716, 0.002988632861454029, 0.0039478821635010085, 0.004122863897719561, 0.0028571328696121623, 0.003564115626156992, 0.0033081934215629487, 0.0024707249163228597, 0.0047763574345500515, 0.003189309350987589, 0.0036942763730285154, 0.003544707858607094, 0.0033238038949018555, 0.0033810315143360413, 0.003491262009380246, 0.003666334643440964, 0.0032190222416307247)",-0.20422557596945062
0.00012439580872637023,0.00010085324438002539,2.4935190676798923e-05,"(7.953624067228766e-05, 0.00012093138741174964, 9.283352380393315e-05, 0.00010360912912913178, 8.206861758875148e-05, 0.00011720140255957051, 9.579167536486088e-05, 0.00010041020420949558, 6.64977419442641e-05, 0.00014464428855592187, 0.00011130589229122751, 8.641557409045575e-05, 0.00011226063487044945, 8.567984650721455e-05, 9.911450881152044e-05, 9.704413316527507e-05, 5.7637178686854515e-05, 0.00016688152075985, 8.842595861771251e-05, 0.00010877542855998092)",0.9441501631768208
0.10332153344468478,0.10513930670261884,0.0038143295082517996,"(0.1070892635154618, 0.10247006059153221, 0.10015062669653788, 0.10922127234940744, 0.10786483452709242, 0.10349287822027256, 0.11159778153495879, 0.09712843124690318, 0.10387366231434543, 0.1065851161686118, 0.10645659046699969, 0.1043061599195537, 0.09967441437116487, 0.1092451954120518, 0.10885701730831848, 0.10150562241958405, 0.10937900781600543, 0.10220777836105539, 0.10634508770515112, 0.10533533310736864)",-0.47656429629415725
0.02748052591258608,0.022249119707100404,0.011206629487846159,"(0.03798270334833155, 0.006257089371417646, 0.018947008787943077, 0.023002721999416883, 0.020829131969964516, 0.021091869021046677, 0.025223220220199443, 0.01415796328877763, 0.0072278608470979985, 0.0375958713447993, 0.02913657779314276, 0.013362863525561115, 0.03973116535679617, 0.010716689239827248, 0.011404368109038976, 0.03488170600308639, 0.016535537544520328, 0.025891404687164735, 0.04005130755061377, 0.010955334133261824)",0.4668135241875581
0.013831368342154995,0.013337873387982542,0.0065050019047008184,"(0.0028325910980222914, 0.03157725060357444, 0.009801316990049005, 0.01632669667631709, 0.013387369057845598, 0.012277322624329371, 0.022092759827052853, 0.005994301950125477, 0.015006582686003163, 0.006822219859816333, 0.007807284477350448, 0.01847045935513428, 0.010010090677175251, 0.01583659827262938, 0.01766522345058686, 0.008361271078081736, 0.016116972163595842, 0.009885176017744064, 0.009695841916055698, 0.016790138978161687)",0.0758639215487133
0.009245861731677732,0.010826194233365869,0.004570689492880385,"(0.010902117753028257, 0.005971674687169186, 0.013360342549677105, 0.00819857414340564, 0.01682083441081117, 0.00678798255595516, 0.005190379389261749, 0.017845737475083497, 0.016793295656936436, 0.004400994207875664, 0.01834631646538954, 0.00546004012652629, 0.008580290448492203, 0.012807723314865202, 0.006431973597879178, 0.01595729777139588, 0.008529598212199134, 0.012941467010170586, 0.0107682887830547, 0.010428956108140767)",-0.3457536339210463
0.0007837274827201576,0.0009038080612229178,0.0005311298648781785,"(0.0018886622554449306, 0.0003034737903312553, 0.00106210553136479, 0.0005465071103288202, 0.0010003811258149787, 0.0005823852900881869, 0.0013636610624844843, 0.00042402547055741624, 0.0003812194571615862, 0.0015097026137674923, 0.0009491965915214807, 0.0006105743822400071, 0.0003081273571386307, 0.0018872649233668021, 0.0017115623235155562, 0.0003389230884260529, 0.001197141030782658, 0.0004858635349298844, 0.0007544377130159549, 0.0007709465721773864)",-0.2260851562739787
0.0005540038692704222,0.0006041144496894833,0.00013242464150998773,"(0.0005991350137599458, 0.0005799618930838308, 0.0004573404630974715, 0.0007629993242036119, 0.0006683917850724444, 0.000522558750839209, 0.0008468771909187357, 0.000411501202160787, 0.0007266621291624501, 0.00047877409527600823, 0.000638935956952536, 0.0005458145377373992, 0.0005420986306050432, 0.0006439614832634029, 0.00040795245668181595, 0.0008550911069349804, 0.000693673603364942, 0.0005032773454352806, 0.0006947835300753177, 0.0005024984951644538)",-0.37840827694656587
0.003848667392677466,0.003106396277632076,0.000606892793938692,"(0.0028463777348418763, 0.0032101752744461485, 0.0027181183393024085, 0.003447905919627988, 0.002502719020103588, 0.003749656665626725, 0.0031230005479412205, 0.002976314357844126, 0.0027566292273686313, 0.003334437402881059, 0.002378340936237523, 0.003922803823701692, 0.00306108391171413, 0.0030606962515889063, 0.0019582580695881673, 0.004769433564068703, 0.0033684729546984288, 0.002781995071637202, 0.00274708739290918, 0.003414419086513822)",1.2230679330168053
0.001432317149074591,0.0014842843020547289,0.0002560674197767826,"(0.0009821551552629908, 0.00215836554928037, 0.0014175338947592755, 0.0015162936140782125, 0.0014158445387699964, 0.001520273800914053, 0.001574898533665123, 0.0013587475608716724, 0.001421869555754592, 0.0014960958953875324, 0.0011003706676034116, 0.0019488339195169297, 0.0013702258419416632, 0.0015691122937279735, 0.0013967172019524882, 0.0015364114641837686, 0.001517801774699104, 0.00141672133556765, 0.0012596748864909647, 0.0017077385566668024)",-0.20294324449958664
0.0018818635224497151,0.0019882467999535933,0.00044192535985668457,"(0.0019072264281482247, 0.0019483538938719022, 0.0015958073362363193, 0.0023707470706877424, 0.0024046382774251278, 0.0015777369707935598, 0.0026376756107335496, 0.0014262027965133632, 0.0013921614987189642, 0.0026821830620472583, 0.0018450497897110067, 0.0020447700519376473, 0.0014486722454002386, 0.002614134062080666, 0.002206905664401109, 0.0017112652365282352, 0.0015227731628250489, 0.0024873861828423145, 0.002277414425007407, 0.0016638322331621771)",-0.24072679951740736
0.0023960617949637044,0.002209433457888423,0.00048170417406741506,"(0.003391476292408288, 0.0013580392370081812, 0.0031545447455639144, 0.0014852095360294668, 0.0022757607776681668, 0.002065824185694609, 0.0019895765593951555, 0.00234231101715902, 0.0018964195073197705, 0.0024405863642158916, 0.0025885252380982494, 0.001805464462846552, 0.0022034935724080666, 0.0021292933134963794, 0.0025344265444727653, 0.0018459902984862362, 0.001993281497703628, 0.0023543447264859066, 0.002121794589673412, 0.0022123066916348)",0.38743350612768895
0.006858631241935026,0.006905938660594377,0.0008230921716079283,"(0.005906264258314671, 0.007622942062978404, 0.005494174370863425, 0.008644757786742886, 0.006519152738531025, 0.0073663115547588955, 0.006942298661377927, 0.006728310950274412, 0.007595274208140239, 0.006019859675400693, 0.006152333225584231, 0.007660398142205242, 0.007184771755294472, 0.0066413834123104955, 0.006947687059998182, 0.006806541207888637, 0.0067819407161925725, 0.00704058977914531, 0.008321397741897728, 0.005742383903988088)",-0.057475238243288054
0.014056306462006153,0.014022375483325007,0.001964248490780806,"(0.015068165263562649, 0.011736721186483234, 0.012937917874262949, 0.015188515949843022, 0.014797921071333294, 0.013569841024439713, 0.012158246124960893, 0.01563947125481055, 0.01808208035396621, 0.010081865512293802, 0.012525064750279693, 0.01545111068771826, 0.014918541301217045, 0.01329240547337677, 0.012339233987103982, 0.01578904106676809, 0.01688333368653086, 0.011761002619186056, 0.014687763132552194, 0.01353926734581085)",0.017274280133293324
0.0039791981084049575,0.00598974188480877,0.0012013951124755105,"(0.005542801308653506, 0.006017618703103961, 0.004639973474622235, 0.007511436760892531, 0.006557300608338873, 0.005365446020779755, 0.009609057253244535, 0.003577788955043179, 0.006843356514229037, 0.004936802116758158, 0.006232411444547006, 0.005557156210779026, 0.005670810299807141, 0.006170930794107341, 0.005396854817449395, 0.006435742401413773, 0.0054477332212149775, 0.006427291763888575, 0.0062397878705637766, 0.005614537156738625)",-1.6735075376334996
0.0019644394052552466,0.001988810805389865,0.00033348187428295734,"(0.00174497968282484, 0.002180915498511194, 0.002013256177362525, 0.0019178131858866502, 0.001588292851042785, 0.0024384835221672786, 0.0019258711848076594, 0.0019958303846299105, 0.0014563453109726202, 0.002624178191098734, 0.0021754594224408933, 0.0017711545799992828, 0.002296928953188674, 0.0016831979615948242, 0.002607120621171167, 0.001479281955905104, 0.0020925232052637233, 0.0018479661356671656, 0.0020496908585737276, 0.0018869264246885438)",-0.07308163355810944
0.004323106533456534,0.0035157933150375326,0.0005767570618383093,"(0.0025731336885894836, 0.004636983090623359, 0.003561674237912503, 0.003388420034824968, 0.0033827137494985664, 0.00357939644117354, 0.003926845199035607, 0.0030626656298475747, 0.003050873192654537, 0.003925283222602646, 0.003590379875945196, 0.0033565679436466348, 0.0029763002979035264, 0.004061356060058668, 0.0032129184626801554, 0.003753991218711164, 0.004489094893190219, 0.0026932371429619377, 0.0028461225513865453, 0.004247909367503822)",1.399745702021985
9.658525764438998e-05,9.954486525991945e-05,1.8042844604287392e-05,"(9.203354472251379e-05, 0.00010436940270633794, 8.380692771296646e-05, 0.00011462063081051935, 7.127224221057803e-05, 0.00013478141689323076, 0.00011149600202112873, 8.61542743914353e-05, 0.0001019330019180277, 9.423530134558907e-05, 0.00010087137540769716, 9.522980174247932e-05, 7.242052387259625e-05, 0.00013264347320819856, 0.00011966645953683322, 8.027312620491868e-05, 8.250234685757556e-05, 0.0001164344758215685, 0.00010166611244135354, 9.4486865372841e-05)",-0.1640322066968423
0.022248091109441537,0.01902154968444025,0.002077314911529973,"(0.020128640398078792, 0.017009906646026585, 0.021513736384029893, 0.016127270967187846, 0.01634111030882889, 0.021583052378232073, 0.01571079209205618, 0.022386452653486745, 0.01836478781208525, 0.019894876421270847, 0.018630314210891608, 0.019418811228069013, 0.019191593003876073, 0.019140757999064142, 0.0220323415573489, 0.016376963412072232, 0.020141856015079698, 0.018134158657129574, 0.017360648172898906, 0.020942923371091705)",1.5532269118623387
0.05588390580303779,0.023466581985855873,0.006125735692060467,"(0.018217632660098973, 0.029993839244453903, 0.03347233871137027, 0.01569605708928406, 0.036207292011064075, 0.013054769674300902, 0.018186025369583025, 0.02606045049606247, 0.029470275616221148, 0.01803805859164303, 0.024533835641869672, 0.021381317641332206, 0.02589766858659321, 0.020699621606556556, 0.020301681398747145, 0.0265799791122968, 0.02469061233274155, 0.02116943721791821, 0.01713356480973677, 0.028547181905243444)",5.291988660104587
0.014544771202793355,0.021265565869779263,0.008248891889284331,"(0.02222869274643149, 0.01915136655531842, 0.012691125784905603, 0.031811811310198966, 0.016159735683121807, 0.021278022865304204, 0.008582808188673146, 0.040520327033963036, 0.022407522107511988, 0.01823355371927489, 0.019671876805588157, 0.020358238501427005, 0.01608787904418132, 0.02574913916525026, 0.02172100862559614, 0.019283122019410508, 0.030861963374576407, 0.012920728316861928, 0.03532035597673164, 0.010272039571258268)",-0.8147512123072569
0.008236135854106858,0.024258071824012017,0.005557859775511415,"(0.021529807495452885, 0.028457790078212863, 0.025199005005961308, 0.023033051045016725, 0.018933007762983615, 0.02546473464425901, 0.036434867263330985, 0.013514261575757023, 0.021273813290381104, 0.02748439285662827, 0.018319436878457447, 0.031194774748055237, 0.02398547080924995, 0.0247976301250981, 0.03086192969199899, 0.019543516205935106, 0.02454323811176415, 0.023195484284533035, 0.01679903155325927, 0.030596193053905263)",-2.882752825197155
0.0006617072204245237,0.0008769640948584111,0.0003502478838312392,"(0.0017497006131903822, 0.0003821227611355457, 0.0008589745654118855, 0.0007783204009342294, 0.0006255378942177574, 0.00106484671280969, 0.0009561716899938502, 0.0006976298431594078, 0.0007124412719797678, 0.0009377137534815012, 0.0010263133729205105, 0.0006506595232410742, 0.0006069784371415741, 0.001101208470429168, 0.0009944424590857565, 0.0006724849471062469, 0.0016689366604760092, 0.0004001338701804165, 0.0009590043664780071, 0.0006956602837954419)",-0.6145843683030079
0.0005589711022844849,0.0005969674490291346,9.354039083060078e-05,"(0.0005310111239469165, 0.0006559970553007425, 0.0005599407249302543, 0.0006220312124133723, 0.000591484002660698, 0.0005882902009514693, 0.000469138133337563, 0.0007419213082929889, 0.000430847454564621, 0.0008083207062746053, 0.0005144321572369476, 0.000676907327273224, 0.0005957994915207854, 0.0005845983253506517, 0.0004971914575970406, 0.0007006174600716942, 0.0006403541912237385, 0.000543798195733711, 0.0005304937643919657, 0.0006561746875097007)",-0.40620256562173335
0.0029909358463705554,0.0031230070337216792,0.0004156618676474975,"(0.0036689267272532636, 0.0026192297263425857, 0.0028556775228842134, 0.003360866773248667, 0.002867692439721719, 0.003333847732816915, 0.0029196709264600255, 0.0032754218185865845, 0.003840935182507562, 0.002499455353010046, 0.003002979711599653, 0.003195366469965784, 0.0034749650042091447, 0.0027636123525520266, 0.00280241424119046, 0.0034277684036945824, 0.002511257407604312, 0.003820649127011339, 0.0027976367538021106, 0.0034217669999725823)",-0.31773707821359976
0.0011506902553943491,0.0015222443452444947,0.00034496738332163957,"(0.0012708129602688229, 0.0017382019857489109, 0.002065920890842196, 0.0010685421141900027, 0.001470682878961622, 0.0014974504110187449, 0.0014835738109059038, 0.0014849349773699632, 0.0019124653834796995, 0.001154330678368877, 0.0018559164360750636, 0.0011891553913216434, 0.002137491431082039, 0.0010330439079542799, 0.001515225698349558, 0.0014575661391589068, 0.0011276797264093462, 0.001957013712190687, 0.0018011489084130044, 0.0012237294627806255)",-1.0770702037755182
0.0016588377556207715,0.002030569405998964,0.00047402931451052775,"(0.001753094196622994, 0.0022381202635752043, 0.0031592242828957446, 0.0012410873356965477, 0.0017538756619353028, 0.0022277109562815678, 0.0014875175878782676, 0.002628578904751279, 0.0024404033014628233, 0.0016064113043550569, 0.0018921520390536137, 0.0020709898595063087, 0.0021520185725933108, 0.0018223660482459953, 0.0017857942687084887, 0.0021968107231816873, 0.0016342014896877745, 0.0023978234939184165, 0.0026429762142241076, 0.0014802316154047793)",-0.7841954896018073
0.0033077421405303528,0.0022217058592324387,0.0003965975208823815,"(0.002905652061878658, 0.0016505580223642796, 0.0022220587286374267, 0.0021571670993480634, 0.0016883507200257772, 0.002828413897064691, 0.0021959221112372277, 0.002176883286092203, 0.0016747278367834234, 0.002861168537794273, 0.002304682318166053, 0.0020781716779044094, 0.0025168470484420104, 0.0019046766219807793, 0.0020857308047494394, 0.002299290132049328, 0.002651542700613841, 0.0018063127506016466, 0.0018739111028937862, 0.0025520497260214463)",2.738383938663093
0.005230401241053219,0.007313508848130406,0.001846826852756018,"(0.010895909057638332, 0.004641260282202324, 0.008303505093634518, 0.006079987704231748, 0.008316678543095327, 0.005996393973542255, 0.005996224251090639, 0.00834543430050642, 0.005099251305923497, 0.009888631269111211, 0.006234624276128774, 0.008076012109399122, 0.009787868505895074, 0.0051591744066881206, 0.008980904497127865, 0.005630185189064076, 0.007340455506968784, 0.00685937462597597, 0.005458616649854061, 0.009179685414529988)",-1.127938769120975
0.016531565188669755,0.014987113489115994,0.002557107900743371,"(0.017710392497165914, 0.012458592842710135, 0.013996371363054344, 0.01571132990877829, 0.013555325484367522, 0.015834473913222038, 0.014435384021685822, 0.01496939699388299, 0.01494340601362119, 0.014681267785671387, 0.018873716487593423, 0.011590456276893294, 0.01632897592991142, 0.013473708972849883, 0.013312496295641768, 0.016569789461845973, 0.010568008331735209, 0.020699679376477112, 0.017976732974339535, 0.012052764850872562)",0.6039837814840653
0.006620640210954157,0.006309501079511378,0.0013547565984010376,"(0.006646704439286722, 0.005756137826494446, 0.00736849977578646, 0.005185345987526903, 0.005412190260426407, 0.0069890245904735415, 0.00676809107572288, 0.0056048738065761555, 0.008493201635146592, 0.004494048767235246, 0.009107200223255063, 0.004186043302367889, 0.006786174555123163, 0.00563120422435403, 0.005860162031874353, 0.006528198359784648, 0.007744136287856891, 0.00492286768059216, 0.00480849313347385, 0.00789742362687015)",0.22966423032004657
0.002274514883267953,0.0020482016810780333,0.00047253367096878576,"(0.0019278332665286395, 0.0020712961211965097, 0.0017103907708421468, 0.0023336345086749795, 0.002325744771190932, 0.0017105496460822352, 0.0029802898828351575, 0.0013361432743480078, 0.0027357874271130346, 0.0014584558081073302, 0.0023550031989830215, 0.0016936113792502545, 0.0027428254701320144, 0.0014552847308952784, 0.0024999311542469654, 0.0015972609988153278, 0.0022506486557843366, 0.0017721442781584791, 0.001827613514660341, 0.0021795847637156654)",0.478935610505668
0.0032740063990753165,0.003505434143590067,0.0005103165121765548,"(0.00367441808708307, 0.003280747951991881, 0.003018280121157543, 0.003993583798998407, 0.004151023668048578, 0.0028945386683140364, 0.003500626984287855, 0.0034365049079142255, 0.0030497568289031113, 0.003949946394033045, 0.003681185209981394, 0.0032712002392375696, 0.004162024149433516, 0.002895627706305953, 0.004200452974936177, 0.002870375063637176, 0.004366717157775262, 0.002757717622805325, 0.003236339517957603, 0.0037176158189996034)",-0.453498444578417
0.00011278048290694887,0.00010345845371301664,3.5171285935689764e-05,"(9.02265351396574e-05, 0.00010652730414802506, 5.213035678936045e-05, 0.00018437638317316479, 0.00010989123280170875, 8.746321820888298e-05, 7.524352670920517e-05, 0.00012773870063901048, 9.74917588709543e-05, 9.858845362019682e-05, 8.172356842243377e-05, 0.0001176104202500719, 7.255733181732374e-05, 0.00013246890890943904, 0.00010977099832272532, 8.756060183756996e-05, 0.00015313121921026095, 6.276669959093816e-05, 0.00016289891318140424, 5.9002942617999106e-05)",0.26504658405090553
0.059853243093378784,0.05897535320716183,0.0029404681666978325,"(0.05253870567211101, 0.06439026855642335, 0.05895947618708102, 0.06003131812963757, 0.06033497048475053, 0.05718123006013429, 0.06043617763230478, 0.057637840939485464, 0.05588971043984736, 0.06173169331636025, 0.058862457039271156, 0.05861252311078469, 0.0550172983769166, 0.06366202459327504, 0.060448121916975586, 0.058244855103214005, 0.05526259178090237, 0.06172466310156893, 0.06073837468065808, 0.05780276302153464)",0.2985544601908854
0.028289389298047724,0.02200445897526435,0.010976736867593932,"(0.01433372791216184, 0.027426228190319247, 0.007552906288175527, 0.051433087357458315, 0.03282850706791003, 0.011632366665453423, 0.025625887722715117, 0.015243425687984624, 0.013685090737263948, 0.027674701090835762, 0.017382210885162425, 0.02185783252461189, 0.03660169697250019, 0.01052444942072171, 0.02964105789655253, 0.013074773335480277, 0.03255577654976928, 0.011629868331383129, 0.01778684565928089, 0.021598739209546768)",0.572568186574469
0.013366670733884254,0.016465852967576144,0.007662916337118126,"(0.016104665679337226, 0.014128546120661264, 0.009766783224267465, 0.022916487753101632, 0.011426229908435979, 0.019128214078006783, 0.021872515051804882, 0.010312859760338845, 0.01590479976033346, 0.013588265918760731, 0.03470976313316971, 0.006253709439100147, 0.013832372973271176, 0.015994432557448115, 0.023286256776730442, 0.00958100593979953, 0.028647656600307474, 0.007540469879311658, 0.025769185222720866, 0.008552839574615426)",-0.40443900172573616
0.005334516049135632,0.012418792808401205,0.006820467882579831,"(0.007991504100355429, 0.014899969877905917, 0.012107155644122871, 0.009692500685843592, 0.006020542057602127, 0.01908287228961194, 0.017290168865011075, 0.00683509096876928, 0.03046007986043657, 0.0037353557677148757, 0.009608768962476187, 0.01188657403558947, 0.0060823568709135216, 0.01909755606504198, 0.017892817044958802, 0.006540601461326274, 0.005410198903654161, 0.021019801740650962, 0.007711679531238801, 0.015010261434800255)",-1.0386789999201576
0.0004747887276645512,0.0008905990312360516,0.0004292279095957544,"(0.0007566383473264749, 0.0008570212896644112, 0.0008874637644903261, 0.0007300865692244323, 0.000575137993810763, 0.0011253889046779196, 0.0006075193417254709, 0.0010676080969114132, 0.000493210810443588, 0.0013122571022434412, 0.0006259278415513669, 0.0010341368224240535, 0.0016826062651698157, 0.00038493681746213374, 0.0006659135107302576, 0.0009730495959413388, 0.0006705183736934773, 0.0009650138384063018, 0.0020873126999630177, 0.0003102326388610263)",-0.9687401361274697
0.000762204055224964,0.0005937852555925963,7.979274584833722e-05,"(0.0007627650443853425, 0.0004545743753923521, 0.0006087541908092459, 0.0005694871519903728, 0.0005895810940025199, 0.0005878687642920413, 0.0005701804149078691, 0.0006080797175085216, 0.0006457362973327578, 0.0005367053019485707, 0.0005911845239525775, 0.0005862513746105674, 0.0004942816379032625, 0.0007013064682196368, 0.0006241871705479311, 0.0005553978458780635, 0.0005937873606137699, 0.0005836498261154241, 0.0007493660605986318, 0.0004625604908424684)",2.1107031452769247
0.0022566051432792015,0.003117386775536167,0.0006814871133172949,"(0.002761161641033782, 0.003371123147300052, 0.0033304535626536478, 0.0027931258943124965, 0.004903193451570742, 0.0018954880010997287, 0.004137882047879603, 0.002248769749801957, 0.0037306546524785798, 0.002490172694695751, 0.003117429529661973, 0.002980506493620404, 0.0032091258473308042, 0.0028974465292286805, 0.00347829889509071, 0.0026740796836272713, 0.0034518134539467996, 0.0026912816826410372, 0.0036114154077884156, 0.002574313144960915)",-1.263093043780261
0.0015460454696503917,0.0015089630909393746,0.00034850097867311647,"(0.0013743706392943464, 0.0015801042632402251, 0.0014697159470822123, 0.0014770257923398995, 0.0012705993661720702, 0.001707527601984801, 0.0014031762722466264, 0.0015473642790496094, 0.0011941688572770222, 0.0018163584394113562, 0.0008493375885934313, 0.0025540567747023234, 0.0018188353236615593, 0.0011931951510901924, 0.0012933514552747863, 0.001678320197083384, 0.0012070640353246322, 0.0017969256618522952, 0.0014258331626679068, 0.0015219310104388054)",0.1064053789811571
0.0025064366134177423,0.0020146803258366056,0.00046976178302549375,"(0.003025904133163442, 0.001275174128989587, 0.0017798164575728555, 0.0021667212429669768, 0.0024430088041250487, 0.0015772160234304962, 0.0016088562489810722, 0.002397699438232346, 0.0024653985930436087, 0.0015623678296551543, 0.002658418066504018, 0.0014491340453078967, 0.0019082611623697343, 0.002020107489654337, 0.002234505912024736, 0.0017256748600718806, 0.002225912191123429, 0.001730402320323038, 0.0015461043716935706, 0.0024929231974988846)",1.0468205489471445
0.0015258504514805748,0.002203088276990422,0.00042086542045595936,"(0.0017813755238112853, 0.002635077935673291, 0.0023078534264596396, 0.002032705039999911, 0.0030792487838962094, 0.0015221131838947823, 0.002948715595662652, 0.0015915333476250065, 0.002507134726804467, 0.0018688636126591698, 0.002207869780070213, 0.002122483680599887, 0.0019672517826690565, 0.0023837004034871385, 0.0018399545875762164, 0.0025494368133845676, 0.0019266684956079545, 0.0024317745686274726, 0.0019350547009210634, 0.002422949550378455)",-1.6091553085452779
0.004615609506223744,0.007046187261550638,0.0014544116630102303,"(0.006230433218993567, 0.007684698776587261, 0.01078138822433025, 0.004432267361722452, 0.005700276553013956, 0.008359238677145333, 0.00735820921054955, 0.006502260273209111, 0.006514216865730324, 0.007307624945610692, 0.007167101771349039, 0.006644947948658016, 0.00848831528172214, 0.0056226446579948795, 0.0054584907055326036, 0.008752514742964138, 0.008519213663315607, 0.005586712238810462, 0.006920034893351169, 0.006893155220422253)",-1.6711759243571171
0.013321260742792902,0.013890631488688686,0.003101255859582737,"(0.010660402915924171, 0.01738905976004316, 0.012797594645035578, 0.01443191004677779, 0.015368058584903317, 0.011953386806471181, 0.02063722306461636, 0.00897043436813104, 0.02022110588123181, 0.009067792546131524, 0.013994368907733312, 0.013113706373925829, 0.011159745865975701, 0.016511202295383852, 0.012291088318544816, 0.015020391335048079, 0.013223792010026292, 0.013860999075786445, 0.01384976363632108, 0.01329060333576235)",-0.18359360584082565
0.007640061532905692,0.0061649697666507275,0.001839156601755289,"(0.00448023477503611, 0.007825328328322808, 0.008601399169750884, 0.004069342784518933, 0.0034610209292503732, 0.010089054924031221, 0.0067589498168705835, 0.0051841658217048735, 0.0067075958689832346, 0.0052016789794433116, 0.007335837260175445, 0.004757992926627794, 0.006497896052064661, 0.005381126159259916, 0.005160919134573902, 0.006780970637922155, 0.005985243201501419, 0.005828462064203168, 0.009521573679069995, 0.0036706028197037634)",0.8020479413482998
0.002558186126042868,0.002067091831565897,0.0006885202801489403,"(0.0024576298134154325, 0.0015684731218791256, 0.002228024612618419, 0.0017291720019423338, 0.0012243599784732056, 0.0031441618383017973, 0.0019469880662857553, 0.001979475001543014, 0.002008984027318869, 0.001915685910211454, 0.0026323245245851814, 0.001462228487599972, 0.003262621078950366, 0.0011804391261882208, 0.00353426650257587, 0.0010900203580792782, 0.002532410231024054, 0.0015196430756591142, 0.00193945579975384, 0.0019854730749126314)",0.7132604639775286
0.003113483282293217,0.0035508331852431084,0.0008744375511715727,"(0.0032179816966379504, 0.0037020638748152318, 0.005251505751088853, 0.0022670317595500423, 0.0030660803565395927, 0.0038795771215090224, 0.0033534646333332, 0.003552874748547509, 0.0028339610414286763, 0.004196988993203996, 0.00431000340302813, 0.002759934830631996, 0.002342693825682589, 0.005080353371349833, 0.004241567031666903, 0.0028069201950324174, 0.004512532290063814, 0.00263532198466549, 0.002893964359707364, 0.004111842436379565)",-0.5001499562363596
0.00010917221396331972,9.902534006202872e-05,1.4103246228307993e-05,"(9.53143148273041e-05, 0.00010092074889178093, 7.959116922699567e-05, 0.00012085609637951938, 0.00010021562739906005, 9.598279571968577e-05, 0.00011285923896612656, 8.523294860496346e-05, 7.611045894648646e-05, 0.00012638250063209047, 0.00011139187750849075, 8.635308587794364e-05, 0.00010869467479409736, 8.849614634917857e-05, 8.191437754826448e-05, 0.00011742886633888384, 0.00010496207726242953, 9.164227650128397e-05, 9.871558220229333e-05, 9.744193726369576e-05)",0.7194708038865714
0.185507604872405,0.17997917241474393,0.006702303386995609,"(0.18669926580765595, 0.17595399014248184, 0.18049252569085295, 0.1805878799140409, 0.18296140791022292, 0.17556209708356355, 0.1665611482082547, 0.19342762732078614, 0.1692030874613083, 0.18843685217174835, 0.1726507725127253, 0.18650739364137078, 0.18167933197857503, 0.17922653761206492, 0.17661466554603986, 0.1849062613270982, 0.17535585262449305, 0.18311651229108505, 0.17492670683265665, 0.18471353221785314)",0.8248555964189596
0.016536218405356125,0.024619532298472028,0.01473352192889268,"(0.029501890567180833, 0.015144761244007673, 0.05982615162344477, 0.00618622444837098, 0.012118221477565139, 0.03577783991462596, 0.035831667239724536, 0.01137976661785468, 0.01699972387767076, 0.02670167551300486, 0.014709338369655071, 0.031093074785531687, 0.01851348881284722, 0.024153403220065567, 0.03613674450014942, 0.012301909209498522, 0.007157253750501148, 0.05346263744186385, 0.03221399585917614, 0.013180877496701767)",-0.5486341916160854
0.022115680123103346,0.025490035070215702,0.006201958023638715,"(0.02330522319677669, 0.029143910799249172, 0.018502413260944393, 0.02426873946619669, 0.029183687759818857, 0.021744608832928843, 0.01820539814436454, 0.0308818466172225, 0.027286515613952518, 0.02559079103632337, 0.022717344044556873, 0.03154921440661387, 0.02671985956323315, 0.02542506268070486, 0.02322261443051677, 0.028875461749418234, 0.03546703565181584, 0.01392217888358129, 0.015724983443764703, 0.03806381182233084)",-0.5440789721973334
0.014297939527318195,0.012377799421647597,0.004230245111833873,"(0.015569519321942726, 0.009245152021313896, 0.013869596212834777, 0.0084929799621538, 0.02082441327563638, 0.006685502784353601, 0.0077141358180697036, 0.017092841776274435, 0.015019343291783773, 0.009693174021649082, 0.01403519498175431, 0.01053415322054347, 0.010120601640628998, 0.014217846430096878, 0.019105721752550767, 0.007484254311397586, 0.008692134657975435, 0.014288328535580888, 0.016890513168674563, 0.007980581247736844)",0.4539075289748846
0.0012227906048984409,0.0008900718490123387,0.00036352639844972604,"(0.0004422107943494714, 0.0015263666245900157, 0.0011512794426926935, 0.0005831971303228272, 0.0010694663626386342, 0.0006306505042263025, 0.0008653747524647149, 0.0007789952949342255, 0.0007054343584928, 0.0009569090826509667, 0.0004539430652806534, 0.001488263404449693, 0.000490918928690326, 0.0013750111095715404, 0.000763611187447169, 0.0008838460236296713, 0.0011100033721353113, 0.0006067461391816813, 0.0004620292161715281, 0.0014571801863265457)",0.9152533552033514
0.0006470719717489303,0.0006018220639148902,0.00012385119732745713,"(0.0007123812103473028, 0.0004886398544147997, 0.00042492808378744344, 0.0008178798019728144, 0.000668504822340144, 0.0005205737498155542, 0.0005658738622094714, 0.000614832549449692, 0.000575459210394275, 0.0006049188436951984, 0.0006501673111146129, 0.0005355290741601605, 0.0005828009783558602, 0.000597277744693361, 0.00040846677327054885, 0.0008521605697763955, 0.000741324050347074, 0.00046915213676209825, 0.0004783080135996139, 0.0007272626377913815)",0.36535704789677
0.0046506997039500305,0.0032314493848417877,0.001084209254723611,"(0.002241713095593981, 0.004180281764793555, 0.004344198893957861, 0.0021391999113622604, 0.0022161559958259456, 0.004222701104674129, 0.0017898778362792245, 0.005215609317280555, 0.002234124220817286, 0.004196833345280541, 0.004270087311231958, 0.0021969457651603956, 0.002486470770891124, 0.003768810737284808, 0.0027531357017775053, 0.003402875061470097, 0.00470304688820186, 0.001979753438391424, 0.0024121841504648103, 0.0038749823860964334)",1.3090188198679795
0.0016963659277438251,0.0015243536418888626,0.00037772425553131954,"(0.0016937943981416197, 0.001298222710155293, 0.0008592362281965377, 0.002546984805036382, 0.001381506760215023, 0.0015904122583245063, 0.0011182184086669742, 0.001962521895896396, 0.0015793879163903705, 0.001392580209902854, 0.001159819450062672, 0.001897155132593527, 0.0016462748535513523, 0.0013356734508818337, 0.0014165593143740539, 0.0015520432165958315, 0.0019943878183313534, 0.0010988562838408122, 0.001467517566739731, 0.0014959201598801273)",0.4553911572689563
0.0017108993293474706,0.0020519464835048948,0.0004991049545074661,"(0.0020623355538617965, 0.0019335947375489675, 0.0022606910259523588, 0.0017526337176775734, 0.002103693780396048, 0.0018935306992314401, 0.0022823688725266667, 0.0017429480322378047, 0.0014879831177796905, 0.002680478577003614, 0.0012801341194846475, 0.0031179670392056805, 0.00278315490875449, 0.0014327466879086354, 0.00197256169197919, 0.0020211312635268572, 0.0025565412967618567, 0.0015534665327535523, 0.002577984225784482, 0.001542983789722551)",-0.6833175088273391
0.0022565624341667288,0.0022446239738328367,0.0005345236274993577,"(0.0020798243211963795, 0.0022987221042748275, 0.0033059095404807627, 0.001437087721521884, 0.0027006865876465424, 0.0017684139311170911, 0.0017980741944686129, 0.002653243971507487, 0.0026178055064565316, 0.0018265293918390435, 0.001963722533745534, 0.0024369437809521805, 0.0024175332546670925, 0.0019775199585421125, 0.003102659678716706, 0.0015405811084903346, 0.0019565715290483275, 0.0024347497601556038, 0.002970936728661682, 0.001604963873167991)",0.02233476635961506
0.008464697056161367,0.007118655894807171,0.0012462729952391477,"(0.006965733183892879, 0.007103501197442869, 0.004711642192350488, 0.010287155491659376, 0.007814567414821927, 0.006310252783208038, 0.007393793156930748, 0.0066460272579750585, 0.007622434291593424, 0.006493883601353573, 0.006802679462817321, 0.007296521877163976, 0.0064324050672558515, 0.007691330925277057, 0.005457183217653069, 0.009060736048174369, 0.0085161218910943, 0.005742846059816442, 0.0073600020983016325, 0.006664300677361024)",1.0800532198773225
0.015850612165886024,0.014908101957999432,0.0035191936992576642,"(0.01071000490351915, 0.01991549742570182, 0.008205157611741393, 0.02492394452516694, 0.012062804606487796, 0.01755910366894675, 0.015568539032718157, 0.013508425866046935, 0.013342792856061077, 0.015997676694268926, 0.01357876749129421, 0.015808284911493126, 0.017859003915240562, 0.011939673168301447, 0.014532784836821551, 0.014655688635222734, 0.015124934918448131, 0.013770947308461406, 0.013081090337272587, 0.01601691644677394)",0.26781992934501003
0.007171082579897528,0.005975954734171443,0.001028370719034292,"(0.005991277082590858, 0.005819813880606826, 0.006953164194443311, 0.004929900534498507, 0.007719922659842456, 0.004503931610169864, 0.005548311941434721, 0.0062492406040413635, 0.00694680573557726, 0.00502069429463846, 0.008175730288765106, 0.0042759230665234075, 0.005051654340144658, 0.006901487735546455, 0.006301747990859114, 0.005529896181638051, 0.006568909807937978, 0.005257999155318952, 0.0060739516655264345, 0.0056987319133250626)",1.1621566265990044
0.0024476189484898265,0.002005048980273191,0.0004006460909181203,"(0.0024496229281080555, 0.0015835281487911709, 0.002048395295623267, 0.001883253845151169, 0.0012986673847057298, 0.002984218538940808, 0.001410329889616858, 0.002745469444566743, 0.0019164462703012862, 0.0020242613579626494, 0.002171859026811366, 0.0017875567541397095, 0.001706898588894843, 0.0022724822911899234, 0.0018650899872813282, 0.00207942993444536, 0.001957540127756007, 0.001975540270243835, 0.002079024267151311, 0.001861365253782397)",1.1046406747721975
0.003621409672895478,0.0036617673244935273,0.0011567980937368008,"(0.001853636235620304, 0.006603098416869533, 0.004080246818542256, 0.0029859377529800994, 0.0024138856761724437, 0.005067076813514576, 0.0036037357622242245, 0.0033924948145241294, 0.0037753253432022656, 0.0032422418502729027, 0.0026107194705832656, 0.004691917958191214, 0.003824511379379096, 0.003200450652205543, 0.0025388934639314067, 0.004820443937542855, 0.003267273764440072, 0.0037386999839594767, 0.005156215519347836, 0.002368540876367044)",-0.034887377336249054
9.479535201122017e-05,0.00010092278510471315,2.5008624063812385e-05,"(0.000147784039366535, 6.503726037250865e-05, 7.062662961539229e-05, 0.00013608577352038946, 9.544709616570314e-05, 0.00010069936027281332, 0.00011616731282781055, 8.273805167937712e-05, 0.0001278522178548419, 7.517664955656721e-05, 9.270112567630051e-05, 0.00010368282319895456, 9.51376897497021e-05, 0.00010102728365077934, 0.00011529814825230202, 8.336199407696598e-05, 0.00010704813139673652, 8.978612082850853e-05, 0.00014774349614787903, 6.505449788419546e-05)",-0.2450128034976308
0.022746352223154045,0.02696211710124459,0.0022971709349814446,"(0.029360614415008746, 0.02326235036399741, 0.02612920491301999, 0.02749213038144509, 0.024167938638321698, 0.029817904758654635, 0.028919125615881416, 0.02563641461810793, 0.023014012746019098, 0.03176229842977957, 0.027319151809658285, 0.02563252265232774, 0.0267649844723713, 0.027588195516567382, 0.0264624420728544, 0.02703345624669572, 0.026409369160208775, 0.02900983101041893, 0.029228240911488193, 0.024232153292065396)",-1.8351985974977514
0.013230242343740614,0.02189802224251733,0.013070965613524442,"(0.025040165534561447, 0.01520698267075155, 0.021142377590547295, 0.018047249546968548, 0.014211305024030051, 0.026568116761168582, 0.027310113365372195, 0.013865529945767601, 0.02158624676753741, 0.01669079841561177, 0.025531631700407866, 0.01490817634922088, 0.01314526897444813, 0.028758265654179053, 0.07064609038310371, 0.004919903008521728, 0.015929675939873347, 0.02362337085262374, 0.014057457838975069, 0.02677171852667662)",-0.6631323312340612
0.029464571308214487,0.017305086162288284,0.00692130639245193,"(0.011156353476841898, 0.02428330559885304, 0.012541692388953874, 0.021659333060256157, 0.018988172550205695, 0.014097815814182688, 0.016429988162837934, 0.016361543617333437, 0.006005405375344432, 0.04177506915789567, 0.016364295870774252, 0.016545040306618783, 0.0177291021292096, 0.015127929089924148, 0.012392076549961504, 0.01926204425776003, 0.017459926296242944, 0.015262523009204292, 0.016747009126195964, 0.015913097407169365)",1.7568193714392992
0.0076521919163994884,0.012457989488273088,0.004821553326874361,"(0.011508559201690135, 0.012040408072674496, 0.01180075979179268, 0.011766548154306848, 0.008833653920380505, 0.01552891703540161, 0.01586356519763304, 0.008679059844124835, 0.011349364341089277, 0.011459020249164542, 0.025842439846733477, 0.005359039055671416, 0.009457924288791771, 0.014530313700774351, 0.007590871869308722, 0.01644638870722704, 0.007509075284651428, 0.018202188554046223, 0.007745479965998548, 0.017646212684000778)",-0.9967322242579083
0.0009706161930746501,0.0008290417661504391,0.0002425673778654317,"(0.00068760007889463, 0.0009221124033072639, 0.0010289013376060697, 0.0006162126854268364, 0.0012098679271290338, 0.0005238272998262725, 0.0005228216474478344, 0.0012124138859015575, 0.0011742480929079501, 0.0005387645444577684, 0.001251595530995044, 0.0005065134880770365, 0.0008378576763245948, 0.0007565195853045872, 0.000688151783343126, 0.0009181367791563973, 0.0007875186243848633, 0.0008047183676100296, 0.0008242990349484184, 0.0007687545499594671)",0.5836499044927296
0.0005493149560391252,0.00060087187602022,0.00012857461547981886,"(0.0005785394701844252, 0.0005979866639766748, 0.0004971368229074038, 0.0006959077829454775, 0.0006734351790512864, 0.0005136646192031349, 0.00043477851293173623, 0.000795661778165035, 0.00038184334403749043, 0.0009054716588678006, 0.0005659926396045585, 0.0006112345456566458, 0.0006624825644581941, 0.0005221748451217081, 0.0005467058792840625, 0.0006321820941407286, 0.0004558603671223898, 0.000758809867222191, 0.0006754595348766338, 0.0005121093506468223)",-0.40098832719579236
0.003642311850684727,0.003061216900551508,0.0004754382331199407,"(0.0026743056529156093, 0.0034280855122733453, 0.0031129764128850143, 0.002945282904030196, 0.002466764991660373, 0.003714964484424637, 0.002503394592198985, 0.0036611437275346974, 0.0028939196341895013, 0.003159523095252568, 0.002831619491144914, 0.003237565138708154, 0.002768916793326048, 0.003309800692620067, 0.0030276606080165726, 0.003014764464510919, 0.0024943705892658294, 0.003673277135093133, 0.004035547030939345, 0.0022704550600402473)",1.2222301650414888
0.0016837873676664517,0.0015046364639163072,0.0003268735111224201,"(0.0010889416578779955, 0.001988735156603514, 0.0018133156247144696, 0.0011943438395247555, 0.0014802501139551706, 0.001462624565149798, 0.0013964610543895977, 0.0015505349712292584, 0.0020298067466655457, 0.0010651875692611944, 0.002015815646444929, 0.001074296052305919, 0.0014203272177425916, 0.001524410733124046, 0.00197684797340003, 0.0010925909504532637, 0.0013403649716554362, 0.0016151249889748834, 0.0013092734576870746, 0.0016534759871666743)",0.548074094884517
0.0019267150277056282,0.0019855274776165387,0.0003648736090855933,"(0.0018903151190106642, 0.002022061221083726, 0.0019110404154581602, 0.0020002392116034405, 0.002320747801200203, 0.0016463803167491506, 0.0027519862202317878, 0.0013886091629603955, 0.0019631594323664485, 0.0019425741598506345, 0.0016483388024063148, 0.0023188304202797355, 0.001631146508384667, 0.0023426467199260674, 0.0018615516146612088, 0.002045629631669291, 0.0019486907420072223, 0.0019604943313350485, 0.002702435354911415, 0.0014136723662351884)",-0.16118581461207865
0.002085449761633167,0.002191925966631195,0.0004666417167066673,"(0.0022444120532279024, 0.002059434236121186, 0.0024091661714137603, 0.0019186674450631892, 0.0022758956491102573, 0.0020300774878822788, 0.003758517269761336, 0.0012294953526555197, 0.0021281412215282953, 0.002166833760972474, 0.002129373446708125, 0.0021705989267171728, 0.0020024465746973272, 0.0023075838607924744, 0.002694216792495399, 0.0017090436241847524, 0.002137306782844898, 0.002161492324234469, 0.0020290826847548537, 0.00227673366745824)",-0.22817549564467962
0.008860448586592566,0.0070573591539892806,0.0016378512982857592,"(0.007706987002229719, 0.006156296908341187, 0.007435110004437569, 0.00638210628631881, 0.004492372629684699, 0.010547344952869943, 0.006306196913315642, 0.007517961066098431, 0.005066381630584308, 0.009295939411893007, 0.005381593150409973, 0.00881517766583023, 0.006778901566478994, 0.006992470266797885, 0.00887116051064007, 0.005284520748499103, 0.005917630667495499, 0.008004498135086103, 0.008831230972336514, 0.005363302590437939)",1.1008871406644005
0.01063912757712309,0.013528731740508513,0.0027353112336322236,"(0.012083517991572703, 0.01464476715952557, 0.012981936663876061, 0.013634155469917404, 0.009070635313976, 0.019458539198013814, 0.014589673217498334, 0.01211103700698351, 0.017251783043582117, 0.010112182634382667, 0.011170316612519455, 0.01583765767865757, 0.017232882269894355, 0.010249885365927875, 0.015538103562777001, 0.011127886560188887, 0.01279258125304563, 0.01378875292755974, 0.011325837513434278, 0.015572503366837253)",-1.0564078148972877
0.007136754581272549,0.005972783173196858,0.0013789358212639177,"(0.006409069732468155, 0.0053007654306768725, 0.007276409496759148, 0.004669305500942742, 0.004255695619364241, 0.007973832845881407, 0.00806606964249108, 0.0042090870897275885, 0.006836155622170512, 0.004938829393706276, 0.004124924403291608, 0.008234967740608749, 0.005050966517532491, 0.006720650543897447, 0.0044115491771006534, 0.007623698129897144, 0.005328076058640063, 0.006367302107309176, 0.006064947718773794, 0.005593360692697974)",0.8441084712766453
0.002178098998416852,0.001986557199055551,0.0003708708715683386,"(0.0022560889242002396, 0.0016960375597524194, 0.002231653311025806, 0.001714653941172762, 0.002015518526621229, 0.0018977502055769553, 0.0012265136402795729, 0.0031190660574392684, 0.002319083993642026, 0.00164655298557102, 0.001885979620877127, 0.0020287836005208858, 0.001937649229425504, 0.0019742427522413237, 0.0016795054356950338, 0.002270656076098068, 0.001969584095036826, 0.0019418441768956844, 0.0018295541646325276, 0.002090425684406737)",0.5164649317195205
0.0043020016555630905,0.003451070111575573,0.0005222472403495948,"(0.0032836364378146313, 0.0035524265798857007, 0.0032029291428232005, 0.003641856242421075, 0.003046574388804506, 0.003827369412206203, 0.003972295909549625, 0.0029358970001237576, 0.0046832112016906785, 0.0024860088766690313, 0.003255866616591541, 0.0035823225123776444, 0.0033833127226381137, 0.0034468866570637065, 0.003526994330166333, 0.0032972051022878944, 0.0031945577349472946, 0.0036499040641641564, 0.002646288221641704, 0.004405859077644673)",1.629365324013775
0.00011652831617605548,9.876237201448478e-05,1.2208381944518931e-05,"(8.993064459219496e-05, 0.00010690087531480241, 0.00010061874983787296, 9.554534622647698e-05, 8.80537043364624e-05, 0.00010917933423510698, 0.00011257034651932463, 8.540118414770086e-05, 0.00010949504993278373, 8.779879795883418e-05, 0.00010166278222758101, 9.456390712200737e-05, 0.00010361142543626901, 9.278554030784118e-05, 8.939180991807842e-05, 0.00010754302621322492, 0.00011482048750283801, 8.372759339456645e-05, 7.733437153336155e-05, 0.00012431246353236764)",1.455225126663643
0.15797677267680219,0.16047552802579373,0.005553079279585367,"(0.16271864009980172, 0.16023595021361736, 0.16259802832435902, 0.1594131275089418, 0.17275507361162656, 0.147847666533034, 0.1581242185666889, 0.1635113160498859, 0.16398610967669056, 0.15506772210550546, 0.16094728118761326, 0.1591725407778229, 0.15893636057073923, 0.16299157912102952, 0.154531144031314, 0.16324190612169848, 0.16850647711611785, 0.15362167818859304, 0.16531390263893056, 0.15598983807186428)",-0.44997653071110566
0.009097266918910414,0.02543650488146845,0.0152333056639528,"(0.031090071523449767, 0.014771282810672772, 0.05532329257439744, 0.007573151883770197, 0.04685493074270043, 0.009567641946886748, 0.03322015456230202, 0.013592238520467613, 0.009375015498179965, 0.05221327264185873, 0.048828406157861076, 0.009376421282267499, 0.019954166522914228, 0.023167110123676445, 0.01548981456588939, 0.029565671865044333, 0.01983377924969671, 0.022895609903763325, 0.03192817461046979, 0.014109890643100427)",-1.0725996263058153
0.019534590946643535,0.018366619467347814,0.005099197214534995,"(0.03147927776736706, 0.010131618812249913, 0.0098830168983655, 0.027779006984573036, 0.017288097460881176, 0.01771627014408444, 0.020216436817446153, 0.01536208441473347, 0.022295449415744656, 0.01593665489114275, 0.014069124684950508, 0.022565844314454464, 0.016985488965286722, 0.018966968580823897, 0.020025021127259617, 0.01586300335662982, 0.01940631996666447, 0.01611287585817209, 0.018982912037075868, 0.016266916849050628)",0.22905007007112407
0.02343114735815022,0.016244873276048285,0.007564526972758287,"(0.01456638410024466, 0.014983932624919481, 0.011657567052203575, 0.016338385675395205, 0.013665618638719852, 0.01537253601756251, 0.006273599342183565, 0.03400689150985568, 0.012285522673505819, 0.019697227269114933, 0.025074804086515308, 0.008673319544083727, 0.01940716727477207, 0.011339083358121813, 0.027744812931198567, 0.007843480332373432, 0.008260848059354344, 0.025901954369397923, 0.009483373337057377, 0.022320957324385864)",0.9499964912520594
0.000881216182346694,0.0009262843021180882,0.0004991829565220287,"(0.0011062642842460519, 0.0005973125724864118, 0.0021430730829963135, 0.00030478385146003094, 0.0006316369233697688, 0.0010397134583304268, 0.0003324755288519377, 0.00198927314851618, 0.0012401049654258056, 0.0005432497727005068, 0.0011846497396896867, 0.0005583626418839358, 0.0014696825445814005, 0.0004491141235620448, 0.0008732339809758166, 0.0007575903392855824, 0.0006228192836422386, 0.001055050509117109, 0.0008814333638475471, 0.0007458619273929665)",-0.09028377107543605
0.00034869978929773026,0.0006009267480567161,0.00012367449580628678,"(0.00048452984428954895, 0.0007170375684134303, 0.000620282754759788, 0.0005592924268743679, 0.0006890156661519322, 0.0005039503000116285, 0.0006593278368719706, 0.0005268909320325064, 0.0007466173688303564, 0.00046610799018212596, 0.0006236752404396864, 0.000557078636366617, 0.0006092052199367422, 0.0005702876181387069, 0.000567320572202053, 0.0006124248783554738, 0.00036422581298083486, 0.0009534755181041285, 0.0006676858945427179, 0.0005201028816497086)",-2.039441981263887
0.002958962842521242,0.0031801174658824746,0.0009237727414491226,"(0.0020118393503101273, 0.004641179715037594, 0.002922133409547297, 0.003181540974428564, 0.004577947454355374, 0.002037229817341623, 0.004339342531928227, 0.0021501330956920374, 0.003819137264237861, 0.0024525669495151503, 0.0019011428849319458, 0.004910777289145503, 0.003424092950501213, 0.002727730244055575, 0.003335658500148597, 0.0027989201665078894, 0.0031514197753546476, 0.002961177023057417, 0.0038098425270972503, 0.0024485373944555973)",-0.23940371201504324
0.0013394681455477912,0.0015060393314475632,0.00030847842340449153,"(0.0011909744946800506, 0.0018311799636307985, 0.0018196724980620656, 0.0011951615577637362, 0.0010829650188598106, 0.0020121810131203434, 0.0015803673857876185, 0.0013793786665334399, 0.0016027182239672134, 0.001363754149219909, 0.00128513620696725, 0.0016969032541497865, 0.0013034082437660417, 0.0016734726982598888, 0.0014728126070228228, 0.001480693215614578, 0.002191797575589305, 0.0009945833695446237, 0.0016094919508111223, 0.001354134535600857)",-0.5399767804225193
0.001711662793598217,0.0020179024232340756,0.0004481638790583551,"(0.0027291576483189253, 0.0014247975928562654, 0.002280101545498261, 0.0016978872514282492, 0.0029449260583949114, 0.0013185209917432063, 0.0020376675469101443, 0.0019072463361725057, 0.0019031801541705199, 0.0020513785780794055, 0.0019713484524300725, 0.0019724321374576656, 0.002718342250669365, 0.0014306725794081257, 0.0021357593144415354, 0.0018206529726553075, 0.002421249663911313, 0.001604555116921942, 0.0022980267539088406, 0.0016901455193049396)",-0.6833206421706811
0.0024381980571841723,0.002260417328292921,0.0006451152263695776,"(0.00349091901698385, 0.0013550479475891457, 0.0016975855209107303, 0.0027718125283697362, 0.0025333123906792995, 0.0018636449796473374, 0.001824137153258367, 0.0025920515067827227, 0.00206749731356456, 0.002300881751855801, 0.003156134262481711, 0.001498865788852758, 0.0023304515906608647, 0.0020298631401367644, 0.003154021041983116, 0.0014999438544531685, 0.0014608056027561925, 0.0032337455876659026, 0.0022246305699536156, 0.0021229950172727613)",0.27557980593904513
0.0073107737819438166,0.00702956166112036,0.0008498764926363483,"(0.00667993567162929, 0.0073069710914748535, 0.006794961615273488, 0.007060734343989991, 0.007769488638932342, 0.006242222003157945, 0.005706340558789795, 0.008542045070686857, 0.007392994468275018, 0.006726329494330001, 0.0062519298043658585, 0.007808911009240824, 0.006531486864485415, 0.0074733164715660595, 0.0056857126189045915, 0.008587971413373155, 0.008071226036294364, 0.0060197688035091255, 0.006837687417315404, 0.007101199826812817)",0.3308858678407802
0.012525652628956215,0.014191647246059175,0.003516525423673647,"(0.01738554571658257, 0.010954692269099339, 0.016519363218645545, 0.011144967879033796, 0.011372408409639032, 0.01653732583026519, 0.011189999720156095, 0.016974469997772527, 0.013544953216679406, 0.014586140000768182, 0.02059123368981865, 0.009253222335150212, 0.013827537957604335, 0.013774464728447023, 0.018268008230065056, 0.010433351637109874, 0.016873765134626965, 0.011185539762619953, 0.009433461353267326, 0.01998249383383241)",-0.4737615732527612
0.005624088766563892,0.006067308926295543,0.0013165201002695109,"(0.006985842644034286, 0.005043019877922795, 0.008521541400943241, 0.004073125143420713, 0.007414241595366954, 0.004724679958184144, 0.004675806276073136, 0.007526761578566781, 0.004849301830014848, 0.007387032620897857, 0.006947319451035495, 0.005072296569704667, 0.006691883862812929, 0.005264204707837146, 0.004653991726849214, 0.00757286056466685, 0.007265193570466161, 0.0048289281969939235, 0.0060925512016061665, 0.0057555957485135485)",-0.33666038189687897
0.0016360251898390155,0.0020021511331172167,0.0003791275843093069,"(0.001936305872729307, 0.002001408704784347, 0.002432476556470625, 0.0015854129157949872, 0.0026137853598769676, 0.0014798908801842616, 0.0018542579364217717, 0.002089268046832872, 0.002133443860796616, 0.0018264298807568902, 0.002366069985836219, 0.0016380199365539348, 0.001480917632122262, 0.0026167927535129904, 0.0019378090783054558, 0.0020001228112411337, 0.0024644936533739456, 0.0015703184596404874, 0.0016051257065919679, 0.0024106726305172907)",-0.9657064229320267
0.004824572894505127,0.003494048717529292,0.0004332619377764015,"(0.002948747869795042, 0.004082092573979517, 0.0031383957631089753, 0.0038025940792859865, 0.003012345020284174, 0.003978223807045499, 0.0036243718348497934, 0.0033229173274882335, 0.003909733029306496, 0.00312160346125791, 0.00306680782168139, 0.003927666612233362, 0.004087251297223989, 0.0029428579366428714, 0.003280621994014157, 0.0036720513932681953, 0.0030709986885231718, 0.00390412856438486, 0.003031782253040152, 0.003955783023172057)",3.0709463743904823
8.585705099177717e-05,9.978457282289278e-05,1.9062048200003015e-05,"(0.00012851690426242757, 7.48349678238086e-05, 0.00010383264516935263, 9.260443550210928e-05, 0.00011612773273382138, 8.28068548850904e-05, 9.706741969129106e-05, 9.908519972094276e-05, 0.00010221948993368388, 9.413105482840486e-05, 8.026935368796464e-05, 0.00011981984769324371, 7.437972350499456e-05, 0.00012929895551031434, 9.395435202558102e-05, 0.0001023676336439333, 0.00013406355887303029, 7.172871566117946e-05, 0.00011485897464784331, 8.372363665883864e-05)",-0.7306414129785594
0.19311974572142368,0.19393623367763924,0.0050187784052048426,"(0.19023579600488086, 0.19922083289875958, 0.1883787653615382, 0.1964462265894143, 0.19607342708451117, 0.1933027107936364, 0.19970176096886286, 0.18606710213351013, 0.19999795299969877, 0.1848333203047914, 0.18760460512027807, 0.1995982884227583, 0.1917367914004694, 0.19865820791861266, 0.18929108023493169, 0.1995048437674605, 0.19340629137056606, 0.19604525302496031, 0.19771282483175767, 0.1909085923213858)",-0.16268659229281726
0.02091582072406913,0.030620397356119225,0.020738259355211862,"(0.00507235995776417, 0.0878070624015099, 0.02278288974265225, 0.02984373607590006, 0.04181832476236854, 0.015980436344960387, 0.008985381994800352, 0.07609165373366786, 0.011400075054922474, 0.05382157300414183, 0.021860125525582863, 0.03129199661300785, 0.02920420994545347, 0.020555023031037595, 0.02390984428459905, 0.028050605897019756, 0.02673716908159772, 0.02498942093734202, 0.03256417881840178, 0.01964187991565455)",-0.4679552158079833
0.026542898823432557,0.0178459196453922,0.008579091632159782,"(0.04537234114050801, 0.0038193481094001523, 0.016215110192986243, 0.01732736942122477, 0.012987110178432624, 0.021223873777887637, 0.012358916953432691, 0.022688601851409185, 0.018747146239438225, 0.013390513100127727, 0.01779740577017193, 0.015687507752849137, 0.02862974609806666, 0.008448656563039315, 0.019802971762116695, 0.01396178289898573, 0.018280666022169125, 0.014911874515224832, 0.024516071793330284, 0.010751378767042996)",1.013741262004786
0.022830820467925693,0.021480038657399,0.006331627224802829,"(0.015606512436044061, 0.014481678091087986, 0.018700375886699965, 0.026237733412129097, 0.01870260539426708, 0.025477620432407845, 0.025482996626402993, 0.018916988098976885, 0.02694727961540607, 0.015328322399609014, 0.027563979763501282, 0.01721944765007453, 0.011708152654750389, 0.03254197396176937, 0.024148674631284388, 0.019790616548593425, 0.015218647661335584, 0.03017214994480911, 0.014516124597786706, 0.030838893341044133)",0.21333880889817505
0.0005662643883123622,0.0008963683080334767,0.00036122467665837115,"(0.0006735257288584661, 0.0010103595330447233, 0.0004834961162892063, 0.0014225396395849425, 0.0005451821961771058, 0.0012614500140811157, 0.0013620663019941243, 0.0005042735425176129, 0.0008829309147468565, 0.0007778659667921408, 0.0014474889508500424, 0.0004741526665540485, 0.0011706250396784578, 0.0005849850776704954, 0.000701915723829024, 0.0009796702420538318, 0.0008087967539835844, 0.000848583856502384, 0.000446043230825309, 0.0015414146646360628)",-0.913846536662031
0.0006169155986897754,0.0006033728772139481,0.00013299858279147372,"(0.0007069708783874163, 0.0004912634735085116, 0.0006131264418509344, 0.0005681761455388901, 0.0003625615013548738, 0.0009607684634654808, 0.0008023677439685029, 0.0004340522536252477, 0.0007225989457164988, 0.0004818432721748957, 0.000580327192119459, 0.0006000186445155441, 0.0005733359599602924, 0.0006069078931424018, 0.0005624639857192363, 0.0006192946436628754, 0.0005002126137707531, 0.0006960851021015803, 0.0006455412987860121, 0.0005395410909095539)",0.10182605853071902
0.002914869326467454,0.003079357419079428,0.00039320739370183434,"(0.0035112943248485043, 0.002624716535715428, 0.003327445446915397, 0.0028140705858102607, 0.0027141327676720845, 0.003447809979715108, 0.0032128790986199174, 0.0029140887444516783, 0.0028773630546902232, 0.0032423167363507316, 0.0035010072165070497, 0.0026738093935363087, 0.0038249147508139588, 0.0024359517887491706, 0.0029232574616727108, 0.0032014633438145934, 0.0025730842722403928, 0.0036352595814632695, 0.0033046164837637134, 0.0028276668142380515)",-0.41832400724566204
0.001540707715473202,0.0015119214874755244,0.00030977449795989637,"(0.0014872597915419014, 0.0014664046633191177, 0.0013346309563063712, 0.001648895278965391, 0.0018156898648475338, 0.0012116292722246756, 0.0018758204540234105, 0.0011728293675257076, 0.0012166868272681373, 0.0018052218514660043, 0.0015478995711767003, 0.0014209593013921361, 0.0013811443257929403, 0.001588564918777647, 0.0020926985862524017, 0.0010512697441883202, 0.0020830613858040287, 0.0010555281285411565, 0.0016491001366371254, 0.0013331353234597781)",0.0929263970638549
0.002161259661130976,0.0020268445197572527,0.0004556407867993791,"(0.0019887823384312853, 0.0019502292031506514, 0.001997294404455679, 0.0019658606086930277, 0.0016589522230581722, 0.0023658683631300748, 0.002708191691288583, 0.0014487706582393626, 0.0018093579551682144, 0.0021647967622118163, 0.0017423683463540626, 0.002250691914192624, 0.0012963903660407926, 0.003015505159951735, 0.0015695685522100448, 0.0025005491242509484, 0.001492217662141804, 0.002627073898719443, 0.0022085316181286213, 0.001775889545328109)",0.2950024345228489
0.002275832607593248,0.0021981484493112827,0.00028623595221067183,"(0.002353751932212074, 0.002000906419893906, 0.0023715621999549786, 0.002009914603336229, 0.0026263922708689427, 0.0018143081916345196, 0.002357375891711667, 0.0020200453932984475, 0.002407988459008322, 0.001975191173686721, 0.0019188587824258028, 0.0024800626388097624, 0.0020665360800699827, 0.0022962315942951428, 0.0027980239954903635, 0.0017029144496268332, 0.0019346751536100206, 0.0024592134716648795, 0.0022821098202880823, 0.0020869064643389648)",0.27139902476258215
0.006509789312547495,0.007146961722391045,0.00149885502005494,"(0.009376158824468893, 0.00506676050143515, 0.006325425391380479, 0.0078078164058509765, 0.007492759826182922, 0.0065846155615555055, 0.01032394019513083, 0.00476842514731057, 0.006433553143179487, 0.007623176739377133, 0.005274960494262606, 0.009312434645262789, 0.007420417862274222, 0.006559299085770655, 0.006504035009471235, 0.0075840031412769005, 0.008691817459011712, 0.005647553710688176, 0.006207934632559625, 0.007934146671371009)",-0.4251060985339292
0.0106541582196039,0.014844857733540726,0.003707094183699787,"(0.008580750125180052, 0.02271381400255806, 0.012494617535043736, 0.016885289479370954, 0.015503712519825696, 0.013579386057393679, 0.014313491416637144, 0.01464343909688768, 0.0186693665586059, 0.011140468354891594, 0.011998453108048025, 0.017392253358888665, 0.01272293863831636, 0.016096367946831475, 0.011609722588145268, 0.018126353832739077, 0.017898158604194497, 0.011642113967362136, 0.010087698571572996, 0.020798758908321446)",-1.1304540176949018
0.009046395591610037,0.006225165118952416,0.0010355836297150781,"(0.004878724912876285, 0.0075414890287524, 0.0062629360290092665, 0.006066498447678252, 0.007306015921011601, 0.005196094063469132, 0.006452397845254536, 0.0058721252857296125, 0.0051577017304682785, 0.007324629356221602, 0.006053983362186546, 0.006247061589122925, 0.004570863653433418, 0.00821192322717679, 0.005141006064008311, 0.0073829130249849564, 0.005922121221079957, 0.00638264138012762, 0.0074285764378635094, 0.005103599798593303)",2.7242903341701448
0.0017792552385669299,0.0020088798015830585,0.0003007281342949818,"(0.0016173024384029634, 0.002422215765623457, 0.0017650491783013252, 0.002242790681134662, 0.002080932226211062, 0.0019018334662650276, 0.0022536595163120954, 0.0017549358473709874, 0.002384577033797116, 0.0016570418522370751, 0.0017871767283283023, 0.0022116622748156564, 0.002284440604859758, 0.0017260171247231691, 0.0024714415636980765, 0.0016012259158929756, 0.001963783969264326, 0.0020124131330649746, 0.0023697863853109277, 0.0016693103260472415)",-0.7635619578941414
0.0037897134799696397,0.003523611571831167,0.0005728263981772157,"(0.002335296325149832, 0.005151585874347758, 0.0038184825002932758, 0.003178790068014087, 0.003784317171217919, 0.003207149039451233, 0.0035327898511271173, 0.003432055228241292, 0.0030057098647286533, 0.0040333250373405325, 0.003001763025215885, 0.004036621370749674, 0.0031328957046929925, 0.0038604082266840384, 0.003431302704646125, 0.0035367827190671947, 0.003875260127911178, 0.003126721421042488, 0.003785801191862928, 0.003205173984839128)",0.4645419781372377
0.000111522633668061,9.973811378131263e-05,1.8913198005768235e-05,"(9.571625154955323e-05, 0.00010045704295683899, 9.57636904639466e-05, 0.0001004119858248703, 9.477428608718892e-05, 0.00010146037967253086, 0.00010580744155900602, 9.087962540870346e-05, 0.0001355781773131604, 7.092439715469494e-05, 9.10474164422424e-05, 0.00010561231567731815, 0.00012672145259607463, 7.587997607953173e-05, 8.798464964038323e-05, 0.0001092899271078474, 7.979082758800356e-05, 0.00012051173627213268, 0.0001348356634469703, 7.131503278525455e-05)",0.6230844663686315
0.019830395473651275,0.021427497614095105,0.002740898460173229,"(0.022726788870631134, 0.018210320242715693, 0.027567123724405253, 0.016342097082972285, 0.023421523439901372, 0.020230652513868054, 0.019942943949307613, 0.021773064735335437, 0.021456118718310824, 0.02277398180276995, 0.019857859501016276, 0.022806892807427627, 0.025353879119586278, 0.016666286760033566, 0.021911755498226285, 0.021932977975850112, 0.020564516448780913, 0.02205744181617644, 0.0240758041618112, 0.018877923112775752)",-0.5826929248385547
0.013092058227328795,0.01953041307599375,0.009368058043261704,"(0.03267239475097605, 0.00941400340014371, 0.01192877144379713, 0.02539148064995846, 0.011038010446252723, 0.028040703843153207, 0.010801689958483237, 0.02878714902048534, 0.018099710658658816, 0.01726141675670172, 0.026563596327373516, 0.011589600858310605, 0.044606466885808896, 0.006844879208629541, 0.024099715612960156, 0.0127153836483474, 0.018982876958102062, 0.01640871614980615, 0.017978434051809513, 0.0173832608901167)",-0.6872667546392885
0.00854994154745483,0.01441074246628831,0.006274102329057101,"(0.018827954247965486, 0.009166300667177246, 0.006254259556277594, 0.027049913757317218, 0.02773406489054798, 0.00627262805249681, 0.010443171390992564, 0.016756040680137734, 0.01964557958537938, 0.00896245529634785, 0.018334610619627933, 0.00942328784635501, 0.010945730821286404, 0.015618559271169577, 0.009180476991657643, 0.01870764239567859, 0.015393863409224709, 0.011393649332584613, 0.009432864437230458, 0.018671796076311368)",-0.934125809789632
0.008921774095405968,0.010591315276931152,0.004084484242754161,"(0.010277873823608565, 0.009410623147638762, 0.01543321825788043, 0.0061488933526855595, 0.011854181831714538, 0.008219641924864421, 0.0130128547137183, 0.00752785862502932, 0.007909952573913625, 0.012458555569845936, 0.016230637153659043, 0.005964523713536214, 0.0126440607743853, 0.007581458837027738, 0.017549281877970113, 0.005485476989754454, 0.005421017673782719, 0.018112820874086392, 0.007579528101403785, 0.01300384572211781)",-0.40875201917768084
0.0005382828383562454,0.0008525673443783871,0.000301089246691564,"(0.0007429132239484267, 0.0008694585508427035, 0.0010055529264034098, 0.0006414619765434017, 0.00042012361982611307, 0.0015374906948345758, 0.0011877453062549078, 0.0005438290660575262, 0.0007354472850377457, 0.0008787167260796593, 0.001170047903369849, 0.0005518962243977632, 0.0009231318201940172, 0.0006994876893766594, 0.0006599945878707764, 0.0009781578337656894, 0.000544816420980837, 0.001186044256462327, 0.0012637741329738518, 0.0005112566423474957)",-1.043825076702573
0.0005181473644998907,0.0005978573345989068,0.00011641289384056829,"(0.0005831307582889101, 0.0005916572756738592, 0.0006029744051979428, 0.0005720480701303011, 0.0006640972448440366, 0.0005195544345989478, 0.0005635004908965715, 0.0006123302439299766, 0.0008631907027103518, 0.0003997686856351426, 0.0004599507746935651, 0.0007501027896582669, 0.0004196093389870703, 0.0008221461749551927, 0.00061279127296332, 0.0005629803723471694, 0.0005253586669707566, 0.0006568160892030474, 0.0006004495844912499, 0.0005746893158024562)",-0.684717710120511
0.0034801040230850538,0.003079174479528773,0.0004829469588485519,"(0.004167627857318144, 0.0022226064916422675, 0.003150631593840194, 0.002937586642701268, 0.0028867749675030117, 0.003209840050701829, 0.003308953343455988, 0.0028009907200599233, 0.0026818064603530666, 0.003456908235118581, 0.0023267345841054337, 0.003981294455062329, 0.003147514258489189, 0.0029417891030594635, 0.003127272028638478, 0.0029613996277216507, 0.0025938987859008013, 0.0035734843560309717, 0.0032792014565755983, 0.002827174572297265)",0.830173037039475
0.001399842169325863,0.0014933896804624701,0.00028495665948397427,"(0.0013329000638933862, 0.0016170907361022853, 0.0013901672549907615, 0.0015496494829349992, 0.001520834032457988, 0.0014175455802541775, 0.0010220791372371465, 0.0021095827635586083, 0.001051196449453552, 0.0020514958254015904, 0.0014990974615254368, 0.0014378424560580105, 0.0013342850733821042, 0.0016150125050201003, 0.0013834175380955545, 0.0015578319260705663, 0.0014493903416093522, 0.0014877360778543637, 0.00112681792488167, 0.001913820978467743)",-0.32828680440742003
0.0017372188832370172,0.001984728632219881,0.00033251044041176354,"(0.00197347695838125, 0.0019432134073656513, 0.0019790732119180196, 0.0019361622742100598, 0.001563655874304675, 0.002453174410776052, 0.0015300234761044535, 0.002507567150847019, 0.0016702789685032703, 0.0022976056194003703, 0.0017888041335850325, 0.0021438523163760884, 0.002449958587958469, 0.0015647264017099062, 0.0015154874889978256, 0.0025299301320344377, 0.0018407533526969588, 0.0020845281639364087, 0.0018688234868333143, 0.002053477228458365)",-0.7443668495833111
0.0023558764165877186,0.002180997705758622,0.000368657350368044,"(0.0019360236176006929, 0.0023918918643921596, 0.0019788914633298072, 0.002337976438247673, 0.0023388061471365075, 0.0019804678877185975, 0.0021748531027172362, 0.002130124658429806, 0.002189256491892385, 0.002116747905943101, 0.002810009829884026, 0.0016479214210563926, 0.002301414857204426, 0.0020113827689627506, 0.001509470044781553, 0.003067033221241678, 0.002077628994215839, 0.002230157938981702, 0.002623751565858287, 0.0017661438955778152)",0.47436653753006314
0.008981334313811951,0.006974845669915245,0.0013766521083998005,"(0.006068750627620766, 0.007724155843234919, 0.009005063480787069, 0.00519089141543534, 0.006404747237099344, 0.007324603757674153, 0.009674438107530898, 0.004851568657016139, 0.00556903563175328, 0.00843604341136617, 0.007114691900919641, 0.006588162397670414, 0.007399627164631809, 0.0063275565487995586, 0.006462377136197648, 0.00724791762615714, 0.0064825150190906495, 0.007244075618950749, 0.009364420365723021, 0.005016271450646169)",1.457513217503453
0.009042551603318846,0.01309910161340623,0.002376082014692502,"(0.013281158455088427, 0.01251724493373349, 0.0124894002943668, 0.013239200892063837, 0.012645636627960066, 0.013165813940938229, 0.01176184056113501, 0.014168970551000063, 0.012282543372102222, 0.013592919837884269, 0.012999660877489966, 0.012786608828221595, 0.017598004910925367, 0.009425716903482373, 0.015634228710581042, 0.010617138284945591, 0.016837090471763266, 0.00990753086271351, 0.009545855075646344, 0.01748546787608316)",-1.7072432622290434
0.007426068191482381,0.005934240918885474,0.001126757015591468,"(0.005887361732414377, 0.005782297523001006, 0.006705885557300271, 0.005064317261563194, 0.007070367793043666, 0.0048178279386054, 0.00791375537069996, 0.004306143453573465, 0.005180679182830616, 0.006583207357619828, 0.005669204723107138, 0.006004317954797184, 0.005992602469038187, 0.005675225085734954, 0.008679794616354465, 0.003919330686501765, 0.005348122147852148, 0.0063747462400600445, 0.006276378053397882, 0.005433253230213928)",1.3240008732617503
0.0018254765134156216,0.002021578473567515,0.0005186507400371798,"(0.0020096428848472734, 0.0019082802337118906, 0.0026497072633379156, 0.0014461445243784136, 0.0014384690239959183, 0.0026665651900305877, 0.0025680044894691714, 0.0014938839328424384, 0.0016965525119722578, 0.002261851970158896, 0.002213557410206169, 0.0017324408235483276, 0.001407892289032344, 0.002723010532799097, 0.0013309858116991916, 0.002880625033371119, 0.002507226192277692, 0.001530326453950021, 0.0016735222669007161, 0.0022928806328208645)",-0.3781002223921165
0.003278060316294483,0.0034545185438474516,0.0006260527114887494,"(0.0025397903552488673, 0.004554308374859062, 0.002643506227745001, 0.004370808666400364, 0.003304620820923376, 0.003500393176289498, 0.003317049805270711, 0.0034873350429934728, 0.004224226805873422, 0.0027394685072588583, 0.0035815888169315837, 0.003228917889887118, 0.003269882194132609, 0.003536426477011545, 0.004242011014248841, 0.0027256460144847645, 0.002852947440397561, 0.004055801641419805, 0.004079236841377834, 0.0028364047641947364)",-0.2818584191311177
7.31442830157868e-05,0.00010065960103535026,2.3711809632157806e-05,"(0.00011345576821561383, 8.476817946391272e-05, 7.785719948479489e-05, 0.00012352390384405852, 0.00012365083025896412, 7.777852095874028e-05, 8.283264708479073e-05, 0.00011610567701391636, 0.00010031003907205219, 9.587688878922282e-05, 7.762463634008313e-05, 0.00012389562953361068, 0.00012356512987816312, 7.783291851299392e-05, 8.270383004441213e-05, 0.00011628637216664215, 0.0001580814992258792, 6.083832539199921e-05, 9.552471285226329e-05, 0.00010067931257489216)",-1.1604056563547713
0.18715166635317104,0.18293556745065429,0.004452411008415077,"(0.17595489951294685, 0.19027568265681066, 0.18151371675830977, 0.18238696728437329, 0.18087949735697434, 0.18571288745859452, 0.18269297044177307, 0.18301616796244186, 0.18501943948322686, 0.18221339347514492, 0.17831315977682563, 0.18725616421368474, 0.17201220329940128, 0.1921854932092408, 0.1843704814421872, 0.18156168921990734, 0.18220462293155554, 0.18513651790407676, 0.1835532065494424, 0.1824521880761675)",0.9469249120416582
0.021752123537887372,0.01990734315390337,0.011197294463889809,"(0.008098011248044268, 0.036969428093889006, 0.005718771150909632, 0.04821079912123878, 0.015057967812038808, 0.018996829753980572, 0.009773526010018987, 0.03133660725793718, 0.013320921160236638, 0.022684069108326443, 0.018473374271310895, 0.01620593670741147, 0.02306180821755029, 0.013096323107739128, 0.03758783535175592, 0.007449951308044372, 0.01193436586747455, 0.025018656735788302, 0.01768538464581714, 0.017466296148555056)",0.16475233280086005
0.008292810496162853,0.01362711966548508,0.005765413673095408,"(0.01213759785835989, 0.013055320289506315, 0.021522454544867172, 0.006474986561201049, 0.005999359078071245, 0.024606631728083837, 0.01480688120088298, 0.011095495867574287, 0.008265934225355038, 0.019477985749973822, 0.014535972595061543, 0.010895695497183201, 0.009362369294523895, 0.01716373834525208, 0.007415475940118016, 0.019246263763508336, 0.023370810389537477, 0.00675392523862379, 0.015850825987565504, 0.010504669154452148)",-0.9252257464568497
0.023179521662694574,0.009629465455635425,0.002390261879491101,"(0.007759422847466535, 0.011451323803964188, 0.008033874716726298, 0.009895391705750354, 0.0063241135986865, 0.013216603981540708, 0.006908650359497594, 0.01327902932865205, 0.007994396237142334, 0.011285772118064684, 0.0070549579095525025, 0.01258278069414066, 0.012006860794442306, 0.007492798115103575, 0.007468248457139177, 0.010862571953373814, 0.010810593031378244, 0.008193818661170384, 0.012603442681580068, 0.007364658117336529)",5.6688584306687035
0.0016048580572754845,0.0008353202426655245,0.0002898358649221687,"(0.0008880336072022387, 0.0006997291594238563, 0.0007582861731747339, 0.0008169269512118113, 0.0006662999991540532, 0.0009310989022620172, 0.0004762260409858776, 0.0013062037400513047, 0.0010409082733765756, 0.0005974895067282108, 0.0011528590780587535, 0.0005388960809396956, 0.0009350874821541616, 0.0006648178414386421, 0.0005286046190964369, 0.0011724224805094875, 0.0005169248681500171, 0.0012020479409675516, 0.0013539253457926412, 0.00045961676263242296)",2.6550814020777187
0.0005094126786605317,0.0006052633812577402,0.00014842149389316162,"(0.0008407133934285028, 0.0004113295158616404, 0.000678648172216734, 0.000509062354608291, 0.0005016034053186585, 0.0006890514624430966, 0.00046178613514535644, 0.0007490878751865848, 0.00045492762290776724, 0.0007603060407890336, 0.0007750261504755547, 0.0004461760685875648, 0.0006022884045852788, 0.000574232622808651, 0.0008427982716037679, 0.0004099778705179492, 0.0007761090896222555, 0.000445562562181425, 0.0005769155016842494, 0.0005996651051824436)",-0.6458006861607576
0.0027584001508341,0.0030933237629724684,0.0006241028960244527,"(0.003070563445442936, 0.003001338702936424, 0.0037167758122047083, 0.0024669940627103826, 0.0026852623166956, 0.0034224290130776087, 0.00210828891375345, 0.004377466936716367, 0.0028930376534676947, 0.00318753603955471, 0.0021629185212303863, 0.004260719629677683, 0.0024705471875853266, 0.003732330644996559, 0.0030280897851281234, 0.0030309082607841266, 0.002532936690087695, 0.0036378332682044166, 0.0029439827295630245, 0.0031365156456321396)",-0.5366480660029594
0.001466696485829748,0.001507898456802208,0.00037770577419294564,"(0.0014417309866287399, 0.0014941549655807427, 0.0007809679965456338, 0.0027502522493970095, 0.0016801775347967556, 0.0012800482311382374, 0.0017741455855020806, 0.0012152411764964498, 0.001571011536823784, 0.0013717952799519259, 0.001512949421617432, 0.001423769859115576, 0.0015103621020452558, 0.001426736084892111, 0.0011767755147228233, 0.0018261661978453796, 0.0015781671491350469, 0.0013648775921565096, 0.0012415515061016276, 0.0017370881655510383)",-0.10908483213024057
0.0018932396174017156,0.0019717509801076144,0.00029506743097859736,"(0.001743770052066252, 0.002184217889059763, 0.0016730743089412316, 0.002267619644100848, 0.001721251634493371, 0.00220809340888494, 0.002128037988849359, 0.00179193848851544, 0.0021727749478314623, 0.001754172350145472, 0.0026953054759473157, 0.0014129916513693113, 0.0022552427409820706, 0.0016896451456148633, 0.0019794374082988484, 0.0019179426267978525, 0.002208319713251258, 0.0017245947232135607, 0.001974145458445449, 0.0019324439453436179)",-0.2660793922443904
0.002163422818600019,0.002211095377928417,0.0005675618312470764,"(0.002573264192280049, 0.00179065329499895, 0.0018562538747783181, 0.0024728541984348302, 0.002327724576997543, 0.001975478264550501, 0.0020602370133888247, 0.002239259050702585, 0.0027872871914377743, 0.001654468862546109, 0.0019510646520797489, 0.0023614090606693676, 0.0012024594654980502, 0.0038338500658293227, 0.0019174490194577617, 0.0023954417962662976, 0.001607201782048632, 0.0028668007224380725, 0.002509860012917819, 0.0018388904612477775)",-0.08399535822141094
0.006587143231795441,0.006742440417990417,0.0008235075594892159,"(0.006731362334989783, 0.006669680262788412, 0.0070698752846313955, 0.00627514695280042, 0.007385984821867452, 0.006039823529461349, 0.006350928994092116, 0.007096045263942814, 0.005649698117316804, 0.007966642464993153, 0.008551910551222746, 0.005247752893918063, 0.0069443089039850445, 0.006474953257416076, 0.006653699350417326, 0.006680677469300453, 0.0057218116561351265, 0.0078449465789382, 0.006119987014668293, 0.007373572656923283)",-0.18858015862210212
0.012016159364986338,0.012933566975653683,0.0021075966650594725,"(0.014510336201915313, 0.01127420303921214, 0.014182906002756627, 0.011277521012616833, 0.015484875965674997, 0.010437705934974157, 0.01532530634012737, 0.010751432351054083, 0.013502407376538041, 0.012173535334612656, 0.009535465426381853, 0.017143433922425767, 0.010735868402749383, 0.015281633702662016, 0.0108177021748905, 0.014840500715827595, 0.013771608309136903, 0.011874590125739496, 0.012108600168562926, 0.013641707005214982)",-0.43528613699028484
0.004793351220591815,0.0058511916176591065,0.0009379514114522405,"(0.00763909773823354, 0.004379217718856467, 0.005192475819705542, 0.0063795065926390655, 0.005398369351180084, 0.006164338466460108, 0.007074248096954204, 0.0047438291472328715, 0.006390201829485068, 0.00524628883974549, 0.005007793620004337, 0.0066779373585847766, 0.00570712089489788, 0.005869092265210445, 0.004636247675546188, 0.0071563349730375606, 0.004864640260700334, 0.00687577210720328, 0.006220275761231376, 0.005401043836273513)",-1.1278200385981887
0.0018905063185924178,0.001981200784060948,0.00036673093182470253,"(0.0023710698492821628, 0.0016034887751320908, 0.0020829331258073033, 0.001819252776495783, 0.002447599974345555, 0.0015505934731754917, 0.0021544706480128863, 0.0017665737041734494, 0.0019505541104742777, 0.0019505859512791931, 0.0013497865488063755, 0.002816402296015083, 0.002004209788796906, 0.001897808084438425, 0.002162447337457144, 0.0017533046998889083, 0.0015780316013852941, 0.002409196251767818, 0.0023010563588942426, 0.0016546503255905644)",-0.24730519734801676
0.0030345309715784975,0.003443083676865188,0.0005199281004704549,"(0.003094198559118803, 0.0037505309354882274, 0.0037914417138082044, 0.0030524104609222663, 0.003584942260709137, 0.003232509495959632, 0.00344814188136793, 0.0033687328455912938, 0.0026175107148634926, 0.004436968649131194, 0.002801447251629993, 0.004141823283814357, 0.0030878807363165454, 0.0037596911744332013, 0.002938939872566665, 0.003939441906935401, 0.0032217040426308586, 0.003602016222678409, 0.0027211117727621763, 0.004270229756575964)",-0.7857869288407633
9.325009454571989e-05,9.930715015910745e-05,1.622881873868827e-05,"(0.00011624897878613923, 8.271709088473802e-05, 0.0001280899450413608, 7.506947744921831e-05, 8.38423914741085e-05, 0.00011468796211220803, 7.359984640656908e-05, 0.00013065005255295158, 9.861369652478319e-05, 9.750999831768209e-05, 0.00010550571923251653, 9.113976247689302e-05, 9.884060651615667e-05, 9.728592604198978e-05, 9.885751762843983e-05, 9.72678999619738e-05, 0.00011895243513807921, 8.083715335438079e-05, 9.273596391538749e-05, 0.00010369057936657324)",-0.37322837298983474
0.08329056039427882,0.08679884528977587,0.0024410526655219977,"(0.08620693499783388, 0.08722643511259252, 0.08876804075522356, 0.08455702499055068, 0.08882208453890908, 0.08515497218706547, 0.08570025079430844, 0.08762883383403779, 0.09154273123313869, 0.08250825775213394, 0.088319881127247, 0.08463142038361482, 0.09025549431821145, 0.08374433429557349, 0.08924092827714192, 0.08391271784635752, 0.0861662689972165, 0.08715581635635297, 0.08490280461143918, 0.08953167338656826)",-1.4372016405253738
0.02897108242252282,0.025033907565678522,0.009768311992804589,"(0.02271790855990034, 0.0260494118682475, 0.02529560212327741, 0.021889984442214905, 0.01834681667446459, 0.031011524320921403, 0.05585549664019952, 0.009434314275900945, 0.031852189431166196, 0.01626758191598132, 0.02403611966189157, 0.0235818387723643, 0.038084243720930784, 0.013408422335838503, 0.023637568981984818, 0.023896433769506613, 0.017059004834515494, 0.029788008866534335, 0.023892546206081104, 0.024573133911648785)",0.40305580531666585
0.026890702197925137,0.016738848486810114,0.005650987703180167,"(0.015251356094656986, 0.01804769686616749, 0.01151668948958274, 0.022006484364452246, 0.024244738985480418, 0.010809182401843129, 0.012660808938832658, 0.018822016429165447, 0.011296594171243325, 0.020670543356153297, 0.026874680163080235, 0.009706388295175093, 0.012157246539916062, 0.018869929070858993, 0.02521070336942379, 0.01030661633367092, 0.023608537767248694, 0.009648910799884086, 0.017492127697985513, 0.015575718601381166)",1.796474217312831
0.01032718123334269,0.016365188000094018,0.009346892153229223,"(0.013340310560505542, 0.01642684412787553, 0.014427627574312851, 0.014027690481315497, 0.014005471728415016, 0.014919004004413759, 0.018165605935794433, 0.010497979893275158, 0.03723232714480409, 0.005026416376997755, 0.012775630434194133, 0.016283737927215762, 0.006059873500457736, 0.030376214103967857, 0.019300028789659182, 0.010743949573378243, 0.004645924844396029, 0.039304379626767284, 0.016946617490008656, 0.012798125884125797)",-0.6459908457021492
0.0012527814615319046,0.0009060806463254318,0.0004236217664861664,"(0.0012274592721468378, 0.0005487677059835327, 0.0008055947014525386, 0.0008343922618404221, 0.0008906452737889415, 0.0007552765157075432, 0.0005470967797641082, 0.0012266002503811707, 0.0011328341766868144, 0.0005922107713147845, 0.0015772296198224818, 0.0004264395044602944, 0.0010991268073450172, 0.000610217682080605, 0.0004903795559438958, 0.0013717055453781623, 0.0020112025442072102, 0.0003332915991050802, 0.000824293672782311, 0.0008168486863168874)",0.8184206823985152
0.0007823175746742665,0.0006043572700598394,0.00013819925210724796,"(0.0008472223322621489, 0.00041057894528304464, 0.0005474867927889572, 0.0006349884379135656, 0.0005664216742791948, 0.0006138965542691494, 0.0004427385184088658, 0.0007848700687747587, 0.0005302097009502133, 0.0006553178221289744, 0.0008808969934718482, 0.0003947265432834296, 0.0005266472940110946, 0.000659687109354629, 0.0005121160273211717, 0.0006789750115087603, 0.0004711227672934054, 0.0007373497725866716, 0.0006815897620812704, 0.0005103032732256349)",1.2877081597831155
0.0063874285253544974,0.0030997528674459,0.00046804425181481854,"(0.002984206589042821, 0.0031603220424463647, 0.002562848372224877, 0.0036703231068587016, 0.0024199824124669705, 0.0038911111529548684, 0.0030612447661898957, 0.003066786507087166, 0.0037453094190484856, 0.0025050494749602067, 0.002360999874276669, 0.003987737301636865, 0.002932982142381442, 0.0031970720682049625, 0.0031876163378410025, 0.0029532736176372328, 0.0027798297732579075, 0.003372443550534233, 0.0028638416312250464, 0.003292077208642288)",7.024283804706065
0.0015413216776505795,0.0015235459575594719,0.0003943923309776422,"(0.001057103188584131, 0.0020630134002638948, 0.0015677061890096591, 0.0013889072881230408, 0.0011571305148061139, 0.0018828979458378108, 0.0020797280201204885, 0.0010457331143501282, 0.0010759296998420604, 0.002020631930854905, 0.0013281282627134719, 0.001640333080138611, 0.0018556517948207212, 0.0011712147080472474, 0.0013015884175846366, 0.0016736860045374862, 0.0014336615552646727, 0.0015156864371091712, 0.0022379012716743493, 0.000974286327506833)",0.045071160605593394
0.0017459939052724247,0.00205370440824285,0.0005903007262139886,"(0.002175704713651678, 0.0018053744002786286, 0.0016400645419284118, 0.0023896748889411018, 0.0022163697424602475, 0.0017698378589036346, 0.0015730153521858318, 0.0024873523655708526, 0.0017002756381003902, 0.0023001158448117042, 0.0024460846558680784, 0.0016034402769217523, 0.003831734936493541, 0.0010202170887262665, 0.0015274139133832198, 0.002567720741357542, 0.002220988633014283, 0.0017595378506481511, 0.002409521500110203, 0.0016296432215014865)",-0.5212775273782705
0.0026341022037133298,0.002210497710678533,0.0004091325134930617,"(0.0029600734831663634, 0.0016035486634838523, 0.0014399666142654699, 0.003288795762514515, 0.0025066419454735384, 0.001890926331187808, 0.002255838466678152, 0.00209567831817928, 0.002039183193731216, 0.002317341715114242, 0.0023362244247345375, 0.00202861466099599, 0.0022477704797765957, 0.0021014738843066747, 0.0021808491099416876, 0.0021731221705291112, 0.0019219157973668604, 0.0024567447779636465, 0.002320391683004208, 0.0020448527311569082)",1.0353723526350356
0.00655098912739272,0.007178169074053085,0.001765232155143032,"(0.007441891897630286, 0.00660501657443279, 0.006621769615752463, 0.007369505926442277, 0.005906201518263892, 0.0082850367989328, 0.009948355350862852, 0.004878294701256078, 0.007994439802115855, 0.0060624600859331456, 0.011959580543562935, 0.00408996660688462, 0.008968108013034071, 0.005397625407104796, 0.006835473940438823, 0.007155801863276867, 0.007883330530384347, 0.006132106513493964, 0.00669267004502895, 0.007335745746229902)",-0.35529601295391444
0.01130260944597567,0.013866056011369726,0.002221740838606146,"(0.012038251729172505, 0.015842723620528097, 0.01670615355290701, 0.011250389527496615, 0.0141252056428114, 0.013379900801310202, 0.010670227071878062, 0.017419642902531517, 0.01041655043172623, 0.017795569526575114, 0.014155851324950345, 0.013340575771032367, 0.012403908744588854, 0.01490731467416776, 0.01336504315576339, 0.014129326619181645, 0.01665096776212993, 0.011074937655143034, 0.014744479746038154, 0.012904099967462251)",-1.1538008938082474
0.00500007123131055,0.006117985636132456,0.00129619511093576,"(0.005234910551491838, 0.006899536413370001, 0.0059036170865320444, 0.006080744711223235, 0.008164673127421432, 0.004406935313365543, 0.008200426937456944, 0.00435727930368849, 0.006999371271546336, 0.005099297954363997, 0.004204247226912066, 0.008555510475444263, 0.00519873742465323, 0.00685849216414734, 0.006264219834834211, 0.005742052515633301, 0.006247387129156649, 0.005700589228456106, 0.004944935426499705, 0.007296748626452383)",-0.8624584334489984
0.0017367767681839455,0.002028705881352793,0.0005604323699839358,"(0.0016940000319629696, 0.002273176555720757, 0.0010593859928381573, 0.0036276533996510455, 0.0018659406431441364, 0.002061144651587886, 0.00238768889743564, 0.001607094608863165, 0.0014568180011152833, 0.002633038533318437, 0.0016996750330177347, 0.0022625293741197314, 0.0019272621593894668, 0.0019896551012165585, 0.002165222593283983, 0.0017760625340707045, 0.0021030408305730843, 0.0018226508807537643, 0.002774751760352017, 0.0013873260446413353)",-0.5208998066568054
0.004036103391554853,0.0035218479008971544,0.0006956547584930484,"(0.0026595859285605643, 0.004503447074246307, 0.002879606400550063, 0.004151773927454524, 0.0024365634559710228, 0.004909901992518295, 0.0030986607290584807, 0.003852734613840448, 0.002913621277245932, 0.004096364902956138, 0.0038321223534285498, 0.0031214918770564558, 0.0032256955663230408, 0.0036992017963866815, 0.0026297780499983984, 0.004548981158410533, 0.00354062859790484, 0.003368511327429623, 0.0038916525288949467, 0.003076634459708221)",0.7392395212988935
0.00013034624361697592,0.00010037522387169652,2.233537193070482e-05,"(0.00011714392253526064, 8.206446077722775e-05, 0.000139788631498235, 6.876997599960053e-05, 0.00010631457036155674, 9.042309896271221e-05, 8.20022835153378e-05, 0.00011723061887915832, 6.698426348061402e-05, 0.00014351380685432964, 0.00012772650297186703, 7.526457336331448e-05, 0.00012300516968890196, 7.815252340090963e-05, 9.808092040041922e-05, 9.801387880933101e-05, 0.00010670862627047482, 9.008764414521474e-05, 0.00010173630391633648, 9.449270160312823e-05)",1.341863472802874
0.1161965555018786,0.1182774002113701,0.003272257274445075,"(0.12111052255607156, 0.11690058125954561, 0.1192471311623453, 0.11809496843399801, 0.11537468037253536, 0.12218798610468387, 0.11499160741736232, 0.11999300504306065, 0.11677765397437204, 0.11795678994884236, 0.11435262745448493, 0.1219161021555151, 0.1206237391238465, 0.11557879903664002, 0.11913912105833764, 0.11824552726480615, 0.12419734378754087, 0.1101923269957435, 0.1213235177757198, 0.11734397330195051)",-0.6359049839210412
0.028307795546823375,0.017958531895201354,0.004385176384527618,"(0.03074807666194546, 0.008971065090325784, 0.018644912194219068, 0.017026172293855935, 0.019820595038326675, 0.015577148085445415, 0.024014552906133482, 0.01291037687919514, 0.018427024168682624, 0.017018432962669867, 0.017323364608464734, 0.01757197144049081, 0.016852527681483608, 0.018235802248879756, 0.018046338070357243, 0.0168108979728201, 0.018101321469857743, 0.017138879359138038, 0.013306868649853119, 0.022624310121882422)",2.360056413725504
0.018036754853580545,0.015770877079240908,0.004754238535408595,"(0.024128287025294876, 0.008297885399820105, 0.01856128577892688, 0.01293529429956468, 0.01635469602429658, 0.014180591167371004, 0.01753316828726401, 0.013309371974416047, 0.016876921644152703, 0.013971223609556311, 0.021799092729520686, 0.010358521855902032, 0.009011553059023717, 0.025587568899976605, 0.012342749734923407, 0.018205098769254177, 0.019803557779396012, 0.011841442363943461, 0.012549936937328457, 0.01776929424488644)",0.4766016171598971
0.007611086981723622,0.01616164676742368,0.0038775608341677947,"(0.008457505737711375, 0.024855692521796112, 0.01585314918982732, 0.016653276588326115, 0.013946059202734978, 0.018163533983589986, 0.01260891325976605, 0.020261685371616454, 0.014048928827036357, 0.018306908205959763, 0.011983291555413552, 0.020187955809073725, 0.016250866866043125, 0.015471977740111793, 0.01646034347605352, 0.014606037341836355, 0.02095313444816935, 0.012342177886968994, 0.019695421550033607, 0.012126075786404945)",-2.20513878476266
0.0008390127236333438,0.0009017519006436232,0.0003773602269806961,"(0.000941722991584991, 0.0007384304067304359, 0.000351448459210156, 0.0019840320728048287, 0.0010922703978662248, 0.0006382637135910879, 0.0007070528481142607, 0.0009861345191709693, 0.00046932110458431937, 0.0014846056593795238, 0.001187975389884642, 0.0005855957281711688, 0.0010920772570906707, 0.0006381744626637281, 0.0011760161309359346, 0.0005916557264694419, 0.0006924174387673071, 0.0010077694912786891, 0.0007976635511080277, 0.0008724106634660554)",-0.1662580540409968
0.0006554869865137728,0.0006019025520427218,0.00011522552359894268,"(0.0006715591529456948, 0.0005206911671646415, 0.0005515566721172953, 0.0006345938016146315, 0.0005767204745012781, 0.0006068317698176623, 0.0004290601779422484, 0.0008157046100786279, 0.00046079051396532677, 0.0007594482371238721, 0.0004355226675284285, 0.000803175701196074, 0.0005480235579927512, 0.0006385690290071033, 0.0006941958870240842, 0.0005038975614500379, 0.0005179867978786467, 0.0006757923890216438, 0.0006779573627204948, 0.0005159735097638932)",0.46503962661570153
0.0030045423659625045,0.0031490961366342635,0.0007012191533604496,"(0.003346743382385658, 0.0028142958241168595, 0.002083923295635272, 0.004550325753333321, 0.003527345026020022, 0.0026848580597682668, 0.0040656755495685525, 0.0023299051401945497, 0.002756253075071938, 0.003437999139591583, 0.0021678758179797188, 0.004363922264554853, 0.0023378091153521794, 0.00405011272107391, 0.0029942435431417748, 0.0031589608182849517, 0.002955545389649363, 0.0032057186420881316, 0.0030486051382620162, 0.003101805036612351)",-0.2061463523621889
0.0019430756771825427,0.0014961890067556787,0.0002515617399242982,"(0.0013349712671323025, 0.0016286564450734714, 0.0012774696026096638, 0.0017080142922708938, 0.0016691051675052063, 0.0013064374410744995, 0.0012646158128867052, 0.0017245413107348688, 0.002082039307843264, 0.001047515971884096, 0.0017143478050339648, 0.0012708843201980915, 0.0012376472949974546, 0.0017616614926874723, 0.0013676537650020783, 0.0015929020921663674, 0.0014906044850464856, 0.0014634535068096435, 0.0016994559192822997, 0.0012818028348747423)",1.7764492746843956
0.0014604815539376022,0.001988797005361303,0.0003382294130163891,"(0.0019139524192038461, 0.0020052848317624163, 0.0019872680734176022, 0.0019397403894011926, 0.0017009563016627987, 0.0022647110178561224, 0.0026895592658887075, 0.0014325255163338488, 0.0017044494637156974, 0.0022600767744890052, 0.0018059390568103122, 0.00212986131868764, 0.002158012690810682, 0.0017847215608531323, 0.001858783019723697, 0.002069162988654909, 0.0018035033492976344, 0.0021374426893461442, 0.0014183310677293403, 0.0027116583115813302)",-1.562003276746665
0.0019447215166268886,0.0021806991373294997,0.000334373407554719,"(0.001773515884086619, 0.0026153941808817545, 0.002922289520180581, 0.0015935708574420007, 0.002503365375115016, 0.0018592602612508915, 0.0020327407670515103, 0.002290096093591846, 0.0023898390126438616, 0.0019471761724753703, 0.002489681908087488, 0.0018661039670923572, 0.002158836882196595, 0.0021554977591892927, 0.002465022715009658, 0.0018847649311079025, 0.00246908028934978, 0.00188666476275034, 0.0021704984074621715, 0.0021405829996249577)",-0.7057308247935185
0.010204768746374826,0.006942549199734419,0.001462720556265861,"(0.005298430498441389, 0.008654128466280832, 0.0068416491750064035, 0.006785225877054076, 0.007683549207343315, 0.0060319201829456765, 0.007826828825564064, 0.00592452064253224, 0.007150124726974722, 0.006477434002549399, 0.004519638636963995, 0.010196097268448254, 0.009614257964785763, 0.004817199328955009, 0.006677630042991377, 0.006901076091889479, 0.008208060990955859, 0.005661492876600529, 0.006623408533160804, 0.006958310655245224)",2.230241130245983
0.015982307909260484,0.013421195977628145,0.002951888573008586,"(0.012577207522974308, 0.013462694720250721, 0.011698344692747253, 0.014834825432153016, 0.013085249496559715, 0.013219504426723632, 0.012758949503252836, 0.013571401026570128, 0.019037299676345976, 0.009073679232034454, 0.01528070475970753, 0.011191458845452763, 0.01606768096916971, 0.01075050073272142, 0.019876157708726583, 0.008604055514219349, 0.012521080669694623, 0.013888860668160297, 0.01027208180121453, 0.016652182153884035)",0.8676180920413384
0.005090425247323313,0.005877237615332296,0.0006246718863101178,"(0.005219839170318328, 0.006502146289487138, 0.006299295120516582, 0.005443365523515248, 0.005490688323135621, 0.0062368352985881295, 0.00573820334278615, 0.005970340769024036, 0.005507635148212248, 0.006213404378310173, 0.006280080295733572, 0.005425886534521539, 0.006832444462880984, 0.005008948906834631, 0.0048319686113853675, 0.007052267615284048, 0.005159518541246212, 0.006652458902559018, 0.005988283063807414, 0.005691142008499451)",-1.2595610355647906
0.0017981805417640758,0.001986864218145962,0.00034242733003454084,"(0.0025155308432183417, 0.0015220391257567728, 0.0019444823588858665, 0.0019756615959460083, 0.0024884907329597904, 0.0015431053455237074, 0.002484582713587776, 0.0015457477223257655, 0.002082994160848515, 0.0018430694187630944, 0.002453565273903691, 0.0015624869430621165, 0.0022862253391036486, 0.0016792797416091843, 0.0017088449025054004, 0.002243460876747198, 0.002033600148449971, 0.0018897259416122835, 0.0021568827879579963, 0.0017775083901521115)",-0.5510181572331083
0.0026348016859883134,0.0035925713057646373,0.0008376178132934713,"(0.0037770707853997947, 0.0032417803184485562, 0.003489512454424814, 0.0035171173851758597, 0.0031745409279481497, 0.0038654097877403163, 0.004307185293030581, 0.0028492473811120014, 0.0031839676932363197, 0.0038522005641042118, 0.0023884200336859633, 0.005128644019644461, 0.0023232879147684175, 0.005280353594887978, 0.004788218952374069, 0.0025585724268600103, 0.0029243912058458, 0.004199274881808842, 0.0034266061974803897, 0.0035756242973161954)",-1.1434446648292036
0.00010114896623003449,9.973370056437032e-05,1.8910869076971508e-05,"(0.00010873672976534979, 8.838967515398946e-05, 0.00012033585830443194, 7.987050961881132e-05, 8.831057880038297e-05, 0.00010883509175732, 8.198816426144154e-05, 0.00011722794231929503, 0.0001184089051445633, 8.11699902752622e-05, 0.00013246428508115863, 7.255672274499055e-05, 7.312433035525147e-05, 0.00013143727597699693, 8.515432737896684e-05, 0.00011286795176592972, 0.00010786277910008802, 8.910697043071265e-05, 0.00010700924747341516, 8.981667557904897e-05)",0.07483874273063348
0.024555436182523684,0.02454681999786866,0.002396728161470926,"(0.0251035665757989, 0.024771781834972584, 0.023506481640973943, 0.025303510465436954, 0.022584072626163056, 0.026785900494595363, 0.02331480269190106, 0.026508964619393196, 0.02259620916348745, 0.025992772939707767, 0.027932918636324466, 0.020366981391356256, 0.02232303133069058, 0.026290914092552055, 0.022496871673973184, 0.02608851826759038, 0.020412220925420957, 0.029188300621769348, 0.026236380315668342, 0.023132199649597365)",0.003594977850861255
